"","pl_names","pl_effects","pl_pval","sample","support_indices","support_category"
"POOLED_gossip2Xflat2ORgossip3Xflat2ORgossip2Xflat3ORgossip3Xflat3","(Info Hubs (All), Flats (All), No Reminder)",-0.0126777189406616,0.00237117665347692,0,"1 9 13 31 46 61 70",0
"POOLED_gossip2XSMS2ORgossip3XSMS2ORgossip2XSMS3ORgossip3XSMS3","(Info Hubs (All), No Incentives, SMS (All))",0.00401595794827882,7.80773396485558e-09,0,"1 9 13 31 46 61 70",0
"POOLED_Xslope2XSMS2ORXslope3XSMS2ORXslope2XSMS3ORXslope3XSMS3","(No Seeds, Slopes (All), SMS (All))",-0.00592741378619894,1.21059869947951e-09,0,"1 9 13 31 46 61 70",0
"POOLED_Xflat3XSMS2ORXflat3XSMS3","(No Seeds, High Flats, SMS (All))",-0.00679631781169158,1.13620917972125e-07,0,"1 9 13 31 46 61 70",0
"POOLED_random0Xslope2XSMS2ORrandom0Xslope3XSMS2ORrandom0Xslope2XSMS3ORrandom0Xslope3XSMS3","(Random Seeds, Slopes (All), SMS (All))",-0.00653561428904316,7.64466309032354e-12,0,"1 9 13 31 46 61 70",0
"POOLED_trusted0Xslope2XSMS2ORtrusted0Xslope3XSMS2ORtrusted0Xslope2XSMS3ORtrusted0Xslope3XSMS3","(Trusted Seeds, Slopes (All), SMS (All))",-0.00572361136738047,6.33772037360889e-10,0,"1 9 13 31 46 61 70",0
"POOLED_gossip2Xslope2XSMS2ORgossip3Xslope2XSMS2ORgossip2Xslope3XSMS2ORgossip3Xslope3XSMS2ORgossip2Xslope2XSMS3ORgossip3Xslope2XSMS3ORgossip2Xslope3XSMS3ORgossip3Xslope3XSMS3","(Info Hubs (All), Slopes (All), SMS (All))",-0.0046451197048043,3.53593185876207e-08,0,"1 9 13 31 46 61 70",0
"POOLED_gossip2Xflat2ORgossip3Xflat2ORgossip2Xflat3ORgossip3Xflat31","(Info Hubs (All), Flats (All), No Reminder)",-0.0114261507841169,0.00292321185801597,1,"1 9 13 31 46 61 70",1
"POOLED_gossip2XSMS2ORgossip3XSMS2ORgossip2XSMS3ORgossip3XSMS31","(Info Hubs (All), No Incentives, SMS (All))",0.00447686226864782,9.27744085696804e-10,1,"1 9 13 31 46 61 70",1
"POOLED_Xslope2XSMS2ORXslope3XSMS2ORXslope2XSMS3ORXslope3XSMS31","(No Seeds, Slopes (All), SMS (All))",-0.00578411996049313,2.04014816010328e-07,1,"1 9 13 31 46 61 70",1
"POOLED_Xflat3XSMS2ORXflat3XSMS31","(No Seeds, High Flats, SMS (All))",-0.0061870733945228,8.3258817425749e-05,1,"1 9 13 31 46 61 70",1
"POOLED_random0Xslope2XSMS2ORrandom0Xslope3XSMS2ORrandom0Xslope2XSMS3ORrandom0Xslope3XSMS31","(Random Seeds, Slopes (All), SMS (All))",-0.007557291197288,1.36145104704096e-08,1,"1 9 13 31 46 61 70",1
"POOLED_trusted0Xslope2XSMS2ORtrusted0Xslope3XSMS2ORtrusted0Xslope2XSMS3ORtrusted0Xslope3XSMS31","(Trusted Seeds, Slopes (All), SMS (All))",-0.00556750352706549,1.80644627263737e-07,1,"1 9 13 31 46 61 70",1
"POOLED_gossip2Xslope2XSMS2ORgossip3Xslope2XSMS2ORgossip2Xslope3XSMS2ORgossip3Xslope3XSMS2ORgossip2Xslope2XSMS3ORgossip3Xslope2XSMS3ORgossip2Xslope3XSMS3ORgossip3Xslope3XSMS31","(Info Hubs (All), Slopes (All), SMS (All))",-0.0049576489827263,0.00046570198156264,1,"1 9 13 31 46 61 70",1
"POOLED_gossip2Xflat2ORgossip3Xflat2ORgossip2Xflat3ORgossip3Xflat32","(Info Hubs (All), Flats (All), No Reminder)",-0.011533198921981,0.00949184411092172,2,"1 9 13 31 46 61 70",1
"POOLED_gossip2XSMS2ORgossip3XSMS2ORgossip2XSMS3ORgossip3XSMS32","(Info Hubs (All), No Incentives, SMS (All))",0.00434634749258653,2.15125971571286e-07,2,"1 9 13 31 46 61 70",1
"POOLED_Xslope2XSMS2ORXslope3XSMS2ORXslope2XSMS3ORXslope3XSMS32","(No Seeds, Slopes (All), SMS (All))",-0.00528735466433659,2.58692769591692e-07,2,"1 9 13 31 46 61 70",1
"POOLED_Xflat3XSMS2ORXflat3XSMS32","(No Seeds, High Flats, SMS (All))",-0.0053942658247713,7.38849673795391e-06,2,"1 9 13 31 46 61 70",1
"POOLED_random0Xslope2XSMS2ORrandom0Xslope3XSMS2ORrandom0Xslope2XSMS3ORrandom0Xslope3XSMS32","(Random Seeds, Slopes (All), SMS (All))",-0.00596889955438657,5.91766858850303e-08,2,"1 9 13 31 46 61 70",1
"POOLED_trusted0Xslope2XSMS2ORtrusted0Xslope3XSMS2ORtrusted0Xslope2XSMS3ORtrusted0Xslope3XSMS32","(Trusted Seeds, Slopes (All), SMS (All))",-0.00559799806223951,3.63971509548738e-07,2,"1 9 13 31 46 61 70",1
"POOLED_gossip2Xslope2XSMS2ORgossip3Xslope2XSMS2ORgossip2Xslope3XSMS2ORgossip3Xslope3XSMS2ORgossip2Xslope2XSMS3ORgossip3Xslope2XSMS3ORgossip2Xslope3XSMS3ORgossip3Xslope3XSMS32","(Info Hubs (All), Slopes (All), SMS (All))",-0.00403302597997081,0.000256280434241014,2,"1 9 13 31 46 61 70",1
"POOLED_gossip2Xflat2ORgossip3Xflat2ORgossip2Xflat3ORgossip3Xflat33","(Info Hubs (All), Flats (All), No Reminder)",-0.0106497565815451,0.00950841255173372,3,"1 9 13 31 46 61 70",1
"POOLED_gossip2XSMS2ORgossip3XSMS2ORgossip2XSMS3ORgossip3XSMS33","(Info Hubs (All), No Incentives, SMS (All))",0.00323028671418792,0.000101734680359735,3,"1 9 13 31 46 61 70",1
"POOLED_Xslope2XSMS2ORXslope3XSMS2ORXslope2XSMS3ORXslope3XSMS33","(No Seeds, Slopes (All), SMS (All))",-0.00537550357628499,2.81918909459618e-11,3,"1 9 13 31 46 61 70",1
"POOLED_Xflat3XSMS2ORXflat3XSMS33","(No Seeds, High Flats, SMS (All))",-0.00627715283067658,9.04619076495673e-08,3,"1 9 13 31 46 61 70",1
"POOLED_random0Xslope2XSMS2ORrandom0Xslope3XSMS2ORrandom0Xslope2XSMS3ORrandom0Xslope3XSMS33","(Random Seeds, Slopes (All), SMS (All))",-0.0068603530034527,1.24454911194503e-08,3,"1 9 13 31 46 61 70",1
"POOLED_trusted0Xslope2XSMS2ORtrusted0Xslope3XSMS2ORtrusted0Xslope2XSMS3ORtrusted0Xslope3XSMS33","(Trusted Seeds, Slopes (All), SMS (All))",-0.00621325918581293,1.83677413617445e-06,3,"1 9 13 31 46 61 70",1
"POOLED_gossip2Xslope2XSMS2ORgossip3Xslope2XSMS2ORgossip2Xslope3XSMS2ORgossip3Xslope3XSMS2ORgossip2Xslope2XSMS3ORgossip3Xslope2XSMS3ORgossip2Xslope3XSMS3ORgossip3Xslope3XSMS33","(Info Hubs (All), Slopes (All), SMS (All))",-0.00384201143560886,3.80441761072093e-06,3,"1 9 13 31 46 61 70",1
"POOLED_gossip2Xflat2ORgossip3Xflat2ORgossip2Xflat3ORgossip3Xflat34","(Info Hubs (All), Flats (All), No Reminder)",-0.0125661060171472,0.0136649337152739,4,"1 9 13 31 46 61 70",1
"POOLED_gossip2XSMS2ORgossip3XSMS2ORgossip2XSMS3ORgossip3XSMS34","(Info Hubs (All), No Incentives, SMS (All))",0.00375243817471696,1.27147163997135e-06,4,"1 9 13 31 46 61 70",1
"POOLED_Xslope2XSMS2ORXslope3XSMS2ORXslope2XSMS3ORXslope3XSMS34","(No Seeds, Slopes (All), SMS (All))",-0.00607168624499922,2.17193529352689e-07,4,"1 9 13 31 46 61 70",1
"POOLED_Xflat3XSMS2ORXflat3XSMS34","(No Seeds, High Flats, SMS (All))",-0.0067624608097166,2.11771027023944e-06,4,"1 9 13 31 46 61 70",1
"POOLED_random0Xslope2XSMS2ORrandom0Xslope3XSMS2ORrandom0Xslope2XSMS3ORrandom0Xslope3XSMS34","(Random Seeds, Slopes (All), SMS (All))",-0.0062044455504164,1.05894636693326e-09,4,"1 9 13 31 46 61 70",1
"POOLED_trusted0Xslope2XSMS2ORtrusted0Xslope3XSMS2ORtrusted0Xslope2XSMS3ORtrusted0Xslope3XSMS34","(Trusted Seeds, Slopes (All), SMS (All))",-0.00516641674392767,9.64640712535072e-09,4,"1 9 13 31 46 61 70",1
"POOLED_gossip2Xslope2XSMS2ORgossip3Xslope2XSMS2ORgossip2Xslope3XSMS2ORgossip3Xslope3XSMS2ORgossip2Xslope2XSMS3ORgossip3Xslope2XSMS3ORgossip2Xslope3XSMS3ORgossip3Xslope3XSMS34","(Info Hubs (All), Slopes (All), SMS (All))",-0.00436612657822951,0.000637138025773646,4,"1 9 13 31 46 61 70",1
"POOLED_gossip2Xflat2ORgossip3Xflat2ORgossip2Xflat3ORgossip3Xflat35","(Info Hubs (All), Flats (All), No Reminder)",-0.012666772273002,0.000354523462771146,5,"1 9 13 31 46 61 70",1
"POOLED_gossip2XSMS2ORgossip3XSMS2ORgossip2XSMS3ORgossip3XSMS35","(Info Hubs (All), No Incentives, SMS (All))",0.00347823401591073,2.59372932068315e-05,5,"1 9 13 31 46 61 70",1
"POOLED_Xslope2XSMS2ORXslope3XSMS2ORXslope2XSMS3ORXslope3XSMS35","(No Seeds, Slopes (All), SMS (All))",-0.00589957299903564,8.2726894853801e-07,5,"1 9 13 31 46 61 70",1
"POOLED_Xflat3XSMS2ORXflat3XSMS35","(No Seeds, High Flats, SMS (All))",-0.00818323179191233,4.69341106783321e-07,5,"1 9 13 31 46 61 70",1
"POOLED_random0Xslope2XSMS2ORrandom0Xslope3XSMS2ORrandom0Xslope2XSMS3ORrandom0Xslope3XSMS35","(Random Seeds, Slopes (All), SMS (All))",-0.00751093435049319,2.64209334870349e-12,5,"1 9 13 31 46 61 70",1
"POOLED_trusted0Xslope2XSMS2ORtrusted0Xslope3XSMS2ORtrusted0Xslope2XSMS3ORtrusted0Xslope3XSMS35","(Trusted Seeds, Slopes (All), SMS (All))",-0.00612547056894166,7.99419359875435e-07,5,"1 9 13 31 46 61 70",1
"POOLED_gossip2Xslope2XSMS2ORgossip3Xslope2XSMS2ORgossip2Xslope3XSMS2ORgossip3Xslope3XSMS2ORgossip2Xslope2XSMS3ORgossip3Xslope2XSMS3ORgossip2Xslope3XSMS3ORgossip3Xslope3XSMS35","(Info Hubs (All), Slopes (All), SMS (All))",-0.00369472077583109,2.22175447204505e-07,5,"1 9 13 31 46 61 70",1
"POOLED_gossip2Xflat2ORgossip3Xflat2ORgossip2Xflat3ORgossip3Xflat36","(Info Hubs (All), Flats (All), No Reminder)",-0.0121159062196223,0.00787704737351192,6,"1 9 13 31 46 61 70",1
"POOLED_gossip2XSMS2ORgossip3XSMS2ORgossip2XSMS3ORgossip3XSMS36","(Info Hubs (All), No Incentives, SMS (All))",0.00383252941157855,7.27323685566362e-07,6,"1 9 13 31 46 61 70",1
"POOLED_Xslope2XSMS2ORXslope3XSMS2ORXslope2XSMS3ORXslope3XSMS36","(No Seeds, Slopes (All), SMS (All))",-0.00672472434514156,1.47798688992278e-06,6,"1 9 13 31 46 61 70",1
"POOLED_Xflat3XSMS2ORXflat3XSMS36","(No Seeds, High Flats, SMS (All))",-0.0069490186526346,3.19704746974572e-06,6,"1 9 13 31 46 61 70",1
"POOLED_random0Xslope2XSMS2ORrandom0Xslope3XSMS2ORrandom0Xslope2XSMS3ORrandom0Xslope3XSMS36","(Random Seeds, Slopes (All), SMS (All))",-0.00728572336085602,2.06875310631685e-11,6,"1 9 13 31 46 61 70",1
"POOLED_trusted0Xslope2XSMS2ORtrusted0Xslope3XSMS2ORtrusted0Xslope2XSMS3ORtrusted0Xslope3XSMS36","(Trusted Seeds, Slopes (All), SMS (All))",-0.00596935768988056,1.35054786536564e-09,6,"1 9 13 31 46 61 70",1
"POOLED_gossip2Xslope2XSMS2ORgossip3Xslope2XSMS2ORgossip2Xslope3XSMS2ORgossip3Xslope3XSMS2ORgossip2Xslope2XSMS3ORgossip3Xslope2XSMS3ORgossip2Xslope3XSMS3ORgossip3Xslope3XSMS36","(Info Hubs (All), Slopes (All), SMS (All))",-0.00491460878743532,8.02926002376068e-05,6,"1 9 13 31 46 61 70",1
"POOLED_gossip2Xflat2ORgossip3Xflat2ORgossip2Xflat3ORgossip3Xflat37","(Info Hubs (All), Flats (All), No Reminder)",-0.0112588118414567,0.00057393449327286,7,"1 9 13 31 46 61 70",1
"POOLED_gossip2XSMS2ORgossip3XSMS2ORgossip2XSMS3ORgossip3XSMS37","(Info Hubs (All), No Incentives, SMS (All))",0.00413421818628268,1.87647911097159e-07,7,"1 9 13 31 46 61 70",1
"POOLED_Xslope2XSMS2ORXslope3XSMS2ORXslope2XSMS3ORXslope3XSMS37","(No Seeds, Slopes (All), SMS (All))",-0.00574468137008531,1.92273413669794e-06,7,"1 9 13 31 46 61 70",1
"POOLED_Xflat3XSMS2ORXflat3XSMS37","(No Seeds, High Flats, SMS (All))",-0.00684844309848449,6.10853352507793e-06,7,"1 9 13 31 46 61 70",1
"POOLED_random0Xslope2XSMS2ORrandom0Xslope3XSMS2ORrandom0Xslope2XSMS3ORrandom0Xslope3XSMS37","(Random Seeds, Slopes (All), SMS (All))",-0.00670151127679866,9.89762908066599e-10,7,"1 9 13 31 46 61 70",1
"POOLED_trusted0Xslope2XSMS2ORtrusted0Xslope3XSMS2ORtrusted0Xslope2XSMS3ORtrusted0Xslope3XSMS37","(Trusted Seeds, Slopes (All), SMS (All))",-0.00616694375613337,1.09700281451909e-08,7,"1 9 13 31 46 61 70",1
"POOLED_gossip2Xslope2XSMS2ORgossip3Xslope2XSMS2ORgossip2Xslope3XSMS2ORgossip3Xslope3XSMS2ORgossip2Xslope2XSMS3ORgossip3Xslope2XSMS3ORgossip2Xslope3XSMS3ORgossip3Xslope3XSMS37","(Info Hubs (All), Slopes (All), SMS (All))",-0.00408130552999779,1.30465690448785e-07,7,"1 9 13 31 46 61 70",1
"POOLED_Xslope2ORXslope3","(No Seeds, Slope (All), No Reminder)",-0.00597644768963687,2.53694535261403e-09,8,"1 3 9 10 31 46 61 63 67",2
"POOLED_gossip2Xslope2ORgossip3Xslope2ORgossip2Xslope3ORgossip3Xslope3","(Info Hubs (All), Slopes (All), No Reminder)",-0.00702777047877033,2.70081855413747e-05,8,"1 3 9 10 31 46 61 63 67",2
"POOLED_gossip2Xflat2ORgossip3Xflat2ORgossip2Xflat3ORgossip3Xflat38","(Info Hubs (All), Flats (All), No Reminder)",-0.0151704824767615,0.00502240818847431,8,"1 3 9 10 31 46 61 63 67",2
"POOLED_Xslope2XSMS2ORXslope3XSMS2ORXslope2XSMS3ORXslope3XSMS38","(No Seeds, Slopes (All), SMS (All))",-0.00765069063950549,1.38809305038381e-14,8,"1 3 9 10 31 46 61 63 67",2
"POOLED_Xflat2XSMS2ORXflat3XSMS2ORXflat2XSMS3ORXflat3XSMS3","(No Seeds, Flats (All), SMS (All))",-0.0059132226565173,2.09169874338866e-09,8,"1 3 9 10 31 46 61 63 67",2
"POOLED_random0Xslope2XSMS2ORrandom0Xslope3XSMS2ORrandom0Xslope2XSMS3ORrandom0Xslope3XSMS38","(Random Seeds, Slopes (All), SMS (All))",-0.00695305147932031,4.80518194783216e-16,8,"1 3 9 10 31 46 61 63 67",2
"POOLED_trusted0Xslope2XSMS2ORtrusted0Xslope3XSMS2ORtrusted0Xslope2XSMS3ORtrusted0Xslope3XSMS38","(Trusted Seeds, Slopes (All), SMS (All))",-0.00714846297466183,5.45700071947712e-14,8,"1 3 9 10 31 46 61 63 67",2
"POOLED_gossip2Xslope2XSMS2ORgossip3Xslope2XSMS2ORgossip2Xslope3XSMS2ORgossip3Xslope3XSMS2ORgossip2Xslope2XSMS3ORgossip3Xslope2XSMS3ORgossip2Xslope3XSMS3ORgossip3Xslope3XSMS38","(Info Hubs (All), Slopes (All), SMS (All))",-0.00551555972595807,8.10461700043791e-11,8,"1 3 9 10 31 46 61 63 67",2
"POOLED_gossip2Xflat3XSMS2ORgossip3Xflat3XSMS2ORgossip2Xflat3XSMS3ORgossip3Xflat3XSMS3","(Info Hubs (All), High Flats, SMS (All))",-0.0083396141655359,4.19164319728746e-14,8,"1 3 9 10 31 46 61 63 67",2
"POOLED_gossip2Xflat2ORgossip3Xflat2ORgossip2Xflat3ORgossip3Xflat39","(Info Hubs (All), Flats (All), No Reminder)",-0.0120589494003521,0.00579294568265641,9,"1 9 13 31 46 61 70",1
"POOLED_gossip2XSMS2ORgossip3XSMS2ORgossip2XSMS3ORgossip3XSMS38","(Info Hubs (All), No Incentives, SMS (All))",0.00388944772721558,4.61593613377088e-06,9,"1 9 13 31 46 61 70",1
"POOLED_Xslope2XSMS2ORXslope3XSMS2ORXslope2XSMS3ORXslope3XSMS39","(No Seeds, Slopes (All), SMS (All))",-0.00606802767061699,1.99225681502527e-09,9,"1 9 13 31 46 61 70",1
"POOLED_Xflat3XSMS2ORXflat3XSMS38","(No Seeds, High Flats, SMS (All))",-0.00698066324429205,7.65522446372393e-08,9,"1 9 13 31 46 61 70",1
"POOLED_random0Xslope2XSMS2ORrandom0Xslope3XSMS2ORrandom0Xslope2XSMS3ORrandom0Xslope3XSMS39","(Random Seeds, Slopes (All), SMS (All))",-0.00633696407218978,1.29329473507586e-08,9,"1 9 13 31 46 61 70",1
"POOLED_trusted0Xslope2XSMS2ORtrusted0Xslope3XSMS2ORtrusted0Xslope2XSMS3ORtrusted0Xslope3XSMS39","(Trusted Seeds, Slopes (All), SMS (All))",-0.00552538872057748,1.50530974120808e-05,9,"1 9 13 31 46 61 70",1
"POOLED_gossip2Xslope2XSMS2ORgossip3Xslope2XSMS2ORgossip2Xslope3XSMS2ORgossip3Xslope3XSMS2ORgossip2Xslope2XSMS3ORgossip3Xslope2XSMS3ORgossip2Xslope3XSMS3ORgossip3Xslope3XSMS39","(Info Hubs (All), Slopes (All), SMS (All))",-0.00510143861296789,4.10825205766154e-09,9,"1 9 13 31 46 61 70",1
"POOLED_gossip2Xflat2ORgossip3Xflat2ORgossip2Xflat3ORgossip3Xflat310","(Info Hubs (All), Flats (All), No Reminder)",-0.0115338168375548,0.0119309232563613,10,"1 9 13 31 46 61 70",1
"POOLED_gossip2XSMS2ORgossip3XSMS2ORgossip2XSMS3ORgossip3XSMS39","(Info Hubs (All), No Incentives, SMS (All))",0.00433937170733884,1.18131268692707e-09,10,"1 9 13 31 46 61 70",1
"POOLED_Xslope2XSMS2ORXslope3XSMS2ORXslope2XSMS3ORXslope3XSMS310","(No Seeds, Slopes (All), SMS (All))",-0.00629221524382876,7.66124142020298e-08,10,"1 9 13 31 46 61 70",1
"POOLED_Xflat3XSMS2ORXflat3XSMS39","(No Seeds, High Flats, SMS (All))",-0.00620738934733357,1.62512166193876e-05,10,"1 9 13 31 46 61 70",1
"POOLED_random0Xslope2XSMS2ORrandom0Xslope3XSMS2ORrandom0Xslope2XSMS3ORrandom0Xslope3XSMS310","(Random Seeds, Slopes (All), SMS (All))",-0.00702677015202946,1.40746065429692e-10,10,"1 9 13 31 46 61 70",1
"POOLED_trusted0Xslope2XSMS2ORtrusted0Xslope3XSMS2ORtrusted0Xslope2XSMS3ORtrusted0Xslope3XSMS310","(Trusted Seeds, Slopes (All), SMS (All))",-0.00564529843971842,6.22454264825077e-07,10,"1 9 13 31 46 61 70",1
"POOLED_gossip2Xslope2XSMS2ORgossip3Xslope2XSMS2ORgossip2Xslope3XSMS2ORgossip3Xslope3XSMS2ORgossip2Xslope2XSMS3ORgossip3Xslope2XSMS3ORgossip2Xslope3XSMS3ORgossip3Xslope3XSMS310","(Info Hubs (All), Slopes (All), SMS (All))",-0.00517498360721775,5.08463746674781e-05,10,"1 9 13 31 46 61 70",1
"POOLED_gossip2Xflat2ORgossip3Xflat2ORgossip2Xflat3ORgossip3Xflat311","(Info Hubs (All), Flats (All), No Reminder)",-0.0128789579574997,0.00395954426849204,11,"1 9 13 31 46 61 70",1
"POOLED_gossip2XSMS2ORgossip3XSMS2ORgossip2XSMS3ORgossip3XSMS310","(Info Hubs (All), No Incentives, SMS (All))",0.00472428917002376,2.5283032128518e-11,11,"1 9 13 31 46 61 70",1
"POOLED_Xslope2XSMS2ORXslope3XSMS2ORXslope2XSMS3ORXslope3XSMS311","(No Seeds, Slopes (All), SMS (All))",-0.00558991025119403,9.16114014277719e-12,11,"1 9 13 31 46 61 70",1
"POOLED_Xflat3XSMS2ORXflat3XSMS310","(No Seeds, High Flats, SMS (All))",-0.0064080279960352,1.60892294969624e-06,11,"1 9 13 31 46 61 70",1
"POOLED_random0Xslope2XSMS2ORrandom0Xslope3XSMS2ORrandom0Xslope2XSMS3ORrandom0Xslope3XSMS311","(Random Seeds, Slopes (All), SMS (All))",-0.00544247420224791,8.96846428093975e-10,11,"1 9 13 31 46 61 70",1
"POOLED_trusted0Xslope2XSMS2ORtrusted0Xslope3XSMS2ORtrusted0Xslope2XSMS3ORtrusted0Xslope3XSMS311","(Trusted Seeds, Slopes (All), SMS (All))",-0.00559525561212554,7.19507558097973e-06,11,"1 9 13 31 46 61 70",1
"POOLED_gossip2Xslope2XSMS2ORgossip3Xslope2XSMS2ORgossip2Xslope3XSMS2ORgossip3Xslope3XSMS2ORgossip2Xslope2XSMS3ORgossip3Xslope2XSMS3ORgossip2Xslope3XSMS3ORgossip3Xslope3XSMS311","(Info Hubs (All), Slopes (All), SMS (All))",-0.00425990947550199,7.73382526179465e-06,11,"1 9 13 31 46 61 70",1
"POOLED_gossip2Xflat2ORgossip3Xflat2ORgossip2Xflat3ORgossip3Xflat312","(Info Hubs (All), Flats (All), No Reminder)",-0.0137240901951253,0.00098738419278406,12,"1 9 13 31 46 61 70",1
"POOLED_gossip2XSMS2ORgossip3XSMS2ORgossip2XSMS3ORgossip3XSMS311","(Info Hubs (All), No Incentives, SMS (All))",0.00410097164276105,7.37906673846602e-07,12,"1 9 13 31 46 61 70",1
"POOLED_Xslope2XSMS2ORXslope3XSMS2ORXslope2XSMS3ORXslope3XSMS312","(No Seeds, Slopes (All), SMS (All))",-0.00529432066393793,1.0875444352247e-10,12,"1 9 13 31 46 61 70",1
"POOLED_Xflat3XSMS2ORXflat3XSMS311","(No Seeds, High Flats, SMS (All))",-0.00585949310217895,7.77398807664121e-06,12,"1 9 13 31 46 61 70",1
"POOLED_random0Xslope2XSMS2ORrandom0Xslope3XSMS2ORrandom0Xslope2XSMS3ORrandom0Xslope3XSMS312","(Random Seeds, Slopes (All), SMS (All))",-0.00594951450072253,1.48318670374611e-08,12,"1 9 13 31 46 61 70",1
"POOLED_trusted0Xslope2XSMS2ORtrusted0Xslope3XSMS2ORtrusted0Xslope2XSMS3ORtrusted0Xslope3XSMS312","(Trusted Seeds, Slopes (All), SMS (All))",-0.00573255871395027,3.7086972423099e-07,12,"1 9 13 31 46 61 70",1
"POOLED_gossip2Xslope2XSMS2ORgossip3Xslope2XSMS2ORgossip2Xslope3XSMS2ORgossip3Xslope3XSMS2ORgossip2Xslope2XSMS3ORgossip3Xslope2XSMS3ORgossip2Xslope3XSMS3ORgossip3Xslope3XSMS312","(Info Hubs (All), Slopes (All), SMS (All))",-0.00453473081654446,9.1920590429487e-05,12,"1 9 13 31 46 61 70",1
"POOLED_gossip2Xflat2ORgossip3Xflat2ORgossip2Xflat3ORgossip3Xflat313","(Info Hubs (All), Flats (All), No Reminder)",-0.0120051595652845,0.00553639041331239,13,"1 9 13 31 46 61 70",1
"POOLED_gossip2XSMS2ORgossip3XSMS2ORgossip2XSMS3ORgossip3XSMS312","(Info Hubs (All), No Incentives, SMS (All))",0.00466709080490361,1.66981680526972e-11,13,"1 9 13 31 46 61 70",1
"POOLED_Xslope2XSMS2ORXslope3XSMS2ORXslope2XSMS3ORXslope3XSMS313","(No Seeds, Slopes (All), SMS (All))",-0.00615160540188942,9.12576782304023e-09,13,"1 9 13 31 46 61 70",1
"POOLED_Xflat3XSMS2ORXflat3XSMS312","(No Seeds, High Flats, SMS (All))",-0.00753219019100128,2.30006139647041e-06,13,"1 9 13 31 46 61 70",1
"POOLED_random0Xslope2XSMS2ORrandom0Xslope3XSMS2ORrandom0Xslope2XSMS3ORrandom0Xslope3XSMS313","(Random Seeds, Slopes (All), SMS (All))",-0.00688373871679566,3.75430296821050e-09,13,"1 9 13 31 46 61 70",1
"POOLED_trusted0Xslope2XSMS2ORtrusted0Xslope3XSMS2ORtrusted0Xslope2XSMS3ORtrusted0Xslope3XSMS313","(Trusted Seeds, Slopes (All), SMS (All))",-0.00658599187435874,3.19762108816963e-08,13,"1 9 13 31 46 61 70",1
"POOLED_gossip2Xslope2XSMS2ORgossip3Xslope2XSMS2ORgossip2Xslope3XSMS2ORgossip3Xslope3XSMS2ORgossip2Xslope2XSMS3ORgossip3Xslope2XSMS3ORgossip2Xslope3XSMS3ORgossip3Xslope3XSMS313","(Info Hubs (All), Slopes (All), SMS (All))",-0.00472915173660696,2.18167789656475e-05,13,"1 9 13 31 46 61 70",1
"POOLED_gossip2Xflat2ORgossip3Xflat2ORgossip2Xflat3ORgossip3Xflat314","(Info Hubs (All), Flats (All), No Reminder)",-0.0144222971843138,0.00106997250062274,14,"1 9 13 31 46 61 70",1
"POOLED_gossip2XSMS2ORgossip3XSMS2ORgossip2XSMS3ORgossip3XSMS313","(Info Hubs (All), No Incentives, SMS (All))",0.00413479581785153,3.7163579945016e-08,14,"1 9 13 31 46 61 70",1
"POOLED_Xslope2XSMS2ORXslope3XSMS2ORXslope2XSMS3ORXslope3XSMS314","(No Seeds, Slopes (All), SMS (All))",-0.00666747811083882,1.604653945388e-08,14,"1 9 13 31 46 61 70",1
"POOLED_Xflat3XSMS2ORXflat3XSMS313","(No Seeds, High Flats, SMS (All))",-0.00649890317444526,3.04201225789834e-06,14,"1 9 13 31 46 61 70",1
"POOLED_random0Xslope2XSMS2ORrandom0Xslope3XSMS2ORrandom0Xslope2XSMS3ORrandom0Xslope3XSMS314","(Random Seeds, Slopes (All), SMS (All))",-0.00647297781546588,1.13391956114639e-11,14,"1 9 13 31 46 61 70",1
"POOLED_trusted0Xslope2XSMS2ORtrusted0Xslope3XSMS2ORtrusted0Xslope2XSMS3ORtrusted0Xslope3XSMS314","(Trusted Seeds, Slopes (All), SMS (All))",-0.00591175958210485,4.34642090736271e-10,14,"1 9 13 31 46 61 70",1
"POOLED_gossip2Xslope2XSMS2ORgossip3Xslope2XSMS2ORgossip2Xslope3XSMS2ORgossip3Xslope3XSMS2ORgossip2Xslope2XSMS3ORgossip3Xslope2XSMS3ORgossip2Xslope3XSMS3ORgossip3Xslope3XSMS314","(Info Hubs (All), Slopes (All), SMS (All))",-0.00514062579783637,1.58213300553669e-05,14,"1 9 13 31 46 61 70",1
"POOLED_gossip2Xflat2ORgossip3Xflat2ORgossip2Xflat3ORgossip3Xflat315","(Info Hubs (All), Flats (All), No Reminder)",-0.0106856580100988,0.00333074530062769,15,"1 9 13 31 46 61 70",1
"POOLED_gossip2XSMS2ORgossip3XSMS2ORgossip2XSMS3ORgossip3XSMS314","(Info Hubs (All), No Incentives, SMS (All))",0.00404141703869207,4.09782237820964e-07,15,"1 9 13 31 46 61 70",1
"POOLED_Xslope2XSMS2ORXslope3XSMS2ORXslope2XSMS3ORXslope3XSMS315","(No Seeds, Slopes (All), SMS (All))",-0.00584114560644164,6.07167010047898e-07,15,"1 9 13 31 46 61 70",1
"POOLED_Xflat3XSMS2ORXflat3XSMS314","(No Seeds, High Flats, SMS (All))",-0.00636533322386589,4.34201601551086e-06,15,"1 9 13 31 46 61 70",1
"POOLED_random0Xslope2XSMS2ORrandom0Xslope3XSMS2ORrandom0Xslope2XSMS3ORrandom0Xslope3XSMS315","(Random Seeds, Slopes (All), SMS (All))",-0.00602588633968568,4.26584604108661e-10,15,"1 9 13 31 46 61 70",1
"POOLED_trusted0Xslope2XSMS2ORtrusted0Xslope3XSMS2ORtrusted0Xslope2XSMS3ORtrusted0Xslope3XSMS315","(Trusted Seeds, Slopes (All), SMS (All))",-0.00619542035976633,6.81495326729718e-08,15,"1 9 13 31 46 61 70",1
"POOLED_gossip2Xslope2XSMS2ORgossip3Xslope2XSMS2ORgossip2Xslope3XSMS2ORgossip3Xslope3XSMS2ORgossip2Xslope2XSMS3ORgossip3Xslope2XSMS3ORgossip2Xslope3XSMS3ORgossip3Xslope3XSMS315","(Info Hubs (All), Slopes (All), SMS (All))",-0.00547484768724114,0.000201325568404041,15,"1 9 13 31 46 61 70",1
"POOLED_Xslope2ORXslope31","(No Seeds, Slope (All), No Reminder)",-0.00603333273864193,6.57874229080424e-07,16,"1 3 9 10 31 46 61 63 67",2
"POOLED_gossip2Xslope2ORgossip3Xslope2ORgossip2Xslope3ORgossip3Xslope31","(Info Hubs (All), Slopes (All), No Reminder)",-0.00631881474493173,6.64960236288692e-05,16,"1 3 9 10 31 46 61 63 67",2
"POOLED_gossip2Xflat2ORgossip3Xflat2ORgossip2Xflat3ORgossip3Xflat316","(Info Hubs (All), Flats (All), No Reminder)",-0.017052649574943,0.00030770435562209,16,"1 3 9 10 31 46 61 63 67",2
"POOLED_Xslope2XSMS2ORXslope3XSMS2ORXslope2XSMS3ORXslope3XSMS316","(No Seeds, Slopes (All), SMS (All))",-0.00786425125636939,3.40742588473515e-11,16,"1 3 9 10 31 46 61 63 67",2
"POOLED_Xflat2XSMS2ORXflat3XSMS2ORXflat2XSMS3ORXflat3XSMS31","(No Seeds, Flats (All), SMS (All))",-0.00621346202566984,1.61403888577938e-06,16,"1 3 9 10 31 46 61 63 67",2
"POOLED_random0Xslope2XSMS2ORrandom0Xslope3XSMS2ORrandom0Xslope2XSMS3ORrandom0Xslope3XSMS316","(Random Seeds, Slopes (All), SMS (All))",-0.00756075243184477,4.14575187019706e-15,16,"1 3 9 10 31 46 61 63 67",2
"POOLED_trusted0Xslope2XSMS2ORtrusted0Xslope3XSMS2ORtrusted0Xslope2XSMS3ORtrusted0Xslope3XSMS316","(Trusted Seeds, Slopes (All), SMS (All))",-0.0076619196881396,5.22703019027346e-11,16,"1 3 9 10 31 46 61 63 67",2
"POOLED_gossip2Xslope2XSMS2ORgossip3Xslope2XSMS2ORgossip2Xslope3XSMS2ORgossip3Xslope3XSMS2ORgossip2Xslope2XSMS3ORgossip3Xslope2XSMS3ORgossip2Xslope3XSMS3ORgossip3Xslope3XSMS316","(Info Hubs (All), Slopes (All), SMS (All))",-0.00512945400502995,4.06771040204168e-10,16,"1 3 9 10 31 46 61 63 67",2
"POOLED_gossip2Xflat3XSMS2ORgossip3Xflat3XSMS2ORgossip2Xflat3XSMS3ORgossip3Xflat3XSMS31","(Info Hubs (All), High Flats, SMS (All))",-0.00696464496787508,1.26864183513339e-10,16,"1 3 9 10 31 46 61 63 67",2
"POOLED_gossip2Xflat2ORgossip3Xflat2ORgossip2Xflat3ORgossip3Xflat317","(Info Hubs (All), Flats (All), No Reminder)",-0.0145861700167274,0.00126188336382578,17,"1 9 13 31 46 61 70",1
"POOLED_gossip2XSMS2ORgossip3XSMS2ORgossip2XSMS3ORgossip3XSMS315","(Info Hubs (All), No Incentives, SMS (All))",0.00447106887207188,6.03857719675706e-10,17,"1 9 13 31 46 61 70",1
"POOLED_Xslope2XSMS2ORXslope3XSMS2ORXslope2XSMS3ORXslope3XSMS317","(No Seeds, Slopes (All), SMS (All))",-0.00548621956804865,3.8785333459954e-11,17,"1 9 13 31 46 61 70",1
"POOLED_Xflat3XSMS2ORXflat3XSMS315","(No Seeds, High Flats, SMS (All))",-0.00657214761795823,3.27885102268044e-08,17,"1 9 13 31 46 61 70",1
"POOLED_random0Xslope2XSMS2ORrandom0Xslope3XSMS2ORrandom0Xslope2XSMS3ORrandom0Xslope3XSMS317","(Random Seeds, Slopes (All), SMS (All))",-0.0064688230797181,5.27635524815424e-08,17,"1 9 13 31 46 61 70",1
"POOLED_trusted0Xslope2XSMS2ORtrusted0Xslope3XSMS2ORtrusted0Xslope2XSMS3ORtrusted0Xslope3XSMS317","(Trusted Seeds, Slopes (All), SMS (All))",-0.00539040580013385,1.0739564503772e-07,17,"1 9 13 31 46 61 70",1
"POOLED_gossip2Xslope2XSMS2ORgossip3Xslope2XSMS2ORgossip2Xslope3XSMS2ORgossip3Xslope3XSMS2ORgossip2Xslope2XSMS3ORgossip3Xslope2XSMS3ORgossip2Xslope3XSMS3ORgossip3Xslope3XSMS317","(Info Hubs (All), Slopes (All), SMS (All))",-0.00414832324148651,1.32039221296114e-05,17,"1 9 13 31 46 61 70",1
"POOLED_gossip2Xflat2ORgossip3Xflat2ORgossip2Xflat3ORgossip3Xflat318","(Info Hubs (All), Flats (All), No Reminder)",-0.0113352506640452,0.0108025897889525,18,"1 9 13 31 46 61 70",1
"POOLED_gossip2XSMS2ORgossip3XSMS2ORgossip2XSMS3ORgossip3XSMS316","(Info Hubs (All), No Incentives, SMS (All))",0.00412605459655823,8.25962657129858e-08,18,"1 9 13 31 46 61 70",1
"POOLED_Xslope2XSMS2ORXslope3XSMS2ORXslope2XSMS3ORXslope3XSMS318","(No Seeds, Slopes (All), SMS (All))",-0.00496890619839039,7.16326606879141e-09,18,"1 9 13 31 46 61 70",1
"POOLED_Xflat3XSMS2ORXflat3XSMS316","(No Seeds, High Flats, SMS (All))",-0.00607180180598163,6.69559955018469e-07,18,"1 9 13 31 46 61 70",1
"POOLED_random0Xslope2XSMS2ORrandom0Xslope3XSMS2ORrandom0Xslope2XSMS3ORrandom0Xslope3XSMS318","(Random Seeds, Slopes (All), SMS (All))",-0.00654228093108888,7.55914874711563e-09,18,"1 9 13 31 46 61 70",1
"POOLED_trusted0Xslope2XSMS2ORtrusted0Xslope3XSMS2ORtrusted0Xslope2XSMS3ORtrusted0Xslope3XSMS318","(Trusted Seeds, Slopes (All), SMS (All))",-0.00506842107240962,1.17254671095552e-07,18,"1 9 13 31 46 61 70",1
"POOLED_gossip2Xslope2XSMS2ORgossip3Xslope2XSMS2ORgossip2Xslope3XSMS2ORgossip3Xslope3XSMS2ORgossip2Xslope2XSMS3ORgossip3Xslope2XSMS3ORgossip2Xslope3XSMS3ORgossip3Xslope3XSMS318","(Info Hubs (All), Slopes (All), SMS (All))",-0.00383301148985795,3.3353563879006e-05,18,"1 9 13 31 46 61 70",1
"POOLED_Xslope2ORXslope32","(No Seeds, Slope (All), No Reminder)",-0.00592519079918103,1.39322525701103e-10,19,"1 3 9 10 31 46 61 63 67",2
"POOLED_gossip2Xslope2ORgossip3Xslope2ORgossip2Xslope3ORgossip3Xslope32","(Info Hubs (All), Slopes (All), No Reminder)",-0.00536886546785676,9.30733203375949e-05,19,"1 3 9 10 31 46 61 63 67",2
"POOLED_gossip2Xflat2ORgossip3Xflat2ORgossip2Xflat3ORgossip3Xflat319","(Info Hubs (All), Flats (All), No Reminder)",-0.0158156807975424,0.00178980836834625,19,"1 3 9 10 31 46 61 63 67",2
"POOLED_Xslope2XSMS2ORXslope3XSMS2ORXslope2XSMS3ORXslope3XSMS319","(No Seeds, Slopes (All), SMS (All))",-0.00776774928786396,1.25057557950904e-12,19,"1 3 9 10 31 46 61 63 67",2
"POOLED_Xflat2XSMS2ORXflat3XSMS2ORXflat2XSMS3ORXflat3XSMS32","(No Seeds, Flats (All), SMS (All))",-0.0061047266097981,2.4468625122041e-09,19,"1 3 9 10 31 46 61 63 67",2
"POOLED_random0Xslope2XSMS2ORrandom0Xslope3XSMS2ORrandom0Xslope2XSMS3ORrandom0Xslope3XSMS319","(Random Seeds, Slopes (All), SMS (All))",-0.00898163392863979,3.61422874992739e-12,19,"1 3 9 10 31 46 61 63 67",2
"POOLED_trusted0Xslope2XSMS2ORtrusted0Xslope3XSMS2ORtrusted0Xslope2XSMS3ORtrusted0Xslope3XSMS319","(Trusted Seeds, Slopes (All), SMS (All))",-0.00686607491425103,1.00487589659922e-10,19,"1 3 9 10 31 46 61 63 67",2
"POOLED_gossip2Xslope2XSMS2ORgossip3Xslope2XSMS2ORgossip2Xslope3XSMS2ORgossip3Xslope3XSMS2ORgossip2Xslope2XSMS3ORgossip3Xslope2XSMS3ORgossip2Xslope3XSMS3ORgossip3Xslope3XSMS319","(Info Hubs (All), Slopes (All), SMS (All))",-0.00596511588040236,7.34640170829645e-13,19,"1 3 9 10 31 46 61 63 67",2
"POOLED_gossip2Xflat3XSMS2ORgossip3Xflat3XSMS2ORgossip2Xflat3XSMS3ORgossip3Xflat3XSMS32","(Info Hubs (All), High Flats, SMS (All))",-0.0075125523396705,5.0227622080694e-10,19,"1 3 9 10 31 46 61 63 67",2
"POOLED_gossip2Xflat2ORgossip3Xflat2ORgossip2Xflat3ORgossip3Xflat320","(Info Hubs (All), Flats (All), No Reminder)",-0.0123375950517365,0.0007211722331947,20,"1 9 13 31 46 61 70",1
"POOLED_gossip2XSMS2ORgossip3XSMS2ORgossip2XSMS3ORgossip3XSMS317","(Info Hubs (All), No Incentives, SMS (All))",0.00324754252063224,0.000522560913158853,20,"1 9 13 31 46 61 70",1
"POOLED_Xslope2XSMS2ORXslope3XSMS2ORXslope2XSMS3ORXslope3XSMS320","(No Seeds, Slopes (All), SMS (All))",-0.00499722428700177,2.74833429492115e-10,20,"1 9 13 31 46 61 70",1
"POOLED_Xflat3XSMS2ORXflat3XSMS317","(No Seeds, High Flats, SMS (All))",-0.00659474283750263,9.90982050325037e-07,20,"1 9 13 31 46 61 70",1
"POOLED_random0Xslope2XSMS2ORrandom0Xslope3XSMS2ORrandom0Xslope2XSMS3ORrandom0Xslope3XSMS320","(Random Seeds, Slopes (All), SMS (All))",-0.00716727020135806,1.72224802506753e-07,20,"1 9 13 31 46 61 70",1
"POOLED_trusted0Xslope2XSMS2ORtrusted0Xslope3XSMS2ORtrusted0Xslope2XSMS3ORtrusted0Xslope3XSMS320","(Trusted Seeds, Slopes (All), SMS (All))",-0.00614307437975653,6.25640148967547e-06,20,"1 9 13 31 46 61 70",1
"POOLED_gossip2Xslope2XSMS2ORgossip3Xslope2XSMS2ORgossip2Xslope3XSMS2ORgossip3Xslope3XSMS2ORgossip2Xslope2XSMS3ORgossip3Xslope2XSMS3ORgossip2Xslope3XSMS3ORgossip3Xslope3XSMS320","(Info Hubs (All), Slopes (All), SMS (All))",-0.00499135450280557,3.61153097514016e-05,20,"1 9 13 31 46 61 70",1
"POOLED_gossip2Xflat2ORgossip3Xflat2ORgossip2Xflat3ORgossip3Xflat321","(Info Hubs (All), Flats (All), No Reminder)",-0.0117147058161399,0.000240601922140893,21,"1 9 13 31 46 61 70",1
"POOLED_gossip2XSMS2ORgossip3XSMS2ORgossip2XSMS3ORgossip3XSMS318","(Info Hubs (All), No Incentives, SMS (All))",0.00493267756747708,2.21890523161683e-12,21,"1 9 13 31 46 61 70",1
"POOLED_Xslope2XSMS2ORXslope3XSMS2ORXslope2XSMS3ORXslope3XSMS321","(No Seeds, Slopes (All), SMS (All))",-0.00520383884371597,1.0725311835757e-08,21,"1 9 13 31 46 61 70",1
"POOLED_Xflat3XSMS2ORXflat3XSMS318","(No Seeds, High Flats, SMS (All))",-0.00693163669519058,1.48594245051756e-06,21,"1 9 13 31 46 61 70",1
"POOLED_random0Xslope2XSMS2ORrandom0Xslope3XSMS2ORrandom0Xslope2XSMS3ORrandom0Xslope3XSMS321","(Random Seeds, Slopes (All), SMS (All))",-0.00633186760178024,8.46638041968733e-08,21,"1 9 13 31 46 61 70",1
"POOLED_trusted0Xslope2XSMS2ORtrusted0Xslope3XSMS2ORtrusted0Xslope2XSMS3ORtrusted0Xslope3XSMS321","(Trusted Seeds, Slopes (All), SMS (All))",-0.00492239839779901,3.47575475884882e-09,21,"1 9 13 31 46 61 70",1
"POOLED_gossip2Xslope2XSMS2ORgossip3Xslope2XSMS2ORgossip2Xslope3XSMS2ORgossip3Xslope3XSMS2ORgossip2Xslope2XSMS3ORgossip3Xslope2XSMS3ORgossip2Xslope3XSMS3ORgossip3Xslope3XSMS321","(Info Hubs (All), Slopes (All), SMS (All))",-0.00379085502592709,7.9563141541709e-07,21,"1 9 13 31 46 61 70",1
"POOLED_gossip2Xflat2ORgossip3Xflat2ORgossip2Xflat3ORgossip3Xflat322","(Info Hubs (All), Flats (All), No Reminder)",-0.0132897720547515,0.0219186880139953,22,"1 9 13 31 46 61 70",1
"POOLED_gossip2XSMS2ORgossip3XSMS2ORgossip2XSMS3ORgossip3XSMS319","(Info Hubs (All), No Incentives, SMS (All))",0.0039160963644232,1.03856140882609e-05,22,"1 9 13 31 46 61 70",1
"POOLED_Xslope2XSMS2ORXslope3XSMS2ORXslope2XSMS3ORXslope3XSMS322","(No Seeds, Slopes (All), SMS (All))",-0.0060412600812787,1.82573264847705e-10,22,"1 9 13 31 46 61 70",1
"POOLED_Xflat3XSMS2ORXflat3XSMS319","(No Seeds, High Flats, SMS (All))",-0.00775197156263759,2.28532019342687e-07,22,"1 9 13 31 46 61 70",1
"POOLED_random0Xslope2XSMS2ORrandom0Xslope3XSMS2ORrandom0Xslope2XSMS3ORrandom0Xslope3XSMS322","(Random Seeds, Slopes (All), SMS (All))",-0.00710315305730802,1.70402048785415e-09,22,"1 9 13 31 46 61 70",1
"POOLED_trusted0Xslope2XSMS2ORtrusted0Xslope3XSMS2ORtrusted0Xslope2XSMS3ORtrusted0Xslope3XSMS322","(Trusted Seeds, Slopes (All), SMS (All))",-0.00582165394630707,1.57901554257436e-08,22,"1 9 13 31 46 61 70",1
"POOLED_gossip2Xslope2XSMS2ORgossip3Xslope2XSMS2ORgossip2Xslope3XSMS2ORgossip3Xslope3XSMS2ORgossip2Xslope2XSMS3ORgossip3Xslope2XSMS3ORgossip2Xslope3XSMS3ORgossip3Xslope3XSMS322","(Info Hubs (All), Slopes (All), SMS (All))",-0.00495302314851256,3.70829172252727e-08,22,"1 9 13 31 46 61 70",1
"POOLED_gossip2Xflat2ORgossip3Xflat2ORgossip2Xflat3ORgossip3Xflat323","(Info Hubs (All), Flats (All), No Reminder)",-0.0127053928083451,0.00289882465975412,23,"1 9 13 31 46 61 70",1
"POOLED_gossip2XSMS2ORgossip3XSMS2ORgossip2XSMS3ORgossip3XSMS320","(Info Hubs (All), No Incentives, SMS (All))",0.00404512374691541,3.86556165559739e-07,23,"1 9 13 31 46 61 70",1
"POOLED_Xslope2XSMS2ORXslope3XSMS2ORXslope2XSMS3ORXslope3XSMS323","(No Seeds, Slopes (All), SMS (All))",-0.00561996796157029,1.69446866308983e-06,23,"1 9 13 31 46 61 70",1
"POOLED_Xflat3XSMS2ORXflat3XSMS320","(No Seeds, High Flats, SMS (All))",-0.00655023686285142,1.23778797736211e-05,23,"1 9 13 31 46 61 70",1
"POOLED_random0Xslope2XSMS2ORrandom0Xslope3XSMS2ORrandom0Xslope2XSMS3ORrandom0Xslope3XSMS323","(Random Seeds, Slopes (All), SMS (All))",-0.00707315006460265,7.29012701203783e-09,23,"1 9 13 31 46 61 70",1
"POOLED_trusted0Xslope2XSMS2ORtrusted0Xslope3XSMS2ORtrusted0Xslope2XSMS3ORtrusted0Xslope3XSMS323","(Trusted Seeds, Slopes (All), SMS (All))",-0.00528147636588955,9.06094217476108e-08,23,"1 9 13 31 46 61 70",1
"POOLED_gossip2Xslope2XSMS2ORgossip3Xslope2XSMS2ORgossip2Xslope3XSMS2ORgossip3Xslope3XSMS2ORgossip2Xslope2XSMS3ORgossip3Xslope2XSMS3ORgossip2Xslope3XSMS3ORgossip3Xslope3XSMS323","(Info Hubs (All), Slopes (All), SMS (All))",-0.00513185306845998,7.72215755016766e-06,23,"1 9 13 31 46 61 70",1
"POOLED_gossip2Xflat2ORgossip3Xflat2ORgossip2Xflat3ORgossip3Xflat324","(Info Hubs (All), Flats (All), No Reminder)",-0.0117089836032933,0.00616564861310801,24,"1 9 13 31 46 61 70",1
"POOLED_gossip2XSMS2ORgossip3XSMS2ORgossip2XSMS3ORgossip3XSMS321","(Info Hubs (All), No Incentives, SMS (All))",0.00459559448950489,7.40408866417873e-09,24,"1 9 13 31 46 61 70",1
"POOLED_Xslope2XSMS2ORXslope3XSMS2ORXslope2XSMS3ORXslope3XSMS324","(No Seeds, Slopes (All), SMS (All))",-0.00594796141915114,2.1512136664338e-06,24,"1 9 13 31 46 61 70",1
"POOLED_Xflat3XSMS2ORXflat3XSMS321","(No Seeds, High Flats, SMS (All))",-0.0064514124811023,0.000123577939797548,24,"1 9 13 31 46 61 70",1
"POOLED_random0Xslope2XSMS2ORrandom0Xslope3XSMS2ORrandom0Xslope2XSMS3ORrandom0Xslope3XSMS324","(Random Seeds, Slopes (All), SMS (All))",-0.0052453357208554,1.04676564155835e-08,24,"1 9 13 31 46 61 70",1
"POOLED_trusted0Xslope2XSMS2ORtrusted0Xslope3XSMS2ORtrusted0Xslope2XSMS3ORtrusted0Xslope3XSMS324","(Trusted Seeds, Slopes (All), SMS (All))",-0.00595840221857855,4.18107438437976e-05,24,"1 9 13 31 46 61 70",1
"POOLED_gossip2Xslope2XSMS2ORgossip3Xslope2XSMS2ORgossip2Xslope3XSMS2ORgossip3Xslope3XSMS2ORgossip2Xslope2XSMS3ORgossip3Xslope2XSMS3ORgossip2Xslope3XSMS3ORgossip3Xslope3XSMS324","(Info Hubs (All), Slopes (All), SMS (All))",-0.00612246223886828,0.000153778047828844,24,"1 9 13 31 46 61 70",1
"POOLED_gossip2Xflat2ORgossip3Xflat2ORgossip2Xflat3ORgossip3Xflat325","(Info Hubs (All), Flats (All), No Reminder)",-0.0118355605815438,0.00201907256881853,25,"1 9 13 31 46 61 70",1
"POOLED_gossip2XSMS2ORgossip3XSMS2ORgossip2XSMS3ORgossip3XSMS322","(Info Hubs (All), No Incentives, SMS (All))",0.00422769934944211,6.51682520860208e-07,25,"1 9 13 31 46 61 70",1
"POOLED_Xslope2XSMS2ORXslope3XSMS2ORXslope2XSMS3ORXslope3XSMS325","(No Seeds, Slopes (All), SMS (All))",-0.00566173770349778,4.01734725819415e-06,25,"1 9 13 31 46 61 70",1
"POOLED_Xflat3XSMS2ORXflat3XSMS322","(No Seeds, High Flats, SMS (All))",-0.0065748408879082,3.64159065381076e-06,25,"1 9 13 31 46 61 70",1
"POOLED_random0Xslope2XSMS2ORrandom0Xslope3XSMS2ORrandom0Xslope2XSMS3ORrandom0Xslope3XSMS325","(Random Seeds, Slopes (All), SMS (All))",-0.00651143201304508,7.94667210544165e-09,25,"1 9 13 31 46 61 70",1
"POOLED_trusted0Xslope2XSMS2ORtrusted0Xslope3XSMS2ORtrusted0Xslope2XSMS3ORtrusted0Xslope3XSMS325","(Trusted Seeds, Slopes (All), SMS (All))",-0.00594376275786939,9.33214381804844e-08,25,"1 9 13 31 46 61 70",1
"POOLED_gossip2Xslope2XSMS2ORgossip3Xslope2XSMS2ORgossip2Xslope3XSMS2ORgossip3Xslope3XSMS2ORgossip2Xslope2XSMS3ORgossip3Xslope2XSMS3ORgossip2Xslope3XSMS3ORgossip3Xslope3XSMS325","(Info Hubs (All), Slopes (All), SMS (All))",-0.00415168464588886,5.11906123609345e-08,25,"1 9 13 31 46 61 70",1
"POOLED_gossip2Xflat2ORgossip3Xflat2ORgossip2Xflat3ORgossip3Xflat326","(Info Hubs (All), Flats (All), No Reminder)",-0.0116018082832936,0.0113654030820718,26,"1 9 13 31 46 61 70",1
"POOLED_gossip2XSMS2ORgossip3XSMS2ORgossip2XSMS3ORgossip3XSMS323","(Info Hubs (All), No Incentives, SMS (All))",0.00519024204889539,1.46669179089362e-14,26,"1 9 13 31 46 61 70",1
"POOLED_Xslope2XSMS2ORXslope3XSMS2ORXslope2XSMS3ORXslope3XSMS326","(No Seeds, Slopes (All), SMS (All))",-0.00557658450349823,1.87661554035253e-09,26,"1 9 13 31 46 61 70",1
"POOLED_Xflat3XSMS2ORXflat3XSMS323","(No Seeds, High Flats, SMS (All))",-0.00750001085784084,7.97529696542614e-08,26,"1 9 13 31 46 61 70",1
"POOLED_random0Xslope2XSMS2ORrandom0Xslope3XSMS2ORrandom0Xslope2XSMS3ORrandom0Xslope3XSMS326","(Random Seeds, Slopes (All), SMS (All))",-0.00669289750318014,5.85387333161814e-09,26,"1 9 13 31 46 61 70",1
"POOLED_trusted0Xslope2XSMS2ORtrusted0Xslope3XSMS2ORtrusted0Xslope2XSMS3ORtrusted0Xslope3XSMS326","(Trusted Seeds, Slopes (All), SMS (All))",-0.0059581932846203,1.12939001949439e-09,26,"1 9 13 31 46 61 70",1
"POOLED_gossip2Xslope2XSMS2ORgossip3Xslope2XSMS2ORgossip2Xslope3XSMS2ORgossip3Xslope3XSMS2ORgossip2Xslope2XSMS3ORgossip3Xslope2XSMS3ORgossip2Xslope3XSMS3ORgossip3Xslope3XSMS326","(Info Hubs (All), Slopes (All), SMS (All))",-0.00486722020771113,0.000308213787468894,26,"1 9 13 31 46 61 70",1
"POOLED_gossip2Xflat2ORgossip3Xflat2ORgossip2Xflat3ORgossip3Xflat327","(Info Hubs (All), Flats (All), No Reminder)",-0.0135086790039868,3.0548797428643e-05,27,"1 9 13 31 46 61 70",1
"POOLED_gossip2XSMS2ORgossip3XSMS2ORgossip2XSMS3ORgossip3XSMS324","(Info Hubs (All), No Incentives, SMS (All))",0.00356504717274424,8.68751856123311e-06,27,"1 9 13 31 46 61 70",1
"POOLED_Xslope2XSMS2ORXslope3XSMS2ORXslope2XSMS3ORXslope3XSMS327","(No Seeds, Slopes (All), SMS (All))",-0.00577819654173788,1.53805133943007e-10,27,"1 9 13 31 46 61 70",1
"POOLED_Xflat3XSMS2ORXflat3XSMS324","(No Seeds, High Flats, SMS (All))",-0.00719929018461356,4.93758360841173e-09,27,"1 9 13 31 46 61 70",1
"POOLED_random0Xslope2XSMS2ORrandom0Xslope3XSMS2ORrandom0Xslope2XSMS3ORrandom0Xslope3XSMS327","(Random Seeds, Slopes (All), SMS (All))",-0.00631113395333508,2.07071340814379e-09,27,"1 9 13 31 46 61 70",1
"POOLED_trusted0Xslope2XSMS2ORtrusted0Xslope3XSMS2ORtrusted0Xslope2XSMS3ORtrusted0Xslope3XSMS327","(Trusted Seeds, Slopes (All), SMS (All))",-0.00534317119154203,3.14463726097074e-09,27,"1 9 13 31 46 61 70",1
"POOLED_gossip2Xslope2XSMS2ORgossip3Xslope2XSMS2ORgossip2Xslope3XSMS2ORgossip3Xslope3XSMS2ORgossip2Xslope2XSMS3ORgossip3Xslope2XSMS3ORgossip2Xslope3XSMS3ORgossip3Xslope3XSMS327","(Info Hubs (All), Slopes (All), SMS (All))",-0.0047581032220425,2.308594176585e-09,27,"1 9 13 31 46 61 70",1
"POOLED_gossip2Xflat2ORgossip3Xflat2ORgossip2Xflat3ORgossip3Xflat328","(Info Hubs (All), Flats (All), No Reminder)",-0.0139797147999264,0.00330000232565414,28,"1 9 13 31 46 61 70",1
"POOLED_gossip2XSMS2ORgossip3XSMS2ORgossip2XSMS3ORgossip3XSMS325","(Info Hubs (All), No Incentives, SMS (All))",0.00399613528484615,2.0891895558865e-07,28,"1 9 13 31 46 61 70",1
"POOLED_Xslope2XSMS2ORXslope3XSMS2ORXslope2XSMS3ORXslope3XSMS328","(No Seeds, Slopes (All), SMS (All))",-0.0059177021592407,4.52251480983961e-09,28,"1 9 13 31 46 61 70",1
"POOLED_Xflat3XSMS2ORXflat3XSMS325","(No Seeds, High Flats, SMS (All))",-0.00677076898654138,0.000151708056584255,28,"1 9 13 31 46 61 70",1
"POOLED_random0Xslope2XSMS2ORrandom0Xslope3XSMS2ORrandom0Xslope2XSMS3ORrandom0Xslope3XSMS328","(Random Seeds, Slopes (All), SMS (All))",-0.00609541373055913,9.36364765142986e-11,28,"1 9 13 31 46 61 70",1
"POOLED_trusted0Xslope2XSMS2ORtrusted0Xslope3XSMS2ORtrusted0Xslope2XSMS3ORtrusted0Xslope3XSMS328","(Trusted Seeds, Slopes (All), SMS (All))",-0.00558528931027871,5.56077762474711e-08,28,"1 9 13 31 46 61 70",1
"POOLED_gossip2Xslope2XSMS2ORgossip3Xslope2XSMS2ORgossip2Xslope3XSMS2ORgossip3Xslope3XSMS2ORgossip2Xslope2XSMS3ORgossip3Xslope2XSMS3ORgossip2Xslope3XSMS3ORgossip3Xslope3XSMS328","(Info Hubs (All), Slopes (All), SMS (All))",-0.00530726455683674,0.000297982641348948,28,"1 9 13 31 46 61 70",1
"POOLED_gossip2Xflat2ORgossip3Xflat2ORgossip2Xflat3ORgossip3Xflat329","(Info Hubs (All), Flats (All), No Reminder)",-0.0117155719141778,0.00118047925006296,29,"1 9 13 31 46 61 70",1
"POOLED_gossip2XSMS2ORgossip3XSMS2ORgossip2XSMS3ORgossip3XSMS326","(Info Hubs (All), No Incentives, SMS (All))",0.00372963722725402,9.64822076776302e-07,29,"1 9 13 31 46 61 70",1
"POOLED_Xslope2XSMS2ORXslope3XSMS2ORXslope2XSMS3ORXslope3XSMS329","(No Seeds, Slopes (All), SMS (All))",-0.00502174524001207,7.15364457976608e-10,29,"1 9 13 31 46 61 70",1
"POOLED_Xflat3XSMS2ORXflat3XSMS326","(No Seeds, High Flats, SMS (All))",-0.00610701946984654,1.01954724361354e-07,29,"1 9 13 31 46 61 70",1
"POOLED_random0Xslope2XSMS2ORrandom0Xslope3XSMS2ORrandom0Xslope2XSMS3ORrandom0Xslope3XSMS329","(Random Seeds, Slopes (All), SMS (All))",-0.00757499947807412,7.913160428452e-11,29,"1 9 13 31 46 61 70",1
"POOLED_trusted0Xslope2XSMS2ORtrusted0Xslope3XSMS2ORtrusted0Xslope2XSMS3ORtrusted0Xslope3XSMS329","(Trusted Seeds, Slopes (All), SMS (All))",-0.0057643117709744,6.52620744414327e-07,29,"1 9 13 31 46 61 70",1
"POOLED_gossip2Xslope2XSMS2ORgossip3Xslope2XSMS2ORgossip2Xslope3XSMS2ORgossip3Xslope3XSMS2ORgossip2Xslope2XSMS3ORgossip3Xslope2XSMS3ORgossip2Xslope3XSMS3ORgossip3Xslope3XSMS329","(Info Hubs (All), Slopes (All), SMS (All))",-0.00565463607214903,1.08053300538438e-05,29,"1 9 13 31 46 61 70",1
"POOLED_gossip2Xflat2ORgossip3Xflat2ORgossip2Xflat3ORgossip3Xflat330","(Info Hubs (All), Flats (All), No Reminder)",-0.0106153585841178,4.71328072496814e-05,30,"1 9 13 31 46 61 70",1
"POOLED_gossip2XSMS2ORgossip3XSMS2ORgossip2XSMS3ORgossip3XSMS327","(Info Hubs (All), No Incentives, SMS (All))",0.00356622555767681,2.12906830321542e-05,30,"1 9 13 31 46 61 70",1
"POOLED_Xslope2XSMS2ORXslope3XSMS2ORXslope2XSMS3ORXslope3XSMS330","(No Seeds, Slopes (All), SMS (All))",-0.00672071951895324,3.75354681161696e-10,30,"1 9 13 31 46 61 70",1
"POOLED_Xflat3XSMS2ORXflat3XSMS327","(No Seeds, High Flats, SMS (All))",-0.00724577310352617,9.20668828165216e-08,30,"1 9 13 31 46 61 70",1
"POOLED_random0Xslope2XSMS2ORrandom0Xslope3XSMS2ORrandom0Xslope2XSMS3ORrandom0Xslope3XSMS330","(Random Seeds, Slopes (All), SMS (All))",-0.00713360832640824,3.48404171608962e-09,30,"1 9 13 31 46 61 70",1
"POOLED_trusted0Xslope2XSMS2ORtrusted0Xslope3XSMS2ORtrusted0Xslope2XSMS3ORtrusted0Xslope3XSMS330","(Trusted Seeds, Slopes (All), SMS (All))",-0.00569656724935848,2.31075008412448e-10,30,"1 9 13 31 46 61 70",1
"POOLED_gossip2Xslope2XSMS2ORgossip3Xslope2XSMS2ORgossip2Xslope3XSMS2ORgossip3Xslope3XSMS2ORgossip2Xslope2XSMS3ORgossip3Xslope2XSMS3ORgossip2Xslope3XSMS3ORgossip3Xslope3XSMS330","(Info Hubs (All), Slopes (All), SMS (All))",-0.00444444314107319,3.64197904313454e-12,30,"1 9 13 31 46 61 70",1
"POOLED_gossip2Xflat2ORgossip3Xflat2ORgossip2Xflat3ORgossip3Xflat331","(Info Hubs (All), Flats (All), No Reminder)",-0.0128819103864836,0.00510670212345116,31,"1 9 13 31 46 61 70",1
"POOLED_gossip2XSMS2ORgossip3XSMS2ORgossip2XSMS3ORgossip3XSMS328","(Info Hubs (All), No Incentives, SMS (All))",0.00358647837410863,0.000121398994237729,31,"1 9 13 31 46 61 70",1
"POOLED_Xslope2XSMS2ORXslope3XSMS2ORXslope2XSMS3ORXslope3XSMS331","(No Seeds, Slopes (All), SMS (All))",-0.00591009329333376,3.88358655690791e-07,31,"1 9 13 31 46 61 70",1
"POOLED_Xflat3XSMS2ORXflat3XSMS328","(No Seeds, High Flats, SMS (All))",-0.00595498760700995,1.83201548948547e-06,31,"1 9 13 31 46 61 70",1
"POOLED_random0Xslope2XSMS2ORrandom0Xslope3XSMS2ORrandom0Xslope2XSMS3ORrandom0Xslope3XSMS331","(Random Seeds, Slopes (All), SMS (All))",-0.00755443375718,9.12791394613917e-09,31,"1 9 13 31 46 61 70",1
"POOLED_trusted0Xslope2XSMS2ORtrusted0Xslope3XSMS2ORtrusted0Xslope2XSMS3ORtrusted0Xslope3XSMS331","(Trusted Seeds, Slopes (All), SMS (All))",-0.00487188637077475,9.20438369357167e-08,31,"1 9 13 31 46 61 70",1
"POOLED_gossip2Xslope2XSMS2ORgossip3Xslope2XSMS2ORgossip2Xslope3XSMS2ORgossip3Xslope3XSMS2ORgossip2Xslope2XSMS3ORgossip3Xslope2XSMS3ORgossip2Xslope3XSMS3ORgossip3Xslope3XSMS331","(Info Hubs (All), Slopes (All), SMS (All))",-0.00560911464162946,4.98466813111973e-05,31,"1 9 13 31 46 61 70",1
"POOLED_gossip2Xflat2ORgossip3Xflat2ORgossip2Xflat3ORgossip3Xflat332","(Info Hubs (All), Flats (All), No Reminder)",-0.012497164595511,0.00162096217644673,32,"1 9 13 31 46 61 70",1
"POOLED_gossip2XSMS2ORgossip3XSMS2ORgossip2XSMS3ORgossip3XSMS329","(Info Hubs (All), No Incentives, SMS (All))",0.00327596731290953,0.000200167036699133,32,"1 9 13 31 46 61 70",1
"POOLED_Xslope2XSMS2ORXslope3XSMS2ORXslope2XSMS3ORXslope3XSMS332","(No Seeds, Slopes (All), SMS (All))",-0.00556250224833244,1.37051292111831e-06,32,"1 9 13 31 46 61 70",1
"POOLED_Xflat3XSMS2ORXflat3XSMS329","(No Seeds, High Flats, SMS (All))",-0.00581229416823452,8.0830188402458e-05,32,"1 9 13 31 46 61 70",1
"POOLED_random0Xslope2XSMS2ORrandom0Xslope3XSMS2ORrandom0Xslope2XSMS3ORrandom0Xslope3XSMS332","(Random Seeds, Slopes (All), SMS (All))",-0.0056594657706386,7.19561214997442e-09,32,"1 9 13 31 46 61 70",1
"POOLED_trusted0Xslope2XSMS2ORtrusted0Xslope3XSMS2ORtrusted0Xslope2XSMS3ORtrusted0Xslope3XSMS332","(Trusted Seeds, Slopes (All), SMS (All))",-0.00502844644334227,5.05852522388825e-08,32,"1 9 13 31 46 61 70",1
"POOLED_gossip2Xslope2XSMS2ORgossip3Xslope2XSMS2ORgossip2Xslope3XSMS2ORgossip3Xslope3XSMS2ORgossip2Xslope2XSMS3ORgossip3Xslope2XSMS3ORgossip2Xslope3XSMS3ORgossip3Xslope3XSMS332","(Info Hubs (All), Slopes (All), SMS (All))",-0.00476400614381853,6.67006207561175e-05,32,"1 9 13 31 46 61 70",1
"POOLED_gossip2Xflat2ORgossip3Xflat2ORgossip2Xflat3ORgossip3Xflat333","(Info Hubs (All), Flats (All), No Reminder)",-0.0140749139112742,0.00191405149010459,33,"1 9 13 31 46 61 70",1
"POOLED_gossip2XSMS2ORgossip3XSMS2ORgossip2XSMS3ORgossip3XSMS330","(Info Hubs (All), No Incentives, SMS (All))",0.00388858112128852,7.15761917604039e-07,33,"1 9 13 31 46 61 70",1
"POOLED_Xslope2XSMS2ORXslope3XSMS2ORXslope2XSMS3ORXslope3XSMS333","(No Seeds, Slopes (All), SMS (All))",-0.00579917945244487,8.15113982059941e-07,33,"1 9 13 31 46 61 70",1
"POOLED_Xflat3XSMS2ORXflat3XSMS330","(No Seeds, High Flats, SMS (All))",-0.00626444578837304,9.35290031617893e-06,33,"1 9 13 31 46 61 70",1
"POOLED_random0Xslope2XSMS2ORrandom0Xslope3XSMS2ORrandom0Xslope2XSMS3ORrandom0Xslope3XSMS333","(Random Seeds, Slopes (All), SMS (All))",-0.00698953231090472,1.91980366325787e-10,33,"1 9 13 31 46 61 70",1
"POOLED_trusted0Xslope2XSMS2ORtrusted0Xslope3XSMS2ORtrusted0Xslope2XSMS3ORtrusted0Xslope3XSMS333","(Trusted Seeds, Slopes (All), SMS (All))",-0.00680365400066522,1.27912913605591e-06,33,"1 9 13 31 46 61 70",1
"POOLED_gossip2Xslope2XSMS2ORgossip3Xslope2XSMS2ORgossip2Xslope3XSMS2ORgossip3Xslope3XSMS2ORgossip2Xslope2XSMS3ORgossip3Xslope2XSMS3ORgossip2Xslope3XSMS3ORgossip3Xslope3XSMS333","(Info Hubs (All), Slopes (All), SMS (All))",-0.00464708474503151,2.20317326741083e-10,33,"1 9 13 31 46 61 70",1
"POOLED_gossip2Xflat2ORgossip3Xflat2ORgossip2Xflat3ORgossip3Xflat334","(Info Hubs (All), Flats (All), No Reminder)",-0.0118408026725492,0.0024310610362857,34,"1 9 13 31 46 61 70",1
"POOLED_gossip2XSMS2ORgossip3XSMS2ORgossip2XSMS3ORgossip3XSMS331","(Info Hubs (All), No Incentives, SMS (All))",0.00427563528521678,1.39106796708728e-08,34,"1 9 13 31 46 61 70",1
"POOLED_Xslope2XSMS2ORXslope3XSMS2ORXslope2XSMS3ORXslope3XSMS334","(No Seeds, Slopes (All), SMS (All))",-0.00633969048213595,5.17016913304962e-10,34,"1 9 13 31 46 61 70",1
"POOLED_Xflat3XSMS2ORXflat3XSMS331","(No Seeds, High Flats, SMS (All))",-0.00777010702293126,2.82747584152275e-08,34,"1 9 13 31 46 61 70",1
"POOLED_random0Xslope2XSMS2ORrandom0Xslope3XSMS2ORrandom0Xslope2XSMS3ORrandom0Xslope3XSMS334","(Random Seeds, Slopes (All), SMS (All))",-0.00699190804808945,5.52546358189707e-10,34,"1 9 13 31 46 61 70",1
"POOLED_trusted0Xslope2XSMS2ORtrusted0Xslope3XSMS2ORtrusted0Xslope2XSMS3ORtrusted0Xslope3XSMS334","(Trusted Seeds, Slopes (All), SMS (All))",-0.00600388870985232,6.92823160487056e-09,34,"1 9 13 31 46 61 70",1
"POOLED_gossip2Xslope2XSMS2ORgossip3Xslope2XSMS2ORgossip2Xslope3XSMS2ORgossip3Xslope3XSMS2ORgossip2Xslope2XSMS3ORgossip3Xslope2XSMS3ORgossip2Xslope3XSMS3ORgossip3Xslope3XSMS334","(Info Hubs (All), Slopes (All), SMS (All))",-0.00478418056775382,2.19563314465435e-08,34,"1 9 13 31 46 61 70",1
"POOLED_gossip2Xflat2ORgossip3Xflat2ORgossip2Xflat3ORgossip3Xflat335","(Info Hubs (All), Flats (All), No Reminder)",-0.0127093432947318,0.00481338338693341,35,"1 9 13 31 46 61 70",1
"POOLED_gossip2XSMS2ORgossip3XSMS2ORgossip2XSMS3ORgossip3XSMS332","(Info Hubs (All), No Incentives, SMS (All))",0.00464501425353704,4.25304042199341e-13,35,"1 9 13 31 46 61 70",1
"POOLED_Xslope2XSMS2ORXslope3XSMS2ORXslope2XSMS3ORXslope3XSMS335","(No Seeds, Slopes (All), SMS (All))",-0.00692014954444586,1.39433551867596e-07,35,"1 9 13 31 46 61 70",1
"POOLED_Xflat3XSMS2ORXflat3XSMS332","(No Seeds, High Flats, SMS (All))",-0.00627782374906435,1.85444560489474e-07,35,"1 9 13 31 46 61 70",1
"POOLED_random0Xslope2XSMS2ORrandom0Xslope3XSMS2ORrandom0Xslope2XSMS3ORrandom0Xslope3XSMS335","(Random Seeds, Slopes (All), SMS (All))",-0.00770780050433132,2.61903332209441e-08,35,"1 9 13 31 46 61 70",1
"POOLED_trusted0Xslope2XSMS2ORtrusted0Xslope3XSMS2ORtrusted0Xslope2XSMS3ORtrusted0Xslope3XSMS335","(Trusted Seeds, Slopes (All), SMS (All))",-0.0062747082476417,1.09323085106088e-07,35,"1 9 13 31 46 61 70",1
"POOLED_gossip2Xslope2XSMS2ORgossip3Xslope2XSMS2ORgossip2Xslope3XSMS2ORgossip3Xslope3XSMS2ORgossip2Xslope2XSMS3ORgossip3Xslope2XSMS3ORgossip2Xslope3XSMS3ORgossip3Xslope3XSMS335","(Info Hubs (All), Slopes (All), SMS (All))",-0.00511287636801282,7.40320563829092e-09,35,"1 9 13 31 46 61 70",1
"POOLED_gossip2Xflat2ORgossip3Xflat2ORgossip2Xflat3ORgossip3Xflat336","(Info Hubs (All), Flats (All), No Reminder)",-0.0129512957240885,0.0065328112427347,36,"1 9 13 31 46 61 70",1
"POOLED_gossip2XSMS2ORgossip3XSMS2ORgossip2XSMS3ORgossip3XSMS333","(Info Hubs (All), No Incentives, SMS (All))",0.00347012477041725,1.29655320909997e-05,36,"1 9 13 31 46 61 70",1
"POOLED_Xslope2XSMS2ORXslope3XSMS2ORXslope2XSMS3ORXslope3XSMS336","(No Seeds, Slopes (All), SMS (All))",-0.00635494113991048,7.05754093798165e-11,36,"1 9 13 31 46 61 70",1
"POOLED_Xflat3XSMS2ORXflat3XSMS333","(No Seeds, High Flats, SMS (All))",-0.00661797553351135,8.34628518260432e-09,36,"1 9 13 31 46 61 70",1
"POOLED_random0Xslope2XSMS2ORrandom0Xslope3XSMS2ORrandom0Xslope2XSMS3ORrandom0Xslope3XSMS336","(Random Seeds, Slopes (All), SMS (All))",-0.00569537707198678,1.80988049344639e-09,36,"1 9 13 31 46 61 70",1
"POOLED_trusted0Xslope2XSMS2ORtrusted0Xslope3XSMS2ORtrusted0Xslope2XSMS3ORtrusted0Xslope3XSMS336","(Trusted Seeds, Slopes (All), SMS (All))",-0.00593178646311088,1.64787929358368e-08,36,"1 9 13 31 46 61 70",1
"POOLED_gossip2Xslope2XSMS2ORgossip3Xslope2XSMS2ORgossip2Xslope3XSMS2ORgossip3Xslope3XSMS2ORgossip2Xslope2XSMS3ORgossip3Xslope2XSMS3ORgossip2Xslope3XSMS3ORgossip3Xslope3XSMS336","(Info Hubs (All), Slopes (All), SMS (All))",-0.00448831769245424,4.00480973998804e-06,36,"1 9 13 31 46 61 70",1
"POOLED_gossip2Xflat2ORgossip3Xflat2ORgossip2Xflat3ORgossip3Xflat337","(Info Hubs (All), Flats (All), No Reminder)",-0.0112870062771225,0.000340188957714176,37,"1 9 13 31 46 61 70",1
"POOLED_gossip2XSMS2ORgossip3XSMS2ORgossip2XSMS3ORgossip3XSMS334","(Info Hubs (All), No Incentives, SMS (All))",0.00378133962978155,2.7330911427571e-07,37,"1 9 13 31 46 61 70",1
"POOLED_Xslope2XSMS2ORXslope3XSMS2ORXslope2XSMS3ORXslope3XSMS337","(No Seeds, Slopes (All), SMS (All))",-0.00554422761660656,2.88694347914054e-09,37,"1 9 13 31 46 61 70",1
"POOLED_Xflat3XSMS2ORXflat3XSMS334","(No Seeds, High Flats, SMS (All))",-0.00703291792249343,7.62119022493953e-08,37,"1 9 13 31 46 61 70",1
"POOLED_random0Xslope2XSMS2ORrandom0Xslope3XSMS2ORrandom0Xslope2XSMS3ORrandom0Xslope3XSMS337","(Random Seeds, Slopes (All), SMS (All))",-0.00772428277427279,2.29757282766559e-09,37,"1 9 13 31 46 61 70",1
"POOLED_trusted0Xslope2XSMS2ORtrusted0Xslope3XSMS2ORtrusted0Xslope2XSMS3ORtrusted0Xslope3XSMS337","(Trusted Seeds, Slopes (All), SMS (All))",-0.00558706554144262,5.82553458020514e-11,37,"1 9 13 31 46 61 70",1
"POOLED_gossip2Xslope2XSMS2ORgossip3Xslope2XSMS2ORgossip2Xslope3XSMS2ORgossip3Xslope3XSMS2ORgossip2Xslope2XSMS3ORgossip3Xslope2XSMS3ORgossip2Xslope3XSMS3ORgossip3Xslope3XSMS337","(Info Hubs (All), Slopes (All), SMS (All))",-0.00522838609892166,3.40881160787674e-06,37,"1 9 13 31 46 61 70",1
"POOLED_gossip2Xflat2ORgossip3Xflat2ORgossip2Xflat3ORgossip3Xflat338","(Info Hubs (All), Flats (All), No Reminder)",-0.015225936711942,0.000979154522879499,38,"1 9 13 31 46 61 70",1
"POOLED_gossip2XSMS2ORgossip3XSMS2ORgossip2XSMS3ORgossip3XSMS335","(Info Hubs (All), No Incentives, SMS (All))",0.00324052890871443,0.000143611618830087,38,"1 9 13 31 46 61 70",1
"POOLED_Xslope2XSMS2ORXslope3XSMS2ORXslope2XSMS3ORXslope3XSMS338","(No Seeds, Slopes (All), SMS (All))",-0.00658945213493794,5.1702611276942e-08,38,"1 9 13 31 46 61 70",1
"POOLED_Xflat3XSMS2ORXflat3XSMS335","(No Seeds, High Flats, SMS (All))",-0.00693709614425236,7.46437617061943e-08,38,"1 9 13 31 46 61 70",1
"POOLED_random0Xslope2XSMS2ORrandom0Xslope3XSMS2ORrandom0Xslope2XSMS3ORrandom0Xslope3XSMS338","(Random Seeds, Slopes (All), SMS (All))",-0.00669406109409351,1.89853088820467e-09,38,"1 9 13 31 46 61 70",1
"POOLED_trusted0Xslope2XSMS2ORtrusted0Xslope3XSMS2ORtrusted0Xslope2XSMS3ORtrusted0Xslope3XSMS338","(Trusted Seeds, Slopes (All), SMS (All))",-0.0054860798351927,3.20211858500412e-08,38,"1 9 13 31 46 61 70",1
"POOLED_gossip2Xslope2XSMS2ORgossip3Xslope2XSMS2ORgossip2Xslope3XSMS2ORgossip3Xslope3XSMS2ORgossip2Xslope2XSMS3ORgossip3Xslope2XSMS3ORgossip2Xslope3XSMS3ORgossip3Xslope3XSMS338","(Info Hubs (All), Slopes (All), SMS (All))",-0.00401453308580948,3.94407578340454e-06,38,"1 9 13 31 46 61 70",1
"POOLED_gossip2Xflat2ORgossip3Xflat2ORgossip2Xflat3ORgossip3Xflat339","(Info Hubs (All), Flats (All), No Reminder)",-0.0126216099233833,0.00227381309604414,39,"1 9 13 31 46 61 70",1
"POOLED_gossip2XSMS2ORgossip3XSMS2ORgossip2XSMS3ORgossip3XSMS336","(Info Hubs (All), No Incentives, SMS (All))",0.00406500380895928,2.96018159441598e-08,39,"1 9 13 31 46 61 70",1
"POOLED_Xslope2XSMS2ORXslope3XSMS2ORXslope2XSMS3ORXslope3XSMS339","(No Seeds, Slopes (All), SMS (All))",-0.00586149861845144,5.29597284220744e-08,39,"1 9 13 31 46 61 70",1
"POOLED_Xflat3XSMS2ORXflat3XSMS336","(No Seeds, High Flats, SMS (All))",-0.00581492578738187,1.21636004426739e-06,39,"1 9 13 31 46 61 70",1
"POOLED_random0Xslope2XSMS2ORrandom0Xslope3XSMS2ORrandom0Xslope2XSMS3ORrandom0Xslope3XSMS339","(Random Seeds, Slopes (All), SMS (All))",-0.00662465984197516,9.05211301268791e-10,39,"1 9 13 31 46 61 70",1
"POOLED_trusted0Xslope2XSMS2ORtrusted0Xslope3XSMS2ORtrusted0Xslope2XSMS3ORtrusted0Xslope3XSMS339","(Trusted Seeds, Slopes (All), SMS (All))",-0.0059473380638321,6.44874521041602e-07,39,"1 9 13 31 46 61 70",1
"POOLED_gossip2Xslope2XSMS2ORgossip3Xslope2XSMS2ORgossip2Xslope3XSMS2ORgossip3Xslope3XSMS2ORgossip2Xslope2XSMS3ORgossip3Xslope2XSMS3ORgossip2Xslope3XSMS3ORgossip3Xslope3XSMS339","(Info Hubs (All), Slopes (All), SMS (All))",-0.00433119129662869,3.53218727127188e-11,39,"1 9 13 31 46 61 70",1
"POOLED_gossip2Xflat2ORgossip3Xflat2ORgossip2Xflat3ORgossip3Xflat340","(Info Hubs (All), Flats (All), No Reminder)",-0.0116745464258024,0.00300684172427524,40,"1 9 13 31 46 61 70",1
"POOLED_gossip2XSMS2ORgossip3XSMS2ORgossip2XSMS3ORgossip3XSMS337","(Info Hubs (All), No Incentives, SMS (All))",0.00364830631723567,4.23895879699527e-06,40,"1 9 13 31 46 61 70",1
"POOLED_Xslope2XSMS2ORXslope3XSMS2ORXslope2XSMS3ORXslope3XSMS340","(No Seeds, Slopes (All), SMS (All))",-0.00617982095531689,3.30528665863107e-09,40,"1 9 13 31 46 61 70",1
"POOLED_Xflat3XSMS2ORXflat3XSMS337","(No Seeds, High Flats, SMS (All))",-0.00738427044814691,7.18012863579997e-06,40,"1 9 13 31 46 61 70",1
"POOLED_random0Xslope2XSMS2ORrandom0Xslope3XSMS2ORrandom0Xslope2XSMS3ORrandom0Xslope3XSMS340","(Random Seeds, Slopes (All), SMS (All))",-0.00634778426206464,2.47025237679844e-08,40,"1 9 13 31 46 61 70",1
"POOLED_trusted0Xslope2XSMS2ORtrusted0Xslope3XSMS2ORtrusted0Xslope2XSMS3ORtrusted0Xslope3XSMS340","(Trusted Seeds, Slopes (All), SMS (All))",-0.00616131053840187,6.08673134190368e-09,40,"1 9 13 31 46 61 70",1
"POOLED_gossip2Xslope2XSMS2ORgossip3Xslope2XSMS2ORgossip2Xslope3XSMS2ORgossip3Xslope3XSMS2ORgossip2Xslope2XSMS3ORgossip3Xslope2XSMS3ORgossip2Xslope3XSMS3ORgossip3Xslope3XSMS340","(Info Hubs (All), Slopes (All), SMS (All))",-0.00454346192941732,0.000548755294475505,40,"1 9 13 31 46 61 70",1
"POOLED_gossip2Xflat2ORgossip3Xflat2ORgossip2Xflat3ORgossip3Xflat341","(Info Hubs (All), Flats (All), No Reminder)",-0.0125270386978593,0.00151499867140114,41,"1 9 13 31 46 61 70",1
"POOLED_gossip2XSMS2ORgossip3XSMS2ORgossip2XSMS3ORgossip3XSMS338","(Info Hubs (All), No Incentives, SMS (All))",0.00454109821352225,8.93138222626181e-10,41,"1 9 13 31 46 61 70",1
"POOLED_Xslope2XSMS2ORXslope3XSMS2ORXslope2XSMS3ORXslope3XSMS341","(No Seeds, Slopes (All), SMS (All))",-0.00581752586321689,1.35931054826875e-07,41,"1 9 13 31 46 61 70",1
"POOLED_Xflat3XSMS2ORXflat3XSMS338","(No Seeds, High Flats, SMS (All))",-0.00618500941439431,1.26231758144546e-05,41,"1 9 13 31 46 61 70",1
"POOLED_random0Xslope2XSMS2ORrandom0Xslope3XSMS2ORrandom0Xslope2XSMS3ORrandom0Xslope3XSMS341","(Random Seeds, Slopes (All), SMS (All))",-0.00631303041605213,2.50924744407548e-08,41,"1 9 13 31 46 61 70",1
"POOLED_trusted0Xslope2XSMS2ORtrusted0Xslope3XSMS2ORtrusted0Xslope2XSMS3ORtrusted0Xslope3XSMS341","(Trusted Seeds, Slopes (All), SMS (All))",-0.0055719133935282,4.65029199600706e-07,41,"1 9 13 31 46 61 70",1
"POOLED_gossip2Xslope2XSMS2ORgossip3Xslope2XSMS2ORgossip2Xslope3XSMS2ORgossip3Xslope3XSMS2ORgossip2Xslope2XSMS3ORgossip3Xslope2XSMS3ORgossip2Xslope3XSMS3ORgossip3Xslope3XSMS341","(Info Hubs (All), Slopes (All), SMS (All))",-0.00549444790843943,6.09615564568113e-07,41,"1 9 13 31 46 61 70",1
"POOLED_gossip2Xflat2ORgossip3Xflat2ORgossip2Xflat3ORgossip3Xflat342","(Info Hubs (All), Flats (All), No Reminder)",-0.0126200864341576,0.00456283192871749,42,"1 9 13 31 46 61 70",1
"POOLED_gossip2XSMS2ORgossip3XSMS2ORgossip2XSMS3ORgossip3XSMS339","(Info Hubs (All), No Incentives, SMS (All))",0.0043209181254124,2.092114617741e-08,42,"1 9 13 31 46 61 70",1
"POOLED_Xslope2XSMS2ORXslope3XSMS2ORXslope2XSMS3ORXslope3XSMS342","(No Seeds, Slopes (All), SMS (All))",-0.00575838053016873,2.44613696018698e-06,42,"1 9 13 31 46 61 70",1
"POOLED_Xflat3XSMS2ORXflat3XSMS339","(No Seeds, High Flats, SMS (All))",-0.00712896278423091,3.8644175629962e-06,42,"1 9 13 31 46 61 70",1
"POOLED_random0Xslope2XSMS2ORrandom0Xslope3XSMS2ORrandom0Xslope2XSMS3ORrandom0Xslope3XSMS342","(Random Seeds, Slopes (All), SMS (All))",-0.00649823007726275,2.10219158330402e-07,42,"1 9 13 31 46 61 70",1
"POOLED_trusted0Xslope2XSMS2ORtrusted0Xslope3XSMS2ORtrusted0Xslope2XSMS3ORtrusted0Xslope3XSMS342","(Trusted Seeds, Slopes (All), SMS (All))",-0.00480417089782859,4.45826303354318e-07,42,"1 9 13 31 46 61 70",1
"POOLED_gossip2Xslope2XSMS2ORgossip3Xslope2XSMS2ORgossip2Xslope3XSMS2ORgossip3Xslope3XSMS2ORgossip2Xslope2XSMS3ORgossip3Xslope2XSMS3ORgossip2Xslope3XSMS3ORgossip3Xslope3XSMS342","(Info Hubs (All), Slopes (All), SMS (All))",-0.00411199088916939,0.000288235234516375,42,"1 9 13 31 46 61 70",1
"POOLED_gossip2Xflat2ORgossip3Xflat2ORgossip2Xflat3ORgossip3Xflat343","(Info Hubs (All), Flats (All), No Reminder)",-0.0124904492670697,0.0101739457035535,43,"1 9 13 31 46 61 70",1
"POOLED_gossip2XSMS2ORgossip3XSMS2ORgossip2XSMS3ORgossip3XSMS340","(Info Hubs (All), No Incentives, SMS (All))",0.00337959890209023,6.99730063605217e-05,43,"1 9 13 31 46 61 70",1
"POOLED_Xslope2XSMS2ORXslope3XSMS2ORXslope2XSMS3ORXslope3XSMS343","(No Seeds, Slopes (All), SMS (All))",-0.00668238294800801,1.53212746761142e-08,43,"1 9 13 31 46 61 70",1
"POOLED_Xflat3XSMS2ORXflat3XSMS340","(No Seeds, High Flats, SMS (All))",-0.00693117515373071,7.40087379926266e-07,43,"1 9 13 31 46 61 70",1
"POOLED_random0Xslope2XSMS2ORrandom0Xslope3XSMS2ORrandom0Xslope2XSMS3ORrandom0Xslope3XSMS343","(Random Seeds, Slopes (All), SMS (All))",-0.00718456132797025,2.59086969301409e-10,43,"1 9 13 31 46 61 70",1
"POOLED_trusted0Xslope2XSMS2ORtrusted0Xslope3XSMS2ORtrusted0Xslope2XSMS3ORtrusted0Xslope3XSMS343","(Trusted Seeds, Slopes (All), SMS (All))",-0.00580975738406496,2.15959728198125e-09,43,"1 9 13 31 46 61 70",1
"POOLED_gossip2Xslope2XSMS2ORgossip3Xslope2XSMS2ORgossip2Xslope3XSMS2ORgossip3Xslope3XSMS2ORgossip2Xslope2XSMS3ORgossip3Xslope2XSMS3ORgossip2Xslope3XSMS3ORgossip3Xslope3XSMS343","(Info Hubs (All), Slopes (All), SMS (All))",-0.00386040554933633,1.61767953653866e-06,43,"1 9 13 31 46 61 70",1
"POOLED_gossip2Xflat2ORgossip3Xflat2ORgossip2Xflat3ORgossip3Xflat344","(Info Hubs (All), Flats (All), No Reminder)",-0.0115493791785499,0.00554075910831032,44,"1 9 13 31 46 61 70",1
"POOLED_gossip2XSMS2ORgossip3XSMS2ORgossip2XSMS3ORgossip3XSMS341","(Info Hubs (All), No Incentives, SMS (All))",0.00411602875093661,1.94482254435887e-08,44,"1 9 13 31 46 61 70",1
"POOLED_Xslope2XSMS2ORXslope3XSMS2ORXslope2XSMS3ORXslope3XSMS344","(No Seeds, Slopes (All), SMS (All))",-0.00567701541075903,2.09132463242996e-06,44,"1 9 13 31 46 61 70",1
"POOLED_Xflat3XSMS2ORXflat3XSMS341","(No Seeds, High Flats, SMS (All))",-0.00596168113600001,6.95128317266839e-06,44,"1 9 13 31 46 61 70",1
"POOLED_random0Xslope2XSMS2ORrandom0Xslope3XSMS2ORrandom0Xslope2XSMS3ORrandom0Xslope3XSMS344","(Random Seeds, Slopes (All), SMS (All))",-0.00687469951519526,7.12572644231014e-09,44,"1 9 13 31 46 61 70",1
"POOLED_trusted0Xslope2XSMS2ORtrusted0Xslope3XSMS2ORtrusted0Xslope2XSMS3ORtrusted0Xslope3XSMS344","(Trusted Seeds, Slopes (All), SMS (All))",-0.0065572995294603,6.45919770947696e-08,44,"1 9 13 31 46 61 70",1
"POOLED_gossip2Xslope2XSMS2ORgossip3Xslope2XSMS2ORgossip2Xslope3XSMS2ORgossip3Xslope3XSMS2ORgossip2Xslope2XSMS3ORgossip3Xslope2XSMS3ORgossip2Xslope3XSMS3ORgossip3Xslope3XSMS344","(Info Hubs (All), Slopes (All), SMS (All))",-0.00361929324852161,1.70751423435549e-06,44,"1 9 13 31 46 61 70",1
"POOLED_Xslope2ORXslope33","(No Seeds, Slope (All), No Reminder)",-0.00575160886924161,3.57852508949545e-12,45,"1 3 9 10 31 46 61 63 67",2
"POOLED_gossip2Xslope2ORgossip3Xslope2ORgossip2Xslope3ORgossip3Xslope33","(Info Hubs (All), Slopes (All), No Reminder)",-0.00584050794424391,5.44755712964988e-05,45,"1 3 9 10 31 46 61 63 67",2
"POOLED_gossip2Xflat2ORgossip3Xflat2ORgossip2Xflat3ORgossip3Xflat345","(Info Hubs (All), Flats (All), No Reminder)",-0.0152879684600044,0.00145106493731103,45,"1 3 9 10 31 46 61 63 67",2
"POOLED_Xslope2XSMS2ORXslope3XSMS2ORXslope2XSMS3ORXslope3XSMS345","(No Seeds, Slopes (All), SMS (All))",-0.00777010929904166,2.61956552659634e-16,45,"1 3 9 10 31 46 61 63 67",2
"POOLED_Xflat2XSMS2ORXflat3XSMS2ORXflat2XSMS3ORXflat3XSMS33","(No Seeds, Flats (All), SMS (All))",-0.00524863218867803,1.44735268084348e-08,45,"1 3 9 10 31 46 61 63 67",2
"POOLED_random0Xslope2XSMS2ORrandom0Xslope3XSMS2ORrandom0Xslope2XSMS3ORrandom0Xslope3XSMS345","(Random Seeds, Slopes (All), SMS (All))",-0.00859207614382989,1.44410731997047e-12,45,"1 3 9 10 31 46 61 63 67",2
"POOLED_trusted0Xslope2XSMS2ORtrusted0Xslope3XSMS2ORtrusted0Xslope2XSMS3ORtrusted0Xslope3XSMS345","(Trusted Seeds, Slopes (All), SMS (All))",-0.00785444904542024,2.04721799065698e-12,45,"1 3 9 10 31 46 61 63 67",2
"POOLED_gossip2Xslope2XSMS2ORgossip3Xslope2XSMS2ORgossip2Xslope3XSMS2ORgossip3Xslope3XSMS2ORgossip2Xslope2XSMS3ORgossip3Xslope2XSMS3ORgossip2Xslope3XSMS3ORgossip3Xslope3XSMS345","(Info Hubs (All), Slopes (All), SMS (All))",-0.00638023477370677,4.59970487725521e-13,45,"1 3 9 10 31 46 61 63 67",2
"POOLED_gossip2Xflat3XSMS2ORgossip3Xflat3XSMS2ORgossip2Xflat3XSMS3ORgossip3Xflat3XSMS33","(Info Hubs (All), High Flats, SMS (All))",-0.00829224437363452,3.86450840747011e-13,45,"1 3 9 10 31 46 61 63 67",2
"POOLED_gossip2Xflat2ORgossip3Xflat2ORgossip2Xflat3ORgossip3Xflat346","(Info Hubs (All), Flats (All), No Reminder)",-0.00872529650457023,0.0057090177830267,46,"1 9 13 31 46 61 70",1
"POOLED_gossip2XSMS2ORgossip3XSMS2ORgossip2XSMS3ORgossip3XSMS342","(Info Hubs (All), No Incentives, SMS (All))",0.00394130615125031,2.99801853753041e-06,46,"1 9 13 31 46 61 70",1
"POOLED_Xslope2XSMS2ORXslope3XSMS2ORXslope2XSMS3ORXslope3XSMS346","(No Seeds, Slopes (All), SMS (All))",-0.00548565930218022,1.14755438746004e-09,46,"1 9 13 31 46 61 70",1
"POOLED_Xflat3XSMS2ORXflat3XSMS342","(No Seeds, High Flats, SMS (All))",-0.00727914833089632,3.16314435757914e-06,46,"1 9 13 31 46 61 70",1
"POOLED_random0Xslope2XSMS2ORrandom0Xslope3XSMS2ORrandom0Xslope2XSMS3ORrandom0Xslope3XSMS346","(Random Seeds, Slopes (All), SMS (All))",-0.00686672438486363,3.22901482106884e-09,46,"1 9 13 31 46 61 70",1
"POOLED_trusted0Xslope2XSMS2ORtrusted0Xslope3XSMS2ORtrusted0Xslope2XSMS3ORtrusted0Xslope3XSMS346","(Trusted Seeds, Slopes (All), SMS (All))",-0.00560565143430717,1.92359749005966e-09,46,"1 9 13 31 46 61 70",1
"POOLED_gossip2Xslope2XSMS2ORgossip3Xslope2XSMS2ORgossip2Xslope3XSMS2ORgossip3Xslope3XSMS2ORgossip2Xslope2XSMS3ORgossip3Xslope2XSMS3ORgossip2Xslope3XSMS3ORgossip3Xslope3XSMS346","(Info Hubs (All), Slopes (All), SMS (All))",-0.00422852142074984,0.000228723503346322,46,"1 9 13 31 46 61 70",1
"POOLED_gossip2Xflat2ORgossip3Xflat2ORgossip2Xflat3ORgossip3Xflat347","(Info Hubs (All), Flats (All), No Reminder)",-0.00954812148535072,0.00155952682891349,47,"1 9 13 31 46 61 70",1
"POOLED_gossip2XSMS2ORgossip3XSMS2ORgossip2XSMS3ORgossip3XSMS343","(Info Hubs (All), No Incentives, SMS (All))",0.00420554378169568,9.12786815545018e-07,47,"1 9 13 31 46 61 70",1
"POOLED_Xslope2XSMS2ORXslope3XSMS2ORXslope2XSMS3ORXslope3XSMS347","(No Seeds, Slopes (All), SMS (All))",-0.00566987986185057,5.57275251944733e-05,47,"1 9 13 31 46 61 70",1
"POOLED_Xflat3XSMS2ORXflat3XSMS343","(No Seeds, High Flats, SMS (All))",-0.00617853169179866,4.60485664351091e-06,47,"1 9 13 31 46 61 70",1
"POOLED_random0Xslope2XSMS2ORrandom0Xslope3XSMS2ORrandom0Xslope2XSMS3ORrandom0Xslope3XSMS347","(Random Seeds, Slopes (All), SMS (All))",-0.00636492816208329,1.90828774944403e-08,47,"1 9 13 31 46 61 70",1
"POOLED_trusted0Xslope2XSMS2ORtrusted0Xslope3XSMS2ORtrusted0Xslope2XSMS3ORtrusted0Xslope3XSMS347","(Trusted Seeds, Slopes (All), SMS (All))",-0.00490906060800024,5.73951938484527e-06,47,"1 9 13 31 46 61 70",1
"POOLED_gossip2Xslope2XSMS2ORgossip3Xslope2XSMS2ORgossip2Xslope3XSMS2ORgossip3Xslope3XSMS2ORgossip2Xslope2XSMS3ORgossip3Xslope2XSMS3ORgossip2Xslope3XSMS3ORgossip3Xslope3XSMS347","(Info Hubs (All), Slopes (All), SMS (All))",-0.00458342446969615,8.3346563464197e-08,47,"1 9 13 31 46 61 70",1
"POOLED_gossip2Xflat2ORgossip3Xflat2ORgossip2Xflat3ORgossip3Xflat348","(Info Hubs (All), Flats (All), No Reminder)",-0.0133375750799572,0.00462549980310524,48,"1 9 13 31 46 61 70",1
"POOLED_gossip2XSMS2ORgossip3XSMS2ORgossip2XSMS3ORgossip3XSMS344","(Info Hubs (All), No Incentives, SMS (All))",0.00386335836269941,2.3037467940094e-06,48,"1 9 13 31 46 61 70",1
"POOLED_Xslope2XSMS2ORXslope3XSMS2ORXslope2XSMS3ORXslope3XSMS348","(No Seeds, Slopes (All), SMS (All))",-0.00611043435898276,4.5201131538691e-09,48,"1 9 13 31 46 61 70",1
"POOLED_Xflat3XSMS2ORXflat3XSMS344","(No Seeds, High Flats, SMS (All))",-0.0069976679004451,6.40261121292655e-08,48,"1 9 13 31 46 61 70",1
"POOLED_random0Xslope2XSMS2ORrandom0Xslope3XSMS2ORrandom0Xslope2XSMS3ORrandom0Xslope3XSMS348","(Random Seeds, Slopes (All), SMS (All))",-0.0067598216316983,2.87049491295861e-08,48,"1 9 13 31 46 61 70",1
"POOLED_trusted0Xslope2XSMS2ORtrusted0Xslope3XSMS2ORtrusted0Xslope2XSMS3ORtrusted0Xslope3XSMS348","(Trusted Seeds, Slopes (All), SMS (All))",-0.00593397340054794,3.87539629412282e-06,48,"1 9 13 31 46 61 70",1
"POOLED_gossip2Xslope2XSMS2ORgossip3Xslope2XSMS2ORgossip2Xslope3XSMS2ORgossip3Xslope3XSMS2ORgossip2Xslope2XSMS3ORgossip3Xslope2XSMS3ORgossip2Xslope3XSMS3ORgossip3Xslope3XSMS348","(Info Hubs (All), Slopes (All), SMS (All))",-0.0038745467992227,2.69982239491699e-05,48,"1 9 13 31 46 61 70",1
"POOLED_gossip2Xflat2ORgossip3Xflat2ORgossip2Xflat3ORgossip3Xflat349","(Info Hubs (All), Flats (All), No Reminder)",-0.0132419694991554,0.00542374487066723,49,"1 9 13 31 46 61 70",1
"POOLED_gossip2XSMS2ORgossip3XSMS2ORgossip2XSMS3ORgossip3XSMS345","(Info Hubs (All), No Incentives, SMS (All))",0.00336566289052487,0.000215983845375958,49,"1 9 13 31 46 61 70",1
"POOLED_Xslope2XSMS2ORXslope3XSMS2ORXslope2XSMS3ORXslope3XSMS349","(No Seeds, Slopes (All), SMS (All))",-0.00551199284537921,4.61787092490898e-09,49,"1 9 13 31 46 61 70",1
"POOLED_Xflat3XSMS2ORXflat3XSMS345","(No Seeds, High Flats, SMS (All))",-0.00611516904442081,1.31115700957289e-07,49,"1 9 13 31 46 61 70",1
"POOLED_random0Xslope2XSMS2ORrandom0Xslope3XSMS2ORrandom0Xslope2XSMS3ORrandom0Xslope3XSMS349","(Random Seeds, Slopes (All), SMS (All))",-0.00774954041805901,1.12103176404092e-10,49,"1 9 13 31 46 61 70",1
"POOLED_trusted0Xslope2XSMS2ORtrusted0Xslope3XSMS2ORtrusted0Xslope2XSMS3ORtrusted0Xslope3XSMS349","(Trusted Seeds, Slopes (All), SMS (All))",-0.00572347600296157,3.38794926067599e-05,49,"1 9 13 31 46 61 70",1
"POOLED_gossip2Xslope2XSMS2ORgossip3Xslope2XSMS2ORgossip2Xslope3XSMS2ORgossip3Xslope3XSMS2ORgossip2Xslope2XSMS3ORgossip3Xslope2XSMS3ORgossip2Xslope3XSMS3ORgossip3Xslope3XSMS349","(Info Hubs (All), Slopes (All), SMS (All))",-0.00463274713733077,1.94136050532216e-05,49,"1 9 13 31 46 61 70",1
"POOLED_gossip2Xflat2ORgossip3Xflat2ORgossip2Xflat3ORgossip3Xflat350","(Info Hubs (All), Flats (All), No Reminder)",-0.0125864344612818,0.000353041065587396,50,"1 9 13 31 46 61 70",1
"POOLED_gossip2XSMS2ORgossip3XSMS2ORgossip2XSMS3ORgossip3XSMS346","(Info Hubs (All), No Incentives, SMS (All))",0.0037491871331539,6.89199945813366e-07,50,"1 9 13 31 46 61 70",1
"POOLED_Xslope2XSMS2ORXslope3XSMS2ORXslope2XSMS3ORXslope3XSMS350","(No Seeds, Slopes (All), SMS (All))",-0.00688107011931961,1.51375269523875e-11,50,"1 9 13 31 46 61 70",1
"POOLED_Xflat3XSMS2ORXflat3XSMS346","(No Seeds, High Flats, SMS (All))",-0.00867330436314407,8.93339661377772e-05,50,"1 9 13 31 46 61 70",1
"POOLED_random0Xslope2XSMS2ORrandom0Xslope3XSMS2ORrandom0Xslope2XSMS3ORrandom0Xslope3XSMS350","(Random Seeds, Slopes (All), SMS (All))",-0.00661841699869303,1.1801152925874e-10,50,"1 9 13 31 46 61 70",1
"POOLED_trusted0Xslope2XSMS2ORtrusted0Xslope3XSMS2ORtrusted0Xslope2XSMS3ORtrusted0Xslope3XSMS350","(Trusted Seeds, Slopes (All), SMS (All))",-0.00488348989010883,3.14926587820891e-06,50,"1 9 13 31 46 61 70",1
"POOLED_gossip2Xslope2XSMS2ORgossip3Xslope2XSMS2ORgossip2Xslope3XSMS2ORgossip3Xslope3XSMS2ORgossip2Xslope2XSMS3ORgossip3Xslope2XSMS3ORgossip2Xslope3XSMS3ORgossip3Xslope3XSMS350","(Info Hubs (All), Slopes (All), SMS (All))",-0.00400370729071657,4.30941322544935e-08,50,"1 9 13 31 46 61 70",1
"POOLED_gossip2Xflat2ORgossip3Xflat2ORgossip2Xflat3ORgossip3Xflat351","(Info Hubs (All), Flats (All), No Reminder)",-0.0147223218393459,0.000670966019173666,51,"1 9 13 31 46 61 70",1
"POOLED_gossip2XSMS2ORgossip3XSMS2ORgossip2XSMS3ORgossip3XSMS347","(Info Hubs (All), No Incentives, SMS (All))",0.00392616437732417,5.42329064172854e-07,51,"1 9 13 31 46 61 70",1
"POOLED_Xslope2XSMS2ORXslope3XSMS2ORXslope2XSMS3ORXslope3XSMS351","(No Seeds, Slopes (All), SMS (All))",-0.00696163312885324,4.43776937682901e-08,51,"1 9 13 31 46 61 70",1
"POOLED_Xflat3XSMS2ORXflat3XSMS347","(No Seeds, High Flats, SMS (All))",-0.00699889691132106,6.76711863119042e-06,51,"1 9 13 31 46 61 70",1
"POOLED_random0Xslope2XSMS2ORrandom0Xslope3XSMS2ORrandom0Xslope2XSMS3ORrandom0Xslope3XSMS351","(Random Seeds, Slopes (All), SMS (All))",-0.00654790236268386,1.32712552887574e-08,51,"1 9 13 31 46 61 70",1
"POOLED_trusted0Xslope2XSMS2ORtrusted0Xslope3XSMS2ORtrusted0Xslope2XSMS3ORtrusted0Xslope3XSMS351","(Trusted Seeds, Slopes (All), SMS (All))",-0.00548883855886794,8.21476336432231e-11,51,"1 9 13 31 46 61 70",1
"POOLED_gossip2Xslope2XSMS2ORgossip3Xslope2XSMS2ORgossip2Xslope3XSMS2ORgossip3Xslope3XSMS2ORgossip2Xslope2XSMS3ORgossip3Xslope2XSMS3ORgossip2Xslope3XSMS3ORgossip3Xslope3XSMS351","(Info Hubs (All), Slopes (All), SMS (All))",-0.00475507868430994,0.000230446183908281,51,"1 9 13 31 46 61 70",1
"POOLED_Xslope2ORXslope34","(No Seeds, Slope (All), No Reminder)",-0.00668265760145054,9.34797399858484e-06,52,"1 3 9 10 31 46 61 63 67",2
"POOLED_gossip2Xslope2ORgossip3Xslope2ORgossip2Xslope3ORgossip3Xslope34","(Info Hubs (All), Slopes (All), No Reminder)",-0.0063083732347473,9.15139595728107e-06,52,"1 3 9 10 31 46 61 63 67",2
"POOLED_gossip2Xflat2ORgossip3Xflat2ORgossip2Xflat3ORgossip3Xflat352","(Info Hubs (All), Flats (All), No Reminder)",-0.0138760220723152,0.00343777889541467,52,"1 3 9 10 31 46 61 63 67",2
"POOLED_Xslope2XSMS2ORXslope3XSMS2ORXslope2XSMS3ORXslope3XSMS352","(No Seeds, Slopes (All), SMS (All))",-0.00790425105355359,1.41598882441996e-12,52,"1 3 9 10 31 46 61 63 67",2
"POOLED_Xflat2XSMS2ORXflat3XSMS2ORXflat2XSMS3ORXflat3XSMS34","(No Seeds, Flats (All), SMS (All))",-0.00467488977255229,1.42173471314026e-06,52,"1 3 9 10 31 46 61 63 67",2
"POOLED_random0Xslope2XSMS2ORrandom0Xslope3XSMS2ORrandom0Xslope2XSMS3ORrandom0Xslope3XSMS352","(Random Seeds, Slopes (All), SMS (All))",-0.00883557168706738,7.42837099306228e-13,52,"1 3 9 10 31 46 61 63 67",2
"POOLED_trusted0Xslope2XSMS2ORtrusted0Xslope3XSMS2ORtrusted0Xslope2XSMS3ORtrusted0Xslope3XSMS352","(Trusted Seeds, Slopes (All), SMS (All))",-0.00692631779517021,2.37791927099991e-13,52,"1 3 9 10 31 46 61 63 67",2
"POOLED_gossip2Xslope2XSMS2ORgossip3Xslope2XSMS2ORgossip2Xslope3XSMS2ORgossip3Xslope3XSMS2ORgossip2Xslope2XSMS3ORgossip3Xslope2XSMS3ORgossip2Xslope3XSMS3ORgossip3Xslope3XSMS352","(Info Hubs (All), Slopes (All), SMS (All))",-0.00596335642729044,3.58685908219552e-12,52,"1 3 9 10 31 46 61 63 67",2
"POOLED_gossip2Xflat3XSMS2ORgossip3Xflat3XSMS2ORgossip2Xflat3XSMS3ORgossip3Xflat3XSMS34","(Info Hubs (All), High Flats, SMS (All))",-0.00856150417824375,1.2131397695447e-10,52,"1 3 9 10 31 46 61 63 67",2
"POOLED_gossip2Xflat2ORgossip3Xflat2ORgossip2Xflat3ORgossip3Xflat353","(Info Hubs (All), Flats (All), No Reminder)",-0.0120486385690366,0.0103171282576017,53,"1 9 13 31 46 61 70",1
"POOLED_gossip2XSMS2ORgossip3XSMS2ORgossip2XSMS3ORgossip3XSMS348","(Info Hubs (All), No Incentives, SMS (All))",0.00381932218628276,4.97829400408435e-06,53,"1 9 13 31 46 61 70",1
"POOLED_Xslope2XSMS2ORXslope3XSMS2ORXslope2XSMS3ORXslope3XSMS353","(No Seeds, Slopes (All), SMS (All))",-0.00657932894172704,4.65873995850339e-08,53,"1 9 13 31 46 61 70",1
"POOLED_Xflat3XSMS2ORXflat3XSMS348","(No Seeds, High Flats, SMS (All))",-0.00721772959103227,3.58861529804273e-08,53,"1 9 13 31 46 61 70",1
"POOLED_random0Xslope2XSMS2ORrandom0Xslope3XSMS2ORrandom0Xslope2XSMS3ORrandom0Xslope3XSMS353","(Random Seeds, Slopes (All), SMS (All))",-0.00705116261120813,2.55138066021651e-08,53,"1 9 13 31 46 61 70",1
"POOLED_trusted0Xslope2XSMS2ORtrusted0Xslope3XSMS2ORtrusted0Xslope2XSMS3ORtrusted0Xslope3XSMS353","(Trusted Seeds, Slopes (All), SMS (All))",-0.0064629863673115,2.20719498336053e-07,53,"1 9 13 31 46 61 70",1
"POOLED_gossip2Xslope2XSMS2ORgossip3Xslope2XSMS2ORgossip2Xslope3XSMS2ORgossip3Xslope3XSMS2ORgossip2Xslope2XSMS3ORgossip3Xslope2XSMS3ORgossip2Xslope3XSMS3ORgossip3Xslope3XSMS353","(Info Hubs (All), Slopes (All), SMS (All))",-0.00544380998675136,0.00461745626866269,53,"1 9 13 31 46 61 70",1
"POOLED_gossip2Xflat2ORgossip3Xflat2ORgossip2Xflat3ORgossip3Xflat354","(Info Hubs (All), Flats (All), No Reminder)",-0.0124947516403357,0.00188472616904201,54,"1 9 13 31 46 61 70",1
"POOLED_gossip2XSMS2ORgossip3XSMS2ORgossip2XSMS3ORgossip3XSMS349","(Info Hubs (All), No Incentives, SMS (All))",0.00354368191513377,2.56556916186602e-05,54,"1 9 13 31 46 61 70",1
"POOLED_Xslope2XSMS2ORXslope3XSMS2ORXslope2XSMS3ORXslope3XSMS354","(No Seeds, Slopes (All), SMS (All))",-0.00594542417203165,2.60315205495549e-08,54,"1 9 13 31 46 61 70",1
"POOLED_Xflat3XSMS2ORXflat3XSMS349","(No Seeds, High Flats, SMS (All))",-0.00541572190458016,1.17509698111061e-05,54,"1 9 13 31 46 61 70",1
"POOLED_random0Xslope2XSMS2ORrandom0Xslope3XSMS2ORrandom0Xslope2XSMS3ORrandom0Xslope3XSMS354","(Random Seeds, Slopes (All), SMS (All))",-0.00534898445669118,7.93254524082994e-10,54,"1 9 13 31 46 61 70",1
"POOLED_trusted0Xslope2XSMS2ORtrusted0Xslope3XSMS2ORtrusted0Xslope2XSMS3ORtrusted0Xslope3XSMS354","(Trusted Seeds, Slopes (All), SMS (All))",-0.00620106671104889,3.91458349927145e-07,54,"1 9 13 31 46 61 70",1
"POOLED_gossip2Xslope2XSMS2ORgossip3Xslope2XSMS2ORgossip2Xslope3XSMS2ORgossip3Xslope3XSMS2ORgossip2Xslope2XSMS3ORgossip3Xslope2XSMS3ORgossip2Xslope3XSMS3ORgossip3Xslope3XSMS354","(Info Hubs (All), Slopes (All), SMS (All))",-0.00507102855682977,3.73334683630161e-06,54,"1 9 13 31 46 61 70",1
"POOLED_gossip2Xflat2ORgossip3Xflat2ORgossip2Xflat3ORgossip3Xflat355","(Info Hubs (All), Flats (All), No Reminder)",-0.00998754910311018,0.00414989041294781,55,"1 9 13 31 46 61 70",1
"POOLED_gossip2XSMS2ORgossip3XSMS2ORgossip2XSMS3ORgossip3XSMS350","(Info Hubs (All), No Incentives, SMS (All))",0.00353797610311998,2.35490633558124e-05,55,"1 9 13 31 46 61 70",1
"POOLED_Xslope2XSMS2ORXslope3XSMS2ORXslope2XSMS3ORXslope3XSMS355","(No Seeds, Slopes (All), SMS (All))",-0.00624535450214229,2.17233384658804e-07,55,"1 9 13 31 46 61 70",1
"POOLED_Xflat3XSMS2ORXflat3XSMS350","(No Seeds, High Flats, SMS (All))",-0.00544155878121746,1.92657839041068e-05,55,"1 9 13 31 46 61 70",1
"POOLED_random0Xslope2XSMS2ORrandom0Xslope3XSMS2ORrandom0Xslope2XSMS3ORrandom0Xslope3XSMS355","(Random Seeds, Slopes (All), SMS (All))",-0.00624641516672093,3.55341254113292e-09,55,"1 9 13 31 46 61 70",1
"POOLED_trusted0Xslope2XSMS2ORtrusted0Xslope3XSMS2ORtrusted0Xslope2XSMS3ORtrusted0Xslope3XSMS355","(Trusted Seeds, Slopes (All), SMS (All))",-0.005766681534106,1.30854588457054e-08,55,"1 9 13 31 46 61 70",1
"POOLED_gossip2Xslope2XSMS2ORgossip3Xslope2XSMS2ORgossip2Xslope3XSMS2ORgossip3Xslope3XSMS2ORgossip2Xslope2XSMS3ORgossip3Xslope2XSMS3ORgossip2Xslope3XSMS3ORgossip3Xslope3XSMS355","(Info Hubs (All), Slopes (All), SMS (All))",-0.00436131093160123,0.000452090120002657,55,"1 9 13 31 46 61 70",1
"POOLED_gossip2Xflat2ORgossip3Xflat2ORgossip2Xflat3ORgossip3Xflat356","(Info Hubs (All), Flats (All), No Reminder)",-0.0112889568205684,0.0024454007741333,56,"1 9 13 31 46 61 70",1
"POOLED_gossip2XSMS2ORgossip3XSMS2ORgossip2XSMS3ORgossip3XSMS351","(Info Hubs (All), No Incentives, SMS (All))",0.00419964578809221,1.95716768022524e-09,56,"1 9 13 31 46 61 70",1
"POOLED_Xslope2XSMS2ORXslope3XSMS2ORXslope2XSMS3ORXslope3XSMS356","(No Seeds, Slopes (All), SMS (All))",-0.0052859939832375,9.13459518045985e-10,56,"1 9 13 31 46 61 70",1
"POOLED_Xflat3XSMS2ORXflat3XSMS351","(No Seeds, High Flats, SMS (All))",-0.00547605614176467,3.69699003044251e-08,56,"1 9 13 31 46 61 70",1
"POOLED_random0Xslope2XSMS2ORrandom0Xslope3XSMS2ORrandom0Xslope2XSMS3ORrandom0Xslope3XSMS356","(Random Seeds, Slopes (All), SMS (All))",-0.00671865005283932,8.87739793281245e-10,56,"1 9 13 31 46 61 70",1
"POOLED_trusted0Xslope2XSMS2ORtrusted0Xslope3XSMS2ORtrusted0Xslope2XSMS3ORtrusted0Xslope3XSMS356","(Trusted Seeds, Slopes (All), SMS (All))",-0.0062197643417597,2.66330295450844e-07,56,"1 9 13 31 46 61 70",1
"POOLED_gossip2Xslope2XSMS2ORgossip3Xslope2XSMS2ORgossip2Xslope3XSMS2ORgossip3Xslope3XSMS2ORgossip2Xslope2XSMS3ORgossip3Xslope2XSMS3ORgossip2Xslope3XSMS3ORgossip3Xslope3XSMS356","(Info Hubs (All), Slopes (All), SMS (All))",-0.00573266832586125,0.000536782623377308,56,"1 9 13 31 46 61 70",1
"POOLED_gossip2Xflat2ORgossip3Xflat2ORgossip2Xflat3ORgossip3Xflat357","(Info Hubs (All), Flats (All), No Reminder)",-0.0120444666556066,0.00302924118552113,57,"1 9 13 31 46 61 70",1
"POOLED_gossip2XSMS2ORgossip3XSMS2ORgossip2XSMS3ORgossip3XSMS352","(Info Hubs (All), No Incentives, SMS (All))",0.00417285516747456,2.48882959550113e-07,57,"1 9 13 31 46 61 70",1
"POOLED_Xslope2XSMS2ORXslope3XSMS2ORXslope2XSMS3ORXslope3XSMS357","(No Seeds, Slopes (All), SMS (All))",-0.0060001121935843,4.63762795872939e-09,57,"1 9 13 31 46 61 70",1
"POOLED_Xflat3XSMS2ORXflat3XSMS352","(No Seeds, High Flats, SMS (All))",-0.00650414961266688,2.62572911008528e-08,57,"1 9 13 31 46 61 70",1
"POOLED_random0Xslope2XSMS2ORrandom0Xslope3XSMS2ORrandom0Xslope2XSMS3ORrandom0Xslope3XSMS357","(Random Seeds, Slopes (All), SMS (All))",-0.00636912205668934,9.96161019356284e-09,57,"1 9 13 31 46 61 70",1
"POOLED_trusted0Xslope2XSMS2ORtrusted0Xslope3XSMS2ORtrusted0Xslope2XSMS3ORtrusted0Xslope3XSMS357","(Trusted Seeds, Slopes (All), SMS (All))",-0.00580282011816891,3.22081752625269e-08,57,"1 9 13 31 46 61 70",1
"POOLED_gossip2Xslope2XSMS2ORgossip3Xslope2XSMS2ORgossip2Xslope3XSMS2ORgossip3Xslope3XSMS2ORgossip2Xslope2XSMS3ORgossip3Xslope2XSMS3ORgossip2Xslope3XSMS3ORgossip3Xslope3XSMS357","(Info Hubs (All), Slopes (All), SMS (All))",-0.00491990466101764,1.5009027141353e-05,57,"1 9 13 31 46 61 70",1
"POOLED_gossip2Xflat2ORgossip3Xflat2ORgossip2Xflat3ORgossip3Xflat358","(Info Hubs (All), Flats (All), No Reminder)",-0.0139521783014034,0.00204010892892516,58,"1 9 13 31 46 61 70",1
"POOLED_gossip2XSMS2ORgossip3XSMS2ORgossip2XSMS3ORgossip3XSMS353","(Info Hubs (All), No Incentives, SMS (All))",0.00343066254864057,2.87984303381024e-05,58,"1 9 13 31 46 61 70",1
"POOLED_Xslope2XSMS2ORXslope3XSMS2ORXslope2XSMS3ORXslope3XSMS358","(No Seeds, Slopes (All), SMS (All))",-0.00503295085227314,2.03035862641126e-09,58,"1 9 13 31 46 61 70",1
"POOLED_Xflat3XSMS2ORXflat3XSMS353","(No Seeds, High Flats, SMS (All))",-0.00592743117603597,1.10566629094427e-07,58,"1 9 13 31 46 61 70",1
"POOLED_random0Xslope2XSMS2ORrandom0Xslope3XSMS2ORrandom0Xslope2XSMS3ORrandom0Xslope3XSMS358","(Random Seeds, Slopes (All), SMS (All))",-0.00743276874790348,1.88487641507959e-10,58,"1 9 13 31 46 61 70",1
"POOLED_trusted0Xslope2XSMS2ORtrusted0Xslope3XSMS2ORtrusted0Xslope2XSMS3ORtrusted0Xslope3XSMS358","(Trusted Seeds, Slopes (All), SMS (All))",-0.00543905499481726,4.39772143482654e-12,58,"1 9 13 31 46 61 70",1
"POOLED_gossip2Xslope2XSMS2ORgossip3Xslope2XSMS2ORgossip2Xslope3XSMS2ORgossip3Xslope3XSMS2ORgossip2Xslope2XSMS3ORgossip3Xslope2XSMS3ORgossip2Xslope3XSMS3ORgossip3Xslope3XSMS358","(Info Hubs (All), Slopes (All), SMS (All))",-0.00514365638981984,2.26635500193415e-05,58,"1 9 13 31 46 61 70",1
"POOLED_gossip2Xflat2ORgossip3Xflat2ORgossip2Xflat3ORgossip3Xflat359","(Info Hubs (All), Flats (All), No Reminder)",-0.0110342198194051,0.000107545802222894,59,"1 9 13 31 46 61 70",1
"POOLED_gossip2XSMS2ORgossip3XSMS2ORgossip2XSMS3ORgossip3XSMS354","(Info Hubs (All), No Incentives, SMS (All))",0.00315084121133463,0.000497236961796285,59,"1 9 13 31 46 61 70",1
"POOLED_Xslope2XSMS2ORXslope3XSMS2ORXslope2XSMS3ORXslope3XSMS359","(No Seeds, Slopes (All), SMS (All))",-0.0054515612638588,1.61777948761401e-09,59,"1 9 13 31 46 61 70",1
"POOLED_Xflat3XSMS2ORXflat3XSMS354","(No Seeds, High Flats, SMS (All))",-0.00572442353490956,3.70858490952874e-07,59,"1 9 13 31 46 61 70",1
"POOLED_random0Xslope2XSMS2ORrandom0Xslope3XSMS2ORrandom0Xslope2XSMS3ORrandom0Xslope3XSMS359","(Random Seeds, Slopes (All), SMS (All))",-0.00593493287843988,6.42069641067545e-08,59,"1 9 13 31 46 61 70",1
"POOLED_trusted0Xslope2XSMS2ORtrusted0Xslope3XSMS2ORtrusted0Xslope2XSMS3ORtrusted0Xslope3XSMS359","(Trusted Seeds, Slopes (All), SMS (All))",-0.00610015857716181,3.50166619626574e-08,59,"1 9 13 31 46 61 70",1
"POOLED_gossip2Xslope2XSMS2ORgossip3Xslope2XSMS2ORgossip2Xslope3XSMS2ORgossip3Xslope3XSMS2ORgossip2Xslope2XSMS3ORgossip3Xslope2XSMS3ORgossip2Xslope3XSMS3ORgossip3Xslope3XSMS359","(Info Hubs (All), Slopes (All), SMS (All))",-0.00426958207804622,2.04029049081401e-05,59,"1 9 13 31 46 61 70",1
"POOLED_gossip2Xflat2ORgossip3Xflat2ORgossip2Xflat3ORgossip3Xflat360","(Info Hubs (All), Flats (All), No Reminder)",-0.00886747506972345,0.00690238761140338,60,"1 9 13 31 46 61 70",1
"POOLED_gossip2XSMS2ORgossip3XSMS2ORgossip2XSMS3ORgossip3XSMS355","(Info Hubs (All), No Incentives, SMS (All))",0.00409162759165226,2.11772048638059e-07,60,"1 9 13 31 46 61 70",1
"POOLED_Xslope2XSMS2ORXslope3XSMS2ORXslope2XSMS3ORXslope3XSMS360","(No Seeds, Slopes (All), SMS (All))",-0.0058253807560536,2.21546373771297e-10,60,"1 9 13 31 46 61 70",1
"POOLED_Xflat3XSMS2ORXflat3XSMS355","(No Seeds, High Flats, SMS (All))",-0.00716159953917526,1.98195687999124e-06,60,"1 9 13 31 46 61 70",1
"POOLED_random0Xslope2XSMS2ORrandom0Xslope3XSMS2ORrandom0Xslope2XSMS3ORrandom0Xslope3XSMS360","(Random Seeds, Slopes (All), SMS (All))",-0.0058585633386585,8.56702037693625e-09,60,"1 9 13 31 46 61 70",1
"POOLED_trusted0Xslope2XSMS2ORtrusted0Xslope3XSMS2ORtrusted0Xslope2XSMS3ORtrusted0Xslope3XSMS360","(Trusted Seeds, Slopes (All), SMS (All))",-0.00514649181087648,7.77967701185734e-08,60,"1 9 13 31 46 61 70",1
"POOLED_gossip2Xslope2XSMS2ORgossip3Xslope2XSMS2ORgossip2Xslope3XSMS2ORgossip3Xslope3XSMS2ORgossip2Xslope2XSMS3ORgossip3Xslope2XSMS3ORgossip2Xslope3XSMS3ORgossip3Xslope3XSMS360","(Info Hubs (All), Slopes (All), SMS (All))",-0.00457840579886549,1.03103180971607e-08,60,"1 9 13 31 46 61 70",1
"POOLED_gossip2Xflat2ORgossip3Xflat2ORgossip2Xflat3ORgossip3Xflat361","(Info Hubs (All), Flats (All), No Reminder)",-0.0115368260027932,0.0190845003713948,61,"1 9 13 31 46 61 70",1
"POOLED_gossip2XSMS2ORgossip3XSMS2ORgossip2XSMS3ORgossip3XSMS356","(Info Hubs (All), No Incentives, SMS (All))",0.00351537569343417,0.00014046011835212,61,"1 9 13 31 46 61 70",1
"POOLED_Xslope2XSMS2ORXslope3XSMS2ORXslope2XSMS3ORXslope3XSMS361","(No Seeds, Slopes (All), SMS (All))",-0.00506511752170556,3.27407343810668e-07,61,"1 9 13 31 46 61 70",1
"POOLED_Xflat3XSMS2ORXflat3XSMS356","(No Seeds, High Flats, SMS (All))",-0.00632649491498969,4.14279152039007e-07,61,"1 9 13 31 46 61 70",1
"POOLED_random0Xslope2XSMS2ORrandom0Xslope3XSMS2ORrandom0Xslope2XSMS3ORrandom0Xslope3XSMS361","(Random Seeds, Slopes (All), SMS (All))",-0.0060529408279971,7.31809701938726e-08,61,"1 9 13 31 46 61 70",1
"POOLED_trusted0Xslope2XSMS2ORtrusted0Xslope3XSMS2ORtrusted0Xslope2XSMS3ORtrusted0Xslope3XSMS361","(Trusted Seeds, Slopes (All), SMS (All))",-0.00517949188353247,4.61451858818431e-08,61,"1 9 13 31 46 61 70",1
"POOLED_gossip2Xslope2XSMS2ORgossip3Xslope2XSMS2ORgossip2Xslope3XSMS2ORgossip3Xslope3XSMS2ORgossip2Xslope2XSMS3ORgossip3Xslope2XSMS3ORgossip2Xslope3XSMS3ORgossip3Xslope3XSMS361","(Info Hubs (All), Slopes (All), SMS (All))",-0.00389499196807877,1.80658870224919e-09,61,"1 9 13 31 46 61 70",1
"POOLED_gossip2Xflat2ORgossip3Xflat2ORgossip2Xflat3ORgossip3Xflat362","(Info Hubs (All), Flats (All), No Reminder)",-0.0110453093535351,0.00229216786720066,62,"1 9 13 31 46 61 70",1
"POOLED_gossip2XSMS2ORgossip3XSMS2ORgossip2XSMS3ORgossip3XSMS357","(Info Hubs (All), No Incentives, SMS (All))",0.00438251993630024,1.42939462256281e-09,62,"1 9 13 31 46 61 70",1
"POOLED_Xslope2XSMS2ORXslope3XSMS2ORXslope2XSMS3ORXslope3XSMS362","(No Seeds, Slopes (All), SMS (All))",-0.00620952260230808,1.36161023971195e-08,62,"1 9 13 31 46 61 70",1
"POOLED_Xflat3XSMS2ORXflat3XSMS357","(No Seeds, High Flats, SMS (All))",-0.00775032035217067,8.2304949580548e-09,62,"1 9 13 31 46 61 70",1
"POOLED_random0Xslope2XSMS2ORrandom0Xslope3XSMS2ORrandom0Xslope2XSMS3ORrandom0Xslope3XSMS362","(Random Seeds, Slopes (All), SMS (All))",-0.00624994126623084,5.50178004889484e-09,62,"1 9 13 31 46 61 70",1
"POOLED_trusted0Xslope2XSMS2ORtrusted0Xslope3XSMS2ORtrusted0Xslope2XSMS3ORtrusted0Xslope3XSMS362","(Trusted Seeds, Slopes (All), SMS (All))",-0.0060852079108137,5.4720753227257e-10,62,"1 9 13 31 46 61 70",1
"POOLED_gossip2Xslope2XSMS2ORgossip3Xslope2XSMS2ORgossip2Xslope3XSMS2ORgossip3Xslope3XSMS2ORgossip2Xslope2XSMS3ORgossip3Xslope2XSMS3ORgossip2Xslope3XSMS3ORgossip3Xslope3XSMS362","(Info Hubs (All), Slopes (All), SMS (All))",-0.0050196740304131,2.32423936954469e-05,62,"1 9 13 31 46 61 70",1
"POOLED_gossip2Xflat2ORgossip3Xflat2ORgossip2Xflat3ORgossip3Xflat363","(Info Hubs (All), Flats (All), No Reminder)",-0.0122884129163283,0.00305423060054661,63,"1 9 13 31 46 61 70",1
"POOLED_gossip2XSMS2ORgossip3XSMS2ORgossip2XSMS3ORgossip3XSMS358","(Info Hubs (All), No Incentives, SMS (All))",0.00417310642664982,7.5571873916246e-08,63,"1 9 13 31 46 61 70",1
"POOLED_Xslope2XSMS2ORXslope3XSMS2ORXslope2XSMS3ORXslope3XSMS363","(No Seeds, Slopes (All), SMS (All))",-0.00615303861955294,2.80265929390949e-06,63,"1 9 13 31 46 61 70",1
"POOLED_Xflat3XSMS2ORXflat3XSMS358","(No Seeds, High Flats, SMS (All))",-0.00545725348819172,2.96294568900984e-07,63,"1 9 13 31 46 61 70",1
"POOLED_random0Xslope2XSMS2ORrandom0Xslope3XSMS2ORrandom0Xslope2XSMS3ORrandom0Xslope3XSMS363","(Random Seeds, Slopes (All), SMS (All))",-0.00670833199266276,7.95541984253307e-11,63,"1 9 13 31 46 61 70",1
"POOLED_trusted0Xslope2XSMS2ORtrusted0Xslope3XSMS2ORtrusted0Xslope2XSMS3ORtrusted0Xslope3XSMS363","(Trusted Seeds, Slopes (All), SMS (All))",-0.00594807728519557,5.95677535045669e-07,63,"1 9 13 31 46 61 70",1
"POOLED_gossip2Xslope2XSMS2ORgossip3Xslope2XSMS2ORgossip2Xslope3XSMS2ORgossip3Xslope3XSMS2ORgossip2Xslope2XSMS3ORgossip3Xslope2XSMS3ORgossip2Xslope3XSMS3ORgossip3Xslope3XSMS363","(Info Hubs (All), Slopes (All), SMS (All))",-0.00452991207415004,1.38174195845594e-05,63,"1 9 13 31 46 61 70",1
"POOLED_gossip2Xflat2ORgossip3Xflat2ORgossip2Xflat3ORgossip3Xflat364","(Info Hubs (All), Flats (All), No Reminder)",-0.0134240011901997,0.00167100456361173,64,"1 9 13 31 46 61 70",1
"POOLED_gossip2XSMS2ORgossip3XSMS2ORgossip2XSMS3ORgossip3XSMS359","(Info Hubs (All), No Incentives, SMS (All))",0.00416669713487636,4.96917784143452e-07,64,"1 9 13 31 46 61 70",1
"POOLED_Xslope2XSMS2ORXslope3XSMS2ORXslope2XSMS3ORXslope3XSMS364","(No Seeds, Slopes (All), SMS (All))",-0.00646853338864605,1.84844290418145e-05,64,"1 9 13 31 46 61 70",1
"POOLED_Xflat3XSMS2ORXflat3XSMS359","(No Seeds, High Flats, SMS (All))",-0.00684640988836995,3.28212426676073e-07,64,"1 9 13 31 46 61 70",1
"POOLED_random0Xslope2XSMS2ORrandom0Xslope3XSMS2ORrandom0Xslope2XSMS3ORrandom0Xslope3XSMS364","(Random Seeds, Slopes (All), SMS (All))",-0.00618539707438615,1.13463783155944e-12,64,"1 9 13 31 46 61 70",1
"POOLED_trusted0Xslope2XSMS2ORtrusted0Xslope3XSMS2ORtrusted0Xslope2XSMS3ORtrusted0Xslope3XSMS364","(Trusted Seeds, Slopes (All), SMS (All))",-0.00705534791742985,5.28361215115447e-07,64,"1 9 13 31 46 61 70",1
"POOLED_gossip2Xslope2XSMS2ORgossip3Xslope2XSMS2ORgossip2Xslope3XSMS2ORgossip3Xslope3XSMS2ORgossip2Xslope2XSMS3ORgossip3Xslope2XSMS3ORgossip2Xslope3XSMS3ORgossip3Xslope3XSMS364","(Info Hubs (All), Slopes (All), SMS (All))",-0.00449592362425935,1.37796124604146e-05,64,"1 9 13 31 46 61 70",1
"POOLED_gossip2Xflat2ORgossip3Xflat2ORgossip2Xflat3ORgossip3Xflat365","(Info Hubs (All), Flats (All), No Reminder)",-0.010477414574858,0.00148189864989918,65,"1 9 13 31 46 61 70",1
"POOLED_gossip2XSMS2ORgossip3XSMS2ORgossip2XSMS3ORgossip3XSMS360","(Info Hubs (All), No Incentives, SMS (All))",0.00376348530831719,6.42149217146131e-07,65,"1 9 13 31 46 61 70",1
"POOLED_Xslope2XSMS2ORXslope3XSMS2ORXslope2XSMS3ORXslope3XSMS365","(No Seeds, Slopes (All), SMS (All))",-0.00500182106388548,5.35636241088188e-10,65,"1 9 13 31 46 61 70",1
"POOLED_Xflat3XSMS2ORXflat3XSMS360","(No Seeds, High Flats, SMS (All))",-0.00702366911351004,3.67818154980425e-05,65,"1 9 13 31 46 61 70",1
"POOLED_random0Xslope2XSMS2ORrandom0Xslope3XSMS2ORrandom0Xslope2XSMS3ORrandom0Xslope3XSMS365","(Random Seeds, Slopes (All), SMS (All))",-0.00662500092827318,2.3440203590868e-09,65,"1 9 13 31 46 61 70",1
"POOLED_trusted0Xslope2XSMS2ORtrusted0Xslope3XSMS2ORtrusted0Xslope2XSMS3ORtrusted0Xslope3XSMS365","(Trusted Seeds, Slopes (All), SMS (All))",-0.00500683674832475,1.16007428859154e-10,65,"1 9 13 31 46 61 70",1
"POOLED_gossip2Xslope2XSMS2ORgossip3Xslope2XSMS2ORgossip2Xslope3XSMS2ORgossip3Xslope3XSMS2ORgossip2Xslope2XSMS3ORgossip3Xslope2XSMS3ORgossip2Xslope3XSMS3ORgossip3Xslope3XSMS365","(Info Hubs (All), Slopes (All), SMS (All))",-0.00464978024853316,5.57646689061559e-10,65,"1 9 13 31 46 61 70",1
"POOLED_gossip2Xflat2ORgossip3Xflat2ORgossip2Xflat3ORgossip3Xflat366","(Info Hubs (All), Flats (All), No Reminder)",-0.0140813409609112,0.000451497853049034,66,"1 9 13 31 46 61 70",1
"POOLED_gossip2XSMS2ORgossip3XSMS2ORgossip2XSMS3ORgossip3XSMS361","(Info Hubs (All), No Incentives, SMS (All))",0.00489510512749986,1.11352807164935e-10,66,"1 9 13 31 46 61 70",1
"POOLED_Xslope2XSMS2ORXslope3XSMS2ORXslope2XSMS3ORXslope3XSMS366","(No Seeds, Slopes (All), SMS (All))",-0.00562327712155974,9.04887948892772e-06,66,"1 9 13 31 46 61 70",1
"POOLED_Xflat3XSMS2ORXflat3XSMS361","(No Seeds, High Flats, SMS (All))",-0.00730287951886138,1.02352116122357e-07,66,"1 9 13 31 46 61 70",1
"POOLED_random0Xslope2XSMS2ORrandom0Xslope3XSMS2ORrandom0Xslope2XSMS3ORrandom0Xslope3XSMS366","(Random Seeds, Slopes (All), SMS (All))",-0.00605674130066037,7.59442126432983e-09,66,"1 9 13 31 46 61 70",1
"POOLED_trusted0Xslope2XSMS2ORtrusted0Xslope3XSMS2ORtrusted0Xslope2XSMS3ORtrusted0Xslope3XSMS366","(Trusted Seeds, Slopes (All), SMS (All))",-0.00550069860737137,2.74262808644492e-07,66,"1 9 13 31 46 61 70",1
"POOLED_gossip2Xslope2XSMS2ORgossip3Xslope2XSMS2ORgossip2Xslope3XSMS2ORgossip3Xslope3XSMS2ORgossip2Xslope2XSMS3ORgossip3Xslope2XSMS3ORgossip2Xslope3XSMS3ORgossip3Xslope3XSMS366","(Info Hubs (All), Slopes (All), SMS (All))",-0.00385274332538158,2.13664084808725e-05,66,"1 9 13 31 46 61 70",1
"POOLED_gossip2Xflat2ORgossip3Xflat2ORgossip2Xflat3ORgossip3Xflat367","(Info Hubs (All), Flats (All), No Reminder)",-0.0125288596974922,0.00650618114962625,67,"1 9 13 31 46 61 70",1
"POOLED_gossip2XSMS2ORgossip3XSMS2ORgossip2XSMS3ORgossip3XSMS362","(Info Hubs (All), No Incentives, SMS (All))",0.00430144595686861,1.40574098520347e-08,67,"1 9 13 31 46 61 70",1
"POOLED_Xslope2XSMS2ORXslope3XSMS2ORXslope2XSMS3ORXslope3XSMS367","(No Seeds, Slopes (All), SMS (All))",-0.00605276812031612,1.07866674265929e-08,67,"1 9 13 31 46 61 70",1
"POOLED_Xflat3XSMS2ORXflat3XSMS362","(No Seeds, High Flats, SMS (All))",-0.00619772895263529,3.5722318930998e-05,67,"1 9 13 31 46 61 70",1
"POOLED_random0Xslope2XSMS2ORrandom0Xslope3XSMS2ORrandom0Xslope2XSMS3ORrandom0Xslope3XSMS367","(Random Seeds, Slopes (All), SMS (All))",-0.00672644379146959,1.55017472084284e-08,67,"1 9 13 31 46 61 70",1
"POOLED_trusted0Xslope2XSMS2ORtrusted0Xslope3XSMS2ORtrusted0Xslope2XSMS3ORtrusted0Xslope3XSMS367","(Trusted Seeds, Slopes (All), SMS (All))",-0.0042744067491713,1.32763494221606e-09,67,"1 9 13 31 46 61 70",1
"POOLED_gossip2Xslope2XSMS2ORgossip3Xslope2XSMS2ORgossip2Xslope3XSMS2ORgossip3Xslope3XSMS2ORgossip2Xslope2XSMS3ORgossip3Xslope2XSMS3ORgossip2Xslope3XSMS3ORgossip3Xslope3XSMS367","(Info Hubs (All), Slopes (All), SMS (All))",-0.00439564395432851,7.76215765407956e-09,67,"1 9 13 31 46 61 70",1
"POOLED_gossip2Xflat2ORgossip3Xflat2ORgossip2Xflat3ORgossip3Xflat368","(Info Hubs (All), Flats (All), No Reminder)",-0.0131450963560403,0.000408896548941951,68,"1 9 13 31 46 61 70",1
"POOLED_gossip2XSMS2ORgossip3XSMS2ORgossip2XSMS3ORgossip3XSMS363","(Info Hubs (All), No Incentives, SMS (All))",0.00341053157508945,7.35185990035599e-05,68,"1 9 13 31 46 61 70",1
"POOLED_Xslope2XSMS2ORXslope3XSMS2ORXslope2XSMS3ORXslope3XSMS368","(No Seeds, Slopes (All), SMS (All))",-0.00569520560110063,2.22774189427884e-09,68,"1 9 13 31 46 61 70",1
"POOLED_Xflat3XSMS2ORXflat3XSMS363","(No Seeds, High Flats, SMS (All))",-0.00716840415732561,1.11134371402035e-06,68,"1 9 13 31 46 61 70",1
"POOLED_random0Xslope2XSMS2ORrandom0Xslope3XSMS2ORrandom0Xslope2XSMS3ORrandom0Xslope3XSMS368","(Random Seeds, Slopes (All), SMS (All))",-0.00717965158904633,8.14273294000017e-11,68,"1 9 13 31 46 61 70",1
"POOLED_trusted0Xslope2XSMS2ORtrusted0Xslope3XSMS2ORtrusted0Xslope2XSMS3ORtrusted0Xslope3XSMS368","(Trusted Seeds, Slopes (All), SMS (All))",-0.00648134831648438,6.95109586217523e-10,68,"1 9 13 31 46 61 70",1
"POOLED_gossip2Xslope2XSMS2ORgossip3Xslope2XSMS2ORgossip2Xslope3XSMS2ORgossip3Xslope3XSMS2ORgossip2Xslope2XSMS3ORgossip3Xslope2XSMS3ORgossip2Xslope3XSMS3ORgossip3Xslope3XSMS368","(Info Hubs (All), Slopes (All), SMS (All))",-0.00403581015227778,3.41833859681476e-07,68,"1 9 13 31 46 61 70",1
"POOLED_gossip2Xflat2ORgossip3Xflat2ORgossip2Xflat3ORgossip3Xflat369","(Info Hubs (All), Flats (All), No Reminder)",-0.0131372802674035,0.00301129202701507,69,"1 9 13 31 46 61 70",1
"POOLED_gossip2XSMS2ORgossip3XSMS2ORgossip2XSMS3ORgossip3XSMS364","(Info Hubs (All), No Incentives, SMS (All))",0.00405387196186258,1.68513144989674e-07,69,"1 9 13 31 46 61 70",1
"POOLED_Xslope2XSMS2ORXslope3XSMS2ORXslope2XSMS3ORXslope3XSMS369","(No Seeds, Slopes (All), SMS (All))",-0.00566762334147891,1.27573071306935e-08,69,"1 9 13 31 46 61 70",1
"POOLED_Xflat3XSMS2ORXflat3XSMS364","(No Seeds, High Flats, SMS (All))",-0.00679036716044152,7.25248037153048e-07,69,"1 9 13 31 46 61 70",1
"POOLED_random0Xslope2XSMS2ORrandom0Xslope3XSMS2ORrandom0Xslope2XSMS3ORrandom0Xslope3XSMS369","(Random Seeds, Slopes (All), SMS (All))",-0.00679706888381504,4.84240779172815e-09,69,"1 9 13 31 46 61 70",1
"POOLED_trusted0Xslope2XSMS2ORtrusted0Xslope3XSMS2ORtrusted0Xslope2XSMS3ORtrusted0Xslope3XSMS369","(Trusted Seeds, Slopes (All), SMS (All))",-0.00520930995250012,2.97933846422358e-08,69,"1 9 13 31 46 61 70",1
"POOLED_gossip2Xslope2XSMS2ORgossip3Xslope2XSMS2ORgossip2Xslope3XSMS2ORgossip3Xslope3XSMS2ORgossip2Xslope2XSMS3ORgossip3Xslope2XSMS3ORgossip2Xslope3XSMS3ORgossip3Xslope3XSMS369","(Info Hubs (All), Slopes (All), SMS (All))",-0.00362974021198772,0.000184886957478314,69,"1 9 13 31 46 61 70",1
"POOLED_gossip2Xflat2ORgossip3Xflat2ORgossip2Xflat3ORgossip3Xflat370","(Info Hubs (All), Flats (All), No Reminder)",-0.0129375384064657,0.00183796619433986,70,"1 9 13 31 46 61 70",1
"POOLED_gossip2XSMS2ORgossip3XSMS2ORgossip2XSMS3ORgossip3XSMS365","(Info Hubs (All), No Incentives, SMS (All))",0.00402904215548627,1.61683464241232e-07,70,"1 9 13 31 46 61 70",1
"POOLED_Xslope2XSMS2ORXslope3XSMS2ORXslope2XSMS3ORXslope3XSMS370","(No Seeds, Slopes (All), SMS (All))",-0.0055468436172788,4.94389357734863e-12,70,"1 9 13 31 46 61 70",1
"POOLED_Xflat3XSMS2ORXflat3XSMS365","(No Seeds, High Flats, SMS (All))",-0.00748799047985069,2.71261258142701e-05,70,"1 9 13 31 46 61 70",1
"POOLED_random0Xslope2XSMS2ORrandom0Xslope3XSMS2ORrandom0Xslope2XSMS3ORrandom0Xslope3XSMS370","(Random Seeds, Slopes (All), SMS (All))",-0.00663112769156034,3.45971848583641e-09,70,"1 9 13 31 46 61 70",1
"POOLED_trusted0Xslope2XSMS2ORtrusted0Xslope3XSMS2ORtrusted0Xslope2XSMS3ORtrusted0Xslope3XSMS370","(Trusted Seeds, Slopes (All), SMS (All))",-0.0071023024549396,1.18189082079635e-07,70,"1 9 13 31 46 61 70",1
"POOLED_gossip2Xslope2XSMS2ORgossip3Xslope2XSMS2ORgossip2Xslope3XSMS2ORgossip3Xslope3XSMS2ORgossip2Xslope2XSMS3ORgossip3Xslope2XSMS3ORgossip2Xslope3XSMS3ORgossip3Xslope3XSMS370","(Info Hubs (All), Slopes (All), SMS (All))",-0.00446178528382391,4.45227259987606e-09,70,"1 9 13 31 46 61 70",1
"POOLED_gossip2Xflat2ORgossip3Xflat2ORgossip2Xflat3ORgossip3Xflat371","(Info Hubs (All), Flats (All), No Reminder)",-0.0164088649759131,0.00666077735021597,71,"1 9 13 31 46 61 70",1
"POOLED_gossip2XSMS2ORgossip3XSMS2ORgossip2XSMS3ORgossip3XSMS366","(Info Hubs (All), No Incentives, SMS (All))",0.00341839515373126,1.33761083820972e-05,71,"1 9 13 31 46 61 70",1
"POOLED_Xslope2XSMS2ORXslope3XSMS2ORXslope2XSMS3ORXslope3XSMS371","(No Seeds, Slopes (All), SMS (All))",-0.00679410160993225,2.35156250120487e-08,71,"1 9 13 31 46 61 70",1
"POOLED_Xflat3XSMS2ORXflat3XSMS366","(No Seeds, High Flats, SMS (All))",-0.00697597172835742,1.29819180006731e-08,71,"1 9 13 31 46 61 70",1
"POOLED_random0Xslope2XSMS2ORrandom0Xslope3XSMS2ORrandom0Xslope2XSMS3ORrandom0Xslope3XSMS371","(Random Seeds, Slopes (All), SMS (All))",-0.00689907413274339,7.24537545540642e-10,71,"1 9 13 31 46 61 70",1
"POOLED_trusted0Xslope2XSMS2ORtrusted0Xslope3XSMS2ORtrusted0Xslope2XSMS3ORtrusted0Xslope3XSMS371","(Trusted Seeds, Slopes (All), SMS (All))",-0.00582567806808938,8.11102013300733e-09,71,"1 9 13 31 46 61 70",1
"POOLED_gossip2Xslope2XSMS2ORgossip3Xslope2XSMS2ORgossip2Xslope3XSMS2ORgossip3Xslope3XSMS2ORgossip2Xslope2XSMS3ORgossip3Xslope2XSMS3ORgossip2Xslope3XSMS3ORgossip3Xslope3XSMS371","(Info Hubs (All), Slopes (All), SMS (All))",-0.00488721806420559,4.08858254733079e-07,71,"1 9 13 31 46 61 70",1
"POOLED_gossip2Xflat2ORgossip3Xflat2ORgossip2Xflat3ORgossip3Xflat372","(Info Hubs (All), Flats (All), No Reminder)",-0.0138392612501255,0.010413192867417,72,"1 9 13 31 46 61 70",1
"POOLED_gossip2XSMS2ORgossip3XSMS2ORgossip2XSMS3ORgossip3XSMS367","(Info Hubs (All), No Incentives, SMS (All))",0.00418566794648177,5.36956214168116e-07,72,"1 9 13 31 46 61 70",1
"POOLED_Xslope2XSMS2ORXslope3XSMS2ORXslope2XSMS3ORXslope3XSMS372","(No Seeds, Slopes (All), SMS (All))",-0.00590780059333199,8.88341952859925e-08,72,"1 9 13 31 46 61 70",1
"POOLED_Xflat3XSMS2ORXflat3XSMS367","(No Seeds, High Flats, SMS (All))",-0.0058519234942791,7.62794289421807e-06,72,"1 9 13 31 46 61 70",1
"POOLED_random0Xslope2XSMS2ORrandom0Xslope3XSMS2ORrandom0Xslope2XSMS3ORrandom0Xslope3XSMS372","(Random Seeds, Slopes (All), SMS (All))",-0.00748525650809729,2.09302762186862e-08,72,"1 9 13 31 46 61 70",1
"POOLED_trusted0Xslope2XSMS2ORtrusted0Xslope3XSMS2ORtrusted0Xslope2XSMS3ORtrusted0Xslope3XSMS372","(Trusted Seeds, Slopes (All), SMS (All))",-0.00549294914657473,2.31928377874226e-07,72,"1 9 13 31 46 61 70",1
"POOLED_gossip2Xslope2XSMS2ORgossip3Xslope2XSMS2ORgossip2Xslope3XSMS2ORgossip3Xslope3XSMS2ORgossip2Xslope2XSMS3ORgossip3Xslope2XSMS3ORgossip2Xslope3XSMS3ORgossip3Xslope3XSMS372","(Info Hubs (All), Slopes (All), SMS (All))",-0.00416654896473527,1.9296910010218e-07,72,"1 9 13 31 46 61 70",1
"POOLED_gossip2Xflat2ORgossip3Xflat2ORgossip2Xflat3ORgossip3Xflat373","(Info Hubs (All), Flats (All), No Reminder)",-0.0134347531166789,0.00470552718917218,73,"1 9 13 31 46 61 70",1
"POOLED_gossip2XSMS2ORgossip3XSMS2ORgossip2XSMS3ORgossip3XSMS368","(Info Hubs (All), No Incentives, SMS (All))",0.00460375819462563,2.26513183744642e-10,73,"1 9 13 31 46 61 70",1
"POOLED_Xslope2XSMS2ORXslope3XSMS2ORXslope2XSMS3ORXslope3XSMS373","(No Seeds, Slopes (All), SMS (All))",-0.00525515523929222,5.65644864285549e-10,73,"1 9 13 31 46 61 70",1
"POOLED_Xflat3XSMS2ORXflat3XSMS368","(No Seeds, High Flats, SMS (All))",-0.00632848260260602,3.9439214837187e-06,73,"1 9 13 31 46 61 70",1
"POOLED_random0Xslope2XSMS2ORrandom0Xslope3XSMS2ORrandom0Xslope2XSMS3ORrandom0Xslope3XSMS373","(Random Seeds, Slopes (All), SMS (All))",-0.00617282999726603,1.71074506970508e-09,73,"1 9 13 31 46 61 70",1
"POOLED_trusted0Xslope2XSMS2ORtrusted0Xslope3XSMS2ORtrusted0Xslope2XSMS3ORtrusted0Xslope3XSMS373","(Trusted Seeds, Slopes (All), SMS (All))",-0.00563079635263313,2.44985983672825e-07,73,"1 9 13 31 46 61 70",1
"POOLED_gossip2Xslope2XSMS2ORgossip3Xslope2XSMS2ORgossip2Xslope3XSMS2ORgossip3Xslope3XSMS2ORgossip2Xslope2XSMS3ORgossip3Xslope2XSMS3ORgossip2Xslope3XSMS3ORgossip3Xslope3XSMS373","(Info Hubs (All), Slopes (All), SMS (All))",-0.00430460672674483,0.000295257462670501,73,"1 9 13 31 46 61 70",1
"POOLED_gossip2Xflat2ORgossip3Xflat2ORgossip2Xflat3ORgossip3Xflat374","(Info Hubs (All), Flats (All), No Reminder)",-0.0131996967825194,0.00572943434951011,74,"1 9 13 31 46 61 70",1
"POOLED_gossip2XSMS2ORgossip3XSMS2ORgossip2XSMS3ORgossip3XSMS369","(Info Hubs (All), No Incentives, SMS (All))",0.00481216461464545,8.07894445603519e-12,74,"1 9 13 31 46 61 70",1
"POOLED_Xslope2XSMS2ORXslope3XSMS2ORXslope2XSMS3ORXslope3XSMS374","(No Seeds, Slopes (All), SMS (All))",-0.00572245961906732,5.90988082431354e-09,74,"1 9 13 31 46 61 70",1
"POOLED_Xflat3XSMS2ORXflat3XSMS369","(No Seeds, High Flats, SMS (All))",-0.0067563183145998,6.39529507418864e-05,74,"1 9 13 31 46 61 70",1
"POOLED_random0Xslope2XSMS2ORrandom0Xslope3XSMS2ORrandom0Xslope2XSMS3ORrandom0Xslope3XSMS374","(Random Seeds, Slopes (All), SMS (All))",-0.00600335973195095,2.28496231457756e-10,74,"1 9 13 31 46 61 70",1
"POOLED_trusted0Xslope2XSMS2ORtrusted0Xslope3XSMS2ORtrusted0Xslope2XSMS3ORtrusted0Xslope3XSMS374","(Trusted Seeds, Slopes (All), SMS (All))",-0.0057163489958886,1.62217328061826e-08,74,"1 9 13 31 46 61 70",1
"POOLED_gossip2Xslope2XSMS2ORgossip3Xslope2XSMS2ORgossip2Xslope3XSMS2ORgossip3Xslope3XSMS2ORgossip2Xslope2XSMS3ORgossip3Xslope2XSMS3ORgossip2Xslope3XSMS3ORgossip3Xslope3XSMS374","(Info Hubs (All), Slopes (All), SMS (All))",-0.00445018638381728,3.65755069335262e-05,74,"1 9 13 31 46 61 70",1
"POOLED_gossip2Xflat2ORgossip3Xflat2ORgossip2Xflat3ORgossip3Xflat375","(Info Hubs (All), Flats (All), No Reminder)",-0.0157668007283139,0.000160809698092696,75,"1 9 13 31 46 61 70",1
"POOLED_gossip2XSMS2ORgossip3XSMS2ORgossip2XSMS3ORgossip3XSMS370","(Info Hubs (All), No Incentives, SMS (All))",0.00382209181499445,3.29415290589596e-06,75,"1 9 13 31 46 61 70",1
"POOLED_Xslope2XSMS2ORXslope3XSMS2ORXslope2XSMS3ORXslope3XSMS375","(No Seeds, Slopes (All), SMS (All))",-0.0057039692217633,1.37725930146172e-07,75,"1 9 13 31 46 61 70",1
"POOLED_Xflat3XSMS2ORXflat3XSMS370","(No Seeds, High Flats, SMS (All))",-0.00784428075114834,1.57081135192617e-05,75,"1 9 13 31 46 61 70",1
"POOLED_random0Xslope2XSMS2ORrandom0Xslope3XSMS2ORrandom0Xslope2XSMS3ORrandom0Xslope3XSMS375","(Random Seeds, Slopes (All), SMS (All))",-0.00558538814060885,3.22104925190573e-07,75,"1 9 13 31 46 61 70",1
"POOLED_trusted0Xslope2XSMS2ORtrusted0Xslope3XSMS2ORtrusted0Xslope2XSMS3ORtrusted0Xslope3XSMS375","(Trusted Seeds, Slopes (All), SMS (All))",-0.00566366157717716,6.46019966343501e-09,75,"1 9 13 31 46 61 70",1
"POOLED_gossip2Xslope2XSMS2ORgossip3Xslope2XSMS2ORgossip2Xslope3XSMS2ORgossip3Xslope3XSMS2ORgossip2Xslope2XSMS3ORgossip3Xslope2XSMS3ORgossip2Xslope3XSMS3ORgossip3Xslope3XSMS375","(Info Hubs (All), Slopes (All), SMS (All))",-0.00461336940338118,0.000156176884513685,75,"1 9 13 31 46 61 70",1
"POOLED_gossip2Xflat2ORgossip3Xflat2ORgossip2Xflat3ORgossip3Xflat376","(Info Hubs (All), Flats (All), No Reminder)",-0.0141885059420831,0.00254485507763039,76,"1 9 13 31 46 61 70",1
"POOLED_gossip2XSMS2ORgossip3XSMS2ORgossip2XSMS3ORgossip3XSMS371","(Info Hubs (All), No Incentives, SMS (All))",0.00454448465159688,5.07638935066736e-10,76,"1 9 13 31 46 61 70",1
"POOLED_Xslope2XSMS2ORXslope3XSMS2ORXslope2XSMS3ORXslope3XSMS376","(No Seeds, Slopes (All), SMS (All))",-0.00604759126968574,5.83702920863927e-05,76,"1 9 13 31 46 61 70",1
"POOLED_Xflat3XSMS2ORXflat3XSMS371","(No Seeds, High Flats, SMS (All))",-0.00635515760824235,5.44920215701648e-06,76,"1 9 13 31 46 61 70",1
"POOLED_random0Xslope2XSMS2ORrandom0Xslope3XSMS2ORrandom0Xslope2XSMS3ORrandom0Xslope3XSMS376","(Random Seeds, Slopes (All), SMS (All))",-0.00662427348409527,5.79107787223086e-08,76,"1 9 13 31 46 61 70",1
"POOLED_trusted0Xslope2XSMS2ORtrusted0Xslope3XSMS2ORtrusted0Xslope2XSMS3ORtrusted0Xslope3XSMS376","(Trusted Seeds, Slopes (All), SMS (All))",-0.00551340393800043,7.41245025321568e-07,76,"1 9 13 31 46 61 70",1
"POOLED_gossip2Xslope2XSMS2ORgossip3Xslope2XSMS2ORgossip2Xslope3XSMS2ORgossip3Xslope3XSMS2ORgossip2Xslope2XSMS3ORgossip3Xslope2XSMS3ORgossip2Xslope3XSMS3ORgossip3Xslope3XSMS376","(Info Hubs (All), Slopes (All), SMS (All))",-0.00375677123307947,5.23245859276985e-05,76,"1 9 13 31 46 61 70",1
"POOLED_gossip2Xflat2ORgossip3Xflat2ORgossip2Xflat3ORgossip3Xflat377","(Info Hubs (All), Flats (All), No Reminder)",-0.0122462628236851,0.00288333769858883,77,"1 9 13 31 46 61 70",1
"POOLED_gossip2XSMS2ORgossip3XSMS2ORgossip2XSMS3ORgossip3XSMS372","(Info Hubs (All), No Incentives, SMS (All))",0.00398032822496193,3.32970968937489e-06,77,"1 9 13 31 46 61 70",1
"POOLED_Xslope2XSMS2ORXslope3XSMS2ORXslope2XSMS3ORXslope3XSMS377","(No Seeds, Slopes (All), SMS (All))",-0.00584936353889321,7.81612767998111e-08,77,"1 9 13 31 46 61 70",1
"POOLED_Xflat3XSMS2ORXflat3XSMS372","(No Seeds, High Flats, SMS (All))",-0.00621516228962341,6.00557526034511e-05,77,"1 9 13 31 46 61 70",1
"POOLED_random0Xslope2XSMS2ORrandom0Xslope3XSMS2ORrandom0Xslope2XSMS3ORrandom0Xslope3XSMS377","(Random Seeds, Slopes (All), SMS (All))",-0.00658031551892391,8.59418204454387e-09,77,"1 9 13 31 46 61 70",1
"POOLED_trusted0Xslope2XSMS2ORtrusted0Xslope3XSMS2ORtrusted0Xslope2XSMS3ORtrusted0Xslope3XSMS377","(Trusted Seeds, Slopes (All), SMS (All))",-0.00680989401254628,3.87567388233329e-09,77,"1 9 13 31 46 61 70",1
"POOLED_gossip2Xslope2XSMS2ORgossip3Xslope2XSMS2ORgossip2Xslope3XSMS2ORgossip3Xslope3XSMS2ORgossip2Xslope2XSMS3ORgossip3Xslope2XSMS3ORgossip2Xslope3XSMS3ORgossip3Xslope3XSMS377","(Info Hubs (All), Slopes (All), SMS (All))",-0.0050393796272066,8.656996722392e-05,77,"1 9 13 31 46 61 70",1
"POOLED_gossip2Xflat2ORgossip3Xflat2ORgossip2Xflat3ORgossip3Xflat378","(Info Hubs (All), Flats (All), No Reminder)",-0.00973058116268171,0.000160098178927791,78,"1 9 13 31 46 61 70",1
"POOLED_gossip2XSMS2ORgossip3XSMS2ORgossip2XSMS3ORgossip3XSMS373","(Info Hubs (All), No Incentives, SMS (All))",0.00359049162454158,3.72787958637839e-06,78,"1 9 13 31 46 61 70",1
"POOLED_Xslope2XSMS2ORXslope3XSMS2ORXslope2XSMS3ORXslope3XSMS378","(No Seeds, Slopes (All), SMS (All))",-0.00534962052319423,9.33866825937592e-08,78,"1 9 13 31 46 61 70",1
"POOLED_Xflat3XSMS2ORXflat3XSMS373","(No Seeds, High Flats, SMS (All))",-0.0070728456213104,1.70488991864905e-07,78,"1 9 13 31 46 61 70",1
"POOLED_random0Xslope2XSMS2ORrandom0Xslope3XSMS2ORrandom0Xslope2XSMS3ORrandom0Xslope3XSMS378","(Random Seeds, Slopes (All), SMS (All))",-0.00722913039769243,1.564285448255e-07,78,"1 9 13 31 46 61 70",1
"POOLED_trusted0Xslope2XSMS2ORtrusted0Xslope3XSMS2ORtrusted0Xslope2XSMS3ORtrusted0Xslope3XSMS378","(Trusted Seeds, Slopes (All), SMS (All))",-0.00565600561645545,3.59176789441805e-06,78,"1 9 13 31 46 61 70",1
"POOLED_gossip2Xslope2XSMS2ORgossip3Xslope2XSMS2ORgossip2Xslope3XSMS2ORgossip3Xslope3XSMS2ORgossip2Xslope2XSMS3ORgossip3Xslope2XSMS3ORgossip2Xslope3XSMS3ORgossip3Xslope3XSMS378","(Info Hubs (All), Slopes (All), SMS (All))",-0.00588510226804378,3.67010860486812e-08,78,"1 9 13 31 46 61 70",1
"POOLED_gossip2Xflat2ORgossip3Xflat2ORgossip2Xflat3ORgossip3Xflat379","(Info Hubs (All), Flats (All), No Reminder)",-0.0149375247815006,0.00204145795786345,79,"1 9 13 31 46 61 70",1
"POOLED_gossip2XSMS2ORgossip3XSMS2ORgossip2XSMS3ORgossip3XSMS374","(Info Hubs (All), No Incentives, SMS (All))",0.00367929335890737,2.27627641500079e-06,79,"1 9 13 31 46 61 70",1
"POOLED_Xslope2XSMS2ORXslope3XSMS2ORXslope2XSMS3ORXslope3XSMS379","(No Seeds, Slopes (All), SMS (All))",-0.00552962594262596,1.09171638030351e-09,79,"1 9 13 31 46 61 70",1
"POOLED_Xflat3XSMS2ORXflat3XSMS374","(No Seeds, High Flats, SMS (All))",-0.00694261750594529,1.73326171021971e-05,79,"1 9 13 31 46 61 70",1
"POOLED_random0Xslope2XSMS2ORrandom0Xslope3XSMS2ORrandom0Xslope2XSMS3ORrandom0Xslope3XSMS379","(Random Seeds, Slopes (All), SMS (All))",-0.00712054944900549,6.1231808277898e-09,79,"1 9 13 31 46 61 70",1
"POOLED_trusted0Xslope2XSMS2ORtrusted0Xslope3XSMS2ORtrusted0Xslope2XSMS3ORtrusted0Xslope3XSMS379","(Trusted Seeds, Slopes (All), SMS (All))",-0.0059999042176901,1.55220691925835e-06,79,"1 9 13 31 46 61 70",1
"POOLED_gossip2Xslope2XSMS2ORgossip3Xslope2XSMS2ORgossip2Xslope3XSMS2ORgossip3Xslope3XSMS2ORgossip2Xslope2XSMS3ORgossip3Xslope2XSMS3ORgossip2Xslope3XSMS3ORgossip3Xslope3XSMS379","(Info Hubs (All), Slopes (All), SMS (All))",-0.00408654534593976,2.11040510672234e-07,79,"1 9 13 31 46 61 70",1
"POOLED_gossip2Xflat2ORgossip3Xflat2ORgossip2Xflat3ORgossip3Xflat380","(Info Hubs (All), Flats (All), No Reminder)",-0.0127992667801441,6.5935950380128e-05,80,"1 9 13 31 46 61 70",1
"POOLED_gossip2XSMS2ORgossip3XSMS2ORgossip2XSMS3ORgossip3XSMS375","(Info Hubs (All), No Incentives, SMS (All))",0.00403328384140611,4.16166200148804e-07,80,"1 9 13 31 46 61 70",1
"POOLED_Xslope2XSMS2ORXslope3XSMS2ORXslope2XSMS3ORXslope3XSMS380","(No Seeds, Slopes (All), SMS (All))",-0.00520080731252965,2.92279122525279e-11,80,"1 9 13 31 46 61 70",1
"POOLED_Xflat3XSMS2ORXflat3XSMS375","(No Seeds, High Flats, SMS (All))",-0.00661023055363683,1.639097787224e-05,80,"1 9 13 31 46 61 70",1
"POOLED_random0Xslope2XSMS2ORrandom0Xslope3XSMS2ORrandom0Xslope2XSMS3ORrandom0Xslope3XSMS380","(Random Seeds, Slopes (All), SMS (All))",-0.00694573264701731,1.31431447021319e-09,80,"1 9 13 31 46 61 70",1
"POOLED_trusted0Xslope2XSMS2ORtrusted0Xslope3XSMS2ORtrusted0Xslope2XSMS3ORtrusted0Xslope3XSMS380","(Trusted Seeds, Slopes (All), SMS (All))",-0.00658922809454732,5.47645789918925e-07,80,"1 9 13 31 46 61 70",1
"POOLED_gossip2Xslope2XSMS2ORgossip3Xslope2XSMS2ORgossip2Xslope3XSMS2ORgossip3Xslope3XSMS2ORgossip2Xslope2XSMS3ORgossip3Xslope2XSMS3ORgossip2Xslope3XSMS3ORgossip3Xslope3XSMS380","(Info Hubs (All), Slopes (All), SMS (All))",-0.00511768203808236,2.31976687895965e-07,80,"1 9 13 31 46 61 70",1
"POOLED_gossip2Xflat2ORgossip3Xflat2ORgossip2Xflat3ORgossip3Xflat381","(Info Hubs (All), Flats (All), No Reminder)",-0.0123583403100719,0.00882427481267987,81,"1 9 13 31 46 61 70",1
"POOLED_gossip2XSMS2ORgossip3XSMS2ORgossip2XSMS3ORgossip3XSMS376","(Info Hubs (All), No Incentives, SMS (All))",0.00410956445215405,1.71700300508629e-07,81,"1 9 13 31 46 61 70",1
"POOLED_Xslope2XSMS2ORXslope3XSMS2ORXslope2XSMS3ORXslope3XSMS381","(No Seeds, Slopes (All), SMS (All))",-0.00533511325479751,5.15256676244585e-10,81,"1 9 13 31 46 61 70",1
"POOLED_Xflat3XSMS2ORXflat3XSMS376","(No Seeds, High Flats, SMS (All))",-0.00669217004647521,8.48309870871401e-08,81,"1 9 13 31 46 61 70",1
"POOLED_random0Xslope2XSMS2ORrandom0Xslope3XSMS2ORrandom0Xslope2XSMS3ORrandom0Xslope3XSMS381","(Random Seeds, Slopes (All), SMS (All))",-0.00727638047633883,1.66513993780155e-08,81,"1 9 13 31 46 61 70",1
"POOLED_trusted0Xslope2XSMS2ORtrusted0Xslope3XSMS2ORtrusted0Xslope2XSMS3ORtrusted0Xslope3XSMS381","(Trusted Seeds, Slopes (All), SMS (All))",-0.0068147421561936,3.79065151404999e-07,81,"1 9 13 31 46 61 70",1
"POOLED_gossip2Xslope2XSMS2ORgossip3Xslope2XSMS2ORgossip2Xslope3XSMS2ORgossip3Xslope3XSMS2ORgossip2Xslope2XSMS3ORgossip3Xslope2XSMS3ORgossip2Xslope3XSMS3ORgossip3Xslope3XSMS381","(Info Hubs (All), Slopes (All), SMS (All))",-0.00484532950751548,3.83926426428767e-08,81,"1 9 13 31 46 61 70",1
"POOLED_gossip2Xflat2ORgossip3Xflat2ORgossip2Xflat3ORgossip3Xflat382","(Info Hubs (All), Flats (All), No Reminder)",-0.0144212136486643,0.00752760947133444,82,"1 9 13 31 46 61 70",1
"POOLED_gossip2XSMS2ORgossip3XSMS2ORgossip2XSMS3ORgossip3XSMS377","(Info Hubs (All), No Incentives, SMS (All))",0.00480218760348793,1.95521653578712e-09,82,"1 9 13 31 46 61 70",1
"POOLED_Xslope2XSMS2ORXslope3XSMS2ORXslope2XSMS3ORXslope3XSMS382","(No Seeds, Slopes (All), SMS (All))",-0.00546829628237176,6.65434446816683e-07,82,"1 9 13 31 46 61 70",1
"POOLED_Xflat3XSMS2ORXflat3XSMS377","(No Seeds, High Flats, SMS (All))",-0.00629581048134217,8.06925203238631e-08,82,"1 9 13 31 46 61 70",1
"POOLED_random0Xslope2XSMS2ORrandom0Xslope3XSMS2ORrandom0Xslope2XSMS3ORrandom0Xslope3XSMS382","(Random Seeds, Slopes (All), SMS (All))",-0.00639299880530057,1.64683813087479e-08,82,"1 9 13 31 46 61 70",1
"POOLED_trusted0Xslope2XSMS2ORtrusted0Xslope3XSMS2ORtrusted0Xslope2XSMS3ORtrusted0Xslope3XSMS382","(Trusted Seeds, Slopes (All), SMS (All))",-0.00542185918424183,1.09150753805062e-05,82,"1 9 13 31 46 61 70",1
"POOLED_gossip2Xslope2XSMS2ORgossip3Xslope2XSMS2ORgossip2Xslope3XSMS2ORgossip3Xslope3XSMS2ORgossip2Xslope2XSMS3ORgossip3Xslope2XSMS3ORgossip2Xslope3XSMS3ORgossip3Xslope3XSMS382","(Info Hubs (All), Slopes (All), SMS (All))",-0.00433016639789229,0.00194303613327203,82,"1 9 13 31 46 61 70",1
"POOLED_gossip2Xflat2ORgossip3Xflat2ORgossip2Xflat3ORgossip3Xflat383","(Info Hubs (All), Flats (All), No Reminder)",-0.0123575617206747,0.0030146750074267,83,"1 9 13 31 46 61 70",1
"POOLED_gossip2XSMS2ORgossip3XSMS2ORgossip2XSMS3ORgossip3XSMS378","(Info Hubs (All), No Incentives, SMS (All))",0.00453999608795854,5.48656857120529e-10,83,"1 9 13 31 46 61 70",1
"POOLED_Xslope2XSMS2ORXslope3XSMS2ORXslope2XSMS3ORXslope3XSMS383","(No Seeds, Slopes (All), SMS (All))",-0.00584045616865935,3.86562120462854e-10,83,"1 9 13 31 46 61 70",1
"POOLED_Xflat3XSMS2ORXflat3XSMS378","(No Seeds, High Flats, SMS (All))",-0.00693658787371074,9.86649425865927e-08,83,"1 9 13 31 46 61 70",1
"POOLED_random0Xslope2XSMS2ORrandom0Xslope3XSMS2ORrandom0Xslope2XSMS3ORrandom0Xslope3XSMS383","(Random Seeds, Slopes (All), SMS (All))",-0.00636033940296346,4.82127641656119e-09,83,"1 9 13 31 46 61 70",1
"POOLED_trusted0Xslope2XSMS2ORtrusted0Xslope3XSMS2ORtrusted0Xslope2XSMS3ORtrusted0Xslope3XSMS383","(Trusted Seeds, Slopes (All), SMS (All))",-0.00583671068628167,7.23816517812242e-07,83,"1 9 13 31 46 61 70",1
"POOLED_gossip2Xslope2XSMS2ORgossip3Xslope2XSMS2ORgossip2Xslope3XSMS2ORgossip3Xslope3XSMS2ORgossip2Xslope2XSMS3ORgossip3Xslope2XSMS3ORgossip2Xslope3XSMS3ORgossip3Xslope3XSMS383","(Info Hubs (All), Slopes (All), SMS (All))",-0.00526075692563174,1.02073466739482e-05,83,"1 9 13 31 46 61 70",1
"POOLED_gossip2Xflat2ORgossip3Xflat2ORgossip2Xflat3ORgossip3Xflat384","(Info Hubs (All), Flats (All), No Reminder)",-0.0147710792913327,0.00195050189478681,84,"1 9 13 31 46 61 70",1
"POOLED_gossip2XSMS2ORgossip3XSMS2ORgossip2XSMS3ORgossip3XSMS379","(Info Hubs (All), No Incentives, SMS (All))",0.00457611321884535,1.25698020154045e-11,84,"1 9 13 31 46 61 70",1
"POOLED_Xslope2XSMS2ORXslope3XSMS2ORXslope2XSMS3ORXslope3XSMS384","(No Seeds, Slopes (All), SMS (All))",-0.00609442248379089,1.91090378425373e-09,84,"1 9 13 31 46 61 70",1
"POOLED_Xflat3XSMS2ORXflat3XSMS379","(No Seeds, High Flats, SMS (All))",-0.00628642292771511,2.76392586007762e-06,84,"1 9 13 31 46 61 70",1
"POOLED_random0Xslope2XSMS2ORrandom0Xslope3XSMS2ORrandom0Xslope2XSMS3ORrandom0Xslope3XSMS384","(Random Seeds, Slopes (All), SMS (All))",-0.00635469912984804,3.83571675536666e-10,84,"1 9 13 31 46 61 70",1
"POOLED_trusted0Xslope2XSMS2ORtrusted0Xslope3XSMS2ORtrusted0Xslope2XSMS3ORtrusted0Xslope3XSMS384","(Trusted Seeds, Slopes (All), SMS (All))",-0.00573867084005936,1.04494084566273e-07,84,"1 9 13 31 46 61 70",1
"POOLED_gossip2Xslope2XSMS2ORgossip3Xslope2XSMS2ORgossip2Xslope3XSMS2ORgossip3Xslope3XSMS2ORgossip2Xslope2XSMS3ORgossip3Xslope2XSMS3ORgossip2Xslope3XSMS3ORgossip3Xslope3XSMS384","(Info Hubs (All), Slopes (All), SMS (All))",-0.00578176081476043,5.09953903666638e-06,84,"1 9 13 31 46 61 70",1
"POOLED_gossip2Xflat2ORgossip3Xflat2ORgossip2Xflat3ORgossip3Xflat385","(Info Hubs (All), Flats (All), No Reminder)",-0.0130825609982816,0.00564678920652245,85,"1 9 13 31 46 61 70",1
"POOLED_gossip2XSMS2ORgossip3XSMS2ORgossip2XSMS3ORgossip3XSMS380","(Info Hubs (All), No Incentives, SMS (All))",0.00393503894968593,1.57554560750519e-06,85,"1 9 13 31 46 61 70",1
"POOLED_Xslope2XSMS2ORXslope3XSMS2ORXslope2XSMS3ORXslope3XSMS385","(No Seeds, Slopes (All), SMS (All))",-0.00543786612034398,6.76338449976306e-09,85,"1 9 13 31 46 61 70",1
"POOLED_Xflat3XSMS2ORXflat3XSMS380","(No Seeds, High Flats, SMS (All))",-0.00679029928825045,1.34362411026729e-05,85,"1 9 13 31 46 61 70",1
"POOLED_random0Xslope2XSMS2ORrandom0Xslope3XSMS2ORrandom0Xslope2XSMS3ORrandom0Xslope3XSMS385","(Random Seeds, Slopes (All), SMS (All))",-0.00575283501826758,7.13005368592066e-10,85,"1 9 13 31 46 61 70",1
"POOLED_trusted0Xslope2XSMS2ORtrusted0Xslope3XSMS2ORtrusted0Xslope2XSMS3ORtrusted0Xslope3XSMS385","(Trusted Seeds, Slopes (All), SMS (All))",-0.00547111894192557,9.83598842808356e-09,85,"1 9 13 31 46 61 70",1
"POOLED_gossip2Xslope2XSMS2ORgossip3Xslope2XSMS2ORgossip2Xslope3XSMS2ORgossip3Xslope3XSMS2ORgossip2Xslope2XSMS3ORgossip3Xslope2XSMS3ORgossip2Xslope3XSMS3ORgossip3Xslope3XSMS385","(Info Hubs (All), Slopes (All), SMS (All))",-0.0042363704109037,1.15915283148712e-06,85,"1 9 13 31 46 61 70",1
"POOLED_gossip2Xflat2ORgossip3Xflat2ORgossip2Xflat3ORgossip3Xflat386","(Info Hubs (All), Flats (All), No Reminder)",-0.00999365092773639,0.00116257603427869,86,"1 9 13 31 46 61 70",1
"POOLED_gossip2XSMS2ORgossip3XSMS2ORgossip2XSMS3ORgossip3XSMS381","(Info Hubs (All), No Incentives, SMS (All))",0.00411690661456765,7.89567194492845e-08,86,"1 9 13 31 46 61 70",1
"POOLED_Xslope2XSMS2ORXslope3XSMS2ORXslope2XSMS3ORXslope3XSMS386","(No Seeds, Slopes (All), SMS (All))",-0.00554126764105597,1.09917810978149e-07,86,"1 9 13 31 46 61 70",1
"POOLED_Xflat3XSMS2ORXflat3XSMS381","(No Seeds, High Flats, SMS (All))",-0.00536050996741777,3.15490004262826e-08,86,"1 9 13 31 46 61 70",1
"POOLED_random0Xslope2XSMS2ORrandom0Xslope3XSMS2ORrandom0Xslope2XSMS3ORrandom0Xslope3XSMS386","(Random Seeds, Slopes (All), SMS (All))",-0.00723872851807288,2.01244023541027e-09,86,"1 9 13 31 46 61 70",1
"POOLED_trusted0Xslope2XSMS2ORtrusted0Xslope3XSMS2ORtrusted0Xslope2XSMS3ORtrusted0Xslope3XSMS386","(Trusted Seeds, Slopes (All), SMS (All))",-0.00520495461270051,4.96554058395727e-07,86,"1 9 13 31 46 61 70",1
"POOLED_gossip2Xslope2XSMS2ORgossip3Xslope2XSMS2ORgossip2Xslope3XSMS2ORgossip3Xslope3XSMS2ORgossip2Xslope2XSMS3ORgossip3Xslope2XSMS3ORgossip2Xslope3XSMS3ORgossip3Xslope3XSMS386","(Info Hubs (All), Slopes (All), SMS (All))",-0.00509859253526309,8.15122192611433e-07,86,"1 9 13 31 46 61 70",1
"POOLED_gossip2Xflat2ORgossip3Xflat2ORgossip2Xflat3ORgossip3Xflat387","(Info Hubs (All), Flats (All), No Reminder)",-0.0130092788300853,0.00693463319231391,87,"1 9 13 31 46 61 70",1
"POOLED_gossip2XSMS2ORgossip3XSMS2ORgossip2XSMS3ORgossip3XSMS382","(Info Hubs (All), No Incentives, SMS (All))",0.00375915668560652,2.04838693003018e-05,87,"1 9 13 31 46 61 70",1
"POOLED_Xslope2XSMS2ORXslope3XSMS2ORXslope2XSMS3ORXslope3XSMS387","(No Seeds, Slopes (All), SMS (All))",-0.00582935516320664,1.12737256450306e-08,87,"1 9 13 31 46 61 70",1
"POOLED_Xflat3XSMS2ORXflat3XSMS382","(No Seeds, High Flats, SMS (All))",-0.00778993251286907,1.45015781154486e-05,87,"1 9 13 31 46 61 70",1
"POOLED_random0Xslope2XSMS2ORrandom0Xslope3XSMS2ORrandom0Xslope2XSMS3ORrandom0Xslope3XSMS387","(Random Seeds, Slopes (All), SMS (All))",-0.00582686193776981,6.0895024618205e-09,87,"1 9 13 31 46 61 70",1
"POOLED_trusted0Xslope2XSMS2ORtrusted0Xslope3XSMS2ORtrusted0Xslope2XSMS3ORtrusted0Xslope3XSMS387","(Trusted Seeds, Slopes (All), SMS (All))",-0.00549415882642409,8.71807516656477e-11,87,"1 9 13 31 46 61 70",1
"POOLED_gossip2Xslope2XSMS2ORgossip3Xslope2XSMS2ORgossip2Xslope3XSMS2ORgossip3Xslope3XSMS2ORgossip2Xslope2XSMS3ORgossip3Xslope2XSMS3ORgossip2Xslope3XSMS3ORgossip3Xslope3XSMS387","(Info Hubs (All), Slopes (All), SMS (All))",-0.00466985036035229,6.73527274349062e-05,87,"1 9 13 31 46 61 70",1
"POOLED_gossip2Xflat2ORgossip3Xflat2ORgossip2Xflat3ORgossip3Xflat388","(Info Hubs (All), Flats (All), No Reminder)",-0.014070721403142,0.00196382710074025,88,"1 9 13 31 46 61 70",1
"POOLED_gossip2XSMS2ORgossip3XSMS2ORgossip2XSMS3ORgossip3XSMS383","(Info Hubs (All), No Incentives, SMS (All))",0.00365238962843527,1.65827258070331e-05,88,"1 9 13 31 46 61 70",1
"POOLED_Xslope2XSMS2ORXslope3XSMS2ORXslope2XSMS3ORXslope3XSMS388","(No Seeds, Slopes (All), SMS (All))",-0.0067298112451904,2.00880090100261e-07,88,"1 9 13 31 46 61 70",1
"POOLED_Xflat3XSMS2ORXflat3XSMS383","(No Seeds, High Flats, SMS (All))",-0.0079147570673564,2.31957672546073e-06,88,"1 9 13 31 46 61 70",1
"POOLED_random0Xslope2XSMS2ORrandom0Xslope3XSMS2ORrandom0Xslope2XSMS3ORrandom0Xslope3XSMS388","(Random Seeds, Slopes (All), SMS (All))",-0.00670631731349656,6.31218906453134e-09,88,"1 9 13 31 46 61 70",1
"POOLED_trusted0Xslope2XSMS2ORtrusted0Xslope3XSMS2ORtrusted0Xslope2XSMS3ORtrusted0Xslope3XSMS388","(Trusted Seeds, Slopes (All), SMS (All))",-0.00550845565014644,1.02649418498663e-08,88,"1 9 13 31 46 61 70",1
"POOLED_gossip2Xslope2XSMS2ORgossip3Xslope2XSMS2ORgossip2Xslope3XSMS2ORgossip3Xslope3XSMS2ORgossip2Xslope2XSMS3ORgossip3Xslope2XSMS3ORgossip2Xslope3XSMS3ORgossip3Xslope3XSMS388","(Info Hubs (All), Slopes (All), SMS (All))",-0.00457550413341714,5.49658935526733e-08,88,"1 9 13 31 46 61 70",1
"POOLED_gossip2Xflat2ORgossip3Xflat2ORgossip2Xflat3ORgossip3Xflat389","(Info Hubs (All), Flats (All), No Reminder)",-0.013864199405712,0.00201049383445595,89,"1 9 13 31 46 61 70",1
"POOLED_gossip2XSMS2ORgossip3XSMS2ORgossip2XSMS3ORgossip3XSMS384","(Info Hubs (All), No Incentives, SMS (All))",0.00351476241811502,2.57859720200226e-05,89,"1 9 13 31 46 61 70",1
"POOLED_Xslope2XSMS2ORXslope3XSMS2ORXslope2XSMS3ORXslope3XSMS389","(No Seeds, Slopes (All), SMS (All))",-0.0057495971107228,1.39160790934103e-06,89,"1 9 13 31 46 61 70",1
"POOLED_Xflat3XSMS2ORXflat3XSMS384","(No Seeds, High Flats, SMS (All))",-0.00730426369110353,4.84583550593427e-06,89,"1 9 13 31 46 61 70",1
"POOLED_random0Xslope2XSMS2ORrandom0Xslope3XSMS2ORrandom0Xslope2XSMS3ORrandom0Xslope3XSMS389","(Random Seeds, Slopes (All), SMS (All))",-0.00596897410073867,9.93404626066562e-10,89,"1 9 13 31 46 61 70",1
"POOLED_trusted0Xslope2XSMS2ORtrusted0Xslope3XSMS2ORtrusted0Xslope2XSMS3ORtrusted0Xslope3XSMS389","(Trusted Seeds, Slopes (All), SMS (All))",-0.00628258888990818,7.19388681173947e-07,89,"1 9 13 31 46 61 70",1
"POOLED_gossip2Xslope2XSMS2ORgossip3Xslope2XSMS2ORgossip2Xslope3XSMS2ORgossip3Xslope3XSMS2ORgossip2Xslope2XSMS3ORgossip3Xslope2XSMS3ORgossip2Xslope3XSMS3ORgossip3Xslope3XSMS389","(Info Hubs (All), Slopes (All), SMS (All))",-0.00464267501579256,3.800759975563e-05,89,"1 9 13 31 46 61 70",1
"POOLED_gossip2Xflat2ORgossip3Xflat2ORgossip2Xflat3ORgossip3Xflat390","(Info Hubs (All), Flats (All), No Reminder)",-0.0111571941910501,0.00951559537588158,90,"1 9 13 31 46 61 70",1
"POOLED_gossip2XSMS2ORgossip3XSMS2ORgossip2XSMS3ORgossip3XSMS385","(Info Hubs (All), No Incentives, SMS (All))",0.00429836816732924,3.5856349510166e-09,90,"1 9 13 31 46 61 70",1
"POOLED_Xslope2XSMS2ORXslope3XSMS2ORXslope2XSMS3ORXslope3XSMS390","(No Seeds, Slopes (All), SMS (All))",-0.0054865121286294,8.01707760879529e-10,90,"1 9 13 31 46 61 70",1
"POOLED_Xflat3XSMS2ORXflat3XSMS385","(No Seeds, High Flats, SMS (All))",-0.00687135827519203,3.30891486092027e-06,90,"1 9 13 31 46 61 70",1
"POOLED_random0Xslope2XSMS2ORrandom0Xslope3XSMS2ORrandom0Xslope2XSMS3ORrandom0Xslope3XSMS390","(Random Seeds, Slopes (All), SMS (All))",-0.00657667343566635,7.74418108590311e-10,90,"1 9 13 31 46 61 70",1
"POOLED_trusted0Xslope2XSMS2ORtrusted0Xslope3XSMS2ORtrusted0Xslope2XSMS3ORtrusted0Xslope3XSMS390","(Trusted Seeds, Slopes (All), SMS (All))",-0.00630121912625312,0.000269069620571742,90,"1 9 13 31 46 61 70",1
"POOLED_gossip2Xslope2XSMS2ORgossip3Xslope2XSMS2ORgossip2Xslope3XSMS2ORgossip3Xslope3XSMS2ORgossip2Xslope2XSMS3ORgossip3Xslope2XSMS3ORgossip2Xslope3XSMS3ORgossip3Xslope3XSMS390","(Info Hubs (All), Slopes (All), SMS (All))",-0.0044368742416979,1.7356109772772e-05,90,"1 9 13 31 46 61 70",1
"POOLED_gossip2Xflat2ORgossip3Xflat2ORgossip2Xflat3ORgossip3Xflat391","(Info Hubs (All), Flats (All), No Reminder)",-0.012256621273293,0.00618471408089829,91,"1 9 13 31 46 61 70",1
"POOLED_gossip2XSMS2ORgossip3XSMS2ORgossip2XSMS3ORgossip3XSMS386","(Info Hubs (All), No Incentives, SMS (All))",0.00370751779182554,1.20051838967473e-05,91,"1 9 13 31 46 61 70",1
"POOLED_Xslope2XSMS2ORXslope3XSMS2ORXslope2XSMS3ORXslope3XSMS391","(No Seeds, Slopes (All), SMS (All))",-0.00565700743157022,1.35514197404705e-09,91,"1 9 13 31 46 61 70",1
"POOLED_Xflat3XSMS2ORXflat3XSMS386","(No Seeds, High Flats, SMS (All))",-0.00647380623251617,2.25732026979431e-06,91,"1 9 13 31 46 61 70",1
"POOLED_random0Xslope2XSMS2ORrandom0Xslope3XSMS2ORrandom0Xslope2XSMS3ORrandom0Xslope3XSMS391","(Random Seeds, Slopes (All), SMS (All))",-0.00815520019368541,3.64693490269812e-11,91,"1 9 13 31 46 61 70",1
"POOLED_trusted0Xslope2XSMS2ORtrusted0Xslope3XSMS2ORtrusted0Xslope2XSMS3ORtrusted0Xslope3XSMS391","(Trusted Seeds, Slopes (All), SMS (All))",-0.00641115081500543,1.10962692472442e-06,91,"1 9 13 31 46 61 70",1
"POOLED_gossip2Xslope2XSMS2ORgossip3Xslope2XSMS2ORgossip2Xslope3XSMS2ORgossip3Xslope3XSMS2ORgossip2Xslope2XSMS3ORgossip3Xslope2XSMS3ORgossip2Xslope3XSMS3ORgossip3Xslope3XSMS391","(Info Hubs (All), Slopes (All), SMS (All))",-0.00395864837493804,1.02291031654992e-08,91,"1 9 13 31 46 61 70",1
"POOLED_gossip2Xflat2ORgossip3Xflat2ORgossip2Xflat3ORgossip3Xflat392","(Info Hubs (All), Flats (All), No Reminder)",-0.0116661290350739,0.000996768085582921,92,"1 9 13 31 46 61 70",1
"POOLED_gossip2XSMS2ORgossip3XSMS2ORgossip2XSMS3ORgossip3XSMS387","(Info Hubs (All), No Incentives, SMS (All))",0.00376695308430783,4.44634475750604e-06,92,"1 9 13 31 46 61 70",1
"POOLED_Xslope2XSMS2ORXslope3XSMS2ORXslope2XSMS3ORXslope3XSMS392","(No Seeds, Slopes (All), SMS (All))",-0.00612238635681824,2.58211384135977e-08,92,"1 9 13 31 46 61 70",1
"POOLED_Xflat3XSMS2ORXflat3XSMS387","(No Seeds, High Flats, SMS (All))",-0.00666842837301744,2.65684982583925e-05,92,"1 9 13 31 46 61 70",1
"POOLED_random0Xslope2XSMS2ORrandom0Xslope3XSMS2ORrandom0Xslope2XSMS3ORrandom0Xslope3XSMS392","(Random Seeds, Slopes (All), SMS (All))",-0.00643697611917484,1.379739679084e-09,92,"1 9 13 31 46 61 70",1
"POOLED_trusted0Xslope2XSMS2ORtrusted0Xslope3XSMS2ORtrusted0Xslope2XSMS3ORtrusted0Xslope3XSMS392","(Trusted Seeds, Slopes (All), SMS (All))",-0.00672017865929994,3.83544993285949e-07,92,"1 9 13 31 46 61 70",1
"POOLED_gossip2Xslope2XSMS2ORgossip3Xslope2XSMS2ORgossip2Xslope3XSMS2ORgossip3Xslope3XSMS2ORgossip2Xslope2XSMS3ORgossip3Xslope2XSMS3ORgossip2Xslope3XSMS3ORgossip3Xslope3XSMS392","(Info Hubs (All), Slopes (All), SMS (All))",-0.00455847281360362,2.30602338880367e-08,92,"1 9 13 31 46 61 70",1
"POOLED_gossip2Xflat2ORgossip3Xflat2ORgossip2Xflat3ORgossip3Xflat393","(Info Hubs (All), Flats (All), No Reminder)",-0.00977745547401419,0.00534187098985938,93,"1 9 13 31 46 61 70",1
"POOLED_gossip2XSMS2ORgossip3XSMS2ORgossip2XSMS3ORgossip3XSMS388","(Info Hubs (All), No Incentives, SMS (All))",0.00381718854423716,1.39183999787302e-05,93,"1 9 13 31 46 61 70",1
"POOLED_Xslope2XSMS2ORXslope3XSMS2ORXslope2XSMS3ORXslope3XSMS393","(No Seeds, Slopes (All), SMS (All))",-0.00565476338662603,2.93630584363768e-07,93,"1 9 13 31 46 61 70",1
"POOLED_Xflat3XSMS2ORXflat3XSMS388","(No Seeds, High Flats, SMS (All))",-0.0060781148702388,0.000117187123930368,93,"1 9 13 31 46 61 70",1
"POOLED_random0Xslope2XSMS2ORrandom0Xslope3XSMS2ORrandom0Xslope2XSMS3ORrandom0Xslope3XSMS393","(Random Seeds, Slopes (All), SMS (All))",-0.00659348425340372,8.45646004933457e-09,93,"1 9 13 31 46 61 70",1
"POOLED_trusted0Xslope2XSMS2ORtrusted0Xslope3XSMS2ORtrusted0Xslope2XSMS3ORtrusted0Xslope3XSMS393","(Trusted Seeds, Slopes (All), SMS (All))",-0.00616971187673751,3.787195072584e-06,93,"1 9 13 31 46 61 70",1
"POOLED_gossip2Xslope2XSMS2ORgossip3Xslope2XSMS2ORgossip2Xslope3XSMS2ORgossip3Xslope3XSMS2ORgossip2Xslope2XSMS3ORgossip3Xslope2XSMS3ORgossip2Xslope3XSMS3ORgossip3Xslope3XSMS393","(Info Hubs (All), Slopes (All), SMS (All))",-0.00325657921606368,0.000317931954241637,93,"1 9 13 31 46 61 70",1
"POOLED_gossip2Xflat2ORgossip3Xflat2ORgossip2Xflat3ORgossip3Xflat394","(Info Hubs (All), Flats (All), No Reminder)",-0.0149533265158164,0.00234577092218561,94,"1 9 13 31 46 61 70",1
"POOLED_gossip2XSMS2ORgossip3XSMS2ORgossip2XSMS3ORgossip3XSMS389","(Info Hubs (All), No Incentives, SMS (All))",0.00398790819749674,1.401015667926e-07,94,"1 9 13 31 46 61 70",1
"POOLED_Xslope2XSMS2ORXslope3XSMS2ORXslope2XSMS3ORXslope3XSMS394","(No Seeds, Slopes (All), SMS (All))",-0.00625704766652593,3.83166876917757e-09,94,"1 9 13 31 46 61 70",1
"POOLED_Xflat3XSMS2ORXflat3XSMS389","(No Seeds, High Flats, SMS (All))",-0.00559322300720392,5.35060847892155e-06,94,"1 9 13 31 46 61 70",1
"POOLED_random0Xslope2XSMS2ORrandom0Xslope3XSMS2ORrandom0Xslope2XSMS3ORrandom0Xslope3XSMS394","(Random Seeds, Slopes (All), SMS (All))",-0.00778372185247689,2.64187206841353e-09,94,"1 9 13 31 46 61 70",1
"POOLED_trusted0Xslope2XSMS2ORtrusted0Xslope3XSMS2ORtrusted0Xslope2XSMS3ORtrusted0Xslope3XSMS394","(Trusted Seeds, Slopes (All), SMS (All))",-0.00589773113507695,6.41515351383469e-10,94,"1 9 13 31 46 61 70",1
"POOLED_gossip2Xslope2XSMS2ORgossip3Xslope2XSMS2ORgossip2Xslope3XSMS2ORgossip3Xslope3XSMS2ORgossip2Xslope2XSMS3ORgossip3Xslope2XSMS3ORgossip2Xslope3XSMS3ORgossip3Xslope3XSMS394","(Info Hubs (All), Slopes (All), SMS (All))",-0.00494755990966829,5.88792670393907e-08,94,"1 9 13 31 46 61 70",1
"POOLED_gossip2Xflat2ORgossip3Xflat2ORgossip2Xflat3ORgossip3Xflat395","(Info Hubs (All), Flats (All), No Reminder)",-0.0122116996701706,0.000214556521385933,95,"1 9 13 31 46 61 70",1
"POOLED_gossip2XSMS2ORgossip3XSMS2ORgossip2XSMS3ORgossip3XSMS390","(Info Hubs (All), No Incentives, SMS (All))",0.00426282254164632,4.85802209298347e-09,95,"1 9 13 31 46 61 70",1
"POOLED_Xslope2XSMS2ORXslope3XSMS2ORXslope2XSMS3ORXslope3XSMS395","(No Seeds, Slopes (All), SMS (All))",-0.0063175084659017,2.47837506755098e-07,95,"1 9 13 31 46 61 70",1
"POOLED_Xflat3XSMS2ORXflat3XSMS390","(No Seeds, High Flats, SMS (All))",-0.0070220147165378,6.68621360819075e-07,95,"1 9 13 31 46 61 70",1
"POOLED_random0Xslope2XSMS2ORrandom0Xslope3XSMS2ORrandom0Xslope2XSMS3ORrandom0Xslope3XSMS395","(Random Seeds, Slopes (All), SMS (All))",-0.00596235024024103,2.0623017741693e-08,95,"1 9 13 31 46 61 70",1
"POOLED_trusted0Xslope2XSMS2ORtrusted0Xslope3XSMS2ORtrusted0Xslope2XSMS3ORtrusted0Xslope3XSMS395","(Trusted Seeds, Slopes (All), SMS (All))",-0.00537938594475097,9.38576782970584e-09,95,"1 9 13 31 46 61 70",1
"POOLED_gossip2Xslope2XSMS2ORgossip3Xslope2XSMS2ORgossip2Xslope3XSMS2ORgossip3Xslope3XSMS2ORgossip2Xslope2XSMS3ORgossip3Xslope2XSMS3ORgossip2Xslope3XSMS3ORgossip3Xslope3XSMS395","(Info Hubs (All), Slopes (All), SMS (All))",-0.00558564896757674,2.37601468119567e-07,95,"1 9 13 31 46 61 70",1
"POOLED_gossip2Xflat2ORgossip3Xflat2ORgossip2Xflat3ORgossip3Xflat396","(Info Hubs (All), Flats (All), No Reminder)",-0.0106202650137773,0.0035481148516208,96,"1 9 13 31 46 61 70",1
"POOLED_gossip2XSMS2ORgossip3XSMS2ORgossip2XSMS3ORgossip3XSMS391","(Info Hubs (All), No Incentives, SMS (All))",0.00407447798722765,3.41585676523359e-08,96,"1 9 13 31 46 61 70",1
"POOLED_Xslope2XSMS2ORXslope3XSMS2ORXslope2XSMS3ORXslope3XSMS396","(No Seeds, Slopes (All), SMS (All))",-0.00594201592361014,1.06377653440425e-10,96,"1 9 13 31 46 61 70",1
"POOLED_Xflat3XSMS2ORXflat3XSMS391","(No Seeds, High Flats, SMS (All))",-0.00646526212911918,9.10906270226744e-07,96,"1 9 13 31 46 61 70",1
"POOLED_random0Xslope2XSMS2ORrandom0Xslope3XSMS2ORrandom0Xslope2XSMS3ORrandom0Xslope3XSMS396","(Random Seeds, Slopes (All), SMS (All))",-0.00649480427191191,4.2157549274561e-08,96,"1 9 13 31 46 61 70",1
"POOLED_trusted0Xslope2XSMS2ORtrusted0Xslope3XSMS2ORtrusted0Xslope2XSMS3ORtrusted0Xslope3XSMS396","(Trusted Seeds, Slopes (All), SMS (All))",-0.00492599521088956,7.19950642587226e-08,96,"1 9 13 31 46 61 70",1
"POOLED_gossip2Xslope2XSMS2ORgossip3Xslope2XSMS2ORgossip2Xslope3XSMS2ORgossip3Xslope3XSMS2ORgossip2Xslope2XSMS3ORgossip3Xslope2XSMS3ORgossip2Xslope3XSMS3ORgossip3Xslope3XSMS396","(Info Hubs (All), Slopes (All), SMS (All))",-0.00404893298266018,0.000117791685805377,96,"1 9 13 31 46 61 70",1
"POOLED_gossip2Xflat2ORgossip3Xflat2ORgossip2Xflat3ORgossip3Xflat397","(Info Hubs (All), Flats (All), No Reminder)",-0.0135137470806433,0.00456265436950487,97,"1 9 13 31 46 61 70",1
"POOLED_gossip2XSMS2ORgossip3XSMS2ORgossip2XSMS3ORgossip3XSMS392","(Info Hubs (All), No Incentives, SMS (All))",0.0042808468749683,1.44103518050534e-08,97,"1 9 13 31 46 61 70",1
"POOLED_Xslope2XSMS2ORXslope3XSMS2ORXslope2XSMS3ORXslope3XSMS397","(No Seeds, Slopes (All), SMS (All))",-0.00720603849267214,8.0554529228877e-07,97,"1 9 13 31 46 61 70",1
"POOLED_Xflat3XSMS2ORXflat3XSMS392","(No Seeds, High Flats, SMS (All))",-0.00549172258768788,3.17107506264973e-07,97,"1 9 13 31 46 61 70",1
"POOLED_random0Xslope2XSMS2ORrandom0Xslope3XSMS2ORrandom0Xslope2XSMS3ORrandom0Xslope3XSMS397","(Random Seeds, Slopes (All), SMS (All))",-0.00640258847895007,1.11832670621396e-07,97,"1 9 13 31 46 61 70",1
"POOLED_trusted0Xslope2XSMS2ORtrusted0Xslope3XSMS2ORtrusted0Xslope2XSMS3ORtrusted0Xslope3XSMS397","(Trusted Seeds, Slopes (All), SMS (All))",-0.00643499772581859,1.03533925429887e-07,97,"1 9 13 31 46 61 70",1
"POOLED_gossip2Xslope2XSMS2ORgossip3Xslope2XSMS2ORgossip2Xslope3XSMS2ORgossip3Xslope3XSMS2ORgossip2Xslope2XSMS3ORgossip3Xslope2XSMS3ORgossip2Xslope3XSMS3ORgossip3Xslope3XSMS397","(Info Hubs (All), Slopes (All), SMS (All))",-0.00423760798608181,1.92223367365064e-06,97,"1 9 13 31 46 61 70",1
"POOLED_gossip2Xflat2ORgossip3Xflat2ORgossip2Xflat3ORgossip3Xflat398","(Info Hubs (All), Flats (All), No Reminder)",-0.0141872270029614,0.00337588359368113,98,"1 9 13 31 46 61 70",1
"POOLED_gossip2XSMS2ORgossip3XSMS2ORgossip2XSMS3ORgossip3XSMS393","(Info Hubs (All), No Incentives, SMS (All))",0.00393438253256204,2.23624373474271e-06,98,"1 9 13 31 46 61 70",1
"POOLED_Xslope2XSMS2ORXslope3XSMS2ORXslope2XSMS3ORXslope3XSMS398","(No Seeds, Slopes (All), SMS (All))",-0.00545288289346587,5.40561592065984e-10,98,"1 9 13 31 46 61 70",1
"POOLED_Xflat3XSMS2ORXflat3XSMS393","(No Seeds, High Flats, SMS (All))",-0.00812192046488896,1.55243895763935e-05,98,"1 9 13 31 46 61 70",1
"POOLED_random0Xslope2XSMS2ORrandom0Xslope3XSMS2ORrandom0Xslope2XSMS3ORrandom0Xslope3XSMS398","(Random Seeds, Slopes (All), SMS (All))",-0.00632711876612026,2.11197210838726e-10,98,"1 9 13 31 46 61 70",1
"POOLED_trusted0Xslope2XSMS2ORtrusted0Xslope3XSMS2ORtrusted0Xslope2XSMS3ORtrusted0Xslope3XSMS398","(Trusted Seeds, Slopes (All), SMS (All))",-0.00570129758986243,4.26325788120237e-08,98,"1 9 13 31 46 61 70",1
"POOLED_gossip2Xslope2XSMS2ORgossip3Xslope2XSMS2ORgossip2Xslope3XSMS2ORgossip3Xslope3XSMS2ORgossip2Xslope2XSMS3ORgossip3Xslope2XSMS3ORgossip2Xslope3XSMS3ORgossip3Xslope3XSMS398","(Info Hubs (All), Slopes (All), SMS (All))",-0.00390807438921634,8.37120020883745e-07,98,"1 9 13 31 46 61 70",1
"POOLED_gossip2Xflat2ORgossip3Xflat2ORgossip2Xflat3ORgossip3Xflat399","(Info Hubs (All), Flats (All), No Reminder)",-0.0106892137585323,0.00142181865566215,99,"1 9 13 31 46 61 70",1
"POOLED_gossip2XSMS2ORgossip3XSMS2ORgossip2XSMS3ORgossip3XSMS394","(Info Hubs (All), No Incentives, SMS (All))",0.00428429200652596,2.84779076097961e-09,99,"1 9 13 31 46 61 70",1
"POOLED_Xslope2XSMS2ORXslope3XSMS2ORXslope2XSMS3ORXslope3XSMS399","(No Seeds, Slopes (All), SMS (All))",-0.00640073883438258,8.62665918383814e-08,99,"1 9 13 31 46 61 70",1
"POOLED_Xflat3XSMS2ORXflat3XSMS394","(No Seeds, High Flats, SMS (All))",-0.00841970741631358,9.4634363584006e-09,99,"1 9 13 31 46 61 70",1
"POOLED_random0Xslope2XSMS2ORrandom0Xslope3XSMS2ORrandom0Xslope2XSMS3ORrandom0Xslope3XSMS399","(Random Seeds, Slopes (All), SMS (All))",-0.0059462175526909,1.17346382288551e-08,99,"1 9 13 31 46 61 70",1
"POOLED_trusted0Xslope2XSMS2ORtrusted0Xslope3XSMS2ORtrusted0Xslope2XSMS3ORtrusted0Xslope3XSMS399","(Trusted Seeds, Slopes (All), SMS (All))",-0.00583325674230812,4.03206931416855e-09,99,"1 9 13 31 46 61 70",1
"POOLED_gossip2Xslope2XSMS2ORgossip3Xslope2XSMS2ORgossip2Xslope3XSMS2ORgossip3Xslope3XSMS2ORgossip2Xslope2XSMS3ORgossip3Xslope2XSMS3ORgossip2Xslope3XSMS3ORgossip3Xslope3XSMS399","(Info Hubs (All), Slopes (All), SMS (All))",-0.00606150200104593,0.000117509747101346,99,"1 9 13 31 46 61 70",1
"POOLED_gossip2Xflat2ORgossip3Xflat2ORgossip2Xflat3ORgossip3Xflat3100","(Info Hubs (All), Flats (All), No Reminder)",-0.0126751990212211,0.0162846188500713,100,"1 9 13 31 46 61 70",1
"POOLED_gossip2XSMS2ORgossip3XSMS2ORgossip2XSMS3ORgossip3XSMS395","(Info Hubs (All), No Incentives, SMS (All))",0.00399664923501281,1.3143116626314e-06,100,"1 9 13 31 46 61 70",1
"POOLED_Xslope2XSMS2ORXslope3XSMS2ORXslope2XSMS3ORXslope3XSMS3100","(No Seeds, Slopes (All), SMS (All))",-0.00618462342851688,1.88511415655753e-08,100,"1 9 13 31 46 61 70",1
"POOLED_Xflat3XSMS2ORXflat3XSMS395","(No Seeds, High Flats, SMS (All))",-0.00697165679045122,6.40883641790058e-08,100,"1 9 13 31 46 61 70",1
"POOLED_random0Xslope2XSMS2ORrandom0Xslope3XSMS2ORrandom0Xslope2XSMS3ORrandom0Xslope3XSMS3100","(Random Seeds, Slopes (All), SMS (All))",-0.0064103915596671,5.83845294307366e-08,100,"1 9 13 31 46 61 70",1
"POOLED_trusted0Xslope2XSMS2ORtrusted0Xslope3XSMS2ORtrusted0Xslope2XSMS3ORtrusted0Xslope3XSMS3100","(Trusted Seeds, Slopes (All), SMS (All))",-0.00579328222918404,2.35383490924964e-10,100,"1 9 13 31 46 61 70",1
"POOLED_gossip2Xslope2XSMS2ORgossip3Xslope2XSMS2ORgossip2Xslope3XSMS2ORgossip3Xslope3XSMS2ORgossip2Xslope2XSMS3ORgossip3Xslope2XSMS3ORgossip2Xslope3XSMS3ORgossip3Xslope3XSMS3100","(Info Hubs (All), Slopes (All), SMS (All))",-0.00492243244882984,3.83172929869866e-10,100,"1 9 13 31 46 61 70",1
"POOLED_gossip2Xflat2ORgossip3Xflat2ORgossip2Xflat3ORgossip3Xflat3101","(Info Hubs (All), Flats (All), No Reminder)",-0.0130086695554157,0.00933572263579871,101,"1 9 13 31 46 61 70",1
"POOLED_gossip2XSMS2ORgossip3XSMS2ORgossip2XSMS3ORgossip3XSMS396","(Info Hubs (All), No Incentives, SMS (All))",0.00451072132741889,2.04529239162967e-09,101,"1 9 13 31 46 61 70",1
"POOLED_Xslope2XSMS2ORXslope3XSMS2ORXslope2XSMS3ORXslope3XSMS3101","(No Seeds, Slopes (All), SMS (All))",-0.00622515915576741,4.07599135858566e-09,101,"1 9 13 31 46 61 70",1
"POOLED_Xflat3XSMS2ORXflat3XSMS396","(No Seeds, High Flats, SMS (All))",-0.00763388914048409,6.99000958451943e-09,101,"1 9 13 31 46 61 70",1
"POOLED_random0Xslope2XSMS2ORrandom0Xslope3XSMS2ORrandom0Xslope2XSMS3ORrandom0Xslope3XSMS3101","(Random Seeds, Slopes (All), SMS (All))",-0.00651573307859417,1.53860728655285e-09,101,"1 9 13 31 46 61 70",1
"POOLED_trusted0Xslope2XSMS2ORtrusted0Xslope3XSMS2ORtrusted0Xslope2XSMS3ORtrusted0Xslope3XSMS3101","(Trusted Seeds, Slopes (All), SMS (All))",-0.00658752819170221,5.21667670523404e-07,101,"1 9 13 31 46 61 70",1
"POOLED_gossip2Xslope2XSMS2ORgossip3Xslope2XSMS2ORgossip2Xslope3XSMS2ORgossip3Xslope3XSMS2ORgossip2Xslope2XSMS3ORgossip3Xslope2XSMS3ORgossip2Xslope3XSMS3ORgossip3Xslope3XSMS3101","(Info Hubs (All), Slopes (All), SMS (All))",-0.00491113379139219,1.17435495626672e-09,101,"1 9 13 31 46 61 70",1
"POOLED_gossip2Xflat2ORgossip3Xflat2ORgossip2Xflat3ORgossip3Xflat3102","(Info Hubs (All), Flats (All), No Reminder)",-0.0112370875483319,0.00365205441086234,102,"1 9 13 31 46 61 70",1
"POOLED_gossip2XSMS2ORgossip3XSMS2ORgossip2XSMS3ORgossip3XSMS397","(Info Hubs (All), No Incentives, SMS (All))",0.00491298410671034,5.96988901541128e-12,102,"1 9 13 31 46 61 70",1
"POOLED_Xslope2XSMS2ORXslope3XSMS2ORXslope2XSMS3ORXslope3XSMS3102","(No Seeds, Slopes (All), SMS (All))",-0.00614105303461949,1.96474940173398e-07,102,"1 9 13 31 46 61 70",1
"POOLED_Xflat3XSMS2ORXflat3XSMS397","(No Seeds, High Flats, SMS (All))",-0.00637681716169595,1.48075576408475e-05,102,"1 9 13 31 46 61 70",1
"POOLED_random0Xslope2XSMS2ORrandom0Xslope3XSMS2ORrandom0Xslope2XSMS3ORrandom0Xslope3XSMS3102","(Random Seeds, Slopes (All), SMS (All))",-0.00667286031535073,1.37399621681795e-09,102,"1 9 13 31 46 61 70",1
"POOLED_trusted0Xslope2XSMS2ORtrusted0Xslope3XSMS2ORtrusted0Xslope2XSMS3ORtrusted0Xslope3XSMS3102","(Trusted Seeds, Slopes (All), SMS (All))",-0.00467967466445009,1.21476477219842e-07,102,"1 9 13 31 46 61 70",1
"POOLED_gossip2Xslope2XSMS2ORgossip3Xslope2XSMS2ORgossip2Xslope3XSMS2ORgossip3Xslope3XSMS2ORgossip2Xslope2XSMS3ORgossip3Xslope2XSMS3ORgossip2Xslope3XSMS3ORgossip3Xslope3XSMS3102","(Info Hubs (All), Slopes (All), SMS (All))",-0.00504770321198839,1.71238175275779e-06,102,"1 9 13 31 46 61 70",1
"POOLED_gossip2Xflat2ORgossip3Xflat2ORgossip2Xflat3ORgossip3Xflat3103","(Info Hubs (All), Flats (All), No Reminder)",-0.0126832208929751,0.0015371904175633,103,"1 9 13 31 46 61 70",1
"POOLED_gossip2XSMS2ORgossip3XSMS2ORgossip2XSMS3ORgossip3XSMS398","(Info Hubs (All), No Incentives, SMS (All))",0.00379632534853007,8.70444731651979e-07,103,"1 9 13 31 46 61 70",1
"POOLED_Xslope2XSMS2ORXslope3XSMS2ORXslope2XSMS3ORXslope3XSMS3103","(No Seeds, Slopes (All), SMS (All))",-0.00629877622027273,2.17582305873982e-06,103,"1 9 13 31 46 61 70",1
"POOLED_Xflat3XSMS2ORXflat3XSMS398","(No Seeds, High Flats, SMS (All))",-0.00659864933945469,0.000498221007543743,103,"1 9 13 31 46 61 70",1
"POOLED_random0Xslope2XSMS2ORrandom0Xslope3XSMS2ORrandom0Xslope2XSMS3ORrandom0Xslope3XSMS3103","(Random Seeds, Slopes (All), SMS (All))",-0.00606279793494649,1.65729533223006e-08,103,"1 9 13 31 46 61 70",1
"POOLED_trusted0Xslope2XSMS2ORtrusted0Xslope3XSMS2ORtrusted0Xslope2XSMS3ORtrusted0Xslope3XSMS3103","(Trusted Seeds, Slopes (All), SMS (All))",-0.00566802084085055,2.31396252977764e-10,103,"1 9 13 31 46 61 70",1
"POOLED_gossip2Xslope2XSMS2ORgossip3Xslope2XSMS2ORgossip2Xslope3XSMS2ORgossip3Xslope3XSMS2ORgossip2Xslope2XSMS3ORgossip3Xslope2XSMS3ORgossip2Xslope3XSMS3ORgossip3Xslope3XSMS3103","(Info Hubs (All), Slopes (All), SMS (All))",-0.00451899029043766,1.48694422285616e-05,103,"1 9 13 31 46 61 70",1
"POOLED_gossip2Xflat2ORgossip3Xflat2ORgossip2Xflat3ORgossip3Xflat3104","(Info Hubs (All), Flats (All), No Reminder)",-0.0133990889178814,0.00068488988901866,104,"1 9 13 31 46 61 70",1
"POOLED_gossip2XSMS2ORgossip3XSMS2ORgossip2XSMS3ORgossip3XSMS399","(Info Hubs (All), No Incentives, SMS (All))",0.00403394173506622,5.61520964167218e-07,104,"1 9 13 31 46 61 70",1
"POOLED_Xslope2XSMS2ORXslope3XSMS2ORXslope2XSMS3ORXslope3XSMS3104","(No Seeds, Slopes (All), SMS (All))",-0.00678508026113805,6.93423939010125e-08,104,"1 9 13 31 46 61 70",1
"POOLED_Xflat3XSMS2ORXflat3XSMS399","(No Seeds, High Flats, SMS (All))",-0.00583538212231582,9.5252201654405e-05,104,"1 9 13 31 46 61 70",1
"POOLED_random0Xslope2XSMS2ORrandom0Xslope3XSMS2ORrandom0Xslope2XSMS3ORrandom0Xslope3XSMS3104","(Random Seeds, Slopes (All), SMS (All))",-0.00768501886093959,8.78214411329273e-12,104,"1 9 13 31 46 61 70",1
"POOLED_trusted0Xslope2XSMS2ORtrusted0Xslope3XSMS2ORtrusted0Xslope2XSMS3ORtrusted0Xslope3XSMS3104","(Trusted Seeds, Slopes (All), SMS (All))",-0.00590029224615977,1.24412033200781e-07,104,"1 9 13 31 46 61 70",1
"POOLED_gossip2Xslope2XSMS2ORgossip3Xslope2XSMS2ORgossip2Xslope3XSMS2ORgossip3Xslope3XSMS2ORgossip2Xslope2XSMS3ORgossip3Xslope2XSMS3ORgossip2Xslope3XSMS3ORgossip3Xslope3XSMS3104","(Info Hubs (All), Slopes (All), SMS (All))",-0.00454342744967799,4.28236371217595e-07,104,"1 9 13 31 46 61 70",1
"POOLED_gossip2Xflat2ORgossip3Xflat2ORgossip2Xflat3ORgossip3Xflat3105","(Info Hubs (All), Flats (All), No Reminder)",-0.0121096617034937,0.00564951250817262,105,"1 9 13 31 46 61 70",1
"POOLED_gossip2XSMS2ORgossip3XSMS2ORgossip2XSMS3ORgossip3XSMS3100","(Info Hubs (All), No Incentives, SMS (All))",0.00352068053022332,3.00039949146927e-05,105,"1 9 13 31 46 61 70",1
"POOLED_Xslope2XSMS2ORXslope3XSMS2ORXslope2XSMS3ORXslope3XSMS3105","(No Seeds, Slopes (All), SMS (All))",-0.00571636648884153,1.48441973252618e-09,105,"1 9 13 31 46 61 70",1
"POOLED_Xflat3XSMS2ORXflat3XSMS3100","(No Seeds, High Flats, SMS (All))",-0.00694156588008466,6.56278718299325e-06,105,"1 9 13 31 46 61 70",1
"POOLED_random0Xslope2XSMS2ORrandom0Xslope3XSMS2ORrandom0Xslope2XSMS3ORrandom0Xslope3XSMS3105","(Random Seeds, Slopes (All), SMS (All))",-0.00635201673051058,6.10651631099891e-08,105,"1 9 13 31 46 61 70",1
"POOLED_trusted0Xslope2XSMS2ORtrusted0Xslope3XSMS2ORtrusted0Xslope2XSMS3ORtrusted0Xslope3XSMS3105","(Trusted Seeds, Slopes (All), SMS (All))",-0.00497146584314055,1.96276330735515e-06,105,"1 9 13 31 46 61 70",1
"POOLED_gossip2Xslope2XSMS2ORgossip3Xslope2XSMS2ORgossip2Xslope3XSMS2ORgossip3Xslope3XSMS2ORgossip2Xslope2XSMS3ORgossip3Xslope2XSMS3ORgossip2Xslope3XSMS3ORgossip3Xslope3XSMS3105","(Info Hubs (All), Slopes (All), SMS (All))",-0.00504855568822437,1.70415804763158e-06,105,"1 9 13 31 46 61 70",1
"POOLED_gossip2Xflat2ORgossip3Xflat2ORgossip2Xflat3ORgossip3Xflat3106","(Info Hubs (All), Flats (All), No Reminder)",-0.0123373757816253,0.00924823145244319,106,"1 9 13 31 46 61 70",1
"POOLED_gossip2XSMS2ORgossip3XSMS2ORgossip2XSMS3ORgossip3XSMS3101","(Info Hubs (All), No Incentives, SMS (All))",0.00364805308175526,2.62017407592823e-05,106,"1 9 13 31 46 61 70",1
"POOLED_Xslope2XSMS2ORXslope3XSMS2ORXslope2XSMS3ORXslope3XSMS3106","(No Seeds, Slopes (All), SMS (All))",-0.00541031626863794,3.27160338124042e-10,106,"1 9 13 31 46 61 70",1
"POOLED_Xflat3XSMS2ORXflat3XSMS3101","(No Seeds, High Flats, SMS (All))",-0.0060347222304608,4.70940991854058e-05,106,"1 9 13 31 46 61 70",1
"POOLED_random0Xslope2XSMS2ORrandom0Xslope3XSMS2ORrandom0Xslope2XSMS3ORrandom0Xslope3XSMS3106","(Random Seeds, Slopes (All), SMS (All))",-0.00600820811889453,3.34239718902832e-10,106,"1 9 13 31 46 61 70",1
"POOLED_trusted0Xslope2XSMS2ORtrusted0Xslope3XSMS2ORtrusted0Xslope2XSMS3ORtrusted0Xslope3XSMS3106","(Trusted Seeds, Slopes (All), SMS (All))",-0.00523410460444896,1.40745541454508e-07,106,"1 9 13 31 46 61 70",1
"POOLED_gossip2Xslope2XSMS2ORgossip3Xslope2XSMS2ORgossip2Xslope3XSMS2ORgossip3Xslope3XSMS2ORgossip2Xslope2XSMS3ORgossip3Xslope2XSMS3ORgossip2Xslope3XSMS3ORgossip3Xslope3XSMS3106","(Info Hubs (All), Slopes (All), SMS (All))",-0.00399913979499157,4.46135747637173e-06,106,"1 9 13 31 46 61 70",1
"POOLED_gossip2Xflat2ORgossip3Xflat2ORgossip2Xflat3ORgossip3Xflat3107","(Info Hubs (All), Flats (All), No Reminder)",-0.0126681619713123,0.00278536281108182,107,"1 9 13 31 46 61 70",1
"POOLED_gossip2XSMS2ORgossip3XSMS2ORgossip2XSMS3ORgossip3XSMS3102","(Info Hubs (All), No Incentives, SMS (All))",0.00446487599642133,8.84025227214544e-09,107,"1 9 13 31 46 61 70",1
"POOLED_Xslope2XSMS2ORXslope3XSMS2ORXslope2XSMS3ORXslope3XSMS3107","(No Seeds, Slopes (All), SMS (All))",-0.00622439153926702,2.79250787444292e-06,107,"1 9 13 31 46 61 70",1
"POOLED_Xflat3XSMS2ORXflat3XSMS3102","(No Seeds, High Flats, SMS (All))",-0.0054872161342709,6.6924844381389e-06,107,"1 9 13 31 46 61 70",1
"POOLED_random0Xslope2XSMS2ORrandom0Xslope3XSMS2ORrandom0Xslope2XSMS3ORrandom0Xslope3XSMS3107","(Random Seeds, Slopes (All), SMS (All))",-0.0058412182621478,1.43094348952738e-08,107,"1 9 13 31 46 61 70",1
"POOLED_trusted0Xslope2XSMS2ORtrusted0Xslope3XSMS2ORtrusted0Xslope2XSMS3ORtrusted0Xslope3XSMS3107","(Trusted Seeds, Slopes (All), SMS (All))",-0.00573642488204065,7.54360011799037e-05,107,"1 9 13 31 46 61 70",1
"POOLED_gossip2Xslope2XSMS2ORgossip3Xslope2XSMS2ORgossip2Xslope3XSMS2ORgossip3Xslope3XSMS2ORgossip2Xslope2XSMS3ORgossip3Xslope2XSMS3ORgossip2Xslope3XSMS3ORgossip3Xslope3XSMS3107","(Info Hubs (All), Slopes (All), SMS (All))",-0.00428741453613024,1.63427512132882e-06,107,"1 9 13 31 46 61 70",1
"POOLED_gossip2Xflat2ORgossip3Xflat2ORgossip2Xflat3ORgossip3Xflat3108","(Info Hubs (All), Flats (All), No Reminder)",-0.0108776981583235,0.00587526661783362,108,"1 9 13 31 46 61 70",1
"POOLED_gossip2XSMS2ORgossip3XSMS2ORgossip2XSMS3ORgossip3XSMS3103","(Info Hubs (All), No Incentives, SMS (All))",0.00460984285162707,1.58538140229669e-09,108,"1 9 13 31 46 61 70",1
"POOLED_Xslope2XSMS2ORXslope3XSMS2ORXslope2XSMS3ORXslope3XSMS3108","(No Seeds, Slopes (All), SMS (All))",-0.00577591215875027,3.59679363022051e-08,108,"1 9 13 31 46 61 70",1
"POOLED_Xflat3XSMS2ORXflat3XSMS3103","(No Seeds, High Flats, SMS (All))",-0.00613640454446931,9.38710415850067e-07,108,"1 9 13 31 46 61 70",1
"POOLED_random0Xslope2XSMS2ORrandom0Xslope3XSMS2ORrandom0Xslope2XSMS3ORrandom0Xslope3XSMS3108","(Random Seeds, Slopes (All), SMS (All))",-0.00568805545945207,1.46996041885523e-07,108,"1 9 13 31 46 61 70",1
"POOLED_trusted0Xslope2XSMS2ORtrusted0Xslope3XSMS2ORtrusted0Xslope2XSMS3ORtrusted0Xslope3XSMS3108","(Trusted Seeds, Slopes (All), SMS (All))",-0.00436630014135975,3.04788914231726e-07,108,"1 9 13 31 46 61 70",1
"POOLED_gossip2Xslope2XSMS2ORgossip3Xslope2XSMS2ORgossip2Xslope3XSMS2ORgossip3Xslope3XSMS2ORgossip2Xslope2XSMS3ORgossip3Xslope2XSMS3ORgossip2Xslope3XSMS3ORgossip3Xslope3XSMS3108","(Info Hubs (All), Slopes (All), SMS (All))",-0.00485356625392301,6.55188406231597e-06,108,"1 9 13 31 46 61 70",1
"POOLED_gossip2Xflat2ORgossip3Xflat2ORgossip2Xflat3ORgossip3Xflat3109","(Info Hubs (All), Flats (All), No Reminder)",-0.0137794326922077,0.00156919616156576,109,"1 9 13 31 46 61 70",1
"POOLED_gossip2XSMS2ORgossip3XSMS2ORgossip2XSMS3ORgossip3XSMS3104","(Info Hubs (All), No Incentives, SMS (All))",0.00434870199216074,8.4757343378659e-10,109,"1 9 13 31 46 61 70",1
"POOLED_Xslope2XSMS2ORXslope3XSMS2ORXslope2XSMS3ORXslope3XSMS3109","(No Seeds, Slopes (All), SMS (All))",-0.00560540639900546,5.39957975165505e-08,109,"1 9 13 31 46 61 70",1
"POOLED_Xflat3XSMS2ORXflat3XSMS3104","(No Seeds, High Flats, SMS (All))",-0.00757114349211364,7.57389927867434e-09,109,"1 9 13 31 46 61 70",1
"POOLED_random0Xslope2XSMS2ORrandom0Xslope3XSMS2ORrandom0Xslope2XSMS3ORrandom0Xslope3XSMS3109","(Random Seeds, Slopes (All), SMS (All))",-0.00602697939571521,2.78243015695653e-10,109,"1 9 13 31 46 61 70",1
"POOLED_trusted0Xslope2XSMS2ORtrusted0Xslope3XSMS2ORtrusted0Xslope2XSMS3ORtrusted0Xslope3XSMS3109","(Trusted Seeds, Slopes (All), SMS (All))",-0.00592624354023143,1.33772928975813e-06,109,"1 9 13 31 46 61 70",1
"POOLED_gossip2Xslope2XSMS2ORgossip3Xslope2XSMS2ORgossip2Xslope3XSMS2ORgossip3Xslope3XSMS2ORgossip2Xslope2XSMS3ORgossip3Xslope2XSMS3ORgossip2Xslope3XSMS3ORgossip3Xslope3XSMS3109","(Info Hubs (All), Slopes (All), SMS (All))",-0.00449961982716941,5.8914936763797e-08,109,"1 9 13 31 46 61 70",1
"POOLED_gossip2Xflat2ORgossip3Xflat2ORgossip2Xflat3ORgossip3Xflat3110","(Info Hubs (All), Flats (All), No Reminder)",-0.013647972363791,0.00370254112106065,110,"1 9 13 31 46 61 70",1
"POOLED_gossip2XSMS2ORgossip3XSMS2ORgossip2XSMS3ORgossip3XSMS3105","(Info Hubs (All), No Incentives, SMS (All))",0.0048190664987701,3.57714993459067e-10,110,"1 9 13 31 46 61 70",1
"POOLED_Xslope2XSMS2ORXslope3XSMS2ORXslope2XSMS3ORXslope3XSMS3110","(No Seeds, Slopes (All), SMS (All))",-0.00601926839613106,4.40857597623184e-10,110,"1 9 13 31 46 61 70",1
"POOLED_Xflat3XSMS2ORXflat3XSMS3105","(No Seeds, High Flats, SMS (All))",-0.00658434054527186,1.04417626009337e-06,110,"1 9 13 31 46 61 70",1
"POOLED_random0Xslope2XSMS2ORrandom0Xslope3XSMS2ORrandom0Xslope2XSMS3ORrandom0Xslope3XSMS3110","(Random Seeds, Slopes (All), SMS (All))",-0.00632963977401252,4.10450052812698e-08,110,"1 9 13 31 46 61 70",1
"POOLED_trusted0Xslope2XSMS2ORtrusted0Xslope3XSMS2ORtrusted0Xslope2XSMS3ORtrusted0Xslope3XSMS3110","(Trusted Seeds, Slopes (All), SMS (All))",-0.00655679512041323,0.000118527988382398,110,"1 9 13 31 46 61 70",1
"POOLED_gossip2Xslope2XSMS2ORgossip3Xslope2XSMS2ORgossip2Xslope3XSMS2ORgossip3Xslope3XSMS2ORgossip2Xslope2XSMS3ORgossip3Xslope2XSMS3ORgossip2Xslope3XSMS3ORgossip3Xslope3XSMS3110","(Info Hubs (All), Slopes (All), SMS (All))",-0.00417900739429244,0.000115751031596854,110,"1 9 13 31 46 61 70",1
"POOLED_gossip2Xflat2ORgossip3Xflat2ORgossip2Xflat3ORgossip3Xflat3111","(Info Hubs (All), Flats (All), No Reminder)",-0.0137797797044305,0.00556800562361073,111,"1 9 13 31 46 61 70",1
"POOLED_gossip2XSMS2ORgossip3XSMS2ORgossip2XSMS3ORgossip3XSMS3106","(Info Hubs (All), No Incentives, SMS (All))",0.00451195322526482,1.53897553895826e-09,111,"1 9 13 31 46 61 70",1
"POOLED_Xslope2XSMS2ORXslope3XSMS2ORXslope2XSMS3ORXslope3XSMS3111","(No Seeds, Slopes (All), SMS (All))",-0.00583621704270593,1.59724028861436e-06,111,"1 9 13 31 46 61 70",1
"POOLED_Xflat3XSMS2ORXflat3XSMS3106","(No Seeds, High Flats, SMS (All))",-0.00646336946960109,1.32127125771714e-07,111,"1 9 13 31 46 61 70",1
"POOLED_random0Xslope2XSMS2ORrandom0Xslope3XSMS2ORrandom0Xslope2XSMS3ORrandom0Xslope3XSMS3111","(Random Seeds, Slopes (All), SMS (All))",-0.00612851324047078,1.89707754404169e-08,111,"1 9 13 31 46 61 70",1
"POOLED_trusted0Xslope2XSMS2ORtrusted0Xslope3XSMS2ORtrusted0Xslope2XSMS3ORtrusted0Xslope3XSMS3111","(Trusted Seeds, Slopes (All), SMS (All))",-0.00588014070797319,6.31651410701631e-08,111,"1 9 13 31 46 61 70",1
"POOLED_gossip2Xslope2XSMS2ORgossip3Xslope2XSMS2ORgossip2Xslope3XSMS2ORgossip3Xslope3XSMS2ORgossip2Xslope2XSMS3ORgossip3Xslope2XSMS3ORgossip2Xslope3XSMS3ORgossip3Xslope3XSMS3111","(Info Hubs (All), Slopes (All), SMS (All))",-0.00342170901458353,2.08780833547078e-05,111,"1 9 13 31 46 61 70",1
"POOLED_gossip2Xflat2ORgossip3Xflat2ORgossip2Xflat3ORgossip3Xflat3112","(Info Hubs (All), Flats (All), No Reminder)",-0.0118357450499379,0.0144981841007473,112,"1 9 13 31 46 61 70",1
"POOLED_gossip2XSMS2ORgossip3XSMS2ORgossip2XSMS3ORgossip3XSMS3107","(Info Hubs (All), No Incentives, SMS (All))",0.004048817669122,2.83991582294457e-07,112,"1 9 13 31 46 61 70",1
"POOLED_Xslope2XSMS2ORXslope3XSMS2ORXslope2XSMS3ORXslope3XSMS3112","(No Seeds, Slopes (All), SMS (All))",-0.00592363824508474,1.56470348462961e-08,112,"1 9 13 31 46 61 70",1
"POOLED_Xflat3XSMS2ORXflat3XSMS3107","(No Seeds, High Flats, SMS (All))",-0.00635827255221891,1.16384651620749e-05,112,"1 9 13 31 46 61 70",1
"POOLED_random0Xslope2XSMS2ORrandom0Xslope3XSMS2ORrandom0Xslope2XSMS3ORrandom0Xslope3XSMS3112","(Random Seeds, Slopes (All), SMS (All))",-0.00607110539021977,6.44092870698029e-09,112,"1 9 13 31 46 61 70",1
"POOLED_trusted0Xslope2XSMS2ORtrusted0Xslope3XSMS2ORtrusted0Xslope2XSMS3ORtrusted0Xslope3XSMS3112","(Trusted Seeds, Slopes (All), SMS (All))",-0.00562919747915794,7.08636505944902e-05,112,"1 9 13 31 46 61 70",1
"POOLED_gossip2Xslope2XSMS2ORgossip3Xslope2XSMS2ORgossip2Xslope3XSMS2ORgossip3Xslope3XSMS2ORgossip2Xslope2XSMS3ORgossip3Xslope2XSMS3ORgossip2Xslope3XSMS3ORgossip3Xslope3XSMS3112","(Info Hubs (All), Slopes (All), SMS (All))",-0.00499804210185073,3.67936601862152e-08,112,"1 9 13 31 46 61 70",1
"POOLED_gossip2Xflat2ORgossip3Xflat2ORgossip2Xflat3ORgossip3Xflat3113","(Info Hubs (All), Flats (All), No Reminder)",-0.0152466412587048,0.000638721999221011,113,"1 9 13 31 46 61 70",1
"POOLED_gossip2XSMS2ORgossip3XSMS2ORgossip2XSMS3ORgossip3XSMS3108","(Info Hubs (All), No Incentives, SMS (All))",0.00375042010365963,1.95735460215723e-06,113,"1 9 13 31 46 61 70",1
"POOLED_Xslope2XSMS2ORXslope3XSMS2ORXslope2XSMS3ORXslope3XSMS3113","(No Seeds, Slopes (All), SMS (All))",-0.00614057971516463,1.72416543718629e-09,113,"1 9 13 31 46 61 70",1
"POOLED_Xflat3XSMS2ORXflat3XSMS3108","(No Seeds, High Flats, SMS (All))",-0.00848116648289675,2.25520150378993e-05,113,"1 9 13 31 46 61 70",1
"POOLED_random0Xslope2XSMS2ORrandom0Xslope3XSMS2ORrandom0Xslope2XSMS3ORrandom0Xslope3XSMS3113","(Random Seeds, Slopes (All), SMS (All))",-0.0069417404870557,5.15122735090672e-09,113,"1 9 13 31 46 61 70",1
"POOLED_trusted0Xslope2XSMS2ORtrusted0Xslope3XSMS2ORtrusted0Xslope2XSMS3ORtrusted0Xslope3XSMS3113","(Trusted Seeds, Slopes (All), SMS (All))",-0.00596820355392399,3.48494112641066e-08,113,"1 9 13 31 46 61 70",1
"POOLED_gossip2Xslope2XSMS2ORgossip3Xslope2XSMS2ORgossip2Xslope3XSMS2ORgossip3Xslope3XSMS2ORgossip2Xslope2XSMS3ORgossip3Xslope2XSMS3ORgossip2Xslope3XSMS3ORgossip3Xslope3XSMS3113","(Info Hubs (All), Slopes (All), SMS (All))",-0.00530126233463538,1.14302120781824e-07,113,"1 9 13 31 46 61 70",1
"POOLED_gossip2Xflat2ORgossip3Xflat2ORgossip2Xflat3ORgossip3Xflat3114","(Info Hubs (All), Flats (All), No Reminder)",-0.0118969156891623,0.00271584935976181,114,"1 9 13 31 46 61 70",1
"POOLED_gossip2XSMS2ORgossip3XSMS2ORgossip2XSMS3ORgossip3XSMS3109","(Info Hubs (All), No Incentives, SMS (All))",0.00418719760937247,4.22955246580363e-08,114,"1 9 13 31 46 61 70",1
"POOLED_Xslope2XSMS2ORXslope3XSMS2ORXslope2XSMS3ORXslope3XSMS3114","(No Seeds, Slopes (All), SMS (All))",-0.00599262869315615,5.70741803358018e-08,114,"1 9 13 31 46 61 70",1
"POOLED_Xflat3XSMS2ORXflat3XSMS3109","(No Seeds, High Flats, SMS (All))",-0.00569558768684331,7.11688223583249e-06,114,"1 9 13 31 46 61 70",1
"POOLED_random0Xslope2XSMS2ORrandom0Xslope3XSMS2ORrandom0Xslope2XSMS3ORrandom0Xslope3XSMS3114","(Random Seeds, Slopes (All), SMS (All))",-0.00553198339279879,8.19139947154322e-09,114,"1 9 13 31 46 61 70",1
"POOLED_trusted0Xslope2XSMS2ORtrusted0Xslope3XSMS2ORtrusted0Xslope2XSMS3ORtrusted0Xslope3XSMS3114","(Trusted Seeds, Slopes (All), SMS (All))",-0.00482356034808639,1.22906550400827e-09,114,"1 9 13 31 46 61 70",1
"POOLED_gossip2Xslope2XSMS2ORgossip3Xslope2XSMS2ORgossip2Xslope3XSMS2ORgossip3Xslope3XSMS2ORgossip2Xslope2XSMS3ORgossip3Xslope2XSMS3ORgossip2Xslope3XSMS3ORgossip3Xslope3XSMS3114","(Info Hubs (All), Slopes (All), SMS (All))",-0.00419102256536202,4.46799635886662e-09,114,"1 9 13 31 46 61 70",1
"POOLED_gossip2Xflat2ORgossip3Xflat2ORgossip2Xflat3ORgossip3Xflat3115","(Info Hubs (All), Flats (All), No Reminder)",-0.0151872501857379,0.000199506902051128,115,"1 9 13 31 46 61 70",1
"POOLED_gossip2XSMS2ORgossip3XSMS2ORgossip2XSMS3ORgossip3XSMS3110","(Info Hubs (All), No Incentives, SMS (All))",0.00492708936519761,4.77214964484888e-13,115,"1 9 13 31 46 61 70",1
"POOLED_Xslope2XSMS2ORXslope3XSMS2ORXslope2XSMS3ORXslope3XSMS3115","(No Seeds, Slopes (All), SMS (All))",-0.00705465830466006,2.55310648553912e-07,115,"1 9 13 31 46 61 70",1
"POOLED_Xflat3XSMS2ORXflat3XSMS3110","(No Seeds, High Flats, SMS (All))",-0.00828222369178108,7.45218615914448e-06,115,"1 9 13 31 46 61 70",1
"POOLED_random0Xslope2XSMS2ORrandom0Xslope3XSMS2ORrandom0Xslope2XSMS3ORrandom0Xslope3XSMS3115","(Random Seeds, Slopes (All), SMS (All))",-0.00528331440098328,5.0796822398904e-09,115,"1 9 13 31 46 61 70",1
"POOLED_trusted0Xslope2XSMS2ORtrusted0Xslope3XSMS2ORtrusted0Xslope2XSMS3ORtrusted0Xslope3XSMS3115","(Trusted Seeds, Slopes (All), SMS (All))",-0.00475082078799533,2.58795970075921e-07,115,"1 9 13 31 46 61 70",1
"POOLED_gossip2Xslope2XSMS2ORgossip3Xslope2XSMS2ORgossip2Xslope3XSMS2ORgossip3Xslope3XSMS2ORgossip2Xslope2XSMS3ORgossip3Xslope2XSMS3ORgossip2Xslope3XSMS3ORgossip3Xslope3XSMS3115","(Info Hubs (All), Slopes (All), SMS (All))",-0.0050711946970511,7.77189261315778e-05,115,"1 9 13 31 46 61 70",1
"POOLED_gossip2Xflat2ORgossip3Xflat2ORgossip2Xflat3ORgossip3Xflat3116","(Info Hubs (All), Flats (All), No Reminder)",-0.0106111914283878,0.0045721930024591,116,"1 9 13 31 46 61 70",1
"POOLED_gossip2XSMS2ORgossip3XSMS2ORgossip2XSMS3ORgossip3XSMS3111","(Info Hubs (All), No Incentives, SMS (All))",0.00381062881193077,1.00327372052251e-06,116,"1 9 13 31 46 61 70",1
"POOLED_Xslope2XSMS2ORXslope3XSMS2ORXslope2XSMS3ORXslope3XSMS3116","(No Seeds, Slopes (All), SMS (All))",-0.00583283646009645,1.47956198002969e-07,116,"1 9 13 31 46 61 70",1
"POOLED_Xflat3XSMS2ORXflat3XSMS3111","(No Seeds, High Flats, SMS (All))",-0.00806773508625168,4.59908015432975e-08,116,"1 9 13 31 46 61 70",1
"POOLED_random0Xslope2XSMS2ORrandom0Xslope3XSMS2ORrandom0Xslope2XSMS3ORrandom0Xslope3XSMS3116","(Random Seeds, Slopes (All), SMS (All))",-0.0070955385258331,1.02964315465993e-10,116,"1 9 13 31 46 61 70",1
"POOLED_trusted0Xslope2XSMS2ORtrusted0Xslope3XSMS2ORtrusted0Xslope2XSMS3ORtrusted0Xslope3XSMS3116","(Trusted Seeds, Slopes (All), SMS (All))",-0.00495304245938901,1.16031303997076e-08,116,"1 9 13 31 46 61 70",1
"POOLED_gossip2Xslope2XSMS2ORgossip3Xslope2XSMS2ORgossip2Xslope3XSMS2ORgossip3Xslope3XSMS2ORgossip2Xslope2XSMS3ORgossip3Xslope2XSMS3ORgossip2Xslope3XSMS3ORgossip3Xslope3XSMS3116","(Info Hubs (All), Slopes (All), SMS (All))",-0.0057803619847292,5.2276793835363e-06,116,"1 9 13 31 46 61 70",1
"POOLED_gossip2Xflat2ORgossip3Xflat2ORgossip2Xflat3ORgossip3Xflat3117","(Info Hubs (All), Flats (All), No Reminder)",-0.0125028961746849,0.000823560959091373,117,"1 9 13 31 46 61 70",1
"POOLED_gossip2XSMS2ORgossip3XSMS2ORgossip2XSMS3ORgossip3XSMS3112","(Info Hubs (All), No Incentives, SMS (All))",0.00445674524344079,1.67737600039505e-09,117,"1 9 13 31 46 61 70",1
"POOLED_Xslope2XSMS2ORXslope3XSMS2ORXslope2XSMS3ORXslope3XSMS3117","(No Seeds, Slopes (All), SMS (All))",-0.00623984817602789,1.43300856502969e-06,117,"1 9 13 31 46 61 70",1
"POOLED_Xflat3XSMS2ORXflat3XSMS3112","(No Seeds, High Flats, SMS (All))",-0.0068419380242124,7.63874945608778e-06,117,"1 9 13 31 46 61 70",1
"POOLED_random0Xslope2XSMS2ORrandom0Xslope3XSMS2ORrandom0Xslope2XSMS3ORrandom0Xslope3XSMS3117","(Random Seeds, Slopes (All), SMS (All))",-0.00610129458213187,1.2057978370944e-09,117,"1 9 13 31 46 61 70",1
"POOLED_trusted0Xslope2XSMS2ORtrusted0Xslope3XSMS2ORtrusted0Xslope2XSMS3ORtrusted0Xslope3XSMS3117","(Trusted Seeds, Slopes (All), SMS (All))",-0.00517450134673836,1.06442345942469e-08,117,"1 9 13 31 46 61 70",1
"POOLED_gossip2Xslope2XSMS2ORgossip3Xslope2XSMS2ORgossip2Xslope3XSMS2ORgossip3Xslope3XSMS2ORgossip2Xslope2XSMS3ORgossip3Xslope2XSMS3ORgossip2Xslope3XSMS3ORgossip3Xslope3XSMS3117","(Info Hubs (All), Slopes (All), SMS (All))",-0.00391643846198731,3.06711201064589e-07,117,"1 9 13 31 46 61 70",1
"POOLED_gossip2Xflat2ORgossip3Xflat2ORgossip2Xflat3ORgossip3Xflat3118","(Info Hubs (All), Flats (All), No Reminder)",-0.0146650974453073,0.00104497857585535,118,"1 9 13 31 46 61 70",1
"POOLED_gossip2XSMS2ORgossip3XSMS2ORgossip2XSMS3ORgossip3XSMS3113","(Info Hubs (All), No Incentives, SMS (All))",0.00464389652556197,1.18072333180712e-10,118,"1 9 13 31 46 61 70",1
"POOLED_Xslope2XSMS2ORXslope3XSMS2ORXslope2XSMS3ORXslope3XSMS3118","(No Seeds, Slopes (All), SMS (All))",-0.00545531421873709,5.71179428180301e-08,118,"1 9 13 31 46 61 70",1
"POOLED_Xflat3XSMS2ORXflat3XSMS3113","(No Seeds, High Flats, SMS (All))",-0.00870455659584813,4.27466458474431e-07,118,"1 9 13 31 46 61 70",1
"POOLED_random0Xslope2XSMS2ORrandom0Xslope3XSMS2ORrandom0Xslope2XSMS3ORrandom0Xslope3XSMS3118","(Random Seeds, Slopes (All), SMS (All))",-0.0062343402062025,7.07797029404002e-08,118,"1 9 13 31 46 61 70",1
"POOLED_trusted0Xslope2XSMS2ORtrusted0Xslope3XSMS2ORtrusted0Xslope2XSMS3ORtrusted0Xslope3XSMS3118","(Trusted Seeds, Slopes (All), SMS (All))",-0.00692337558229156,6.5467682478395e-08,118,"1 9 13 31 46 61 70",1
"POOLED_gossip2Xslope2XSMS2ORgossip3Xslope2XSMS2ORgossip2Xslope3XSMS2ORgossip3Xslope3XSMS2ORgossip2Xslope2XSMS3ORgossip3Xslope2XSMS3ORgossip2Xslope3XSMS3ORgossip3Xslope3XSMS3118","(Info Hubs (All), Slopes (All), SMS (All))",-0.00357109211756312,1.70343483999505e-08,118,"1 9 13 31 46 61 70",1
"POOLED_gossip2Xflat2ORgossip3Xflat2ORgossip2Xflat3ORgossip3Xflat3119","(Info Hubs (All), Flats (All), No Reminder)",-0.0126877864920878,0.00020304374093525,119,"1 9 13 31 46 61 70",1
"POOLED_gossip2XSMS2ORgossip3XSMS2ORgossip2XSMS3ORgossip3XSMS3114","(Info Hubs (All), No Incentives, SMS (All))",0.00416572747634163,5.95501693458833e-08,119,"1 9 13 31 46 61 70",1
"POOLED_Xslope2XSMS2ORXslope3XSMS2ORXslope2XSMS3ORXslope3XSMS3119","(No Seeds, Slopes (All), SMS (All))",-0.00585969708962988,1.55078900207474e-07,119,"1 9 13 31 46 61 70",1
"POOLED_Xflat3XSMS2ORXflat3XSMS3114","(No Seeds, High Flats, SMS (All))",-0.00637635770279332,2.55509454855017e-07,119,"1 9 13 31 46 61 70",1
"POOLED_random0Xslope2XSMS2ORrandom0Xslope3XSMS2ORrandom0Xslope2XSMS3ORrandom0Xslope3XSMS3119","(Random Seeds, Slopes (All), SMS (All))",-0.00572692021884709,3.37142809423157e-09,119,"1 9 13 31 46 61 70",1
"POOLED_trusted0Xslope2XSMS2ORtrusted0Xslope3XSMS2ORtrusted0Xslope2XSMS3ORtrusted0Xslope3XSMS3119","(Trusted Seeds, Slopes (All), SMS (All))",-0.00578283940394579,6.02042015184181e-09,119,"1 9 13 31 46 61 70",1
"POOLED_gossip2Xslope2XSMS2ORgossip3Xslope2XSMS2ORgossip2Xslope3XSMS2ORgossip3Xslope3XSMS2ORgossip2Xslope2XSMS3ORgossip3Xslope2XSMS3ORgossip2Xslope3XSMS3ORgossip3Xslope3XSMS3119","(Info Hubs (All), Slopes (All), SMS (All))",-0.00444062840906193,6.24893878413556e-09,119,"1 9 13 31 46 61 70",1
"POOLED_gossip2Xflat2ORgossip3Xflat2ORgossip2Xflat3ORgossip3Xflat3120","(Info Hubs (All), Flats (All), No Reminder)",-0.0133552520364658,0.00253324249749111,120,"1 9 13 31 46 61 70",1
"POOLED_gossip2XSMS2ORgossip3XSMS2ORgossip2XSMS3ORgossip3XSMS3115","(Info Hubs (All), No Incentives, SMS (All))",0.00480831091178844,3.53861108963598e-10,120,"1 9 13 31 46 61 70",1
"POOLED_Xslope2XSMS2ORXslope3XSMS2ORXslope2XSMS3ORXslope3XSMS3120","(No Seeds, Slopes (All), SMS (All))",-0.00605343891228806,3.24330190793361e-09,120,"1 9 13 31 46 61 70",1
"POOLED_Xflat3XSMS2ORXflat3XSMS3115","(No Seeds, High Flats, SMS (All))",-0.0072934405681261,3.27192056044051e-05,120,"1 9 13 31 46 61 70",1
"POOLED_random0Xslope2XSMS2ORrandom0Xslope3XSMS2ORrandom0Xslope2XSMS3ORrandom0Xslope3XSMS3120","(Random Seeds, Slopes (All), SMS (All))",-0.00604345837318918,1.8348853034065e-07,120,"1 9 13 31 46 61 70",1
"POOLED_trusted0Xslope2XSMS2ORtrusted0Xslope3XSMS2ORtrusted0Xslope2XSMS3ORtrusted0Xslope3XSMS3120","(Trusted Seeds, Slopes (All), SMS (All))",-0.00465888939462675,2.08671612379648e-08,120,"1 9 13 31 46 61 70",1
"POOLED_gossip2Xslope2XSMS2ORgossip3Xslope2XSMS2ORgossip2Xslope3XSMS2ORgossip3Xslope3XSMS2ORgossip2Xslope2XSMS3ORgossip3Xslope2XSMS3ORgossip2Xslope3XSMS3ORgossip3Xslope3XSMS3120","(Info Hubs (All), Slopes (All), SMS (All))",-0.00426395955219804,7.2053566085115e-08,120,"1 9 13 31 46 61 70",1
"POOLED_gossip2Xflat2ORgossip3Xflat2ORgossip2Xflat3ORgossip3Xflat3121","(Info Hubs (All), Flats (All), No Reminder)",-0.0118981869982706,0.00617142622683309,121,"1 9 13 31 46 61 70",1
"POOLED_gossip2XSMS2ORgossip3XSMS2ORgossip2XSMS3ORgossip3XSMS3116","(Info Hubs (All), No Incentives, SMS (All))",0.00431649036751611,1.03605342483713e-07,121,"1 9 13 31 46 61 70",1
"POOLED_Xslope2XSMS2ORXslope3XSMS2ORXslope2XSMS3ORXslope3XSMS3121","(No Seeds, Slopes (All), SMS (All))",-0.00616772082401663,1.73443988497807e-08,121,"1 9 13 31 46 61 70",1
"POOLED_Xflat3XSMS2ORXflat3XSMS3116","(No Seeds, High Flats, SMS (All))",-0.0072482519734995,3.08371643465661e-07,121,"1 9 13 31 46 61 70",1
"POOLED_random0Xslope2XSMS2ORrandom0Xslope3XSMS2ORrandom0Xslope2XSMS3ORrandom0Xslope3XSMS3121","(Random Seeds, Slopes (All), SMS (All))",-0.00630567920275167,1.32636443989367e-08,121,"1 9 13 31 46 61 70",1
"POOLED_trusted0Xslope2XSMS2ORtrusted0Xslope3XSMS2ORtrusted0Xslope2XSMS3ORtrusted0Xslope3XSMS3121","(Trusted Seeds, Slopes (All), SMS (All))",-0.00652505123398292,4.13801701945779e-08,121,"1 9 13 31 46 61 70",1
"POOLED_gossip2Xslope2XSMS2ORgossip3Xslope2XSMS2ORgossip2Xslope3XSMS2ORgossip3Xslope3XSMS2ORgossip2Xslope2XSMS3ORgossip3Xslope2XSMS3ORgossip2Xslope3XSMS3ORgossip3Xslope3XSMS3121","(Info Hubs (All), Slopes (All), SMS (All))",-0.00388116579916345,2.56526586987158e-07,121,"1 9 13 31 46 61 70",1
"POOLED_Xslope2ORXslope35","(No Seeds, Slope (All), No Reminder)",-0.00582215368727055,1.12877578543149e-07,122,"1 3 9 10 31 46 61 63 67",2
"POOLED_gossip2Xslope2ORgossip3Xslope2ORgossip2Xslope3ORgossip3Xslope35","(Info Hubs (All), Slopes (All), No Reminder)",-0.00561651484231455,1.69494468817249e-05,122,"1 3 9 10 31 46 61 63 67",2
"POOLED_gossip2Xflat2ORgossip3Xflat2ORgossip2Xflat3ORgossip3Xflat3122","(Info Hubs (All), Flats (All), No Reminder)",-0.0140818783300605,0.0001507706382996,122,"1 3 9 10 31 46 61 63 67",2
"POOLED_Xslope2XSMS2ORXslope3XSMS2ORXslope2XSMS3ORXslope3XSMS3122","(No Seeds, Slopes (All), SMS (All))",-0.00781153379134152,2.03460919704108e-13,122,"1 3 9 10 31 46 61 63 67",2
"POOLED_Xflat2XSMS2ORXflat3XSMS2ORXflat2XSMS3ORXflat3XSMS35","(No Seeds, Flats (All), SMS (All))",-0.00585183914011836,2.42690655158567e-07,122,"1 3 9 10 31 46 61 63 67",2
"POOLED_random0Xslope2XSMS2ORrandom0Xslope3XSMS2ORrandom0Xslope2XSMS3ORrandom0Xslope3XSMS3122","(Random Seeds, Slopes (All), SMS (All))",-0.00794572833304075,2.69018753020909e-19,122,"1 3 9 10 31 46 61 63 67",2
"POOLED_trusted0Xslope2XSMS2ORtrusted0Xslope3XSMS2ORtrusted0Xslope2XSMS3ORtrusted0Xslope3XSMS3122","(Trusted Seeds, Slopes (All), SMS (All))",-0.00810432276824541,3.83516656029982e-13,122,"1 3 9 10 31 46 61 63 67",2
"POOLED_gossip2Xslope2XSMS2ORgossip3Xslope2XSMS2ORgossip2Xslope3XSMS2ORgossip3Xslope3XSMS2ORgossip2Xslope2XSMS3ORgossip3Xslope2XSMS3ORgossip2Xslope3XSMS3ORgossip3Xslope3XSMS3122","(Info Hubs (All), Slopes (All), SMS (All))",-0.00560597325177736,3.29044456389595e-14,122,"1 3 9 10 31 46 61 63 67",2
"POOLED_gossip2Xflat3XSMS2ORgossip3Xflat3XSMS2ORgossip2Xflat3XSMS3ORgossip3Xflat3XSMS35","(Info Hubs (All), High Flats, SMS (All))",-0.00837115278443768,8.7876190446028e-15,122,"1 3 9 10 31 46 61 63 67",2
"POOLED_gossip2Xflat2ORgossip3Xflat2ORgossip2Xflat3ORgossip3Xflat3123","(Info Hubs (All), Flats (All), No Reminder)",-0.0106422884293864,0.000831110044850943,123,"1 9 13 31 46 61 70",1
"POOLED_gossip2XSMS2ORgossip3XSMS2ORgossip2XSMS3ORgossip3XSMS3117","(Info Hubs (All), No Incentives, SMS (All))",0.00441681230606588,2.2655949032047e-09,123,"1 9 13 31 46 61 70",1
"POOLED_Xslope2XSMS2ORXslope3XSMS2ORXslope2XSMS3ORXslope3XSMS3123","(No Seeds, Slopes (All), SMS (All))",-0.00586736962994412,6.64712789977253e-12,123,"1 9 13 31 46 61 70",1
"POOLED_Xflat3XSMS2ORXflat3XSMS3117","(No Seeds, High Flats, SMS (All))",-0.0079880517576904,2.01844051600025e-07,123,"1 9 13 31 46 61 70",1
"POOLED_random0Xslope2XSMS2ORrandom0Xslope3XSMS2ORrandom0Xslope2XSMS3ORrandom0Xslope3XSMS3123","(Random Seeds, Slopes (All), SMS (All))",-0.00652085386143069,1.7515069198443e-11,123,"1 9 13 31 46 61 70",1
"POOLED_trusted0Xslope2XSMS2ORtrusted0Xslope3XSMS2ORtrusted0Xslope2XSMS3ORtrusted0Xslope3XSMS3123","(Trusted Seeds, Slopes (All), SMS (All))",-0.00579208075497037,1.34827804019471e-06,123,"1 9 13 31 46 61 70",1
"POOLED_gossip2Xslope2XSMS2ORgossip3Xslope2XSMS2ORgossip2Xslope3XSMS2ORgossip3Xslope3XSMS2ORgossip2Xslope2XSMS3ORgossip3Xslope2XSMS3ORgossip2Xslope3XSMS3ORgossip3Xslope3XSMS3123","(Info Hubs (All), Slopes (All), SMS (All))",-0.00493975042652947,4.23037163290811e-06,123,"1 9 13 31 46 61 70",1
"POOLED_gossip2Xflat2ORgossip3Xflat2ORgossip2Xflat3ORgossip3Xflat3124","(Info Hubs (All), Flats (All), No Reminder)",-0.0142865700604697,0.00471138520459335,124,"1 9 13 31 46 61 70",1
"POOLED_gossip2XSMS2ORgossip3XSMS2ORgossip2XSMS3ORgossip3XSMS3118","(Info Hubs (All), No Incentives, SMS (All))",0.00320877157972125,4.05005769458018e-05,124,"1 9 13 31 46 61 70",1
"POOLED_Xslope2XSMS2ORXslope3XSMS2ORXslope2XSMS3ORXslope3XSMS3124","(No Seeds, Slopes (All), SMS (All))",-0.00631991988859718,2.33531545490525e-10,124,"1 9 13 31 46 61 70",1
"POOLED_Xflat3XSMS2ORXflat3XSMS3118","(No Seeds, High Flats, SMS (All))",-0.00702348643402034,1.25907933940848e-07,124,"1 9 13 31 46 61 70",1
"POOLED_random0Xslope2XSMS2ORrandom0Xslope3XSMS2ORrandom0Xslope2XSMS3ORrandom0Xslope3XSMS3124","(Random Seeds, Slopes (All), SMS (All))",-0.00672955165691658,3.65548799843474e-11,124,"1 9 13 31 46 61 70",1
"POOLED_trusted0Xslope2XSMS2ORtrusted0Xslope3XSMS2ORtrusted0Xslope2XSMS3ORtrusted0Xslope3XSMS3124","(Trusted Seeds, Slopes (All), SMS (All))",-0.00633281848479953,1.22545949631161e-11,124,"1 9 13 31 46 61 70",1
"POOLED_gossip2Xslope2XSMS2ORgossip3Xslope2XSMS2ORgossip2Xslope3XSMS2ORgossip3Xslope3XSMS2ORgossip2Xslope2XSMS3ORgossip3Xslope2XSMS3ORgossip2Xslope3XSMS3ORgossip3Xslope3XSMS3124","(Info Hubs (All), Slopes (All), SMS (All))",-0.00683283761671441,6.86019815858044e-06,124,"1 9 13 31 46 61 70",1
"POOLED_gossip2Xflat2ORgossip3Xflat2ORgossip2Xflat3ORgossip3Xflat3125","(Info Hubs (All), Flats (All), No Reminder)",-0.0125430646606012,0.0111075520985723,125,"1 9 13 31 46 61 70",1
"POOLED_gossip2XSMS2ORgossip3XSMS2ORgossip2XSMS3ORgossip3XSMS3119","(Info Hubs (All), No Incentives, SMS (All))",0.00364480862129399,9.69187084183096e-06,125,"1 9 13 31 46 61 70",1
"POOLED_Xslope2XSMS2ORXslope3XSMS2ORXslope2XSMS3ORXslope3XSMS3125","(No Seeds, Slopes (All), SMS (All))",-0.00610694807224239,6.71295162201223e-11,125,"1 9 13 31 46 61 70",1
"POOLED_Xflat3XSMS2ORXflat3XSMS3119","(No Seeds, High Flats, SMS (All))",-0.00645896355541518,8.13781666260575e-07,125,"1 9 13 31 46 61 70",1
"POOLED_random0Xslope2XSMS2ORrandom0Xslope3XSMS2ORrandom0Xslope2XSMS3ORrandom0Xslope3XSMS3125","(Random Seeds, Slopes (All), SMS (All))",-0.00633802684118427,7.6751269423512e-09,125,"1 9 13 31 46 61 70",1
"POOLED_trusted0Xslope2XSMS2ORtrusted0Xslope3XSMS2ORtrusted0Xslope2XSMS3ORtrusted0Xslope3XSMS3125","(Trusted Seeds, Slopes (All), SMS (All))",-0.00615510464874433,2.82816419154995e-07,125,"1 9 13 31 46 61 70",1
"POOLED_gossip2Xslope2XSMS2ORgossip3Xslope2XSMS2ORgossip2Xslope3XSMS2ORgossip3Xslope3XSMS2ORgossip2Xslope2XSMS3ORgossip3Xslope2XSMS3ORgossip2Xslope3XSMS3ORgossip3Xslope3XSMS3125","(Info Hubs (All), Slopes (All), SMS (All))",-0.00605857030748075,5.05877093384371e-07,125,"1 9 13 31 46 61 70",1
"POOLED_gossip2Xflat2ORgossip3Xflat2ORgossip2Xflat3ORgossip3Xflat3126","(Info Hubs (All), Flats (All), No Reminder)",-0.0123169750123674,0.00214859865945128,126,"1 9 13 31 46 61 70",1
"POOLED_gossip2XSMS2ORgossip3XSMS2ORgossip2XSMS3ORgossip3XSMS3120","(Info Hubs (All), No Incentives, SMS (All))",0.00415919248876897,2.2140920767275e-08,126,"1 9 13 31 46 61 70",1
"POOLED_Xslope2XSMS2ORXslope3XSMS2ORXslope2XSMS3ORXslope3XSMS3126","(No Seeds, Slopes (All), SMS (All))",-0.00560455284654597,1.00802172808593e-06,126,"1 9 13 31 46 61 70",1
"POOLED_Xflat3XSMS2ORXflat3XSMS3120","(No Seeds, High Flats, SMS (All))",-0.00768961996103278,1.45771801296207e-08,126,"1 9 13 31 46 61 70",1
"POOLED_random0Xslope2XSMS2ORrandom0Xslope3XSMS2ORrandom0Xslope2XSMS3ORrandom0Xslope3XSMS3126","(Random Seeds, Slopes (All), SMS (All))",-0.00519544787787854,5.87861256183522e-08,126,"1 9 13 31 46 61 70",1
"POOLED_trusted0Xslope2XSMS2ORtrusted0Xslope3XSMS2ORtrusted0Xslope2XSMS3ORtrusted0Xslope3XSMS3126","(Trusted Seeds, Slopes (All), SMS (All))",-0.00554009861722035,1.38339056407277e-06,126,"1 9 13 31 46 61 70",1
"POOLED_gossip2Xslope2XSMS2ORgossip3Xslope2XSMS2ORgossip2Xslope3XSMS2ORgossip3Xslope3XSMS2ORgossip2Xslope2XSMS3ORgossip3Xslope2XSMS3ORgossip2Xslope3XSMS3ORgossip3Xslope3XSMS3126","(Info Hubs (All), Slopes (All), SMS (All))",-0.00473142523417652,8.82584514105682e-07,126,"1 9 13 31 46 61 70",1
"POOLED_gossip2Xflat2ORgossip3Xflat2ORgossip2Xflat3ORgossip3Xflat3127","(Info Hubs (All), Flats (All), No Reminder)",-0.0136915040579608,0.0030749838064559,127,"1 9 13 31 46 61 70",1
"POOLED_gossip2XSMS2ORgossip3XSMS2ORgossip2XSMS3ORgossip3XSMS3121","(Info Hubs (All), No Incentives, SMS (All))",0.00406675630902194,1.79824388056945e-07,127,"1 9 13 31 46 61 70",1
"POOLED_Xslope2XSMS2ORXslope3XSMS2ORXslope2XSMS3ORXslope3XSMS3127","(No Seeds, Slopes (All), SMS (All))",-0.00646231869373763,4.37565234427364e-09,127,"1 9 13 31 46 61 70",1
"POOLED_Xflat3XSMS2ORXflat3XSMS3121","(No Seeds, High Flats, SMS (All))",-0.00578082320362581,2.32472076681398e-05,127,"1 9 13 31 46 61 70",1
"POOLED_random0Xslope2XSMS2ORrandom0Xslope3XSMS2ORrandom0Xslope2XSMS3ORrandom0Xslope3XSMS3127","(Random Seeds, Slopes (All), SMS (All))",-0.0065369623216703,1.44629756892305e-07,127,"1 9 13 31 46 61 70",1
"POOLED_trusted0Xslope2XSMS2ORtrusted0Xslope3XSMS2ORtrusted0Xslope2XSMS3ORtrusted0Xslope3XSMS3127","(Trusted Seeds, Slopes (All), SMS (All))",-0.00552690608968966,4.41525295902258e-09,127,"1 9 13 31 46 61 70",1
"POOLED_gossip2Xslope2XSMS2ORgossip3Xslope2XSMS2ORgossip2Xslope3XSMS2ORgossip3Xslope3XSMS2ORgossip2Xslope2XSMS3ORgossip3Xslope2XSMS3ORgossip2Xslope3XSMS3ORgossip3Xslope3XSMS3127","(Info Hubs (All), Slopes (All), SMS (All))",-0.00449591646175966,1.09485166746118e-05,127,"1 9 13 31 46 61 70",1
"POOLED_gossip2Xflat2ORgossip3Xflat2ORgossip2Xflat3ORgossip3Xflat3128","(Info Hubs (All), Flats (All), No Reminder)",-0.0112845897183808,0.00321388402983439,128,"1 9 13 31 46 61 70",1
"POOLED_gossip2XSMS2ORgossip3XSMS2ORgossip2XSMS3ORgossip3XSMS3122","(Info Hubs (All), No Incentives, SMS (All))",0.00324734606621325,0.000379821957615061,128,"1 9 13 31 46 61 70",1
"POOLED_Xslope2XSMS2ORXslope3XSMS2ORXslope2XSMS3ORXslope3XSMS3128","(No Seeds, Slopes (All), SMS (All))",-0.00580761095041676,4.45076416713052e-09,128,"1 9 13 31 46 61 70",1
"POOLED_Xflat3XSMS2ORXflat3XSMS3122","(No Seeds, High Flats, SMS (All))",-0.00597101130621635,4.07742172039001e-06,128,"1 9 13 31 46 61 70",1
"POOLED_random0Xslope2XSMS2ORrandom0Xslope3XSMS2ORrandom0Xslope2XSMS3ORrandom0Xslope3XSMS3128","(Random Seeds, Slopes (All), SMS (All))",-0.00653771452083953,1.12798219142137e-08,128,"1 9 13 31 46 61 70",1
"POOLED_trusted0Xslope2XSMS2ORtrusted0Xslope3XSMS2ORtrusted0Xslope2XSMS3ORtrusted0Xslope3XSMS3128","(Trusted Seeds, Slopes (All), SMS (All))",-0.00618901519818217,5.19471824805145e-10,128,"1 9 13 31 46 61 70",1
"POOLED_gossip2Xslope2XSMS2ORgossip3Xslope2XSMS2ORgossip2Xslope3XSMS2ORgossip3Xslope3XSMS2ORgossip2Xslope2XSMS3ORgossip3Xslope2XSMS3ORgossip2Xslope3XSMS3ORgossip3Xslope3XSMS3128","(Info Hubs (All), Slopes (All), SMS (All))",-0.00523739447984591,0.000206498250569368,128,"1 9 13 31 46 61 70",1
"POOLED_gossip2Xflat2ORgossip3Xflat2ORgossip2Xflat3ORgossip3Xflat3129","(Info Hubs (All), Flats (All), No Reminder)",-0.0109843296634927,0.0114195490007631,129,"1 9 13 31 46 61 70",1
"POOLED_gossip2XSMS2ORgossip3XSMS2ORgossip2XSMS3ORgossip3XSMS3123","(Info Hubs (All), No Incentives, SMS (All))",0.00463186335801239,1.22627001588381e-11,129,"1 9 13 31 46 61 70",1
"POOLED_Xslope2XSMS2ORXslope3XSMS2ORXslope2XSMS3ORXslope3XSMS3129","(No Seeds, Slopes (All), SMS (All))",-0.00607578094102711,5.05519093598614e-09,129,"1 9 13 31 46 61 70",1
"POOLED_Xflat3XSMS2ORXflat3XSMS3123","(No Seeds, High Flats, SMS (All))",-0.00702599212980541,2.77372354032435e-05,129,"1 9 13 31 46 61 70",1
"POOLED_random0Xslope2XSMS2ORrandom0Xslope3XSMS2ORrandom0Xslope2XSMS3ORrandom0Xslope3XSMS3129","(Random Seeds, Slopes (All), SMS (All))",-0.00683230782799921,7.34527228747173e-10,129,"1 9 13 31 46 61 70",1
"POOLED_trusted0Xslope2XSMS2ORtrusted0Xslope3XSMS2ORtrusted0Xslope2XSMS3ORtrusted0Xslope3XSMS3129","(Trusted Seeds, Slopes (All), SMS (All))",-0.00583896041433269,1.42434528846984e-08,129,"1 9 13 31 46 61 70",1
"POOLED_gossip2Xslope2XSMS2ORgossip3Xslope2XSMS2ORgossip2Xslope3XSMS2ORgossip3Xslope3XSMS2ORgossip2Xslope2XSMS3ORgossip3Xslope2XSMS3ORgossip2Xslope3XSMS3ORgossip3Xslope3XSMS3129","(Info Hubs (All), Slopes (All), SMS (All))",-0.00604398107665559,1.31001100004472e-06,129,"1 9 13 31 46 61 70",1
"POOLED_gossip2Xflat2ORgossip3Xflat2ORgossip2Xflat3ORgossip3Xflat3130","(Info Hubs (All), Flats (All), No Reminder)",-0.0123346666305954,0.0102308493413114,130,"1 9 13 31 46 61 70",1
"POOLED_gossip2XSMS2ORgossip3XSMS2ORgossip2XSMS3ORgossip3XSMS3124","(Info Hubs (All), No Incentives, SMS (All))",0.0044359369079412,7.9912604513214e-09,130,"1 9 13 31 46 61 70",1
"POOLED_Xslope2XSMS2ORXslope3XSMS2ORXslope2XSMS3ORXslope3XSMS3130","(No Seeds, Slopes (All), SMS (All))",-0.00546276898928182,2.56732338635507e-10,130,"1 9 13 31 46 61 70",1
"POOLED_Xflat3XSMS2ORXflat3XSMS3124","(No Seeds, High Flats, SMS (All))",-0.00727994809384568,7.42751136728429e-06,130,"1 9 13 31 46 61 70",1
"POOLED_random0Xslope2XSMS2ORrandom0Xslope3XSMS2ORrandom0Xslope2XSMS3ORrandom0Xslope3XSMS3130","(Random Seeds, Slopes (All), SMS (All))",-0.00737752162633013,2.3381774832273e-10,130,"1 9 13 31 46 61 70",1
"POOLED_trusted0Xslope2XSMS2ORtrusted0Xslope3XSMS2ORtrusted0Xslope2XSMS3ORtrusted0Xslope3XSMS3130","(Trusted Seeds, Slopes (All), SMS (All))",-0.00482567897211789,1.74834756810618e-09,130,"1 9 13 31 46 61 70",1
"POOLED_gossip2Xslope2XSMS2ORgossip3Xslope2XSMS2ORgossip2Xslope3XSMS2ORgossip3Xslope3XSMS2ORgossip2Xslope2XSMS3ORgossip3Xslope2XSMS3ORgossip2Xslope3XSMS3ORgossip3Xslope3XSMS3130","(Info Hubs (All), Slopes (All), SMS (All))",-0.00575835710285962,8.317929291395e-10,130,"1 9 13 31 46 61 70",1
"POOLED_gossip2Xflat2ORgossip3Xflat2ORgossip2Xflat3ORgossip3Xflat3131","(Info Hubs (All), Flats (All), No Reminder)",-0.0139012474066939,0.00391372361433312,131,"1 9 13 31 46 61 70",1
"POOLED_gossip2XSMS2ORgossip3XSMS2ORgossip2XSMS3ORgossip3XSMS3125","(Info Hubs (All), No Incentives, SMS (All))",0.00357861808748266,4.15642993862426e-06,131,"1 9 13 31 46 61 70",1
"POOLED_Xslope2XSMS2ORXslope3XSMS2ORXslope2XSMS3ORXslope3XSMS3131","(No Seeds, Slopes (All), SMS (All))",-0.00543262791351319,1.74215291022851e-11,131,"1 9 13 31 46 61 70",1
"POOLED_Xflat3XSMS2ORXflat3XSMS3125","(No Seeds, High Flats, SMS (All))",-0.00796358101038726,7.76643326847397e-07,131,"1 9 13 31 46 61 70",1
"POOLED_random0Xslope2XSMS2ORrandom0Xslope3XSMS2ORrandom0Xslope2XSMS3ORrandom0Xslope3XSMS3131","(Random Seeds, Slopes (All), SMS (All))",-0.00715444632040515,5.12698281398989e-09,131,"1 9 13 31 46 61 70",1
"POOLED_trusted0Xslope2XSMS2ORtrusted0Xslope3XSMS2ORtrusted0Xslope2XSMS3ORtrusted0Xslope3XSMS3131","(Trusted Seeds, Slopes (All), SMS (All))",-0.00588996229159768,0.000310986627357257,131,"1 9 13 31 46 61 70",1
"POOLED_gossip2Xslope2XSMS2ORgossip3Xslope2XSMS2ORgossip2Xslope3XSMS2ORgossip3Xslope3XSMS2ORgossip2Xslope2XSMS3ORgossip3Xslope2XSMS3ORgossip2Xslope3XSMS3ORgossip3Xslope3XSMS3131","(Info Hubs (All), Slopes (All), SMS (All))",-0.00496974422771502,2.87949512757127e-08,131,"1 9 13 31 46 61 70",1
"POOLED_gossip2Xflat2ORgossip3Xflat2ORgossip2Xflat3ORgossip3Xflat3132","(Info Hubs (All), Flats (All), No Reminder)",-0.0131778115253655,0.000714056444249416,132,"1 9 13 31 46 61 70",1
"POOLED_gossip2XSMS2ORgossip3XSMS2ORgossip2XSMS3ORgossip3XSMS3126","(Info Hubs (All), No Incentives, SMS (All))",0.00316928868195043,0.000126652051489933,132,"1 9 13 31 46 61 70",1
"POOLED_Xslope2XSMS2ORXslope3XSMS2ORXslope2XSMS3ORXslope3XSMS3132","(No Seeds, Slopes (All), SMS (All))",-0.00566872714629162,1.54035138474739e-12,132,"1 9 13 31 46 61 70",1
"POOLED_Xflat3XSMS2ORXflat3XSMS3126","(No Seeds, High Flats, SMS (All))",-0.00689396541644509,1.72868074827784e-09,132,"1 9 13 31 46 61 70",1
"POOLED_random0Xslope2XSMS2ORrandom0Xslope3XSMS2ORrandom0Xslope2XSMS3ORrandom0Xslope3XSMS3132","(Random Seeds, Slopes (All), SMS (All))",-0.00689621456290739,2.25158335953689e-09,132,"1 9 13 31 46 61 70",1
"POOLED_trusted0Xslope2XSMS2ORtrusted0Xslope3XSMS2ORtrusted0Xslope2XSMS3ORtrusted0Xslope3XSMS3132","(Trusted Seeds, Slopes (All), SMS (All))",-0.00579337725922829,3.80180286920032e-11,132,"1 9 13 31 46 61 70",1
"POOLED_gossip2Xslope2XSMS2ORgossip3Xslope2XSMS2ORgossip2Xslope3XSMS2ORgossip3Xslope3XSMS2ORgossip2Xslope2XSMS3ORgossip3Xslope2XSMS3ORgossip2Xslope3XSMS3ORgossip3Xslope3XSMS3132","(Info Hubs (All), Slopes (All), SMS (All))",-0.0062508465961254,3.73685587543728e-06,132,"1 9 13 31 46 61 70",1
"POOLED_gossip2Xflat2ORgossip3Xflat2ORgossip2Xflat3ORgossip3Xflat3133","(Info Hubs (All), Flats (All), No Reminder)",-0.0105607156463655,0.00289978629526852,133,"1 9 13 31 46 61 70",1
"POOLED_gossip2XSMS2ORgossip3XSMS2ORgossip2XSMS3ORgossip3XSMS3127","(Info Hubs (All), No Incentives, SMS (All))",0.0036487635121556,1.24360448975034e-05,133,"1 9 13 31 46 61 70",1
"POOLED_Xslope2XSMS2ORXslope3XSMS2ORXslope2XSMS3ORXslope3XSMS3133","(No Seeds, Slopes (All), SMS (All))",-0.00589407307963795,8.71243170051882e-08,133,"1 9 13 31 46 61 70",1
"POOLED_Xflat3XSMS2ORXflat3XSMS3127","(No Seeds, High Flats, SMS (All))",-0.00739713497536645,3.71718580570272e-05,133,"1 9 13 31 46 61 70",1
"POOLED_random0Xslope2XSMS2ORrandom0Xslope3XSMS2ORrandom0Xslope2XSMS3ORrandom0Xslope3XSMS3133","(Random Seeds, Slopes (All), SMS (All))",-0.00638683340056575,4.31424910983815e-08,133,"1 9 13 31 46 61 70",1
"POOLED_trusted0Xslope2XSMS2ORtrusted0Xslope3XSMS2ORtrusted0Xslope2XSMS3ORtrusted0Xslope3XSMS3133","(Trusted Seeds, Slopes (All), SMS (All))",-0.00601750815524599,1.70704578008743e-07,133,"1 9 13 31 46 61 70",1
"POOLED_gossip2Xslope2XSMS2ORgossip3Xslope2XSMS2ORgossip2Xslope3XSMS2ORgossip3Xslope3XSMS2ORgossip2Xslope2XSMS3ORgossip3Xslope2XSMS3ORgossip2Xslope3XSMS3ORgossip3Xslope3XSMS3133","(Info Hubs (All), Slopes (All), SMS (All))",-0.00557258202768605,1.39294443922155e-05,133,"1 9 13 31 46 61 70",1
"POOLED_gossip2Xflat2ORgossip3Xflat2ORgossip2Xflat3ORgossip3Xflat3134","(Info Hubs (All), Flats (All), No Reminder)",-0.0116143114135893,0.00782982423826649,134,"1 9 13 31 46 61 70",1
"POOLED_gossip2XSMS2ORgossip3XSMS2ORgossip2XSMS3ORgossip3XSMS3128","(Info Hubs (All), No Incentives, SMS (All))",0.00440051238910942,4.06876308046279e-08,134,"1 9 13 31 46 61 70",1
"POOLED_Xslope2XSMS2ORXslope3XSMS2ORXslope2XSMS3ORXslope3XSMS3134","(No Seeds, Slopes (All), SMS (All))",-0.00638350901306414,1.13376585241163e-08,134,"1 9 13 31 46 61 70",1
"POOLED_Xflat3XSMS2ORXflat3XSMS3128","(No Seeds, High Flats, SMS (All))",-0.00905236598206668,9.11271059452665e-05,134,"1 9 13 31 46 61 70",1
"POOLED_random0Xslope2XSMS2ORrandom0Xslope3XSMS2ORrandom0Xslope2XSMS3ORrandom0Xslope3XSMS3134","(Random Seeds, Slopes (All), SMS (All))",-0.00658887340922735,6.64651615637434e-11,134,"1 9 13 31 46 61 70",1
"POOLED_trusted0Xslope2XSMS2ORtrusted0Xslope3XSMS2ORtrusted0Xslope2XSMS3ORtrusted0Xslope3XSMS3134","(Trusted Seeds, Slopes (All), SMS (All))",-0.00715311817822171,3.05445852528054e-07,134,"1 9 13 31 46 61 70",1
"POOLED_gossip2Xslope2XSMS2ORgossip3Xslope2XSMS2ORgossip2Xslope3XSMS2ORgossip3Xslope3XSMS2ORgossip2Xslope2XSMS3ORgossip3Xslope2XSMS3ORgossip2Xslope3XSMS3ORgossip3Xslope3XSMS3134","(Info Hubs (All), Slopes (All), SMS (All))",-0.00429779129493321,0.000155617019233936,134,"1 9 13 31 46 61 70",1
"POOLED_gossip2Xflat2ORgossip3Xflat2ORgossip2Xflat3ORgossip3Xflat3135","(Info Hubs (All), Flats (All), No Reminder)",-0.0129306416398264,0.000417642258366643,135,"1 9 13 31 46 61 70",1
"POOLED_gossip2XSMS2ORgossip3XSMS2ORgossip2XSMS3ORgossip3XSMS3129","(Info Hubs (All), No Incentives, SMS (All))",0.0044205564374625,3.14685239980832e-09,135,"1 9 13 31 46 61 70",1
"POOLED_Xslope2XSMS2ORXslope3XSMS2ORXslope2XSMS3ORXslope3XSMS3135","(No Seeds, Slopes (All), SMS (All))",-0.00499937139349782,6.30535805681935e-07,135,"1 9 13 31 46 61 70",1
"POOLED_Xflat3XSMS2ORXflat3XSMS3129","(No Seeds, High Flats, SMS (All))",-0.00591315687750113,1.15347505792633e-06,135,"1 9 13 31 46 61 70",1
"POOLED_random0Xslope2XSMS2ORrandom0Xslope3XSMS2ORrandom0Xslope2XSMS3ORrandom0Xslope3XSMS3135","(Random Seeds, Slopes (All), SMS (All))",-0.00591615859898652,3.39948037903826e-09,135,"1 9 13 31 46 61 70",1
"POOLED_trusted0Xslope2XSMS2ORtrusted0Xslope3XSMS2ORtrusted0Xslope2XSMS3ORtrusted0Xslope3XSMS3135","(Trusted Seeds, Slopes (All), SMS (All))",-0.00543583106022503,5.7043827900193e-05,135,"1 9 13 31 46 61 70",1
"POOLED_gossip2Xslope2XSMS2ORgossip3Xslope2XSMS2ORgossip2Xslope3XSMS2ORgossip3Xslope3XSMS2ORgossip2Xslope2XSMS3ORgossip3Xslope2XSMS3ORgossip2Xslope3XSMS3ORgossip3Xslope3XSMS3135","(Info Hubs (All), Slopes (All), SMS (All))",-0.00446633594817956,1.22770061870672e-05,135,"1 9 13 31 46 61 70",1
"POOLED_gossip2Xflat2ORgossip3Xflat2ORgossip2Xflat3ORgossip3Xflat3136","(Info Hubs (All), Flats (All), No Reminder)",-0.0142452613239089,0.00802198971659923,136,"1 9 13 31 46 61 70",1
"POOLED_gossip2XSMS2ORgossip3XSMS2ORgossip2XSMS3ORgossip3XSMS3130","(Info Hubs (All), No Incentives, SMS (All))",0.00442979112535867,6.51626573869513e-09,136,"1 9 13 31 46 61 70",1
"POOLED_Xslope2XSMS2ORXslope3XSMS2ORXslope2XSMS3ORXslope3XSMS3136","(No Seeds, Slopes (All), SMS (All))",-0.00573786011538469,2.58460328514598e-07,136,"1 9 13 31 46 61 70",1
"POOLED_Xflat3XSMS2ORXflat3XSMS3130","(No Seeds, High Flats, SMS (All))",-0.00609733263158499,3.43641458427238e-06,136,"1 9 13 31 46 61 70",1
"POOLED_random0Xslope2XSMS2ORrandom0Xslope3XSMS2ORrandom0Xslope2XSMS3ORrandom0Xslope3XSMS3136","(Random Seeds, Slopes (All), SMS (All))",-0.00642063194843762,3.83462243163321e-10,136,"1 9 13 31 46 61 70",1
"POOLED_trusted0Xslope2XSMS2ORtrusted0Xslope3XSMS2ORtrusted0Xslope2XSMS3ORtrusted0Xslope3XSMS3136","(Trusted Seeds, Slopes (All), SMS (All))",-0.00562384155785614,2.32859519427639e-09,136,"1 9 13 31 46 61 70",1
"POOLED_gossip2Xslope2XSMS2ORgossip3Xslope2XSMS2ORgossip2Xslope3XSMS2ORgossip3Xslope3XSMS2ORgossip2Xslope2XSMS3ORgossip3Xslope2XSMS3ORgossip2Xslope3XSMS3ORgossip3Xslope3XSMS3136","(Info Hubs (All), Slopes (All), SMS (All))",-0.00397178063489548,8.64233075221069e-06,136,"1 9 13 31 46 61 70",1
"POOLED_gossip2Xflat2ORgossip3Xflat2ORgossip2Xflat3ORgossip3Xflat3137","(Info Hubs (All), Flats (All), No Reminder)",-0.0124259178049754,0.00227003032551996,137,"1 9 13 31 46 61 70",1
"POOLED_gossip2XSMS2ORgossip3XSMS2ORgossip2XSMS3ORgossip3XSMS3131","(Info Hubs (All), No Incentives, SMS (All))",0.00424356385875134,6.80238769663167e-08,137,"1 9 13 31 46 61 70",1
"POOLED_Xslope2XSMS2ORXslope3XSMS2ORXslope2XSMS3ORXslope3XSMS3137","(No Seeds, Slopes (All), SMS (All))",-0.00547643053805029,4.30314383715435e-10,137,"1 9 13 31 46 61 70",1
"POOLED_Xflat3XSMS2ORXflat3XSMS3131","(No Seeds, High Flats, SMS (All))",-0.00622448087923976,1.13103242608326e-07,137,"1 9 13 31 46 61 70",1
"POOLED_random0Xslope2XSMS2ORrandom0Xslope3XSMS2ORrandom0Xslope2XSMS3ORrandom0Xslope3XSMS3137","(Random Seeds, Slopes (All), SMS (All))",-0.0064448525333567,2.54704754787738e-07,137,"1 9 13 31 46 61 70",1
"POOLED_trusted0Xslope2XSMS2ORtrusted0Xslope3XSMS2ORtrusted0Xslope2XSMS3ORtrusted0Xslope3XSMS3137","(Trusted Seeds, Slopes (All), SMS (All))",-0.00535953419372267,1.71315176799639e-08,137,"1 9 13 31 46 61 70",1
"POOLED_gossip2Xslope2XSMS2ORgossip3Xslope2XSMS2ORgossip2Xslope3XSMS2ORgossip3Xslope3XSMS2ORgossip2Xslope2XSMS3ORgossip3Xslope2XSMS3ORgossip2Xslope3XSMS3ORgossip3Xslope3XSMS3137","(Info Hubs (All), Slopes (All), SMS (All))",-0.00492055643776528,4.15954543438703e-06,137,"1 9 13 31 46 61 70",1
"POOLED_gossip2Xflat2ORgossip3Xflat2ORgossip2Xflat3ORgossip3Xflat3138","(Info Hubs (All), Flats (All), No Reminder)",-0.0131132183913575,0.00120224122396415,138,"1 9 13 31 46 61 70",1
"POOLED_gossip2XSMS2ORgossip3XSMS2ORgossip2XSMS3ORgossip3XSMS3132","(Info Hubs (All), No Incentives, SMS (All))",0.00327058544759589,0.00029640756425314,138,"1 9 13 31 46 61 70",1
"POOLED_Xslope2XSMS2ORXslope3XSMS2ORXslope2XSMS3ORXslope3XSMS3138","(No Seeds, Slopes (All), SMS (All))",-0.00562023484263284,2.91538461712195e-10,138,"1 9 13 31 46 61 70",1
"POOLED_Xflat3XSMS2ORXflat3XSMS3132","(No Seeds, High Flats, SMS (All))",-0.00740752804970132,1.10048652296857e-06,138,"1 9 13 31 46 61 70",1
"POOLED_random0Xslope2XSMS2ORrandom0Xslope3XSMS2ORrandom0Xslope2XSMS3ORrandom0Xslope3XSMS3138","(Random Seeds, Slopes (All), SMS (All))",-0.00733003176919008,1.47438509517048e-08,138,"1 9 13 31 46 61 70",1
"POOLED_trusted0Xslope2XSMS2ORtrusted0Xslope3XSMS2ORtrusted0Xslope2XSMS3ORtrusted0Xslope3XSMS3138","(Trusted Seeds, Slopes (All), SMS (All))",-0.0061686249745583,1.8401793706537e-08,138,"1 9 13 31 46 61 70",1
"POOLED_gossip2Xslope2XSMS2ORgossip3Xslope2XSMS2ORgossip2Xslope3XSMS2ORgossip3Xslope3XSMS2ORgossip2Xslope2XSMS3ORgossip3Xslope2XSMS3ORgossip2Xslope3XSMS3ORgossip3Xslope3XSMS3138","(Info Hubs (All), Slopes (All), SMS (All))",-0.00430984498403946,8.09037405771732e-07,138,"1 9 13 31 46 61 70",1
"POOLED_Xslope2ORXslope36","(No Seeds, Slope (All), No Reminder)",-0.00520662378349278,2.22096528954127e-06,139,"1 3 9 31 46 61 63 67",3
"POOLED_gossip2Xslope2ORgossip3Xslope2ORgossip2Xslope3ORgossip3Xslope36","(Info Hubs (All), Slopes (All), No Reminder)",-0.00474658595160474,0.00179347003889527,139,"1 3 9 31 46 61 63 67",3
"POOLED_gossip2Xflat2ORgossip3Xflat2ORgossip2Xflat3ORgossip3Xflat3139","(Info Hubs (All), Flats (All), No Reminder)",-0.0136358921021476,0.000562373143019008,139,"1 3 9 31 46 61 63 67",3
"POOLED_Xslope2XSMS2ORXslope3XSMS2ORXslope2XSMS3ORXslope3XSMS3139","(No Seeds, Slopes (All), SMS (All))",-0.00650658096775489,2.31789954506942e-13,139,"1 3 9 31 46 61 63 67",3
"POOLED_Xflat2XSMS2ORXflat3XSMS2ORXflat2XSMS3ORXflat3XSMS36","(No Seeds, Flats (All), SMS (All))",-0.00542337458140122,2.70865849991165e-09,139,"1 3 9 31 46 61 63 67",3
"POOLED_random0Xslope2XSMS2ORrandom0Xslope3XSMS2ORrandom0Xslope2XSMS3ORrandom0Xslope3XSMS3139","(Random Seeds, Slopes (All), SMS (All))",-0.00769295946340081,7.09536135073173e-13,139,"1 3 9 31 46 61 63 67",3
"POOLED_trusted0Xslope2XSMS2ORtrusted0Xslope3XSMS2ORtrusted0Xslope2XSMS3ORtrusted0Xslope3XSMS3139","(Trusted Seeds, Slopes (All), SMS (All))",-0.00743006208237623,2.63886171148321e-12,139,"1 3 9 31 46 61 63 67",3
"POOLED_gossip2Xslope2XSMS2ORgossip3Xslope2XSMS2ORgossip2Xslope3XSMS2ORgossip3Xslope3XSMS2ORgossip2Xslope2XSMS3ORgossip3Xslope2XSMS3ORgossip2Xslope3XSMS3ORgossip3Xslope3XSMS3139","(Info Hubs (All), Slopes (All), SMS (All))",-0.00511167797939611,1.85178065202714e-08,139,"1 3 9 31 46 61 63 67",3
"POOLED_gossip2Xflat2ORgossip3Xflat2ORgossip2Xflat3ORgossip3Xflat3140","(Info Hubs (All), Flats (All), No Reminder)",-0.0103693087741305,0.00537249894019389,140,"1 9 13 31 46 61 70",1
"POOLED_gossip2XSMS2ORgossip3XSMS2ORgossip2XSMS3ORgossip3XSMS3133","(Info Hubs (All), No Incentives, SMS (All))",0.00491964974651493,2.38471954253243e-13,140,"1 9 13 31 46 61 70",1
"POOLED_Xslope2XSMS2ORXslope3XSMS2ORXslope2XSMS3ORXslope3XSMS3140","(No Seeds, Slopes (All), SMS (All))",-0.00500154861890797,3.78106074212368e-09,140,"1 9 13 31 46 61 70",1
"POOLED_Xflat3XSMS2ORXflat3XSMS3133","(No Seeds, High Flats, SMS (All))",-0.00591187174606086,5.05549458692369e-06,140,"1 9 13 31 46 61 70",1
"POOLED_random0Xslope2XSMS2ORrandom0Xslope3XSMS2ORrandom0Xslope2XSMS3ORrandom0Xslope3XSMS3140","(Random Seeds, Slopes (All), SMS (All))",-0.00607076798864607,2.07599717100764e-08,140,"1 9 13 31 46 61 70",1
"POOLED_trusted0Xslope2XSMS2ORtrusted0Xslope3XSMS2ORtrusted0Xslope2XSMS3ORtrusted0Xslope3XSMS3140","(Trusted Seeds, Slopes (All), SMS (All))",-0.00536813168036711,1.20339980892365e-06,140,"1 9 13 31 46 61 70",1
"POOLED_gossip2Xslope2XSMS2ORgossip3Xslope2XSMS2ORgossip2Xslope3XSMS2ORgossip3Xslope3XSMS2ORgossip2Xslope2XSMS3ORgossip3Xslope2XSMS3ORgossip2Xslope3XSMS3ORgossip3Xslope3XSMS3140","(Info Hubs (All), Slopes (All), SMS (All))",-0.00527235229911511,1.41461318314473e-07,140,"1 9 13 31 46 61 70",1
"POOLED_gossip2Xflat2ORgossip3Xflat2ORgossip2Xflat3ORgossip3Xflat3141","(Info Hubs (All), Flats (All), No Reminder)",-0.0136482730603494,0.0014992046276718,141,"1 9 13 31 46 61 70",1
"POOLED_gossip2XSMS2ORgossip3XSMS2ORgossip2XSMS3ORgossip3XSMS3134","(Info Hubs (All), No Incentives, SMS (All))",0.00342997895171527,1.37235123435115e-05,141,"1 9 13 31 46 61 70",1
"POOLED_Xslope2XSMS2ORXslope3XSMS2ORXslope2XSMS3ORXslope3XSMS3141","(No Seeds, Slopes (All), SMS (All))",-0.00654363968371536,2.06402033551143e-09,141,"1 9 13 31 46 61 70",1
"POOLED_Xflat3XSMS2ORXflat3XSMS3134","(No Seeds, High Flats, SMS (All))",-0.0078571250869006,4.84181496604768e-07,141,"1 9 13 31 46 61 70",1
"POOLED_random0Xslope2XSMS2ORrandom0Xslope3XSMS2ORrandom0Xslope2XSMS3ORrandom0Xslope3XSMS3141","(Random Seeds, Slopes (All), SMS (All))",-0.00661203030727831,5.89262882399617e-12,141,"1 9 13 31 46 61 70",1
"POOLED_trusted0Xslope2XSMS2ORtrusted0Xslope3XSMS2ORtrusted0Xslope2XSMS3ORtrusted0Xslope3XSMS3141","(Trusted Seeds, Slopes (All), SMS (All))",-0.00669368045426003,1.05537520071375e-10,141,"1 9 13 31 46 61 70",1
"POOLED_gossip2Xslope2XSMS2ORgossip3Xslope2XSMS2ORgossip2Xslope3XSMS2ORgossip3Xslope3XSMS2ORgossip2Xslope2XSMS3ORgossip3Xslope2XSMS3ORgossip2Xslope3XSMS3ORgossip3Xslope3XSMS3141","(Info Hubs (All), Slopes (All), SMS (All))",-0.00422589379226956,2.37670438237275e-09,141,"1 9 13 31 46 61 70",1
"POOLED_gossip2Xflat2ORgossip3Xflat2ORgossip2Xflat3ORgossip3Xflat3142","(Info Hubs (All), Flats (All), No Reminder)",-0.0110049148226988,0.00518923435941369,142,"1 9 13 31 46 61 70",1
"POOLED_gossip2XSMS2ORgossip3XSMS2ORgossip2XSMS3ORgossip3XSMS3135","(Info Hubs (All), No Incentives, SMS (All))",0.00408773110042897,3.81999453570182e-08,142,"1 9 13 31 46 61 70",1
"POOLED_Xslope2XSMS2ORXslope3XSMS2ORXslope2XSMS3ORXslope3XSMS3142","(No Seeds, Slopes (All), SMS (All))",-0.0059848811661918,3.98419548360439e-10,142,"1 9 13 31 46 61 70",1
"POOLED_Xflat3XSMS2ORXflat3XSMS3135","(No Seeds, High Flats, SMS (All))",-0.00690847642809517,4.47468307134509e-06,142,"1 9 13 31 46 61 70",1
"POOLED_random0Xslope2XSMS2ORrandom0Xslope3XSMS2ORrandom0Xslope2XSMS3ORrandom0Xslope3XSMS3142","(Random Seeds, Slopes (All), SMS (All))",-0.00690000704581734,3.99322643309638e-11,142,"1 9 13 31 46 61 70",1
"POOLED_trusted0Xslope2XSMS2ORtrusted0Xslope3XSMS2ORtrusted0Xslope2XSMS3ORtrusted0Xslope3XSMS3142","(Trusted Seeds, Slopes (All), SMS (All))",-0.00641814745813256,3.04966531535185e-08,142,"1 9 13 31 46 61 70",1
"POOLED_gossip2Xslope2XSMS2ORgossip3Xslope2XSMS2ORgossip2Xslope3XSMS2ORgossip3Xslope3XSMS2ORgossip2Xslope2XSMS3ORgossip3Xslope2XSMS3ORgossip2Xslope3XSMS3ORgossip3Xslope3XSMS3142","(Info Hubs (All), Slopes (All), SMS (All))",-0.00537491577275046,1.12809638100771e-05,142,"1 9 13 31 46 61 70",1
"POOLED_Xslope2ORXslope37","(No Seeds, Slope (All), No Reminder)",-0.00514326523949206,9.14485923492355e-09,143,"1 3 9 10 31 46 61 63 67",2
"POOLED_gossip2Xslope2ORgossip3Xslope2ORgossip2Xslope3ORgossip3Xslope37","(Info Hubs (All), Slopes (All), No Reminder)",-0.0051911777150593,0.00222512036074484,143,"1 3 9 10 31 46 61 63 67",2
"POOLED_gossip2Xflat2ORgossip3Xflat2ORgossip2Xflat3ORgossip3Xflat3143","(Info Hubs (All), Flats (All), No Reminder)",-0.0136915384966546,0.00292574071418638,143,"1 3 9 10 31 46 61 63 67",2
"POOLED_Xslope2XSMS2ORXslope3XSMS2ORXslope2XSMS3ORXslope3XSMS3143","(No Seeds, Slopes (All), SMS (All))",-0.00703633258492057,5.37993386835776e-13,143,"1 3 9 10 31 46 61 63 67",2
"POOLED_Xflat2XSMS2ORXflat3XSMS2ORXflat2XSMS3ORXflat3XSMS37","(No Seeds, Flats (All), SMS (All))",-0.00599163274227455,2.10976774416403e-06,143,"1 3 9 10 31 46 61 63 67",2
"POOLED_random0Xslope2XSMS2ORrandom0Xslope3XSMS2ORrandom0Xslope2XSMS3ORrandom0Xslope3XSMS3143","(Random Seeds, Slopes (All), SMS (All))",-0.00816924767833615,1.23222444376539e-11,143,"1 3 9 10 31 46 61 63 67",2
"POOLED_trusted0Xslope2XSMS2ORtrusted0Xslope3XSMS2ORtrusted0Xslope2XSMS3ORtrusted0Xslope3XSMS3143","(Trusted Seeds, Slopes (All), SMS (All))",-0.00668177250642685,6.35436548941616e-11,143,"1 3 9 10 31 46 61 63 67",2
"POOLED_gossip2Xslope2XSMS2ORgossip3Xslope2XSMS2ORgossip2Xslope3XSMS2ORgossip3Xslope3XSMS2ORgossip2Xslope2XSMS3ORgossip3Xslope2XSMS3ORgossip2Xslope3XSMS3ORgossip3Xslope3XSMS3143","(Info Hubs (All), Slopes (All), SMS (All))",-0.00537310676494049,2.61373339138999e-07,143,"1 3 9 10 31 46 61 63 67",2
"POOLED_gossip2Xflat3XSMS2ORgossip3Xflat3XSMS2ORgossip2Xflat3XSMS3ORgossip3Xflat3XSMS36","(Info Hubs (All), High Flats, SMS (All))",-0.00675980306171386,4.64193103267581e-10,143,"1 3 9 10 31 46 61 63 67",2
"POOLED_gossip2Xflat2ORgossip3Xflat2ORgossip2Xflat3ORgossip3Xflat3144","(Info Hubs (All), Flats (All), No Reminder)",-0.0130777729137897,0.00117822622707971,144,"1 9 13 31 46 61 70",1
"POOLED_gossip2XSMS2ORgossip3XSMS2ORgossip2XSMS3ORgossip3XSMS3136","(Info Hubs (All), No Incentives, SMS (All))",0.00404367527088793,6.09571746489341e-07,144,"1 9 13 31 46 61 70",1
"POOLED_Xslope2XSMS2ORXslope3XSMS2ORXslope2XSMS3ORXslope3XSMS3144","(No Seeds, Slopes (All), SMS (All))",-0.00572243596617386,1.22271524843643e-06,144,"1 9 13 31 46 61 70",1
"POOLED_Xflat3XSMS2ORXflat3XSMS3136","(No Seeds, High Flats, SMS (All))",-0.0067948161841197,6.88510143966476e-06,144,"1 9 13 31 46 61 70",1
"POOLED_random0Xslope2XSMS2ORrandom0Xslope3XSMS2ORrandom0Xslope2XSMS3ORrandom0Xslope3XSMS3144","(Random Seeds, Slopes (All), SMS (All))",-0.00572500070063695,2.74156459597678e-08,144,"1 9 13 31 46 61 70",1
"POOLED_trusted0Xslope2XSMS2ORtrusted0Xslope3XSMS2ORtrusted0Xslope2XSMS3ORtrusted0Xslope3XSMS3144","(Trusted Seeds, Slopes (All), SMS (All))",-0.00624453322856232,1.01348965787292e-06,144,"1 9 13 31 46 61 70",1
"POOLED_gossip2Xslope2XSMS2ORgossip3Xslope2XSMS2ORgossip2Xslope3XSMS2ORgossip3Xslope3XSMS2ORgossip2Xslope2XSMS3ORgossip3Xslope2XSMS3ORgossip2Xslope3XSMS3ORgossip3Xslope3XSMS3144","(Info Hubs (All), Slopes (All), SMS (All))",-0.00420734950055962,2.31319301804994e-06,144,"1 9 13 31 46 61 70",1
"POOLED_gossip2Xflat2ORgossip3Xflat2ORgossip2Xflat3ORgossip3Xflat3145","(Info Hubs (All), Flats (All), No Reminder)",-0.00978535146170536,0.00147993193483299,145,"1 9 13 31 46 61 70",1
"POOLED_gossip2XSMS2ORgossip3XSMS2ORgossip2XSMS3ORgossip3XSMS3137","(Info Hubs (All), No Incentives, SMS (All))",0.00406510357564809,7.04221572114487e-08,145,"1 9 13 31 46 61 70",1
"POOLED_Xslope2XSMS2ORXslope3XSMS2ORXslope2XSMS3ORXslope3XSMS3145","(No Seeds, Slopes (All), SMS (All))",-0.00609444590575071,2.77171218175269e-08,145,"1 9 13 31 46 61 70",1
"POOLED_Xflat3XSMS2ORXflat3XSMS3137","(No Seeds, High Flats, SMS (All))",-0.00669782923414787,7.83767059707975e-07,145,"1 9 13 31 46 61 70",1
"POOLED_random0Xslope2XSMS2ORrandom0Xslope3XSMS2ORrandom0Xslope2XSMS3ORrandom0Xslope3XSMS3145","(Random Seeds, Slopes (All), SMS (All))",-0.00640822371365947,3.29099222894119e-11,145,"1 9 13 31 46 61 70",1
"POOLED_trusted0Xslope2XSMS2ORtrusted0Xslope3XSMS2ORtrusted0Xslope2XSMS3ORtrusted0Xslope3XSMS3145","(Trusted Seeds, Slopes (All), SMS (All))",-0.0063670094344647,4.60219274238551e-06,145,"1 9 13 31 46 61 70",1
"POOLED_gossip2Xslope2XSMS2ORgossip3Xslope2XSMS2ORgossip2Xslope3XSMS2ORgossip3Xslope3XSMS2ORgossip2Xslope2XSMS3ORgossip3Xslope2XSMS3ORgossip2Xslope3XSMS3ORgossip3Xslope3XSMS3145","(Info Hubs (All), Slopes (All), SMS (All))",-0.0042317968482692,9.03497765076851e-10,145,"1 9 13 31 46 61 70",1
"POOLED_gossip2Xflat2ORgossip3Xflat2ORgossip2Xflat3ORgossip3Xflat3146","(Info Hubs (All), Flats (All), No Reminder)",-0.0140140533372478,0.00627853577774445,146,"1 9 13 31 46 61 70",1
"POOLED_gossip2XSMS2ORgossip3XSMS2ORgossip2XSMS3ORgossip3XSMS3138","(Info Hubs (All), No Incentives, SMS (All))",0.00446199062892599,4.50204681677295e-10,146,"1 9 13 31 46 61 70",1
"POOLED_Xslope2XSMS2ORXslope3XSMS2ORXslope2XSMS3ORXslope3XSMS3146","(No Seeds, Slopes (All), SMS (All))",-0.00590080259184499,5.39319938713407e-09,146,"1 9 13 31 46 61 70",1
"POOLED_Xflat3XSMS2ORXflat3XSMS3138","(No Seeds, High Flats, SMS (All))",-0.0057842808833345,3.42229271152929e-07,146,"1 9 13 31 46 61 70",1
"POOLED_random0Xslope2XSMS2ORrandom0Xslope3XSMS2ORrandom0Xslope2XSMS3ORrandom0Xslope3XSMS3146","(Random Seeds, Slopes (All), SMS (All))",-0.00704467582685792,7.8974850843022e-09,146,"1 9 13 31 46 61 70",1
"POOLED_trusted0Xslope2XSMS2ORtrusted0Xslope3XSMS2ORtrusted0Xslope2XSMS3ORtrusted0Xslope3XSMS3146","(Trusted Seeds, Slopes (All), SMS (All))",-0.00532497760330836,7.46839578948669e-08,146,"1 9 13 31 46 61 70",1
"POOLED_gossip2Xslope2XSMS2ORgossip3Xslope2XSMS2ORgossip2Xslope3XSMS2ORgossip3Xslope3XSMS2ORgossip2Xslope2XSMS3ORgossip3Xslope2XSMS3ORgossip2Xslope3XSMS3ORgossip3Xslope3XSMS3146","(Info Hubs (All), Slopes (All), SMS (All))",-0.005514488095836,6.4050131328949e-06,146,"1 9 13 31 46 61 70",1
"POOLED_gossip2Xflat2ORgossip3Xflat2ORgossip2Xflat3ORgossip3Xflat3147","(Info Hubs (All), Flats (All), No Reminder)",-0.0123388588732996,0.0023690363712433,147,"1 9 13 31 46 61 70",1
"POOLED_gossip2XSMS2ORgossip3XSMS2ORgossip2XSMS3ORgossip3XSMS3139","(Info Hubs (All), No Incentives, SMS (All))",0.00398415016609628,9.19762816900817e-07,147,"1 9 13 31 46 61 70",1
"POOLED_Xslope2XSMS2ORXslope3XSMS2ORXslope2XSMS3ORXslope3XSMS3147","(No Seeds, Slopes (All), SMS (All))",-0.00556431349736223,6.9412402354464e-09,147,"1 9 13 31 46 61 70",1
"POOLED_Xflat3XSMS2ORXflat3XSMS3139","(No Seeds, High Flats, SMS (All))",-0.00797640697206371,1.17186353814051e-07,147,"1 9 13 31 46 61 70",1
"POOLED_random0Xslope2XSMS2ORrandom0Xslope3XSMS2ORrandom0Xslope2XSMS3ORrandom0Xslope3XSMS3147","(Random Seeds, Slopes (All), SMS (All))",-0.00612888655812687,1.23633976525922e-08,147,"1 9 13 31 46 61 70",1
"POOLED_trusted0Xslope2XSMS2ORtrusted0Xslope3XSMS2ORtrusted0Xslope2XSMS3ORtrusted0Xslope3XSMS3147","(Trusted Seeds, Slopes (All), SMS (All))",-0.00687508487835499,3.79302046786511e-08,147,"1 9 13 31 46 61 70",1
"POOLED_gossip2Xslope2XSMS2ORgossip3Xslope2XSMS2ORgossip2Xslope3XSMS2ORgossip3Xslope3XSMS2ORgossip2Xslope2XSMS3ORgossip3Xslope2XSMS3ORgossip2Xslope3XSMS3ORgossip3Xslope3XSMS3147","(Info Hubs (All), Slopes (All), SMS (All))",-0.00445861553210194,1.58469078889005e-05,147,"1 9 13 31 46 61 70",1
"POOLED_gossip2Xflat2ORgossip3Xflat2ORgossip2Xflat3ORgossip3Xflat3148","(Info Hubs (All), Flats (All), No Reminder)",-0.00943493758218826,0.0084312771498901,148,"1 9 13 31 46 61 70",1
"POOLED_gossip2XSMS2ORgossip3XSMS2ORgossip2XSMS3ORgossip3XSMS3140","(Info Hubs (All), No Incentives, SMS (All))",0.00449732958623941,4.11507135549829e-09,148,"1 9 13 31 46 61 70",1
"POOLED_Xslope2XSMS2ORXslope3XSMS2ORXslope2XSMS3ORXslope3XSMS3148","(No Seeds, Slopes (All), SMS (All))",-0.00611495521079076,2.91567088302737e-06,148,"1 9 13 31 46 61 70",1
"POOLED_Xflat3XSMS2ORXflat3XSMS3140","(No Seeds, High Flats, SMS (All))",-0.00682118390105708,1.12448609530517e-06,148,"1 9 13 31 46 61 70",1
"POOLED_random0Xslope2XSMS2ORrandom0Xslope3XSMS2ORrandom0Xslope2XSMS3ORrandom0Xslope3XSMS3148","(Random Seeds, Slopes (All), SMS (All))",-0.00606559238910097,3.32648350073802e-08,148,"1 9 13 31 46 61 70",1
"POOLED_trusted0Xslope2XSMS2ORtrusted0Xslope3XSMS2ORtrusted0Xslope2XSMS3ORtrusted0Xslope3XSMS3148","(Trusted Seeds, Slopes (All), SMS (All))",-0.00512498398327948,7.26109913181939e-07,148,"1 9 13 31 46 61 70",1
"POOLED_gossip2Xslope2XSMS2ORgossip3Xslope2XSMS2ORgossip2Xslope3XSMS2ORgossip3Xslope3XSMS2ORgossip2Xslope2XSMS3ORgossip3Xslope2XSMS3ORgossip2Xslope3XSMS3ORgossip3Xslope3XSMS3148","(Info Hubs (All), Slopes (All), SMS (All))",-0.00434435523989408,8.81738979655136e-08,148,"1 9 13 31 46 61 70",1
"POOLED_gossip2Xflat2ORgossip3Xflat2ORgossip2Xflat3ORgossip3Xflat3149","(Info Hubs (All), Flats (All), No Reminder)",-0.0113067282977554,0.00530032852694566,149,"1 9 13 31 46 61 70",1
"POOLED_gossip2XSMS2ORgossip3XSMS2ORgossip2XSMS3ORgossip3XSMS3141","(Info Hubs (All), No Incentives, SMS (All))",0.00380659967448576,6.98401122078259e-06,149,"1 9 13 31 46 61 70",1
"POOLED_Xslope2XSMS2ORXslope3XSMS2ORXslope2XSMS3ORXslope3XSMS3149","(No Seeds, Slopes (All), SMS (All))",-0.00590810441856366,1.47524988252265e-06,149,"1 9 13 31 46 61 70",1
"POOLED_Xflat3XSMS2ORXflat3XSMS3141","(No Seeds, High Flats, SMS (All))",-0.00618251595639445,2.9384502174428e-06,149,"1 9 13 31 46 61 70",1
"POOLED_random0Xslope2XSMS2ORrandom0Xslope3XSMS2ORrandom0Xslope2XSMS3ORrandom0Xslope3XSMS3149","(Random Seeds, Slopes (All), SMS (All))",-0.00653641914857563,2.18455208996374e-08,149,"1 9 13 31 46 61 70",1
"POOLED_trusted0Xslope2XSMS2ORtrusted0Xslope3XSMS2ORtrusted0Xslope2XSMS3ORtrusted0Xslope3XSMS3149","(Trusted Seeds, Slopes (All), SMS (All))",-0.00524227348553476,4.7709182551242e-07,149,"1 9 13 31 46 61 70",1
"POOLED_gossip2Xslope2XSMS2ORgossip3Xslope2XSMS2ORgossip2Xslope3XSMS2ORgossip3Xslope3XSMS2ORgossip2Xslope2XSMS3ORgossip3Xslope2XSMS3ORgossip2Xslope3XSMS3ORgossip3Xslope3XSMS3149","(Info Hubs (All), Slopes (All), SMS (All))",-0.00466572092904646,8.16455395566104e-08,149,"1 9 13 31 46 61 70",1
"POOLED_gossip2Xflat2ORgossip3Xflat2ORgossip2Xflat3ORgossip3Xflat3150","(Info Hubs (All), Flats (All), No Reminder)",-0.0134974325090916,0.00301605485410618,150,"1 9 13 31 46 61 70",1
"POOLED_gossip2XSMS2ORgossip3XSMS2ORgossip2XSMS3ORgossip3XSMS3142","(Info Hubs (All), No Incentives, SMS (All))",0.00424654216832936,3.5537594400157e-08,150,"1 9 13 31 46 61 70",1
"POOLED_Xslope2XSMS2ORXslope3XSMS2ORXslope2XSMS3ORXslope3XSMS3150","(No Seeds, Slopes (All), SMS (All))",-0.00572143120791416,3.41388302282251e-07,150,"1 9 13 31 46 61 70",1
"POOLED_Xflat3XSMS2ORXflat3XSMS3142","(No Seeds, High Flats, SMS (All))",-0.00676857758258509,3.23313249981841e-06,150,"1 9 13 31 46 61 70",1
"POOLED_random0Xslope2XSMS2ORrandom0Xslope3XSMS2ORrandom0Xslope2XSMS3ORrandom0Xslope3XSMS3150","(Random Seeds, Slopes (All), SMS (All))",-0.00673464951834421,2.89783956585816e-09,150,"1 9 13 31 46 61 70",1
"POOLED_trusted0Xslope2XSMS2ORtrusted0Xslope3XSMS2ORtrusted0Xslope2XSMS3ORtrusted0Xslope3XSMS3150","(Trusted Seeds, Slopes (All), SMS (All))",-0.00590425425145715,3.30097453294352e-07,150,"1 9 13 31 46 61 70",1
"POOLED_gossip2Xslope2XSMS2ORgossip3Xslope2XSMS2ORgossip2Xslope3XSMS2ORgossip3Xslope3XSMS2ORgossip2Xslope2XSMS3ORgossip3Xslope2XSMS3ORgossip2Xslope3XSMS3ORgossip3Xslope3XSMS3150","(Info Hubs (All), Slopes (All), SMS (All))",-0.00460131143062033,1.46749340415541e-07,150,"1 9 13 31 46 61 70",1
"POOLED_gossip2Xflat2ORgossip3Xflat2ORgossip2Xflat3ORgossip3Xflat3151","(Info Hubs (All), Flats (All), No Reminder)",-0.0118741925565125,5.22619250703541e-06,151,"1 9 13 31 46 61 70",1
"POOLED_gossip2XSMS2ORgossip3XSMS2ORgossip2XSMS3ORgossip3XSMS3143","(Info Hubs (All), No Incentives, SMS (All))",0.00439689800829158,7.17298629813718e-10,151,"1 9 13 31 46 61 70",1
"POOLED_Xslope2XSMS2ORXslope3XSMS2ORXslope2XSMS3ORXslope3XSMS3151","(No Seeds, Slopes (All), SMS (All))",-0.00739587177410085,6.60191086528437e-06,151,"1 9 13 31 46 61 70",1
"POOLED_Xflat3XSMS2ORXflat3XSMS3143","(No Seeds, High Flats, SMS (All))",-0.0077018962632767,1.02762520800318e-07,151,"1 9 13 31 46 61 70",1
"POOLED_random0Xslope2XSMS2ORrandom0Xslope3XSMS2ORrandom0Xslope2XSMS3ORrandom0Xslope3XSMS3151","(Random Seeds, Slopes (All), SMS (All))",-0.00656641573401234,9.95795241581216e-10,151,"1 9 13 31 46 61 70",1
"POOLED_trusted0Xslope2XSMS2ORtrusted0Xslope3XSMS2ORtrusted0Xslope2XSMS3ORtrusted0Xslope3XSMS3151","(Trusted Seeds, Slopes (All), SMS (All))",-0.00561543268871128,2.20846432771933e-11,151,"1 9 13 31 46 61 70",1
"POOLED_gossip2Xslope2XSMS2ORgossip3Xslope2XSMS2ORgossip2Xslope3XSMS2ORgossip3Xslope3XSMS2ORgossip2Xslope2XSMS3ORgossip3Xslope2XSMS3ORgossip2Xslope3XSMS3ORgossip3Xslope3XSMS3151","(Info Hubs (All), Slopes (All), SMS (All))",-0.00493635643190343,4.78689397856691e-05,151,"1 9 13 31 46 61 70",1
"POOLED_gossip2Xflat2ORgossip3Xflat2ORgossip2Xflat3ORgossip3Xflat3152","(Info Hubs (All), Flats (All), No Reminder)",-0.0145632516727278,0.000684288963932627,152,"1 9 13 31 46 61 70",1
"POOLED_gossip2XSMS2ORgossip3XSMS2ORgossip2XSMS3ORgossip3XSMS3144","(Info Hubs (All), No Incentives, SMS (All))",0.00416415687909293,9.58411962280866e-09,152,"1 9 13 31 46 61 70",1
"POOLED_Xslope2XSMS2ORXslope3XSMS2ORXslope2XSMS3ORXslope3XSMS3152","(No Seeds, Slopes (All), SMS (All))",-0.00621126679344923,3.01257712167375e-07,152,"1 9 13 31 46 61 70",1
"POOLED_Xflat3XSMS2ORXflat3XSMS3144","(No Seeds, High Flats, SMS (All))",-0.00680151331085703,1.75414715486167e-07,152,"1 9 13 31 46 61 70",1
"POOLED_random0Xslope2XSMS2ORrandom0Xslope3XSMS2ORrandom0Xslope2XSMS3ORrandom0Xslope3XSMS3152","(Random Seeds, Slopes (All), SMS (All))",-0.00599582419244584,1.36590027289477e-09,152,"1 9 13 31 46 61 70",1
"POOLED_trusted0Xslope2XSMS2ORtrusted0Xslope3XSMS2ORtrusted0Xslope2XSMS3ORtrusted0Xslope3XSMS3152","(Trusted Seeds, Slopes (All), SMS (All))",-0.00593144149064962,2.19768108539166e-08,152,"1 9 13 31 46 61 70",1
"POOLED_gossip2Xslope2XSMS2ORgossip3Xslope2XSMS2ORgossip2Xslope3XSMS2ORgossip3Xslope3XSMS2ORgossip2Xslope2XSMS3ORgossip3Xslope2XSMS3ORgossip2Xslope3XSMS3ORgossip3Xslope3XSMS3152","(Info Hubs (All), Slopes (All), SMS (All))",-0.0037653246926692,4.83350888630326e-07,152,"1 9 13 31 46 61 70",1
"POOLED_gossip2Xflat2ORgossip3Xflat2ORgossip2Xflat3ORgossip3Xflat3153","(Info Hubs (All), Flats (All), No Reminder)",-0.010432448791827,0.00369800084706252,153,"1 9 13 31 46 61 70",1
"POOLED_gossip2XSMS2ORgossip3XSMS2ORgossip2XSMS3ORgossip3XSMS3145","(Info Hubs (All), No Incentives, SMS (All))",0.00407258573435847,1.89693686399598e-07,153,"1 9 13 31 46 61 70",1
"POOLED_Xslope2XSMS2ORXslope3XSMS2ORXslope2XSMS3ORXslope3XSMS3153","(No Seeds, Slopes (All), SMS (All))",-0.00554927654379443,1.70509040733215e-08,153,"1 9 13 31 46 61 70",1
"POOLED_Xflat3XSMS2ORXflat3XSMS3145","(No Seeds, High Flats, SMS (All))",-0.00727858587342651,3.81613216340002e-07,153,"1 9 13 31 46 61 70",1
"POOLED_random0Xslope2XSMS2ORrandom0Xslope3XSMS2ORrandom0Xslope2XSMS3ORrandom0Xslope3XSMS3153","(Random Seeds, Slopes (All), SMS (All))",-0.0068256236047937,1.78379512394104e-08,153,"1 9 13 31 46 61 70",1
"POOLED_trusted0Xslope2XSMS2ORtrusted0Xslope3XSMS2ORtrusted0Xslope2XSMS3ORtrusted0Xslope3XSMS3153","(Trusted Seeds, Slopes (All), SMS (All))",-0.00585682832130602,6.00265288733726e-07,153,"1 9 13 31 46 61 70",1
"POOLED_gossip2Xslope2XSMS2ORgossip3Xslope2XSMS2ORgossip2Xslope3XSMS2ORgossip3Xslope3XSMS2ORgossip2Xslope2XSMS3ORgossip3Xslope2XSMS3ORgossip2Xslope3XSMS3ORgossip3Xslope3XSMS3153","(Info Hubs (All), Slopes (All), SMS (All))",-0.00497732588373902,0.000279042316101067,153,"1 9 13 31 46 61 70",1
"POOLED_gossip2Xflat2ORgossip3Xflat2ORgossip2Xflat3ORgossip3Xflat3154","(Info Hubs (All), Flats (All), No Reminder)",-0.0137694007213769,0.00237298841610518,154,"1 9 13 31 46 61 70",1
"POOLED_gossip2XSMS2ORgossip3XSMS2ORgossip2XSMS3ORgossip3XSMS3146","(Info Hubs (All), No Incentives, SMS (All))",0.00407237174478364,3.07667646526032e-08,154,"1 9 13 31 46 61 70",1
"POOLED_Xslope2XSMS2ORXslope3XSMS2ORXslope2XSMS3ORXslope3XSMS3154","(No Seeds, Slopes (All), SMS (All))",-0.00595484637840793,2.42463458361381e-07,154,"1 9 13 31 46 61 70",1
"POOLED_Xflat3XSMS2ORXflat3XSMS3146","(No Seeds, High Flats, SMS (All))",-0.0074986294063943,1.16061121331344e-07,154,"1 9 13 31 46 61 70",1
"POOLED_random0Xslope2XSMS2ORrandom0Xslope3XSMS2ORrandom0Xslope2XSMS3ORrandom0Xslope3XSMS3154","(Random Seeds, Slopes (All), SMS (All))",-0.00550824957835948,1.35131435633956e-09,154,"1 9 13 31 46 61 70",1
"POOLED_trusted0Xslope2XSMS2ORtrusted0Xslope3XSMS2ORtrusted0Xslope2XSMS3ORtrusted0Xslope3XSMS3154","(Trusted Seeds, Slopes (All), SMS (All))",-0.00630643638827899,2.77956289936433e-10,154,"1 9 13 31 46 61 70",1
"POOLED_gossip2Xslope2XSMS2ORgossip3Xslope2XSMS2ORgossip2Xslope3XSMS2ORgossip3Xslope3XSMS2ORgossip2Xslope2XSMS3ORgossip3Xslope2XSMS3ORgossip2Xslope3XSMS3ORgossip3Xslope3XSMS3154","(Info Hubs (All), Slopes (All), SMS (All))",-0.00503177044583749,6.35684080754747e-07,154,"1 9 13 31 46 61 70",1
"POOLED_gossip2Xflat2ORgossip3Xflat2ORgossip2Xflat3ORgossip3Xflat3155","(Info Hubs (All), Flats (All), No Reminder)",-0.0140648193120949,0.000149827404882858,155,"1 9 13 31 46 61 70",1
"POOLED_gossip2XSMS2ORgossip3XSMS2ORgossip2XSMS3ORgossip3XSMS3147","(Info Hubs (All), No Incentives, SMS (All))",0.00400624161632478,5.66926043708121e-08,155,"1 9 13 31 46 61 70",1
"POOLED_Xslope2XSMS2ORXslope3XSMS2ORXslope2XSMS3ORXslope3XSMS3155","(No Seeds, Slopes (All), SMS (All))",-0.00574088402649654,2.79766640083279e-09,155,"1 9 13 31 46 61 70",1
"POOLED_Xflat3XSMS2ORXflat3XSMS3147","(No Seeds, High Flats, SMS (All))",-0.00606357862518659,3.45845955895169e-05,155,"1 9 13 31 46 61 70",1
"POOLED_random0Xslope2XSMS2ORrandom0Xslope3XSMS2ORrandom0Xslope2XSMS3ORrandom0Xslope3XSMS3155","(Random Seeds, Slopes (All), SMS (All))",-0.00680368335399395,5.29589185736506e-08,155,"1 9 13 31 46 61 70",1
"POOLED_trusted0Xslope2XSMS2ORtrusted0Xslope3XSMS2ORtrusted0Xslope2XSMS3ORtrusted0Xslope3XSMS3155","(Trusted Seeds, Slopes (All), SMS (All))",-0.00618675907898535,5.61686839517114e-06,155,"1 9 13 31 46 61 70",1
"POOLED_gossip2Xslope2XSMS2ORgossip3Xslope2XSMS2ORgossip2Xslope3XSMS2ORgossip3Xslope3XSMS2ORgossip2Xslope2XSMS3ORgossip3Xslope2XSMS3ORgossip2Xslope3XSMS3ORgossip3Xslope3XSMS3155","(Info Hubs (All), Slopes (All), SMS (All))",-0.00438292655755024,5.88543074277824e-06,155,"1 9 13 31 46 61 70",1
"POOLED_gossip2Xflat2ORgossip3Xflat2ORgossip2Xflat3ORgossip3Xflat3156","(Info Hubs (All), Flats (All), No Reminder)",-0.0117541587277127,0.00124594233248054,156,"1 9 13 31 46 61 70",1
"POOLED_gossip2XSMS2ORgossip3XSMS2ORgossip2XSMS3ORgossip3XSMS3148","(Info Hubs (All), No Incentives, SMS (All))",0.00395317739875437,3.11219025118881e-06,156,"1 9 13 31 46 61 70",1
"POOLED_Xslope2XSMS2ORXslope3XSMS2ORXslope2XSMS3ORXslope3XSMS3156","(No Seeds, Slopes (All), SMS (All))",-0.00507316425777199,2.39382818294713e-08,156,"1 9 13 31 46 61 70",1
"POOLED_Xflat3XSMS2ORXflat3XSMS3148","(No Seeds, High Flats, SMS (All))",-0.00715943629545894,0.000231881356736502,156,"1 9 13 31 46 61 70",1
"POOLED_random0Xslope2XSMS2ORrandom0Xslope3XSMS2ORrandom0Xslope2XSMS3ORrandom0Xslope3XSMS3156","(Random Seeds, Slopes (All), SMS (All))",-0.00673222060457467,4.09280192734959e-07,156,"1 9 13 31 46 61 70",1
"POOLED_trusted0Xslope2XSMS2ORtrusted0Xslope3XSMS2ORtrusted0Xslope2XSMS3ORtrusted0Xslope3XSMS3156","(Trusted Seeds, Slopes (All), SMS (All))",-0.00524631371866265,1.83702163325367e-08,156,"1 9 13 31 46 61 70",1
"POOLED_gossip2Xslope2XSMS2ORgossip3Xslope2XSMS2ORgossip2Xslope3XSMS2ORgossip3Xslope3XSMS2ORgossip2Xslope2XSMS3ORgossip3Xslope2XSMS3ORgossip2Xslope3XSMS3ORgossip3Xslope3XSMS3156","(Info Hubs (All), Slopes (All), SMS (All))",-0.00487713131755448,0.000952418937246926,156,"1 9 13 31 46 61 70",1
"POOLED_gossip2Xflat3ORgossip3Xflat3","(Info Hubs (All), High Flat, No Reminder)",-0.0147317664911596,0.00213638626225087,157,"1 12 13 31 46 61 70",4
"POOLED_gossip2XSMS2ORgossip3XSMS2ORgossip2XSMS3ORgossip3XSMS3149","(Info Hubs (All), No Incentives, SMS (All))",0.00415803204945389,2.82473493022443e-07,157,"1 12 13 31 46 61 70",4
"POOLED_Xslope2XSMS2ORXslope3XSMS2ORXslope2XSMS3ORXslope3XSMS3157","(No Seeds, Slopes (All), SMS (All))",-0.00594725773042665,2.96224697760841e-09,157,"1 12 13 31 46 61 70",4
"POOLED_Xflat3XSMS2ORXflat3XSMS3149","(No Seeds, High Flats, SMS (All))",-0.00722455792397359,8.55022104895214e-06,157,"1 12 13 31 46 61 70",4
"POOLED_random0Xslope2XSMS2ORrandom0Xslope3XSMS2ORrandom0Xslope2XSMS3ORrandom0Xslope3XSMS3157","(Random Seeds, Slopes (All), SMS (All))",-0.00662768176244534,1.5254643355703e-09,157,"1 12 13 31 46 61 70",4
"POOLED_trusted0Xslope2XSMS2ORtrusted0Xslope3XSMS2ORtrusted0Xslope2XSMS3ORtrusted0Xslope3XSMS3157","(Trusted Seeds, Slopes (All), SMS (All))",-0.00639922636766248,8.07637509675153e-09,157,"1 12 13 31 46 61 70",4
"POOLED_gossip2Xslope2XSMS2ORgossip3Xslope2XSMS2ORgossip2Xslope3XSMS2ORgossip3Xslope3XSMS2ORgossip2Xslope2XSMS3ORgossip3Xslope2XSMS3ORgossip2Xslope3XSMS3ORgossip3Xslope3XSMS3157","(Info Hubs (All), Slopes (All), SMS (All))",-0.00484606334478078,7.12769468017974e-08,157,"1 12 13 31 46 61 70",4
"POOLED_gossip2Xflat2ORgossip3Xflat2ORgossip2Xflat3ORgossip3Xflat3157","(Info Hubs (All), Flats (All), No Reminder)",-0.0127341677482408,0.00179632704797999,158,"1 9 13 31 46 61 70",1
"POOLED_gossip2XSMS2ORgossip3XSMS2ORgossip2XSMS3ORgossip3XSMS3150","(Info Hubs (All), No Incentives, SMS (All))",0.00403423715195397,1.85745261170028e-09,158,"1 9 13 31 46 61 70",1
"POOLED_Xslope2XSMS2ORXslope3XSMS2ORXslope2XSMS3ORXslope3XSMS3158","(No Seeds, Slopes (All), SMS (All))",-0.00672527470397848,1.45438505672252e-09,158,"1 9 13 31 46 61 70",1
"POOLED_Xflat3XSMS2ORXflat3XSMS3150","(No Seeds, High Flats, SMS (All))",-0.00631708292693682,2.12373224003491e-05,158,"1 9 13 31 46 61 70",1
"POOLED_random0Xslope2XSMS2ORrandom0Xslope3XSMS2ORrandom0Xslope2XSMS3ORrandom0Xslope3XSMS3158","(Random Seeds, Slopes (All), SMS (All))",-0.00746862260594499,1.39943143616096e-09,158,"1 9 13 31 46 61 70",1
"POOLED_trusted0Xslope2XSMS2ORtrusted0Xslope3XSMS2ORtrusted0Xslope2XSMS3ORtrusted0Xslope3XSMS3158","(Trusted Seeds, Slopes (All), SMS (All))",-0.00685115842465909,1.26937369030526e-11,158,"1 9 13 31 46 61 70",1
"POOLED_gossip2Xslope2XSMS2ORgossip3Xslope2XSMS2ORgossip2Xslope3XSMS2ORgossip3Xslope3XSMS2ORgossip2Xslope2XSMS3ORgossip3Xslope2XSMS3ORgossip2Xslope3XSMS3ORgossip3Xslope3XSMS3158","(Info Hubs (All), Slopes (All), SMS (All))",-0.00610507511535443,9.94905100310506e-10,158,"1 9 13 31 46 61 70",1
"POOLED_gossip2Xflat2ORgossip3Xflat2ORgossip2Xflat3ORgossip3Xflat3158","(Info Hubs (All), Flats (All), No Reminder)",-0.0111753911383129,0.00164569936226867,159,"1 9 13 31 46 61 70",1
"POOLED_gossip2XSMS2ORgossip3XSMS2ORgossip2XSMS3ORgossip3XSMS3151","(Info Hubs (All), No Incentives, SMS (All))",0.00412380305742996,3.90711786496135e-09,159,"1 9 13 31 46 61 70",1
"POOLED_Xslope2XSMS2ORXslope3XSMS2ORXslope2XSMS3ORXslope3XSMS3159","(No Seeds, Slopes (All), SMS (All))",-0.00636987860009082,2.84346172763416e-05,159,"1 9 13 31 46 61 70",1
"POOLED_Xflat3XSMS2ORXflat3XSMS3151","(No Seeds, High Flats, SMS (All))",-0.00671138597662443,5.31671981895746e-08,159,"1 9 13 31 46 61 70",1
"POOLED_random0Xslope2XSMS2ORrandom0Xslope3XSMS2ORrandom0Xslope2XSMS3ORrandom0Xslope3XSMS3159","(Random Seeds, Slopes (All), SMS (All))",-0.00711518674800226,1.31279443515846e-09,159,"1 9 13 31 46 61 70",1
"POOLED_trusted0Xslope2XSMS2ORtrusted0Xslope3XSMS2ORtrusted0Xslope2XSMS3ORtrusted0Xslope3XSMS3159","(Trusted Seeds, Slopes (All), SMS (All))",-0.00496419459190536,2.703937492288e-11,159,"1 9 13 31 46 61 70",1
"POOLED_gossip2Xslope2XSMS2ORgossip3Xslope2XSMS2ORgossip2Xslope3XSMS2ORgossip3Xslope3XSMS2ORgossip2Xslope2XSMS3ORgossip3Xslope2XSMS3ORgossip2Xslope3XSMS3ORgossip3Xslope3XSMS3159","(Info Hubs (All), Slopes (All), SMS (All))",-0.00469888056691541,3.98084057755526e-06,159,"1 9 13 31 46 61 70",1
"POOLED_gossip2Xflat2ORgossip3Xflat2ORgossip2Xflat3ORgossip3Xflat3159","(Info Hubs (All), Flats (All), No Reminder)",-0.0123827266811148,0.000777390121786792,160,"1 9 13 31 46 61 70",1
"POOLED_gossip2XSMS2ORgossip3XSMS2ORgossip2XSMS3ORgossip3XSMS3152","(Info Hubs (All), No Incentives, SMS (All))",0.00433670829394227,7.89416404212943e-09,160,"1 9 13 31 46 61 70",1
"POOLED_Xslope2XSMS2ORXslope3XSMS2ORXslope2XSMS3ORXslope3XSMS3160","(No Seeds, Slopes (All), SMS (All))",-0.00538040911576866,7.9795577784133e-08,160,"1 9 13 31 46 61 70",1
"POOLED_Xflat3XSMS2ORXflat3XSMS3152","(No Seeds, High Flats, SMS (All))",-0.00647279569997658,1.06041510039856e-05,160,"1 9 13 31 46 61 70",1
"POOLED_random0Xslope2XSMS2ORrandom0Xslope3XSMS2ORrandom0Xslope2XSMS3ORrandom0Xslope3XSMS3160","(Random Seeds, Slopes (All), SMS (All))",-0.00679608572524521,1.28802898870308e-09,160,"1 9 13 31 46 61 70",1
"POOLED_trusted0Xslope2XSMS2ORtrusted0Xslope3XSMS2ORtrusted0Xslope2XSMS3ORtrusted0Xslope3XSMS3160","(Trusted Seeds, Slopes (All), SMS (All))",-0.00577138381180505,8.16828128482786e-08,160,"1 9 13 31 46 61 70",1
"POOLED_gossip2Xslope2XSMS2ORgossip3Xslope2XSMS2ORgossip2Xslope3XSMS2ORgossip3Xslope3XSMS2ORgossip2Xslope2XSMS3ORgossip3Xslope2XSMS3ORgossip2Xslope3XSMS3ORgossip3Xslope3XSMS3160","(Info Hubs (All), Slopes (All), SMS (All))",-0.00504515941125495,1.31202583752443e-07,160,"1 9 13 31 46 61 70",1
"POOLED_gossip2Xflat2ORgossip3Xflat2ORgossip2Xflat3ORgossip3Xflat3160","(Info Hubs (All), Flats (All), No Reminder)",-0.0119998189710236,0.00297764559293709,161,"1 9 13 31 46 61 70",1
"POOLED_gossip2XSMS2ORgossip3XSMS2ORgossip2XSMS3ORgossip3XSMS3153","(Info Hubs (All), No Incentives, SMS (All))",0.00361591975734521,6.62935982810174e-07,161,"1 9 13 31 46 61 70",1
"POOLED_Xslope2XSMS2ORXslope3XSMS2ORXslope2XSMS3ORXslope3XSMS3161","(No Seeds, Slopes (All), SMS (All))",-0.00701669092142517,4.73539801681498e-10,161,"1 9 13 31 46 61 70",1
"POOLED_Xflat3XSMS2ORXflat3XSMS3153","(No Seeds, High Flats, SMS (All))",-0.00650157487925711,7.27260163315734e-07,161,"1 9 13 31 46 61 70",1
"POOLED_random0Xslope2XSMS2ORrandom0Xslope3XSMS2ORrandom0Xslope2XSMS3ORrandom0Xslope3XSMS3161","(Random Seeds, Slopes (All), SMS (All))",-0.00751315702947569,4.69647993300961e-11,161,"1 9 13 31 46 61 70",1
"POOLED_trusted0Xslope2XSMS2ORtrusted0Xslope3XSMS2ORtrusted0Xslope2XSMS3ORtrusted0Xslope3XSMS3161","(Trusted Seeds, Slopes (All), SMS (All))",-0.00699622519944564,2.92307135620913e-08,161,"1 9 13 31 46 61 70",1
"POOLED_gossip2Xslope2XSMS2ORgossip3Xslope2XSMS2ORgossip2Xslope3XSMS2ORgossip3Xslope3XSMS2ORgossip2Xslope2XSMS3ORgossip3Xslope2XSMS3ORgossip2Xslope3XSMS3ORgossip3Xslope3XSMS3161","(Info Hubs (All), Slopes (All), SMS (All))",-0.00519811908490196,1.60699052972613e-07,161,"1 9 13 31 46 61 70",1
"POOLED_gossip2Xflat2ORgossip3Xflat2ORgossip2Xflat3ORgossip3Xflat3161","(Info Hubs (All), Flats (All), No Reminder)",-0.0129477417205827,0.00298378657296334,162,"1 9 13 31 46 61 70",1
"POOLED_gossip2XSMS2ORgossip3XSMS2ORgossip2XSMS3ORgossip3XSMS3154","(Info Hubs (All), No Incentives, SMS (All))",0.00340478379279934,6.06300183054562e-05,162,"1 9 13 31 46 61 70",1
"POOLED_Xslope2XSMS2ORXslope3XSMS2ORXslope2XSMS3ORXslope3XSMS3162","(No Seeds, Slopes (All), SMS (All))",-0.00555957328071026,5.80569557230837e-09,162,"1 9 13 31 46 61 70",1
"POOLED_Xflat3XSMS2ORXflat3XSMS3154","(No Seeds, High Flats, SMS (All))",-0.00849016182826844,5.30200883419573e-06,162,"1 9 13 31 46 61 70",1
"POOLED_random0Xslope2XSMS2ORrandom0Xslope3XSMS2ORrandom0Xslope2XSMS3ORrandom0Xslope3XSMS3162","(Random Seeds, Slopes (All), SMS (All))",-0.00711668019016118,8.03118204391685e-08,162,"1 9 13 31 46 61 70",1
"POOLED_trusted0Xslope2XSMS2ORtrusted0Xslope3XSMS2ORtrusted0Xslope2XSMS3ORtrusted0Xslope3XSMS3162","(Trusted Seeds, Slopes (All), SMS (All))",-0.00609455182937016,2.05337890414891e-07,162,"1 9 13 31 46 61 70",1
"POOLED_gossip2Xslope2XSMS2ORgossip3Xslope2XSMS2ORgossip2Xslope3XSMS2ORgossip3Xslope3XSMS2ORgossip2Xslope2XSMS3ORgossip3Xslope2XSMS3ORgossip2Xslope3XSMS3ORgossip3Xslope3XSMS3162","(Info Hubs (All), Slopes (All), SMS (All))",-0.0046384893372106,2.4024553611034e-06,162,"1 9 13 31 46 61 70",1
"POOLED_gossip2Xflat2ORgossip3Xflat2ORgossip2Xflat3ORgossip3Xflat3162","(Info Hubs (All), Flats (All), No Reminder)",-0.0108119924614589,0.00866670956831764,163,"1 9 13 31 46 61 70",1
"POOLED_gossip2XSMS2ORgossip3XSMS2ORgossip2XSMS3ORgossip3XSMS3155","(Info Hubs (All), No Incentives, SMS (All))",0.00406878366077285,2.00270961520167e-08,163,"1 9 13 31 46 61 70",1
"POOLED_Xslope2XSMS2ORXslope3XSMS2ORXslope2XSMS3ORXslope3XSMS3163","(No Seeds, Slopes (All), SMS (All))",-0.00641167018796323,3.50979264775803e-09,163,"1 9 13 31 46 61 70",1
"POOLED_Xflat3XSMS2ORXflat3XSMS3155","(No Seeds, High Flats, SMS (All))",-0.00688408212617259,1.60650051553795e-07,163,"1 9 13 31 46 61 70",1
"POOLED_random0Xslope2XSMS2ORrandom0Xslope3XSMS2ORrandom0Xslope2XSMS3ORrandom0Xslope3XSMS3163","(Random Seeds, Slopes (All), SMS (All))",-0.00675986224071101,3.70084114484053e-11,163,"1 9 13 31 46 61 70",1
"POOLED_trusted0Xslope2XSMS2ORtrusted0Xslope3XSMS2ORtrusted0Xslope2XSMS3ORtrusted0Xslope3XSMS3163","(Trusted Seeds, Slopes (All), SMS (All))",-0.00574285136404016,4.06055276058839e-09,163,"1 9 13 31 46 61 70",1
"POOLED_gossip2Xslope2XSMS2ORgossip3Xslope2XSMS2ORgossip2Xslope3XSMS2ORgossip3Xslope3XSMS2ORgossip2Xslope2XSMS3ORgossip3Xslope2XSMS3ORgossip2Xslope3XSMS3ORgossip3Xslope3XSMS3163","(Info Hubs (All), Slopes (All), SMS (All))",-0.00439071067577214,1.93091175791184e-05,163,"1 9 13 31 46 61 70",1
"POOLED_gossip2Xflat2ORgossip3Xflat2ORgossip2Xflat3ORgossip3Xflat3163","(Info Hubs (All), Flats (All), No Reminder)",-0.0118103459185936,0.000382493191147752,164,"1 9 13 31 46 61 70",1
"POOLED_gossip2XSMS2ORgossip3XSMS2ORgossip2XSMS3ORgossip3XSMS3156","(Info Hubs (All), No Incentives, SMS (All))",0.00438791104604181,8.05336348993593e-09,164,"1 9 13 31 46 61 70",1
"POOLED_Xslope2XSMS2ORXslope3XSMS2ORXslope2XSMS3ORXslope3XSMS3164","(No Seeds, Slopes (All), SMS (All))",-0.0058076421156504,1.06191722807871e-05,164,"1 9 13 31 46 61 70",1
"POOLED_Xflat3XSMS2ORXflat3XSMS3156","(No Seeds, High Flats, SMS (All))",-0.00657835227953802,5.07170107418354e-05,164,"1 9 13 31 46 61 70",1
"POOLED_random0Xslope2XSMS2ORrandom0Xslope3XSMS2ORrandom0Xslope2XSMS3ORrandom0Xslope3XSMS3164","(Random Seeds, Slopes (All), SMS (All))",-0.00541070328349635,4.80860381748362e-11,164,"1 9 13 31 46 61 70",1
"POOLED_trusted0Xslope2XSMS2ORtrusted0Xslope3XSMS2ORtrusted0Xslope2XSMS3ORtrusted0Xslope3XSMS3164","(Trusted Seeds, Slopes (All), SMS (All))",-0.00484690612119165,6.98982117378213e-07,164,"1 9 13 31 46 61 70",1
"POOLED_gossip2Xslope2XSMS2ORgossip3Xslope2XSMS2ORgossip2Xslope3XSMS2ORgossip3Xslope3XSMS2ORgossip2Xslope2XSMS3ORgossip3Xslope2XSMS3ORgossip2Xslope3XSMS3ORgossip3Xslope3XSMS3164","(Info Hubs (All), Slopes (All), SMS (All))",-0.00417006071104783,5.38689319777524e-08,164,"1 9 13 31 46 61 70",1
"POOLED_gossip2Xflat2ORgossip3Xflat2ORgossip2Xflat3ORgossip3Xflat3164","(Info Hubs (All), Flats (All), No Reminder)",-0.0111541000224524,0.00212320879561135,165,"1 9 13 31 46 61 70",1
"POOLED_gossip2XSMS2ORgossip3XSMS2ORgossip2XSMS3ORgossip3XSMS3157","(Info Hubs (All), No Incentives, SMS (All))",0.00493163160702568,5.41951167636429e-12,165,"1 9 13 31 46 61 70",1
"POOLED_Xslope2XSMS2ORXslope3XSMS2ORXslope2XSMS3ORXslope3XSMS3165","(No Seeds, Slopes (All), SMS (All))",-0.00596913164561869,1.4038762825074e-07,165,"1 9 13 31 46 61 70",1
"POOLED_Xflat3XSMS2ORXflat3XSMS3157","(No Seeds, High Flats, SMS (All))",-0.00584114537838961,4.66837066591308e-06,165,"1 9 13 31 46 61 70",1
"POOLED_random0Xslope2XSMS2ORrandom0Xslope3XSMS2ORrandom0Xslope2XSMS3ORrandom0Xslope3XSMS3165","(Random Seeds, Slopes (All), SMS (All))",-0.00615934511371614,2.42208725902232e-08,165,"1 9 13 31 46 61 70",1
"POOLED_trusted0Xslope2XSMS2ORtrusted0Xslope3XSMS2ORtrusted0Xslope2XSMS3ORtrusted0Xslope3XSMS3165","(Trusted Seeds, Slopes (All), SMS (All))",-0.00537722695636815,2.22133685604621e-07,165,"1 9 13 31 46 61 70",1
"POOLED_gossip2Xslope2XSMS2ORgossip3Xslope2XSMS2ORgossip2Xslope3XSMS2ORgossip3Xslope3XSMS2ORgossip2Xslope2XSMS3ORgossip3Xslope2XSMS3ORgossip2Xslope3XSMS3ORgossip3Xslope3XSMS3165","(Info Hubs (All), Slopes (All), SMS (All))",-0.00341972242919213,0.000366978760218647,165,"1 9 13 31 46 61 70",1
"POOLED_gossip2Xflat2ORgossip3Xflat2ORgossip2Xflat3ORgossip3Xflat3165","(Info Hubs (All), Flats (All), No Reminder)",-0.0147229211153761,0.0103085041937639,166,"1 9 13 31 46 61 70",1
"POOLED_gossip2XSMS2ORgossip3XSMS2ORgossip2XSMS3ORgossip3XSMS3158","(Info Hubs (All), No Incentives, SMS (All))",0.00362016267172605,3.69078893898334e-06,166,"1 9 13 31 46 61 70",1
"POOLED_Xslope2XSMS2ORXslope3XSMS2ORXslope2XSMS3ORXslope3XSMS3166","(No Seeds, Slopes (All), SMS (All))",-0.0060109194497822,2.46152088282534e-09,166,"1 9 13 31 46 61 70",1
"POOLED_Xflat3XSMS2ORXflat3XSMS3158","(No Seeds, High Flats, SMS (All))",-0.00705838843072055,3.80660387756636e-07,166,"1 9 13 31 46 61 70",1
"POOLED_random0Xslope2XSMS2ORrandom0Xslope3XSMS2ORrandom0Xslope2XSMS3ORrandom0Xslope3XSMS3166","(Random Seeds, Slopes (All), SMS (All))",-0.00695792584699713,1.54463034817942e-09,166,"1 9 13 31 46 61 70",1
"POOLED_trusted0Xslope2XSMS2ORtrusted0Xslope3XSMS2ORtrusted0Xslope2XSMS3ORtrusted0Xslope3XSMS3166","(Trusted Seeds, Slopes (All), SMS (All))",-0.00647002271862206,5.44766401893223e-06,166,"1 9 13 31 46 61 70",1
"POOLED_gossip2Xslope2XSMS2ORgossip3Xslope2XSMS2ORgossip2Xslope3XSMS2ORgossip3Xslope3XSMS2ORgossip2Xslope2XSMS3ORgossip3Xslope2XSMS3ORgossip2Xslope3XSMS3ORgossip3Xslope3XSMS3166","(Info Hubs (All), Slopes (All), SMS (All))",-0.00448833123967668,5.99939622989829e-05,166,"1 9 13 31 46 61 70",1
"POOLED_gossip2Xflat2ORgossip3Xflat2ORgossip2Xflat3ORgossip3Xflat3166","(Info Hubs (All), Flats (All), No Reminder)",-0.0136908629864801,0.00920112690017821,167,"1 9 13 31 46 61 70",1
"POOLED_gossip2XSMS2ORgossip3XSMS2ORgossip2XSMS3ORgossip3XSMS3159","(Info Hubs (All), No Incentives, SMS (All))",0.00363186563726659,3.26050815101278e-06,167,"1 9 13 31 46 61 70",1
"POOLED_Xslope2XSMS2ORXslope3XSMS2ORXslope2XSMS3ORXslope3XSMS3167","(No Seeds, Slopes (All), SMS (All))",-0.00581752004220583,1.69598093385423e-11,167,"1 9 13 31 46 61 70",1
"POOLED_Xflat3XSMS2ORXflat3XSMS3159","(No Seeds, High Flats, SMS (All))",-0.00738602534868266,2.40594745489342e-08,167,"1 9 13 31 46 61 70",1
"POOLED_random0Xslope2XSMS2ORrandom0Xslope3XSMS2ORrandom0Xslope2XSMS3ORrandom0Xslope3XSMS3167","(Random Seeds, Slopes (All), SMS (All))",-0.00701257907227717,6.07065677415775e-11,167,"1 9 13 31 46 61 70",1
"POOLED_trusted0Xslope2XSMS2ORtrusted0Xslope3XSMS2ORtrusted0Xslope2XSMS3ORtrusted0Xslope3XSMS3167","(Trusted Seeds, Slopes (All), SMS (All))",-0.00454712308517412,6.79448650462329e-13,167,"1 9 13 31 46 61 70",1
"POOLED_gossip2Xslope2XSMS2ORgossip3Xslope2XSMS2ORgossip2Xslope3XSMS2ORgossip3Xslope3XSMS2ORgossip2Xslope2XSMS3ORgossip3Xslope2XSMS3ORgossip2Xslope3XSMS3ORgossip3Xslope3XSMS3167","(Info Hubs (All), Slopes (All), SMS (All))",-0.00486235553034252,1.45485935032437e-10,167,"1 9 13 31 46 61 70",1
"POOLED_gossip2Xflat2ORgossip3Xflat2ORgossip2Xflat3ORgossip3Xflat3167","(Info Hubs (All), Flats (All), No Reminder)",-0.0135111860525858,0.000750635009420629,168,"1 9 13 31 46 61 70",1
"POOLED_gossip2XSMS2ORgossip3XSMS2ORgossip2XSMS3ORgossip3XSMS3160","(Info Hubs (All), No Incentives, SMS (All))",0.00447263554503778,9.36833645991872e-10,168,"1 9 13 31 46 61 70",1
"POOLED_Xslope2XSMS2ORXslope3XSMS2ORXslope2XSMS3ORXslope3XSMS3168","(No Seeds, Slopes (All), SMS (All))",-0.00627126639850566,2.24391759520508e-08,168,"1 9 13 31 46 61 70",1
"POOLED_Xflat3XSMS2ORXflat3XSMS3160","(No Seeds, High Flats, SMS (All))",-0.00769241674643735,4.32374522592107e-08,168,"1 9 13 31 46 61 70",1
"POOLED_random0Xslope2XSMS2ORrandom0Xslope3XSMS2ORrandom0Xslope2XSMS3ORrandom0Xslope3XSMS3168","(Random Seeds, Slopes (All), SMS (All))",-0.00618575348045802,2.78235151779545e-08,168,"1 9 13 31 46 61 70",1
"POOLED_trusted0Xslope2XSMS2ORtrusted0Xslope3XSMS2ORtrusted0Xslope2XSMS3ORtrusted0Xslope3XSMS3168","(Trusted Seeds, Slopes (All), SMS (All))",-0.00678841821808503,4.56751191355898e-07,168,"1 9 13 31 46 61 70",1
"POOLED_gossip2Xslope2XSMS2ORgossip3Xslope2XSMS2ORgossip2Xslope3XSMS2ORgossip3Xslope3XSMS2ORgossip2Xslope2XSMS3ORgossip3Xslope2XSMS3ORgossip2Xslope3XSMS3ORgossip3Xslope3XSMS3168","(Info Hubs (All), Slopes (All), SMS (All))",-0.00459763563800916,3.24357742809862e-08,168,"1 9 13 31 46 61 70",1
"POOLED_gossip2Xflat2ORgossip3Xflat2ORgossip2Xflat3ORgossip3Xflat3168","(Info Hubs (All), Flats (All), No Reminder)",-0.0114382821221256,0.00378305513658892,169,"1 9 13 31 46 61 70",1
"POOLED_gossip2XSMS2ORgossip3XSMS2ORgossip2XSMS3ORgossip3XSMS3161","(Info Hubs (All), No Incentives, SMS (All))",0.00449764087302327,1.94170443736285e-08,169,"1 9 13 31 46 61 70",1
"POOLED_Xslope2XSMS2ORXslope3XSMS2ORXslope2XSMS3ORXslope3XSMS3169","(No Seeds, Slopes (All), SMS (All))",-0.005883885510026,2.33676688594121e-07,169,"1 9 13 31 46 61 70",1
"POOLED_Xflat3XSMS2ORXflat3XSMS3161","(No Seeds, High Flats, SMS (All))",-0.00689200114890992,4.87786934129141e-06,169,"1 9 13 31 46 61 70",1
"POOLED_random0Xslope2XSMS2ORrandom0Xslope3XSMS2ORrandom0Xslope2XSMS3ORrandom0Xslope3XSMS3169","(Random Seeds, Slopes (All), SMS (All))",-0.00761202225904158,2.58334317556209e-08,169,"1 9 13 31 46 61 70",1
"POOLED_trusted0Xslope2XSMS2ORtrusted0Xslope3XSMS2ORtrusted0Xslope2XSMS3ORtrusted0Xslope3XSMS3169","(Trusted Seeds, Slopes (All), SMS (All))",-0.00519431105419575,1.40990389434441e-05,169,"1 9 13 31 46 61 70",1
"POOLED_gossip2Xslope2XSMS2ORgossip3Xslope2XSMS2ORgossip2Xslope3XSMS2ORgossip3Xslope3XSMS2ORgossip2Xslope2XSMS3ORgossip3Xslope2XSMS3ORgossip2Xslope3XSMS3ORgossip3Xslope3XSMS3169","(Info Hubs (All), Slopes (All), SMS (All))",-0.00403706831303729,6.19006840934011e-07,169,"1 9 13 31 46 61 70",1
"POOLED_gossip2Xflat2ORgossip3Xflat2ORgossip2Xflat3ORgossip3Xflat3169","(Info Hubs (All), Flats (All), No Reminder)",-0.0123329970277896,0.0117317007733367,170,"1 9 13 31 46 61 70",1
"POOLED_gossip2XSMS2ORgossip3XSMS2ORgossip2XSMS3ORgossip3XSMS3162","(Info Hubs (All), No Incentives, SMS (All))",0.00394482044701927,1.06078606052627e-06,170,"1 9 13 31 46 61 70",1
"POOLED_Xslope2XSMS2ORXslope3XSMS2ORXslope2XSMS3ORXslope3XSMS3170","(No Seeds, Slopes (All), SMS (All))",-0.00605455533705506,4.14661343148981e-09,170,"1 9 13 31 46 61 70",1
"POOLED_Xflat3XSMS2ORXflat3XSMS3162","(No Seeds, High Flats, SMS (All))",-0.00747149636194322,4.62154920396413e-07,170,"1 9 13 31 46 61 70",1
"POOLED_random0Xslope2XSMS2ORrandom0Xslope3XSMS2ORrandom0Xslope2XSMS3ORrandom0Xslope3XSMS3170","(Random Seeds, Slopes (All), SMS (All))",-0.00638812104378122,2.85216628618668e-09,170,"1 9 13 31 46 61 70",1
"POOLED_trusted0Xslope2XSMS2ORtrusted0Xslope3XSMS2ORtrusted0Xslope2XSMS3ORtrusted0Xslope3XSMS3170","(Trusted Seeds, Slopes (All), SMS (All))",-0.00514181534329153,1.42975169456524e-08,170,"1 9 13 31 46 61 70",1
"POOLED_gossip2Xslope2XSMS2ORgossip3Xslope2XSMS2ORgossip2Xslope3XSMS2ORgossip3Xslope3XSMS2ORgossip2Xslope2XSMS3ORgossip3Xslope2XSMS3ORgossip2Xslope3XSMS3ORgossip3Xslope3XSMS3170","(Info Hubs (All), Slopes (All), SMS (All))",-0.00409275253861366,2.80683251493112e-05,170,"1 9 13 31 46 61 70",1
"POOLED_gossip2Xflat2ORgossip3Xflat2ORgossip2Xflat3ORgossip3Xflat3170","(Info Hubs (All), Flats (All), No Reminder)",-0.0122915686597159,0.00737112620504317,171,"1 9 13 31 46 61 70",1
"POOLED_gossip2XSMS2ORgossip3XSMS2ORgossip2XSMS3ORgossip3XSMS3163","(Info Hubs (All), No Incentives, SMS (All))",0.00456216795305214,1.04205939361703e-10,171,"1 9 13 31 46 61 70",1
"POOLED_Xslope2XSMS2ORXslope3XSMS2ORXslope2XSMS3ORXslope3XSMS3171","(No Seeds, Slopes (All), SMS (All))",-0.00606155069308382,3.9094026895158e-06,171,"1 9 13 31 46 61 70",1
"POOLED_Xflat3XSMS2ORXflat3XSMS3163","(No Seeds, High Flats, SMS (All))",-0.00648557315178441,3.86994471665135e-08,171,"1 9 13 31 46 61 70",1
"POOLED_random0Xslope2XSMS2ORrandom0Xslope3XSMS2ORrandom0Xslope2XSMS3ORrandom0Xslope3XSMS3171","(Random Seeds, Slopes (All), SMS (All))",-0.00607712401735151,1.58386111332186e-10,171,"1 9 13 31 46 61 70",1
"POOLED_trusted0Xslope2XSMS2ORtrusted0Xslope3XSMS2ORtrusted0Xslope2XSMS3ORtrusted0Xslope3XSMS3171","(Trusted Seeds, Slopes (All), SMS (All))",-0.00549729119096633,9.34957535374244e-09,171,"1 9 13 31 46 61 70",1
"POOLED_gossip2Xslope2XSMS2ORgossip3Xslope2XSMS2ORgossip2Xslope3XSMS2ORgossip3Xslope3XSMS2ORgossip2Xslope2XSMS3ORgossip3Xslope2XSMS3ORgossip2Xslope3XSMS3ORgossip3Xslope3XSMS3171","(Info Hubs (All), Slopes (All), SMS (All))",-0.00487957708102727,9.98091422050916e-07,171,"1 9 13 31 46 61 70",1
"POOLED_gossip2Xflat2ORgossip3Xflat2ORgossip2Xflat3ORgossip3Xflat3171","(Info Hubs (All), Flats (All), No Reminder)",-0.0146137350824823,5.39028589424057e-05,172,"1 9 13 31 46 61 70",1
"POOLED_gossip2XSMS2ORgossip3XSMS2ORgossip2XSMS3ORgossip3XSMS3164","(Info Hubs (All), No Incentives, SMS (All))",0.00404918886205808,2.67789890924164e-07,172,"1 9 13 31 46 61 70",1
"POOLED_Xslope2XSMS2ORXslope3XSMS2ORXslope2XSMS3ORXslope3XSMS3172","(No Seeds, Slopes (All), SMS (All))",-0.00606210956467352,3.14412002226758e-09,172,"1 9 13 31 46 61 70",1
"POOLED_Xflat3XSMS2ORXflat3XSMS3164","(No Seeds, High Flats, SMS (All))",-0.00777887755905015,7.61961242579861e-06,172,"1 9 13 31 46 61 70",1
"POOLED_random0Xslope2XSMS2ORrandom0Xslope3XSMS2ORrandom0Xslope2XSMS3ORrandom0Xslope3XSMS3172","(Random Seeds, Slopes (All), SMS (All))",-0.00684481386224059,6.77655407817704e-08,172,"1 9 13 31 46 61 70",1
"POOLED_trusted0Xslope2XSMS2ORtrusted0Xslope3XSMS2ORtrusted0Xslope2XSMS3ORtrusted0Xslope3XSMS3172","(Trusted Seeds, Slopes (All), SMS (All))",-0.00592004632973305,1.49950364505214e-08,172,"1 9 13 31 46 61 70",1
"POOLED_gossip2Xslope2XSMS2ORgossip3Xslope2XSMS2ORgossip2Xslope3XSMS2ORgossip3Xslope3XSMS2ORgossip2Xslope2XSMS3ORgossip3Xslope2XSMS3ORgossip2Xslope3XSMS3ORgossip3Xslope3XSMS3172","(Info Hubs (All), Slopes (All), SMS (All))",-0.00427117781787239,6.85989294576768e-08,172,"1 9 13 31 46 61 70",1
"POOLED_gossip2Xflat2ORgossip3Xflat2ORgossip2Xflat3ORgossip3Xflat3172","(Info Hubs (All), Flats (All), No Reminder)",-0.0124784506918551,0.00129655989167759,173,"1 9 13 31 46 61 70",1
"POOLED_gossip2XSMS2ORgossip3XSMS2ORgossip2XSMS3ORgossip3XSMS3165","(Info Hubs (All), No Incentives, SMS (All))",0.0045977679740314,9.10996280507144e-10,173,"1 9 13 31 46 61 70",1
"POOLED_Xslope2XSMS2ORXslope3XSMS2ORXslope2XSMS3ORXslope3XSMS3173","(No Seeds, Slopes (All), SMS (All))",-0.00677883996328604,3.20844358207235e-06,173,"1 9 13 31 46 61 70",1
"POOLED_Xflat3XSMS2ORXflat3XSMS3165","(No Seeds, High Flats, SMS (All))",-0.00590619057843007,5.80065117264601e-06,173,"1 9 13 31 46 61 70",1
"POOLED_random0Xslope2XSMS2ORrandom0Xslope3XSMS2ORrandom0Xslope2XSMS3ORrandom0Xslope3XSMS3173","(Random Seeds, Slopes (All), SMS (All))",-0.00594597874661148,5.54636137639412e-08,173,"1 9 13 31 46 61 70",1
"POOLED_trusted0Xslope2XSMS2ORtrusted0Xslope3XSMS2ORtrusted0Xslope2XSMS3ORtrusted0Xslope3XSMS3173","(Trusted Seeds, Slopes (All), SMS (All))",-0.00462525163500236,1.49608688711617e-05,173,"1 9 13 31 46 61 70",1
"POOLED_gossip2Xslope2XSMS2ORgossip3Xslope2XSMS2ORgossip2Xslope3XSMS2ORgossip3Xslope3XSMS2ORgossip2Xslope2XSMS3ORgossip3Xslope2XSMS3ORgossip2Xslope3XSMS3ORgossip3Xslope3XSMS3173","(Info Hubs (All), Slopes (All), SMS (All))",-0.00407114147600413,5.15564560212823e-07,173,"1 9 13 31 46 61 70",1
"POOLED_gossip2Xflat2ORgossip3Xflat2ORgossip2Xflat3ORgossip3Xflat3173","(Info Hubs (All), Flats (All), No Reminder)",-0.0133969121636645,0.00128911202175758,174,"1 9 13 31 46 61 70",1
"POOLED_gossip2XSMS2ORgossip3XSMS2ORgossip2XSMS3ORgossip3XSMS3166","(Info Hubs (All), No Incentives, SMS (All))",0.00426297595974961,3.20797729858047e-09,174,"1 9 13 31 46 61 70",1
"POOLED_Xslope2XSMS2ORXslope3XSMS2ORXslope2XSMS3ORXslope3XSMS3174","(No Seeds, Slopes (All), SMS (All))",-0.00539621785994653,3.07538739289544e-07,174,"1 9 13 31 46 61 70",1
"POOLED_Xflat3XSMS2ORXflat3XSMS3166","(No Seeds, High Flats, SMS (All))",-0.00679064574204071,1.83083429949889e-06,174,"1 9 13 31 46 61 70",1
"POOLED_random0Xslope2XSMS2ORrandom0Xslope3XSMS2ORrandom0Xslope2XSMS3ORrandom0Xslope3XSMS3174","(Random Seeds, Slopes (All), SMS (All))",-0.0056988311328832,8.93770082574173e-10,174,"1 9 13 31 46 61 70",1
"POOLED_trusted0Xslope2XSMS2ORtrusted0Xslope3XSMS2ORtrusted0Xslope2XSMS3ORtrusted0Xslope3XSMS3174","(Trusted Seeds, Slopes (All), SMS (All))",-0.00525731917275227,3.09176770844422e-07,174,"1 9 13 31 46 61 70",1
"POOLED_gossip2Xslope2XSMS2ORgossip3Xslope2XSMS2ORgossip2Xslope3XSMS2ORgossip3Xslope3XSMS2ORgossip2Xslope2XSMS3ORgossip3Xslope2XSMS3ORgossip2Xslope3XSMS3ORgossip3Xslope3XSMS3174","(Info Hubs (All), Slopes (All), SMS (All))",-0.00382077639290657,4.42259189485559e-08,174,"1 9 13 31 46 61 70",1
"POOLED_gossip2Xflat2ORgossip3Xflat2ORgossip2Xflat3ORgossip3Xflat3174","(Info Hubs (All), Flats (All), No Reminder)",-0.0139884082573979,0.000261069298608916,175,"1 9 13 31 46 61 70",1
"POOLED_gossip2XSMS2ORgossip3XSMS2ORgossip2XSMS3ORgossip3XSMS3167","(Info Hubs (All), No Incentives, SMS (All))",0.00424893292168414,4.32476161019249e-09,175,"1 9 13 31 46 61 70",1
"POOLED_Xslope2XSMS2ORXslope3XSMS2ORXslope2XSMS3ORXslope3XSMS3175","(No Seeds, Slopes (All), SMS (All))",-0.00626494141567972,8.46597140838754e-07,175,"1 9 13 31 46 61 70",1
"POOLED_Xflat3XSMS2ORXflat3XSMS3167","(No Seeds, High Flats, SMS (All))",-0.00729979735394791,2.98967884004832e-07,175,"1 9 13 31 46 61 70",1
"POOLED_random0Xslope2XSMS2ORrandom0Xslope3XSMS2ORrandom0Xslope2XSMS3ORrandom0Xslope3XSMS3175","(Random Seeds, Slopes (All), SMS (All))",-0.00572264359433984,3.50973657970563e-07,175,"1 9 13 31 46 61 70",1
"POOLED_trusted0Xslope2XSMS2ORtrusted0Xslope3XSMS2ORtrusted0Xslope2XSMS3ORtrusted0Xslope3XSMS3175","(Trusted Seeds, Slopes (All), SMS (All))",-0.00593146246481705,6.31173198963471e-09,175,"1 9 13 31 46 61 70",1
"POOLED_gossip2Xslope2XSMS2ORgossip3Xslope2XSMS2ORgossip2Xslope3XSMS2ORgossip3Xslope3XSMS2ORgossip2Xslope2XSMS3ORgossip3Xslope2XSMS3ORgossip2Xslope3XSMS3ORgossip3Xslope3XSMS3175","(Info Hubs (All), Slopes (All), SMS (All))",-0.00457517874641852,2.91468232646447e-05,175,"1 9 13 31 46 61 70",1
"POOLED_gossip2Xflat2ORgossip3Xflat2ORgossip2Xflat3ORgossip3Xflat3175","(Info Hubs (All), Flats (All), No Reminder)",-0.0150102251350351,0.00500285958163706,176,"1 9 13 31 46 61 70",1
"POOLED_gossip2XSMS2ORgossip3XSMS2ORgossip2XSMS3ORgossip3XSMS3168","(Info Hubs (All), No Incentives, SMS (All))",0.00334193397643726,1.17994726844517e-05,176,"1 9 13 31 46 61 70",1
"POOLED_Xslope2XSMS2ORXslope3XSMS2ORXslope2XSMS3ORXslope3XSMS3176","(No Seeds, Slopes (All), SMS (All))",-0.00646482316756441,5.00438828727571e-12,176,"1 9 13 31 46 61 70",1
"POOLED_Xflat3XSMS2ORXflat3XSMS3168","(No Seeds, High Flats, SMS (All))",-0.00677512068785147,6.01216473048628e-07,176,"1 9 13 31 46 61 70",1
"POOLED_random0Xslope2XSMS2ORrandom0Xslope3XSMS2ORrandom0Xslope2XSMS3ORrandom0Xslope3XSMS3176","(Random Seeds, Slopes (All), SMS (All))",-0.00614703717501974,2.97357206160457e-10,176,"1 9 13 31 46 61 70",1
"POOLED_trusted0Xslope2XSMS2ORtrusted0Xslope3XSMS2ORtrusted0Xslope2XSMS3ORtrusted0Xslope3XSMS3176","(Trusted Seeds, Slopes (All), SMS (All))",-0.00722549924570956,1.37649023693279e-06,176,"1 9 13 31 46 61 70",1
"POOLED_gossip2Xslope2XSMS2ORgossip3Xslope2XSMS2ORgossip2Xslope3XSMS2ORgossip3Xslope3XSMS2ORgossip2Xslope2XSMS3ORgossip3Xslope2XSMS3ORgossip2Xslope3XSMS3ORgossip3Xslope3XSMS3176","(Info Hubs (All), Slopes (All), SMS (All))",-0.00433294159450015,3.42373223636949e-11,176,"1 9 13 31 46 61 70",1
"POOLED_gossip2Xflat2ORgossip3Xflat2ORgossip2Xflat3ORgossip3Xflat3176","(Info Hubs (All), Flats (All), No Reminder)",-0.0133648340661,0.00838743091801448,177,"1 9 13 31 46 61 70",1
"POOLED_gossip2XSMS2ORgossip3XSMS2ORgossip2XSMS3ORgossip3XSMS3169","(Info Hubs (All), No Incentives, SMS (All))",0.00457262012480494,1.78702412593091e-09,177,"1 9 13 31 46 61 70",1
"POOLED_Xslope2XSMS2ORXslope3XSMS2ORXslope2XSMS3ORXslope3XSMS3177","(No Seeds, Slopes (All), SMS (All))",-0.00595425331849259,2.49095490153893e-05,177,"1 9 13 31 46 61 70",1
"POOLED_Xflat3XSMS2ORXflat3XSMS3169","(No Seeds, High Flats, SMS (All))",-0.00641163183993975,7.7421245484232e-07,177,"1 9 13 31 46 61 70",1
"POOLED_random0Xslope2XSMS2ORrandom0Xslope3XSMS2ORrandom0Xslope2XSMS3ORrandom0Xslope3XSMS3177","(Random Seeds, Slopes (All), SMS (All))",-0.00673109849731757,2.06289268752993e-08,177,"1 9 13 31 46 61 70",1
"POOLED_trusted0Xslope2XSMS2ORtrusted0Xslope3XSMS2ORtrusted0Xslope2XSMS3ORtrusted0Xslope3XSMS3177","(Trusted Seeds, Slopes (All), SMS (All))",-0.00554604483089346,2.52943938785604e-05,177,"1 9 13 31 46 61 70",1
"POOLED_gossip2Xslope2XSMS2ORgossip3Xslope2XSMS2ORgossip2Xslope3XSMS2ORgossip3Xslope3XSMS2ORgossip2Xslope2XSMS3ORgossip3Xslope2XSMS3ORgossip2Xslope3XSMS3ORgossip3Xslope3XSMS3177","(Info Hubs (All), Slopes (All), SMS (All))",-0.00547563238162939,0.000417547348230951,177,"1 9 13 31 46 61 70",1
"POOLED_gossip2Xflat2ORgossip3Xflat2ORgossip2Xflat3ORgossip3Xflat3177","(Info Hubs (All), Flats (All), No Reminder)",-0.0118645086351006,0.00131618217056809,178,"1 9 13 31 46 61 70",1
"POOLED_gossip2XSMS2ORgossip3XSMS2ORgossip2XSMS3ORgossip3XSMS3170","(Info Hubs (All), No Incentives, SMS (All))",0.00371954136080327,8.2975118870782e-06,178,"1 9 13 31 46 61 70",1
"POOLED_Xslope2XSMS2ORXslope3XSMS2ORXslope2XSMS3ORXslope3XSMS3178","(No Seeds, Slopes (All), SMS (All))",-0.00625907521504069,2.17683081872136e-08,178,"1 9 13 31 46 61 70",1
"POOLED_Xflat3XSMS2ORXflat3XSMS3170","(No Seeds, High Flats, SMS (All))",-0.00650654767454107,5.73232665167428e-06,178,"1 9 13 31 46 61 70",1
"POOLED_random0Xslope2XSMS2ORrandom0Xslope3XSMS2ORrandom0Xslope2XSMS3ORrandom0Xslope3XSMS3178","(Random Seeds, Slopes (All), SMS (All))",-0.00780671913891825,1.17091934376068e-10,178,"1 9 13 31 46 61 70",1
"POOLED_trusted0Xslope2XSMS2ORtrusted0Xslope3XSMS2ORtrusted0Xslope2XSMS3ORtrusted0Xslope3XSMS3178","(Trusted Seeds, Slopes (All), SMS (All))",-0.00535663224418136,3.84954186521541e-07,178,"1 9 13 31 46 61 70",1
"POOLED_gossip2Xslope2XSMS2ORgossip3Xslope2XSMS2ORgossip2Xslope3XSMS2ORgossip3Xslope3XSMS2ORgossip2Xslope2XSMS3ORgossip3Xslope2XSMS3ORgossip2Xslope3XSMS3ORgossip3Xslope3XSMS3178","(Info Hubs (All), Slopes (All), SMS (All))",-0.0043320761999243,0.000382456364039325,178,"1 9 13 31 46 61 70",1
"POOLED_gossip2Xflat2ORgossip3Xflat2ORgossip2Xflat3ORgossip3Xflat3178","(Info Hubs (All), Flats (All), No Reminder)",-0.0124681854249109,0.00170511048749665,179,"1 9 13 31 46 61 70",1
"POOLED_gossip2XSMS2ORgossip3XSMS2ORgossip2XSMS3ORgossip3XSMS3171","(Info Hubs (All), No Incentives, SMS (All))",0.00378757382701772,5.97645115066512e-06,179,"1 9 13 31 46 61 70",1
"POOLED_Xslope2XSMS2ORXslope3XSMS2ORXslope2XSMS3ORXslope3XSMS3179","(No Seeds, Slopes (All), SMS (All))",-0.00596502297014077,8.50390526438331e-10,179,"1 9 13 31 46 61 70",1
"POOLED_Xflat3XSMS2ORXflat3XSMS3171","(No Seeds, High Flats, SMS (All))",-0.00763054426316473,1.4528188453229e-07,179,"1 9 13 31 46 61 70",1
"POOLED_random0Xslope2XSMS2ORrandom0Xslope3XSMS2ORrandom0Xslope2XSMS3ORrandom0Xslope3XSMS3179","(Random Seeds, Slopes (All), SMS (All))",-0.00671065720904811,5.20417042832964e-09,179,"1 9 13 31 46 61 70",1
"POOLED_trusted0Xslope2XSMS2ORtrusted0Xslope3XSMS2ORtrusted0Xslope2XSMS3ORtrusted0Xslope3XSMS3179","(Trusted Seeds, Slopes (All), SMS (All))",-0.00419253865484399,9.20427862303743e-10,179,"1 9 13 31 46 61 70",1
"POOLED_gossip2Xslope2XSMS2ORgossip3Xslope2XSMS2ORgossip2Xslope3XSMS2ORgossip3Xslope3XSMS2ORgossip2Xslope2XSMS3ORgossip3Xslope2XSMS3ORgossip2Xslope3XSMS3ORgossip3Xslope3XSMS3179","(Info Hubs (All), Slopes (All), SMS (All))",-0.00480098451988508,9.84527201809791e-08,179,"1 9 13 31 46 61 70",1
"POOLED_gossip2Xflat2ORgossip3Xflat2ORgossip2Xflat3ORgossip3Xflat3179","(Info Hubs (All), Flats (All), No Reminder)",-0.0111422354906897,0.00525343047401282,180,"1 9 13 31 46 61 70",1
"POOLED_gossip2XSMS2ORgossip3XSMS2ORgossip2XSMS3ORgossip3XSMS3172","(Info Hubs (All), No Incentives, SMS (All))",0.0038654405785181,4.43944991715996e-07,180,"1 9 13 31 46 61 70",1
"POOLED_Xslope2XSMS2ORXslope3XSMS2ORXslope2XSMS3ORXslope3XSMS3180","(No Seeds, Slopes (All), SMS (All))",-0.00562781346363111,1.30199153645502e-07,180,"1 9 13 31 46 61 70",1
"POOLED_Xflat3XSMS2ORXflat3XSMS3172","(No Seeds, High Flats, SMS (All))",-0.00649589604618372,2.74515202385081e-08,180,"1 9 13 31 46 61 70",1
"POOLED_random0Xslope2XSMS2ORrandom0Xslope3XSMS2ORrandom0Xslope2XSMS3ORrandom0Xslope3XSMS3180","(Random Seeds, Slopes (All), SMS (All))",-0.0072546544207447,1.0668548453973e-09,180,"1 9 13 31 46 61 70",1
"POOLED_trusted0Xslope2XSMS2ORtrusted0Xslope3XSMS2ORtrusted0Xslope2XSMS3ORtrusted0Xslope3XSMS3180","(Trusted Seeds, Slopes (All), SMS (All))",-0.00524670129425394,4.67687969515357e-11,180,"1 9 13 31 46 61 70",1
"POOLED_gossip2Xslope2XSMS2ORgossip3Xslope2XSMS2ORgossip2Xslope3XSMS2ORgossip3Xslope3XSMS2ORgossip2Xslope2XSMS3ORgossip3Xslope2XSMS3ORgossip2Xslope3XSMS3ORgossip3Xslope3XSMS3180","(Info Hubs (All), Slopes (All), SMS (All))",-0.00464009033327738,4.63060930410241e-08,180,"1 9 13 31 46 61 70",1
"POOLED_gossip2Xflat2ORgossip3Xflat2ORgossip2Xflat3ORgossip3Xflat3180","(Info Hubs (All), Flats (All), No Reminder)",-0.0108292301668847,0.000838455765995869,181,"1 9 13 31 46 61 70",1
"POOLED_gossip2XSMS2ORgossip3XSMS2ORgossip2XSMS3ORgossip3XSMS3173","(Info Hubs (All), No Incentives, SMS (All))",0.00370667608699646,1.20389336815231e-05,181,"1 9 13 31 46 61 70",1
"POOLED_Xslope2XSMS2ORXslope3XSMS2ORXslope2XSMS3ORXslope3XSMS3181","(No Seeds, Slopes (All), SMS (All))",-0.0058464043395167,3.82315965020625e-08,181,"1 9 13 31 46 61 70",1
"POOLED_Xflat3XSMS2ORXflat3XSMS3173","(No Seeds, High Flats, SMS (All))",-0.00596103964334742,7.99765486382234e-05,181,"1 9 13 31 46 61 70",1
"POOLED_random0Xslope2XSMS2ORrandom0Xslope3XSMS2ORrandom0Xslope2XSMS3ORrandom0Xslope3XSMS3181","(Random Seeds, Slopes (All), SMS (All))",-0.00603328075441408,3.71991329355372e-08,181,"1 9 13 31 46 61 70",1
"POOLED_trusted0Xslope2XSMS2ORtrusted0Xslope3XSMS2ORtrusted0Xslope2XSMS3ORtrusted0Xslope3XSMS3181","(Trusted Seeds, Slopes (All), SMS (All))",-0.00620357191338564,6.16192174815407e-07,181,"1 9 13 31 46 61 70",1
"POOLED_gossip2Xslope2XSMS2ORgossip3Xslope2XSMS2ORgossip2Xslope3XSMS2ORgossip3Xslope3XSMS2ORgossip2Xslope2XSMS3ORgossip3Xslope2XSMS3ORgossip2Xslope3XSMS3ORgossip3Xslope3XSMS3181","(Info Hubs (All), Slopes (All), SMS (All))",-0.00465819482708914,2.20547941517067e-06,181,"1 9 13 31 46 61 70",1
"POOLED_gossip2Xflat2ORgossip3Xflat2ORgossip2Xflat3ORgossip3Xflat3181","(Info Hubs (All), Flats (All), No Reminder)",-0.0122823111095355,0.0031499571023767,182,"1 9 13 31 46 61 70",1
"POOLED_gossip2XSMS2ORgossip3XSMS2ORgossip2XSMS3ORgossip3XSMS3174","(Info Hubs (All), No Incentives, SMS (All))",0.00349071680109955,6.81763492365464e-05,182,"1 9 13 31 46 61 70",1
"POOLED_Xslope2XSMS2ORXslope3XSMS2ORXslope2XSMS3ORXslope3XSMS3182","(No Seeds, Slopes (All), SMS (All))",-0.00602377124731977,1.46516962297707e-09,182,"1 9 13 31 46 61 70",1
"POOLED_Xflat3XSMS2ORXflat3XSMS3174","(No Seeds, High Flats, SMS (All))",-0.0084233581619664,2.95177225987465e-08,182,"1 9 13 31 46 61 70",1
"POOLED_random0Xslope2XSMS2ORrandom0Xslope3XSMS2ORrandom0Xslope2XSMS3ORrandom0Xslope3XSMS3182","(Random Seeds, Slopes (All), SMS (All))",-0.00679455857165039,1.84568357662427e-10,182,"1 9 13 31 46 61 70",1
"POOLED_trusted0Xslope2XSMS2ORtrusted0Xslope3XSMS2ORtrusted0Xslope2XSMS3ORtrusted0Xslope3XSMS3182","(Trusted Seeds, Slopes (All), SMS (All))",-0.00499462692141959,2.01835172952492e-07,182,"1 9 13 31 46 61 70",1
"POOLED_gossip2Xslope2XSMS2ORgossip3Xslope2XSMS2ORgossip2Xslope3XSMS2ORgossip3Xslope3XSMS2ORgossip2Xslope2XSMS3ORgossip3Xslope2XSMS3ORgossip2Xslope3XSMS3ORgossip3Xslope3XSMS3182","(Info Hubs (All), Slopes (All), SMS (All))",-0.00488626437679192,7.33608685885367e-06,182,"1 9 13 31 46 61 70",1
"POOLED_gossip2Xflat2ORgossip3Xflat2ORgossip2Xflat3ORgossip3Xflat3182","(Info Hubs (All), Flats (All), No Reminder)",-0.0108277686737578,0.00732000284498319,183,"1 9 13 31 46 61 70",1
"POOLED_gossip2XSMS2ORgossip3XSMS2ORgossip2XSMS3ORgossip3XSMS3175","(Info Hubs (All), No Incentives, SMS (All))",0.00379134513917943,7.23691244882333e-06,183,"1 9 13 31 46 61 70",1
"POOLED_Xslope2XSMS2ORXslope3XSMS2ORXslope2XSMS3ORXslope3XSMS3183","(No Seeds, Slopes (All), SMS (All))",-0.00557968705936199,1.61777931216856e-09,183,"1 9 13 31 46 61 70",1
"POOLED_Xflat3XSMS2ORXflat3XSMS3175","(No Seeds, High Flats, SMS (All))",-0.0070827475488006,5.34356686886876e-06,183,"1 9 13 31 46 61 70",1
"POOLED_random0Xslope2XSMS2ORrandom0Xslope3XSMS2ORrandom0Xslope2XSMS3ORrandom0Xslope3XSMS3183","(Random Seeds, Slopes (All), SMS (All))",-0.0059374856740671,2.11000773577183e-11,183,"1 9 13 31 46 61 70",1
"POOLED_trusted0Xslope2XSMS2ORtrusted0Xslope3XSMS2ORtrusted0Xslope2XSMS3ORtrusted0Xslope3XSMS3183","(Trusted Seeds, Slopes (All), SMS (All))",-0.00675503879964428,3.96464214541957e-07,183,"1 9 13 31 46 61 70",1
"POOLED_gossip2Xslope2XSMS2ORgossip3Xslope2XSMS2ORgossip2Xslope3XSMS2ORgossip3Xslope3XSMS2ORgossip2Xslope2XSMS3ORgossip3Xslope2XSMS3ORgossip2Xslope3XSMS3ORgossip3Xslope3XSMS3183","(Info Hubs (All), Slopes (All), SMS (All))",-0.00480977818636389,5.6578339691178e-07,183,"1 9 13 31 46 61 70",1
"POOLED_gossip2Xflat2ORgossip3Xflat2ORgossip2Xflat3ORgossip3Xflat3183","(Info Hubs (All), Flats (All), No Reminder)",-0.0150188873237532,0.00827919400482219,184,"1 9 13 31 46 61 70",1
"POOLED_gossip2XSMS2ORgossip3XSMS2ORgossip2XSMS3ORgossip3XSMS3176","(Info Hubs (All), No Incentives, SMS (All))",0.00344313415094011,0.00018084447660999,184,"1 9 13 31 46 61 70",1
"POOLED_Xslope2XSMS2ORXslope3XSMS2ORXslope2XSMS3ORXslope3XSMS3184","(No Seeds, Slopes (All), SMS (All))",-0.00590961239555544,1.61442371744801e-07,184,"1 9 13 31 46 61 70",1
"POOLED_Xflat3XSMS2ORXflat3XSMS3176","(No Seeds, High Flats, SMS (All))",-0.00707929105179962,1.62917730955457e-07,184,"1 9 13 31 46 61 70",1
"POOLED_random0Xslope2XSMS2ORrandom0Xslope3XSMS2ORrandom0Xslope2XSMS3ORrandom0Xslope3XSMS3184","(Random Seeds, Slopes (All), SMS (All))",-0.00724599731540934,5.03293274811807e-12,184,"1 9 13 31 46 61 70",1
"POOLED_trusted0Xslope2XSMS2ORtrusted0Xslope3XSMS2ORtrusted0Xslope2XSMS3ORtrusted0Xslope3XSMS3184","(Trusted Seeds, Slopes (All), SMS (All))",-0.00635665527302284,1.2952466566142e-08,184,"1 9 13 31 46 61 70",1
"POOLED_gossip2Xslope2XSMS2ORgossip3Xslope2XSMS2ORgossip2Xslope3XSMS2ORgossip3Xslope3XSMS2ORgossip2Xslope2XSMS3ORgossip3Xslope2XSMS3ORgossip2Xslope3XSMS3ORgossip3Xslope3XSMS3184","(Info Hubs (All), Slopes (All), SMS (All))",-0.00452792400460181,3.48794126139085e-06,184,"1 9 13 31 46 61 70",1
"POOLED_gossip2Xflat2ORgossip3Xflat2ORgossip2Xflat3ORgossip3Xflat3184","(Info Hubs (All), Flats (All), No Reminder)",-0.0143522417359124,9.10257419041588e-05,185,"1 9 13 31 46 61 70",1
"POOLED_gossip2XSMS2ORgossip3XSMS2ORgossip2XSMS3ORgossip3XSMS3177","(Info Hubs (All), No Incentives, SMS (All))",0.00448509845111692,4.69745517054957e-10,185,"1 9 13 31 46 61 70",1
"POOLED_Xslope2XSMS2ORXslope3XSMS2ORXslope2XSMS3ORXslope3XSMS3185","(No Seeds, Slopes (All), SMS (All))",-0.00583588202288395,2.73384430246907e-11,185,"1 9 13 31 46 61 70",1
"POOLED_Xflat3XSMS2ORXflat3XSMS3177","(No Seeds, High Flats, SMS (All))",-0.00699805404362592,1.62102849938167e-06,185,"1 9 13 31 46 61 70",1
"POOLED_random0Xslope2XSMS2ORrandom0Xslope3XSMS2ORrandom0Xslope2XSMS3ORrandom0Xslope3XSMS3185","(Random Seeds, Slopes (All), SMS (All))",-0.00706836110620832,2.2505346839858e-09,185,"1 9 13 31 46 61 70",1
"POOLED_trusted0Xslope2XSMS2ORtrusted0Xslope3XSMS2ORtrusted0Xslope2XSMS3ORtrusted0Xslope3XSMS3185","(Trusted Seeds, Slopes (All), SMS (All))",-0.00496066367256942,1.27838084930295e-06,185,"1 9 13 31 46 61 70",1
"POOLED_gossip2Xslope2XSMS2ORgossip3Xslope2XSMS2ORgossip2Xslope3XSMS2ORgossip3Xslope3XSMS2ORgossip2Xslope2XSMS3ORgossip3Xslope2XSMS3ORgossip2Xslope3XSMS3ORgossip3Xslope3XSMS3185","(Info Hubs (All), Slopes (All), SMS (All))",-0.00465132840401192,5.57168157140955e-06,185,"1 9 13 31 46 61 70",1
"POOLED_gossip2Xflat2ORgossip3Xflat2ORgossip2Xflat3ORgossip3Xflat3185","(Info Hubs (All), Flats (All), No Reminder)",-0.0118268426043431,0.00106856013870309,186,"1 9 13 31 46 61 70",1
"POOLED_gossip2XSMS2ORgossip3XSMS2ORgossip2XSMS3ORgossip3XSMS3178","(Info Hubs (All), No Incentives, SMS (All))",0.00439594292357458,1.97972235420755e-08,186,"1 9 13 31 46 61 70",1
"POOLED_Xslope2XSMS2ORXslope3XSMS2ORXslope2XSMS3ORXslope3XSMS3186","(No Seeds, Slopes (All), SMS (All))",-0.00596235752899496,8.15815405347654e-07,186,"1 9 13 31 46 61 70",1
"POOLED_Xflat3XSMS2ORXflat3XSMS3178","(No Seeds, High Flats, SMS (All))",-0.00614217494490332,6.4688414614568e-09,186,"1 9 13 31 46 61 70",1
"POOLED_random0Xslope2XSMS2ORrandom0Xslope3XSMS2ORrandom0Xslope2XSMS3ORrandom0Xslope3XSMS3186","(Random Seeds, Slopes (All), SMS (All))",-0.0056782784795441,1.95879658683086e-07,186,"1 9 13 31 46 61 70",1
"POOLED_trusted0Xslope2XSMS2ORtrusted0Xslope3XSMS2ORtrusted0Xslope2XSMS3ORtrusted0Xslope3XSMS3186","(Trusted Seeds, Slopes (All), SMS (All))",-0.00693079837837876,5.83750360381425e-06,186,"1 9 13 31 46 61 70",1
"POOLED_gossip2Xslope2XSMS2ORgossip3Xslope2XSMS2ORgossip2Xslope3XSMS2ORgossip3Xslope3XSMS2ORgossip2Xslope2XSMS3ORgossip3Xslope2XSMS3ORgossip2Xslope3XSMS3ORgossip3Xslope3XSMS3186","(Info Hubs (All), Slopes (All), SMS (All))",-0.00392467805635108,5.2635109605686e-06,186,"1 9 13 31 46 61 70",1
"POOLED_Xslope2ORXslope38","(No Seeds, Slope (All), No Reminder)",-0.005426512498339,3.0160595479126e-11,187,"1 3 9 10 31 46 61 63 67",2
"POOLED_gossip2Xslope2ORgossip3Xslope2ORgossip2Xslope3ORgossip3Xslope38","(Info Hubs (All), Slopes (All), No Reminder)",-0.00633037474567652,3.15217794853539e-05,187,"1 3 9 10 31 46 61 63 67",2
"POOLED_gossip2Xflat2ORgossip3Xflat2ORgossip2Xflat3ORgossip3Xflat3186","(Info Hubs (All), Flats (All), No Reminder)",-0.0123460139825765,0.000620465451521564,187,"1 3 9 10 31 46 61 63 67",2
"POOLED_Xslope2XSMS2ORXslope3XSMS2ORXslope2XSMS3ORXslope3XSMS3187","(No Seeds, Slopes (All), SMS (All))",-0.00823320607169049,1.57396092287703e-15,187,"1 3 9 10 31 46 61 63 67",2
"POOLED_Xflat2XSMS2ORXflat3XSMS2ORXflat2XSMS3ORXflat3XSMS38","(No Seeds, Flats (All), SMS (All))",-0.00533936729183713,3.61977415493039e-07,187,"1 3 9 10 31 46 61 63 67",2
"POOLED_random0Xslope2XSMS2ORrandom0Xslope3XSMS2ORrandom0Xslope2XSMS3ORrandom0Xslope3XSMS3187","(Random Seeds, Slopes (All), SMS (All))",-0.00777690292857468,5.79581770415884e-14,187,"1 3 9 10 31 46 61 63 67",2
"POOLED_trusted0Xslope2XSMS2ORtrusted0Xslope3XSMS2ORtrusted0Xslope2XSMS3ORtrusted0Xslope3XSMS3187","(Trusted Seeds, Slopes (All), SMS (All))",-0.00742812344436184,6.95620026585786e-14,187,"1 3 9 10 31 46 61 63 67",2
"POOLED_gossip2Xslope2XSMS2ORgossip3Xslope2XSMS2ORgossip2Xslope3XSMS2ORgossip3Xslope3XSMS2ORgossip2Xslope2XSMS3ORgossip3Xslope2XSMS3ORgossip2Xslope3XSMS3ORgossip3Xslope3XSMS3187","(Info Hubs (All), Slopes (All), SMS (All))",-0.00708430965608157,1.88119412633399e-07,187,"1 3 9 10 31 46 61 63 67",2
"POOLED_gossip2Xflat3XSMS2ORgossip3Xflat3XSMS2ORgossip2Xflat3XSMS3ORgossip3Xflat3XSMS37","(Info Hubs (All), High Flats, SMS (All))",-0.00765582402710051,7.29178705323164e-10,187,"1 3 9 10 31 46 61 63 67",2
"POOLED_gossip2Xflat2ORgossip3Xflat2ORgossip2Xflat3ORgossip3Xflat3187","(Info Hubs (All), Flats (All), No Reminder)",-0.0128292400208044,0.000535564527652618,188,"1 9 13 31 46 61 70",1
"POOLED_gossip2XSMS2ORgossip3XSMS2ORgossip2XSMS3ORgossip3XSMS3179","(Info Hubs (All), No Incentives, SMS (All))",0.00386088142414814,7.00127973557514e-06,188,"1 9 13 31 46 61 70",1
"POOLED_Xslope2XSMS2ORXslope3XSMS2ORXslope2XSMS3ORXslope3XSMS3188","(No Seeds, Slopes (All), SMS (All))",-0.00539858878561891,2.86959248736983e-08,188,"1 9 13 31 46 61 70",1
"POOLED_Xflat3XSMS2ORXflat3XSMS3179","(No Seeds, High Flats, SMS (All))",-0.00885742365947212,3.1518000920652e-07,188,"1 9 13 31 46 61 70",1
"POOLED_random0Xslope2XSMS2ORrandom0Xslope3XSMS2ORrandom0Xslope2XSMS3ORrandom0Xslope3XSMS3188","(Random Seeds, Slopes (All), SMS (All))",-0.00595794795423597,2.18856393641327e-09,188,"1 9 13 31 46 61 70",1
"POOLED_trusted0Xslope2XSMS2ORtrusted0Xslope3XSMS2ORtrusted0Xslope2XSMS3ORtrusted0Xslope3XSMS3188","(Trusted Seeds, Slopes (All), SMS (All))",-0.00608448317006877,2.66052707642726e-06,188,"1 9 13 31 46 61 70",1
"POOLED_gossip2Xslope2XSMS2ORgossip3Xslope2XSMS2ORgossip2Xslope3XSMS2ORgossip3Xslope3XSMS2ORgossip2Xslope2XSMS3ORgossip3Xslope2XSMS3ORgossip2Xslope3XSMS3ORgossip3Xslope3XSMS3188","(Info Hubs (All), Slopes (All), SMS (All))",-0.00398178684051279,7.54234442524345e-07,188,"1 9 13 31 46 61 70",1
"POOLED_gossip2Xflat2ORgossip3Xflat2ORgossip2Xflat3ORgossip3Xflat3188","(Info Hubs (All), Flats (All), No Reminder)",-0.0146078001847374,0.00332471935727998,189,"1 9 13 31 46 61 70",1
"POOLED_gossip2XSMS2ORgossip3XSMS2ORgossip2XSMS3ORgossip3XSMS3180","(Info Hubs (All), No Incentives, SMS (All))",0.00369586141544735,1.50658424910614e-05,189,"1 9 13 31 46 61 70",1
"POOLED_Xslope2XSMS2ORXslope3XSMS2ORXslope2XSMS3ORXslope3XSMS3189","(No Seeds, Slopes (All), SMS (All))",-0.00616009026056535,5.08585684007398e-08,189,"1 9 13 31 46 61 70",1
"POOLED_Xflat3XSMS2ORXflat3XSMS3180","(No Seeds, High Flats, SMS (All))",-0.00651102771423174,7.43775605391668e-08,189,"1 9 13 31 46 61 70",1
"POOLED_random0Xslope2XSMS2ORrandom0Xslope3XSMS2ORrandom0Xslope2XSMS3ORrandom0Xslope3XSMS3189","(Random Seeds, Slopes (All), SMS (All))",-0.00630378169321241,2.94182273560501e-10,189,"1 9 13 31 46 61 70",1
"POOLED_trusted0Xslope2XSMS2ORtrusted0Xslope3XSMS2ORtrusted0Xslope2XSMS3ORtrusted0Xslope3XSMS3189","(Trusted Seeds, Slopes (All), SMS (All))",-0.00521864640884763,2.81587367230807e-08,189,"1 9 13 31 46 61 70",1
"POOLED_gossip2Xslope2XSMS2ORgossip3Xslope2XSMS2ORgossip2Xslope3XSMS2ORgossip3Xslope3XSMS2ORgossip2Xslope2XSMS3ORgossip3Xslope2XSMS3ORgossip2Xslope3XSMS3ORgossip3Xslope3XSMS3189","(Info Hubs (All), Slopes (All), SMS (All))",-0.00469233248134131,0.000161975188478533,189,"1 9 13 31 46 61 70",1
"POOLED_gossip2Xflat2ORgossip3Xflat2ORgossip2Xflat3ORgossip3Xflat3189","(Info Hubs (All), Flats (All), No Reminder)",-0.0121443285974627,0.00186301227188481,190,"1 9 13 31 46 61 70",1
"POOLED_gossip2XSMS2ORgossip3XSMS2ORgossip2XSMS3ORgossip3XSMS3181","(Info Hubs (All), No Incentives, SMS (All))",0.00426118725696151,1.10048794985804e-08,190,"1 9 13 31 46 61 70",1
"POOLED_Xslope2XSMS2ORXslope3XSMS2ORXslope2XSMS3ORXslope3XSMS3190","(No Seeds, Slopes (All), SMS (All))",-0.00586855974871382,4.71536855303368e-10,190,"1 9 13 31 46 61 70",1
"POOLED_Xflat3XSMS2ORXflat3XSMS3181","(No Seeds, High Flats, SMS (All))",-0.00665237851606141,7.64177461401095e-07,190,"1 9 13 31 46 61 70",1
"POOLED_random0Xslope2XSMS2ORrandom0Xslope3XSMS2ORrandom0Xslope2XSMS3ORrandom0Xslope3XSMS3190","(Random Seeds, Slopes (All), SMS (All))",-0.00640471248190664,2.99082209100532e-10,190,"1 9 13 31 46 61 70",1
"POOLED_trusted0Xslope2XSMS2ORtrusted0Xslope3XSMS2ORtrusted0Xslope2XSMS3ORtrusted0Xslope3XSMS3190","(Trusted Seeds, Slopes (All), SMS (All))",-0.00549835997207461,5.3457020999639e-11,190,"1 9 13 31 46 61 70",1
"POOLED_gossip2Xslope2XSMS2ORgossip3Xslope2XSMS2ORgossip2Xslope3XSMS2ORgossip3Xslope3XSMS2ORgossip2Xslope2XSMS3ORgossip3Xslope2XSMS3ORgossip2Xslope3XSMS3ORgossip3Xslope3XSMS3190","(Info Hubs (All), Slopes (All), SMS (All))",-0.00504145679828724,8.74706353175744e-07,190,"1 9 13 31 46 61 70",1
"POOLED_gossip2Xflat2ORgossip3Xflat2ORgossip2Xflat3ORgossip3Xflat3190","(Info Hubs (All), Flats (All), No Reminder)",-0.0125558864809178,0.000146999149263523,191,"1 9 13 31 46 61 70",1
"POOLED_gossip2XSMS2ORgossip3XSMS2ORgossip2XSMS3ORgossip3XSMS3182","(Info Hubs (All), No Incentives, SMS (All))",0.00396278111506971,5.97052738546901e-07,191,"1 9 13 31 46 61 70",1
"POOLED_Xslope2XSMS2ORXslope3XSMS2ORXslope2XSMS3ORXslope3XSMS3191","(No Seeds, Slopes (All), SMS (All))",-0.00551807138837982,2.77197574265904e-09,191,"1 9 13 31 46 61 70",1
"POOLED_Xflat3XSMS2ORXflat3XSMS3182","(No Seeds, High Flats, SMS (All))",-0.00564341175059495,1.15874981742327e-07,191,"1 9 13 31 46 61 70",1
"POOLED_random0Xslope2XSMS2ORrandom0Xslope3XSMS2ORrandom0Xslope2XSMS3ORrandom0Xslope3XSMS3191","(Random Seeds, Slopes (All), SMS (All))",-0.0067120553820211,5.15331450557186e-08,191,"1 9 13 31 46 61 70",1
"POOLED_trusted0Xslope2XSMS2ORtrusted0Xslope3XSMS2ORtrusted0Xslope2XSMS3ORtrusted0Xslope3XSMS3191","(Trusted Seeds, Slopes (All), SMS (All))",-0.00586851967336331,1.59885662047608e-08,191,"1 9 13 31 46 61 70",1
"POOLED_gossip2Xslope2XSMS2ORgossip3Xslope2XSMS2ORgossip2Xslope3XSMS2ORgossip3Xslope3XSMS2ORgossip2Xslope2XSMS3ORgossip3Xslope2XSMS3ORgossip2Xslope3XSMS3ORgossip3Xslope3XSMS3191","(Info Hubs (All), Slopes (All), SMS (All))",-0.00530286328399228,6.51663595786341e-08,191,"1 9 13 31 46 61 70",1
"POOLED_gossip2Xflat2ORgossip3Xflat2ORgossip2Xflat3ORgossip3Xflat3191","(Info Hubs (All), Flats (All), No Reminder)",-0.013990377023337,0.000923624476490914,192,"1 9 13 31 46 61 70",1
"POOLED_gossip2XSMS2ORgossip3XSMS2ORgossip2XSMS3ORgossip3XSMS3183","(Info Hubs (All), No Incentives, SMS (All))",0.00466733210252116,1.06319756496703e-09,192,"1 9 13 31 46 61 70",1
"POOLED_Xslope2XSMS2ORXslope3XSMS2ORXslope2XSMS3ORXslope3XSMS3192","(No Seeds, Slopes (All), SMS (All))",-0.00527463009051862,1.29163740881033e-07,192,"1 9 13 31 46 61 70",1
"POOLED_Xflat3XSMS2ORXflat3XSMS3183","(No Seeds, High Flats, SMS (All))",-0.00579387327936819,4.4694750146807e-05,192,"1 9 13 31 46 61 70",1
"POOLED_random0Xslope2XSMS2ORrandom0Xslope3XSMS2ORrandom0Xslope2XSMS3ORrandom0Xslope3XSMS3192","(Random Seeds, Slopes (All), SMS (All))",-0.00607882492289579,6.26585098886882e-08,192,"1 9 13 31 46 61 70",1
"POOLED_trusted0Xslope2XSMS2ORtrusted0Xslope3XSMS2ORtrusted0Xslope2XSMS3ORtrusted0Xslope3XSMS3192","(Trusted Seeds, Slopes (All), SMS (All))",-0.00490560852763143,3.41318264269837e-06,192,"1 9 13 31 46 61 70",1
"POOLED_gossip2Xslope2XSMS2ORgossip3Xslope2XSMS2ORgossip2Xslope3XSMS2ORgossip3Xslope3XSMS2ORgossip2Xslope2XSMS3ORgossip3Xslope2XSMS3ORgossip2Xslope3XSMS3ORgossip3Xslope3XSMS3192","(Info Hubs (All), Slopes (All), SMS (All))",-0.0037611049287443,9.29996744820886e-05,192,"1 9 13 31 46 61 70",1
"POOLED_gossip2Xflat2ORgossip3Xflat2ORgossip2Xflat3ORgossip3Xflat3192","(Info Hubs (All), Flats (All), No Reminder)",-0.0123593816701594,0.00137976480876581,193,"1 9 13 31 46 61 70",1
"POOLED_gossip2XSMS2ORgossip3XSMS2ORgossip2XSMS3ORgossip3XSMS3184","(Info Hubs (All), No Incentives, SMS (All))",0.00418882542273663,5.25040686087254e-08,193,"1 9 13 31 46 61 70",1
"POOLED_Xslope2XSMS2ORXslope3XSMS2ORXslope2XSMS3ORXslope3XSMS3193","(No Seeds, Slopes (All), SMS (All))",-0.00598396462341274,1.93692415728081e-08,193,"1 9 13 31 46 61 70",1
"POOLED_Xflat3XSMS2ORXflat3XSMS3184","(No Seeds, High Flats, SMS (All))",-0.00513357904246845,4.65520260422441e-06,193,"1 9 13 31 46 61 70",1
"POOLED_random0Xslope2XSMS2ORrandom0Xslope3XSMS2ORrandom0Xslope2XSMS3ORrandom0Xslope3XSMS3193","(Random Seeds, Slopes (All), SMS (All))",-0.00688480061707984,4.74821707348396e-10,193,"1 9 13 31 46 61 70",1
"POOLED_trusted0Xslope2XSMS2ORtrusted0Xslope3XSMS2ORtrusted0Xslope2XSMS3ORtrusted0Xslope3XSMS3193","(Trusted Seeds, Slopes (All), SMS (All))",-0.00573590853426129,9.36613418353935e-07,193,"1 9 13 31 46 61 70",1
"POOLED_gossip2Xslope2XSMS2ORgossip3Xslope2XSMS2ORgossip2Xslope3XSMS2ORgossip3Xslope3XSMS2ORgossip2Xslope2XSMS3ORgossip3Xslope2XSMS3ORgossip2Xslope3XSMS3ORgossip3Xslope3XSMS3193","(Info Hubs (All), Slopes (All), SMS (All))",-0.00458066639817736,3.37012930319178e-07,193,"1 9 13 31 46 61 70",1
"POOLED_gossip2Xflat2ORgossip3Xflat2ORgossip2Xflat3ORgossip3Xflat3193","(Info Hubs (All), Flats (All), No Reminder)",-0.0124491829707526,0.00553933094704177,194,"1 9 13 31 46 61 70",1
"POOLED_gossip2XSMS2ORgossip3XSMS2ORgossip2XSMS3ORgossip3XSMS3185","(Info Hubs (All), No Incentives, SMS (All))",0.0033562579377341,0.000114105675735644,194,"1 9 13 31 46 61 70",1
"POOLED_Xslope2XSMS2ORXslope3XSMS2ORXslope2XSMS3ORXslope3XSMS3194","(No Seeds, Slopes (All), SMS (All))",-0.00600405158224069,6.28630111768062e-09,194,"1 9 13 31 46 61 70",1
"POOLED_Xflat3XSMS2ORXflat3XSMS3185","(No Seeds, High Flats, SMS (All))",-0.00695892336743045,1.26687809760372e-05,194,"1 9 13 31 46 61 70",1
"POOLED_random0Xslope2XSMS2ORrandom0Xslope3XSMS2ORrandom0Xslope2XSMS3ORrandom0Xslope3XSMS3194","(Random Seeds, Slopes (All), SMS (All))",-0.00676907667261519,2.57492104118025e-08,194,"1 9 13 31 46 61 70",1
"POOLED_trusted0Xslope2XSMS2ORtrusted0Xslope3XSMS2ORtrusted0Xslope2XSMS3ORtrusted0Xslope3XSMS3194","(Trusted Seeds, Slopes (All), SMS (All))",-0.00639421044172498,1.60215262523008e-09,194,"1 9 13 31 46 61 70",1
"POOLED_gossip2Xslope2XSMS2ORgossip3Xslope2XSMS2ORgossip2Xslope3XSMS2ORgossip3Xslope3XSMS2ORgossip2Xslope2XSMS3ORgossip3Xslope2XSMS3ORgossip2Xslope3XSMS3ORgossip3Xslope3XSMS3194","(Info Hubs (All), Slopes (All), SMS (All))",-0.00446007977318088,3.05518859512396e-07,194,"1 9 13 31 46 61 70",1
"POOLED_gossip2Xflat2ORgossip3Xflat2ORgossip2Xflat3ORgossip3Xflat3194","(Info Hubs (All), Flats (All), No Reminder)",-0.0117428361576939,0.0134704143690567,195,"1 9 13 31 46 61 70",1
"POOLED_gossip2XSMS2ORgossip3XSMS2ORgossip2XSMS3ORgossip3XSMS3186","(Info Hubs (All), No Incentives, SMS (All))",0.00446310701481847,2.54901846112381e-09,195,"1 9 13 31 46 61 70",1
"POOLED_Xslope2XSMS2ORXslope3XSMS2ORXslope2XSMS3ORXslope3XSMS3195","(No Seeds, Slopes (All), SMS (All))",-0.00609777430292784,1.3750291028062e-08,195,"1 9 13 31 46 61 70",1
"POOLED_Xflat3XSMS2ORXflat3XSMS3186","(No Seeds, High Flats, SMS (All))",-0.00669685857824794,4.2843481616635e-05,195,"1 9 13 31 46 61 70",1
"POOLED_random0Xslope2XSMS2ORrandom0Xslope3XSMS2ORrandom0Xslope2XSMS3ORrandom0Xslope3XSMS3195","(Random Seeds, Slopes (All), SMS (All))",-0.00619358384060777,3.18323122613561e-09,195,"1 9 13 31 46 61 70",1
"POOLED_trusted0Xslope2XSMS2ORtrusted0Xslope3XSMS2ORtrusted0Xslope2XSMS3ORtrusted0Xslope3XSMS3195","(Trusted Seeds, Slopes (All), SMS (All))",-0.00552865319275703,2.3428525776188e-06,195,"1 9 13 31 46 61 70",1
"POOLED_gossip2Xslope2XSMS2ORgossip3Xslope2XSMS2ORgossip2Xslope3XSMS2ORgossip3Xslope3XSMS2ORgossip2Xslope2XSMS3ORgossip3Xslope2XSMS3ORgossip2Xslope3XSMS3ORgossip3Xslope3XSMS3195","(Info Hubs (All), Slopes (All), SMS (All))",-0.00407516982972678,7.63666910825195e-09,195,"1 9 13 31 46 61 70",1
"POOLED_gossip2Xflat2ORgossip3Xflat2ORgossip2Xflat3ORgossip3Xflat3195","(Info Hubs (All), Flats (All), No Reminder)",-0.0127463998566591,0.00039209455403606,196,"1 9 13 31 46 61 70",1
"POOLED_gossip2XSMS2ORgossip3XSMS2ORgossip2XSMS3ORgossip3XSMS3187","(Info Hubs (All), No Incentives, SMS (All))",0.00425431407593366,4.16711233142024e-08,196,"1 9 13 31 46 61 70",1
"POOLED_Xslope2XSMS2ORXslope3XSMS2ORXslope2XSMS3ORXslope3XSMS3196","(No Seeds, Slopes (All), SMS (All))",-0.00599609577196329,1.14691278963552e-08,196,"1 9 13 31 46 61 70",1
"POOLED_Xflat3XSMS2ORXflat3XSMS3187","(No Seeds, High Flats, SMS (All))",-0.00715452813814908,1.66315738447552e-06,196,"1 9 13 31 46 61 70",1
"POOLED_random0Xslope2XSMS2ORrandom0Xslope3XSMS2ORrandom0Xslope2XSMS3ORrandom0Xslope3XSMS3196","(Random Seeds, Slopes (All), SMS (All))",-0.00611185916479807,4.41197542137997e-08,196,"1 9 13 31 46 61 70",1
"POOLED_trusted0Xslope2XSMS2ORtrusted0Xslope3XSMS2ORtrusted0Xslope2XSMS3ORtrusted0Xslope3XSMS3196","(Trusted Seeds, Slopes (All), SMS (All))",-0.00590058449418667,1.20649649609149e-07,196,"1 9 13 31 46 61 70",1
"POOLED_gossip2Xslope2XSMS2ORgossip3Xslope2XSMS2ORgossip2Xslope3XSMS2ORgossip3Xslope3XSMS2ORgossip2Xslope2XSMS3ORgossip3Xslope2XSMS3ORgossip2Xslope3XSMS3ORgossip3Xslope3XSMS3196","(Info Hubs (All), Slopes (All), SMS (All))",-0.0039292657977711,4.30381682450909e-06,196,"1 9 13 31 46 61 70",1
"POOLED_gossip2Xflat2ORgossip3Xflat2ORgossip2Xflat3ORgossip3Xflat3196","(Info Hubs (All), Flats (All), No Reminder)",-0.0137947089279938,0.000925722997941651,197,"1 9 13 31 46 61 70",1
"POOLED_gossip2XSMS2ORgossip3XSMS2ORgossip2XSMS3ORgossip3XSMS3188","(Info Hubs (All), No Incentives, SMS (All))",0.00415788289922349,1.0817948758199e-07,197,"1 9 13 31 46 61 70",1
"POOLED_Xslope2XSMS2ORXslope3XSMS2ORXslope2XSMS3ORXslope3XSMS3197","(No Seeds, Slopes (All), SMS (All))",-0.00556324510676289,2.12828212767723e-09,197,"1 9 13 31 46 61 70",1
"POOLED_Xflat3XSMS2ORXflat3XSMS3188","(No Seeds, High Flats, SMS (All))",-0.00626478975942151,4.05654471017705e-07,197,"1 9 13 31 46 61 70",1
"POOLED_random0Xslope2XSMS2ORrandom0Xslope3XSMS2ORrandom0Xslope2XSMS3ORrandom0Xslope3XSMS3197","(Random Seeds, Slopes (All), SMS (All))",-0.00699542804543203,2.99116767587846e-09,197,"1 9 13 31 46 61 70",1
"POOLED_trusted0Xslope2XSMS2ORtrusted0Xslope3XSMS2ORtrusted0Xslope2XSMS3ORtrusted0Xslope3XSMS3197","(Trusted Seeds, Slopes (All), SMS (All))",-0.00483797323869811,2.00254406250236e-09,197,"1 9 13 31 46 61 70",1
"POOLED_gossip2Xslope2XSMS2ORgossip3Xslope2XSMS2ORgossip2Xslope3XSMS2ORgossip3Xslope3XSMS2ORgossip2Xslope2XSMS3ORgossip3Xslope2XSMS3ORgossip2Xslope3XSMS3ORgossip3Xslope3XSMS3197","(Info Hubs (All), Slopes (All), SMS (All))",-0.00413795953903022,1.28746868842642e-08,197,"1 9 13 31 46 61 70",1
"POOLED_gossip2Xflat2ORgossip3Xflat2ORgossip2Xflat3ORgossip3Xflat3197","(Info Hubs (All), Flats (All), No Reminder)",-0.0119330852217392,0.00083679444863688,198,"1 9 13 31 46 61 70",1
"POOLED_gossip2XSMS2ORgossip3XSMS2ORgossip2XSMS3ORgossip3XSMS3189","(Info Hubs (All), No Incentives, SMS (All))",0.00386138531504712,7.17061751880408e-06,198,"1 9 13 31 46 61 70",1
"POOLED_Xslope2XSMS2ORXslope3XSMS2ORXslope2XSMS3ORXslope3XSMS3198","(No Seeds, Slopes (All), SMS (All))",-0.00688821832117567,3.37367474651399e-06,198,"1 9 13 31 46 61 70",1
"POOLED_Xflat3XSMS2ORXflat3XSMS3189","(No Seeds, High Flats, SMS (All))",-0.00729322720139891,1.30631303921279e-05,198,"1 9 13 31 46 61 70",1
"POOLED_random0Xslope2XSMS2ORrandom0Xslope3XSMS2ORrandom0Xslope2XSMS3ORrandom0Xslope3XSMS3198","(Random Seeds, Slopes (All), SMS (All))",-0.00792159104681399,1.79912984035254e-09,198,"1 9 13 31 46 61 70",1
"POOLED_trusted0Xslope2XSMS2ORtrusted0Xslope3XSMS2ORtrusted0Xslope2XSMS3ORtrusted0Xslope3XSMS3198","(Trusted Seeds, Slopes (All), SMS (All))",-0.00563688431138832,3.1823745455605e-08,198,"1 9 13 31 46 61 70",1
"POOLED_gossip2Xslope2XSMS2ORgossip3Xslope2XSMS2ORgossip2Xslope3XSMS2ORgossip3Xslope3XSMS2ORgossip2Xslope2XSMS3ORgossip3Xslope2XSMS3ORgossip2Xslope3XSMS3ORgossip3Xslope3XSMS3198","(Info Hubs (All), Slopes (All), SMS (All))",-0.0050489161327782,1.5716779001229e-08,198,"1 9 13 31 46 61 70",1
"POOLED_gossip2Xflat2ORgossip3Xflat2ORgossip2Xflat3ORgossip3Xflat3198","(Info Hubs (All), Flats (All), No Reminder)",-0.0141409531365494,0.000877974201519765,199,"1 9 13 31 46 61 70",1
"POOLED_gossip2XSMS2ORgossip3XSMS2ORgossip2XSMS3ORgossip3XSMS3190","(Info Hubs (All), No Incentives, SMS (All))",0.00364510151872645,4.54559662259392e-06,199,"1 9 13 31 46 61 70",1
"POOLED_Xslope2XSMS2ORXslope3XSMS2ORXslope2XSMS3ORXslope3XSMS3199","(No Seeds, Slopes (All), SMS (All))",-0.00593035816286066,4.01595384343828e-10,199,"1 9 13 31 46 61 70",1
"POOLED_Xflat3XSMS2ORXflat3XSMS3190","(No Seeds, High Flats, SMS (All))",-0.00650962563823919,6.77420103616989e-07,199,"1 9 13 31 46 61 70",1
"POOLED_random0Xslope2XSMS2ORrandom0Xslope3XSMS2ORrandom0Xslope2XSMS3ORrandom0Xslope3XSMS3199","(Random Seeds, Slopes (All), SMS (All))",-0.00663420618858309,6.47254756932845e-12,199,"1 9 13 31 46 61 70",1
"POOLED_trusted0Xslope2XSMS2ORtrusted0Xslope3XSMS2ORtrusted0Xslope2XSMS3ORtrusted0Xslope3XSMS3199","(Trusted Seeds, Slopes (All), SMS (All))",-0.00581242730132499,1.51930110170276e-06,199,"1 9 13 31 46 61 70",1
"POOLED_gossip2Xslope2XSMS2ORgossip3Xslope2XSMS2ORgossip2Xslope3XSMS2ORgossip3Xslope3XSMS2ORgossip2Xslope2XSMS3ORgossip3Xslope2XSMS3ORgossip2Xslope3XSMS3ORgossip3Xslope3XSMS3199","(Info Hubs (All), Slopes (All), SMS (All))",-0.0048501271569266,7.91748824120898e-07,199,"1 9 13 31 46 61 70",1
"POOLED_gossip2Xflat2ORgossip3Xflat2ORgossip2Xflat3ORgossip3Xflat3199","(Info Hubs (All), Flats (All), No Reminder)",-0.0128014809972153,0.00415539610360363,200,"1 9 13 31 46 61 70",1
"POOLED_gossip2XSMS2ORgossip3XSMS2ORgossip2XSMS3ORgossip3XSMS3191","(Info Hubs (All), No Incentives, SMS (All))",0.00472929235498651,1.15055866211331e-10,200,"1 9 13 31 46 61 70",1
"POOLED_Xslope2XSMS2ORXslope3XSMS2ORXslope2XSMS3ORXslope3XSMS3200","(No Seeds, Slopes (All), SMS (All))",-0.00562421208552713,1.088628148501e-09,200,"1 9 13 31 46 61 70",1
"POOLED_Xflat3XSMS2ORXflat3XSMS3191","(No Seeds, High Flats, SMS (All))",-0.0069831803618084,3.7440787116135e-06,200,"1 9 13 31 46 61 70",1
"POOLED_random0Xslope2XSMS2ORrandom0Xslope3XSMS2ORrandom0Xslope2XSMS3ORrandom0Xslope3XSMS3200","(Random Seeds, Slopes (All), SMS (All))",-0.00648497861198611,9.78944456406791e-10,200,"1 9 13 31 46 61 70",1
"POOLED_trusted0Xslope2XSMS2ORtrusted0Xslope3XSMS2ORtrusted0Xslope2XSMS3ORtrusted0Xslope3XSMS3200","(Trusted Seeds, Slopes (All), SMS (All))",-0.00519241676188577,9.91337923638593e-08,200,"1 9 13 31 46 61 70",1
"POOLED_gossip2Xslope2XSMS2ORgossip3Xslope2XSMS2ORgossip2Xslope3XSMS2ORgossip3Xslope3XSMS2ORgossip2Xslope2XSMS3ORgossip3Xslope2XSMS3ORgossip2Xslope3XSMS3ORgossip3Xslope3XSMS3200","(Info Hubs (All), Slopes (All), SMS (All))",-0.0036703031079144,3.86442693121967e-05,200,"1 9 13 31 46 61 70",1
