"","pl_names","pl_effects","pl_pval","sample","support_indices","support_category"
"POOLED_Xslope3XSMS2ORXslope3XSMS3","(No Seeds, High Slopes, SMS (All))",2.67889693057851,0.145387921680484,0,"1 16 49 64",0
"POOLED_trusted0Xslope3XSMS2ORtrusted0Xslope3XSMS3","(Trusted Seeds, High Slope, SMS (All))",3.23700978994017,0.00917886681929709,0,"1 16 49 64",0
"POOLED_gossip2Xslope2XSMS2ORgossip2Xslope3XSMS2ORgossip2Xslope2XSMS3ORgossip2Xslope3XSMS3","(Info Hubs, Slopes (All), SMS (All))",4.02288352361475,0.00052460627877544,0,"1 16 49 64",0
"POOLED_gossip3Xslope2XSMS2ORgossip3Xslope3XSMS2ORgossip3Xslope2XSMS3ORgossip3Xslope3XSMS3","(Trusted Info Hubs, Slopes (All), SMS (All))",-0.482919884589883,0.515422565297637,0,"1 16 49 64",0
"POOLED_Xslope3XSMS2ORXslope3XSMS31","(No Seeds, High Slopes, SMS (All))",2.82085834164908,0.12159066770929,1,"1 16 49 64",1
"POOLED_trusted0Xslope3XSMS2ORtrusted0Xslope3XSMS31","(Trusted Seeds, High Slope, SMS (All))",3.05582217041429,0.0333754037830398,1,"1 16 49 64",1
"POOLED_gossip2Xslope2XSMS2ORgossip2Xslope3XSMS2ORgossip2Xslope2XSMS3ORgossip2Xslope3XSMS31","(Info Hubs, Slopes (All), SMS (All))",3.62947164038001,0.00260311064841108,1,"1 16 49 64",1
"POOLED_gossip3Xslope2XSMS2ORgossip3Xslope3XSMS2ORgossip3Xslope2XSMS3ORgossip3Xslope3XSMS31","(Trusted Info Hubs, Slopes (All), SMS (All))",0.0462614047185811,0.960554676511016,1,"1 16 49 64",1
"POOLED_Xslope3XSMS2ORXslope3XSMS32","(No Seeds, High Slopes, SMS (All))",1.72950742487495,0.254283880300558,2,"1 16 49 64",1
"POOLED_trusted0Xslope3XSMS2ORtrusted0Xslope3XSMS32","(Trusted Seeds, High Slope, SMS (All))",3.79152921814361,0.014905465691666,2,"1 16 49 64",1
"POOLED_gossip2Xslope2XSMS2ORgossip2Xslope3XSMS2ORgossip2Xslope2XSMS3ORgossip2Xslope3XSMS32","(Info Hubs, Slopes (All), SMS (All))",4.12573894140148,0.00106235433922112,2,"1 16 49 64",1
"POOLED_gossip3Xslope2XSMS2ORgossip3Xslope3XSMS2ORgossip3Xslope2XSMS3ORgossip3Xslope3XSMS32","(Trusted Info Hubs, Slopes (All), SMS (All))",-0.556632327077031,0.525146230463597,2,"1 16 49 64",1
"POOLED_Xslope3XSMS2ORXslope3XSMS33","(No Seeds, High Slopes, SMS (All))",2.45959867257485,0.215703430003742,3,"1 16 49 64",1
"POOLED_trusted0Xslope3XSMS2ORtrusted0Xslope3XSMS33","(Trusted Seeds, High Slope, SMS (All))",2.1882582883474,0.0482002227169773,3,"1 16 49 64",1
"POOLED_gossip2Xslope2XSMS2ORgossip2Xslope3XSMS2ORgossip2Xslope2XSMS3ORgossip2Xslope3XSMS33","(Info Hubs, Slopes (All), SMS (All))",4.07367985143991,0.000891071819462081,3,"1 16 49 64",1
"POOLED_gossip3Xslope2XSMS2ORgossip3Xslope3XSMS2ORgossip3Xslope2XSMS3ORgossip3Xslope3XSMS33","(Trusted Info Hubs, Slopes (All), SMS (All))",0.251356039516834,0.771510472025491,3,"1 16 49 64",1
"POOLED_Xslope3XSMS2ORXslope3XSMS34","(No Seeds, High Slopes, SMS (All))",2.67340154506838,0.192044116137343,4,"1 16 49 64",1
"POOLED_trusted0Xslope3XSMS2ORtrusted0Xslope3XSMS34","(Trusted Seeds, High Slope, SMS (All))",3.50650611070078,0.0265925029510115,4,"1 16 49 64",1
"POOLED_gossip2Xslope2XSMS2ORgossip2Xslope3XSMS2ORgossip2Xslope2XSMS3ORgossip2Xslope3XSMS34","(Info Hubs, Slopes (All), SMS (All))",3.66029594501967,5.46620606457688e-05,4,"1 16 49 64",1
"POOLED_gossip3Xslope2XSMS2ORgossip3Xslope3XSMS2ORgossip3Xslope2XSMS3ORgossip3Xslope3XSMS34","(Trusted Info Hubs, Slopes (All), SMS (All))",0.0272582051070062,0.979337650699341,4,"1 16 49 64",1
"POOLED_Xslope3XSMS2ORXslope3XSMS35","(No Seeds, High Slopes, SMS (All))",3.52287796177826,0.0515588047642879,5,"1 16 49 64",1
"POOLED_trusted0Xslope3XSMS2ORtrusted0Xslope3XSMS35","(Trusted Seeds, High Slope, SMS (All))",2.99785861025808,0.0284125335093053,5,"1 16 49 64",1
"POOLED_gossip2Xslope2XSMS2ORgossip2Xslope3XSMS2ORgossip2Xslope2XSMS3ORgossip2Xslope3XSMS35","(Info Hubs, Slopes (All), SMS (All))",4.55733949732199,0.000322540902868344,5,"1 16 49 64",1
"POOLED_gossip3Xslope2XSMS2ORgossip3Xslope3XSMS2ORgossip3Xslope2XSMS3ORgossip3Xslope3XSMS35","(Trusted Info Hubs, Slopes (All), SMS (All))",-0.588137369226692,0.56840483893907,5,"1 16 49 64",1
"POOLED_Xslope3XSMS2ORXslope3XSMS36","(No Seeds, High Slopes, SMS (All))",2.04656475572417,0.122809496146517,6,"1 16 49 64",1
"POOLED_trusted0Xslope3XSMS2ORtrusted0Xslope3XSMS36","(Trusted Seeds, High Slope, SMS (All))",2.96000501760473,0.0589167989116864,6,"1 16 49 64",1
"POOLED_gossip2Xslope2XSMS2ORgossip2Xslope3XSMS2ORgossip2Xslope2XSMS3ORgossip2Xslope3XSMS36","(Info Hubs, Slopes (All), SMS (All))",3.93766448136604,0.00355430733673906,6,"1 16 49 64",1
"POOLED_gossip3Xslope2XSMS2ORgossip3Xslope3XSMS2ORgossip3Xslope2XSMS3ORgossip3Xslope3XSMS36","(Trusted Info Hubs, Slopes (All), SMS (All))",-0.900997087096305,0.275385077785894,6,"1 16 49 64",1
"POOLED_Xslope3XSMS2ORXslope3XSMS37","(No Seeds, High Slopes, SMS (All))",2.29678055907588,0.213357594150469,7,"1 16 49 64",1
"POOLED_trusted0Xslope3XSMS2ORtrusted0Xslope3XSMS37","(Trusted Seeds, High Slope, SMS (All))",3.27281606364235,0.0109120437300003,7,"1 16 49 64",1
"POOLED_gossip2Xslope2XSMS2ORgossip2Xslope3XSMS2ORgossip2Xslope2XSMS3ORgossip2Xslope3XSMS37","(Info Hubs, Slopes (All), SMS (All))",4.87258229459603,0.000324961921631409,7,"1 16 49 64",1
"POOLED_gossip3Xslope2XSMS2ORgossip3Xslope3XSMS2ORgossip3Xslope2XSMS3ORgossip3Xslope3XSMS37","(Trusted Info Hubs, Slopes (All), SMS (All))",-0.700533909690864,0.354672891469613,7,"1 16 49 64",1
"POOLED_Xslope3XSMS2ORXslope3XSMS38","(No Seeds, High Slopes, SMS (All))",0.42017527410626,0.709831105067594,8,"1 16 49 64",1
"POOLED_trusted0Xslope3XSMS2ORtrusted0Xslope3XSMS38","(Trusted Seeds, High Slope, SMS (All))",3.36941443892423,0.0439984376530737,8,"1 16 49 64",1
"POOLED_gossip2Xslope2XSMS2ORgossip2Xslope3XSMS2ORgossip2Xslope2XSMS3ORgossip2Xslope3XSMS38","(Info Hubs, Slopes (All), SMS (All))",4.20787304624945,0.0013343505796895,8,"1 16 49 64",1
"POOLED_gossip3Xslope2XSMS2ORgossip3Xslope3XSMS2ORgossip3Xslope2XSMS3ORgossip3Xslope3XSMS38","(Trusted Info Hubs, Slopes (All), SMS (All))",-0.027450236944233,0.976121689418455,8,"1 16 49 64",1
"POOLED_Xslope3XSMS2ORXslope3XSMS39","(No Seeds, High Slopes, SMS (All))",2.08159879608652,0.316083341368095,9,"1 16 49 64",1
"POOLED_trusted0Xslope3XSMS2ORtrusted0Xslope3XSMS39","(Trusted Seeds, High Slope, SMS (All))",2.89125818241042,0.0119914283352332,9,"1 16 49 64",1
"POOLED_gossip2Xslope2XSMS2ORgossip2Xslope3XSMS2ORgossip2Xslope2XSMS3ORgossip2Xslope3XSMS39","(Info Hubs, Slopes (All), SMS (All))",3.88266312831164,0.00990362520249729,9,"1 16 49 64",1
"POOLED_gossip3Xslope2XSMS2ORgossip3Xslope3XSMS2ORgossip3Xslope2XSMS3ORgossip3Xslope3XSMS39","(Trusted Info Hubs, Slopes (All), SMS (All))",-0.543061541634239,0.523195472745207,9,"1 16 49 64",1
"POOLED_Xslope3XSMS2ORXslope3XSMS310","(No Seeds, High Slopes, SMS (All))",3.33177236602288,0.150625207540377,10,"1 16 49 64",1
"POOLED_trusted0Xslope3XSMS2ORtrusted0Xslope3XSMS310","(Trusted Seeds, High Slope, SMS (All))",3.35753245325441,0.0259090248746923,10,"1 16 49 64",1
"POOLED_gossip2Xslope2XSMS2ORgossip2Xslope3XSMS2ORgossip2Xslope2XSMS3ORgossip2Xslope3XSMS310","(Info Hubs, Slopes (All), SMS (All))",3.57027776152112,0.00111936626843058,10,"1 16 49 64",1
"POOLED_gossip3Xslope2XSMS2ORgossip3Xslope3XSMS2ORgossip3Xslope2XSMS3ORgossip3Xslope3XSMS310","(Trusted Info Hubs, Slopes (All), SMS (All))",-0.721327138062139,0.371974741948504,10,"1 16 49 64",1
"POOLED_Xslope3XSMS2ORXslope3XSMS311","(No Seeds, High Slopes, SMS (All))",1.49054834773212,0.302834832673029,11,"1 16 49 64",1
"POOLED_trusted0Xslope3XSMS2ORtrusted0Xslope3XSMS311","(Trusted Seeds, High Slope, SMS (All))",2.46200028025601,0.0906494641439079,11,"1 16 49 64",1
"POOLED_gossip2Xslope2XSMS2ORgossip2Xslope3XSMS2ORgossip2Xslope2XSMS3ORgossip2Xslope3XSMS311","(Info Hubs, Slopes (All), SMS (All))",3.92218493592575,0.00535099311601767,11,"1 16 49 64",1
"POOLED_gossip3Xslope2XSMS2ORgossip3Xslope3XSMS2ORgossip3Xslope2XSMS3ORgossip3Xslope3XSMS311","(Trusted Info Hubs, Slopes (All), SMS (All))",-0.866615979371506,0.24268530704375,11,"1 16 49 64",1
"POOLED_Xslope3XSMS2ORXslope3XSMS312","(No Seeds, High Slopes, SMS (All))",4.12167439402568,0.112016343225879,12,"1 16 49 64",1
"POOLED_trusted0Xslope3XSMS2ORtrusted0Xslope3XSMS312","(Trusted Seeds, High Slope, SMS (All))",3.87226185933065,0.00703632291820265,12,"1 16 49 64",1
"POOLED_gossip2Xslope2XSMS2ORgossip2Xslope3XSMS2ORgossip2Xslope2XSMS3ORgossip2Xslope3XSMS312","(Info Hubs, Slopes (All), SMS (All))",4.6600492327354,1.73519884721013e-05,12,"1 16 49 64",1
"POOLED_gossip3Xslope2XSMS2ORgossip3Xslope3XSMS2ORgossip3Xslope2XSMS3ORgossip3Xslope3XSMS312","(Trusted Info Hubs, Slopes (All), SMS (All))",-1.2492811657727,0.099489442621581,12,"1 16 49 64",1
"POOLED_Xslope3XSMS2ORXslope3XSMS313","(No Seeds, High Slopes, SMS (All))",3.14146590993552,0.106934793038732,13,"1 16 49 64",1
"POOLED_trusted0Xslope3XSMS2ORtrusted0Xslope3XSMS313","(Trusted Seeds, High Slope, SMS (All))",3.66248676083597,0.0062792110748417,13,"1 16 49 64",1
"POOLED_gossip2Xslope2XSMS2ORgossip2Xslope3XSMS2ORgossip2Xslope2XSMS3ORgossip2Xslope3XSMS313","(Info Hubs, Slopes (All), SMS (All))",4.71717657390617,0.00231990145302188,13,"1 16 49 64",1
"POOLED_gossip3Xslope2XSMS2ORgossip3Xslope3XSMS2ORgossip3Xslope2XSMS3ORgossip3Xslope3XSMS313","(Trusted Info Hubs, Slopes (All), SMS (All))",-0.505015348497789,0.481342994938519,13,"1 16 49 64",1
"POOLED_Xslope3XSMS2ORXslope3XSMS314","(No Seeds, High Slopes, SMS (All))",2.40928735915074,0.180923081427078,14,"1 16 49 64",1
"POOLED_trusted0Xslope3XSMS2ORtrusted0Xslope3XSMS314","(Trusted Seeds, High Slope, SMS (All))",2.80258568386282,0.0263512188099083,14,"1 16 49 64",1
"POOLED_gossip2Xslope2XSMS2ORgossip2Xslope3XSMS2ORgossip2Xslope2XSMS3ORgossip2Xslope3XSMS314","(Info Hubs, Slopes (All), SMS (All))",4.56636779986294,5.35377264523332e-05,14,"1 16 49 64",1
"POOLED_gossip3Xslope2XSMS2ORgossip3Xslope3XSMS2ORgossip3Xslope2XSMS3ORgossip3Xslope3XSMS314","(Trusted Info Hubs, Slopes (All), SMS (All))",-0.227910077400285,0.7873021028481,14,"1 16 49 64",1
"POOLED_Xslope3XSMS2ORXslope3XSMS315","(No Seeds, High Slopes, SMS (All))",2.99573198914427,0.0447515133247271,15,"1 16 49 64",1
"POOLED_trusted0Xslope3XSMS2ORtrusted0Xslope3XSMS315","(Trusted Seeds, High Slope, SMS (All))",3.99092002510614,0.00906269444202795,15,"1 16 49 64",1
"POOLED_gossip2Xslope2XSMS2ORgossip2Xslope3XSMS2ORgossip2Xslope2XSMS3ORgossip2Xslope3XSMS315","(Info Hubs, Slopes (All), SMS (All))",4.73155864599447,7.62691537083672e-05,15,"1 16 49 64",1
"POOLED_gossip3Xslope2XSMS2ORgossip3Xslope3XSMS2ORgossip3Xslope2XSMS3ORgossip3Xslope3XSMS315","(Trusted Info Hubs, Slopes (All), SMS (All))",-0.36735346745863,0.628229091759607,15,"1 16 49 64",1
"POOLED_Xslope3XSMS2ORXslope3XSMS316","(No Seeds, High Slopes, SMS (All))",1.69960809118378,0.267114339889487,16,"1 16 49 64",1
"POOLED_trusted0Xslope3XSMS2ORtrusted0Xslope3XSMS316","(Trusted Seeds, High Slope, SMS (All))",3.9259233481968,0.00820386728254062,16,"1 16 49 64",1
"POOLED_gossip2Xslope2XSMS2ORgossip2Xslope3XSMS2ORgossip2Xslope2XSMS3ORgossip2Xslope3XSMS316","(Info Hubs, Slopes (All), SMS (All))",4.28331649277799,0.00207408434713221,16,"1 16 49 64",1
"POOLED_gossip3Xslope2XSMS2ORgossip3Xslope3XSMS2ORgossip3Xslope2XSMS3ORgossip3Xslope3XSMS316","(Trusted Info Hubs, Slopes (All), SMS (All))",-0.57382059516441,0.406838361553597,16,"1 16 49 64",1
"POOLED_Xslope3XSMS2ORXslope3XSMS317","(No Seeds, High Slopes, SMS (All))",2.83455845140446,0.216412164154195,17,"1 16 49 64",1
"POOLED_trusted0Xslope3XSMS2ORtrusted0Xslope3XSMS317","(Trusted Seeds, High Slope, SMS (All))",3.26682632740183,0.04441899242619,17,"1 16 49 64",1
"POOLED_gossip2Xslope2XSMS2ORgossip2Xslope3XSMS2ORgossip2Xslope2XSMS3ORgossip2Xslope3XSMS317","(Info Hubs, Slopes (All), SMS (All))",4.03691128194105,0.000976157423552452,17,"1 16 49 64",1
"POOLED_gossip3Xslope2XSMS2ORgossip3Xslope3XSMS2ORgossip3Xslope2XSMS3ORgossip3Xslope3XSMS317","(Trusted Info Hubs, Slopes (All), SMS (All))",-0.945943740480986,0.251785405407673,17,"1 16 49 64",1
"POOLED_Xslope3XSMS2ORXslope3XSMS318","(No Seeds, High Slopes, SMS (All))",1.81458552619959,0.238734790487782,18,"1 16 49 64",1
"POOLED_trusted0Xslope3XSMS2ORtrusted0Xslope3XSMS318","(Trusted Seeds, High Slope, SMS (All))",2.90046039674226,0.0390601585044856,18,"1 16 49 64",1
"POOLED_gossip2Xslope2XSMS2ORgossip2Xslope3XSMS2ORgossip2Xslope2XSMS3ORgossip2Xslope3XSMS318","(Info Hubs, Slopes (All), SMS (All))",4.84169232606865,6.43660049181091e-05,18,"1 16 49 64",1
"POOLED_gossip3Xslope2XSMS2ORgossip3Xslope3XSMS2ORgossip3Xslope2XSMS3ORgossip3Xslope3XSMS318","(Trusted Info Hubs, Slopes (All), SMS (All))",-0.566320904009384,0.485732612228117,18,"1 16 49 64",1
"POOLED_Xslope3XSMS2ORXslope3XSMS319","(No Seeds, High Slopes, SMS (All))",3.6361645367745,0.0488345184539813,19,"1 16 49 64",1
"POOLED_trusted0Xslope3XSMS2ORtrusted0Xslope3XSMS319","(Trusted Seeds, High Slope, SMS (All))",4.08921954039895,0.00249576763161129,19,"1 16 49 64",1
"POOLED_gossip2Xslope2XSMS2ORgossip2Xslope3XSMS2ORgossip2Xslope2XSMS3ORgossip2Xslope3XSMS319","(Info Hubs, Slopes (All), SMS (All))",3.89917365940721,0.00549810094301773,19,"1 16 49 64",1
"POOLED_gossip3Xslope2XSMS2ORgossip3Xslope3XSMS2ORgossip3Xslope2XSMS3ORgossip3Xslope3XSMS319","(Trusted Info Hubs, Slopes (All), SMS (All))",0.0111023538090861,0.989916808651013,19,"1 16 49 64",1
"POOLED_Xslope3XSMS2ORXslope3XSMS320","(No Seeds, High Slopes, SMS (All))",2.09643219129403,0.218256435099947,20,"1 16 49 64",1
"POOLED_trusted0Xslope3XSMS2ORtrusted0Xslope3XSMS320","(Trusted Seeds, High Slope, SMS (All))",2.8232249977307,0.0291060722077305,20,"1 16 49 64",1
"POOLED_gossip2Xslope2XSMS2ORgossip2Xslope3XSMS2ORgossip2Xslope2XSMS3ORgossip2Xslope3XSMS320","(Info Hubs, Slopes (All), SMS (All))",3.96703067003088,0.00126831125627389,20,"1 16 49 64",1
"POOLED_gossip3Xslope2XSMS2ORgossip3Xslope3XSMS2ORgossip3Xslope2XSMS3ORgossip3Xslope3XSMS320","(Trusted Info Hubs, Slopes (All), SMS (All))",-0.279781405891403,0.721379551664444,20,"1 16 49 64",1
"POOLED_Xslope3XSMS2ORXslope3XSMS321","(No Seeds, High Slopes, SMS (All))",2.41032374768153,0.133925288133673,21,"1 16 49 64",1
"POOLED_trusted0Xslope3XSMS2ORtrusted0Xslope3XSMS321","(Trusted Seeds, High Slope, SMS (All))",3.14820185114817,0.0571900295301933,21,"1 16 49 64",1
"POOLED_gossip2Xslope2XSMS2ORgossip2Xslope3XSMS2ORgossip2Xslope2XSMS3ORgossip2Xslope3XSMS321","(Info Hubs, Slopes (All), SMS (All))",3.96373917418332,0.00207385294210197,21,"1 16 49 64",1
"POOLED_gossip3Xslope2XSMS2ORgossip3Xslope3XSMS2ORgossip3Xslope2XSMS3ORgossip3Xslope3XSMS321","(Trusted Info Hubs, Slopes (All), SMS (All))",-0.0696312842419972,0.936010521400972,21,"1 16 49 64",1
"POOLED_Xslope3XSMS2ORXslope3XSMS322","(No Seeds, High Slopes, SMS (All))",1.63431356884297,0.226626446762321,22,"1 16 49 64",1
"POOLED_trusted0Xslope3XSMS2ORtrusted0Xslope3XSMS322","(Trusted Seeds, High Slope, SMS (All))",2.81483305646254,0.044584672312802,22,"1 16 49 64",1
"POOLED_gossip2Xslope2XSMS2ORgossip2Xslope3XSMS2ORgossip2Xslope2XSMS3ORgossip2Xslope3XSMS322","(Info Hubs, Slopes (All), SMS (All))",4.91211061887617,0.00125435413758579,22,"1 16 49 64",1
"POOLED_gossip3Xslope2XSMS2ORgossip3Xslope3XSMS2ORgossip3Xslope2XSMS3ORgossip3Xslope3XSMS322","(Trusted Info Hubs, Slopes (All), SMS (All))",-0.399804527514896,0.605474938767924,22,"1 16 49 64",1
"POOLED_Xslope3XSMS2ORXslope3XSMS323","(No Seeds, High Slopes, SMS (All))",3.325741920215,0.154194784992127,23,"1 16 49 64",1
"POOLED_trusted0Xslope3XSMS2ORtrusted0Xslope3XSMS323","(Trusted Seeds, High Slope, SMS (All))",2.69226681296894,0.0287007710280311,23,"1 16 49 64",1
"POOLED_gossip2Xslope2XSMS2ORgossip2Xslope3XSMS2ORgossip2Xslope2XSMS3ORgossip2Xslope3XSMS323","(Info Hubs, Slopes (All), SMS (All))",3.95682545914629,0.00156476352020444,23,"1 16 49 64",1
"POOLED_gossip3Xslope2XSMS2ORgossip3Xslope3XSMS2ORgossip3Xslope2XSMS3ORgossip3Xslope3XSMS323","(Trusted Info Hubs, Slopes (All), SMS (All))",-0.353718338154449,0.653694119599181,23,"1 16 49 64",1
"POOLED_Xslope3XSMS2ORXslope3XSMS324","(No Seeds, High Slopes, SMS (All))",2.92557743750483,0.0987627179574579,24,"1 16 49 64",1
"POOLED_trusted0Xslope3XSMS2ORtrusted0Xslope3XSMS324","(Trusted Seeds, High Slope, SMS (All))",3.04446379046996,0.0632222902794766,24,"1 16 49 64",1
"POOLED_gossip2Xslope2XSMS2ORgossip2Xslope3XSMS2ORgossip2Xslope2XSMS3ORgossip2Xslope3XSMS324","(Info Hubs, Slopes (All), SMS (All))",5.02730629565349,0.000581447356737131,24,"1 16 49 64",1
"POOLED_gossip3Xslope2XSMS2ORgossip3Xslope3XSMS2ORgossip3Xslope2XSMS3ORgossip3Xslope3XSMS324","(Trusted Info Hubs, Slopes (All), SMS (All))",0.0778811703156974,0.921889941610606,24,"1 16 49 64",1
"POOLED_Xslope3XSMS2ORXslope3XSMS325","(No Seeds, High Slopes, SMS (All))",3.46748561039742,0.103409970024187,25,"1 16 49 64",1
"POOLED_trusted0Xslope3XSMS2ORtrusted0Xslope3XSMS325","(Trusted Seeds, High Slope, SMS (All))",3.45709241151363,0.00876918800102968,25,"1 16 49 64",1
"POOLED_gossip2Xslope2XSMS2ORgossip2Xslope3XSMS2ORgossip2Xslope2XSMS3ORgossip2Xslope3XSMS325","(Info Hubs, Slopes (All), SMS (All))",4.50213972471122,0.000625146633029994,25,"1 16 49 64",1
"POOLED_gossip3Xslope2XSMS2ORgossip3Xslope3XSMS2ORgossip3Xslope2XSMS3ORgossip3Xslope3XSMS325","(Trusted Info Hubs, Slopes (All), SMS (All))",-0.0226604188116728,0.976810480919189,25,"1 16 49 64",1
"POOLED_Xslope3XSMS2ORXslope3XSMS326","(No Seeds, High Slopes, SMS (All))",1.58114069853809,0.190354418709015,26,"1 16 49 64",1
"POOLED_trusted0Xslope3XSMS2ORtrusted0Xslope3XSMS326","(Trusted Seeds, High Slope, SMS (All))",2.74347765640906,0.0111187238285558,26,"1 16 49 64",1
"POOLED_gossip2Xslope2XSMS2ORgossip2Xslope3XSMS2ORgossip2Xslope2XSMS3ORgossip2Xslope3XSMS326","(Info Hubs, Slopes (All), SMS (All))",4.70866029106867,3.64833726064621e-05,26,"1 16 49 64",1
"POOLED_gossip3Xslope2XSMS2ORgossip3Xslope3XSMS2ORgossip3Xslope2XSMS3ORgossip3Xslope3XSMS326","(Trusted Info Hubs, Slopes (All), SMS (All))",-0.584836002979329,0.393259701681736,26,"1 16 49 64",1
"POOLED_Xslope3XSMS2ORXslope3XSMS327","(No Seeds, High Slopes, SMS (All))",4.0449319542133,0.129064902233877,27,"1 16 49 64",1
"POOLED_trusted0Xslope3XSMS2ORtrusted0Xslope3XSMS327","(Trusted Seeds, High Slope, SMS (All))",3.004148237682,0.0172120101225708,27,"1 16 49 64",1
"POOLED_gossip2Xslope2XSMS2ORgossip2Xslope3XSMS2ORgossip2Xslope2XSMS3ORgossip2Xslope3XSMS327","(Info Hubs, Slopes (All), SMS (All))",3.29220794985253,0.00290979409367053,27,"1 16 49 64",1
"POOLED_gossip3Xslope2XSMS2ORgossip3Xslope3XSMS2ORgossip3Xslope2XSMS3ORgossip3Xslope3XSMS327","(Trusted Info Hubs, Slopes (All), SMS (All))",-0.973884821295387,0.203848638155522,27,"1 16 49 64",1
"POOLED_Xslope3XSMS2ORXslope3XSMS328","(No Seeds, High Slopes, SMS (All))",2.90080906016462,0.0819019210755437,28,"1 16 49 64",1
"POOLED_trusted0Xslope3XSMS2ORtrusted0Xslope3XSMS328","(Trusted Seeds, High Slope, SMS (All))",4.22897867443518,0.00213724080732415,28,"1 16 49 64",1
"POOLED_gossip2Xslope2XSMS2ORgossip2Xslope3XSMS2ORgossip2Xslope2XSMS3ORgossip2Xslope3XSMS328","(Info Hubs, Slopes (All), SMS (All))",3.91749861694827,0.00736440398545751,28,"1 16 49 64",1
"POOLED_gossip3Xslope2XSMS2ORgossip3Xslope3XSMS2ORgossip3Xslope2XSMS3ORgossip3Xslope3XSMS328","(Trusted Info Hubs, Slopes (All), SMS (All))",-0.700649775530672,0.436847969386403,28,"1 16 49 64",1
"POOLED_Xslope3XSMS2ORXslope3XSMS329","(No Seeds, High Slopes, SMS (All))",0.897554357894338,0.550033895155776,29,"1 16 49 64",1
"POOLED_trusted0Xslope3XSMS2ORtrusted0Xslope3XSMS329","(Trusted Seeds, High Slope, SMS (All))",3.85260495974615,0.026893991252141,29,"1 16 49 64",1
"POOLED_gossip2Xslope2XSMS2ORgossip2Xslope3XSMS2ORgossip2Xslope2XSMS3ORgossip2Xslope3XSMS329","(Info Hubs, Slopes (All), SMS (All))",3.78641624160571,0.0012941046449344,29,"1 16 49 64",1
"POOLED_gossip3Xslope2XSMS2ORgossip3Xslope3XSMS2ORgossip3Xslope2XSMS3ORgossip3Xslope3XSMS329","(Trusted Info Hubs, Slopes (All), SMS (All))",-0.488682561868843,0.546098379374263,29,"1 16 49 64",1
"POOLED_Xslope3XSMS2ORXslope3XSMS330","(No Seeds, High Slopes, SMS (All))",2.86559842942472,0.192259588727903,30,"1 16 49 64",1
"POOLED_trusted0Xslope3XSMS2ORtrusted0Xslope3XSMS330","(Trusted Seeds, High Slope, SMS (All))",5.24046505495427,0.000368521619473916,30,"1 16 49 64",1
"POOLED_gossip2Xslope2XSMS2ORgossip2Xslope3XSMS2ORgossip2Xslope2XSMS3ORgossip2Xslope3XSMS330","(Info Hubs, Slopes (All), SMS (All))",3.68239864153512,0.00118005950214261,30,"1 16 49 64",1
"POOLED_gossip3Xslope2XSMS2ORgossip3Xslope3XSMS2ORgossip3Xslope2XSMS3ORgossip3Xslope3XSMS330","(Trusted Info Hubs, Slopes (All), SMS (All))",-0.839726884973586,0.270778659122867,30,"1 16 49 64",1
"POOLED_Xslope3XSMS2ORXslope3XSMS331","(No Seeds, High Slopes, SMS (All))",2.05049913363028,0.178582913969956,31,"1 16 49 64",1
"POOLED_trusted0Xslope3XSMS2ORtrusted0Xslope3XSMS331","(Trusted Seeds, High Slope, SMS (All))",3.81191470645238,0.00450738116242109,31,"1 16 49 64",1
"POOLED_gossip2Xslope2XSMS2ORgossip2Xslope3XSMS2ORgossip2Xslope2XSMS3ORgossip2Xslope3XSMS331","(Info Hubs, Slopes (All), SMS (All))",4.02188698654202,0.0069143777986285,31,"1 16 49 64",1
"POOLED_gossip3Xslope2XSMS2ORgossip3Xslope3XSMS2ORgossip3Xslope2XSMS3ORgossip3Xslope3XSMS331","(Trusted Info Hubs, Slopes (All), SMS (All))",-0.999821596747937,0.158847468210861,31,"1 16 49 64",1
"POOLED_Xslope3XSMS2ORXslope3XSMS332","(No Seeds, High Slopes, SMS (All))",2.73969291075065,0.0700705918887252,32,"1 16 49 64",1
"POOLED_trusted0Xslope3XSMS2ORtrusted0Xslope3XSMS332","(Trusted Seeds, High Slope, SMS (All))",3.37541445416989,0.0207182422808349,32,"1 16 49 64",1
"POOLED_gossip2Xslope2XSMS2ORgossip2Xslope3XSMS2ORgossip2Xslope2XSMS3ORgossip2Xslope3XSMS332","(Info Hubs, Slopes (All), SMS (All))",4.02043803411051,0.00962769208734476,32,"1 16 49 64",1
"POOLED_gossip3Xslope2XSMS2ORgossip3Xslope3XSMS2ORgossip3Xslope2XSMS3ORgossip3Xslope3XSMS332","(Trusted Info Hubs, Slopes (All), SMS (All))",0.271619632982232,0.746041710567429,32,"1 16 49 64",1
"POOLED_Xslope3XSMS2ORXslope3XSMS333","(No Seeds, High Slopes, SMS (All))",2.1745680109146,0.25342558896838,33,"1 16 49 64",1
"POOLED_trusted0Xslope3XSMS2ORtrusted0Xslope3XSMS333","(Trusted Seeds, High Slope, SMS (All))",2.92246304686231,0.0260826843444287,33,"1 16 49 64",1
"POOLED_gossip2Xslope2XSMS2ORgossip2Xslope3XSMS2ORgossip2Xslope2XSMS3ORgossip2Xslope3XSMS333","(Info Hubs, Slopes (All), SMS (All))",4.56461293617288,0.000365695225521009,33,"1 16 49 64",1
"POOLED_gossip3Xslope2XSMS2ORgossip3Xslope3XSMS2ORgossip3Xslope2XSMS3ORgossip3Xslope3XSMS333","(Trusted Info Hubs, Slopes (All), SMS (All))",-0.219026409156103,0.840115456521258,33,"1 16 49 64",1
"POOLED_Xslope3XSMS2ORXslope3XSMS334","(No Seeds, High Slopes, SMS (All))",3.85442957755294,0.0423698794168469,34,"1 16 49 64",1
"POOLED_trusted0Xslope3XSMS2ORtrusted0Xslope3XSMS334","(Trusted Seeds, High Slope, SMS (All))",3.50048561150225,0.0140521606105084,34,"1 16 49 64",1
"POOLED_gossip2Xslope2XSMS2ORgossip2Xslope3XSMS2ORgossip2Xslope2XSMS3ORgossip2Xslope3XSMS334","(Info Hubs, Slopes (All), SMS (All))",4.57790827027405,0.00142458740114427,34,"1 16 49 64",1
"POOLED_gossip3Xslope2XSMS2ORgossip3Xslope3XSMS2ORgossip3Xslope2XSMS3ORgossip3Xslope3XSMS334","(Trusted Info Hubs, Slopes (All), SMS (All))",-0.0383512194417783,0.95101898025259,34,"1 16 49 64",1
"POOLED_Xslope3XSMS2ORXslope3XSMS335","(No Seeds, High Slopes, SMS (All))",1.97254102297895,0.202502417383761,35,"1 16 49 64",1
"POOLED_trusted0Xslope3XSMS2ORtrusted0Xslope3XSMS335","(Trusted Seeds, High Slope, SMS (All))",2.97699477673514,0.0296390011816205,35,"1 16 49 64",1
"POOLED_gossip2Xslope2XSMS2ORgossip2Xslope3XSMS2ORgossip2Xslope2XSMS3ORgossip2Xslope3XSMS335","(Info Hubs, Slopes (All), SMS (All))",4.37629608189101,0.00261433252247525,35,"1 16 49 64",1
"POOLED_gossip3Xslope2XSMS2ORgossip3Xslope3XSMS2ORgossip3Xslope2XSMS3ORgossip3Xslope3XSMS335","(Trusted Info Hubs, Slopes (All), SMS (All))",-0.29041346367932,0.725161392335967,35,"1 16 49 64",1
"POOLED_Xslope3XSMS2ORXslope3XSMS336","(No Seeds, High Slopes, SMS (All))",2.1288146016838,0.211173728584585,36,"1 16 49 64",1
"POOLED_trusted0Xslope3XSMS2ORtrusted0Xslope3XSMS336","(Trusted Seeds, High Slope, SMS (All))",3.8599178333667,0.00286126023178211,36,"1 16 49 64",1
"POOLED_gossip2Xslope2XSMS2ORgossip2Xslope3XSMS2ORgossip2Xslope2XSMS3ORgossip2Xslope3XSMS336","(Info Hubs, Slopes (All), SMS (All))",3.96119828076455,0.00299163192366076,36,"1 16 49 64",1
"POOLED_gossip3Xslope2XSMS2ORgossip3Xslope3XSMS2ORgossip3Xslope2XSMS3ORgossip3Xslope3XSMS336","(Trusted Info Hubs, Slopes (All), SMS (All))",-0.654865780933316,0.441866004610089,36,"1 16 49 64",1
"POOLED_Xslope3XSMS2ORXslope3XSMS337","(No Seeds, High Slopes, SMS (All))",2.67100953456738,0.183173314483276,37,"1 16 49 64",1
"POOLED_trusted0Xslope3XSMS2ORtrusted0Xslope3XSMS337","(Trusted Seeds, High Slope, SMS (All))",2.91080855384536,0.0301780377879303,37,"1 16 49 64",1
"POOLED_gossip2Xslope2XSMS2ORgossip2Xslope3XSMS2ORgossip2Xslope2XSMS3ORgossip2Xslope3XSMS337","(Info Hubs, Slopes (All), SMS (All))",4.4937625521663,0.00430960064151887,37,"1 16 49 64",1
"POOLED_gossip3Xslope2XSMS2ORgossip3Xslope3XSMS2ORgossip3Xslope2XSMS3ORgossip3Xslope3XSMS337","(Trusted Info Hubs, Slopes (All), SMS (All))",-0.479152847313717,0.457136082396056,37,"1 16 49 64",1
"POOLED_Xslope3XSMS2ORXslope3XSMS338","(No Seeds, High Slopes, SMS (All))",2.1232087675579,0.206938489379621,38,"1 16 49 64",1
"POOLED_trusted0Xslope3XSMS2ORtrusted0Xslope3XSMS338","(Trusted Seeds, High Slope, SMS (All))",3.22441033186648,0.0293989938270102,38,"1 16 49 64",1
"POOLED_gossip2Xslope2XSMS2ORgossip2Xslope3XSMS2ORgossip2Xslope2XSMS3ORgossip2Xslope3XSMS338","(Info Hubs, Slopes (All), SMS (All))",4.40123927115796,0.000109293492584448,38,"1 16 49 64",1
"POOLED_gossip3Xslope2XSMS2ORgossip3Xslope3XSMS2ORgossip3Xslope2XSMS3ORgossip3Xslope3XSMS338","(Trusted Info Hubs, Slopes (All), SMS (All))",-0.121804444050467,0.883079948410033,38,"1 16 49 64",1
"POOLED_Xslope3XSMS2ORXslope3XSMS339","(No Seeds, High Slopes, SMS (All))",2.79010408886569,0.103866442415883,39,"1 16 49 64",1
"POOLED_trusted0Xslope3XSMS2ORtrusted0Xslope3XSMS339","(Trusted Seeds, High Slope, SMS (All))",3.3930656521975,0.0209841406934715,39,"1 16 49 64",1
"POOLED_gossip2Xslope2XSMS2ORgossip2Xslope3XSMS2ORgossip2Xslope2XSMS3ORgossip2Xslope3XSMS339","(Info Hubs, Slopes (All), SMS (All))",3.3206071653845,0.000550485158732511,39,"1 16 49 64",1
"POOLED_gossip3Xslope2XSMS2ORgossip3Xslope3XSMS2ORgossip3Xslope2XSMS3ORgossip3Xslope3XSMS339","(Trusted Info Hubs, Slopes (All), SMS (All))",0.00529232379993409,0.995108089591384,39,"1 16 49 64",1
"POOLED_Xslope3XSMS2ORXslope3XSMS340","(No Seeds, High Slopes, SMS (All))",2.54793873637652,0.151468172609433,40,"1 16 49 64",1
"POOLED_trusted0Xslope3XSMS2ORtrusted0Xslope3XSMS340","(Trusted Seeds, High Slope, SMS (All))",3.98095671940372,0.00198104262231133,40,"1 16 49 64",1
"POOLED_gossip2Xslope2XSMS2ORgossip2Xslope3XSMS2ORgossip2Xslope2XSMS3ORgossip2Xslope3XSMS340","(Info Hubs, Slopes (All), SMS (All))",3.6730702695974,0.00349541457159966,40,"1 16 49 64",1
"POOLED_gossip3Xslope2XSMS2ORgossip3Xslope3XSMS2ORgossip3Xslope2XSMS3ORgossip3Xslope3XSMS340","(Trusted Info Hubs, Slopes (All), SMS (All))",0.32214094784826,0.693228786668437,40,"1 16 49 64",1
"POOLED_Xslope3XSMS2ORXslope3XSMS341","(No Seeds, High Slopes, SMS (All))",2.68290156454908,0.0937193951628993,41,"1 16 49 64",1
"POOLED_trusted0Xslope3XSMS2ORtrusted0Xslope3XSMS341","(Trusted Seeds, High Slope, SMS (All))",4.33705082363559,0.00291305160151108,41,"1 16 49 64",1
"POOLED_gossip2Xslope2XSMS2ORgossip2Xslope3XSMS2ORgossip2Xslope2XSMS3ORgossip2Xslope3XSMS341","(Info Hubs, Slopes (All), SMS (All))",3.92267946359133,0.000624026595822159,41,"1 16 49 64",1
"POOLED_gossip3Xslope2XSMS2ORgossip3Xslope3XSMS2ORgossip3Xslope2XSMS3ORgossip3Xslope3XSMS341","(Trusted Info Hubs, Slopes (All), SMS (All))",-0.591932376969724,0.398720200906329,41,"1 16 49 64",1
"POOLED_Xslope3XSMS2ORXslope3XSMS342","(No Seeds, High Slopes, SMS (All))",1.64938813601964,0.189788298238539,42,"1 16 49 64",1
"POOLED_trusted0Xslope3XSMS2ORtrusted0Xslope3XSMS342","(Trusted Seeds, High Slope, SMS (All))",3.95704814761259,0.0183545317558273,42,"1 16 49 64",1
"POOLED_gossip2Xslope2XSMS2ORgossip2Xslope3XSMS2ORgossip2Xslope2XSMS3ORgossip2Xslope3XSMS342","(Info Hubs, Slopes (All), SMS (All))",3.98648359606063,0.000586117326288736,42,"1 16 49 64",1
"POOLED_gossip3Xslope2XSMS2ORgossip3Xslope3XSMS2ORgossip3Xslope2XSMS3ORgossip3Xslope3XSMS342","(Trusted Info Hubs, Slopes (All), SMS (All))",-0.805014557446324,0.23212339149241,42,"1 16 49 64",1
"POOLED_Xslope3XSMS2ORXslope3XSMS343","(No Seeds, High Slopes, SMS (All))",3.34487941229665,0.174074922135974,43,"1 16 49 64",1
"POOLED_trusted0Xslope3XSMS2ORtrusted0Xslope3XSMS343","(Trusted Seeds, High Slope, SMS (All))",4.40834103615524,0.000452789344248596,43,"1 16 49 64",1
"POOLED_gossip2Xslope2XSMS2ORgossip2Xslope3XSMS2ORgossip2Xslope2XSMS3ORgossip2Xslope3XSMS343","(Info Hubs, Slopes (All), SMS (All))",3.6527752830405,0.00344013534822665,43,"1 16 49 64",1
"POOLED_gossip3Xslope2XSMS2ORgossip3Xslope3XSMS2ORgossip3Xslope2XSMS3ORgossip3Xslope3XSMS343","(Trusted Info Hubs, Slopes (All), SMS (All))",-0.644971536087366,0.38212912459882,43,"1 16 49 64",1
"POOLED_Xslope3XSMS2ORXslope3XSMS344","(No Seeds, High Slopes, SMS (All))",4.07127788916108,0.139553195192957,44,"1 16 49 64",1
"POOLED_trusted0Xslope3XSMS2ORtrusted0Xslope3XSMS344","(Trusted Seeds, High Slope, SMS (All))",3.33133803458378,0.00663984879804209,44,"1 16 49 64",1
"POOLED_gossip2Xslope2XSMS2ORgossip2Xslope3XSMS2ORgossip2Xslope2XSMS3ORgossip2Xslope3XSMS344","(Info Hubs, Slopes (All), SMS (All))",5.25262023479311,0.000105417805624263,44,"1 16 49 64",1
"POOLED_gossip3Xslope2XSMS2ORgossip3Xslope3XSMS2ORgossip3Xslope2XSMS3ORgossip3Xslope3XSMS344","(Trusted Info Hubs, Slopes (All), SMS (All))",-0.351134081129493,0.63916776598984,44,"1 16 49 64",1
"POOLED_Xslope3XSMS2ORXslope3XSMS345","(No Seeds, High Slopes, SMS (All))",2.34952749823731,0.142472383715692,45,"1 16 49 64",1
"POOLED_trusted0Xslope3XSMS2ORtrusted0Xslope3XSMS345","(Trusted Seeds, High Slope, SMS (All))",4.24624418846678,0.0238052033974465,45,"1 16 49 64",1
"POOLED_gossip2Xslope2XSMS2ORgossip2Xslope3XSMS2ORgossip2Xslope2XSMS3ORgossip2Xslope3XSMS345","(Info Hubs, Slopes (All), SMS (All))",4.31748895961428,0.000659818708289853,45,"1 16 49 64",1
"POOLED_gossip3Xslope2XSMS2ORgossip3Xslope3XSMS2ORgossip3Xslope2XSMS3ORgossip3Xslope3XSMS345","(Trusted Info Hubs, Slopes (All), SMS (All))",-0.772651273359873,0.299821028755662,45,"1 16 49 64",1
"POOLED_Xslope3XSMS2ORXslope3XSMS346","(No Seeds, High Slopes, SMS (All))",4.7427682916217,0.0515043268075848,46,"1 16 49 64",1
"POOLED_trusted0Xslope3XSMS2ORtrusted0Xslope3XSMS346","(Trusted Seeds, High Slope, SMS (All))",3.45555971160023,0.00616892041889691,46,"1 16 49 64",1
"POOLED_gossip2Xslope2XSMS2ORgossip2Xslope3XSMS2ORgossip2Xslope2XSMS3ORgossip2Xslope3XSMS346","(Info Hubs, Slopes (All), SMS (All))",4.80001016027949,0.000760880091189135,46,"1 16 49 64",1
"POOLED_gossip3Xslope2XSMS2ORgossip3Xslope3XSMS2ORgossip3Xslope2XSMS3ORgossip3Xslope3XSMS346","(Trusted Info Hubs, Slopes (All), SMS (All))",-0.44493041987768,0.577234130948178,46,"1 16 49 64",1
"POOLED_Xslope3XSMS2ORXslope3XSMS347","(No Seeds, High Slopes, SMS (All))",2.38979002333441,0.192941656051205,47,"1 16 49 64",1
"POOLED_trusted0Xslope3XSMS2ORtrusted0Xslope3XSMS347","(Trusted Seeds, High Slope, SMS (All))",3.23241685202297,0.0331354834410074,47,"1 16 49 64",1
"POOLED_gossip2Xslope2XSMS2ORgossip2Xslope3XSMS2ORgossip2Xslope2XSMS3ORgossip2Xslope3XSMS347","(Info Hubs, Slopes (All), SMS (All))",3.84643617719395,0.00489708267702953,47,"1 16 49 64",1
"POOLED_gossip3Xslope2XSMS2ORgossip3Xslope3XSMS2ORgossip3Xslope2XSMS3ORgossip3Xslope3XSMS347","(Trusted Info Hubs, Slopes (All), SMS (All))",0.106755552572495,0.900882648623935,47,"1 16 49 64",1
"POOLED_Xslope3XSMS2ORXslope3XSMS348","(No Seeds, High Slopes, SMS (All))",1.82868710555163,0.205803802900172,48,"1 16 49 64",1
"POOLED_trusted0Xslope3XSMS2ORtrusted0Xslope3XSMS348","(Trusted Seeds, High Slope, SMS (All))",4.00794423687996,0.0125967675652259,48,"1 16 49 64",1
"POOLED_gossip2Xslope2XSMS2ORgossip2Xslope3XSMS2ORgossip2Xslope2XSMS3ORgossip2Xslope3XSMS348","(Info Hubs, Slopes (All), SMS (All))",3.33593190261291,0.025976354724543,48,"1 16 49 64",1
"POOLED_gossip3Xslope2XSMS2ORgossip3Xslope3XSMS2ORgossip3Xslope2XSMS3ORgossip3Xslope3XSMS348","(Trusted Info Hubs, Slopes (All), SMS (All))",-0.797658046761807,0.311837837839782,48,"1 16 49 64",1
"POOLED_Xslope3XSMS2ORXslope3XSMS349","(No Seeds, High Slopes, SMS (All))",3.35996137875729,0.163971501721616,49,"1 16 49 64",1
"POOLED_trusted0Xslope3XSMS2ORtrusted0Xslope3XSMS349","(Trusted Seeds, High Slope, SMS (All))",2.73765314520998,0.0583358347363864,49,"1 16 49 64",1
"POOLED_gossip2Xslope2XSMS2ORgossip2Xslope3XSMS2ORgossip2Xslope2XSMS3ORgossip2Xslope3XSMS349","(Info Hubs, Slopes (All), SMS (All))",2.96583751433976,0.0110117415791818,49,"1 16 49 64",1
"POOLED_gossip3Xslope2XSMS2ORgossip3Xslope3XSMS2ORgossip3Xslope2XSMS3ORgossip3Xslope3XSMS349","(Trusted Info Hubs, Slopes (All), SMS (All))",-0.817592700594791,0.269466227881643,49,"1 16 49 64",1
"POOLED_Xslope3XSMS2ORXslope3XSMS350","(No Seeds, High Slopes, SMS (All))",2.11892632902833,0.175270096126265,50,"1 16 49 64",1
"POOLED_trusted0Xslope3XSMS2ORtrusted0Xslope3XSMS350","(Trusted Seeds, High Slope, SMS (All))",3.84041584841124,0.0058142997287277,50,"1 16 49 64",1
"POOLED_gossip2Xslope2XSMS2ORgossip2Xslope3XSMS2ORgossip2Xslope2XSMS3ORgossip2Xslope3XSMS350","(Info Hubs, Slopes (All), SMS (All))",4.01522185443293,0.00163391608565631,50,"1 16 49 64",1
"POOLED_gossip3Xslope2XSMS2ORgossip3Xslope3XSMS2ORgossip3Xslope2XSMS3ORgossip3Xslope3XSMS350","(Trusted Info Hubs, Slopes (All), SMS (All))",-0.687617226053273,0.375925056524295,50,"1 16 49 64",1
"POOLED_Xslope3XSMS2ORXslope3XSMS351","(No Seeds, High Slopes, SMS (All))",2.81958850423549,0.168123084820124,51,"1 16 49 64",1
"POOLED_trusted0Xslope3XSMS2ORtrusted0Xslope3XSMS351","(Trusted Seeds, High Slope, SMS (All))",2.65712320191807,0.02703825716821,51,"1 16 49 64",1
"POOLED_gossip2Xslope2XSMS2ORgossip2Xslope3XSMS2ORgossip2Xslope2XSMS3ORgossip2Xslope3XSMS351","(Info Hubs, Slopes (All), SMS (All))",3.03243578481546,0.0219421672033505,51,"1 16 49 64",1
"POOLED_gossip3Xslope2XSMS2ORgossip3Xslope3XSMS2ORgossip3Xslope2XSMS3ORgossip3Xslope3XSMS351","(Trusted Info Hubs, Slopes (All), SMS (All))",-1.38998840987861,0.0641563157477097,51,"1 16 49 64",1
"POOLED_Xslope3XSMS2ORXslope3XSMS352","(No Seeds, High Slopes, SMS (All))",3.38543691461455,0.0396701609207246,52,"1 16 49 64",1
"POOLED_trusted0Xslope3XSMS2ORtrusted0Xslope3XSMS352","(Trusted Seeds, High Slope, SMS (All))",3.42840057073957,0.022713624477152,52,"1 16 49 64",1
"POOLED_gossip2Xslope2XSMS2ORgossip2Xslope3XSMS2ORgossip2Xslope2XSMS3ORgossip2Xslope3XSMS352","(Info Hubs, Slopes (All), SMS (All))",4.14991911262851,0.00104239520821174,52,"1 16 49 64",1
"POOLED_gossip3Xslope2XSMS2ORgossip3Xslope3XSMS2ORgossip3Xslope2XSMS3ORgossip3Xslope3XSMS352","(Trusted Info Hubs, Slopes (All), SMS (All))",-0.916732544798865,0.151717964882926,52,"1 16 49 64",1
"POOLED_Xslope3XSMS2ORXslope3XSMS353","(No Seeds, High Slopes, SMS (All))",3.22167294667777,0.044393704749095,53,"1 16 49 64",1
"POOLED_trusted0Xslope3XSMS2ORtrusted0Xslope3XSMS353","(Trusted Seeds, High Slope, SMS (All))",2.7821519717167,0.0223781210498649,53,"1 16 49 64",1
"POOLED_gossip2Xslope2XSMS2ORgossip2Xslope3XSMS2ORgossip2Xslope2XSMS3ORgossip2Xslope3XSMS353","(Info Hubs, Slopes (All), SMS (All))",3.56203705495127,0.000992490088820509,53,"1 16 49 64",1
"POOLED_gossip3Xslope2XSMS2ORgossip3Xslope3XSMS2ORgossip3Xslope2XSMS3ORgossip3Xslope3XSMS353","(Trusted Info Hubs, Slopes (All), SMS (All))",-0.848201260283027,0.307996108129922,53,"1 16 49 64",1
"POOLED_Xslope3XSMS2ORXslope3XSMS354","(No Seeds, High Slopes, SMS (All))",2.16018207457541,0.208589959158127,54,"1 16 49 64",1
"POOLED_trusted0Xslope3XSMS2ORtrusted0Xslope3XSMS354","(Trusted Seeds, High Slope, SMS (All))",3.14420724863869,0.0159960333970878,54,"1 16 49 64",1
"POOLED_gossip2Xslope2XSMS2ORgossip2Xslope3XSMS2ORgossip2Xslope2XSMS3ORgossip2Xslope3XSMS354","(Info Hubs, Slopes (All), SMS (All))",4.62846578463353,0.000432063844062896,54,"1 16 49 64",1
"POOLED_gossip3Xslope2XSMS2ORgossip3Xslope3XSMS2ORgossip3Xslope2XSMS3ORgossip3Xslope3XSMS354","(Trusted Info Hubs, Slopes (All), SMS (All))",-0.445792536363765,0.601785393885278,54,"1 16 49 64",1
"POOLED_Xslope3XSMS2ORXslope3XSMS355","(No Seeds, High Slopes, SMS (All))",2.11607677990122,0.189770764206654,55,"1 16 49 64",1
"POOLED_trusted0Xslope3XSMS2ORtrusted0Xslope3XSMS355","(Trusted Seeds, High Slope, SMS (All))",3.21711363889495,0.0205552941375239,55,"1 16 49 64",1
"POOLED_gossip2Xslope2XSMS2ORgossip2Xslope3XSMS2ORgossip2Xslope2XSMS3ORgossip2Xslope3XSMS355","(Info Hubs, Slopes (All), SMS (All))",4.25488652765942,0.00231751618270295,55,"1 16 49 64",1
"POOLED_gossip3Xslope2XSMS2ORgossip3Xslope3XSMS2ORgossip3Xslope2XSMS3ORgossip3Xslope3XSMS355","(Trusted Info Hubs, Slopes (All), SMS (All))",-0.715478565931828,0.36431117137817,55,"1 16 49 64",1
"POOLED_Xslope3XSMS2ORXslope3XSMS356","(No Seeds, High Slopes, SMS (All))",4.52603511135984,0.0942321824927151,56,"1 16 49 64",1
"POOLED_trusted0Xslope3XSMS2ORtrusted0Xslope3XSMS356","(Trusted Seeds, High Slope, SMS (All))",3.1823191094628,0.0180693989632921,56,"1 16 49 64",1
"POOLED_gossip2Xslope2XSMS2ORgossip2Xslope3XSMS2ORgossip2Xslope2XSMS3ORgossip2Xslope3XSMS356","(Info Hubs, Slopes (All), SMS (All))",4.59059551638938,0.00105257032915468,56,"1 16 49 64",1
"POOLED_gossip3Xslope2XSMS2ORgossip3Xslope3XSMS2ORgossip3Xslope2XSMS3ORgossip3Xslope3XSMS356","(Trusted Info Hubs, Slopes (All), SMS (All))",-0.220935697762698,0.76644578392055,56,"1 16 49 64",1
"POOLED_Xslope3XSMS2ORXslope3XSMS357","(No Seeds, High Slopes, SMS (All))",2.15680289691006,0.263680836529473,57,"1 16 49 64",1
"POOLED_trusted0Xslope3XSMS2ORtrusted0Xslope3XSMS357","(Trusted Seeds, High Slope, SMS (All))",3.90248666585313,0.00122971972518279,57,"1 16 49 64",1
"POOLED_gossip2Xslope2XSMS2ORgossip2Xslope3XSMS2ORgossip2Xslope2XSMS3ORgossip2Xslope3XSMS357","(Info Hubs, Slopes (All), SMS (All))",3.90869214726749,0.00120392753390864,57,"1 16 49 64",1
"POOLED_gossip3Xslope2XSMS2ORgossip3Xslope3XSMS2ORgossip3Xslope2XSMS3ORgossip3Xslope3XSMS357","(Trusted Info Hubs, Slopes (All), SMS (All))",-0.318065301859223,0.753823245010746,57,"1 16 49 64",1
"POOLED_Xslope3XSMS2ORXslope3XSMS358","(No Seeds, High Slopes, SMS (All))",4.01051100250974,0.0408071778829233,58,"1 16 49 64",1
"POOLED_trusted0Xslope3XSMS2ORtrusted0Xslope3XSMS358","(Trusted Seeds, High Slope, SMS (All))",4.70601302978724,0.0058180777262737,58,"1 16 49 64",1
"POOLED_gossip2Xslope2XSMS2ORgossip2Xslope3XSMS2ORgossip2Xslope2XSMS3ORgossip2Xslope3XSMS358","(Info Hubs, Slopes (All), SMS (All))",2.92267260934671,0.0184756341127137,58,"1 16 49 64",1
"POOLED_gossip3Xslope2XSMS2ORgossip3Xslope3XSMS2ORgossip3Xslope2XSMS3ORgossip3Xslope3XSMS358","(Trusted Info Hubs, Slopes (All), SMS (All))",-0.478423201197122,0.525261768728713,58,"1 16 49 64",1
"POOLED_Xslope3XSMS2ORXslope3XSMS359","(No Seeds, High Slopes, SMS (All))",0.994067820578252,0.359117743485202,59,"1 16 49 64",1
"POOLED_trusted0Xslope3XSMS2ORtrusted0Xslope3XSMS359","(Trusted Seeds, High Slope, SMS (All))",2.20249937612901,0.0975180843249398,59,"1 16 49 64",1
"POOLED_gossip2Xslope2XSMS2ORgossip2Xslope3XSMS2ORgossip2Xslope2XSMS3ORgossip2Xslope3XSMS359","(Info Hubs, Slopes (All), SMS (All))",5.09553248567504,0.00049018614509405,59,"1 16 49 64",1
"POOLED_gossip3Xslope2XSMS2ORgossip3Xslope3XSMS2ORgossip3Xslope2XSMS3ORgossip3Xslope3XSMS359","(Trusted Info Hubs, Slopes (All), SMS (All))",-0.473372896130885,0.554944781274728,59,"1 16 49 64",1
"POOLED_Xslope3XSMS2ORXslope3XSMS360","(No Seeds, High Slopes, SMS (All))",2.29553021805288,0.121404908557412,60,"1 16 49 64",1
"POOLED_trusted0Xslope3XSMS2ORtrusted0Xslope3XSMS360","(Trusted Seeds, High Slope, SMS (All))",4.14048720370727,0.00795164576239833,60,"1 16 49 64",1
"POOLED_gossip2Xslope2XSMS2ORgossip2Xslope3XSMS2ORgossip2Xslope2XSMS3ORgossip2Xslope3XSMS360","(Info Hubs, Slopes (All), SMS (All))",4.26235036734017,0.000427715709679555,60,"1 16 49 64",1
"POOLED_gossip3Xslope2XSMS2ORgossip3Xslope3XSMS2ORgossip3Xslope2XSMS3ORgossip3Xslope3XSMS360","(Trusted Info Hubs, Slopes (All), SMS (All))",-0.611520896105232,0.380608544788318,60,"1 16 49 64",1
"POOLED_Xslope3XSMS2ORXslope3XSMS361","(No Seeds, High Slopes, SMS (All))",1.81720425112013,0.238466891535055,61,"1 16 49 64",1
"POOLED_trusted0Xslope3XSMS2ORtrusted0Xslope3XSMS361","(Trusted Seeds, High Slope, SMS (All))",2.86477218340109,0.0151301917451734,61,"1 16 49 64",1
"POOLED_gossip2Xslope2XSMS2ORgossip2Xslope3XSMS2ORgossip2Xslope2XSMS3ORgossip2Xslope3XSMS361","(Info Hubs, Slopes (All), SMS (All))",2.72133895232909,0.0046568454430813,61,"1 16 49 64",1
"POOLED_gossip3Xslope2XSMS2ORgossip3Xslope3XSMS2ORgossip3Xslope2XSMS3ORgossip3Xslope3XSMS361","(Trusted Info Hubs, Slopes (All), SMS (All))",0.080133017099075,0.931939538931395,61,"1 16 49 64",1
"POOLED_Xslope3XSMS2ORXslope3XSMS362","(No Seeds, High Slopes, SMS (All))",2.02539108665684,0.240856905318274,62,"1 16 49 64",1
"POOLED_trusted0Xslope3XSMS2ORtrusted0Xslope3XSMS362","(Trusted Seeds, High Slope, SMS (All))",3.36527295590719,0.0111881814024031,62,"1 16 49 64",1
"POOLED_gossip2Xslope2XSMS2ORgossip2Xslope3XSMS2ORgossip2Xslope2XSMS3ORgossip2Xslope3XSMS362","(Info Hubs, Slopes (All), SMS (All))",4.63684119689645,0.00144758377322066,62,"1 16 49 64",1
"POOLED_gossip3Xslope2XSMS2ORgossip3Xslope3XSMS2ORgossip3Xslope2XSMS3ORgossip3Xslope3XSMS362","(Trusted Info Hubs, Slopes (All), SMS (All))",-0.379656707348795,0.654675064851501,62,"1 16 49 64",1
"POOLED_Xslope3XSMS2ORXslope3XSMS363","(No Seeds, High Slopes, SMS (All))",3.09096376952228,0.0545943263511267,63,"1 16 49 64",1
"POOLED_trusted0Xslope3XSMS2ORtrusted0Xslope3XSMS363","(Trusted Seeds, High Slope, SMS (All))",3.71005706570154,0.00897180712957188,63,"1 16 49 64",1
"POOLED_gossip2Xslope2XSMS2ORgossip2Xslope3XSMS2ORgossip2Xslope2XSMS3ORgossip2Xslope3XSMS363","(Info Hubs, Slopes (All), SMS (All))",4.49430416265459,0.00268520133718841,63,"1 16 49 64",1
"POOLED_gossip3Xslope2XSMS2ORgossip3Xslope3XSMS2ORgossip3Xslope2XSMS3ORgossip3Xslope3XSMS363","(Trusted Info Hubs, Slopes (All), SMS (All))",-0.23661494444642,0.783614267800809,63,"1 16 49 64",1
"POOLED_Xslope3XSMS2ORXslope3XSMS364","(No Seeds, High Slopes, SMS (All))",3.16173292992356,0.187063925588042,64,"1 16 49 64",1
"POOLED_trusted0Xslope3XSMS2ORtrusted0Xslope3XSMS364","(Trusted Seeds, High Slope, SMS (All))",2.60198450009801,0.0481713303499635,64,"1 16 49 64",1
"POOLED_gossip2Xslope2XSMS2ORgossip2Xslope3XSMS2ORgossip2Xslope2XSMS3ORgossip2Xslope3XSMS364","(Info Hubs, Slopes (All), SMS (All))",3.95438784169249,0.0063983147406271,64,"1 16 49 64",1
"POOLED_gossip3Xslope2XSMS2ORgossip3Xslope3XSMS2ORgossip3Xslope2XSMS3ORgossip3Xslope3XSMS364","(Trusted Info Hubs, Slopes (All), SMS (All))",-0.529415211257454,0.494828111540801,64,"1 16 49 64",1
"POOLED_Xslope3XSMS2ORXslope3XSMS365","(No Seeds, High Slopes, SMS (All))",2.42883781316953,0.175917247197666,65,"1 16 49 64",1
"POOLED_trusted0Xslope3XSMS2ORtrusted0Xslope3XSMS365","(Trusted Seeds, High Slope, SMS (All))",3.33749530795589,0.00901135983446605,65,"1 16 49 64",1
"POOLED_gossip2Xslope2XSMS2ORgossip2Xslope3XSMS2ORgossip2Xslope2XSMS3ORgossip2Xslope3XSMS365","(Info Hubs, Slopes (All), SMS (All))",4.02467270755777,0.00181784371586349,65,"1 16 49 64",1
"POOLED_gossip3Xslope2XSMS2ORgossip3Xslope3XSMS2ORgossip3Xslope2XSMS3ORgossip3Xslope3XSMS365","(Trusted Info Hubs, Slopes (All), SMS (All))",-0.330651048836659,0.662482443798816,65,"1 16 49 64",1
"POOLED_Xslope3XSMS2ORXslope3XSMS366","(No Seeds, High Slopes, SMS (All))",1.35887826820622,0.254698086876143,66,"1 16 49 64",1
"POOLED_trusted0Xslope3XSMS2ORtrusted0Xslope3XSMS366","(Trusted Seeds, High Slope, SMS (All))",3.13793327066683,0.0470835716532879,66,"1 16 49 64",1
"POOLED_gossip2Xslope2XSMS2ORgossip2Xslope3XSMS2ORgossip2Xslope2XSMS3ORgossip2Xslope3XSMS366","(Info Hubs, Slopes (All), SMS (All))",3.6262107331291,0.00217201154217957,66,"1 16 49 64",1
"POOLED_gossip3Xslope2XSMS2ORgossip3Xslope3XSMS2ORgossip3Xslope2XSMS3ORgossip3Xslope3XSMS366","(Trusted Info Hubs, Slopes (All), SMS (All))",-0.715635532475789,0.298135298709242,66,"1 16 49 64",1
"POOLED_Xslope3XSMS2ORXslope3XSMS367","(No Seeds, High Slopes, SMS (All))",2.49228819082935,0.158149485854106,67,"1 16 49 64",1
"POOLED_trusted0Xslope3XSMS2ORtrusted0Xslope3XSMS367","(Trusted Seeds, High Slope, SMS (All))",3.6623415852519,0.00769927816161456,67,"1 16 49 64",1
"POOLED_gossip2Xslope2XSMS2ORgossip2Xslope3XSMS2ORgossip2Xslope2XSMS3ORgossip2Xslope3XSMS367","(Info Hubs, Slopes (All), SMS (All))",4.374840229075,0.00046492399078173,67,"1 16 49 64",1
"POOLED_gossip3Xslope2XSMS2ORgossip3Xslope3XSMS2ORgossip3Xslope2XSMS3ORgossip3Xslope3XSMS367","(Trusted Info Hubs, Slopes (All), SMS (All))",-0.450354791449622,0.605546218074357,67,"1 16 49 64",1
"POOLED_Xslope3XSMS2ORXslope3XSMS368","(No Seeds, High Slopes, SMS (All))",2.5631922947841,0.144952624269947,68,"1 16 49 64",1
"POOLED_trusted0Xslope3XSMS2ORtrusted0Xslope3XSMS368","(Trusted Seeds, High Slope, SMS (All))",2.03516092443018,0.191849003203051,68,"1 16 49 64",1
"POOLED_gossip2Xslope2XSMS2ORgossip2Xslope3XSMS2ORgossip2Xslope2XSMS3ORgossip2Xslope3XSMS368","(Info Hubs, Slopes (All), SMS (All))",2.85033071730726,0.00976186672067451,68,"1 16 49 64",1
"POOLED_gossip3Xslope2XSMS2ORgossip3Xslope3XSMS2ORgossip3Xslope2XSMS3ORgossip3Xslope3XSMS368","(Trusted Info Hubs, Slopes (All), SMS (All))",-0.206028033139283,0.8123225949938,68,"1 16 49 64",1
"POOLED_Xslope3XSMS2ORXslope3XSMS369","(No Seeds, High Slopes, SMS (All))",1.26657055107529,0.473982840112464,69,"1 16 49 64",1
"POOLED_trusted0Xslope3XSMS2ORtrusted0Xslope3XSMS369","(Trusted Seeds, High Slope, SMS (All))",2.80832345789148,0.0271939698465506,69,"1 16 49 64",1
"POOLED_gossip2Xslope2XSMS2ORgossip2Xslope3XSMS2ORgossip2Xslope2XSMS3ORgossip2Xslope3XSMS369","(Info Hubs, Slopes (All), SMS (All))",4.38387532282554,0.00175156289259825,69,"1 16 49 64",1
"POOLED_gossip3Xslope2XSMS2ORgossip3Xslope3XSMS2ORgossip3Xslope2XSMS3ORgossip3Xslope3XSMS369","(Trusted Info Hubs, Slopes (All), SMS (All))",-1.0759508447834,0.126281778473201,69,"1 16 49 64",1
"POOLED_Xslope3XSMS2ORXslope3XSMS370","(No Seeds, High Slopes, SMS (All))",1.63083227770607,0.315822403672844,70,"1 16 49 64",1
"POOLED_trusted0Xslope3XSMS2ORtrusted0Xslope3XSMS370","(Trusted Seeds, High Slope, SMS (All))",2.92396861024313,0.0445328332179711,70,"1 16 49 64",1
"POOLED_gossip2Xslope2XSMS2ORgossip2Xslope3XSMS2ORgossip2Xslope2XSMS3ORgossip2Xslope3XSMS370","(Info Hubs, Slopes (All), SMS (All))",4.62181770338789,0.00312815922141657,70,"1 16 49 64",1
"POOLED_gossip3Xslope2XSMS2ORgossip3Xslope3XSMS2ORgossip3Xslope2XSMS3ORgossip3Xslope3XSMS370","(Trusted Info Hubs, Slopes (All), SMS (All))",-0.865201220814507,0.230019060969293,70,"1 16 49 64",1
"POOLED_Xslope3XSMS2ORXslope3XSMS371","(No Seeds, High Slopes, SMS (All))",3.13347452541596,0.10352375695258,71,"1 16 49 64",1
"POOLED_trusted0Xslope3XSMS2ORtrusted0Xslope3XSMS371","(Trusted Seeds, High Slope, SMS (All))",3.39555002218822,0.00673071331503898,71,"1 16 49 64",1
"POOLED_gossip2Xslope2XSMS2ORgossip2Xslope3XSMS2ORgossip2Xslope2XSMS3ORgossip2Xslope3XSMS371","(Info Hubs, Slopes (All), SMS (All))",3.59045135441567,0.00231846019972335,71,"1 16 49 64",1
"POOLED_gossip3Xslope2XSMS2ORgossip3Xslope3XSMS2ORgossip3Xslope2XSMS3ORgossip3Xslope3XSMS371","(Trusted Info Hubs, Slopes (All), SMS (All))",-0.0957181056055721,0.9023950208595,71,"1 16 49 64",1
"POOLED_Xslope3XSMS2ORXslope3XSMS372","(No Seeds, High Slopes, SMS (All))",2.02926905155015,0.231497808649301,72,"1 16 49 64",1
"POOLED_trusted0Xslope3XSMS2ORtrusted0Xslope3XSMS372","(Trusted Seeds, High Slope, SMS (All))",2.77819956981768,0.0390269802884198,72,"1 16 49 64",1
"POOLED_gossip2Xslope2XSMS2ORgossip2Xslope3XSMS2ORgossip2Xslope2XSMS3ORgossip2Xslope3XSMS372","(Info Hubs, Slopes (All), SMS (All))",3.99364882362075,0.00345997123788437,72,"1 16 49 64",1
"POOLED_gossip3Xslope2XSMS2ORgossip3Xslope3XSMS2ORgossip3Xslope2XSMS3ORgossip3Xslope3XSMS372","(Trusted Info Hubs, Slopes (All), SMS (All))",-0.512898909092729,0.556394929952386,72,"1 16 49 64",1
"POOLED_Xslope3XSMS2ORXslope3XSMS373","(No Seeds, High Slopes, SMS (All))",2.06547107311894,0.204302579437344,73,"1 16 49 64",1
"POOLED_trusted0Xslope3XSMS2ORtrusted0Xslope3XSMS373","(Trusted Seeds, High Slope, SMS (All))",2.89298989324689,0.0269710589454667,73,"1 16 49 64",1
"POOLED_gossip2Xslope2XSMS2ORgossip2Xslope3XSMS2ORgossip2Xslope2XSMS3ORgossip2Xslope3XSMS373","(Info Hubs, Slopes (All), SMS (All))",3.99798492178899,0.0033281114594837,73,"1 16 49 64",1
"POOLED_gossip3Xslope2XSMS2ORgossip3Xslope3XSMS2ORgossip3Xslope2XSMS3ORgossip3Xslope3XSMS373","(Trusted Info Hubs, Slopes (All), SMS (All))",-0.531972723777379,0.510564993473061,73,"1 16 49 64",1
"POOLED_Xslope3XSMS2ORXslope3XSMS374","(No Seeds, High Slopes, SMS (All))",3.24804187243597,0.0871269302708626,74,"1 16 49 64",1
"POOLED_trusted0Xslope3XSMS2ORtrusted0Xslope3XSMS374","(Trusted Seeds, High Slope, SMS (All))",3.23153530675523,0.0155766962623678,74,"1 16 49 64",1
"POOLED_gossip2Xslope2XSMS2ORgossip2Xslope3XSMS2ORgossip2Xslope2XSMS3ORgossip2Xslope3XSMS374","(Info Hubs, Slopes (All), SMS (All))",3.71139353877238,0.00903602213786282,74,"1 16 49 64",1
"POOLED_gossip3Xslope2XSMS2ORgossip3Xslope3XSMS2ORgossip3Xslope2XSMS3ORgossip3Xslope3XSMS374","(Trusted Info Hubs, Slopes (All), SMS (All))",-0.639418762711585,0.401207589117966,74,"1 16 49 64",1
"POOLED_Xslope3XSMS2ORXslope3XSMS375","(No Seeds, High Slopes, SMS (All))",3.3451088071559,0.173772998552048,75,"1 16 49 64",1
"POOLED_trusted0Xslope3XSMS2ORtrusted0Xslope3XSMS375","(Trusted Seeds, High Slope, SMS (All))",3.31102145671678,0.0185329151743722,75,"1 16 49 64",1
"POOLED_gossip2Xslope2XSMS2ORgossip2Xslope3XSMS2ORgossip2Xslope2XSMS3ORgossip2Xslope3XSMS375","(Info Hubs, Slopes (All), SMS (All))",4.54611966603171,0.00087901333786373,75,"1 16 49 64",1
"POOLED_gossip3Xslope2XSMS2ORgossip3Xslope3XSMS2ORgossip3Xslope2XSMS3ORgossip3Xslope3XSMS375","(Trusted Info Hubs, Slopes (All), SMS (All))",-0.412011803984079,0.579457119194568,75,"1 16 49 64",1
"POOLED_Xslope3XSMS2ORXslope3XSMS376","(No Seeds, High Slopes, SMS (All))",1.98746301984938,0.166732691572765,76,"1 16 49 64",1
"POOLED_trusted0Xslope3XSMS2ORtrusted0Xslope3XSMS376","(Trusted Seeds, High Slope, SMS (All))",3.61710647611614,0.00255162576270042,76,"1 16 49 64",1
"POOLED_gossip2Xslope2XSMS2ORgossip2Xslope3XSMS2ORgossip2Xslope2XSMS3ORgossip2Xslope3XSMS376","(Info Hubs, Slopes (All), SMS (All))",3.36998106434838,0.0147681062361514,76,"1 16 49 64",1
"POOLED_gossip3Xslope2XSMS2ORgossip3Xslope3XSMS2ORgossip3Xslope2XSMS3ORgossip3Xslope3XSMS376","(Trusted Info Hubs, Slopes (All), SMS (All))",-0.0885089912883348,0.918793542546641,76,"1 16 49 64",1
"POOLED_Xslope3XSMS2ORXslope3XSMS377","(No Seeds, High Slopes, SMS (All))",2.89548372411522,0.0897625376359464,77,"1 16 49 64",1
"POOLED_trusted0Xslope3XSMS2ORtrusted0Xslope3XSMS377","(Trusted Seeds, High Slope, SMS (All))",0.971106094143696,0.427218339832983,77,"1 16 49 64",1
"POOLED_gossip2Xslope2XSMS2ORgossip2Xslope3XSMS2ORgossip2Xslope2XSMS3ORgossip2Xslope3XSMS377","(Info Hubs, Slopes (All), SMS (All))",3.0871215939077,0.0143927180701961,77,"1 16 49 64",1
"POOLED_gossip3Xslope2XSMS2ORgossip3Xslope3XSMS2ORgossip3Xslope2XSMS3ORgossip3Xslope3XSMS377","(Trusted Info Hubs, Slopes (All), SMS (All))",-0.583106469463271,0.568290566979387,77,"1 16 49 64",1
"POOLED_Xslope3XSMS2ORXslope3XSMS378","(No Seeds, High Slopes, SMS (All))",4.07375312288324,0.144973030029057,78,"1 16 49 64",1
"POOLED_trusted0Xslope3XSMS2ORtrusted0Xslope3XSMS378","(Trusted Seeds, High Slope, SMS (All))",3.94273615288877,0.00387399342183592,78,"1 16 49 64",1
"POOLED_gossip2Xslope2XSMS2ORgossip2Xslope3XSMS2ORgossip2Xslope2XSMS3ORgossip2Xslope3XSMS378","(Info Hubs, Slopes (All), SMS (All))",3.26062335739245,0.00481083411991952,78,"1 16 49 64",1
"POOLED_gossip3Xslope2XSMS2ORgossip3Xslope3XSMS2ORgossip3Xslope2XSMS3ORgossip3Xslope3XSMS378","(Trusted Info Hubs, Slopes (All), SMS (All))",-0.636698467943474,0.436368657872515,78,"1 16 49 64",1
"POOLED_Xslope3XSMS2ORXslope3XSMS379","(No Seeds, High Slopes, SMS (All))",2.40013955031639,0.152528280579234,79,"1 16 49 64",1
"POOLED_trusted0Xslope3XSMS2ORtrusted0Xslope3XSMS379","(Trusted Seeds, High Slope, SMS (All))",3.86363141067615,0.00780351989804066,79,"1 16 49 64",1
"POOLED_gossip2Xslope2XSMS2ORgossip2Xslope3XSMS2ORgossip2Xslope2XSMS3ORgossip2Xslope3XSMS379","(Info Hubs, Slopes (All), SMS (All))",4.3717055934605,0.000617210570443121,79,"1 16 49 64",1
"POOLED_gossip3Xslope2XSMS2ORgossip3Xslope3XSMS2ORgossip3Xslope2XSMS3ORgossip3Xslope3XSMS379","(Trusted Info Hubs, Slopes (All), SMS (All))",-0.767019034144023,0.316570266385019,79,"1 16 49 64",1
"POOLED_Xslope3XSMS2ORXslope3XSMS380","(No Seeds, High Slopes, SMS (All))",3.3192508985429,0.139027061298693,80,"1 16 49 64",1
"POOLED_trusted0Xslope3XSMS2ORtrusted0Xslope3XSMS380","(Trusted Seeds, High Slope, SMS (All))",2.9427094371476,0.0320906504897209,80,"1 16 49 64",1
"POOLED_gossip2Xslope2XSMS2ORgossip2Xslope3XSMS2ORgossip2Xslope2XSMS3ORgossip2Xslope3XSMS380","(Info Hubs, Slopes (All), SMS (All))",4.07593730696417,0.00223697238158274,80,"1 16 49 64",1
"POOLED_gossip3Xslope2XSMS2ORgossip3Xslope3XSMS2ORgossip3Xslope2XSMS3ORgossip3Xslope3XSMS380","(Trusted Info Hubs, Slopes (All), SMS (All))",-0.498979852534216,0.524327867138599,80,"1 16 49 64",1
"POOLED_Xslope3XSMS2ORXslope3XSMS381","(No Seeds, High Slopes, SMS (All))",2.15850897726576,0.0852282336756193,81,"1 16 49 64",1
"POOLED_trusted0Xslope3XSMS2ORtrusted0Xslope3XSMS381","(Trusted Seeds, High Slope, SMS (All))",3.10082600322466,0.0391892925816264,81,"1 16 49 64",1
"POOLED_gossip2Xslope2XSMS2ORgossip2Xslope3XSMS2ORgossip2Xslope2XSMS3ORgossip2Xslope3XSMS381","(Info Hubs, Slopes (All), SMS (All))",4.35566779130079,2.13698078674155e-05,81,"1 16 49 64",1
"POOLED_gossip3Xslope2XSMS2ORgossip3Xslope3XSMS2ORgossip3Xslope2XSMS3ORgossip3Xslope3XSMS381","(Trusted Info Hubs, Slopes (All), SMS (All))",-0.425481334821383,0.598734175602833,81,"1 16 49 64",1
"POOLED_Xslope3XSMS2ORXslope3XSMS382","(No Seeds, High Slopes, SMS (All))",2.19480513884328,0.20980192173315,82,"1 16 49 64",1
"POOLED_trusted0Xslope3XSMS2ORtrusted0Xslope3XSMS382","(Trusted Seeds, High Slope, SMS (All))",4.5807194859813,0.00466909129535229,82,"1 16 49 64",1
"POOLED_gossip2Xslope2XSMS2ORgossip2Xslope3XSMS2ORgossip2Xslope2XSMS3ORgossip2Xslope3XSMS382","(Info Hubs, Slopes (All), SMS (All))",4.8313402271072,0.00131260778413262,82,"1 16 49 64",1
"POOLED_gossip3Xslope2XSMS2ORgossip3Xslope3XSMS2ORgossip3Xslope2XSMS3ORgossip3Xslope3XSMS382","(Trusted Info Hubs, Slopes (All), SMS (All))",-0.685347582502662,0.456804533830241,82,"1 16 49 64",1
"POOLED_Xslope3XSMS2ORXslope3XSMS383","(No Seeds, High Slopes, SMS (All))",3.2242169978511,0.105406686974733,83,"1 16 49 64",1
"POOLED_trusted0Xslope3XSMS2ORtrusted0Xslope3XSMS383","(Trusted Seeds, High Slope, SMS (All))",3.08125546673213,0.0253778989880435,83,"1 16 49 64",1
"POOLED_gossip2Xslope2XSMS2ORgossip2Xslope3XSMS2ORgossip2Xslope2XSMS3ORgossip2Xslope3XSMS383","(Info Hubs, Slopes (All), SMS (All))",3.11706461299648,0.00620647412458043,83,"1 16 49 64",1
"POOLED_gossip3Xslope2XSMS2ORgossip3Xslope3XSMS2ORgossip3Xslope2XSMS3ORgossip3Xslope3XSMS383","(Trusted Info Hubs, Slopes (All), SMS (All))",-0.818863849268292,0.344968584950357,83,"1 16 49 64",1
"POOLED_Xslope3XSMS2ORXslope3XSMS384","(No Seeds, High Slopes, SMS (All))",2.42491252489297,0.18908133893654,84,"1 16 49 64",1
"POOLED_trusted0Xslope3XSMS2ORtrusted0Xslope3XSMS384","(Trusted Seeds, High Slope, SMS (All))",2.81816862221807,0.0222457001547654,84,"1 16 49 64",1
"POOLED_gossip2Xslope2XSMS2ORgossip2Xslope3XSMS2ORgossip2Xslope2XSMS3ORgossip2Xslope3XSMS384","(Info Hubs, Slopes (All), SMS (All))",4.0191520258382,0.00252777038808235,84,"1 16 49 64",1
"POOLED_gossip3Xslope2XSMS2ORgossip3Xslope3XSMS2ORgossip3Xslope2XSMS3ORgossip3Xslope3XSMS384","(Trusted Info Hubs, Slopes (All), SMS (All))",-0.175086897767639,0.863396544222975,84,"1 16 49 64",1
"POOLED_Xslope3XSMS2ORXslope3XSMS385","(No Seeds, High Slopes, SMS (All))",2.50490002040537,0.0951783643188943,85,"1 16 49 64",1
"POOLED_trusted0Xslope3XSMS2ORtrusted0Xslope3XSMS385","(Trusted Seeds, High Slope, SMS (All))",4.17497374635262,0.0213410933793146,85,"1 16 49 64",1
"POOLED_gossip2Xslope2XSMS2ORgossip2Xslope3XSMS2ORgossip2Xslope2XSMS3ORgossip2Xslope3XSMS385","(Info Hubs, Slopes (All), SMS (All))",3.56535925152141,0.00132396141881489,85,"1 16 49 64",1
"POOLED_gossip3Xslope2XSMS2ORgossip3Xslope3XSMS2ORgossip3Xslope2XSMS3ORgossip3Xslope3XSMS385","(Trusted Info Hubs, Slopes (All), SMS (All))",-0.789098829934218,0.238096835113813,85,"1 16 49 64",1
"POOLED_Xslope3XSMS2ORXslope3XSMS386","(No Seeds, High Slopes, SMS (All))",2.65033420371766,0.100186359448089,86,"1 16 49 64",1
"POOLED_trusted0Xslope3XSMS2ORtrusted0Xslope3XSMS386","(Trusted Seeds, High Slope, SMS (All))",3.74416130146294,0.00501290862998222,86,"1 16 49 64",1
"POOLED_gossip2Xslope2XSMS2ORgossip2Xslope3XSMS2ORgossip2Xslope2XSMS3ORgossip2Xslope3XSMS386","(Info Hubs, Slopes (All), SMS (All))",3.10569299586994,0.00548686999372198,86,"1 16 49 64",1
"POOLED_gossip3Xslope2XSMS2ORgossip3Xslope3XSMS2ORgossip3Xslope2XSMS3ORgossip3Xslope3XSMS386","(Trusted Info Hubs, Slopes (All), SMS (All))",-0.432580868434333,0.572183159806214,86,"1 16 49 64",1
"POOLED_Xslope3XSMS2ORXslope3XSMS387","(No Seeds, High Slopes, SMS (All))",4.38503295330354,0.112907375470598,87,"1 16 49 64",1
"POOLED_trusted0Xslope3XSMS2ORtrusted0Xslope3XSMS387","(Trusted Seeds, High Slope, SMS (All))",4.28137147999322,0.000302262630823434,87,"1 16 49 64",1
"POOLED_gossip2Xslope2XSMS2ORgossip2Xslope3XSMS2ORgossip2Xslope2XSMS3ORgossip2Xslope3XSMS387","(Info Hubs, Slopes (All), SMS (All))",3.8529094356828,0.000594313792914654,87,"1 16 49 64",1
"POOLED_gossip3Xslope2XSMS2ORgossip3Xslope3XSMS2ORgossip3Xslope2XSMS3ORgossip3Xslope3XSMS387","(Trusted Info Hubs, Slopes (All), SMS (All))",-0.172380883074242,0.861208462806355,87,"1 16 49 64",1
"POOLED_Xslope3XSMS2ORXslope3XSMS388","(No Seeds, High Slopes, SMS (All))",3.13137107141827,0.0825515559137723,88,"1 16 49 64",1
"POOLED_trusted0Xslope3XSMS2ORtrusted0Xslope3XSMS388","(Trusted Seeds, High Slope, SMS (All))",3.67166390727252,0.0226398515759925,88,"1 16 49 64",1
"POOLED_gossip2Xslope2XSMS2ORgossip2Xslope3XSMS2ORgossip2Xslope2XSMS3ORgossip2Xslope3XSMS388","(Info Hubs, Slopes (All), SMS (All))",4.03731900400872,0.000683839671234163,88,"1 16 49 64",1
"POOLED_gossip3Xslope2XSMS2ORgossip3Xslope3XSMS2ORgossip3Xslope2XSMS3ORgossip3Xslope3XSMS388","(Trusted Info Hubs, Slopes (All), SMS (All))",-0.468224908321248,0.504260120181628,88,"1 16 49 64",1
"POOLED_Xslope3XSMS2ORXslope3XSMS389","(No Seeds, High Slopes, SMS (All))",2.58535855598917,0.120295121043962,89,"1 16 49 64",1
"POOLED_trusted0Xslope3XSMS2ORtrusted0Xslope3XSMS389","(Trusted Seeds, High Slope, SMS (All))",2.85783361832888,0.0516104338319251,89,"1 16 49 64",1
"POOLED_gossip2Xslope2XSMS2ORgossip2Xslope3XSMS2ORgossip2Xslope2XSMS3ORgossip2Xslope3XSMS389","(Info Hubs, Slopes (All), SMS (All))",4.86965694181409,0.000476435863459637,89,"1 16 49 64",1
"POOLED_gossip3Xslope2XSMS2ORgossip3Xslope3XSMS2ORgossip3Xslope2XSMS3ORgossip3Xslope3XSMS389","(Trusted Info Hubs, Slopes (All), SMS (All))",-1.21884849699767,0.111533825932939,89,"1 16 49 64",1
"POOLED_Xslope3XSMS2ORXslope3XSMS390","(No Seeds, High Slopes, SMS (All))",3.86868265214944,0.0818216110126196,90,"1 16 49 64",1
"POOLED_trusted0Xslope3XSMS2ORtrusted0Xslope3XSMS390","(Trusted Seeds, High Slope, SMS (All))",3.98437028925565,0.00689056530136712,90,"1 16 49 64",1
"POOLED_gossip2Xslope2XSMS2ORgossip2Xslope3XSMS2ORgossip2Xslope2XSMS3ORgossip2Xslope3XSMS390","(Info Hubs, Slopes (All), SMS (All))",3.85568397113247,7.46681826290708e-05,90,"1 16 49 64",1
"POOLED_gossip3Xslope2XSMS2ORgossip3Xslope3XSMS2ORgossip3Xslope2XSMS3ORgossip3Xslope3XSMS390","(Trusted Info Hubs, Slopes (All), SMS (All))",-0.318674189777996,0.667515281795919,90,"1 16 49 64",1
"POOLED_Xslope3XSMS2ORXslope3XSMS391","(No Seeds, High Slopes, SMS (All))",2.08393418860649,0.144930128642283,91,"1 16 49 64",1
"POOLED_trusted0Xslope3XSMS2ORtrusted0Xslope3XSMS391","(Trusted Seeds, High Slope, SMS (All))",2.58666387757514,0.128545752480142,91,"1 16 49 64",1
"POOLED_gossip2Xslope2XSMS2ORgossip2Xslope3XSMS2ORgossip2Xslope2XSMS3ORgossip2Xslope3XSMS391","(Info Hubs, Slopes (All), SMS (All))",3.5552512045586,0.00364836073427371,91,"1 16 49 64",1
"POOLED_gossip3Xslope2XSMS2ORgossip3Xslope3XSMS2ORgossip3Xslope2XSMS3ORgossip3Xslope3XSMS391","(Trusted Info Hubs, Slopes (All), SMS (All))",-1.01056017860397,0.139766545553516,91,"1 16 49 64",1
"POOLED_Xslope3XSMS2ORXslope3XSMS392","(No Seeds, High Slopes, SMS (All))",2.88967132810646,0.152048760642283,92,"1 16 49 64",1
"POOLED_trusted0Xslope3XSMS2ORtrusted0Xslope3XSMS392","(Trusted Seeds, High Slope, SMS (All))",3.43773832531578,0.00956603981308059,92,"1 16 49 64",1
"POOLED_gossip2Xslope2XSMS2ORgossip2Xslope3XSMS2ORgossip2Xslope2XSMS3ORgossip2Xslope3XSMS392","(Info Hubs, Slopes (All), SMS (All))",3.64867450581093,0.00808197813459328,92,"1 16 49 64",1
"POOLED_gossip3Xslope2XSMS2ORgossip3Xslope3XSMS2ORgossip3Xslope2XSMS3ORgossip3Xslope3XSMS392","(Trusted Info Hubs, Slopes (All), SMS (All))",-0.61356516063207,0.420849329082571,92,"1 16 49 64",1
"POOLED_Xslope3XSMS2ORXslope3XSMS393","(No Seeds, High Slopes, SMS (All))",1.89299899654417,0.247743801467963,93,"1 16 49 64",1
"POOLED_trusted0Xslope3XSMS2ORtrusted0Xslope3XSMS393","(Trusted Seeds, High Slope, SMS (All))",2.31814840510618,0.079839916853077,93,"1 16 49 64",1
"POOLED_gossip2Xslope2XSMS2ORgossip2Xslope3XSMS2ORgossip2Xslope2XSMS3ORgossip2Xslope3XSMS393","(Info Hubs, Slopes (All), SMS (All))",3.20158088448054,0.00380533595090353,93,"1 16 49 64",1
"POOLED_gossip3Xslope2XSMS2ORgossip3Xslope3XSMS2ORgossip3Xslope2XSMS3ORgossip3Xslope3XSMS393","(Trusted Info Hubs, Slopes (All), SMS (All))",-0.509291248002593,0.573959710098,93,"1 16 49 64",1
"POOLED_Xslope3XSMS2ORXslope3XSMS394","(No Seeds, High Slopes, SMS (All))",3.15028818842971,0.0702377687951621,94,"1 16 49 64",1
"POOLED_trusted0Xslope3XSMS2ORtrusted0Xslope3XSMS394","(Trusted Seeds, High Slope, SMS (All))",4.07577763383177,0.00628497246739889,94,"1 16 49 64",1
"POOLED_gossip2Xslope2XSMS2ORgossip2Xslope3XSMS2ORgossip2Xslope2XSMS3ORgossip2Xslope3XSMS394","(Info Hubs, Slopes (All), SMS (All))",4.3814704999313,0.00368464292420806,94,"1 16 49 64",1
"POOLED_gossip3Xslope2XSMS2ORgossip3Xslope3XSMS2ORgossip3Xslope2XSMS3ORgossip3Xslope3XSMS394","(Trusted Info Hubs, Slopes (All), SMS (All))",-0.395346038934112,0.682848828558942,94,"1 16 49 64",1
"POOLED_Xslope3XSMS2ORXslope3XSMS395","(No Seeds, High Slopes, SMS (All))",2.16887330945177,0.153535851656388,95,"1 16 49 64",1
"POOLED_trusted0Xslope3XSMS2ORtrusted0Xslope3XSMS395","(Trusted Seeds, High Slope, SMS (All))",2.60221266275601,0.040700726139428,95,"1 16 49 64",1
"POOLED_gossip2Xslope2XSMS2ORgossip2Xslope3XSMS2ORgossip2Xslope2XSMS3ORgossip2Xslope3XSMS395","(Info Hubs, Slopes (All), SMS (All))",3.01535991686267,0.00417470153283678,95,"1 16 49 64",1
"POOLED_gossip3Xslope2XSMS2ORgossip3Xslope3XSMS2ORgossip3Xslope2XSMS3ORgossip3Xslope3XSMS395","(Trusted Info Hubs, Slopes (All), SMS (All))",-0.197481952478751,0.800074833917164,95,"1 16 49 64",1
"POOLED_Xslope3XSMS2ORXslope3XSMS396","(No Seeds, High Slopes, SMS (All))",2.16717017816488,0.194983184802181,96,"1 16 49 64",1
"POOLED_trusted0Xslope3XSMS2ORtrusted0Xslope3XSMS396","(Trusted Seeds, High Slope, SMS (All))",2.8036636398836,0.0300091094095454,96,"1 16 49 64",1
"POOLED_gossip2Xslope2XSMS2ORgossip2Xslope3XSMS2ORgossip2Xslope2XSMS3ORgossip2Xslope3XSMS396","(Info Hubs, Slopes (All), SMS (All))",3.66231310087604,0.00491845346677763,96,"1 16 49 64",1
"POOLED_gossip3Xslope2XSMS2ORgossip3Xslope3XSMS2ORgossip3Xslope2XSMS3ORgossip3Xslope3XSMS396","(Trusted Info Hubs, Slopes (All), SMS (All))",-0.57881034387894,0.478037105647442,96,"1 16 49 64",1
"POOLED_Xslope3XSMS2ORXslope3XSMS397","(No Seeds, High Slopes, SMS (All))",1.37739553697039,0.272140067173116,97,"1 16 49 64",1
"POOLED_trusted0Xslope3XSMS2ORtrusted0Xslope3XSMS397","(Trusted Seeds, High Slope, SMS (All))",2.42329042372718,0.0400882259503874,97,"1 16 49 64",1
"POOLED_gossip2Xslope2XSMS2ORgossip2Xslope3XSMS2ORgossip2Xslope2XSMS3ORgossip2Xslope3XSMS397","(Info Hubs, Slopes (All), SMS (All))",4.88322131989305,0.000308721421927364,97,"1 16 49 64",1
"POOLED_gossip3Xslope2XSMS2ORgossip3Xslope3XSMS2ORgossip3Xslope2XSMS3ORgossip3Xslope3XSMS397","(Trusted Info Hubs, Slopes (All), SMS (All))",-0.468177167359031,0.544438933695568,97,"1 16 49 64",1
"POOLED_Xslope3XSMS2ORXslope3XSMS398","(No Seeds, High Slopes, SMS (All))",2.40025868913079,0.187359672054965,98,"1 16 49 64",1
"POOLED_trusted0Xslope3XSMS2ORtrusted0Xslope3XSMS398","(Trusted Seeds, High Slope, SMS (All))",2.73762155434865,0.0497032256894317,98,"1 16 49 64",1
"POOLED_gossip2Xslope2XSMS2ORgossip2Xslope3XSMS2ORgossip2Xslope2XSMS3ORgossip2Xslope3XSMS398","(Info Hubs, Slopes (All), SMS (All))",4.76660654118186,0.000566539252426257,98,"1 16 49 64",1
"POOLED_gossip3Xslope2XSMS2ORgossip3Xslope3XSMS2ORgossip3Xslope2XSMS3ORgossip3Xslope3XSMS398","(Trusted Info Hubs, Slopes (All), SMS (All))",-0.035011847986393,0.968899692382746,98,"1 16 49 64",1
"POOLED_Xslope3XSMS2ORXslope3XSMS399","(No Seeds, High Slopes, SMS (All))",3.00309055800591,0.12931437971419,99,"1 16 49 64",1
"POOLED_trusted0Xslope3XSMS2ORtrusted0Xslope3XSMS399","(Trusted Seeds, High Slope, SMS (All))",2.35956165310466,0.0750785953139858,99,"1 16 49 64",1
"POOLED_gossip2Xslope2XSMS2ORgossip2Xslope3XSMS2ORgossip2Xslope2XSMS3ORgossip2Xslope3XSMS399","(Info Hubs, Slopes (All), SMS (All))",3.68949674701089,0.00235124761900039,99,"1 16 49 64",1
"POOLED_gossip3Xslope2XSMS2ORgossip3Xslope3XSMS2ORgossip3Xslope2XSMS3ORgossip3Xslope3XSMS399","(Trusted Info Hubs, Slopes (All), SMS (All))",-0.229430283172359,0.747368682492943,99,"1 16 49 64",1
"POOLED_Xslope3XSMS2ORXslope3XSMS3100","(No Seeds, High Slopes, SMS (All))",3.41047232274091,0.0652648545894448,100,"1 16 49 64",1
"POOLED_trusted0Xslope3XSMS2ORtrusted0Xslope3XSMS3100","(Trusted Seeds, High Slope, SMS (All))",2.53248009340947,0.111661874641291,100,"1 16 49 64",1
"POOLED_gossip2Xslope2XSMS2ORgossip2Xslope3XSMS2ORgossip2Xslope2XSMS3ORgossip2Xslope3XSMS3100","(Info Hubs, Slopes (All), SMS (All))",3.05592944493948,0.0193288837413979,100,"1 16 49 64",1
"POOLED_gossip3Xslope2XSMS2ORgossip3Xslope3XSMS2ORgossip3Xslope2XSMS3ORgossip3Xslope3XSMS3100","(Trusted Info Hubs, Slopes (All), SMS (All))",-0.252444771724155,0.745731681503672,100,"1 16 49 64",1
"POOLED_Xslope3XSMS2ORXslope3XSMS3101","(No Seeds, High Slopes, SMS (All))",3.48567024050887,0.123000020896676,101,"1 16 49 64",1
"POOLED_trusted0Xslope3XSMS2ORtrusted0Xslope3XSMS3101","(Trusted Seeds, High Slope, SMS (All))",3.92960011084324,0.0093276997191101,101,"1 16 49 64",1
"POOLED_gossip2Xslope2XSMS2ORgossip2Xslope3XSMS2ORgossip2Xslope2XSMS3ORgossip2Xslope3XSMS3101","(Info Hubs, Slopes (All), SMS (All))",3.20491139461645,0.00068655458966156,101,"1 16 49 64",1
"POOLED_gossip3Xslope2XSMS2ORgossip3Xslope3XSMS2ORgossip3Xslope2XSMS3ORgossip3Xslope3XSMS3101","(Trusted Info Hubs, Slopes (All), SMS (All))",-0.59976151736629,0.525325731370672,101,"1 16 49 64",1
"POOLED_Xslope3XSMS2ORXslope3XSMS3102","(No Seeds, High Slopes, SMS (All))",2.7847188185608,0.240297821579642,102,"1 16 49 64",1
"POOLED_trusted0Xslope3XSMS2ORtrusted0Xslope3XSMS3102","(Trusted Seeds, High Slope, SMS (All))",3.94414765382017,0.00739102987590496,102,"1 16 49 64",1
"POOLED_gossip2Xslope2XSMS2ORgossip2Xslope3XSMS2ORgossip2Xslope2XSMS3ORgossip2Xslope3XSMS3102","(Info Hubs, Slopes (All), SMS (All))",4.54295597690874,3.70263408357462e-05,102,"1 16 49 64",1
"POOLED_gossip3Xslope2XSMS2ORgossip3Xslope3XSMS2ORgossip3Xslope2XSMS3ORgossip3Xslope3XSMS3102","(Trusted Info Hubs, Slopes (All), SMS (All))",-0.523313494471325,0.480284635361837,102,"1 16 49 64",1
"POOLED_Xslope3XSMS2ORXslope3XSMS3103","(No Seeds, High Slopes, SMS (All))",2.09011662048844,0.249753361172795,103,"1 16 49 64",1
"POOLED_trusted0Xslope3XSMS2ORtrusted0Xslope3XSMS3103","(Trusted Seeds, High Slope, SMS (All))",3.57106751518214,0.00857570425016622,103,"1 16 49 64",1
"POOLED_gossip2Xslope2XSMS2ORgossip2Xslope3XSMS2ORgossip2Xslope2XSMS3ORgossip2Xslope3XSMS3103","(Info Hubs, Slopes (All), SMS (All))",4.58294953610696,0.00277181176448609,103,"1 16 49 64",1
"POOLED_gossip3Xslope2XSMS2ORgossip3Xslope3XSMS2ORgossip3Xslope2XSMS3ORgossip3Xslope3XSMS3103","(Trusted Info Hubs, Slopes (All), SMS (All))",-0.717290125638463,0.264456880487851,103,"1 16 49 64",1
"POOLED_Xslope3XSMS2ORXslope3XSMS3104","(No Seeds, High Slopes, SMS (All))",2.62959206028151,0.145787480705889,104,"1 16 49 64",1
"POOLED_trusted0Xslope3XSMS2ORtrusted0Xslope3XSMS3104","(Trusted Seeds, High Slope, SMS (All))",2.07859786580584,0.0523724578317442,104,"1 16 49 64",1
"POOLED_gossip2Xslope2XSMS2ORgossip2Xslope3XSMS2ORgossip2Xslope2XSMS3ORgossip2Xslope3XSMS3104","(Info Hubs, Slopes (All), SMS (All))",2.83787046491585,0.00927878713534284,104,"1 16 49 64",1
"POOLED_gossip3Xslope2XSMS2ORgossip3Xslope3XSMS2ORgossip3Xslope2XSMS3ORgossip3Xslope3XSMS3104","(Trusted Info Hubs, Slopes (All), SMS (All))",-0.143959364734439,0.874678155976058,104,"1 16 49 64",1
"POOLED_Xslope3XSMS2ORXslope3XSMS3105","(No Seeds, High Slopes, SMS (All))",1.60651626351883,0.228383066684385,105,"1 16 49 64",1
"POOLED_trusted0Xslope3XSMS2ORtrusted0Xslope3XSMS3105","(Trusted Seeds, High Slope, SMS (All))",3.84558081610453,0.00587187077953355,105,"1 16 49 64",1
"POOLED_gossip2Xslope2XSMS2ORgossip2Xslope3XSMS2ORgossip2Xslope2XSMS3ORgossip2Xslope3XSMS3105","(Info Hubs, Slopes (All), SMS (All))",4.20679605454074,0.0015082628194674,105,"1 16 49 64",1
"POOLED_gossip3Xslope2XSMS2ORgossip3Xslope3XSMS2ORgossip3Xslope2XSMS3ORgossip3Xslope3XSMS3105","(Trusted Info Hubs, Slopes (All), SMS (All))",-0.0298872912612115,0.97223875995052,105,"1 16 49 64",1
"POOLED_Xslope3XSMS2ORXslope3XSMS3106","(No Seeds, High Slopes, SMS (All))",3.98435247621529,0.0645938994285222,106,"1 16 49 64",1
"POOLED_trusted0Xslope3XSMS2ORtrusted0Xslope3XSMS3106","(Trusted Seeds, High Slope, SMS (All))",3.57560061336203,0.0574134045457472,106,"1 16 49 64",1
"POOLED_gossip2Xslope2XSMS2ORgossip2Xslope3XSMS2ORgossip2Xslope2XSMS3ORgossip2Xslope3XSMS3106","(Info Hubs, Slopes (All), SMS (All))",4.44650369318434,0.00196119359234234,106,"1 16 49 64",1
"POOLED_gossip3Xslope2XSMS2ORgossip3Xslope3XSMS2ORgossip3Xslope2XSMS3ORgossip3Xslope3XSMS3106","(Trusted Info Hubs, Slopes (All), SMS (All))",-0.443854680734167,0.599039812389879,106,"1 16 49 64",1
"POOLED_Xslope3XSMS2ORXslope3XSMS3107","(No Seeds, High Slopes, SMS (All))",2.28811208746518,0.187174843095921,107,"1 16 49 64",1
"POOLED_trusted0Xslope3XSMS2ORtrusted0Xslope3XSMS3107","(Trusted Seeds, High Slope, SMS (All))",3.45364918224533,0.018567727454162,107,"1 16 49 64",1
"POOLED_gossip2Xslope2XSMS2ORgossip2Xslope3XSMS2ORgossip2Xslope2XSMS3ORgossip2Xslope3XSMS3107","(Info Hubs, Slopes (All), SMS (All))",3.99512915967938,0.000386822658335172,107,"1 16 49 64",1
"POOLED_gossip3Xslope2XSMS2ORgossip3Xslope3XSMS2ORgossip3Xslope2XSMS3ORgossip3Xslope3XSMS3107","(Trusted Info Hubs, Slopes (All), SMS (All))",-0.612791066365503,0.454462288461464,107,"1 16 49 64",1
"POOLED_Xslope3XSMS2ORXslope3XSMS3108","(No Seeds, High Slopes, SMS (All))",1.98003233526366,0.17749964103461,108,"1 16 49 64",1
"POOLED_trusted0Xslope3XSMS2ORtrusted0Xslope3XSMS3108","(Trusted Seeds, High Slope, SMS (All))",3.58862867671727,0.00687787974842783,108,"1 16 49 64",1
"POOLED_gossip2Xslope2XSMS2ORgossip2Xslope3XSMS2ORgossip2Xslope2XSMS3ORgossip2Xslope3XSMS3108","(Info Hubs, Slopes (All), SMS (All))",4.20204077570328,0.00202759335427515,108,"1 16 49 64",1
"POOLED_gossip3Xslope2XSMS2ORgossip3Xslope3XSMS2ORgossip3Xslope2XSMS3ORgossip3Xslope3XSMS3108","(Trusted Info Hubs, Slopes (All), SMS (All))",-0.44998929289121,0.553880279870473,108,"1 16 49 64",1
"POOLED_Xslope3XSMS2ORXslope3XSMS3109","(No Seeds, High Slopes, SMS (All))",2.32214784617292,0.193807216956868,109,"1 16 49 64",1
"POOLED_trusted0Xslope3XSMS2ORtrusted0Xslope3XSMS3109","(Trusted Seeds, High Slope, SMS (All))",2.92372855766999,0.0276097069328109,109,"1 16 49 64",1
"POOLED_gossip2Xslope2XSMS2ORgossip2Xslope3XSMS2ORgossip2Xslope2XSMS3ORgossip2Xslope3XSMS3109","(Info Hubs, Slopes (All), SMS (All))",4.061476035677,0.015109758125367,109,"1 16 49 64",1
"POOLED_gossip3Xslope2XSMS2ORgossip3Xslope3XSMS2ORgossip3Xslope2XSMS3ORgossip3Xslope3XSMS3109","(Trusted Info Hubs, Slopes (All), SMS (All))",-0.159135336558243,0.848547025349631,109,"1 16 49 64",1
"POOLED_Xslope3XSMS2ORXslope3XSMS3110","(No Seeds, High Slopes, SMS (All))",2.53051705041965,0.137322625796359,110,"1 16 49 64",1
"POOLED_trusted0Xslope3XSMS2ORtrusted0Xslope3XSMS3110","(Trusted Seeds, High Slope, SMS (All))",3.23740698577854,0.057120606289746,110,"1 16 49 64",1
"POOLED_gossip2Xslope2XSMS2ORgossip2Xslope3XSMS2ORgossip2Xslope2XSMS3ORgossip2Xslope3XSMS3110","(Info Hubs, Slopes (All), SMS (All))",3.11921893787468,0.0327735860822788,110,"1 16 49 64",1
"POOLED_gossip3Xslope2XSMS2ORgossip3Xslope3XSMS2ORgossip3Xslope2XSMS3ORgossip3Xslope3XSMS3110","(Trusted Info Hubs, Slopes (All), SMS (All))",-0.494520475416662,0.50670674531174,110,"1 16 49 64",1
"POOLED_Xslope3XSMS2ORXslope3XSMS3111","(No Seeds, High Slopes, SMS (All))",2.42414349462067,0.109734062745652,111,"1 16 49 64",1
"POOLED_trusted0Xslope3XSMS2ORtrusted0Xslope3XSMS3111","(Trusted Seeds, High Slope, SMS (All))",3.74484561576386,0.00491231523908923,111,"1 16 49 64",1
"POOLED_gossip2Xslope2XSMS2ORgossip2Xslope3XSMS2ORgossip2Xslope2XSMS3ORgossip2Xslope3XSMS3111","(Info Hubs, Slopes (All), SMS (All))",5.06416895816159,8.4645683244402e-05,111,"1 16 49 64",1
"POOLED_gossip3Xslope2XSMS2ORgossip3Xslope3XSMS2ORgossip3Xslope2XSMS3ORgossip3Xslope3XSMS3111","(Trusted Info Hubs, Slopes (All), SMS (All))",-0.534578601779549,0.589984887538268,111,"1 16 49 64",1
"POOLED_Xslope3XSMS2ORXslope3XSMS3112","(No Seeds, High Slopes, SMS (All))",2.01036883307702,0.215853714445711,112,"1 16 49 64",1
"POOLED_trusted0Xslope3XSMS2ORtrusted0Xslope3XSMS3112","(Trusted Seeds, High Slope, SMS (All))",3.19885516244705,0.018068024775481,112,"1 16 49 64",1
"POOLED_gossip2Xslope2XSMS2ORgossip2Xslope3XSMS2ORgossip2Xslope2XSMS3ORgossip2Xslope3XSMS3112","(Info Hubs, Slopes (All), SMS (All))",4.10218326976014,0.00906507541586577,112,"1 16 49 64",1
"POOLED_gossip3Xslope2XSMS2ORgossip3Xslope3XSMS2ORgossip3Xslope2XSMS3ORgossip3Xslope3XSMS3112","(Trusted Info Hubs, Slopes (All), SMS (All))",-0.663998629020229,0.437455909620945,112,"1 16 49 64",1
"POOLED_Xslope3XSMS2ORXslope3XSMS3113","(No Seeds, High Slopes, SMS (All))",1.78091893233435,0.223838322977729,113,"1 16 49 64",1
"POOLED_trusted0Xslope3XSMS2ORtrusted0Xslope3XSMS3113","(Trusted Seeds, High Slope, SMS (All))",3.30840388912902,0.00612393439525483,113,"1 16 49 64",1
"POOLED_gossip2Xslope2XSMS2ORgossip2Xslope3XSMS2ORgossip2Xslope2XSMS3ORgossip2Xslope3XSMS3113","(Info Hubs, Slopes (All), SMS (All))",3.26635452740647,0.000355440160419759,113,"1 16 49 64",1
"POOLED_gossip3Xslope2XSMS2ORgossip3Xslope3XSMS2ORgossip3Xslope2XSMS3ORgossip3Xslope3XSMS3113","(Trusted Info Hubs, Slopes (All), SMS (All))",-0.765354371350621,0.221938758066533,113,"1 16 49 64",1
"POOLED_Xslope3XSMS2ORXslope3XSMS3114","(No Seeds, High Slopes, SMS (All))",2.53153193459817,0.183438380663256,114,"1 16 49 64",1
"POOLED_trusted0Xslope3XSMS2ORtrusted0Xslope3XSMS3114","(Trusted Seeds, High Slope, SMS (All))",3.49681462480706,0.0348903820182012,114,"1 16 49 64",1
"POOLED_gossip2Xslope2XSMS2ORgossip2Xslope3XSMS2ORgossip2Xslope2XSMS3ORgossip2Xslope3XSMS3114","(Info Hubs, Slopes (All), SMS (All))",3.53578734321466,0.00363240859983694,114,"1 16 49 64",1
"POOLED_gossip3Xslope2XSMS2ORgossip3Xslope3XSMS2ORgossip3Xslope2XSMS3ORgossip3Xslope3XSMS3114","(Trusted Info Hubs, Slopes (All), SMS (All))",-0.481259361952648,0.571926092205165,114,"1 16 49 64",1
"POOLED_Xslope3XSMS2ORXslope3XSMS3115","(No Seeds, High Slopes, SMS (All))",2.88803910843134,0.0763785865131809,115,"1 16 49 64",1
"POOLED_trusted0Xslope3XSMS2ORtrusted0Xslope3XSMS3115","(Trusted Seeds, High Slope, SMS (All))",2.875368285954,0.0357419429711502,115,"1 16 49 64",1
"POOLED_gossip2Xslope2XSMS2ORgossip2Xslope3XSMS2ORgossip2Xslope2XSMS3ORgossip2Xslope3XSMS3115","(Info Hubs, Slopes (All), SMS (All))",4.37543485211269,0.000171339291841795,115,"1 16 49 64",1
"POOLED_gossip3Xslope2XSMS2ORgossip3Xslope3XSMS2ORgossip3Xslope2XSMS3ORgossip3Xslope3XSMS3115","(Trusted Info Hubs, Slopes (All), SMS (All))",0.117495914127194,0.891270708885358,115,"1 16 49 64",1
"POOLED_Xslope3XSMS2ORXslope3XSMS3116","(No Seeds, High Slopes, SMS (All))",2.11750357720234,0.210133984221553,116,"1 16 49 64",1
"POOLED_trusted0Xslope3XSMS2ORtrusted0Xslope3XSMS3116","(Trusted Seeds, High Slope, SMS (All))",4.01635722944906,0.00974288316386547,116,"1 16 49 64",1
"POOLED_gossip2Xslope2XSMS2ORgossip2Xslope3XSMS2ORgossip2Xslope2XSMS3ORgossip2Xslope3XSMS3116","(Info Hubs, Slopes (All), SMS (All))",4.88785904799675,0.000290232803467499,116,"1 16 49 64",1
"POOLED_gossip3Xslope2XSMS2ORgossip3Xslope3XSMS2ORgossip3Xslope2XSMS3ORgossip3Xslope3XSMS3116","(Trusted Info Hubs, Slopes (All), SMS (All))",-0.0559936631048266,0.939011831168997,116,"1 16 49 64",1
"POOLED_Xslope3XSMS2ORXslope3XSMS3117","(No Seeds, High Slopes, SMS (All))",2.17776947649156,0.101393255065222,117,"1 16 49 64",1
"POOLED_trusted0Xslope3XSMS2ORtrusted0Xslope3XSMS3117","(Trusted Seeds, High Slope, SMS (All))",2.90274428665139,0.0192987528536683,117,"1 16 49 64",1
"POOLED_gossip2Xslope2XSMS2ORgossip2Xslope3XSMS2ORgossip2Xslope2XSMS3ORgossip2Xslope3XSMS3117","(Info Hubs, Slopes (All), SMS (All))",4.09104062290792,0.00184158782226353,117,"1 16 49 64",1
"POOLED_gossip3Xslope2XSMS2ORgossip3Xslope3XSMS2ORgossip3Xslope2XSMS3ORgossip3Xslope3XSMS3117","(Trusted Info Hubs, Slopes (All), SMS (All))",-0.315930310579687,0.678925129361084,117,"1 16 49 64",1
"POOLED_Xslope3XSMS2ORXslope3XSMS3118","(No Seeds, High Slopes, SMS (All))",2.80471319250202,0.224964075195606,118,"1 16 49 64",1
"POOLED_trusted0Xslope3XSMS2ORtrusted0Xslope3XSMS3118","(Trusted Seeds, High Slope, SMS (All))",3.48137666102178,0.00706481492519001,118,"1 16 49 64",1
"POOLED_gossip2Xslope2XSMS2ORgossip2Xslope3XSMS2ORgossip2Xslope2XSMS3ORgossip2Xslope3XSMS3118","(Info Hubs, Slopes (All), SMS (All))",4.1337955029208,0.0135454323304049,118,"1 16 49 64",1
"POOLED_gossip3Xslope2XSMS2ORgossip3Xslope3XSMS2ORgossip3Xslope2XSMS3ORgossip3Xslope3XSMS3118","(Trusted Info Hubs, Slopes (All), SMS (All))",-0.713314629099333,0.333806413949583,118,"1 16 49 64",1
"POOLED_Xslope3XSMS2ORXslope3XSMS3119","(No Seeds, High Slopes, SMS (All))",2.79993084375522,0.148259173386837,119,"1 16 49 64",1
"POOLED_trusted0Xslope3XSMS2ORtrusted0Xslope3XSMS3119","(Trusted Seeds, High Slope, SMS (All))",2.965556120874,0.0321187065452097,119,"1 16 49 64",1
"POOLED_gossip2Xslope2XSMS2ORgossip2Xslope3XSMS2ORgossip2Xslope2XSMS3ORgossip2Xslope3XSMS3119","(Info Hubs, Slopes (All), SMS (All))",3.52061149664032,0.00107932378336514,119,"1 16 49 64",1
"POOLED_gossip3Xslope2XSMS2ORgossip3Xslope3XSMS2ORgossip3Xslope2XSMS3ORgossip3Xslope3XSMS3119","(Trusted Info Hubs, Slopes (All), SMS (All))",-0.50515679439577,0.553420112957888,119,"1 16 49 64",1
"POOLED_Xslope3XSMS2ORXslope3XSMS3120","(No Seeds, High Slopes, SMS (All))",2.36184993815727,0.204141900881163,120,"1 16 49 64",1
"POOLED_trusted0Xslope3XSMS2ORtrusted0Xslope3XSMS3120","(Trusted Seeds, High Slope, SMS (All))",3.61705633795344,0.0287180636986991,120,"1 16 49 64",1
"POOLED_gossip2Xslope2XSMS2ORgossip2Xslope3XSMS2ORgossip2Xslope2XSMS3ORgossip2Xslope3XSMS3120","(Info Hubs, Slopes (All), SMS (All))",3.97225791473767,0.00102864385392801,120,"1 16 49 64",1
"POOLED_gossip3Xslope2XSMS2ORgossip3Xslope3XSMS2ORgossip3Xslope2XSMS3ORgossip3Xslope3XSMS3120","(Trusted Info Hubs, Slopes (All), SMS (All))",-0.358994559986069,0.661409839165448,120,"1 16 49 64",1
"POOLED_Xslope3XSMS2ORXslope3XSMS3121","(No Seeds, High Slopes, SMS (All))",1.57391833460441,0.30300164012918,121,"1 16 49 64",1
"POOLED_trusted0Xslope3XSMS2ORtrusted0Xslope3XSMS3121","(Trusted Seeds, High Slope, SMS (All))",1.56487439577679,0.241545499811428,121,"1 16 49 64",1
"POOLED_gossip2Xslope2XSMS2ORgossip2Xslope3XSMS2ORgossip2Xslope2XSMS3ORgossip2Xslope3XSMS3121","(Info Hubs, Slopes (All), SMS (All))",3.81042843909224,0.0119724054566508,121,"1 16 49 64",1
"POOLED_gossip3Xslope2XSMS2ORgossip3Xslope3XSMS2ORgossip3Xslope2XSMS3ORgossip3Xslope3XSMS3121","(Trusted Info Hubs, Slopes (All), SMS (All))",0.333868934511571,0.697050974529711,121,"1 16 49 64",1
"POOLED_Xslope3XSMS2ORXslope3XSMS3122","(No Seeds, High Slopes, SMS (All))",2.58403496869704,0.0800431938203557,122,"1 16 49 64",1
"POOLED_trusted0Xslope3XSMS2ORtrusted0Xslope3XSMS3122","(Trusted Seeds, High Slope, SMS (All))",4.13539147244074,0.0106354747848726,122,"1 16 49 64",1
"POOLED_gossip2Xslope2XSMS2ORgossip2Xslope3XSMS2ORgossip2Xslope2XSMS3ORgossip2Xslope3XSMS3122","(Info Hubs, Slopes (All), SMS (All))",4.74580683667799,0.000582949884141069,122,"1 16 49 64",1
"POOLED_gossip3Xslope2XSMS2ORgossip3Xslope3XSMS2ORgossip3Xslope2XSMS3ORgossip3Xslope3XSMS3122","(Trusted Info Hubs, Slopes (All), SMS (All))",-0.374272733195271,0.568044714332806,122,"1 16 49 64",1
"POOLED_Xslope3XSMS2ORXslope3XSMS3123","(No Seeds, High Slopes, SMS (All))",3.31247324656427,0.159023528616745,123,"1 16 49 64",1
"POOLED_trusted0Xslope3XSMS2ORtrusted0Xslope3XSMS3123","(Trusted Seeds, High Slope, SMS (All))",1.54987355854974,0.192746124387756,123,"1 16 49 64",1
"POOLED_gossip2Xslope2XSMS2ORgossip2Xslope3XSMS2ORgossip2Xslope2XSMS3ORgossip2Xslope3XSMS3123","(Info Hubs, Slopes (All), SMS (All))",3.77401886620993,0.00302426834567504,123,"1 16 49 64",1
"POOLED_gossip3Xslope2XSMS2ORgossip3Xslope3XSMS2ORgossip3Xslope2XSMS3ORgossip3Xslope3XSMS3123","(Trusted Info Hubs, Slopes (All), SMS (All))",-0.150558423615113,0.884829833586863,123,"1 16 49 64",1
"POOLED_Xslope3XSMS2ORXslope3XSMS3124","(No Seeds, High Slopes, SMS (All))",2.39250611217745,0.110573834775485,124,"1 16 49 64",1
"POOLED_trusted0Xslope3XSMS2ORtrusted0Xslope3XSMS3124","(Trusted Seeds, High Slope, SMS (All))",3.56381404812176,0.017596375289089,124,"1 16 49 64",1
"POOLED_gossip2Xslope2XSMS2ORgossip2Xslope3XSMS2ORgossip2Xslope2XSMS3ORgossip2Xslope3XSMS3124","(Info Hubs, Slopes (All), SMS (All))",3.8933638278358,0.000348701839554043,124,"1 16 49 64",1
"POOLED_gossip3Xslope2XSMS2ORgossip3Xslope3XSMS2ORgossip3Xslope2XSMS3ORgossip3Xslope3XSMS3124","(Trusted Info Hubs, Slopes (All), SMS (All))",-0.996076875156821,0.136565977941094,124,"1 16 49 64",1
"POOLED_Xslope3XSMS2ORXslope3XSMS3125","(No Seeds, High Slopes, SMS (All))",1.65670051314777,0.255462771332315,125,"1 16 49 64",1
"POOLED_trusted0Xslope3XSMS2ORtrusted0Xslope3XSMS3125","(Trusted Seeds, High Slope, SMS (All))",3.28776400600441,0.0189728770309103,125,"1 16 49 64",1
"POOLED_gossip2Xslope2XSMS2ORgossip2Xslope3XSMS2ORgossip2Xslope2XSMS3ORgossip2Xslope3XSMS3125","(Info Hubs, Slopes (All), SMS (All))",2.94223624805621,0.0094258492876497,125,"1 16 49 64",1
"POOLED_gossip3Xslope2XSMS2ORgossip3Xslope3XSMS2ORgossip3Xslope2XSMS3ORgossip3Xslope3XSMS3125","(Trusted Info Hubs, Slopes (All), SMS (All))",-0.379345003131006,0.629681008404672,125,"1 16 49 64",1
"POOLED_Xslope3XSMS2ORXslope3XSMS3126","(No Seeds, High Slopes, SMS (All))",1.80522270676214,0.3045556608262,126,"1 16 49 64",1
"POOLED_trusted0Xslope3XSMS2ORtrusted0Xslope3XSMS3126","(Trusted Seeds, High Slope, SMS (All))",2.81707255374854,0.0363022134404069,126,"1 16 49 64",1
"POOLED_gossip2Xslope2XSMS2ORgossip2Xslope3XSMS2ORgossip2Xslope2XSMS3ORgossip2Xslope3XSMS3126","(Info Hubs, Slopes (All), SMS (All))",3.23281401222372,0.0018241731681478,126,"1 16 49 64",1
"POOLED_gossip3Xslope2XSMS2ORgossip3Xslope3XSMS2ORgossip3Xslope2XSMS3ORgossip3Xslope3XSMS3126","(Trusted Info Hubs, Slopes (All), SMS (All))",-0.245515522082624,0.774517920952263,126,"1 16 49 64",1
"POOLED_Xslope3XSMS2ORXslope3XSMS3127","(No Seeds, High Slopes, SMS (All))",3.02831820181013,0.0836708943869894,127,"1 16 49 64",1
"POOLED_trusted0Xslope3XSMS2ORtrusted0Xslope3XSMS3127","(Trusted Seeds, High Slope, SMS (All))",2.37579335726436,0.0859860609230427,127,"1 16 49 64",1
"POOLED_gossip2Xslope2XSMS2ORgossip2Xslope3XSMS2ORgossip2Xslope2XSMS3ORgossip2Xslope3XSMS3127","(Info Hubs, Slopes (All), SMS (All))",4.74660990788529,0.000803498739984505,127,"1 16 49 64",1
"POOLED_gossip3Xslope2XSMS2ORgossip3Xslope3XSMS2ORgossip3Xslope2XSMS3ORgossip3Xslope3XSMS3127","(Trusted Info Hubs, Slopes (All), SMS (All))",-0.112278428247679,0.895916940169686,127,"1 16 49 64",1
"POOLED_Xslope3XSMS2ORXslope3XSMS3128","(No Seeds, High Slopes, SMS (All))",3.37639693333131,0.219075226090916,128,"1 16 49 64",1
"POOLED_trusted0Xslope3XSMS2ORtrusted0Xslope3XSMS3128","(Trusted Seeds, High Slope, SMS (All))",4.42893816201396,0.00113602183797919,128,"1 16 49 64",1
"POOLED_gossip2Xslope2XSMS2ORgossip2Xslope3XSMS2ORgossip2Xslope2XSMS3ORgossip2Xslope3XSMS3128","(Info Hubs, Slopes (All), SMS (All))",3.37477270826647,0.00577298048221429,128,"1 16 49 64",1
"POOLED_gossip3Xslope2XSMS2ORgossip3Xslope3XSMS2ORgossip3Xslope2XSMS3ORgossip3Xslope3XSMS3128","(Trusted Info Hubs, Slopes (All), SMS (All))",-0.423210895486145,0.58421949724884,128,"1 16 49 64",1
"POOLED_Xslope3XSMS2ORXslope3XSMS3129","(No Seeds, High Slopes, SMS (All))",1.81418509858677,0.311800556986953,129,"1 16 49 64",1
"POOLED_trusted0Xslope3XSMS2ORtrusted0Xslope3XSMS3129","(Trusted Seeds, High Slope, SMS (All))",3.09824575196872,0.0154790364186666,129,"1 16 49 64",1
"POOLED_gossip2Xslope2XSMS2ORgossip2Xslope3XSMS2ORgossip2Xslope2XSMS3ORgossip2Xslope3XSMS3129","(Info Hubs, Slopes (All), SMS (All))",3.40748537037712,0.0253317024704866,129,"1 16 49 64",1
"POOLED_gossip3Xslope2XSMS2ORgossip3Xslope3XSMS2ORgossip3Xslope2XSMS3ORgossip3Xslope3XSMS3129","(Trusted Info Hubs, Slopes (All), SMS (All))",-0.0490223714193448,0.954774471450417,129,"1 16 49 64",1
"POOLED_Xslope3XSMS2ORXslope3XSMS3130","(No Seeds, High Slopes, SMS (All))",2.81940222042322,0.100410890033383,130,"1 16 49 64",1
"POOLED_trusted0Xslope3XSMS2ORtrusted0Xslope3XSMS3130","(Trusted Seeds, High Slope, SMS (All))",3.16511593315692,0.0112111362111868,130,"1 16 49 64",1
"POOLED_gossip2Xslope2XSMS2ORgossip2Xslope3XSMS2ORgossip2Xslope2XSMS3ORgossip2Xslope3XSMS3130","(Info Hubs, Slopes (All), SMS (All))",4.25913863062692,0.00118607891213011,130,"1 16 49 64",1
"POOLED_gossip3Xslope2XSMS2ORgossip3Xslope3XSMS2ORgossip3Xslope2XSMS3ORgossip3Xslope3XSMS3130","(Trusted Info Hubs, Slopes (All), SMS (All))",-0.0272927196319309,0.97325568102234,130,"1 16 49 64",1
"POOLED_Xslope3XSMS2ORXslope3XSMS3131","(No Seeds, High Slopes, SMS (All))",3.53813521811006,0.109688247885425,131,"1 16 49 64",1
"POOLED_trusted0Xslope3XSMS2ORtrusted0Xslope3XSMS3131","(Trusted Seeds, High Slope, SMS (All))",2.35904456774379,0.10869438613138,131,"1 16 49 64",1
"POOLED_gossip2Xslope2XSMS2ORgossip2Xslope3XSMS2ORgossip2Xslope2XSMS3ORgossip2Xslope3XSMS3131","(Info Hubs, Slopes (All), SMS (All))",3.64179239576354,0.00266529701813615,131,"1 16 49 64",1
"POOLED_gossip3Xslope2XSMS2ORgossip3Xslope3XSMS2ORgossip3Xslope2XSMS3ORgossip3Xslope3XSMS3131","(Trusted Info Hubs, Slopes (All), SMS (All))",-0.0444591599505673,0.957754648137345,131,"1 16 49 64",1
"POOLED_Xslope3XSMS2ORXslope3XSMS3132","(No Seeds, High Slopes, SMS (All))",3.14513811008837,0.0658699153997508,132,"1 16 49 64",1
"POOLED_trusted0Xslope3XSMS2ORtrusted0Xslope3XSMS3132","(Trusted Seeds, High Slope, SMS (All))",3.63773949783427,0.001234197322319,132,"1 16 49 64",1
"POOLED_gossip2Xslope2XSMS2ORgossip2Xslope3XSMS2ORgossip2Xslope2XSMS3ORgossip2Xslope3XSMS3132","(Info Hubs, Slopes (All), SMS (All))",4.54796681237515,0.00160616069727923,132,"1 16 49 64",1
"POOLED_gossip3Xslope2XSMS2ORgossip3Xslope3XSMS2ORgossip3Xslope2XSMS3ORgossip3Xslope3XSMS3132","(Trusted Info Hubs, Slopes (All), SMS (All))",-0.157748962694873,0.822905478912805,132,"1 16 49 64",1
"POOLED_Xslope3XSMS2ORXslope3XSMS3133","(No Seeds, High Slopes, SMS (All))",2.79591444739954,0.0579137585750817,133,"1 16 49 64",1
"POOLED_trusted0Xslope3XSMS2ORtrusted0Xslope3XSMS3133","(Trusted Seeds, High Slope, SMS (All))",3.30342816590434,0.00663573241058168,133,"1 16 49 64",1
"POOLED_gossip2Xslope2XSMS2ORgossip2Xslope3XSMS2ORgossip2Xslope2XSMS3ORgossip2Xslope3XSMS3133","(Info Hubs, Slopes (All), SMS (All))",3.26021264930435,0.0120632218228883,133,"1 16 49 64",1
"POOLED_gossip3Xslope2XSMS2ORgossip3Xslope3XSMS2ORgossip3Xslope2XSMS3ORgossip3Xslope3XSMS3133","(Trusted Info Hubs, Slopes (All), SMS (All))",-0.687799642977199,0.40565176752339,133,"1 16 49 64",1
"POOLED_Xslope3XSMS2ORXslope3XSMS3134","(No Seeds, High Slopes, SMS (All))",3.31861585316722,0.207286886065605,134,"1 16 49 64",1
"POOLED_trusted0Xslope3XSMS2ORtrusted0Xslope3XSMS3134","(Trusted Seeds, High Slope, SMS (All))",2.54330793424956,0.0394470354584715,134,"1 16 49 64",1
"POOLED_gossip2Xslope2XSMS2ORgossip2Xslope3XSMS2ORgossip2Xslope2XSMS3ORgossip2Xslope3XSMS3134","(Info Hubs, Slopes (All), SMS (All))",3.52991099246156,0.00443915118500092,134,"1 16 49 64",1
"POOLED_gossip3Xslope2XSMS2ORgossip3Xslope3XSMS2ORgossip3Xslope2XSMS3ORgossip3Xslope3XSMS3134","(Trusted Info Hubs, Slopes (All), SMS (All))",-0.337869728715218,0.696016653133064,134,"1 16 49 64",1
"POOLED_Xslope3XSMS2ORXslope3XSMS3135","(No Seeds, High Slopes, SMS (All))",2.161907942448,0.167254239004436,135,"1 16 49 64",1
"POOLED_trusted0Xslope3XSMS2ORtrusted0Xslope3XSMS3135","(Trusted Seeds, High Slope, SMS (All))",4.16899919788356,0.00741318940756139,135,"1 16 49 64",1
"POOLED_gossip2Xslope2XSMS2ORgossip2Xslope3XSMS2ORgossip2Xslope2XSMS3ORgossip2Xslope3XSMS3135","(Info Hubs, Slopes (All), SMS (All))",4.6179529504385,0.00128455544516123,135,"1 16 49 64",1
"POOLED_gossip3Xslope2XSMS2ORgossip3Xslope3XSMS2ORgossip3Xslope2XSMS3ORgossip3Xslope3XSMS3135","(Trusted Info Hubs, Slopes (All), SMS (All))",-1.10020169162008,0.186178188588018,135,"1 16 49 64",1
"POOLED_Xslope3XSMS2ORXslope3XSMS3136","(No Seeds, High Slopes, SMS (All))",2.30520355427717,0.143131840610841,136,"1 16 49 64",1
"POOLED_trusted0Xslope3XSMS2ORtrusted0Xslope3XSMS3136","(Trusted Seeds, High Slope, SMS (All))",3.13084185739071,0.0154278521605802,136,"1 16 49 64",1
"POOLED_gossip2Xslope2XSMS2ORgossip2Xslope3XSMS2ORgossip2Xslope2XSMS3ORgossip2Xslope3XSMS3136","(Info Hubs, Slopes (All), SMS (All))",5.04344715413842,4.78357043043231e-05,136,"1 16 49 64",1
"POOLED_gossip3Xslope2XSMS2ORgossip3Xslope3XSMS2ORgossip3Xslope2XSMS3ORgossip3Xslope3XSMS3136","(Trusted Info Hubs, Slopes (All), SMS (All))",-0.451021570950201,0.470443679736657,136,"1 16 49 64",1
"POOLED_Xslope3XSMS2ORXslope3XSMS3137","(No Seeds, High Slopes, SMS (All))",2.09095848998339,0.293963177292863,137,"1 16 49 64",1
"POOLED_trusted0Xslope3XSMS2ORtrusted0Xslope3XSMS3137","(Trusted Seeds, High Slope, SMS (All))",3.77796229433319,0.00534358151628623,137,"1 16 49 64",1
"POOLED_gossip2Xslope2XSMS2ORgossip2Xslope3XSMS2ORgossip2Xslope2XSMS3ORgossip2Xslope3XSMS3137","(Info Hubs, Slopes (All), SMS (All))",4.9252291253579,0.000384889376396722,137,"1 16 49 64",1
"POOLED_gossip3Xslope2XSMS2ORgossip3Xslope3XSMS2ORgossip3Xslope2XSMS3ORgossip3Xslope3XSMS3137","(Trusted Info Hubs, Slopes (All), SMS (All))",-0.395872303873427,0.573348116341059,137,"1 16 49 64",1
"POOLED_Xslope3XSMS2ORXslope3XSMS3138","(No Seeds, High Slopes, SMS (All))",1.98043235751879,0.141106707722425,138,"1 16 49 64",1
"POOLED_trusted0Xslope3XSMS2ORtrusted0Xslope3XSMS3138","(Trusted Seeds, High Slope, SMS (All))",3.55687204836857,0.0309441658146917,138,"1 16 49 64",1
"POOLED_gossip2Xslope2XSMS2ORgossip2Xslope3XSMS2ORgossip2Xslope2XSMS3ORgossip2Xslope3XSMS3138","(Info Hubs, Slopes (All), SMS (All))",4.71542584551234,0.000862479762418527,138,"1 16 49 64",1
"POOLED_gossip3Xslope2XSMS2ORgossip3Xslope3XSMS2ORgossip3Xslope2XSMS3ORgossip3Xslope3XSMS3138","(Trusted Info Hubs, Slopes (All), SMS (All))",-0.13559120739841,0.861619797253471,138,"1 16 49 64",1
"POOLED_Xslope3XSMS2ORXslope3XSMS3139","(No Seeds, High Slopes, SMS (All))",2.52663188465026,0.148714583769163,139,"1 16 49 64",1
"POOLED_trusted0Xslope3XSMS2ORtrusted0Xslope3XSMS3139","(Trusted Seeds, High Slope, SMS (All))",2.41229205848108,0.0220646148110339,139,"1 16 49 64",1
"POOLED_gossip2Xslope2XSMS2ORgossip2Xslope3XSMS2ORgossip2Xslope2XSMS3ORgossip2Xslope3XSMS3139","(Info Hubs, Slopes (All), SMS (All))",3.78811518221314,0.00433236058872378,139,"1 16 49 64",1
"POOLED_gossip3Xslope2XSMS2ORgossip3Xslope3XSMS2ORgossip3Xslope2XSMS3ORgossip3Xslope3XSMS3139","(Trusted Info Hubs, Slopes (All), SMS (All))",-0.71657776443524,0.386762641851135,139,"1 16 49 64",1
"POOLED_Xslope3XSMS2ORXslope3XSMS3140","(No Seeds, High Slopes, SMS (All))",3.86621036730712,0.10034873170339,140,"1 16 49 64",1
"POOLED_trusted0Xslope3XSMS2ORtrusted0Xslope3XSMS3140","(Trusted Seeds, High Slope, SMS (All))",3.55438870322299,0.0137782033797563,140,"1 16 49 64",1
"POOLED_gossip2Xslope2XSMS2ORgossip2Xslope3XSMS2ORgossip2Xslope2XSMS3ORgossip2Xslope3XSMS3140","(Info Hubs, Slopes (All), SMS (All))",3.82740526745671,0.000566446249837014,140,"1 16 49 64",1
"POOLED_gossip3Xslope2XSMS2ORgossip3Xslope3XSMS2ORgossip3Xslope2XSMS3ORgossip3Xslope3XSMS3140","(Trusted Info Hubs, Slopes (All), SMS (All))",-0.201766213877505,0.808018459753674,140,"1 16 49 64",1
"POOLED_Xslope3XSMS2ORXslope3XSMS3141","(No Seeds, High Slopes, SMS (All))",3.04689097735807,0.139623150557539,141,"1 16 49 64",1
"POOLED_trusted0Xslope3XSMS2ORtrusted0Xslope3XSMS3141","(Trusted Seeds, High Slope, SMS (All))",2.83593690354579,0.0281049835639239,141,"1 16 49 64",1
"POOLED_gossip2Xslope2XSMS2ORgossip2Xslope3XSMS2ORgossip2Xslope2XSMS3ORgossip2Xslope3XSMS3141","(Info Hubs, Slopes (All), SMS (All))",4.25185336170297,0.000704488455650517,141,"1 16 49 64",1
"POOLED_gossip3Xslope2XSMS2ORgossip3Xslope3XSMS2ORgossip3Xslope2XSMS3ORgossip3Xslope3XSMS3141","(Trusted Info Hubs, Slopes (All), SMS (All))",-0.403258823293201,0.665971665817037,141,"1 16 49 64",1
"POOLED_Xslope3XSMS2ORXslope3XSMS3142","(No Seeds, High Slopes, SMS (All))",3.61869955862133,0.139994856436967,142,"1 16 49 64",1
"POOLED_trusted0Xslope3XSMS2ORtrusted0Xslope3XSMS3142","(Trusted Seeds, High Slope, SMS (All))",3.40300245178975,0.0366652391822097,142,"1 16 49 64",1
"POOLED_gossip2Xslope2XSMS2ORgossip2Xslope3XSMS2ORgossip2Xslope2XSMS3ORgossip2Xslope3XSMS3142","(Info Hubs, Slopes (All), SMS (All))",4.87333319602749,0.00111140703476367,142,"1 16 49 64",1
"POOLED_gossip3Xslope2XSMS2ORgossip3Xslope3XSMS2ORgossip3Xslope2XSMS3ORgossip3Xslope3XSMS3142","(Trusted Info Hubs, Slopes (All), SMS (All))",-0.119403487355585,0.881834556204483,142,"1 16 49 64",1
"POOLED_Xslope3XSMS2ORXslope3XSMS3143","(No Seeds, High Slopes, SMS (All))",2.23173827461385,0.227301071821586,143,"1 16 49 64",1
"POOLED_trusted0Xslope3XSMS2ORtrusted0Xslope3XSMS3143","(Trusted Seeds, High Slope, SMS (All))",2.8435874185644,0.0270095251557955,143,"1 16 49 64",1
"POOLED_gossip2Xslope2XSMS2ORgossip2Xslope3XSMS2ORgossip2Xslope2XSMS3ORgossip2Xslope3XSMS3143","(Info Hubs, Slopes (All), SMS (All))",4.2646999528579,0.000970715073876744,143,"1 16 49 64",1
"POOLED_gossip3Xslope2XSMS2ORgossip3Xslope3XSMS2ORgossip3Xslope2XSMS3ORgossip3Xslope3XSMS3143","(Trusted Info Hubs, Slopes (All), SMS (All))",-0.459048767300208,0.566673373305862,143,"1 16 49 64",1
"POOLED_Xslope3XSMS2ORXslope3XSMS3144","(No Seeds, High Slopes, SMS (All))",3.58945762692362,0.100897132863089,144,"1 16 49 64",1
"POOLED_trusted0Xslope3XSMS2ORtrusted0Xslope3XSMS3144","(Trusted Seeds, High Slope, SMS (All))",1.91485029182241,0.156411489617943,144,"1 16 49 64",1
"POOLED_gossip2Xslope2XSMS2ORgossip2Xslope3XSMS2ORgossip2Xslope2XSMS3ORgossip2Xslope3XSMS3144","(Info Hubs, Slopes (All), SMS (All))",4.56648593826221,0.000508520203399901,144,"1 16 49 64",1
"POOLED_gossip3Xslope2XSMS2ORgossip3Xslope3XSMS2ORgossip3Xslope2XSMS3ORgossip3Xslope3XSMS3144","(Trusted Info Hubs, Slopes (All), SMS (All))",-0.694633054299209,0.367253740712096,144,"1 16 49 64",1
"POOLED_Xslope3XSMS2ORXslope3XSMS3145","(No Seeds, High Slopes, SMS (All))",3.2608623571954,0.0746391201523181,145,"1 16 49 64",1
"POOLED_trusted0Xslope3XSMS2ORtrusted0Xslope3XSMS3145","(Trusted Seeds, High Slope, SMS (All))",3.16591458961169,0.0250600131595574,145,"1 16 49 64",1
"POOLED_gossip2Xslope2XSMS2ORgossip2Xslope3XSMS2ORgossip2Xslope2XSMS3ORgossip2Xslope3XSMS3145","(Info Hubs, Slopes (All), SMS (All))",4.42467679032703,0.000252064310663102,145,"1 16 49 64",1
"POOLED_gossip3Xslope2XSMS2ORgossip3Xslope3XSMS2ORgossip3Xslope2XSMS3ORgossip3Xslope3XSMS3145","(Trusted Info Hubs, Slopes (All), SMS (All))",-0.220916265626562,0.797333968318877,145,"1 16 49 64",1
"POOLED_Xslope3XSMS2ORXslope3XSMS3146","(No Seeds, High Slopes, SMS (All))",2.29165078086715,0.215248954935011,146,"1 16 49 64",1
"POOLED_trusted0Xslope3XSMS2ORtrusted0Xslope3XSMS3146","(Trusted Seeds, High Slope, SMS (All))",3.5461616837652,0.00775941449302866,146,"1 16 49 64",1
"POOLED_gossip2Xslope2XSMS2ORgossip2Xslope3XSMS2ORgossip2Xslope2XSMS3ORgossip2Xslope3XSMS3146","(Info Hubs, Slopes (All), SMS (All))",4.56573772639595,0.00412418678579542,146,"1 16 49 64",1
"POOLED_gossip3Xslope2XSMS2ORgossip3Xslope3XSMS2ORgossip3Xslope2XSMS3ORgossip3Xslope3XSMS3146","(Trusted Info Hubs, Slopes (All), SMS (All))",-0.752224216788928,0.376466195060965,146,"1 16 49 64",1
"POOLED_Xslope3XSMS2ORXslope3XSMS3147","(No Seeds, High Slopes, SMS (All))",2.90932613403455,0.11702901381742,147,"1 16 49 64",1
"POOLED_trusted0Xslope3XSMS2ORtrusted0Xslope3XSMS3147","(Trusted Seeds, High Slope, SMS (All))",3.28654018619881,0.00950355015436908,147,"1 16 49 64",1
"POOLED_gossip2Xslope2XSMS2ORgossip2Xslope3XSMS2ORgossip2Xslope2XSMS3ORgossip2Xslope3XSMS3147","(Info Hubs, Slopes (All), SMS (All))",5.39391437448936,9.76653761900392e-05,147,"1 16 49 64",1
"POOLED_gossip3Xslope2XSMS2ORgossip3Xslope3XSMS2ORgossip3Xslope2XSMS3ORgossip3Xslope3XSMS3147","(Trusted Info Hubs, Slopes (All), SMS (All))",-0.861183153258827,0.272397052868182,147,"1 16 49 64",1
"POOLED_Xslope3XSMS2ORXslope3XSMS3148","(No Seeds, High Slopes, SMS (All))",1.28554678952705,0.319454537211997,148,"1 16 49 64",1
"POOLED_trusted0Xslope3XSMS2ORtrusted0Xslope3XSMS3148","(Trusted Seeds, High Slope, SMS (All))",2.4363361918313,0.0702822147883808,148,"1 16 49 64",1
"POOLED_gossip2Xslope2XSMS2ORgossip2Xslope3XSMS2ORgossip2Xslope2XSMS3ORgossip2Xslope3XSMS3148","(Info Hubs, Slopes (All), SMS (All))",3.62668992234851,0.000591516377965086,148,"1 16 49 64",1
"POOLED_gossip3Xslope2XSMS2ORgossip3Xslope3XSMS2ORgossip3Xslope2XSMS3ORgossip3Xslope3XSMS3148","(Trusted Info Hubs, Slopes (All), SMS (All))",-0.617285303399376,0.449941717090164,148,"1 16 49 64",1
"POOLED_Xslope3XSMS2ORXslope3XSMS3149","(No Seeds, High Slopes, SMS (All))",3.5815928784628,0.0763777043818422,149,"1 16 49 64",1
"POOLED_trusted0Xslope3XSMS2ORtrusted0Xslope3XSMS3149","(Trusted Seeds, High Slope, SMS (All))",4.43011858950094,0.00192528755250745,149,"1 16 49 64",1
"POOLED_gossip2Xslope2XSMS2ORgossip2Xslope3XSMS2ORgossip2Xslope2XSMS3ORgossip2Xslope3XSMS3149","(Info Hubs, Slopes (All), SMS (All))",3.92440715548628,0.00160476773707517,149,"1 16 49 64",1
"POOLED_gossip3Xslope2XSMS2ORgossip3Xslope3XSMS2ORgossip3Xslope2XSMS3ORgossip3Xslope3XSMS3149","(Trusted Info Hubs, Slopes (All), SMS (All))",-0.938037262841869,0.194516685172971,149,"1 16 49 64",1
"POOLED_Xslope3XSMS2ORXslope3XSMS3150","(No Seeds, High Slopes, SMS (All))",3.39636326766015,0.0986964408009488,150,"1 16 49 64",1
"POOLED_trusted0Xslope3XSMS2ORtrusted0Xslope3XSMS3150","(Trusted Seeds, High Slope, SMS (All))",3.63195531880661,0.00519540274086632,150,"1 16 49 64",1
"POOLED_gossip2Xslope2XSMS2ORgossip2Xslope3XSMS2ORgossip2Xslope2XSMS3ORgossip2Xslope3XSMS3150","(Info Hubs, Slopes (All), SMS (All))",3.9635711629439,0.00553227505273073,150,"1 16 49 64",1
"POOLED_gossip3Xslope2XSMS2ORgossip3Xslope3XSMS2ORgossip3Xslope2XSMS3ORgossip3Xslope3XSMS3150","(Trusted Info Hubs, Slopes (All), SMS (All))",-0.471220429714576,0.556421432900075,150,"1 16 49 64",1
"POOLED_Xslope3XSMS2ORXslope3XSMS3151","(No Seeds, High Slopes, SMS (All))",2.94062223120496,0.146431028045009,151,"1 16 49 64",1
"POOLED_trusted0Xslope3XSMS2ORtrusted0Xslope3XSMS3151","(Trusted Seeds, High Slope, SMS (All))",2.84438201826478,0.00898665158675681,151,"1 16 49 64",1
"POOLED_gossip2Xslope2XSMS2ORgossip2Xslope3XSMS2ORgossip2Xslope2XSMS3ORgossip2Xslope3XSMS3151","(Info Hubs, Slopes (All), SMS (All))",3.19674581599714,0.00266657692229643,151,"1 16 49 64",1
"POOLED_gossip3Xslope2XSMS2ORgossip3Xslope3XSMS2ORgossip3Xslope2XSMS3ORgossip3Xslope3XSMS3151","(Trusted Info Hubs, Slopes (All), SMS (All))",-0.325562919671346,0.72041465680367,151,"1 16 49 64",1
"POOLED_Xslope3XSMS2ORXslope3XSMS3152","(No Seeds, High Slopes, SMS (All))",2.49835966834048,0.247417920726039,152,"1 16 49 64",1
"POOLED_trusted0Xslope3XSMS2ORtrusted0Xslope3XSMS3152","(Trusted Seeds, High Slope, SMS (All))",4.04031154222715,0.0164679082021555,152,"1 16 49 64",1
"POOLED_gossip2Xslope2XSMS2ORgossip2Xslope3XSMS2ORgossip2Xslope2XSMS3ORgossip2Xslope3XSMS3152","(Info Hubs, Slopes (All), SMS (All))",3.84084039304825,0.00795093502241709,152,"1 16 49 64",1
"POOLED_gossip3Xslope2XSMS2ORgossip3Xslope3XSMS2ORgossip3Xslope2XSMS3ORgossip3Xslope3XSMS3152","(Trusted Info Hubs, Slopes (All), SMS (All))",-0.728071563675042,0.289571170176395,152,"1 16 49 64",1
"POOLED_Xslope3XSMS2ORXslope3XSMS3153","(No Seeds, High Slopes, SMS (All))",2.85896283439591,0.0774175642738863,153,"1 16 49 64",1
"POOLED_trusted0Xslope3XSMS2ORtrusted0Xslope3XSMS3153","(Trusted Seeds, High Slope, SMS (All))",3.24233235543964,0.0296538882014862,153,"1 16 49 64",1
"POOLED_gossip2Xslope2XSMS2ORgossip2Xslope3XSMS2ORgossip2Xslope2XSMS3ORgossip2Xslope3XSMS3153","(Info Hubs, Slopes (All), SMS (All))",4.34100858350778,0.00220887396063096,153,"1 16 49 64",1
"POOLED_gossip3Xslope2XSMS2ORgossip3Xslope3XSMS2ORgossip3Xslope2XSMS3ORgossip3Xslope3XSMS3153","(Trusted Info Hubs, Slopes (All), SMS (All))",-0.426310098963216,0.625526002534654,153,"1 16 49 64",1
"POOLED_Xslope3XSMS2ORXslope3XSMS3154","(No Seeds, High Slopes, SMS (All))",3.39089335958255,0.102788304450757,154,"1 16 49 64",1
"POOLED_trusted0Xslope3XSMS2ORtrusted0Xslope3XSMS3154","(Trusted Seeds, High Slope, SMS (All))",3.67704256920348,0.00307906548596548,154,"1 16 49 64",1
"POOLED_gossip2Xslope2XSMS2ORgossip2Xslope3XSMS2ORgossip2Xslope2XSMS3ORgossip2Xslope3XSMS3154","(Info Hubs, Slopes (All), SMS (All))",3.58437627361162,0.000997862463512835,154,"1 16 49 64",1
"POOLED_gossip3Xslope2XSMS2ORgossip3Xslope3XSMS2ORgossip3Xslope2XSMS3ORgossip3Xslope3XSMS3154","(Trusted Info Hubs, Slopes (All), SMS (All))",-0.0435096399909388,0.95170289624538,154,"1 16 49 64",1
"POOLED_Xslope3XSMS2ORXslope3XSMS3155","(No Seeds, High Slopes, SMS (All))",2.67456569295557,0.14450959420484,155,"1 16 49 64",1
"POOLED_trusted0Xslope3XSMS2ORtrusted0Xslope3XSMS3155","(Trusted Seeds, High Slope, SMS (All))",2.1071195605363,0.0586401970661599,155,"1 16 49 64",1
"POOLED_gossip2Xslope2XSMS2ORgossip2Xslope3XSMS2ORgossip2Xslope2XSMS3ORgossip2Xslope3XSMS3155","(Info Hubs, Slopes (All), SMS (All))",3.45088377404612,0.00360427338893503,155,"1 16 49 64",1
"POOLED_gossip3Xslope2XSMS2ORgossip3Xslope3XSMS2ORgossip3Xslope2XSMS3ORgossip3Xslope3XSMS3155","(Trusted Info Hubs, Slopes (All), SMS (All))",-0.458086173216483,0.557368831602716,155,"1 16 49 64",1
"POOLED_Xslope3XSMS2ORXslope3XSMS3156","(No Seeds, High Slopes, SMS (All))",2.12481701463587,0.132743472162373,156,"1 16 49 64",1
"POOLED_trusted0Xslope3XSMS2ORtrusted0Xslope3XSMS3156","(Trusted Seeds, High Slope, SMS (All))",3.20359726411734,0.018524888317643,156,"1 16 49 64",1
"POOLED_gossip2Xslope2XSMS2ORgossip2Xslope3XSMS2ORgossip2Xslope2XSMS3ORgossip2Xslope3XSMS3156","(Info Hubs, Slopes (All), SMS (All))",4.23327957907326,0.00188740201065439,156,"1 16 49 64",1
"POOLED_gossip3Xslope2XSMS2ORgossip3Xslope3XSMS2ORgossip3Xslope2XSMS3ORgossip3Xslope3XSMS3156","(Trusted Info Hubs, Slopes (All), SMS (All))",-1.09994744328924,0.141175031195759,156,"1 16 49 64",1
"POOLED_Xslope3XSMS2ORXslope3XSMS3157","(No Seeds, High Slopes, SMS (All))",2.27034801546681,0.271575265376766,157,"1 16 49 64",1
"POOLED_trusted0Xslope3XSMS2ORtrusted0Xslope3XSMS3157","(Trusted Seeds, High Slope, SMS (All))",4.16130631664525,0.00928502132271019,157,"1 16 49 64",1
"POOLED_gossip2Xslope2XSMS2ORgossip2Xslope3XSMS2ORgossip2Xslope2XSMS3ORgossip2Xslope3XSMS3157","(Info Hubs, Slopes (All), SMS (All))",3.14557740376904,0.00128599568790389,157,"1 16 49 64",1
"POOLED_gossip3Xslope2XSMS2ORgossip3Xslope3XSMS2ORgossip3Xslope2XSMS3ORgossip3Xslope3XSMS3157","(Trusted Info Hubs, Slopes (All), SMS (All))",0.0822157557923913,0.927366111947244,157,"1 16 49 64",1
"POOLED_Xslope3XSMS2ORXslope3XSMS3158","(No Seeds, High Slopes, SMS (All))",2.8767847678826,0.136449428842136,158,"1 16 49 64",1
"POOLED_trusted0Xslope3XSMS2ORtrusted0Xslope3XSMS3158","(Trusted Seeds, High Slope, SMS (All))",1.54151142313457,0.122143433654475,158,"1 16 49 64",1
"POOLED_gossip2Xslope2XSMS2ORgossip2Xslope3XSMS2ORgossip2Xslope2XSMS3ORgossip2Xslope3XSMS3158","(Info Hubs, Slopes (All), SMS (All))",3.76070385370023,0.00291595887605503,158,"1 16 49 64",1
"POOLED_gossip3Xslope2XSMS2ORgossip3Xslope3XSMS2ORgossip3Xslope2XSMS3ORgossip3Xslope3XSMS3158","(Trusted Info Hubs, Slopes (All), SMS (All))",-0.472999240273315,0.535134516585277,158,"1 16 49 64",1
"POOLED_Xslope3XSMS2ORXslope3XSMS3159","(No Seeds, High Slopes, SMS (All))",3.62284473149701,0.119925440513935,159,"1 16 49 64",1
"POOLED_trusted0Xslope3XSMS2ORtrusted0Xslope3XSMS3159","(Trusted Seeds, High Slope, SMS (All))",2.12251166489229,0.0701387798311817,159,"1 16 49 64",1
"POOLED_gossip2Xslope2XSMS2ORgossip2Xslope3XSMS2ORgossip2Xslope2XSMS3ORgossip2Xslope3XSMS3159","(Info Hubs, Slopes (All), SMS (All))",3.57062009788951,0.0048748726035054,159,"1 16 49 64",1
"POOLED_gossip3Xslope2XSMS2ORgossip3Xslope3XSMS2ORgossip3Xslope2XSMS3ORgossip3Xslope3XSMS3159","(Trusted Info Hubs, Slopes (All), SMS (All))",-0.349483542673398,0.667040025729214,159,"1 16 49 64",1
"POOLED_Xslope3XSMS2ORXslope3XSMS3160","(No Seeds, High Slopes, SMS (All))",0.711865174916783,0.560069148835922,160,"1 16 49 64",1
"POOLED_trusted0Xslope3XSMS2ORtrusted0Xslope3XSMS3160","(Trusted Seeds, High Slope, SMS (All))",2.89613245771661,0.0439109155334067,160,"1 16 49 64",1
"POOLED_gossip2Xslope2XSMS2ORgossip2Xslope3XSMS2ORgossip2Xslope2XSMS3ORgossip2Xslope3XSMS3160","(Info Hubs, Slopes (All), SMS (All))",2.84135803693884,0.00266148420615859,160,"1 16 49 64",1
"POOLED_gossip3Xslope2XSMS2ORgossip3Xslope3XSMS2ORgossip3Xslope2XSMS3ORgossip3Xslope3XSMS3160","(Trusted Info Hubs, Slopes (All), SMS (All))",-0.558579604941521,0.468225924954286,160,"1 16 49 64",1
"POOLED_Xslope3XSMS2ORXslope3XSMS3161","(No Seeds, High Slopes, SMS (All))",1.19483088992353,0.422268206216263,161,"1 16 49 64",1
"POOLED_trusted0Xslope3XSMS2ORtrusted0Xslope3XSMS3161","(Trusted Seeds, High Slope, SMS (All))",3.53161225228354,0.0163290857309918,161,"1 16 49 64",1
"POOLED_gossip2Xslope2XSMS2ORgossip2Xslope3XSMS2ORgossip2Xslope2XSMS3ORgossip2Xslope3XSMS3161","(Info Hubs, Slopes (All), SMS (All))",4.71003380952927,0.000442480050672756,161,"1 16 49 64",1
"POOLED_gossip3Xslope2XSMS2ORgossip3Xslope3XSMS2ORgossip3Xslope2XSMS3ORgossip3Xslope3XSMS3161","(Trusted Info Hubs, Slopes (All), SMS (All))",-0.722180470211582,0.370152339314683,161,"1 16 49 64",1
"POOLED_Xslope3XSMS2ORXslope3XSMS3162","(No Seeds, High Slopes, SMS (All))",3.15990524184575,0.144973193816936,162,"1 16 49 64",1
"POOLED_trusted0Xslope3XSMS2ORtrusted0Xslope3XSMS3162","(Trusted Seeds, High Slope, SMS (All))",3.29296184769019,0.0253696622986146,162,"1 16 49 64",1
"POOLED_gossip2Xslope2XSMS2ORgossip2Xslope3XSMS2ORgossip2Xslope2XSMS3ORgossip2Xslope3XSMS3162","(Info Hubs, Slopes (All), SMS (All))",3.38306944073542,0.000320476236189338,162,"1 16 49 64",1
"POOLED_gossip3Xslope2XSMS2ORgossip3Xslope3XSMS2ORgossip3Xslope2XSMS3ORgossip3Xslope3XSMS3162","(Trusted Info Hubs, Slopes (All), SMS (All))",-0.845493385381804,0.212202653096627,162,"1 16 49 64",1
"POOLED_Xslope3XSMS2ORXslope3XSMS3163","(No Seeds, High Slopes, SMS (All))",2.97900421325828,0.059408767434849,163,"1 16 49 64",1
"POOLED_trusted0Xslope3XSMS2ORtrusted0Xslope3XSMS3163","(Trusted Seeds, High Slope, SMS (All))",3.74199217472255,0.0119279967947494,163,"1 16 49 64",1
"POOLED_gossip2Xslope2XSMS2ORgossip2Xslope3XSMS2ORgossip2Xslope2XSMS3ORgossip2Xslope3XSMS3163","(Info Hubs, Slopes (All), SMS (All))",3.69477681161717,0.00715888909937345,163,"1 16 49 64",1
"POOLED_gossip3Xslope2XSMS2ORgossip3Xslope3XSMS2ORgossip3Xslope2XSMS3ORgossip3Xslope3XSMS3163","(Trusted Info Hubs, Slopes (All), SMS (All))",-0.479644633095801,0.552157627930323,163,"1 16 49 64",1
"POOLED_Xslope3XSMS2ORXslope3XSMS3164","(No Seeds, High Slopes, SMS (All))",2.99863530728274,0.115276735605267,164,"1 16 49 64",1
"POOLED_trusted0Xslope3XSMS2ORtrusted0Xslope3XSMS3164","(Trusted Seeds, High Slope, SMS (All))",2.68246856301727,0.0481047234366812,164,"1 16 49 64",1
"POOLED_gossip2Xslope2XSMS2ORgossip2Xslope3XSMS2ORgossip2Xslope2XSMS3ORgossip2Xslope3XSMS3164","(Info Hubs, Slopes (All), SMS (All))",3.94507089818296,0.0019304911784268,164,"1 16 49 64",1
"POOLED_gossip3Xslope2XSMS2ORgossip3Xslope3XSMS2ORgossip3Xslope2XSMS3ORgossip3Xslope3XSMS3164","(Trusted Info Hubs, Slopes (All), SMS (All))",-0.477817143580347,0.53502492598978,164,"1 16 49 64",1
"POOLED_Xslope3XSMS2ORXslope3XSMS3165","(No Seeds, High Slopes, SMS (All))",3.1418856996299,0.0444366399330818,165,"1 16 49 64",1
"POOLED_trusted0Xslope3XSMS2ORtrusted0Xslope3XSMS3165","(Trusted Seeds, High Slope, SMS (All))",3.3265810001949,0.0123448473259591,165,"1 16 49 64",1
"POOLED_gossip2Xslope2XSMS2ORgossip2Xslope3XSMS2ORgossip2Xslope2XSMS3ORgossip2Xslope3XSMS3165","(Info Hubs, Slopes (All), SMS (All))",4.22749938187611,0.00378684580478774,165,"1 16 49 64",1
"POOLED_gossip3Xslope2XSMS2ORgossip3Xslope3XSMS2ORgossip3Xslope2XSMS3ORgossip3Xslope3XSMS3165","(Trusted Info Hubs, Slopes (All), SMS (All))",-0.788840283820379,0.328967844386409,165,"1 16 49 64",1
"POOLED_Xslope3XSMS2ORXslope3XSMS3166","(No Seeds, High Slopes, SMS (All))",4.12554505461825,0.109118020040843,166,"1 16 49 64",1
"POOLED_trusted0Xslope3XSMS2ORtrusted0Xslope3XSMS3166","(Trusted Seeds, High Slope, SMS (All))",4.36588733519731,0.00297964701181171,166,"1 16 49 64",1
"POOLED_gossip2Xslope2XSMS2ORgossip2Xslope3XSMS2ORgossip2Xslope2XSMS3ORgossip2Xslope3XSMS3166","(Info Hubs, Slopes (All), SMS (All))",4.3915673187092,0.000235371297478262,166,"1 16 49 64",1
"POOLED_gossip3Xslope2XSMS2ORgossip3Xslope3XSMS2ORgossip3Xslope2XSMS3ORgossip3Xslope3XSMS3166","(Trusted Info Hubs, Slopes (All), SMS (All))",-0.582017410345553,0.395153585627824,166,"1 16 49 64",1
"POOLED_Xslope3XSMS2ORXslope3XSMS3167","(No Seeds, High Slopes, SMS (All))",1.82956458100244,0.287144465151416,167,"1 16 49 64",1
"POOLED_trusted0Xslope3XSMS2ORtrusted0Xslope3XSMS3167","(Trusted Seeds, High Slope, SMS (All))",3.36373312364264,0.00717154051497034,167,"1 16 49 64",1
"POOLED_gossip2Xslope2XSMS2ORgossip2Xslope3XSMS2ORgossip2Xslope2XSMS3ORgossip2Xslope3XSMS3167","(Info Hubs, Slopes (All), SMS (All))",4.35541229457198,0.000452824956686096,167,"1 16 49 64",1
"POOLED_gossip3Xslope2XSMS2ORgossip3Xslope3XSMS2ORgossip3Xslope2XSMS3ORgossip3Xslope3XSMS3167","(Trusted Info Hubs, Slopes (All), SMS (All))",-0.310967906199368,0.691679172468713,167,"1 16 49 64",1
"POOLED_Xslope3XSMS2ORXslope3XSMS3168","(No Seeds, High Slopes, SMS (All))",1.73110872254432,0.353159335994948,168,"1 16 49 64",1
"POOLED_trusted0Xslope3XSMS2ORtrusted0Xslope3XSMS3168","(Trusted Seeds, High Slope, SMS (All))",3.08477349416667,0.0190349043337079,168,"1 16 49 64",1
"POOLED_gossip2Xslope2XSMS2ORgossip2Xslope3XSMS2ORgossip2Xslope2XSMS3ORgossip2Xslope3XSMS3168","(Info Hubs, Slopes (All), SMS (All))",3.39856120338257,0.00477375908961645,168,"1 16 49 64",1
"POOLED_gossip3Xslope2XSMS2ORgossip3Xslope3XSMS2ORgossip3Xslope2XSMS3ORgossip3Xslope3XSMS3168","(Trusted Info Hubs, Slopes (All), SMS (All))",-0.105691716329198,0.921696633831536,168,"1 16 49 64",1
"POOLED_Xslope3XSMS2ORXslope3XSMS3169","(No Seeds, High Slopes, SMS (All))",2.81008728562024,0.114844352969646,169,"1 16 49 64",1
"POOLED_trusted0Xslope3XSMS2ORtrusted0Xslope3XSMS3169","(Trusted Seeds, High Slope, SMS (All))",2.42294285504203,0.0732243522119157,169,"1 16 49 64",1
"POOLED_gossip2Xslope2XSMS2ORgossip2Xslope3XSMS2ORgossip2Xslope2XSMS3ORgossip2Xslope3XSMS3169","(Info Hubs, Slopes (All), SMS (All))",4.43022273916034,3.81414942649035e-05,169,"1 16 49 64",1
"POOLED_gossip3Xslope2XSMS2ORgossip3Xslope3XSMS2ORgossip3Xslope2XSMS3ORgossip3Xslope3XSMS3169","(Trusted Info Hubs, Slopes (All), SMS (All))",-0.68834164388603,0.409210139972264,169,"1 16 49 64",1
"POOLED_Xslope3XSMS2ORXslope3XSMS3170","(No Seeds, High Slopes, SMS (All))",0.833539339588865,0.523252237862538,170,"1 16 49 64",1
"POOLED_trusted0Xslope3XSMS2ORtrusted0Xslope3XSMS3170","(Trusted Seeds, High Slope, SMS (All))",3.91527671340731,0.00273719412495509,170,"1 16 49 64",1
"POOLED_gossip2Xslope2XSMS2ORgossip2Xslope3XSMS2ORgossip2Xslope2XSMS3ORgossip2Xslope3XSMS3170","(Info Hubs, Slopes (All), SMS (All))",4.10499309943776,0.00202996753936085,170,"1 16 49 64",1
"POOLED_gossip3Xslope2XSMS2ORgossip3Xslope3XSMS2ORgossip3Xslope2XSMS3ORgossip3Xslope3XSMS3170","(Trusted Info Hubs, Slopes (All), SMS (All))",-0.638723633541349,0.485018532956388,170,"1 16 49 64",1
"POOLED_Xslope3XSMS2ORXslope3XSMS3171","(No Seeds, High Slopes, SMS (All))",2.82716100908331,0.0878524779949896,171,"1 16 49 64",1
"POOLED_trusted0Xslope3XSMS2ORtrusted0Xslope3XSMS3171","(Trusted Seeds, High Slope, SMS (All))",2.73443161363886,0.0499120290979862,171,"1 16 49 64",1
"POOLED_gossip2Xslope2XSMS2ORgossip2Xslope3XSMS2ORgossip2Xslope2XSMS3ORgossip2Xslope3XSMS3171","(Info Hubs, Slopes (All), SMS (All))",4.23776422409071,0.00452527151538793,171,"1 16 49 64",1
"POOLED_gossip3Xslope2XSMS2ORgossip3Xslope3XSMS2ORgossip3Xslope2XSMS3ORgossip3Xslope3XSMS3171","(Trusted Info Hubs, Slopes (All), SMS (All))",-0.348274698547197,0.632281600468851,171,"1 16 49 64",1
"POOLED_Xslope3XSMS2ORXslope3XSMS3172","(No Seeds, High Slopes, SMS (All))",1.776175178485,0.13870501651621,172,"1 16 49 64",1
"POOLED_trusted0Xslope3XSMS2ORtrusted0Xslope3XSMS3172","(Trusted Seeds, High Slope, SMS (All))",3.43718591251155,0.0107927380926932,172,"1 16 49 64",1
"POOLED_gossip2Xslope2XSMS2ORgossip2Xslope3XSMS2ORgossip2Xslope2XSMS3ORgossip2Xslope3XSMS3172","(Info Hubs, Slopes (All), SMS (All))",4.96738644243791,0.00453830316106027,172,"1 16 49 64",1
"POOLED_gossip3Xslope2XSMS2ORgossip3Xslope3XSMS2ORgossip3Xslope2XSMS3ORgossip3Xslope3XSMS3172","(Trusted Info Hubs, Slopes (All), SMS (All))",-0.44545694867733,0.537620810445363,172,"1 16 49 64",1
"POOLED_Xslope3XSMS2ORXslope3XSMS3173","(No Seeds, High Slopes, SMS (All))",2.95696630684182,0.162863376681688,173,"1 16 49 64",1
"POOLED_trusted0Xslope3XSMS2ORtrusted0Xslope3XSMS3173","(Trusted Seeds, High Slope, SMS (All))",3.8995393785869,0.0144114626331025,173,"1 16 49 64",1
"POOLED_gossip2Xslope2XSMS2ORgossip2Xslope3XSMS2ORgossip2Xslope2XSMS3ORgossip2Xslope3XSMS3173","(Info Hubs, Slopes (All), SMS (All))",3.75825511328207,0.00378062766036886,173,"1 16 49 64",1
"POOLED_gossip3Xslope2XSMS2ORgossip3Xslope3XSMS2ORgossip3Xslope2XSMS3ORgossip3Xslope3XSMS3173","(Trusted Info Hubs, Slopes (All), SMS (All))",-0.675554974936859,0.350676191534402,173,"1 16 49 64",1
"POOLED_Xslope3XSMS2ORXslope3XSMS3174","(No Seeds, High Slopes, SMS (All))",2.68782187555708,0.161723298323459,174,"1 16 49 64",1
"POOLED_trusted0Xslope3XSMS2ORtrusted0Xslope3XSMS3174","(Trusted Seeds, High Slope, SMS (All))",3.41029060742369,0.045244615050661,174,"1 16 49 64",1
"POOLED_gossip2Xslope2XSMS2ORgossip2Xslope3XSMS2ORgossip2Xslope2XSMS3ORgossip2Xslope3XSMS3174","(Info Hubs, Slopes (All), SMS (All))",3.29961786166435,0.00189652849444321,174,"1 16 49 64",1
"POOLED_gossip3Xslope2XSMS2ORgossip3Xslope3XSMS2ORgossip3Xslope2XSMS3ORgossip3Xslope3XSMS3174","(Trusted Info Hubs, Slopes (All), SMS (All))",-0.691222015986898,0.407957837541401,174,"1 16 49 64",1
"POOLED_Xslope3XSMS2ORXslope3XSMS3175","(No Seeds, High Slopes, SMS (All))",1.97531494014687,0.133920575633067,175,"1 16 49 64",1
"POOLED_trusted0Xslope3XSMS2ORtrusted0Xslope3XSMS3175","(Trusted Seeds, High Slope, SMS (All))",4.58320341403828,0.000613040456831061,175,"1 16 49 64",1
"POOLED_gossip2Xslope2XSMS2ORgossip2Xslope3XSMS2ORgossip2Xslope2XSMS3ORgossip2Xslope3XSMS3175","(Info Hubs, Slopes (All), SMS (All))",4.00985994728865,0.000306763206923215,175,"1 16 49 64",1
"POOLED_gossip3Xslope2XSMS2ORgossip3Xslope3XSMS2ORgossip3Xslope2XSMS3ORgossip3Xslope3XSMS3175","(Trusted Info Hubs, Slopes (All), SMS (All))",-0.0983898041927704,0.89743996748393,175,"1 16 49 64",1
"POOLED_Xslope3XSMS2ORXslope3XSMS3176","(No Seeds, High Slopes, SMS (All))",2.86164168716112,0.168483429203899,176,"1 16 49 64",1
"POOLED_trusted0Xslope3XSMS2ORtrusted0Xslope3XSMS3176","(Trusted Seeds, High Slope, SMS (All))",2.22948485815479,0.120545723926494,176,"1 16 49 64",1
"POOLED_gossip2Xslope2XSMS2ORgossip2Xslope3XSMS2ORgossip2Xslope2XSMS3ORgossip2Xslope3XSMS3176","(Info Hubs, Slopes (All), SMS (All))",3.53281798989742,0.00324590728291967,176,"1 16 49 64",1
"POOLED_gossip3Xslope2XSMS2ORgossip3Xslope3XSMS2ORgossip3Xslope2XSMS3ORgossip3Xslope3XSMS3176","(Trusted Info Hubs, Slopes (All), SMS (All))",-0.527722516577741,0.47589266422367,176,"1 16 49 64",1
"POOLED_Xslope3XSMS2ORXslope3XSMS3177","(No Seeds, High Slopes, SMS (All))",3.55564974113442,0.181493166203524,177,"1 16 49 64",1
"POOLED_trusted0Xslope3XSMS2ORtrusted0Xslope3XSMS3177","(Trusted Seeds, High Slope, SMS (All))",2.49412112850386,0.0223519627591716,177,"1 16 49 64",1
"POOLED_gossip2Xslope2XSMS2ORgossip2Xslope3XSMS2ORgossip2Xslope2XSMS3ORgossip2Xslope3XSMS3177","(Info Hubs, Slopes (All), SMS (All))",4.75518770266626,0.000152646632337394,177,"1 16 49 64",1
"POOLED_gossip3Xslope2XSMS2ORgossip3Xslope3XSMS2ORgossip3Xslope2XSMS3ORgossip3Xslope3XSMS3177","(Trusted Info Hubs, Slopes (All), SMS (All))",-0.377557404062605,0.611827729691058,177,"1 16 49 64",1
"POOLED_Xslope3XSMS2ORXslope3XSMS3178","(No Seeds, High Slopes, SMS (All))",2.6549204583475,0.141358296658494,178,"1 16 49 64",1
"POOLED_trusted0Xslope3XSMS2ORtrusted0Xslope3XSMS3178","(Trusted Seeds, High Slope, SMS (All))",2.45525408717245,0.0731298721755873,178,"1 16 49 64",1
"POOLED_gossip2Xslope2XSMS2ORgossip2Xslope3XSMS2ORgossip2Xslope2XSMS3ORgossip2Xslope3XSMS3178","(Info Hubs, Slopes (All), SMS (All))",4.17501401387363,0.000683901302629907,178,"1 16 49 64",1
"POOLED_gossip3Xslope2XSMS2ORgossip3Xslope3XSMS2ORgossip3Xslope2XSMS3ORgossip3Xslope3XSMS3178","(Trusted Info Hubs, Slopes (All), SMS (All))",0.104274677233188,0.906303030185225,178,"1 16 49 64",1
"POOLED_Xslope3XSMS2ORXslope3XSMS3179","(No Seeds, High Slopes, SMS (All))",2.28964153997543,0.159208938289653,179,"1 16 49 64",1
"POOLED_trusted0Xslope3XSMS2ORtrusted0Xslope3XSMS3179","(Trusted Seeds, High Slope, SMS (All))",3.44277882424497,0.0269613734541838,179,"1 16 49 64",1
"POOLED_gossip2Xslope2XSMS2ORgossip2Xslope3XSMS2ORgossip2Xslope2XSMS3ORgossip2Xslope3XSMS3179","(Info Hubs, Slopes (All), SMS (All))",4.04743395855716,0.000952768499274573,179,"1 16 49 64",1
"POOLED_gossip3Xslope2XSMS2ORgossip3Xslope3XSMS2ORgossip3Xslope2XSMS3ORgossip3Xslope3XSMS3179","(Trusted Info Hubs, Slopes (All), SMS (All))",-0.284869387083483,0.729686552204802,179,"1 16 49 64",1
"POOLED_Xslope3XSMS2ORXslope3XSMS3180","(No Seeds, High Slopes, SMS (All))",2.57843526845354,0.23960408481164,180,"1 16 49 64",1
"POOLED_trusted0Xslope3XSMS2ORtrusted0Xslope3XSMS3180","(Trusted Seeds, High Slope, SMS (All))",3.53928152942493,0.00633490713155994,180,"1 16 49 64",1
"POOLED_gossip2Xslope2XSMS2ORgossip2Xslope3XSMS2ORgossip2Xslope2XSMS3ORgossip2Xslope3XSMS3180","(Info Hubs, Slopes (All), SMS (All))",2.99024622775375,0.00657889483022944,180,"1 16 49 64",1
"POOLED_gossip3Xslope2XSMS2ORgossip3Xslope3XSMS2ORgossip3Xslope2XSMS3ORgossip3Xslope3XSMS3180","(Trusted Info Hubs, Slopes (All), SMS (All))",-0.904342476959293,0.234371492548582,180,"1 16 49 64",1
"POOLED_Xslope3XSMS2ORXslope3XSMS3181","(No Seeds, High Slopes, SMS (All))",2.14684646177657,0.144936692061458,181,"1 16 49 64",1
"POOLED_trusted0Xslope3XSMS2ORtrusted0Xslope3XSMS3181","(Trusted Seeds, High Slope, SMS (All))",4.0998895036235,0.00496981474535937,181,"1 16 49 64",1
"POOLED_gossip2Xslope2XSMS2ORgossip2Xslope3XSMS2ORgossip2Xslope2XSMS3ORgossip2Xslope3XSMS3181","(Info Hubs, Slopes (All), SMS (All))",3.82536003353684,0.00265345838320538,181,"1 16 49 64",1
"POOLED_gossip3Xslope2XSMS2ORgossip3Xslope3XSMS2ORgossip3Xslope2XSMS3ORgossip3Xslope3XSMS3181","(Trusted Info Hubs, Slopes (All), SMS (All))",-0.804059277297633,0.340162081873391,181,"1 16 49 64",1
"POOLED_Xslope3XSMS2ORXslope3XSMS3182","(No Seeds, High Slopes, SMS (All))",2.23399260302915,0.17675176561089,182,"1 16 49 64",1
"POOLED_trusted0Xslope3XSMS2ORtrusted0Xslope3XSMS3182","(Trusted Seeds, High Slope, SMS (All))",3.30484345912379,0.0102362853122605,182,"1 16 49 64",1
"POOLED_gossip2Xslope2XSMS2ORgossip2Xslope3XSMS2ORgossip2Xslope2XSMS3ORgossip2Xslope3XSMS3182","(Info Hubs, Slopes (All), SMS (All))",3.27489999259274,0.00348929228957061,182,"1 16 49 64",1
"POOLED_gossip3Xslope2XSMS2ORgossip3Xslope3XSMS2ORgossip3Xslope2XSMS3ORgossip3Xslope3XSMS3182","(Trusted Info Hubs, Slopes (All), SMS (All))",-0.841946655412558,0.223574502575037,182,"1 16 49 64",1
"POOLED_Xslope3XSMS2ORXslope3XSMS3183","(No Seeds, High Slopes, SMS (All))",2.2239158717706,0.194309368213747,183,"1 16 49 64",1
"POOLED_trusted0Xslope3XSMS2ORtrusted0Xslope3XSMS3183","(Trusted Seeds, High Slope, SMS (All))",2.98388100230136,0.0496948516310609,183,"1 16 49 64",1
"POOLED_gossip2Xslope2XSMS2ORgossip2Xslope3XSMS2ORgossip2Xslope2XSMS3ORgossip2Xslope3XSMS3183","(Info Hubs, Slopes (All), SMS (All))",4.74072634716606,0.000149933015311125,183,"1 16 49 64",1
"POOLED_gossip3Xslope2XSMS2ORgossip3Xslope3XSMS2ORgossip3Xslope2XSMS3ORgossip3Xslope3XSMS3183","(Trusted Info Hubs, Slopes (All), SMS (All))",-0.446075421104802,0.642298884102355,183,"1 16 49 64",1
"POOLED_Xslope3XSMS2ORXslope3XSMS3184","(No Seeds, High Slopes, SMS (All))",3.57454664938593,0.107599075134991,184,"1 16 49 64",1
"POOLED_trusted0Xslope3XSMS2ORtrusted0Xslope3XSMS3184","(Trusted Seeds, High Slope, SMS (All))",3.50487433673127,0.0129091159478931,184,"1 16 49 64",1
"POOLED_gossip2Xslope2XSMS2ORgossip2Xslope3XSMS2ORgossip2Xslope2XSMS3ORgossip2Xslope3XSMS3184","(Info Hubs, Slopes (All), SMS (All))",3.98255037560035,0.00534809180184787,184,"1 16 49 64",1
"POOLED_gossip3Xslope2XSMS2ORgossip3Xslope3XSMS2ORgossip3Xslope2XSMS3ORgossip3Xslope3XSMS3184","(Trusted Info Hubs, Slopes (All), SMS (All))",-0.861606730499007,0.276419473254171,184,"1 16 49 64",1
"POOLED_Xslope3XSMS2ORXslope3XSMS3185","(No Seeds, High Slopes, SMS (All))",3.44280211906428,0.146606380014845,185,"1 16 49 64",1
"POOLED_trusted0Xslope3XSMS2ORtrusted0Xslope3XSMS3185","(Trusted Seeds, High Slope, SMS (All))",2.90500681802564,0.044199495211887,185,"1 16 49 64",1
"POOLED_gossip2Xslope2XSMS2ORgossip2Xslope3XSMS2ORgossip2Xslope2XSMS3ORgossip2Xslope3XSMS3185","(Info Hubs, Slopes (All), SMS (All))",4.15406011414413,0.00240260108229669,185,"1 16 49 64",1
"POOLED_gossip3Xslope2XSMS2ORgossip3Xslope3XSMS2ORgossip3Xslope2XSMS3ORgossip3Xslope3XSMS3185","(Trusted Info Hubs, Slopes (All), SMS (All))",0.152223283246913,0.874368045860354,185,"1 16 49 64",1
"POOLED_Xslope3XSMS2ORXslope3XSMS3186","(No Seeds, High Slopes, SMS (All))",2.55936958200492,0.181776519594839,186,"1 16 49 64",1
"POOLED_trusted0Xslope3XSMS2ORtrusted0Xslope3XSMS3186","(Trusted Seeds, High Slope, SMS (All))",2.25058742804658,0.0658395451592461,186,"1 16 49 64",1
"POOLED_gossip2Xslope2XSMS2ORgossip2Xslope3XSMS2ORgossip2Xslope2XSMS3ORgossip2Xslope3XSMS3186","(Info Hubs, Slopes (All), SMS (All))",4.87503894889036,0.00086756996033337,186,"1 16 49 64",1
"POOLED_gossip3Xslope2XSMS2ORgossip3Xslope3XSMS2ORgossip3Xslope2XSMS3ORgossip3Xslope3XSMS3186","(Trusted Info Hubs, Slopes (All), SMS (All))",-0.246240631381129,0.779280510291899,186,"1 16 49 64",1
"POOLED_Xslope3XSMS2ORXslope3XSMS3187","(No Seeds, High Slopes, SMS (All))",3.44992395967829,0.0641753094313103,187,"1 16 49 64",1
"POOLED_trusted0Xslope3XSMS2ORtrusted0Xslope3XSMS3187","(Trusted Seeds, High Slope, SMS (All))",2.91710448349114,0.038345348141834,187,"1 16 49 64",1
"POOLED_gossip2Xslope2XSMS2ORgossip2Xslope3XSMS2ORgossip2Xslope2XSMS3ORgossip2Xslope3XSMS3187","(Info Hubs, Slopes (All), SMS (All))",4.92024924633381,0.000330887148821732,187,"1 16 49 64",1
"POOLED_gossip3Xslope2XSMS2ORgossip3Xslope3XSMS2ORgossip3Xslope2XSMS3ORgossip3Xslope3XSMS3187","(Trusted Info Hubs, Slopes (All), SMS (All))",-0.00763636819179187,0.992439036153546,187,"1 16 49 64",1
"POOLED_Xslope3XSMS2ORXslope3XSMS3188","(No Seeds, High Slopes, SMS (All))",3.81154872953993,0.0878397536134969,188,"1 16 49 64",1
"POOLED_trusted0Xslope3XSMS2ORtrusted0Xslope3XSMS3188","(Trusted Seeds, High Slope, SMS (All))",3.50603829384964,0.0219506929306524,188,"1 16 49 64",1
"POOLED_gossip2Xslope2XSMS2ORgossip2Xslope3XSMS2ORgossip2Xslope2XSMS3ORgossip2Xslope3XSMS3188","(Info Hubs, Slopes (All), SMS (All))",3.76442308440046,0.00539178348283591,188,"1 16 49 64",1
"POOLED_gossip3Xslope2XSMS2ORgossip3Xslope3XSMS2ORgossip3Xslope2XSMS3ORgossip3Xslope3XSMS3188","(Trusted Info Hubs, Slopes (All), SMS (All))",-0.656463053585941,0.413300183085917,188,"1 16 49 64",1
"POOLED_Xslope3XSMS2ORXslope3XSMS3189","(No Seeds, High Slopes, SMS (All))",2.44640835487422,0.226044916083043,189,"1 16 49 64",1
"POOLED_trusted0Xslope3XSMS2ORtrusted0Xslope3XSMS3189","(Trusted Seeds, High Slope, SMS (All))",3.12719455752055,0.0201925549472163,189,"1 16 49 64",1
"POOLED_gossip2Xslope2XSMS2ORgossip2Xslope3XSMS2ORgossip2Xslope2XSMS3ORgossip2Xslope3XSMS3189","(Info Hubs, Slopes (All), SMS (All))",4.8900325404132,0.000321381196096638,189,"1 16 49 64",1
"POOLED_gossip3Xslope2XSMS2ORgossip3Xslope3XSMS2ORgossip3Xslope2XSMS3ORgossip3Xslope3XSMS3189","(Trusted Info Hubs, Slopes (All), SMS (All))",-0.742055184698503,0.30460917515266,189,"1 16 49 64",1
"POOLED_Xslope3XSMS2ORXslope3XSMS3190","(No Seeds, High Slopes, SMS (All))",2.17502677158936,0.171603119412064,190,"1 16 49 64",1
"POOLED_trusted0Xslope3XSMS2ORtrusted0Xslope3XSMS3190","(Trusted Seeds, High Slope, SMS (All))",3.52777690132281,0.00513329051001962,190,"1 16 49 64",1
"POOLED_gossip2Xslope2XSMS2ORgossip2Xslope3XSMS2ORgossip2Xslope2XSMS3ORgossip2Xslope3XSMS3190","(Info Hubs, Slopes (All), SMS (All))",2.75084732936538,0.00968776742581888,190,"1 16 49 64",1
"POOLED_gossip3Xslope2XSMS2ORgossip3Xslope3XSMS2ORgossip3Xslope2XSMS3ORgossip3Xslope3XSMS3190","(Trusted Info Hubs, Slopes (All), SMS (All))",-0.40302252926651,0.639868173540241,190,"1 16 49 64",1
"POOLED_Xslope3XSMS2ORXslope3XSMS3191","(No Seeds, High Slopes, SMS (All))",1.51883170081823,0.292740156772994,191,"1 16 49 64",1
"POOLED_trusted0Xslope3XSMS2ORtrusted0Xslope3XSMS3191","(Trusted Seeds, High Slope, SMS (All))",3.74628619765648,0.0166468901698493,191,"1 16 49 64",1
"POOLED_gossip2Xslope2XSMS2ORgossip2Xslope3XSMS2ORgossip2Xslope2XSMS3ORgossip2Xslope3XSMS3191","(Info Hubs, Slopes (All), SMS (All))",4.08528055712397,0.00130098172759436,191,"1 16 49 64",1
"POOLED_gossip3Xslope2XSMS2ORgossip3Xslope3XSMS2ORgossip3Xslope2XSMS3ORgossip3Xslope3XSMS3191","(Trusted Info Hubs, Slopes (All), SMS (All))",-0.780757666855516,0.29584971724958,191,"1 16 49 64",1
"POOLED_Xslope3XSMS2ORXslope3XSMS3192","(No Seeds, High Slopes, SMS (All))",1.38427237328102,0.340378338697888,192,"1 16 49 64",1
"POOLED_trusted0Xslope3XSMS2ORtrusted0Xslope3XSMS3192","(Trusted Seeds, High Slope, SMS (All))",3.19917525103866,0.0290138441464985,192,"1 16 49 64",1
"POOLED_gossip2Xslope2XSMS2ORgossip2Xslope3XSMS2ORgossip2Xslope2XSMS3ORgossip2Xslope3XSMS3192","(Info Hubs, Slopes (All), SMS (All))",4.61426259958342,0.00125104588806571,192,"1 16 49 64",1
"POOLED_gossip3Xslope2XSMS2ORgossip3Xslope3XSMS2ORgossip3Xslope2XSMS3ORgossip3Xslope3XSMS3192","(Trusted Info Hubs, Slopes (All), SMS (All))",-0.338667732512956,0.639533543410869,192,"1 16 49 64",1
"POOLED_Xslope3XSMS2ORXslope3XSMS3193","(No Seeds, High Slopes, SMS (All))",3.3337044211469,0.106649505396735,193,"4 49 64",2
"POOLED_trusted0Xslope3XSMS2ORtrusted0Xslope3XSMS3193","(Trusted Seeds, High Slope, SMS (All))",4.05097399820098,0.00181859701649682,193,"4 49 64",2
"POOLED_gossip2Xslope3XSMS2ORgossip3Xslope3XSMS2ORgossip2Xslope3XSMS3ORgossip3Xslope3XSMS3","(Info Hubs (All), High Slopes, SMS (All))",2.01731059652623,0.0978487477516074,193,"4 49 64",2
"POOLED_Xslope3XSMS2ORXslope3XSMS3194","(No Seeds, High Slopes, SMS (All))",2.54833364906195,0.163690967944386,194,"1 16 49 64",1
"POOLED_trusted0Xslope3XSMS2ORtrusted0Xslope3XSMS3194","(Trusted Seeds, High Slope, SMS (All))",3.37447613545244,0.0134009918771003,194,"1 16 49 64",1
"POOLED_gossip2Xslope2XSMS2ORgossip2Xslope3XSMS2ORgossip2Xslope2XSMS3ORgossip2Xslope3XSMS3193","(Info Hubs, Slopes (All), SMS (All))",4.37544529729605,0.00254391302193127,194,"1 16 49 64",1
"POOLED_gossip3Xslope2XSMS2ORgossip3Xslope3XSMS2ORgossip3Xslope2XSMS3ORgossip3Xslope3XSMS3193","(Trusted Info Hubs, Slopes (All), SMS (All))",-0.211021693312863,0.771807949962027,194,"1 16 49 64",1
"POOLED_Xslope3XSMS2ORXslope3XSMS3195","(No Seeds, High Slopes, SMS (All))",2.49477487465331,0.105534531663899,195,"1 16 49 64",1
"POOLED_trusted0Xslope3XSMS2ORtrusted0Xslope3XSMS3195","(Trusted Seeds, High Slope, SMS (All))",3.91264422139788,0.0178993071943199,195,"1 16 49 64",1
"POOLED_gossip2Xslope2XSMS2ORgossip2Xslope3XSMS2ORgossip2Xslope2XSMS3ORgossip2Xslope3XSMS3194","(Info Hubs, Slopes (All), SMS (All))",3.53533149682154,0.003132070081123,195,"1 16 49 64",1
"POOLED_gossip3Xslope2XSMS2ORgossip3Xslope3XSMS2ORgossip3Xslope2XSMS3ORgossip3Xslope3XSMS3194","(Trusted Info Hubs, Slopes (All), SMS (All))",-0.402249952353277,0.637708810647633,195,"1 16 49 64",1
"POOLED_Xslope3XSMS2ORXslope3XSMS3196","(No Seeds, High Slopes, SMS (All))",2.09734478069082,0.223040192924921,196,"1 16 49 64",1
"POOLED_trusted0Xslope3XSMS2ORtrusted0Xslope3XSMS3196","(Trusted Seeds, High Slope, SMS (All))",3.25975135371611,0.0156410499817559,196,"1 16 49 64",1
"POOLED_gossip2Xslope2XSMS2ORgossip2Xslope3XSMS2ORgossip2Xslope2XSMS3ORgossip2Xslope3XSMS3195","(Info Hubs, Slopes (All), SMS (All))",3.39718743330352,0.0168077884430788,196,"1 16 49 64",1
"POOLED_gossip3Xslope2XSMS2ORgossip3Xslope3XSMS2ORgossip3Xslope2XSMS3ORgossip3Xslope3XSMS3195","(Trusted Info Hubs, Slopes (All), SMS (All))",-0.562794346501109,0.434698733581804,196,"1 16 49 64",1
"POOLED_Xslope3XSMS2ORXslope3XSMS3197","(No Seeds, High Slopes, SMS (All))",2.26758338027971,0.137621953982849,197,"1 16 49 64",1
"POOLED_trusted0Xslope3XSMS2ORtrusted0Xslope3XSMS3197","(Trusted Seeds, High Slope, SMS (All))",3.96164904160471,0.00499872723473244,197,"1 16 49 64",1
"POOLED_gossip2Xslope2XSMS2ORgossip2Xslope3XSMS2ORgossip2Xslope2XSMS3ORgossip2Xslope3XSMS3196","(Info Hubs, Slopes (All), SMS (All))",4.69756967840457,0.00375265115363821,197,"1 16 49 64",1
"POOLED_gossip3Xslope2XSMS2ORgossip3Xslope3XSMS2ORgossip3Xslope2XSMS3ORgossip3Xslope3XSMS3196","(Trusted Info Hubs, Slopes (All), SMS (All))",-0.457912326652548,0.57831795954342,197,"1 16 49 64",1
"POOLED_Xslope3XSMS2ORXslope3XSMS3198","(No Seeds, High Slopes, SMS (All))",2.53111866246041,0.134657092134952,198,"1 16 49 64",1
"POOLED_trusted0Xslope3XSMS2ORtrusted0Xslope3XSMS3198","(Trusted Seeds, High Slope, SMS (All))",3.87984284404412,0.00927559835382491,198,"1 16 49 64",1
"POOLED_gossip2Xslope2XSMS2ORgossip2Xslope3XSMS2ORgossip2Xslope2XSMS3ORgossip2Xslope3XSMS3197","(Info Hubs, Slopes (All), SMS (All))",2.54710152696344,0.0390102559639547,198,"1 16 49 64",1
"POOLED_gossip3Xslope2XSMS2ORgossip3Xslope3XSMS2ORgossip3Xslope2XSMS3ORgossip3Xslope3XSMS3197","(Trusted Info Hubs, Slopes (All), SMS (All))",-0.50933080456194,0.503100472723163,198,"1 16 49 64",1
"POOLED_Xslope3XSMS2ORXslope3XSMS3199","(No Seeds, High Slopes, SMS (All))",1.41407178422471,0.291586296888498,199,"1 16 49 64",1
"POOLED_trusted0Xslope3XSMS2ORtrusted0Xslope3XSMS3199","(Trusted Seeds, High Slope, SMS (All))",3.34550680689244,0.0279410382765589,199,"1 16 49 64",1
"POOLED_gossip2Xslope2XSMS2ORgossip2Xslope3XSMS2ORgossip2Xslope2XSMS3ORgossip2Xslope3XSMS3198","(Info Hubs, Slopes (All), SMS (All))",3.90337897029136,0.00311894264733605,199,"1 16 49 64",1
"POOLED_gossip3Xslope2XSMS2ORgossip3Xslope3XSMS2ORgossip3Xslope2XSMS3ORgossip3Xslope3XSMS3198","(Trusted Info Hubs, Slopes (All), SMS (All))",-0.760541672691306,0.276052320220266,199,"1 16 49 64",1
"POOLED_Xslope3XSMS2ORXslope3XSMS3200","(No Seeds, High Slopes, SMS (All))",2.22969403353729,0.180061086880796,200,"1 16 49 64",1
"POOLED_trusted0Xslope3XSMS2ORtrusted0Xslope3XSMS3200","(Trusted Seeds, High Slope, SMS (All))",2.38153434652244,0.150263932709445,200,"1 16 49 64",1
"POOLED_gossip2Xslope2XSMS2ORgossip2Xslope3XSMS2ORgossip2Xslope2XSMS3ORgossip2Xslope3XSMS3199","(Info Hubs, Slopes (All), SMS (All))",4.02278355270395,0.00337013369192554,200,"1 16 49 64",1
"POOLED_gossip3Xslope2XSMS2ORgossip3Xslope3XSMS2ORgossip3Xslope2XSMS3ORgossip3Xslope3XSMS3199","(Trusted Info Hubs, Slopes (All), SMS (All))",-0.103899597730224,0.904051132735903,200,"1 16 49 64",1
