"study_id","estimand_id","target","k","removal_fraction","direction","beta_original","beta_mis","delta_mis","abs_delta_mis","relative_change_mis","valid_mis","refit_error_mis","nested_mis","mis_positions","mis_ids","N","beta_after","delta_beta","abs_delta_beta","relative_change","nested","valid_refit","refit_error"
"06_UHGtBtCEoaUWRP","itt_fullspec_bn_employed_treat_HD","treat_HD",1,0.000564971751412429,"Increase",0.0231123123505876,0.0203951853240051,-0.0027171270265825,0.0027171270265825,0.117561885862685,TRUE,,,"1679","3434",1770,0.0203951853240051,-0.0027171270265825,0.0027171270265825,0.117561885862685,,TRUE,
"06_UHGtBtCEoaUWRP","itt_fullspec_bn_employed_treat_HD","treat_HD",2,0.00112994350282486,"Increase",0.0231123123505876,0.0176234141054449,-0.00548889824514275,0.00548889824514275,0.237488060990279,TRUE,,TRUE,"1679;1691","3434;3458",1770,0.0176234141054449,-0.00548889824514275,0.00548889824514275,0.237488060990279,TRUE,TRUE,
"06_UHGtBtCEoaUWRP","itt_fullspec_bn_employed_treat_HD","treat_HD",3,0.00169491525423729,"Increase",0.0231123123505876,0.0151320495612645,-0.00798026278932316,0.00798026278932316,0.345281885614542,TRUE,,TRUE,"1679;1691;932","3434;3458;1903",1770,0.0151320495612645,-0.00798026278932316,0.00798026278932316,0.345281885614542,TRUE,TRUE,
"06_UHGtBtCEoaUWRP","itt_fullspec_bn_employed_treat_HD","treat_HD",4,0.00225988700564972,"Increase",0.0231123123505876,0.0127328550050192,-0.0103794573455684,0.0103794573455684,0.449087793039649,TRUE,,TRUE,"1679;1691;932;1053","3434;3458;1903;2152",1770,0.0127328550050192,-0.0103794573455684,0.0103794573455684,0.449087793039649,TRUE,TRUE,
"06_UHGtBtCEoaUWRP","itt_fullspec_bn_employed_treat_HD","treat_HD",5,0.00282485875706215,"Increase",0.0231123123505876,0.010246780380932,-0.0128655319696556,0.0128655319696556,0.556652738787018,TRUE,,TRUE,"1679;1691;932;1053;1655","3434;3458;1903;2152;3386",1770,0.010246780380932,-0.0128655319696556,0.0128655319696556,0.556652738787018,TRUE,TRUE,
"06_UHGtBtCEoaUWRP","itt_fullspec_bn_employed_treat_HD","treat_HD",6,0.00338983050847458,"Increase",0.0231123123505876,0.00792016510867349,-0.0151921472419141,0.0151921472419141,0.657318359645995,TRUE,,TRUE,"1679;1691;932;1053;1655;1712","3434;3458;1903;2152;3386;3500",1770,0.00792016510867349,-0.0151921472419141,0.0151921472419141,0.657318359645995,TRUE,TRUE,
"06_UHGtBtCEoaUWRP","itt_fullspec_bn_employed_treat_HD","treat_HD",7,0.00395480225988701,"Increase",0.0231123123505876,0.00582485560937575,-0.0172874567412119,0.0172874567412119,0.747976077814315,TRUE,,TRUE,"1679;1691;932;1053;1655;1712;836","3434;3458;1903;2152;3386;3500;1708",1770,0.00582485560937575,-0.0172874567412119,0.0172874567412119,0.747976077814315,TRUE,TRUE,
"06_UHGtBtCEoaUWRP","itt_fullspec_bn_employed_treat_HD","treat_HD",8,0.00451977401129944,"Increase",0.0231123123505876,0.00376352239252138,-0.0193487899580663,0.0193487899580663,0.837163744785333,TRUE,,TRUE,"1679;1691;932;1053;1655;1712;836;1496","3434;3458;1903;2152;3386;3500;1708;3063",1770,0.00376352239252138,-0.0193487899580663,0.0193487899580663,0.837163744785333,TRUE,TRUE,
"06_UHGtBtCEoaUWRP","itt_fullspec_bn_employed_treat_HD","treat_HD",9,0.00508474576271186,"Increase",0.0231123123505876,0.00160370990628231,-0.0215086024443053,0.0215086024443053,0.930612312521748,TRUE,,TRUE,"1679;1691;932;1053;1655;1712;836;1496;942","3434;3458;1903;2152;3386;3500;1708;3063;1923",1770,0.00160370990628231,-0.0215086024443053,0.0215086024443053,0.930612312521748,TRUE,TRUE,
"06_UHGtBtCEoaUWRP","itt_fullspec_bn_employed_treat_HD","treat_HD",10,0.00564971751412429,"Increase",0.0231123123505876,-0.000479536146556466,-0.0235918484971441,0.0235918484971441,1.02074808177055,TRUE,,TRUE,"1679;1691;932;1053;1655;1712;836;1496;942;1591","3434;3458;1903;2152;3386;3500;1708;3063;1923;3255",1770,-0.000479536146556466,-0.0235918484971441,0.0235918484971441,1.02074808177055,TRUE,TRUE,
"06_UHGtBtCEoaUWRP","itt_fullspec_bn_employed_treat_HD","treat_HD",11,0.00621468926553672,"Increase",0.0231123123505876,-0.00252883280487317,-0.0256411451554608,0.0256411451554608,1.10941496318125,TRUE,,TRUE,"1679;1691;932;1053;1655;1712;836;1496;942;1591;995","3434;3458;1903;2152;3386;3500;1708;3063;1923;3255;2032",1770,-0.00252883280487317,-0.0256411451554608,0.0256411451554608,1.10941496318125,TRUE,TRUE,
"06_UHGtBtCEoaUWRP","itt_fullspec_bn_employed_treat_HD","treat_HD",12,0.00677966101694915,"Increase",0.0231123123505876,-0.00466883578706269,-0.0277811481376503,0.0277811481376503,1.20200643346463,TRUE,,TRUE,"1679;1691;932;1053;1655;1712;836;1496;942;1591;995;74","3434;3458;1903;2152;3386;3500;1708;3063;1923;3255;2032;151",1770,-0.00466883578706269,-0.0277811481376503,0.0277811481376503,1.20200643346463,TRUE,TRUE,
"06_UHGtBtCEoaUWRP","itt_fullspec_bn_employed_treat_HD","treat_HD",13,0.00734463276836158,"Increase",0.0231123123505876,-0.00675550283839957,-0.0298678151889872,0.0298678151889872,1.29229021899351,TRUE,,TRUE,"1691;1679;932;1053;1655;1712;836;1496;942;1591;995;74;1678","3458;3434;1903;2152;3386;3500;1708;3063;1923;3255;2032;151;3432",1770,-0.00675550283839957,-0.0298678151889872,0.0298678151889872,1.29229021899351,TRUE,TRUE,
"06_UHGtBtCEoaUWRP","itt_fullspec_bn_employed_treat_HD","treat_HD",14,0.00790960451977401,"Increase",0.0231123123505876,-0.0087903522398272,-0.0319026645904148,0.0319026645904148,1.38033201120197,TRUE,,TRUE,"1691;1679;932;1053;1655;1712;836;1496;942;1591;995;74;1678;565","3458;3434;1903;2152;3386;3500;1708;3063;1923;3255;2032;151;3432;1159",1770,-0.0087903522398272,-0.0319026645904148,0.0319026645904148,1.38033201120197,TRUE,TRUE,
"06_UHGtBtCEoaUWRP","itt_fullspec_bn_employed_treat_HD","treat_HD",15,0.00847457627118644,"Increase",0.0231123123505876,-0.0109709135399541,-0.0340832258905417,0.0340832258905417,1.47467831749319,TRUE,,TRUE,"1691;1679;932;1053;1655;1712;836;1496;1591;942;995;74;1678;565;1389","3458;3434;1903;2152;3386;3500;1708;3063;3255;1923;2032;151;3432;1159;2844",1770,-0.0109709135399541,-0.0340832258905417,0.0340832258905417,1.47467831749319,TRUE,TRUE,
"06_UHGtBtCEoaUWRP","itt_fullspec_bn_employed_treat_HD","treat_HD",16,0.00903954802259887,"Increase",0.0231123123505876,-0.013057872394438,-0.0361701847450257,0.0361701847450257,1.56497472846355,TRUE,,TRUE,"1691;1679;932;1053;1655;1712;836;1496;1591;942;995;74;1678;565;1389;1531","3458;3434;1903;2152;3386;3500;1708;3063;3255;1923;2032;151;3432;1159;2844;3133",1770,-0.013057872394438,-0.0361701847450257,0.0361701847450257,1.56497472846355,TRUE,TRUE,
"06_UHGtBtCEoaUWRP","itt_fullspec_bn_employed_treat_HD","treat_HD",17,0.0096045197740113,"Increase",0.0231123123505876,-0.0151784191865261,-0.0382907315371137,0.0382907315371137,1.65672438812208,TRUE,,TRUE,"1691;1679;932;1053;1655;1712;836;1496;1591;942;995;74;1678;565;1389;1531;1641","3458;3434;1903;2152;3386;3500;1708;3063;3255;1923;2032;151;3432;1159;2844;3133;3356",1770,-0.0151784191865261,-0.0382907315371137,0.0382907315371137,1.65672438812208,TRUE,TRUE,
"06_UHGtBtCEoaUWRP","itt_fullspec_bn_employed_treat_HD","treat_HD",18,0.0101694915254237,"Increase",0.0231123123505876,-0.0177143686308704,-0.0408266809814581,0.0408266809814581,1.76644726681448,TRUE,,TRUE,"1691;1679;932;1053;1655;1712;836;1496;1591;942;995;74;1678;565;1389;1531;1641;78","3458;3434;1903;2152;3386;3500;1708;3063;3255;1923;2032;151;3432;1159;2844;3133;3356;159",1770,-0.0177143686308704,-0.0408266809814581,0.0408266809814581,1.76644726681448,TRUE,TRUE,
"06_UHGtBtCEoaUWRP","itt_fullspec_bn_employed_treat_HD","treat_HD",19,0.0107344632768362,"Increase",0.0231123123505876,-0.0197502572357462,-0.0428625695863338,0.0428625695863338,1.85453402221972,TRUE,,TRUE,"1691;1679;932;1053;1655;1712;836;1496;1591;942;995;74;1678;565;1389;1531;1641;78;172","3458;3434;1903;2152;3386;3500;1708;3063;3255;1923;2032;151;3432;1159;2844;3133;3356;159;356",1770,-0.0197502572357462,-0.0428625695863338,0.0428625695863338,1.85453402221972,TRUE,TRUE,
"06_UHGtBtCEoaUWRP","itt_fullspec_bn_employed_treat_HD","treat_HD",20,0.0112994350282486,"Increase",0.0231123123505876,-0.0219038608426936,-0.0450161731932812,0.0450161731932812,1.94771395048824,TRUE,,TRUE,"1691;1679;932;1053;1655;1712;836;1496;1591;942;995;74;1678;565;1389;1531;1641;78;172;940","3458;3434;1903;2152;3386;3500;1708;3063;3255;1923;2032;151;3432;1159;2844;3133;3356;159;356;1919",1770,-0.0219038608426936,-0.0450161731932812,0.0450161731932812,1.94771395048824,TRUE,TRUE,
"06_UHGtBtCEoaUWRP","itt_fullspec_bn_employed_treat_HD","treat_HD",21,0.011864406779661,"Increase",0.0231123123505876,-0.0237897405537613,-0.0469020529043489,0.0469020529043489,2.02931027380116,TRUE,,TRUE,"1691;1679;932;1053;1655;1712;836;1496;1591;942;995;74;1678;565;1389;1531;1641;78;172;940;971","3458;3434;1903;2152;3386;3500;1708;3063;3255;1923;2032;151;3432;1159;2844;3133;3356;159;356;1919;1983",1770,-0.0237897405537613,-0.0469020529043489,0.0469020529043489,2.02931027380116,TRUE,TRUE,
"06_UHGtBtCEoaUWRP","itt_fullspec_bn_employed_treat_HD","treat_HD",22,0.0124293785310734,"Increase",0.0231123123505876,-0.0263577570590115,-0.0494700694095991,0.0494700694095991,2.14042059743716,TRUE,,TRUE,"1691;1679;932;1053;1655;1712;836;1496;1591;942;995;74;1678;565;1389;1531;1641;78;172;940;971;489","3458;3434;1903;2152;3386;3500;1708;3063;3255;1923;2032;151;3432;1159;2844;3133;3356;159;356;1919;1983;1004",1770,-0.0263577570590115,-0.0494700694095991,0.0494700694095991,2.14042059743716,TRUE,TRUE,
"06_UHGtBtCEoaUWRP","itt_fullspec_bn_employed_treat_HD","treat_HD",23,0.0129943502824859,"Increase",0.0231123123505876,-0.0284613950215938,-0.0515737073721815,0.0515737073721815,2.23143866307562,TRUE,,TRUE,"1691;1679;932;1053;1655;1712;836;1591;1496;942;995;74;1678;565;1389;1531;1641;78;172;940;971;489;1073","3458;3434;1903;2152;3386;3500;1708;3255;3063;1923;2032;151;3432;1159;2844;3133;3356;159;356;1919;1983;1004;2194",1770,-0.0284613950215938,-0.0515737073721815,0.0515737073721815,2.23143866307562,TRUE,TRUE,
"06_UHGtBtCEoaUWRP","itt_fullspec_bn_employed_treat_HD","treat_HD",24,0.0135593220338983,"Increase",0.0231123123505876,-0.0306467829492535,-0.0537590952998411,0.0537590952998411,2.32599380297291,TRUE,,TRUE,"1691;1679;932;1053;1655;1712;836;1591;1496;942;995;74;1678;565;1389;1531;1641;78;172;940;971;489;1073;1708","3458;3434;1903;2152;3386;3500;1708;3255;3063;1923;2032;151;3432;1159;2844;3133;3356;159;356;1919;1983;1004;2194;3492",1770,-0.0306467829492535,-0.0537590952998411,0.0537590952998411,2.32599380297291,TRUE,TRUE,
"06_UHGtBtCEoaUWRP","itt_fullspec_bn_employed_treat_HD","treat_HD",25,0.0141242937853107,"Increase",0.0231123123505876,-0.0325773042442384,-0.0556896165948261,0.0556896165948261,2.40952163288889,TRUE,,TRUE,"1691;1679;932;1053;1655;1712;836;1591;1496;942;995;74;1678;565;1531;1389;1641;78;172;940;971;489;1073;1708;616","3458;3434;1903;2152;3386;3500;1708;3255;3063;1923;2032;151;3432;1159;3133;2844;3356;159;356;1919;1983;1004;2194;3492;1264",1770,-0.0325773042442384,-0.0556896165948261,0.0556896165948261,2.40952163288889,TRUE,TRUE,
"06_UHGtBtCEoaUWRP","itt_fullspec_bn_employed_treat_HD","treat_HD",26,0.0146892655367232,"Increase",0.0231123123505876,-0.0346307723201011,-0.0577430846706888,0.0577430846706888,2.49836899894703,TRUE,,TRUE,"1691;1679;932;1053;1655;1712;836;1591;1496;942;995;74;1678;565;1531;1389;1641;78;172;940;971;1073;489;1708;1095;616","3458;3434;1903;2152;3386;3500;1708;3255;3063;1923;2032;151;3432;1159;3133;2844;3356;159;356;1919;1983;2194;1004;3492;2238;1264",1770,-0.0346307723201011,-0.0577430846706888,0.0577430846706888,2.49836899894703,TRUE,TRUE,
"06_UHGtBtCEoaUWRP","itt_fullspec_bn_employed_treat_HD","treat_HD",27,0.0152542372881356,"Increase",0.0231123123505876,-0.036744118990266,-0.0598564313408536,0.0598564313408536,2.58980713106068,TRUE,,TRUE,"1691;1679;932;1053;1655;1712;836;1591;1496;942;995;74;1678;565;1531;1389;1641;78;172;940;971;1073;489;1708;1095;616;444","3458;3434;1903;2152;3386;3500;1708;3255;3063;1923;2032;151;3432;1159;3133;2844;3356;159;356;1919;1983;2194;1004;3492;2238;1264;912",1770,-0.036744118990266,-0.0598564313408536,0.0598564313408536,2.58980713106068,TRUE,TRUE,
"06_UHGtBtCEoaUWRP","itt_fullspec_bn_employed_treat_HD","treat_HD",28,0.015819209039548,"Increase",0.0231123123505876,-0.0386877027714547,-0.0618000151220424,0.0618000151220424,2.67390013533073,TRUE,,TRUE,"1691;1679;932;1053;1655;1712;836;1591;1496;942;995;74;1678;565;1531;1389;1641;78;172;940;971;1073;489;1708;1095;444;616;1715","3458;3434;1903;2152;3386;3500;1708;3255;3063;1923;2032;151;3432;1159;3133;2844;3356;159;356;1919;1983;2194;1004;3492;2238;912;1264;3506",1770,-0.0386877027714547,-0.0618000151220424,0.0618000151220424,2.67390013533073,TRUE,TRUE,
"06_UHGtBtCEoaUWRP","itt_fullspec_bn_employed_treat_HD","treat_HD",29,0.0163841807909605,"Increase",0.0231123123505876,-0.0406751579120214,-0.0637874702626091,0.0637874702626091,2.75989132091265,TRUE,,TRUE,"1691;1679;932;1053;1655;1712;836;1591;1496;942;995;74;1678;565;1531;1389;1641;78;172;940;971;1073;489;1708;1095;444;616;1715;686","3458;3434;1903;2152;3386;3500;1708;3255;3063;1923;2032;151;3432;1159;3133;2844;3356;159;356;1919;1983;2194;1004;3492;2238;912;1264;3506;1405",1770,-0.0406751579120214,-0.0637874702626091,0.0637874702626091,2.75989132091265,TRUE,TRUE,
"06_UHGtBtCEoaUWRP","itt_fullspec_bn_employed_treat_HD","treat_HD",30,0.0169491525423729,"Increase",0.0231123123505876,-0.0425652673680097,-0.0656775797185973,0.0656775797185973,2.84167065252246,TRUE,,TRUE,"1691;1679;932;1053;1655;1712;836;1591;1496;942;995;74;1678;565;1531;1389;1641;78;172;940;971;1073;489;1708;1095;444;616;1715;686;3","3458;3434;1903;2152;3386;3500;1708;3255;3063;1923;2032;151;3432;1159;3133;2844;3356;159;356;1919;1983;2194;1004;3492;2238;912;1264;3506;1405;6",1770,-0.0425652673680097,-0.0656775797185973,0.0656775797185973,2.84167065252246,TRUE,TRUE,
"06_UHGtBtCEoaUWRP","itt_fullspec_bn_employed_treat_HD","treat_HD",31,0.0175141242937853,"Increase",0.0231123123505876,-0.0444973769346092,-0.0676096892851969,0.0676096892851969,2.92526720215764,TRUE,,TRUE,"1691;1679;932;1053;1655;1712;836;1591;1496;942;995;74;1678;565;1531;1389;1641;78;172;940;1073;971;489;1708;1095;444;616;1715;686;3;658","3458;3434;1903;2152;3386;3500;1708;3255;3063;1923;2032;151;3432;1159;3133;2844;3356;159;356;1919;2194;1983;1004;3492;2238;912;1264;3506;1405;6;1349",1770,-0.0444973769346092,-0.0676096892851969,0.0676096892851969,2.92526720215764,TRUE,TRUE,
"06_UHGtBtCEoaUWRP","itt_fullspec_bn_employed_treat_HD","treat_HD",32,0.0180790960451977,"Increase",0.0231123123505876,-0.0465342936004218,-0.0696466059510095,0.0696466059510095,3.01339843865682,TRUE,,TRUE,"1691;1679;932;1053;1655;1712;836;1591;1496;942;995;74;1678;565;1531;1389;1641;78;172;940;1073;971;489;1708;1095;444;616;1715;686;3;658;656","3458;3434;1903;2152;3386;3500;1708;3255;3063;1923;2032;151;3432;1159;3133;2844;3356;159;356;1919;2194;1983;1004;3492;2238;912;1264;3506;1405;6;1349;1345",1770,-0.0465342936004218,-0.0696466059510095,0.0696466059510095,3.01339843865682,TRUE,TRUE,
"06_UHGtBtCEoaUWRP","itt_fullspec_bn_employed_treat_HD","treat_HD",33,0.0186440677966102,"Increase",0.0231123123505876,-0.0485818923068675,-0.0716942046574551,0.0716942046574551,3.10199185481466,TRUE,,TRUE,"1691;1679;932;1053;1655;1712;836;1591;1496;942;995;74;1678;565;1531;1389;1641;78;172;940;1073;971;489;1708;1095;444;616;1715;686;3;658;656;925","3458;3434;1903;2152;3386;3500;1708;3255;3063;1923;2032;151;3432;1159;3133;2844;3356;159;356;1919;2194;1983;1004;3492;2238;912;1264;3506;1405;6;1349;1345;1889",1770,-0.0485818923068675,-0.0716942046574551,0.0716942046574551,3.10199185481466,TRUE,TRUE,
"06_UHGtBtCEoaUWRP","itt_fullspec_bn_employed_treat_HD","treat_HD",34,0.0192090395480226,"Increase",0.0231123123505876,-0.0503372853865063,-0.073449597737094,0.073449597737094,3.17794241540815,TRUE,,TRUE,"1691;1679;932;1053;1655;1712;1591;836;1496;995;942;74;1678;565;1531;1389;1641;78;172;940;1073;971;489;1708;1095;444;616;1715;686;3;658;656;925;1380","3458;3434;1903;2152;3386;3500;3255;1708;3063;2032;1923;151;3432;1159;3133;2844;3356;159;356;1919;2194;1983;1004;3492;2238;912;1264;3506;1405;6;1349;1345;1889;2826",1770,-0.0503372853865063,-0.073449597737094,0.073449597737094,3.17794241540815,TRUE,TRUE,
"06_UHGtBtCEoaUWRP","itt_fullspec_bn_employed_treat_HD","treat_HD",35,0.019774011299435,"Increase",0.0231123123505876,-0.0522832221242734,-0.0753955344748611,0.0753955344748611,3.26213722500787,TRUE,,TRUE,"1691;1679;932;1053;1655;1712;1591;836;1496;995;942;74;1678;565;1531;1389;1641;78;172;940;1073;971;489;1708;1095;444;616;1715;686;3;658;656;925;1380;1112","3458;3434;1903;2152;3386;3500;3255;1708;3063;2032;1923;151;3432;1159;3133;2844;3356;159;356;1919;2194;1983;1004;3492;2238;912;1264;3506;1405;6;1349;1345;1889;2826;2273",1770,-0.0522832221242734,-0.0753955344748611,0.0753955344748611,3.26213722500787,TRUE,TRUE,
"06_UHGtBtCEoaUWRP","itt_fullspec_bn_employed_treat_HD","treat_HD",36,0.0203389830508475,"Increase",0.0231123123505876,-0.0546258023336928,-0.0777381146842804,0.0777381146842804,3.36349360051392,TRUE,,TRUE,"1691;1679;932;1053;1655;1712;1591;836;1496;995;942;74;1678;565;1531;1389;78;1641;172;940;1073;971;489;1708;1095;444;616;1715;686;3;658;656;925;1380;1112;1459","3458;3434;1903;2152;3386;3500;3255;1708;3063;2032;1923;151;3432;1159;3133;2844;159;3356;356;1919;2194;1983;1004;3492;2238;912;1264;3506;1405;6;1349;1345;1889;2826;2273;2987",1770,-0.0546258023336928,-0.0777381146842804,0.0777381146842804,3.36349360051392,TRUE,TRUE,
"06_UHGtBtCEoaUWRP","itt_fullspec_bn_employed_treat_HD","treat_HD",37,0.0209039548022599,"Increase",0.0231123123505876,-0.0565553907040655,-0.0796677030546532,0.0796677030546532,3.4469810655976,TRUE,,TRUE,"1691;1679;932;1053;1655;1712;1591;836;1496;995;942;74;1678;565;1531;1389;78;1641;172;940;1073;971;489;1708;1095;444;616;1715;686;3;658;656;925;1380;1112;1459;84","3458;3434;1903;2152;3386;3500;3255;1708;3063;2032;1923;151;3432;1159;3133;2844;159;3356;356;1919;2194;1983;1004;3492;2238;912;1264;3506;1405;6;1349;1345;1889;2826;2273;2987;173",1770,-0.0565553907040655,-0.0796677030546532,0.0796677030546532,3.4469810655976,TRUE,TRUE,
"06_UHGtBtCEoaUWRP","itt_fullspec_bn_employed_treat_HD","treat_HD",38,0.0214689265536723,"Increase",0.0231123123505876,-0.0582032295592297,-0.0813155419098173,0.0813155419098173,3.51827807950812,TRUE,,TRUE,"1691;1679;932;1053;1655;1712;1591;836;1496;995;942;74;1678;565;1531;1389;78;1641;172;940;1073;971;489;1708;1095;444;616;1715;686;3;658;656;925;1380;1112;1459;84;1754","3458;3434;1903;2152;3386;3500;3255;1708;3063;2032;1923;151;3432;1159;3133;2844;159;3356;356;1919;2194;1983;1004;3492;2238;912;1264;3506;1405;6;1349;1345;1889;2826;2273;2987;173;3586",1770,-0.0582032295592297,-0.0813155419098173,0.0813155419098173,3.51827807950812,TRUE,TRUE,
"06_UHGtBtCEoaUWRP","itt_fullspec_bn_employed_treat_HD","treat_HD",39,0.0220338983050847,"Increase",0.0231123123505876,-0.0600750129567359,-0.0831873253073235,0.0831873253073235,3.5992644978774,TRUE,,TRUE,"1691;1679;932;1053;1655;1712;1591;836;1496;995;942;74;1678;565;1531;1389;78;1641;172;940;1073;971;489;1708;1095;444;616;1715;686;3;658;656;925;1380;1112;1459;84;1754;1219","3458;3434;1903;2152;3386;3500;3255;1708;3063;2032;1923;151;3432;1159;3133;2844;159;3356;356;1919;2194;1983;1004;3492;2238;912;1264;3506;1405;6;1349;1345;1889;2826;2273;2987;173;3586;2492",1770,-0.0600750129567359,-0.0831873253073235,0.0831873253073235,3.5992644978774,TRUE,TRUE,
"06_UHGtBtCEoaUWRP","itt_fullspec_bn_employed_treat_HD","treat_HD",40,0.0225988700564972,"Increase",0.0231123123505876,-0.0619675653254057,-0.0850798776759933,0.0850798776759933,3.68114952694598,TRUE,,TRUE,"1691;1679;932;1053;1655;1712;1591;836;1496;995;942;74;1678;1531;565;1389;78;1641;172;940;1073;971;489;1708;1095;444;616;1715;686;3;658;656;925;1380;1112;1459;84;1754;1219;22","3458;3434;1903;2152;3386;3500;3255;1708;3063;2032;1923;151;3432;3133;1159;2844;159;3356;356;1919;2194;1983;1004;3492;2238;912;1264;3506;1405;6;1349;1345;1889;2826;2273;2987;173;3586;2492;45",1770,-0.0619675653254057,-0.0850798776759933,0.0850798776759933,3.68114952694598,TRUE,TRUE,
"06_UHGtBtCEoaUWRP","itt_fullspec_bn_employed_treat_HD","treat_HD",41,0.0231638418079096,"Increase",0.0231123123505876,-0.0638604677897303,-0.0869727801403179,0.0869727801403179,3.76304970359691,TRUE,,TRUE,"1691;1679;932;1053;1655;1712;1591;836;995;1496;942;74;1678;1531;565;1389;78;1641;172;940;1073;971;489;1708;1095;444;616;1715;686;3;658;656;925;1380;1112;1459;84;1754;1219;22;824","3458;3434;1903;2152;3386;3500;3255;1708;2032;3063;1923;151;3432;3133;1159;2844;159;3356;356;1919;2194;1983;1004;3492;2238;912;1264;3506;1405;6;1349;1345;1889;2826;2273;2987;173;3586;2492;45;1684",1770,-0.0638604677897303,-0.0869727801403179,0.0869727801403179,3.76304970359691,TRUE,TRUE,
"06_UHGtBtCEoaUWRP","itt_fullspec_bn_employed_treat_HD","treat_HD",42,0.023728813559322,"Increase",0.0231123123505876,-0.0656952571660957,-0.0888075695166833,0.0888075695166833,3.84243550232331,TRUE,,TRUE,"1691;1679;932;1053;1655;1712;1591;836;995;1496;942;74;1678;1531;565;1389;78;1641;172;940;1073;971;489;1708;1095;444;616;1715;686;3;658;656;925;1380;1112;1459;84;1754;1219;22;579;824","3458;3434;1903;2152;3386;3500;3255;1708;2032;3063;1923;151;3432;3133;1159;2844;159;3356;356;1919;2194;1983;1004;3492;2238;912;1264;3506;1405;6;1349;1345;1889;2826;2273;2987;173;3586;2492;45;1188;1684",1770,-0.0656952571660957,-0.0888075695166833,0.0888075695166833,3.84243550232331,TRUE,TRUE,
"06_UHGtBtCEoaUWRP","itt_fullspec_bn_employed_treat_HD","treat_HD",43,0.0242937853107345,"Increase",0.0231123123505876,-0.0675162653637488,-0.0906285777143365,0.0906285777143365,3.92122503103988,TRUE,,TRUE,"1691;1679;932;1053;1655;1712;1591;836;995;1496;942;74;1678;1531;565;1389;78;1641;172;940;1073;971;489;1708;1095;444;616;1715;686;3;658;656;925;1380;1112;1459;84;1754;1219;22;579;824;59","3458;3434;1903;2152;3386;3500;3255;1708;2032;3063;1923;151;3432;3133;1159;2844;159;3356;356;1919;2194;1983;1004;3492;2238;912;1264;3506;1405;6;1349;1345;1889;2826;2273;2987;173;3586;2492;45;1188;1684;120",1770,-0.0675162653637488,-0.0906285777143365,0.0906285777143365,3.92122503103988,TRUE,TRUE,
"06_UHGtBtCEoaUWRP","itt_fullspec_bn_employed_treat_HD","treat_HD",44,0.0248587570621469,"Increase",0.0231123123505876,-0.0693636605744713,-0.092475972925059,0.092475972925059,4.00115624617317,TRUE,,TRUE,"1691;1679;932;1053;1655;1712;1591;836;995;1496;942;74;1678;1531;565;1389;78;1641;172;940;1073;971;1708;1095;489;444;616;1715;686;3;658;656;925;1380;1112;1459;84;1754;1219;22;579;824;59;905","3458;3434;1903;2152;3386;3500;3255;1708;2032;3063;1923;151;3432;3133;1159;2844;159;3356;356;1919;2194;1983;3492;2238;1004;912;1264;3506;1405;6;1349;1345;1889;2826;2273;2987;173;3586;2492;45;1188;1684;120;1849",1770,-0.0693636605744713,-0.092475972925059,0.092475972925059,4.00115624617317,TRUE,TRUE,
"06_UHGtBtCEoaUWRP","itt_fullspec_bn_employed_treat_HD","treat_HD",45,0.0254237288135593,"Increase",0.0231123123505876,-0.0713498293185793,-0.094462141669167,0.094462141669167,4.0870917732628,TRUE,,TRUE,"1691;1679;932;1053;1655;1712;1591;836;995;1496;942;74;1531;1678;565;1389;78;1641;172;940;1073;971;1708;1095;489;444;616;686;1715;3;658;656;925;1380;1112;1459;84;1754;1219;579;22;824;59;905;862","3458;3434;1903;2152;3386;3500;3255;1708;2032;3063;1923;151;3133;3432;1159;2844;159;3356;356;1919;2194;1983;3492;2238;1004;912;1264;1405;3506;6;1349;1345;1889;2826;2273;2987;173;3586;2492;1188;45;1684;120;1849;1762",1770,-0.0713498293185793,-0.094462141669167,0.094462141669167,4.0870917732628,TRUE,TRUE,
"06_UHGtBtCEoaUWRP","itt_fullspec_bn_employed_treat_HD","treat_HD",46,0.0259887005649717,"Increase",0.0231123123505876,-0.0730726545765581,-0.0961849669271457,0.0961849669271457,4.16163322250619,TRUE,,TRUE,"1691;1679;932;1053;1655;1712;1591;836;995;1496;74;942;1531;1678;565;1389;78;1641;172;940;1073;1708;1095;971;489;444;616;686;1715;3;658;656;925;1380;1112;1459;84;1754;1219;579;22;59;824;905;862;1228","3458;3434;1903;2152;3386;3500;3255;1708;2032;3063;151;1923;3133;3432;1159;2844;159;3356;356;1919;2194;3492;2238;1983;1004;912;1264;1405;3506;6;1349;1345;1889;2826;2273;2987;173;3586;2492;1188;45;120;1684;1849;1762;2511",1770,-0.0730726545765581,-0.0961849669271457,0.0961849669271457,4.16163322250619,TRUE,TRUE,
"06_UHGtBtCEoaUWRP","itt_fullspec_bn_employed_treat_HD","treat_HD",47,0.0265536723163842,"Increase",0.0231123123505876,-0.0747377637126478,-0.0978500760632354,0.0978500760632354,4.23367746934882,TRUE,,TRUE,"1691;1679;932;1053;1655;1712;1591;836;995;1496;74;942;1531;1678;565;1389;78;1641;172;940;1073;1095;1708;971;489;444;616;686;1715;3;658;656;925;1380;1112;1459;84;1754;1219;579;22;59;824;905;862;1228;1492","3458;3434;1903;2152;3386;3500;3255;1708;2032;3063;151;1923;3133;3432;1159;2844;159;3356;356;1919;2194;2238;3492;1983;1004;912;1264;1405;3506;6;1349;1345;1889;2826;2273;2987;173;3586;2492;1188;45;120;1684;1849;1762;2511;3055",1770,-0.0747377637126478,-0.0978500760632354,0.0978500760632354,4.23367746934882,TRUE,TRUE,
"06_UHGtBtCEoaUWRP","itt_fullspec_bn_employed_treat_HD","treat_HD",48,0.0271186440677966,"Increase",0.0231123123505876,-0.0765077403783985,-0.0996200527289861,0.0996200527289861,4.31025901769856,TRUE,,TRUE,"1691;1679;932;1053;1655;1712;1591;836;995;1496;74;942;1531;1678;565;1389;78;1641;172;940;1073;1095;1708;489;971;444;616;686;1715;3;658;656;925;1380;1112;1459;84;1219;1754;579;22;59;824;905;862;1228;289;1492","3458;3434;1903;2152;3386;3500;3255;1708;2032;3063;151;1923;3133;3432;1159;2844;159;3356;356;1919;2194;2238;3492;1004;1983;912;1264;1405;3506;6;1349;1345;1889;2826;2273;2987;173;2492;3586;1188;45;120;1684;1849;1762;2511;594;3055",1770,-0.0765077403783985,-0.0996200527289861,0.0996200527289861,4.31025901769856,TRUE,TRUE,
"06_UHGtBtCEoaUWRP","itt_fullspec_bn_employed_treat_HD","treat_HD",49,0.027683615819209,"Increase",0.0231123123505876,-0.0784209281165447,-0.101533240467132,0.101533240467132,4.39303687692464,TRUE,,TRUE,"1691;1679;932;1053;1655;1712;1591;836;995;74;1496;942;1531;1678;565;1389;78;1641;172;940;1073;1095;1708;489;971;444;616;686;1715;3;658;656;925;1380;1112;1459;84;1219;1754;579;22;59;905;824;862;1228;289;1492;1507","3458;3434;1903;2152;3386;3500;3255;1708;2032;151;3063;1923;3133;3432;1159;2844;159;3356;356;1919;2194;2238;3492;1004;1983;912;1264;1405;3506;6;1349;1345;1889;2826;2273;2987;173;2492;3586;1188;45;120;1849;1684;1762;2511;594;3055;3085",1770,-0.0784209281165447,-0.101533240467132,0.101533240467132,4.39303687692464,TRUE,TRUE,
"06_UHGtBtCEoaUWRP","itt_fullspec_bn_employed_treat_HD","treat_HD",50,0.0282485875706215,"Increase",0.0231123123505876,-0.0801568525079018,-0.103269164858489,0.103269164858489,4.46814508613474,TRUE,,TRUE,"1691;1679;932;1053;1655;1712;1591;836;995;74;1496;942;1531;1678;565;1389;78;1641;172;940;1073;1095;1708;489;971;444;616;686;1715;3;658;656;925;1380;1112;1459;84;1219;1754;579;22;59;905;824;862;1228;289;1492;1507;1568","3458;3434;1903;2152;3386;3500;3255;1708;2032;151;3063;1923;3133;3432;1159;2844;159;3356;356;1919;2194;2238;3492;1004;1983;912;1264;1405;3506;6;1349;1345;1889;2826;2273;2987;173;2492;3586;1188;45;120;1849;1684;1762;2511;594;3055;3085;3207",1770,-0.0801568525079018,-0.103269164858489,0.103269164858489,4.46814508613474,TRUE,TRUE,
"06_UHGtBtCEoaUWRP","itt_fullspec_bn_employed_treat_HD","treat_HD",51,0.0288135593220339,"Increase",0.0231123123505876,-0.0819232276994296,-0.105035540050017,0.105035540050017,4.54457080956448,TRUE,,TRUE,"1691;1679;932;1053;1655;1712;1591;836;995;74;942;1496;1531;1678;565;1389;78;1641;172;940;1073;1095;1708;489;444;971;616;686;1715;3;658;656;925;1380;1112;1459;84;1219;1754;579;22;59;905;824;862;1228;289;1492;1507;1568;790","3458;3434;1903;2152;3386;3500;3255;1708;2032;151;1923;3063;3133;3432;1159;2844;159;3356;356;1919;2194;2238;3492;1004;912;1983;1264;1405;3506;6;1349;1345;1889;2826;2273;2987;173;2492;3586;1188;45;120;1849;1684;1762;2511;594;3055;3085;3207;1616",1770,-0.0819232276994296,-0.105035540050017,0.105035540050017,4.54457080956448,TRUE,TRUE,
"06_UHGtBtCEoaUWRP","itt_fullspec_bn_employed_treat_HD","treat_HD",52,0.0293785310734463,"Increase",0.0231123123505876,-0.0836278430250888,-0.106740155375676,0.106740155375676,4.61832436999592,TRUE,,TRUE,"1691;1679;932;1053;1655;1712;1591;836;995;74;1531;942;1496;1678;565;1389;78;1641;172;940;1073;1095;1708;489;444;971;616;686;1715;3;658;656;925;1380;1112;1459;84;1219;1754;579;22;59;905;824;862;1228;289;1492;1507;790;1568;246","3458;3434;1903;2152;3386;3500;3255;1708;2032;151;3133;1923;3063;3432;1159;2844;159;3356;356;1919;2194;2238;3492;1004;912;1983;1264;1405;3506;6;1349;1345;1889;2826;2273;2987;173;2492;3586;1188;45;120;1849;1684;1762;2511;594;3055;3085;1616;3207;505",1770,-0.0836278430250888,-0.106740155375676,0.106740155375676,4.61832436999592,TRUE,TRUE,
"06_UHGtBtCEoaUWRP","itt_fullspec_bn_employed_treat_HD","treat_HD",53,0.0299435028248588,"Increase",0.0231123123505876,-0.085772687635624,-0.108884999986212,0.108884999986212,4.71112532292526,TRUE,,TRUE,"1691;1679;932;1053;1655;1712;1591;836;995;74;1531;942;1496;1678;565;1389;78;1641;172;940;1073;1095;1708;444;489;971;616;686;1715;3;658;656;925;1380;1112;1459;84;579;1219;1754;22;59;905;824;862;1228;289;1492;790;1507;1568;246;1097","3458;3434;1903;2152;3386;3500;3255;1708;2032;151;3133;1923;3063;3432;1159;2844;159;3356;356;1919;2194;2238;3492;912;1004;1983;1264;1405;3506;6;1349;1345;1889;2826;2273;2987;173;1188;2492;3586;45;120;1849;1684;1762;2511;594;3055;1616;3085;3207;505;2242",1770,-0.085772687635624,-0.108884999986212,0.108884999986212,4.71112532292526,TRUE,TRUE,
"06_UHGtBtCEoaUWRP","itt_fullspec_bn_employed_treat_HD","treat_HD",54,0.0305084745762712,"Increase",0.0231123123505876,-0.0877843909815425,-0.11089670333213,0.11089670333213,4.7981656551691,TRUE,,TRUE,"1691;1679;932;1053;1655;1712;1591;836;995;1531;74;942;1496;1678;565;1389;78;1641;172;940;1073;1095;1708;444;489;971;616;686;1715;3;658;656;925;1380;1112;1459;84;579;1219;1754;22;59;905;824;862;1228;790;289;1492;1507;1568;246;1097;1629","3458;3434;1903;2152;3386;3500;3255;1708;2032;3133;151;1923;3063;3432;1159;2844;159;3356;356;1919;2194;2238;3492;912;1004;1983;1264;1405;3506;6;1349;1345;1889;2826;2273;2987;173;1188;2492;3586;45;120;1849;1684;1762;2511;1616;594;3055;3085;3207;505;2242;3332",1770,-0.0877843909815425,-0.11089670333213,0.11089670333213,4.7981656551691,TRUE,TRUE,
"06_UHGtBtCEoaUWRP","itt_fullspec_bn_employed_treat_HD","treat_HD",55,0.0310734463276836,"Increase",0.0231123123505876,-0.0895427003593635,-0.112655012709951,0.112655012709951,4.87424239518322,TRUE,,TRUE,"1691;1679;932;1053;1655;1712;1591;836;995;1531;74;942;1496;1678;565;1389;78;1641;172;940;1073;1095;1708;444;489;971;616;686;1715;658;3;656;925;1380;1112;1459;84;579;1219;1754;22;59;905;824;862;1228;790;289;1492;1507;1568;246;1097;1629;61","3458;3434;1903;2152;3386;3500;3255;1708;2032;3133;151;1923;3063;3432;1159;2844;159;3356;356;1919;2194;2238;3492;912;1004;1983;1264;1405;3506;1349;6;1345;1889;2826;2273;2987;173;1188;2492;3586;45;120;1849;1684;1762;2511;1616;594;3055;3085;3207;505;2242;3332;124",1770,-0.0895427003593635,-0.112655012709951,0.112655012709951,4.87424239518322,TRUE,TRUE,
"06_UHGtBtCEoaUWRP","itt_fullspec_bn_employed_treat_HD","treat_HD",56,0.031638418079096,"Increase",0.0231123123505876,-0.0914531261181793,-0.114565438468767,0.114565438468767,4.95690075189963,TRUE,,TRUE,"1691;1679;932;1053;1655;1712;1591;836;995;1531;74;942;1496;1678;565;1389;78;1641;172;940;1073;1095;1708;444;489;971;616;686;1715;658;3;656;925;1380;1112;1459;579;84;1219;1754;59;22;905;862;824;1228;790;289;1507;1492;1568;246;1097;1629;61;114","3458;3434;1903;2152;3386;3500;3255;1708;2032;3133;151;1923;3063;3432;1159;2844;159;3356;356;1919;2194;2238;3492;912;1004;1983;1264;1405;3506;1349;6;1345;1889;2826;2273;2987;1188;173;2492;3586;120;45;1849;1762;1684;2511;1616;594;3085;3055;3207;505;2242;3332;124;237",1770,-0.0914531261181793,-0.114565438468767,0.114565438468767,4.95690075189963,TRUE,TRUE,
"06_UHGtBtCEoaUWRP","itt_fullspec_bn_employed_treat_HD","treat_HD",57,0.0322033898305085,"Increase",0.0231123123505876,-0.0933634917151201,-0.116475804065708,0.116475804065708,5.03955650559328,TRUE,,TRUE,"1691;1679;932;1053;1655;1712;1591;836;995;1531;74;942;1496;1678;565;1389;78;1641;172;940;1073;1095;1708;444;489;971;616;686;1715;658;3;656;925;1380;1112;1459;579;84;1219;1754;59;22;905;862;824;1228;790;289;1507;1492;1568;246;1097;1629;61;634;114","3458;3434;1903;2152;3386;3500;3255;1708;2032;3133;151;1923;3063;3432;1159;2844;159;3356;356;1919;2194;2238;3492;912;1004;1983;1264;1405;3506;1349;6;1345;1889;2826;2273;2987;1188;173;2492;3586;120;45;1849;1762;1684;2511;1616;594;3085;3055;3207;505;2242;3332;124;1300;237",1770,-0.0933634917151201,-0.116475804065708,0.116475804065708,5.03955650559328,TRUE,TRUE,
"06_UHGtBtCEoaUWRP","itt_fullspec_bn_employed_treat_HD","treat_HD",58,0.0327683615819209,"Increase",0.0231123123505876,-0.0954985793896697,-0.118610891740257,0.118610891740257,5.13193530534999,TRUE,,TRUE,"1691;1679;932;1053;1655;1712;1591;836;1531;995;74;942;1496;1678;565;1389;78;1641;172;940;1073;1095;1708;444;489;971;616;686;1715;658;3;656;925;1380;1112;1459;579;84;1219;1754;59;22;905;862;824;790;1228;289;1507;1492;1568;246;1097;1629;61;634;114;350","3458;3434;1903;2152;3386;3500;3255;1708;3133;2032;151;1923;3063;3432;1159;2844;159;3356;356;1919;2194;2238;3492;912;1004;1983;1264;1405;3506;1349;6;1345;1889;2826;2273;2987;1188;173;2492;3586;120;45;1849;1762;1684;1616;2511;594;3085;3055;3207;505;2242;3332;124;1300;237;719",1770,-0.0954985793896697,-0.118610891740257,0.118610891740257,5.13193530534999,TRUE,TRUE,
"06_UHGtBtCEoaUWRP","itt_fullspec_bn_employed_treat_HD","treat_HD",59,0.0333333333333333,"Increase",0.0231123123505876,-0.097421279123227,-0.120533591473815,0.120533591473815,5.2151247199093,TRUE,,TRUE,"1691;1679;932;1053;1655;1712;1591;836;1531;995;74;942;1496;1678;565;1389;78;1641;172;940;1073;1095;1708;444;489;971;616;686;1715;658;3;656;925;1380;1112;1459;579;84;1219;1754;59;905;22;862;790;824;1228;289;1507;1492;1568;246;1097;1629;61;634;114;350;538","3458;3434;1903;2152;3386;3500;3255;1708;3133;2032;151;1923;3063;3432;1159;2844;159;3356;356;1919;2194;2238;3492;912;1004;1983;1264;1405;3506;1349;6;1345;1889;2826;2273;2987;1188;173;2492;3586;120;1849;45;1762;1616;1684;2511;594;3085;3055;3207;505;2242;3332;124;1300;237;719;1104",1770,-0.097421279123227,-0.120533591473815,0.120533591473815,5.2151247199093,TRUE,TRUE,
"06_UHGtBtCEoaUWRP","itt_fullspec_bn_employed_treat_HD","treat_HD",60,0.0338983050847458,"Increase",0.0231123123505876,-0.0993409337945595,-0.122453246145147,0.122453246145147,5.29818238381646,TRUE,,TRUE,"1691;1679;932;1053;1655;1712;1591;836;1531;995;74;942;1496;1678;565;1389;78;1641;172;940;1073;1095;1708;444;489;971;616;686;1715;658;3;656;925;1380;1112;1459;579;84;1219;1754;59;905;22;862;790;1228;824;289;1507;1492;1568;246;1097;1629;61;634;114;350;538;171","3458;3434;1903;2152;3386;3500;3255;1708;3133;2032;151;1923;3063;3432;1159;2844;159;3356;356;1919;2194;2238;3492;912;1004;1983;1264;1405;3506;1349;6;1345;1889;2826;2273;2987;1188;173;2492;3586;120;1849;45;1762;1616;2511;1684;594;3085;3055;3207;505;2242;3332;124;1300;237;719;1104;354",1770,-0.0993409337945595,-0.122453246145147,0.122453246145147,5.29818238381646,TRUE,TRUE,
"06_UHGtBtCEoaUWRP","itt_fullspec_bn_employed_treat_HD","treat_HD",61,0.0344632768361582,"Increase",0.0231123123505876,-0.101252927959764,-0.124365240310352,0.124365240310352,5.38090860074369,TRUE,,TRUE,"1691;1679;932;1053;1655;1712;1591;836;1531;995;74;942;1496;1678;565;1389;78;1641;172;940;1073;1095;1708;444;489;971;616;686;1715;658;3;656;925;1380;1112;579;1459;84;1219;1754;59;905;22;790;862;1228;824;289;1507;1492;1568;246;1097;1629;61;634;114;350;538;384;171","3458;3434;1903;2152;3386;3500;3255;1708;3133;2032;151;1923;3063;3432;1159;2844;159;3356;356;1919;2194;2238;3492;912;1004;1983;1264;1405;3506;1349;6;1345;1889;2826;2273;1188;2987;173;2492;3586;120;1849;45;1616;1762;2511;1684;594;3085;3055;3207;505;2242;3332;124;1300;237;719;1104;788;354",1770,-0.101252927959764,-0.124365240310352,0.124365240310352,5.38090860074369,TRUE,TRUE,
"06_UHGtBtCEoaUWRP","itt_fullspec_bn_employed_treat_HD","treat_HD",62,0.0350282485875706,"Increase",0.0231123123505876,-0.103281242144168,-0.126393554494756,0.126393554494756,5.46866763383553,TRUE,,TRUE,"1691;1679;932;1053;1655;1712;1591;836;1531;995;74;942;1496;1678;565;1389;78;1641;172;940;1073;1095;1708;444;489;971;616;686;1715;658;3;656;925;1380;1112;579;1459;84;1219;1754;59;905;790;22;862;1228;824;289;1507;1568;1492;246;1629;1097;61;634;114;350;538;384;171;1191","3458;3434;1903;2152;3386;3500;3255;1708;3133;2032;151;1923;3063;3432;1159;2844;159;3356;356;1919;2194;2238;3492;912;1004;1983;1264;1405;3506;1349;6;1345;1889;2826;2273;1188;2987;173;2492;3586;120;1849;1616;45;1762;2511;1684;594;3085;3207;3055;505;3332;2242;124;1300;237;719;1104;788;354;2434",1770,-0.103281242144168,-0.126393554494756,0.126393554494756,5.46866763383553,TRUE,TRUE,
"06_UHGtBtCEoaUWRP","itt_fullspec_bn_employed_treat_HD","treat_HD",63,0.0355932203389831,"Increase",0.0231123123505876,-0.105280926073647,-0.128393238424234,0.128393238424234,5.55518792220589,TRUE,,TRUE,"1691;1679;1053;932;1655;1712;1591;836;1531;995;74;942;1496;1678;565;1389;78;1641;172;940;1073;1095;1708;444;489;971;616;686;1715;658;3;656;925;1380;1112;579;1459;84;1219;1754;59;905;790;862;22;1228;824;289;1507;1568;1492;246;1629;1097;61;634;114;350;538;384;171;1191;1518","3458;3434;2152;1903;3386;3500;3255;1708;3133;2032;151;1923;3063;3432;1159;2844;159;3356;356;1919;2194;2238;3492;912;1004;1983;1264;1405;3506;1349;6;1345;1889;2826;2273;1188;2987;173;2492;3586;120;1849;1616;1762;45;2511;1684;594;3085;3207;3055;505;3332;2242;124;1300;237;719;1104;788;354;2434;3107",1770,-0.105280926073647,-0.128393238424234,0.128393238424234,5.55518792220589,TRUE,TRUE,
"06_UHGtBtCEoaUWRP","itt_fullspec_bn_employed_treat_HD","treat_HD",64,0.0361581920903955,"Increase",0.0231123123505876,-0.107116371946719,-0.130228684297307,0.130228684297307,5.63460212556343,TRUE,,TRUE,"1691;1679;1053;932;1655;1712;1591;836;1531;995;74;942;1496;1678;565;1389;78;1641;172;940;1073;1095;1708;444;489;971;616;686;1715;658;3;656;925;1380;579;1112;1459;84;1219;1754;59;905;790;862;22;1228;824;289;1507;1568;1492;246;1629;1097;61;634;114;350;384;538;171;1191;1518;311","3458;3434;2152;1903;3386;3500;3255;1708;3133;2032;151;1923;3063;3432;1159;2844;159;3356;356;1919;2194;2238;3492;912;1004;1983;1264;1405;3506;1349;6;1345;1889;2826;1188;2273;2987;173;2492;3586;120;1849;1616;1762;45;2511;1684;594;3085;3207;3055;505;3332;2242;124;1300;237;719;788;1104;354;2434;3107;640",1770,-0.107116371946719,-0.130228684297307,0.130228684297307,5.63460212556343,TRUE,TRUE,
"06_UHGtBtCEoaUWRP","itt_fullspec_bn_employed_treat_HD","treat_HD",65,0.0367231638418079,"Increase",0.0231123123505876,-0.108821118840633,-0.13193343119122,0.13193343119122,5.70836137855613,TRUE,,TRUE,"1691;1679;1053;1655;932;1712;1591;836;1531;995;74;942;1496;1678;565;1389;78;1641;172;940;1073;1095;1708;444;489;971;616;686;1715;658;3;656;925;1380;579;1112;1459;84;1219;1754;59;790;905;862;22;1228;824;289;1507;1568;1492;246;1629;1097;61;634;114;384;350;538;171;1191;1518;311;403","3458;3434;2152;3386;1903;3500;3255;1708;3133;2032;151;1923;3063;3432;1159;2844;159;3356;356;1919;2194;2238;3492;912;1004;1983;1264;1405;3506;1349;6;1345;1889;2826;1188;2273;2987;173;2492;3586;120;1616;1849;1762;45;2511;1684;594;3085;3207;3055;505;3332;2242;124;1300;237;788;719;1104;354;2434;3107;640;829",1770,-0.108821118840633,-0.13193343119122,0.13193343119122,5.70836137855613,TRUE,TRUE,
"06_UHGtBtCEoaUWRP","itt_fullspec_bn_employed_treat_HD","treat_HD",66,0.0372881355932203,"Increase",0.0231123123505876,-0.110563513281491,-0.133675825632079,0.133675825632079,5.78374952728085,TRUE,,TRUE,"1691;1679;1053;1655;932;1712;1591;1531;836;995;74;942;1496;1678;565;1389;78;1641;172;940;1073;1095;1708;444;489;971;616;686;1715;658;3;656;925;1380;579;1112;1459;84;1219;1754;790;59;905;862;22;1228;824;289;1507;1568;1492;246;1629;1097;61;634;114;384;350;538;171;1191;1518;311;403;400","3458;3434;2152;3386;1903;3500;3255;3133;1708;2032;151;1923;3063;3432;1159;2844;159;3356;356;1919;2194;2238;3492;912;1004;1983;1264;1405;3506;1349;6;1345;1889;2826;1188;2273;2987;173;2492;3586;1616;120;1849;1762;45;2511;1684;594;3085;3207;3055;505;3332;2242;124;1300;237;788;719;1104;354;2434;3107;640;829;823",1770,-0.110563513281491,-0.133675825632079,0.133675825632079,5.78374952728085,TRUE,TRUE,
"06_UHGtBtCEoaUWRP","itt_fullspec_bn_employed_treat_HD","treat_HD",67,0.0378531073446328,"Increase",0.0231123123505876,-0.112889475438855,-0.136001787789443,0.136001787789443,5.88438688982953,TRUE,,TRUE,"1691;1679;1053;1655;932;1712;1591;1531;836;995;74;942;1496;1678;565;1389;78;1641;172;940;1073;1095;1708;444;489;971;616;686;1715;658;3;656;925;579;1380;1112;1459;84;1219;1754;790;59;905;862;22;1228;824;289;1507;1568;1492;1629;246;1097;61;634;384;114;538;350;171;1191;1518;311;403;400;721","3458;3434;2152;3386;1903;3500;3255;3133;1708;2032;151;1923;3063;3432;1159;2844;159;3356;356;1919;2194;2238;3492;912;1004;1983;1264;1405;3506;1349;6;1345;1889;1188;2826;2273;2987;173;2492;3586;1616;120;1849;1762;45;2511;1684;594;3085;3207;3055;3332;505;2242;124;1300;788;237;1104;719;354;2434;3107;640;829;823;1476",1770,-0.112889475438855,-0.136001787789443,0.136001787789443,5.88438688982953,TRUE,TRUE,
"06_UHGtBtCEoaUWRP","itt_fullspec_bn_employed_treat_HD","treat_HD",68,0.0384180790960452,"Increase",0.0231123123505876,-0.115613113148771,-0.138725425499358,0.138725425499358,6.0022304733101,TRUE,,TRUE,"1691;1679;1053;1655;932;1712;1591;1531;836;995;74;942;1496;1678;565;1389;78;1641;172;940;1073;1095;1708;444;489;971;616;686;1715;658;3;656;925;579;1380;1112;1459;84;1219;1754;790;59;905;862;1228;22;824;1507;289;1568;1492;1629;246;1097;61;634;384;114;538;350;171;1191;1518;311;403;400;721;1318","3458;3434;2152;3386;1903;3500;3255;3133;1708;2032;151;1923;3063;3432;1159;2844;159;3356;356;1919;2194;2238;3492;912;1004;1983;1264;1405;3506;1349;6;1345;1889;1188;2826;2273;2987;173;2492;3586;1616;120;1849;1762;2511;45;1684;3085;594;3207;3055;3332;505;2242;124;1300;788;237;1104;719;354;2434;3107;640;829;823;1476;2699",1770,-0.115613113148771,-0.138725425499358,0.138725425499358,6.0022304733101,TRUE,TRUE,
"06_UHGtBtCEoaUWRP","itt_fullspec_bn_employed_treat_HD","treat_HD",69,0.0389830508474576,"Increase",0.0231123123505876,-0.117393794306661,-0.140506106657249,0.140506106657249,6.07927517272743,TRUE,,TRUE,"1691;1679;1655;1053;932;1712;1591;1531;836;995;74;942;1496;1678;565;1389;78;1641;172;940;1073;1095;1708;444;489;971;616;686;1715;658;3;656;579;925;1380;1112;1459;84;1219;1754;790;59;905;862;1228;22;824;1507;289;1568;1492;1629;246;1097;61;634;384;114;538;350;171;1191;1518;311;403;400;721;1318;1525","3458;3434;3386;2152;1903;3500;3255;3133;1708;2032;151;1923;3063;3432;1159;2844;159;3356;356;1919;2194;2238;3492;912;1004;1983;1264;1405;3506;1349;6;1345;1188;1889;2826;2273;2987;173;2492;3586;1616;120;1849;1762;2511;45;1684;3085;594;3207;3055;3332;505;2242;124;1300;788;237;1104;719;354;2434;3107;640;829;823;1476;2699;3121",1770,-0.117393794306661,-0.140506106657249,0.140506106657249,6.07927517272743,TRUE,TRUE,
"06_UHGtBtCEoaUWRP","itt_fullspec_bn_employed_treat_HD","treat_HD",70,0.0395480225988701,"Increase",0.0231123123505876,-0.1190373673384,-0.142149679688988,0.142149679688988,6.15038761733304,TRUE,,TRUE,"1691;1679;1655;1053;932;1712;1591;1531;836;995;74;942;1496;1678;565;1389;78;1641;172;940;1073;1095;1708;444;489;971;616;686;1715;658;3;656;579;925;1380;1112;1459;84;1219;1754;790;59;905;862;1228;22;824;1507;289;1568;1492;1629;246;1097;61;634;384;114;538;350;171;1191;1518;311;403;400;721;1318;1525;623","3458;3434;3386;2152;1903;3500;3255;3133;1708;2032;151;1923;3063;3432;1159;2844;159;3356;356;1919;2194;2238;3492;912;1004;1983;1264;1405;3506;1349;6;1345;1188;1889;2826;2273;2987;173;2492;3586;1616;120;1849;1762;2511;45;1684;3085;594;3207;3055;3332;505;2242;124;1300;788;237;1104;719;354;2434;3107;640;829;823;1476;2699;3121;1278",1770,-0.1190373673384,-0.142149679688988,0.142149679688988,6.15038761733304,TRUE,TRUE,
"06_UHGtBtCEoaUWRP","itt_fullspec_bn_employed_treat_HD","treat_HD",71,0.0401129943502825,"Increase",0.0231123123505876,-0.120765103327945,-0.143877415678533,0.143877415678533,6.2251415391102,TRUE,,TRUE,"1691;1679;1655;1053;932;1712;1591;1531;836;995;74;942;1496;1678;565;1389;78;1641;172;940;1073;1095;1708;444;489;971;616;686;1715;658;3;656;579;925;1380;1112;1459;84;1219;1754;790;59;905;862;1228;22;824;1507;289;1568;1492;1629;246;1097;61;634;384;538;114;350;171;1191;1518;311;403;400;1318;721;623;1525;875","3458;3434;3386;2152;1903;3500;3255;3133;1708;2032;151;1923;3063;3432;1159;2844;159;3356;356;1919;2194;2238;3492;912;1004;1983;1264;1405;3506;1349;6;1345;1188;1889;2826;2273;2987;173;2492;3586;1616;120;1849;1762;2511;45;1684;3085;594;3207;3055;3332;505;2242;124;1300;788;1104;237;719;354;2434;3107;640;829;823;2699;1476;1278;3121;1789",1770,-0.120765103327945,-0.143877415678533,0.143877415678533,6.2251415391102,TRUE,TRUE,
"06_UHGtBtCEoaUWRP","itt_fullspec_bn_employed_treat_HD","treat_HD",72,0.0406779661016949,"Increase",0.0231123123505876,-0.122683395485518,-0.145795707836106,0.145795707836106,6.30814025115919,TRUE,,TRUE,"1691;1679;1655;1053;932;1712;1591;1531;836;995;74;942;1678;1496;565;1389;78;1641;172;940;1073;1095;1708;444;489;971;616;686;1715;658;656;3;579;925;1380;1112;1459;84;790;1219;1754;59;905;862;1228;22;1507;824;289;1568;1492;1629;246;1097;61;634;384;538;114;350;171;1191;1518;311;403;400;1318;721;623;1525;875;1452","3458;3434;3386;2152;1903;3500;3255;3133;1708;2032;151;1923;3432;3063;1159;2844;159;3356;356;1919;2194;2238;3492;912;1004;1983;1264;1405;3506;1349;1345;6;1188;1889;2826;2273;2987;173;1616;2492;3586;120;1849;1762;2511;45;3085;1684;594;3207;3055;3332;505;2242;124;1300;788;1104;237;719;354;2434;3107;640;829;823;2699;1476;1278;3121;1789;2973",1770,-0.122683395485518,-0.145795707836106,0.145795707836106,6.30814025115919,TRUE,TRUE,
"06_UHGtBtCEoaUWRP","itt_fullspec_bn_employed_treat_HD","treat_HD",73,0.0412429378531073,"Increase",0.0231123123505876,-0.124585139189392,-0.147697451539979,0.147697451539979,6.39042296156162,TRUE,,TRUE,"1691;1679;1655;1053;932;1712;1591;1531;836;995;74;942;1678;1496;565;1389;78;1641;172;940;1073;1095;1708;444;489;971;616;686;658;1715;656;3;579;925;1380;1112;1459;84;790;1219;1754;59;905;862;1228;22;1507;824;289;1568;1492;1629;246;1097;61;634;384;538;114;350;171;1191;1518;311;403;400;1318;721;623;875;1525;1452;874","3458;3434;3386;2152;1903;3500;3255;3133;1708;2032;151;1923;3432;3063;1159;2844;159;3356;356;1919;2194;2238;3492;912;1004;1983;1264;1405;1349;3506;1345;6;1188;1889;2826;2273;2987;173;1616;2492;3586;120;1849;1762;2511;45;3085;1684;594;3207;3055;3332;505;2242;124;1300;788;1104;237;719;354;2434;3107;640;829;823;2699;1476;1278;1789;3121;2973;1787",1770,-0.124585139189392,-0.147697451539979,0.147697451539979,6.39042296156162,TRUE,TRUE,
"06_UHGtBtCEoaUWRP","itt_fullspec_bn_employed_treat_HD","treat_HD",74,0.0418079096045198,"Increase",0.0231123123505876,-0.126701876066063,-0.149814188416651,0.149814188416651,6.4820077776788,TRUE,,TRUE,"1691;1679;1655;1053;932;1712;1591;1531;836;995;74;942;1678;1496;565;1389;78;1641;172;940;1073;1095;1708;444;489;971;616;686;656;658;1715;3;579;925;1380;1112;1459;84;790;1219;1754;59;905;862;1228;22;1507;289;824;1568;1492;1629;246;1097;61;634;384;538;114;350;171;1191;1518;311;403;400;1318;721;623;875;1525;1452;874;481","3458;3434;3386;2152;1903;3500;3255;3133;1708;2032;151;1923;3432;3063;1159;2844;159;3356;356;1919;2194;2238;3492;912;1004;1983;1264;1405;1345;1349;3506;6;1188;1889;2826;2273;2987;173;1616;2492;3586;120;1849;1762;2511;45;3085;594;1684;3207;3055;3332;505;2242;124;1300;788;1104;237;719;354;2434;3107;640;829;823;2699;1476;1278;1789;3121;2973;1787;988",1770,-0.126701876066063,-0.149814188416651,0.149814188416651,6.4820077776788,TRUE,TRUE,
"06_UHGtBtCEoaUWRP","itt_fullspec_bn_employed_treat_HD","treat_HD",75,0.0423728813559322,"Increase",0.0231123123505876,-0.128882956995745,-0.151995269346332,0.151995269346332,6.57637656677254,TRUE,,TRUE,"1691;1679;1655;1053;932;1712;1591;1531;836;995;74;942;1678;1496;565;1389;78;1641;172;940;1073;1095;1708;444;489;971;616;686;656;658;1715;3;579;925;1380;1112;1459;84;790;1219;1754;59;905;862;1228;22;1507;289;824;1568;1492;1629;246;1097;61;634;384;538;114;350;171;1191;1518;311;403;400;1318;721;623;875;1525;1452;874;481;548","3458;3434;3386;2152;1903;3500;3255;3133;1708;2032;151;1923;3432;3063;1159;2844;159;3356;356;1919;2194;2238;3492;912;1004;1983;1264;1405;1345;1349;3506;6;1188;1889;2826;2273;2987;173;1616;2492;3586;120;1849;1762;2511;45;3085;594;1684;3207;3055;3332;505;2242;124;1300;788;1104;237;719;354;2434;3107;640;829;823;2699;1476;1278;1789;3121;2973;1787;988;1124",1770,-0.128882956995745,-0.151995269346332,0.151995269346332,6.57637656677254,TRUE,TRUE,
"06_UHGtBtCEoaUWRP","itt_fullspec_bn_employed_treat_HD","treat_HD",76,0.0429378531073446,"Increase",0.0231123123505876,-0.130549444292101,-0.153661756642689,0.153661756642689,6.6484804424505,TRUE,,TRUE,"1691;1679;1655;1053;932;1712;1591;1531;836;995;74;942;1678;1496;565;1389;78;1641;172;940;1073;1095;1708;444;489;971;616;686;656;658;1715;3;579;925;1380;1112;1459;790;84;1219;1754;59;905;862;1228;22;1507;289;824;1568;1492;1629;246;1097;61;634;384;538;114;350;171;1191;1518;311;403;400;1318;721;623;875;1452;1525;874;481;548;601","3458;3434;3386;2152;1903;3500;3255;3133;1708;2032;151;1923;3432;3063;1159;2844;159;3356;356;1919;2194;2238;3492;912;1004;1983;1264;1405;1345;1349;3506;6;1188;1889;2826;2273;2987;1616;173;2492;3586;120;1849;1762;2511;45;3085;594;1684;3207;3055;3332;505;2242;124;1300;788;1104;237;719;354;2434;3107;640;829;823;2699;1476;1278;1789;2973;3121;1787;988;1124;1234",1770,-0.130549444292101,-0.153661756642689,0.153661756642689,6.6484804424505,TRUE,TRUE,
"06_UHGtBtCEoaUWRP","itt_fullspec_bn_employed_treat_HD","treat_HD",77,0.0435028248587571,"Increase",0.0231123123505876,-0.132321401944737,-0.155433714295325,0.155433714295325,6.72514770212393,TRUE,,TRUE,"1691;1679;1655;1053;932;1712;1591;1531;836;995;74;942;1678;1496;565;1389;78;1641;172;940;1073;1095;1708;444;489;971;616;686;656;658;1715;3;579;925;1380;1112;1459;790;84;1219;1754;59;905;862;1228;22;1507;289;824;1568;1629;1492;246;1097;61;384;634;538;114;350;171;1191;1518;311;403;400;1318;721;623;1452;875;1525;874;481;548;601;1126","3458;3434;3386;2152;1903;3500;3255;3133;1708;2032;151;1923;3432;3063;1159;2844;159;3356;356;1919;2194;2238;3492;912;1004;1983;1264;1405;1345;1349;3506;6;1188;1889;2826;2273;2987;1616;173;2492;3586;120;1849;1762;2511;45;3085;594;1684;3207;3332;3055;505;2242;124;788;1300;1104;237;719;354;2434;3107;640;829;823;2699;1476;1278;2973;1789;3121;1787;988;1124;1234;2302",1770,-0.132321401944737,-0.155433714295325,0.155433714295325,6.72514770212393,TRUE,TRUE,
"06_UHGtBtCEoaUWRP","itt_fullspec_bn_employed_treat_HD","treat_HD",78,0.0440677966101695,"Increase",0.0231123123505876,-0.133858166964638,-0.156970479315225,0.156970479315225,6.7916388864152,TRUE,,TRUE,"1691;1679;1655;1053;932;1712;1591;1531;836;995;74;942;1678;1496;1389;565;78;1641;172;1073;940;1095;1708;444;489;971;616;686;656;658;1715;3;579;925;1380;1112;1459;790;84;1219;1754;59;905;862;1228;22;1507;289;824;1568;1629;1492;246;1097;384;634;61;538;114;350;171;1191;1518;311;403;400;1318;721;623;1452;875;1525;874;481;548;601;1126;430","3458;3434;3386;2152;1903;3500;3255;3133;1708;2032;151;1923;3432;3063;2844;1159;159;3356;356;2194;1919;2238;3492;912;1004;1983;1264;1405;1345;1349;3506;6;1188;1889;2826;2273;2987;1616;173;2492;3586;120;1849;1762;2511;45;3085;594;1684;3207;3332;3055;505;2242;788;1300;124;1104;237;719;354;2434;3107;640;829;823;2699;1476;1278;2973;1789;3121;1787;988;1124;1234;2302;883",1770,-0.133858166964638,-0.156970479315225,0.156970479315225,6.7916388864152,TRUE,TRUE,
"06_UHGtBtCEoaUWRP","itt_fullspec_bn_employed_treat_HD","treat_HD",79,0.0446327683615819,"Increase",0.0231123123505876,-0.135711667170635,-0.158823979521223,0.158823979521223,6.8718342462685,TRUE,,TRUE,"1691;1679;1655;1053;932;1712;1591;1531;836;995;74;942;1678;1496;1389;565;78;1641;1073;172;940;1095;1708;444;489;971;616;686;656;658;1715;3;579;925;1380;1112;1459;790;84;1219;1754;59;905;862;1228;22;1507;289;824;1568;1629;1492;246;1097;384;634;61;538;114;350;171;1191;1518;311;403;400;1318;721;623;1452;875;1525;874;481;548;601;1126;430;1300","3458;3434;3386;2152;1903;3500;3255;3133;1708;2032;151;1923;3432;3063;2844;1159;159;3356;2194;356;1919;2238;3492;912;1004;1983;1264;1405;1345;1349;3506;6;1188;1889;2826;2273;2987;1616;173;2492;3586;120;1849;1762;2511;45;3085;594;1684;3207;3332;3055;505;2242;788;1300;124;1104;237;719;354;2434;3107;640;829;823;2699;1476;1278;2973;1789;3121;1787;988;1124;1234;2302;883;2662",1770,-0.135711667170635,-0.158823979521223,0.158823979521223,6.8718342462685,TRUE,TRUE,
"06_UHGtBtCEoaUWRP","itt_fullspec_bn_employed_treat_HD","treat_HD",80,0.0451977401129944,"Increase",0.0231123123505876,-0.137600397684082,-0.16071271003467,0.16071271003467,6.95355391519637,TRUE,,TRUE,"1691;1679;1655;1053;932;1712;1591;1531;836;995;74;942;1678;1496;1389;565;78;1641;1073;172;940;1095;1708;444;489;971;616;686;656;658;1715;3;579;925;1380;1112;1459;790;84;1219;1754;59;905;862;1228;22;1507;289;1568;824;1629;1492;246;1097;384;634;61;538;114;350;171;1191;1518;403;311;400;1318;1452;623;721;875;1525;874;481;548;1126;601;430;1300;1482","3458;3434;3386;2152;1903;3500;3255;3133;1708;2032;151;1923;3432;3063;2844;1159;159;3356;2194;356;1919;2238;3492;912;1004;1983;1264;1405;1345;1349;3506;6;1188;1889;2826;2273;2987;1616;173;2492;3586;120;1849;1762;2511;45;3085;594;3207;1684;3332;3055;505;2242;788;1300;124;1104;237;719;354;2434;3107;829;640;823;2699;2973;1278;1476;1789;3121;1787;988;1124;2302;1234;883;2662;3035",1770,-0.137600397684082,-0.16071271003467,0.16071271003467,6.95355391519637,TRUE,TRUE,
"06_UHGtBtCEoaUWRP","itt_fullspec_bn_employed_treat_HD","treat_HD",81,0.0457627118644068,"Increase",0.0231123123505876,-0.139788688790847,-0.162901001141434,0.162901001141434,7.04823466689142,TRUE,,TRUE,"1691;1679;1655;1053;932;1712;1591;1531;836;995;74;942;1678;1496;1389;565;78;1073;1641;172;940;1095;1708;444;489;971;616;686;656;658;3;1715;579;925;1380;1112;1459;790;84;1219;1754;59;862;905;1228;1507;22;289;1568;824;1629;1492;246;384;1097;634;61;538;114;350;171;1191;403;1518;311;400;1318;1452;623;721;875;1525;874;481;548;1126;601;430;1300;1482;671","3458;3434;3386;2152;1903;3500;3255;3133;1708;2032;151;1923;3432;3063;2844;1159;159;2194;3356;356;1919;2238;3492;912;1004;1983;1264;1405;1345;1349;6;3506;1188;1889;2826;2273;2987;1616;173;2492;3586;120;1762;1849;2511;3085;45;594;3207;1684;3332;3055;505;788;2242;1300;124;1104;237;719;354;2434;829;3107;640;823;2699;2973;1278;1476;1789;3121;1787;988;1124;2302;1234;883;2662;3035;1375",1770,-0.139788688790847,-0.162901001141434,0.162901001141434,7.04823466689142,TRUE,TRUE,
"06_UHGtBtCEoaUWRP","itt_fullspec_bn_employed_treat_HD","treat_HD",82,0.0463276836158192,"Increase",0.0231123123505876,-0.141568903114906,-0.164681215465494,0.164681215465494,7.12525916781782,TRUE,,TRUE,"1691;1679;1655;1053;932;1712;1591;1531;836;995;74;942;1678;1496;1389;565;78;1073;1641;172;940;1095;1708;444;489;971;616;686;656;658;3;1715;579;925;1380;1112;1459;790;84;1219;1754;59;862;905;1228;1507;22;289;1568;824;1629;1492;384;246;1097;634;61;538;114;350;171;1191;403;1518;311;400;1318;1452;623;875;721;1525;481;874;548;1126;601;430;1300;1482;671;1049","3458;3434;3386;2152;1903;3500;3255;3133;1708;2032;151;1923;3432;3063;2844;1159;159;2194;3356;356;1919;2238;3492;912;1004;1983;1264;1405;1345;1349;6;3506;1188;1889;2826;2273;2987;1616;173;2492;3586;120;1762;1849;2511;3085;45;594;3207;1684;3332;3055;788;505;2242;1300;124;1104;237;719;354;2434;829;3107;640;823;2699;2973;1278;1789;1476;3121;988;1787;1124;2302;1234;883;2662;3035;1375;2144",1770,-0.141568903114906,-0.164681215465494,0.164681215465494,7.12525916781782,TRUE,TRUE,
"06_UHGtBtCEoaUWRP","itt_fullspec_bn_employed_treat_HD","treat_HD",83,0.0468926553672316,"Increase",0.0231123123505876,-0.143497858407407,-0.166610170757995,0.166610170757995,7.20871924153268,TRUE,,TRUE,"1691;1679;1655;1053;932;1712;1591;1531;836;995;74;942;1678;1496;1389;565;78;1073;172;1641;940;1095;1708;444;489;971;616;686;656;658;3;1715;579;925;1380;1112;1459;790;84;1219;1754;59;862;905;1228;1507;22;289;1568;824;1629;1492;384;246;1097;634;61;538;114;350;171;1191;403;1518;311;400;1452;1318;623;875;721;1525;481;874;548;1126;601;430;1300;1482;671;1049;1747","3458;3434;3386;2152;1903;3500;3255;3133;1708;2032;151;1923;3432;3063;2844;1159;159;2194;356;3356;1919;2238;3492;912;1004;1983;1264;1405;1345;1349;6;3506;1188;1889;2826;2273;2987;1616;173;2492;3586;120;1762;1849;2511;3085;45;594;3207;1684;3332;3055;788;505;2242;1300;124;1104;237;719;354;2434;829;3107;640;823;2973;2699;1278;1789;1476;3121;988;1787;1124;2302;1234;883;2662;3035;1375;2144;3572",1770,-0.143497858407407,-0.166610170757995,0.166610170757995,7.20871924153268,TRUE,TRUE,
"06_UHGtBtCEoaUWRP","itt_fullspec_bn_employed_treat_HD","treat_HD",84,0.0474576271186441,"Increase",0.0231123123505876,-0.145380180297554,-0.168492492648141,0.168492492648141,7.29016162867224,TRUE,,TRUE,"1691;1679;1655;1053;932;1712;1591;1531;836;995;74;942;1678;1496;1389;565;78;1073;172;940;1641;1095;1708;444;489;971;616;686;656;658;3;1715;579;925;1380;1112;790;1459;84;1219;1754;59;862;905;1228;1507;22;289;1568;824;1629;1492;384;246;1097;634;61;538;114;350;171;1191;403;1518;311;400;1452;1318;623;875;721;1525;481;874;548;1126;601;430;1300;1482;1049;671;1747;659","3458;3434;3386;2152;1903;3500;3255;3133;1708;2032;151;1923;3432;3063;2844;1159;159;2194;356;1919;3356;2238;3492;912;1004;1983;1264;1405;1345;1349;6;3506;1188;1889;2826;2273;1616;2987;173;2492;3586;120;1762;1849;2511;3085;45;594;3207;1684;3332;3055;788;505;2242;1300;124;1104;237;719;354;2434;829;3107;640;823;2973;2699;1278;1789;1476;3121;988;1787;1124;2302;1234;883;2662;3035;2144;1375;3572;1351",1770,-0.145380180297554,-0.168492492648141,0.168492492648141,7.29016162867224,TRUE,TRUE,
"06_UHGtBtCEoaUWRP","itt_fullspec_bn_employed_treat_HD","treat_HD",85,0.0480225988700565,"Increase",0.0231123123505876,-0.147353423573736,-0.170465735924324,0.170465735924324,7.37553790977516,TRUE,,TRUE,"1691;1679;1655;1053;932;1712;1591;1531;836;995;74;942;1678;1496;1389;565;78;1073;172;940;1641;1095;1708;444;489;971;616;686;656;658;3;1715;579;925;1380;1112;790;1459;84;1219;1754;59;862;905;1228;1507;289;22;1568;1629;824;384;1492;246;634;1097;61;538;114;350;171;1191;403;1518;311;400;1452;623;1318;875;1525;721;481;874;548;1126;430;601;1300;1482;1049;1747;671;659;1180","3458;3434;3386;2152;1903;3500;3255;3133;1708;2032;151;1923;3432;3063;2844;1159;159;2194;356;1919;3356;2238;3492;912;1004;1983;1264;1405;1345;1349;6;3506;1188;1889;2826;2273;1616;2987;173;2492;3586;120;1762;1849;2511;3085;594;45;3207;3332;1684;788;3055;505;1300;2242;124;1104;237;719;354;2434;829;3107;640;823;2973;1278;2699;1789;3121;1476;988;1787;1124;2302;883;1234;2662;3035;2144;3572;1375;1351;2412",1770,-0.147353423573736,-0.170465735924324,0.170465735924324,7.37553790977516,TRUE,TRUE,
"06_UHGtBtCEoaUWRP","itt_fullspec_bn_employed_treat_HD","treat_HD",86,0.0485875706214689,"Increase",0.0231123123505876,-0.149142270799323,-0.172254583149911,0.172254583149911,7.45293593029565,TRUE,,TRUE,"1691;1679;1655;1053;932;1712;1591;1531;836;995;74;942;1678;1389;1496;565;78;1073;172;940;1641;1095;1708;444;489;971;616;686;656;658;3;1715;579;925;1380;790;1112;1459;84;1219;59;1754;862;905;1228;1507;289;22;1568;1629;824;384;1492;246;634;1097;61;538;114;350;171;1191;403;1518;311;400;1452;623;1318;875;1525;721;481;548;874;1126;430;601;1300;1482;1747;1049;671;659;1180;1497","3458;3434;3386;2152;1903;3500;3255;3133;1708;2032;151;1923;3432;2844;3063;1159;159;2194;356;1919;3356;2238;3492;912;1004;1983;1264;1405;1345;1349;6;3506;1188;1889;2826;1616;2273;2987;173;2492;120;3586;1762;1849;2511;3085;594;45;3207;3332;1684;788;3055;505;1300;2242;124;1104;237;719;354;2434;829;3107;640;823;2973;1278;2699;1789;3121;1476;988;1124;1787;2302;883;1234;2662;3035;3572;2144;1375;1351;2412;3065",1770,-0.149142270799323,-0.172254583149911,0.172254583149911,7.45293593029565,TRUE,TRUE,
"06_UHGtBtCEoaUWRP","itt_fullspec_bn_employed_treat_HD","treat_HD",87,0.0491525423728814,"Increase",0.0231123123505876,-0.151211394305589,-0.174323706656177,0.174323706656177,7.54246065957761,TRUE,,TRUE,"1691;1679;1655;1053;932;1712;1591;1531;836;995;74;942;1678;1389;1496;565;78;1073;172;940;1641;1095;1708;444;489;971;616;686;656;658;3;1715;579;925;1380;790;1112;1459;84;59;862;1219;1754;905;1228;1507;289;22;1568;1629;384;824;1492;246;634;1097;61;538;114;350;171;1191;403;1518;311;400;1452;623;1318;875;1525;721;481;548;874;1126;430;1300;601;1747;1482;1049;671;659;1180;1497;1240","3458;3434;3386;2152;1903;3500;3255;3133;1708;2032;151;1923;3432;2844;3063;1159;159;2194;356;1919;3356;2238;3492;912;1004;1983;1264;1405;1345;1349;6;3506;1188;1889;2826;1616;2273;2987;173;120;1762;2492;3586;1849;2511;3085;594;45;3207;3332;788;1684;3055;505;1300;2242;124;1104;237;719;354;2434;829;3107;640;823;2973;1278;2699;1789;3121;1476;988;1124;1787;2302;883;2662;1234;3572;3035;2144;1375;1351;2412;3065;2535",1770,-0.151211394305589,-0.174323706656177,0.174323706656177,7.54246065957761,TRUE,TRUE,
"06_UHGtBtCEoaUWRP","itt_fullspec_bn_employed_treat_HD","treat_HD",88,0.0497175141242938,"Increase",0.0231123123505876,-0.153209726279221,-0.176322038629808,0.176322038629808,7.6289224528988,TRUE,,TRUE,"1691;1679;1655;1053;932;1712;1591;1531;836;995;74;942;1678;1389;1496;565;78;1073;172;940;1641;1095;1708;444;489;971;616;686;656;658;3;1715;579;925;790;1380;1112;1459;84;862;59;1219;1754;905;1228;1507;289;22;1568;1629;384;824;1492;634;246;1097;61;538;114;350;171;1191;403;1518;311;400;1452;623;1318;875;1525;481;721;548;874;1126;430;1300;601;1747;1482;1049;671;1180;659;1497;1240;1326","3458;3434;3386;2152;1903;3500;3255;3133;1708;2032;151;1923;3432;2844;3063;1159;159;2194;356;1919;3356;2238;3492;912;1004;1983;1264;1405;1345;1349;6;3506;1188;1889;1616;2826;2273;2987;173;1762;120;2492;3586;1849;2511;3085;594;45;3207;3332;788;1684;3055;1300;505;2242;124;1104;237;719;354;2434;829;3107;640;823;2973;1278;2699;1789;3121;988;1476;1124;1787;2302;883;2662;1234;3572;3035;2144;1375;2412;1351;3065;2535;2715",1770,-0.153209726279221,-0.176322038629808,0.176322038629808,7.6289224528988,TRUE,TRUE,
"06_UHGtBtCEoaUWRP","itt_fullspec_bn_employed_treat_HD","treat_HD",1,0.000564971751412429,"Decrease",0.0231123123505876,0.0264539530412016,0.00334164069061397,0.00334164069061397,0.144582707256853,TRUE,,,"1441","2950",1770,0.0264539530412016,0.00334164069061397,0.00334164069061397,0.144582707256853,,TRUE,
"06_UHGtBtCEoaUWRP","itt_fullspec_bn_employed_treat_HD","treat_HD",2,0.00112994350282486,"Decrease",0.0231123123505876,0.0294737557527752,0.00636144340218756,0.00636144340218756,0.275240456501784,TRUE,,TRUE,"1441;632","2950;1296",1770,0.0294737557527752,0.00636144340218756,0.00636144340218756,0.275240456501784,TRUE,TRUE,
"06_UHGtBtCEoaUWRP","itt_fullspec_bn_employed_treat_HD","treat_HD",3,0.00169491525423729,"Decrease",0.0231123123505876,0.0325808552278622,0.00946854287727454,0.00946854287727454,0.409675273233048,TRUE,,TRUE,"1441;632;1051","2950;1296;2148",1770,0.0325808552278622,0.00946854287727454,0.00946854287727454,0.409675273233048,TRUE,TRUE,
"06_UHGtBtCEoaUWRP","itt_fullspec_bn_employed_treat_HD","treat_HD",4,0.00225988700564972,"Decrease",0.0231123123505876,0.0353789783795402,0.0122666660289526,0.0122666660289526,0.530741616973722,TRUE,,TRUE,"1441;632;1051;1636","2950;1296;2148;3346",1770,0.0353789783795402,0.0122666660289526,0.0122666660289526,0.530741616973722,TRUE,TRUE,
"06_UHGtBtCEoaUWRP","itt_fullspec_bn_employed_treat_HD","treat_HD",5,0.00282485875706215,"Decrease",0.0231123123505876,0.0379103549976287,0.0147980426470411,0.0147980426470411,0.640266643275303,TRUE,,TRUE,"1441;632;1051;1636;1083","2950;1296;2148;3346;2214",1770,0.0379103549976287,0.0147980426470411,0.0147980426470411,0.640266643275303,TRUE,TRUE,
"06_UHGtBtCEoaUWRP","itt_fullspec_bn_employed_treat_HD","treat_HD",6,0.00338983050847458,"Decrease",0.0231123123505876,0.0405776403976806,0.017465328047093,0.017465328047093,0.755672032385325,TRUE,,TRUE,"1441;632;1051;1636;1083;380","2950;1296;2148;3346;2214;780",1770,0.0405776403976806,0.017465328047093,0.017465328047093,0.755672032385325,TRUE,TRUE,
"06_UHGtBtCEoaUWRP","itt_fullspec_bn_employed_treat_HD","treat_HD",7,0.00395480225988701,"Decrease",0.0231123123505876,0.0429376776552618,0.0198253653046742,0.0198253653046742,0.857783721678116,TRUE,,TRUE,"1441;632;1051;1636;1083;380;1194","2950;1296;2148;3346;2214;780;2440",1770,0.0429376776552618,0.0198253653046742,0.0198253653046742,0.857783721678116,TRUE,TRUE,
"06_UHGtBtCEoaUWRP","itt_fullspec_bn_employed_treat_HD","treat_HD",8,0.00451977401129944,"Decrease",0.0231123123505876,0.0454983647809711,0.0223860524303835,0.0223860524303835,0.968576925182232,TRUE,,TRUE,"1441;632;1051;1636;1083;380;1194;1442","2950;1296;2148;3346;2214;780;2440;2952",1770,0.0454983647809711,0.0223860524303835,0.0223860524303835,0.968576925182232,TRUE,TRUE,
"06_UHGtBtCEoaUWRP","itt_fullspec_bn_employed_treat_HD","treat_HD",9,0.00508474576271186,"Decrease",0.0231123123505876,0.0480818391299032,0.0249695267793156,0.0249695267793156,1.08035606306094,TRUE,,TRUE,"1441;632;1051;1636;1083;380;1194;1442;391","2950;1296;2148;3346;2214;780;2440;2952;803",1770,0.0480818391299032,0.0249695267793156,0.0249695267793156,1.08035606306094,TRUE,TRUE,
"06_UHGtBtCEoaUWRP","itt_fullspec_bn_employed_treat_HD","treat_HD",10,0.00564971751412429,"Decrease",0.0231123123505876,0.050479997077612,0.0273676847270243,0.0273676847270243,1.18411711956327,TRUE,,TRUE,"1441;632;1051;1636;1083;380;1194;1442;391;94","2950;1296;2148;3346;2214;780;2440;2952;803;195",1770,0.050479997077612,0.0273676847270243,0.0273676847270243,1.18411711956327,TRUE,TRUE,
"06_UHGtBtCEoaUWRP","itt_fullspec_bn_employed_treat_HD","treat_HD",11,0.00621468926553672,"Decrease",0.0231123123505876,0.0527373535451681,0.0296250411945805,0.0296250411945805,1.28178612097319,TRUE,,TRUE,"1441;632;1051;1636;1083;380;1194;1442;391;94;1616","2950;1296;2148;3346;2214;780;2440;2952;803;195;3306",1770,0.0527373535451681,0.0296250411945805,0.0296250411945805,1.28178612097319,TRUE,TRUE,
"06_UHGtBtCEoaUWRP","itt_fullspec_bn_employed_treat_HD","treat_HD",12,0.00677966101694915,"Decrease",0.0231123123505876,0.0548568693661803,0.0317445570155926,0.0317445570155926,1.37349117362485,TRUE,,TRUE,"1441;632;1051;1636;1083;380;1194;1442;391;94;1616;1124","2950;1296;2148;3346;2214;780;2440;2952;803;195;3306;2298",1770,0.0548568693661803,0.0317445570155926,0.0317445570155926,1.37349117362485,TRUE,TRUE,
"06_UHGtBtCEoaUWRP","itt_fullspec_bn_employed_treat_HD","treat_HD",13,0.00734463276836158,"Decrease",0.0231123123505876,0.0570095874625284,0.0338972751119408,0.0338972751119408,1.4666327885223,TRUE,,TRUE,"1441;632;1051;1636;1083;380;1194;1442;391;94;1616;1124;223","2950;1296;2148;3346;2214;780;2440;2952;803;195;3306;2298;459",1770,0.0570095874625284,0.0338972751119408,0.0338972751119408,1.4666327885223,TRUE,TRUE,
"06_UHGtBtCEoaUWRP","itt_fullspec_bn_employed_treat_HD","treat_HD",14,0.00790960451977401,"Decrease",0.0231123123505876,0.0593057564166195,0.0361934440660318,0.0361934440660318,1.56598108908439,TRUE,,TRUE,"1441;632;1051;1636;1083;380;1442;1194;391;94;1616;1124;223;363","2950;1296;2148;3346;2214;780;2952;2440;803;195;3306;2298;459;745",1770,0.0593057564166195,0.0361934440660318,0.0361934440660318,1.56598108908439,TRUE,TRUE,
"06_UHGtBtCEoaUWRP","itt_fullspec_bn_employed_treat_HD","treat_HD",15,0.00847457627118644,"Decrease",0.0231123123505876,0.0615109550367882,0.0383986426862005,0.0383986426862005,1.66139337785578,TRUE,,TRUE,"1441;632;1051;1636;1083;380;1442;1194;391;94;1616;1124;223;363;549","2950;1296;2148;3346;2214;780;2952;2440;803;195;3306;2298;459;745;1126",1770,0.0615109550367882,0.0383986426862005,0.0383986426862005,1.66139337785578,TRUE,TRUE,
"06_UHGtBtCEoaUWRP","itt_fullspec_bn_employed_treat_HD","treat_HD",16,0.00903954802259887,"Decrease",0.0231123123505876,0.0635248196583215,0.0404125073077338,0.0404125073077338,1.74852722197251,TRUE,,TRUE,"1441;632;1051;1636;1083;380;1442;1194;391;94;1616;1124;223;363;549;46","2950;1296;2148;3346;2214;780;2952;2440;803;195;3306;2298;459;745;1126;94",1770,0.0635248196583215,0.0404125073077338,0.0404125073077338,1.74852722197251,TRUE,TRUE,
"06_UHGtBtCEoaUWRP","itt_fullspec_bn_employed_treat_HD","treat_HD",17,0.0096045197740113,"Decrease",0.0231123123505876,0.0653955699473875,0.0422832575967998,0.0422832575967998,1.82946894085761,TRUE,,TRUE,"1441;632;1051;1636;1083;380;1442;1194;391;94;1616;1124;223;363;549;46;1536","2950;1296;2148;3346;2214;780;2952;2440;803;195;3306;2298;459;745;1126;94;3143",1770,0.0653955699473875,0.0422832575967998,0.0422832575967998,1.82946894085761,TRUE,TRUE,
"06_UHGtBtCEoaUWRP","itt_fullspec_bn_employed_treat_HD","treat_HD",18,0.0101694915254237,"Decrease",0.0231123123505876,0.0676686187459309,0.0445563063953432,0.0445563063953432,1.92781690206823,TRUE,,TRUE,"1441;632;1051;1636;1083;380;1442;1194;391;94;1616;1124;223;363;549;46;1536;285","2950;1296;2148;3346;2214;780;2952;2440;803;195;3306;2298;459;745;1126;94;3143;586",1770,0.0676686187459309,0.0445563063953432,0.0445563063953432,1.92781690206823,TRUE,TRUE,
"06_UHGtBtCEoaUWRP","itt_fullspec_bn_employed_treat_HD","treat_HD",19,0.0107344632768362,"Decrease",0.0231123123505876,0.0697952159853883,0.0466829036348007,0.0466829036348007,2.01982834632354,TRUE,,TRUE,"1441;632;1051;1636;1083;380;1442;1194;391;94;1616;1124;223;363;549;46;1536;285;1714","2950;1296;2148;3346;2214;780;2952;2440;803;195;3306;2298;459;745;1126;94;3143;586;3504",1770,0.0697952159853883,0.0466829036348007,0.0466829036348007,2.01982834632354,TRUE,TRUE,
"06_UHGtBtCEoaUWRP","itt_fullspec_bn_employed_treat_HD","treat_HD",20,0.0112994350282486,"Decrease",0.0231123123505876,0.0720555364706456,0.048943224120058,0.048943224120058,2.11762559183368,TRUE,,TRUE,"1441;632;1051;1636;1083;380;1442;1194;391;94;1616;1124;223;363;549;1536;46;285;1714;132","2950;1296;2148;3346;2214;780;2952;2440;803;195;3306;2298;459;745;1126;3143;94;586;3504;274",1770,0.0720555364706456,0.048943224120058,0.048943224120058,2.11762559183368,TRUE,TRUE,
"06_UHGtBtCEoaUWRP","itt_fullspec_bn_employed_treat_HD","treat_HD",21,0.011864406779661,"Decrease",0.0231123123505876,0.0742212627224404,0.0511089503718527,0.0511089503718527,2.21133003035732,TRUE,,TRUE,"1441;632;1051;1636;1083;380;1442;1194;391;94;1616;1124;223;363;549;1536;46;285;1714;132;876","2950;1296;2148;3346;2214;780;2952;2440;803;195;3306;2298;459;745;1126;3143;94;586;3504;274;1791",1770,0.0742212627224404,0.0511089503718527,0.0511089503718527,2.21133003035732,TRUE,TRUE,
"06_UHGtBtCEoaUWRP","itt_fullspec_bn_employed_treat_HD","treat_HD",22,0.0124293785310734,"Decrease",0.0231123123505876,0.0762891613868556,0.053176849036268,0.053176849036268,2.30080176442908,TRUE,,TRUE,"1441;632;1051;1636;1083;380;1442;1194;391;94;1616;1124;223;363;549;1536;46;285;1714;132;876;734","2950;1296;2148;3346;2214;780;2952;2440;803;195;3306;2298;459;745;1126;3143;94;586;3504;274;1791;1502",1770,0.0762891613868556,0.053176849036268,0.053176849036268,2.30080176442908,TRUE,TRUE,
"06_UHGtBtCEoaUWRP","itt_fullspec_bn_employed_treat_HD","treat_HD",23,0.0129943502824859,"Decrease",0.0231123123505876,0.0783913235690273,0.0552790112184397,0.0552790112184397,2.39175597750323,TRUE,,TRUE,"1441;632;1051;1636;1083;380;1442;1194;391;94;1616;1124;223;363;549;1536;46;285;1714;132;876;734;45","2950;1296;2148;3346;2214;780;2952;2440;803;195;3306;2298;459;745;1126;3143;94;586;3504;274;1791;1502;92",1770,0.0783913235690273,0.0552790112184397,0.0552790112184397,2.39175597750323,TRUE,TRUE,
"06_UHGtBtCEoaUWRP","itt_fullspec_bn_employed_treat_HD","treat_HD",24,0.0135593220338983,"Decrease",0.0231123123505876,0.0805573363557845,0.0574450240051969,0.0574450240051969,2.4854728135299,TRUE,,TRUE,"1441;632;1051;1636;1083;380;1442;1194;391;94;1616;1124;223;363;549;1536;46;285;1714;132;876;734;45;168","2950;1296;2148;3346;2214;780;2952;2440;803;195;3306;2298;459;745;1126;3143;94;586;3504;274;1791;1502;92;348",1770,0.0805573363557845,0.0574450240051969,0.0574450240051969,2.4854728135299,TRUE,TRUE,
"06_UHGtBtCEoaUWRP","itt_fullspec_bn_employed_treat_HD","treat_HD",25,0.0141242937853107,"Decrease",0.0231123123505876,0.0826494641128759,0.0595371517622882,0.0595371517622882,2.57599286731578,TRUE,,TRUE,"1441;632;1051;1636;1083;380;1442;1194;391;94;1616;1124;223;363;549;1536;46;285;1714;132;876;734;45;168;446","2950;1296;2148;3346;2214;780;2952;2440;803;195;3306;2298;459;745;1126;3143;94;586;3504;274;1791;1502;92;348;916",1770,0.0826494641128759,0.0595371517622882,0.0595371517622882,2.57599286731578,TRUE,TRUE,
"06_UHGtBtCEoaUWRP","itt_fullspec_bn_employed_treat_HD","treat_HD",26,0.0146892655367232,"Decrease",0.0231123123505876,0.0845537251316088,0.0614414127810212,0.0614414127810212,2.65838449433464,TRUE,,TRUE,"1441;632;1051;1636;1083;380;1442;1194;391;94;1616;1124;223;363;549;1536;46;285;1714;132;876;734;45;168;446;1702","2950;1296;2148;3346;2214;780;2952;2440;803;195;3306;2298;459;745;1126;3143;94;586;3504;274;1791;1502;92;348;916;3480",1770,0.0845537251316088,0.0614414127810212,0.0614414127810212,2.65838449433464,TRUE,TRUE,
"06_UHGtBtCEoaUWRP","itt_fullspec_bn_employed_treat_HD","treat_HD",27,0.0152542372881356,"Decrease",0.0231123123505876,0.0865812761424343,0.0634689637918467,0.0634689637918467,2.74611050720907,TRUE,,TRUE,"1441;632;1051;1636;1083;380;1442;1194;391;94;1616;1124;223;363;549;1536;46;285;1714;132;876;734;45;168;446;1702;783","2950;1296;2148;3346;2214;780;2952;2440;803;195;3306;2298;459;745;1126;3143;94;586;3504;274;1791;1502;92;348;916;3480;1602",1770,0.0865812761424343,0.0634689637918467,0.0634689637918467,2.74611050720907,TRUE,TRUE,
"06_UHGtBtCEoaUWRP","itt_fullspec_bn_employed_treat_HD","treat_HD",28,0.015819209039548,"Decrease",0.0231123123505876,0.0884641531788656,0.065351840828278,0.065351840828278,2.82757691385286,TRUE,,TRUE,"1441;632;1051;1636;1083;380;1442;1194;391;94;1616;1124;223;363;1536;549;46;285;1714;132;876;734;45;168;446;1702;831;783","2950;1296;2148;3346;2214;780;2952;2440;803;195;3306;2298;459;745;3143;1126;94;586;3504;274;1791;1502;92;348;916;3480;1698;1602",1770,0.0884641531788656,0.065351840828278,0.065351840828278,2.82757691385286,TRUE,TRUE,
"06_UHGtBtCEoaUWRP","itt_fullspec_bn_employed_treat_HD","treat_HD",29,0.0163841807909605,"Decrease",0.0231123123505876,0.090457993039887,0.0673456806892993,0.0673456806892993,2.91384434701909,TRUE,,TRUE,"1441;632;1051;1636;1083;380;1442;1194;391;94;1616;1124;223;363;1536;549;46;285;1714;132;876;734;45;168;446;1702;831;783;1221","2950;1296;2148;3346;2214;780;2952;2440;803;195;3306;2298;459;745;3143;1126;94;586;3504;274;1791;1502;92;348;916;3480;1698;1602;2496",1770,0.090457993039887,0.0673456806892993,0.0673456806892993,2.91384434701909,TRUE,TRUE,
"06_UHGtBtCEoaUWRP","itt_fullspec_bn_employed_treat_HD","treat_HD",30,0.0169491525423729,"Decrease",0.0231123123505876,0.0924901652446213,0.0693778528940336,0.0693778528940336,3.0017703050067,TRUE,,TRUE,"1441;632;1051;1636;1083;380;1442;1194;391;94;1616;1124;223;363;1536;549;46;285;1714;132;876;734;45;168;446;831;1702;783;1221;218","2950;1296;2148;3346;2214;780;2952;2440;803;195;3306;2298;459;745;3143;1126;94;586;3504;274;1791;1502;92;348;916;1698;3480;1602;2496;449",1770,0.0924901652446213,0.0693778528940336,0.0693778528940336,3.0017703050067,TRUE,TRUE,
"06_UHGtBtCEoaUWRP","itt_fullspec_bn_employed_treat_HD","treat_HD",31,0.0175141242937853,"Decrease",0.0231123123505876,0.0948062564231429,0.0716939440725553,0.0716939440725553,3.10198058009252,TRUE,,TRUE,"1441;632;1051;1636;1083;380;1442;1194;391;94;1616;1124;223;363;1536;549;46;285;1714;132;876;734;45;168;446;831;1702;783;1221;218;329","2950;1296;2148;3346;2214;780;2952;2440;803;195;3306;2298;459;745;3143;1126;94;586;3504;274;1791;1502;92;348;916;1698;3480;1602;2496;449;676",1770,0.0948062564231429,0.0716939440725553,0.0716939440725553,3.10198058009252,TRUE,TRUE,
"06_UHGtBtCEoaUWRP","itt_fullspec_bn_employed_treat_HD","treat_HD",32,0.0180790960451977,"Decrease",0.0231123123505876,0.0969495783645328,0.0738372660139452,0.0738372660139452,3.19471565172352,TRUE,,TRUE,"1441;632;1051;1636;1083;380;1442;1194;391;94;1616;1124;223;363;1536;549;46;285;1714;132;876;734;45;168;446;831;783;1702;1221;218;329;1527","2950;1296;2148;3346;2214;780;2952;2440;803;195;3306;2298;459;745;3143;1126;94;586;3504;274;1791;1502;92;348;916;1698;1602;3480;2496;449;676;3125",1770,0.0969495783645328,0.0738372660139452,0.0738372660139452,3.19471565172352,TRUE,TRUE,
"06_UHGtBtCEoaUWRP","itt_fullspec_bn_employed_treat_HD","treat_HD",33,0.0186440677966102,"Decrease",0.0231123123505876,0.098951769671096,0.0758394573205083,0.0758394573205083,3.2813444267328,TRUE,,TRUE,"1441;632;1051;1636;1083;380;1442;391;1194;94;1616;1124;223;363;1536;549;285;1714;46;132;876;734;45;446;168;831;783;1702;1221;218;329;1527;838","2950;1296;2148;3346;2214;780;2952;803;2440;195;3306;2298;459;745;3143;1126;586;3504;94;274;1791;1502;92;916;348;1698;1602;3480;2496;449;676;3125;1712",1770,0.098951769671096,0.0758394573205083,0.0758394573205083,3.2813444267328,TRUE,TRUE,
"06_UHGtBtCEoaUWRP","itt_fullspec_bn_employed_treat_HD","treat_HD",34,0.0192090395480226,"Decrease",0.0231123123505876,0.100872717836349,0.0777604054857612,0.0777604054857612,3.36445805621799,TRUE,,TRUE,"1441;632;1051;1636;1083;380;1442;391;1194;94;1616;1124;223;363;1536;549;1714;285;46;132;876;734;45;446;831;168;783;1702;1221;218;329;1527;838;107","2950;1296;2148;3346;2214;780;2952;803;2440;195;3306;2298;459;745;3143;1126;3504;586;94;274;1791;1502;92;916;1698;348;1602;3480;2496;449;676;3125;1712;223",1770,0.100872717836349,0.0777604054857612,0.0777604054857612,3.36445805621799,TRUE,TRUE,
"06_UHGtBtCEoaUWRP","itt_fullspec_bn_employed_treat_HD","treat_HD",35,0.019774011299435,"Decrease",0.0231123123505876,0.102844950283411,0.079732637932823,0.079732637932823,3.44979060179566,TRUE,,TRUE,"1441;632;1051;1636;1083;380;1442;391;1194;94;1616;1124;223;363;1536;549;1714;285;46;132;876;734;45;831;446;168;783;1702;1221;218;329;1527;838;107;1157","2950;1296;2148;3346;2214;780;2952;803;2440;195;3306;2298;459;745;3143;1126;3504;586;94;274;1791;1502;92;1698;916;348;1602;3480;2496;449;676;3125;1712;223;2365",1770,0.102844950283411,0.079732637932823,0.079732637932823,3.44979060179566,TRUE,TRUE,
"06_UHGtBtCEoaUWRP","itt_fullspec_bn_employed_treat_HD","treat_HD",36,0.0203389830508475,"Decrease",0.0231123123505876,0.104894274701494,0.0817819623509064,0.0817819623509064,3.53845868428769,TRUE,,TRUE,"1441;632;1051;1636;1083;380;1442;391;1194;94;1616;1124;223;363;1536;549;1714;285;46;132;876;734;45;831;446;168;783;1702;1221;218;329;1527;838;107;1157;1077","2950;1296;2148;3346;2214;780;2952;803;2440;195;3306;2298;459;745;3143;1126;3504;586;94;274;1791;1502;92;1698;916;348;1602;3480;2496;449;676;3125;1712;223;2365;2202",1770,0.104894274701494,0.0817819623509064,0.0817819623509064,3.53845868428769,TRUE,TRUE,
"06_UHGtBtCEoaUWRP","itt_fullspec_bn_employed_treat_HD","treat_HD",37,0.0209039548022599,"Decrease",0.0231123123505876,0.106701202372483,0.0835888900218954,0.0835888900218954,3.61663899111203,TRUE,,TRUE,"1441;632;1051;1636;1083;380;1442;391;1194;94;1616;1124;223;363;1536;549;1714;285;46;132;876;734;45;831;446;168;783;1702;1221;218;329;1527;838;107;1157;1077;526","2950;1296;2148;3346;2214;780;2952;803;2440;195;3306;2298;459;745;3143;1126;3504;586;94;274;1791;1502;92;1698;916;348;1602;3480;2496;449;676;3125;1712;223;2365;2202;1080",1770,0.106701202372483,0.0835888900218954,0.0835888900218954,3.61663899111203,TRUE,TRUE,
"06_UHGtBtCEoaUWRP","itt_fullspec_bn_employed_treat_HD","treat_HD",38,0.0214689265536723,"Decrease",0.0231123123505876,0.108730715583883,0.0856184032332953,0.0856184032332953,3.70444990248319,TRUE,,TRUE,"1441;632;1051;1636;1083;380;391;1442;1194;94;1616;1124;223;363;1536;549;1714;285;46;132;876;734;45;831;446;783;168;1221;1702;218;1527;329;838;107;1157;1077;526;354","2950;1296;2148;3346;2214;780;803;2952;2440;195;3306;2298;459;745;3143;1126;3504;586;94;274;1791;1502;92;1698;916;1602;348;2496;3480;449;3125;676;1712;223;2365;2202;1080;727",1770,0.108730715583883,0.0856184032332953,0.0856184032332953,3.70444990248319,TRUE,TRUE,
"06_UHGtBtCEoaUWRP","itt_fullspec_bn_employed_treat_HD","treat_HD",39,0.0220338983050847,"Decrease",0.0231123123505876,0.110834761461385,0.0877224491107971,0.0877224491107971,3.79548561736908,TRUE,,TRUE,"1441;632;1051;1636;1083;380;391;1442;1194;94;1616;1124;223;363;1536;549;1714;285;46;132;876;734;45;831;446;783;168;1221;1702;218;1527;329;838;107;1157;1077;526;354;669","2950;1296;2148;3346;2214;780;803;2952;2440;195;3306;2298;459;745;3143;1126;3504;586;94;274;1791;1502;92;1698;916;1602;348;2496;3480;449;3125;676;1712;223;2365;2202;1080;727;1371",1770,0.110834761461385,0.0877224491107971,0.0877224491107971,3.79548561736908,TRUE,TRUE,
"06_UHGtBtCEoaUWRP","itt_fullspec_bn_employed_treat_HD","treat_HD",40,0.0225988700564972,"Decrease",0.0231123123505876,0.112860970206146,0.0897486578555587,0.0897486578555587,3.88315355444203,TRUE,,TRUE,"1441;632;1051;1636;1083;380;391;1442;1194;94;1616;1124;223;363;1536;549;1714;285;46;132;876;734;45;831;446;783;168;1221;1702;218;1527;329;838;107;1157;1077;526;354;669;1200","2950;1296;2148;3346;2214;780;803;2952;2440;195;3306;2298;459;745;3143;1126;3504;586;94;274;1791;1502;92;1698;916;1602;348;2496;3480;449;3125;676;1712;223;2365;2202;1080;727;1371;2452",1770,0.112860970206146,0.0897486578555587,0.0897486578555587,3.88315355444203,TRUE,TRUE,
"06_UHGtBtCEoaUWRP","itt_fullspec_bn_employed_treat_HD","treat_HD",41,0.0231638418079096,"Decrease",0.0231123123505876,0.115302960954311,0.0921906486037237,0.0921906486037237,3.98881112392806,TRUE,,TRUE,"1441;632;1051;1636;1083;380;391;1442;1194;94;1616;1124;223;363;1536;549;1714;285;46;132;876;734;45;831;446;783;168;1221;1702;218;1527;329;838;107;1157;1077;526;354;669;1200;370","2950;1296;2148;3346;2214;780;803;2952;2440;195;3306;2298;459;745;3143;1126;3504;586;94;274;1791;1502;92;1698;916;1602;348;2496;3480;449;3125;676;1712;223;2365;2202;1080;727;1371;2452;759",1770,0.115302960954311,0.0921906486037237,0.0921906486037237,3.98881112392806,TRUE,TRUE,
"06_UHGtBtCEoaUWRP","itt_fullspec_bn_employed_treat_HD","treat_HD",42,0.023728813559322,"Decrease",0.0231123123505876,0.117248370385444,0.0941360580348568,0.0941360580348568,4.07298311856119,TRUE,,TRUE,"1441;632;1051;1636;1083;380;391;1442;1194;94;1616;1124;223;363;1536;549;1714;285;46;132;876;734;45;831;446;783;168;1221;1702;218;1527;329;838;107;1157;1077;526;354;669;1200;370;618","2950;1296;2148;3346;2214;780;803;2952;2440;195;3306;2298;459;745;3143;1126;3504;586;94;274;1791;1502;92;1698;916;1602;348;2496;3480;449;3125;676;1712;223;2365;2202;1080;727;1371;2452;759;1268",1770,0.117248370385444,0.0941360580348568,0.0941360580348568,4.07298311856119,TRUE,TRUE,
"06_UHGtBtCEoaUWRP","itt_fullspec_bn_employed_treat_HD","treat_HD",43,0.0242937853107345,"Decrease",0.0231123123505876,0.118983340236038,0.09587102788545,0.09587102788545,4.14805002767335,TRUE,,TRUE,"1441;632;1051;1636;1083;380;391;1442;1194;94;1616;1124;223;1536;363;549;1714;285;46;132;876;734;45;831;446;783;168;1221;218;1702;1527;329;838;107;1157;1077;526;354;669;1200;370;618;718","2950;1296;2148;3346;2214;780;803;2952;2440;195;3306;2298;459;3143;745;1126;3504;586;94;274;1791;1502;92;1698;916;1602;348;2496;449;3480;3125;676;1712;223;2365;2202;1080;727;1371;2452;759;1268;1470",1770,0.118983340236038,0.09587102788545,0.09587102788545,4.14805002767335,TRUE,TRUE,
"06_UHGtBtCEoaUWRP","itt_fullspec_bn_employed_treat_HD","treat_HD",44,0.0248587570621469,"Decrease",0.0231123123505876,0.120970150704344,0.0978578383537564,0.0978578383537564,4.23401332023225,TRUE,,TRUE,"1441;632;1051;1636;1083;380;391;1442;1194;94;1616;1124;223;1536;363;549;1714;285;46;132;876;734;45;831;446;783;1221;168;218;1702;1527;329;838;107;1157;1077;526;354;669;1200;370;618;718;860","2950;1296;2148;3346;2214;780;803;2952;2440;195;3306;2298;459;3143;745;1126;3504;586;94;274;1791;1502;92;1698;916;1602;2496;348;449;3480;3125;676;1712;223;2365;2202;1080;727;1371;2452;759;1268;1470;1758",1770,0.120970150704344,0.0978578383537564,0.0978578383537564,4.23401332023225,TRUE,TRUE,
"06_UHGtBtCEoaUWRP","itt_fullspec_bn_employed_treat_HD","treat_HD",45,0.0254237288135593,"Decrease",0.0231123123505876,0.122869871058481,0.0997575587078932,0.0997575587078932,4.31620848639824,TRUE,,TRUE,"1441;632;1051;1636;1083;380;391;1442;1194;94;1616;1124;223;1536;363;549;1714;285;46;132;876;734;45;831;446;783;1221;168;218;1702;1527;329;838;107;1157;1077;526;354;669;1200;370;618;718;860;1472","2950;1296;2148;3346;2214;780;803;2952;2440;195;3306;2298;459;3143;745;1126;3504;586;94;274;1791;1502;92;1698;916;1602;2496;348;449;3480;3125;676;1712;223;2365;2202;1080;727;1371;2452;759;1268;1470;1758;3014",1770,0.122869871058481,0.0997575587078932,0.0997575587078932,4.31620848639824,TRUE,TRUE,
"06_UHGtBtCEoaUWRP","itt_fullspec_bn_employed_treat_HD","treat_HD",46,0.0259887005649717,"Decrease",0.0231123123505876,0.124759953731127,0.10164764138054,0.10164764138054,4.39798665917369,TRUE,,TRUE,"1441;632;1051;1636;1083;380;391;1442;1194;94;1616;1124;223;1536;363;549;1714;285;46;132;876;734;45;831;446;783;1221;218;168;1702;1527;329;838;107;1157;1077;526;354;669;1200;370;618;718;860;1472;1746","2950;1296;2148;3346;2214;780;803;2952;2440;195;3306;2298;459;3143;745;1126;3504;586;94;274;1791;1502;92;1698;916;1602;2496;449;348;3480;3125;676;1712;223;2365;2202;1080;727;1371;2452;759;1268;1470;1758;3014;3569",1770,0.124759953731127,0.10164764138054,0.10164764138054,4.39798665917369,TRUE,TRUE,
"06_UHGtBtCEoaUWRP","itt_fullspec_bn_employed_treat_HD","treat_HD",47,0.0265536723163842,"Decrease",0.0231123123505876,0.126680088628775,0.103567776278187,0.103567776278187,4.48106510102414,TRUE,,TRUE,"1441;632;1051;1636;1083;380;391;1442;1194;94;1616;1124;223;1536;363;549;1714;285;46;132;734;876;45;831;446;783;1221;218;168;1702;1527;329;838;107;1157;526;1077;354;1200;669;370;618;718;860;1472;1746;1022","2950;1296;2148;3346;2214;780;803;2952;2440;195;3306;2298;459;3143;745;1126;3504;586;94;274;1502;1791;92;1698;916;1602;2496;449;348;3480;3125;676;1712;223;2365;1080;2202;727;2452;1371;759;1268;1470;1758;3014;3569;2087",1770,0.126680088628775,0.103567776278187,0.103567776278187,4.48106510102414,TRUE,TRUE,
"06_UHGtBtCEoaUWRP","itt_fullspec_bn_employed_treat_HD","treat_HD",48,0.0271186440677966,"Decrease",0.0231123123505876,0.12848502832232,0.105372715971732,0.105372715971732,4.55915939406438,TRUE,,TRUE,"1441;632;1051;1636;1083;380;391;1442;1194;94;1616;1124;223;1536;363;1714;549;285;46;132;734;876;45;831;446;783;218;1221;168;1527;1702;329;838;107;1157;526;1077;354;1200;669;370;618;718;860;1472;1746;1022;1248","2950;1296;2148;3346;2214;780;803;2952;2440;195;3306;2298;459;3143;745;3504;1126;586;94;274;1502;1791;92;1698;916;1602;449;2496;348;3125;3480;676;1712;223;2365;1080;2202;727;2452;1371;759;1268;1470;1758;3014;3569;2087;2554",1770,0.12848502832232,0.105372715971732,0.105372715971732,4.55915939406438,TRUE,TRUE,
"06_UHGtBtCEoaUWRP","itt_fullspec_bn_employed_treat_HD","treat_HD",49,0.027683615819209,"Decrease",0.0231123123505876,0.130509873654839,0.107397561304251,0.107397561304251,4.64676834040453,TRUE,,TRUE,"1441;632;1051;1636;1083;380;391;1442;1194;94;1616;1124;223;1536;363;1714;549;285;46;132;734;876;45;831;446;783;218;1221;168;1527;1702;329;838;107;1157;526;1077;354;1200;669;370;618;718;860;1472;1746;1022;1248;788","2950;1296;2148;3346;2214;780;803;2952;2440;195;3306;2298;459;3143;745;3504;1126;586;94;274;1502;1791;92;1698;916;1602;449;2496;348;3125;3480;676;1712;223;2365;1080;2202;727;2452;1371;759;1268;1470;1758;3014;3569;2087;2554;1612",1770,0.130509873654839,0.107397561304251,0.107397561304251,4.64676834040453,TRUE,TRUE,
"06_UHGtBtCEoaUWRP","itt_fullspec_bn_employed_treat_HD","treat_HD",50,0.0282485875706215,"Decrease",0.0231123123505876,0.132203701131043,0.109091388780455,0.109091388780455,4.7200551431489,TRUE,,TRUE,"1441;632;1051;1636;1083;380;391;1442;1194;94;1616;1124;223;1536;363;1714;549;285;132;46;734;876;45;831;446;783;218;1221;1527;168;1702;329;838;107;1157;526;1077;354;1200;669;370;618;718;860;1472;1746;1022;788;1248;333","2950;1296;2148;3346;2214;780;803;2952;2440;195;3306;2298;459;3143;745;3504;1126;586;274;94;1502;1791;92;1698;916;1602;449;2496;3125;348;3480;676;1712;223;2365;1080;2202;727;2452;1371;759;1268;1470;1758;3014;3569;2087;1612;2554;684",1770,0.132203701131043,0.109091388780455,0.109091388780455,4.7200551431489,TRUE,TRUE,
"06_UHGtBtCEoaUWRP","itt_fullspec_bn_employed_treat_HD","treat_HD",51,0.0288135593220339,"Decrease",0.0231123123505876,0.134141263734195,0.111028951383607,0.111028951383607,4.80388762921788,TRUE,,TRUE,"1441;632;1051;1636;1083;380;391;1442;1194;94;1616;1124;223;1536;363;1714;549;285;132;46;734;876;45;831;446;783;218;1221;1527;168;1702;329;838;107;1157;526;1077;354;1200;669;370;618;860;718;1472;1746;1022;788;1248;333;1090","2950;1296;2148;3346;2214;780;803;2952;2440;195;3306;2298;459;3143;745;3504;1126;586;274;94;1502;1791;92;1698;916;1602;449;2496;3125;348;3480;676;1712;223;2365;1080;2202;727;2452;1371;759;1268;1758;1470;3014;3569;2087;1612;2554;684;2228",1770,0.134141263734195,0.111028951383607,0.111028951383607,4.80388762921788,TRUE,TRUE,
"06_UHGtBtCEoaUWRP","itt_fullspec_bn_employed_treat_HD","treat_HD",52,0.0293785310734463,"Decrease",0.0231123123505876,0.136115892765906,0.113003580415318,0.113003580415318,4.88932386778015,TRUE,,TRUE,"1441;632;1051;1636;1083;380;391;1442;1194;94;1616;1124;223;1536;363;1714;549;285;132;46;734;876;45;831;446;783;218;1221;1527;168;1702;329;838;107;1157;526;1077;354;1200;669;370;618;860;718;1472;1746;1022;788;1248;333;1090;40","2950;1296;2148;3346;2214;780;803;2952;2440;195;3306;2298;459;3143;745;3504;1126;586;274;94;1502;1791;92;1698;916;1602;449;2496;3125;348;3480;676;1712;223;2365;1080;2202;727;2452;1371;759;1268;1758;1470;3014;3569;2087;1612;2554;684;2228;82",1770,0.136115892765906,0.113003580415318,0.113003580415318,4.88932386778015,TRUE,TRUE,
"06_UHGtBtCEoaUWRP","itt_fullspec_bn_employed_treat_HD","treat_HD",53,0.0299435028248588,"Decrease",0.0231123123505876,0.13796736669417,0.114855054343582,0.114855054343582,4.96943155671147,TRUE,,TRUE,"1441;632;1051;1636;1083;380;391;1442;1194;94;1616;1124;1536;223;363;1714;549;285;132;46;734;876;45;831;446;783;218;1221;1527;329;168;1702;838;107;526;1157;1077;354;1200;669;370;618;860;718;1472;1746;1022;788;1248;333;1090;40;1504","2950;1296;2148;3346;2214;780;803;2952;2440;195;3306;2298;3143;459;745;3504;1126;586;274;94;1502;1791;92;1698;916;1602;449;2496;3125;676;348;3480;1712;223;1080;2365;2202;727;2452;1371;759;1268;1758;1470;3014;3569;2087;1612;2554;684;2228;82;3079",1770,0.13796736669417,0.114855054343582,0.114855054343582,4.96943155671147,TRUE,TRUE,
"06_UHGtBtCEoaUWRP","itt_fullspec_bn_employed_treat_HD","treat_HD",54,0.0305084745762712,"Decrease",0.0231123123505876,0.139812115149739,0.116699802799151,0.116699802799151,5.04924825473744,TRUE,,TRUE,"1441;632;1051;1636;1083;380;391;1442;1194;94;1616;1124;1536;223;363;1714;549;285;132;46;734;876;45;831;446;783;218;1221;1527;329;168;1702;838;107;526;1157;1077;354;1200;669;370;618;860;718;1472;1746;1022;788;1248;333;1090;40;1504;1142","2950;1296;2148;3346;2214;780;803;2952;2440;195;3306;2298;3143;459;745;3504;1126;586;274;94;1502;1791;92;1698;916;1602;449;2496;3125;676;348;3480;1712;223;1080;2365;2202;727;2452;1371;759;1268;1758;1470;3014;3569;2087;1612;2554;684;2228;82;3079;2335",1770,0.139812115149739,0.116699802799151,0.116699802799151,5.04924825473744,TRUE,TRUE,
"06_UHGtBtCEoaUWRP","itt_fullspec_bn_employed_treat_HD","treat_HD",55,0.0310734463276836,"Decrease",0.0231123123505876,0.141583489903866,0.118471177553279,0.118471177553279,5.12589029415165,TRUE,,TRUE,"1441;632;1051;1636;1083;380;391;1442;1194;94;1616;1124;1536;223;363;1714;549;285;132;46;734;876;45;831;446;783;218;1221;1527;329;168;1702;838;107;526;1157;1077;354;1200;370;669;618;860;718;1472;1746;1022;788;1248;333;1090;40;1504;1142;1125","2950;1296;2148;3346;2214;780;803;2952;2440;195;3306;2298;3143;459;745;3504;1126;586;274;94;1502;1791;92;1698;916;1602;449;2496;3125;676;348;3480;1712;223;1080;2365;2202;727;2452;759;1371;1268;1758;1470;3014;3569;2087;1612;2554;684;2228;82;3079;2335;2300",1770,0.141583489903866,0.118471177553279,0.118471177553279,5.12589029415165,TRUE,TRUE,
"06_UHGtBtCEoaUWRP","itt_fullspec_bn_employed_treat_HD","treat_HD",56,0.031638418079096,"Decrease",0.0231123123505876,0.143912556849553,0.120800244498965,0.120800244498965,5.22666199152046,TRUE,,TRUE,"1441;632;1051;1636;1083;380;391;1442;1194;94;1616;1124;1536;223;363;1714;549;285;132;46;734;876;45;831;446;783;218;1221;1527;329;1702;168;838;107;526;1157;1077;1200;354;370;669;618;860;718;1472;1746;1022;788;1248;333;1090;40;1504;1142;1125;462","2950;1296;2148;3346;2214;780;803;2952;2440;195;3306;2298;3143;459;745;3504;1126;586;274;94;1502;1791;92;1698;916;1602;449;2496;3125;676;3480;348;1712;223;1080;2365;2202;2452;727;759;1371;1268;1758;1470;3014;3569;2087;1612;2554;684;2228;82;3079;2335;2300;949",1770,0.143912556849553,0.120800244498965,0.120800244498965,5.22666199152046,TRUE,TRUE,
"06_UHGtBtCEoaUWRP","itt_fullspec_bn_employed_treat_HD","treat_HD",57,0.0322033898305085,"Decrease",0.0231123123505876,0.146060166274747,0.12294785392416,0.12294785392416,5.3195825696356,TRUE,,TRUE,"1441;632;1051;1636;1083;380;391;1442;1194;94;1616;1124;1536;223;363;1714;549;285;132;46;734;876;45;831;783;446;218;1221;1527;329;1702;168;838;107;526;1157;1077;1200;354;370;669;618;860;718;1472;1746;1022;788;1248;333;1090;40;1504;1142;1125;462;29","2950;1296;2148;3346;2214;780;803;2952;2440;195;3306;2298;3143;459;745;3504;1126;586;274;94;1502;1791;92;1698;1602;916;449;2496;3125;676;3480;348;1712;223;1080;2365;2202;2452;727;759;1371;1268;1758;1470;3014;3569;2087;1612;2554;684;2228;82;3079;2335;2300;949;60",1770,0.146060166274747,0.12294785392416,0.12294785392416,5.3195825696356,TRUE,TRUE,
"06_UHGtBtCEoaUWRP","itt_fullspec_bn_employed_treat_HD","treat_HD",58,0.0327683615819209,"Decrease",0.0231123123505876,0.148193971440968,0.12508165909038,0.12508165909038,5.41190587912767,TRUE,,TRUE,"1441;632;1051;1636;1083;380;391;1442;1194;94;1616;1124;1536;223;363;1714;549;285;132;46;734;876;45;831;783;446;218;1221;1527;329;1702;838;168;107;526;1157;1077;1200;354;370;669;618;860;718;1472;1746;1022;788;1248;333;1090;40;1504;1142;1125;462;29;1239","2950;1296;2148;3346;2214;780;803;2952;2440;195;3306;2298;3143;459;745;3504;1126;586;274;94;1502;1791;92;1698;1602;916;449;2496;3125;676;3480;1712;348;223;1080;2365;2202;2452;727;759;1371;1268;1758;1470;3014;3569;2087;1612;2554;684;2228;82;3079;2335;2300;949;60;2533",1770,0.148193971440968,0.12508165909038,0.12508165909038,5.41190587912767,TRUE,TRUE,
"06_UHGtBtCEoaUWRP","itt_fullspec_bn_employed_treat_HD","treat_HD",59,0.0333333333333333,"Decrease",0.0231123123505876,0.150189251483887,0.127076939133299,0.127076939133299,5.49823562461798,TRUE,,TRUE,"1441;632;1051;1636;1083;380;391;1442;1194;94;1616;1124;1536;223;363;1714;549;285;132;46;734;876;45;831;783;446;218;1527;1221;329;838;1702;168;107;526;1157;1077;1200;354;370;669;618;860;718;1472;1746;1022;788;1248;333;1090;40;1504;1142;1125;462;1239;29;1619","2950;1296;2148;3346;2214;780;803;2952;2440;195;3306;2298;3143;459;745;3504;1126;586;274;94;1502;1791;92;1698;1602;916;449;3125;2496;676;1712;3480;348;223;1080;2365;2202;2452;727;759;1371;1268;1758;1470;3014;3569;2087;1612;2554;684;2228;82;3079;2335;2300;949;2533;60;3312",1770,0.150189251483887,0.127076939133299,0.127076939133299,5.49823562461798,TRUE,TRUE,
"06_UHGtBtCEoaUWRP","itt_fullspec_bn_employed_treat_HD","treat_HD",60,0.0338983050847458,"Decrease",0.0231123123505876,0.152236152115078,0.12912383976449,0.12912383976449,5.58679883716641,TRUE,,TRUE,"1441;632;1051;1636;1083;380;391;1442;1194;94;1616;1124;1536;223;363;1714;549;285;132;46;734;876;45;831;783;446;218;1527;1221;329;838;1702;168;107;526;1157;1077;1200;370;354;669;618;860;718;1472;1746;1022;788;1248;333;1090;40;1504;1142;1125;462;1239;29;1619;794","2950;1296;2148;3346;2214;780;803;2952;2440;195;3306;2298;3143;459;745;3504;1126;586;274;94;1502;1791;92;1698;1602;916;449;3125;2496;676;1712;3480;348;223;1080;2365;2202;2452;759;727;1371;1268;1758;1470;3014;3569;2087;1612;2554;684;2228;82;3079;2335;2300;949;2533;60;3312;1624",1770,0.152236152115078,0.12912383976449,0.12912383976449,5.58679883716641,TRUE,TRUE,
"06_UHGtBtCEoaUWRP","itt_fullspec_bn_employed_treat_HD","treat_HD",61,0.0344632768361582,"Decrease",0.0231123123505876,0.154128993161359,0.131016680810772,0.131016680810772,5.66869635644399,TRUE,,TRUE,"1441;632;1636;1051;1083;380;391;1442;1194;94;1616;1124;1536;223;363;1714;285;549;132;46;734;876;45;831;783;446;218;1527;1221;329;838;1702;168;107;526;1077;1157;1200;370;354;669;618;860;718;1472;1746;1022;788;1248;333;1090;40;1504;1142;1125;462;1239;29;1619;794;777","2950;1296;3346;2148;2214;780;803;2952;2440;195;3306;2298;3143;459;745;3504;586;1126;274;94;1502;1791;92;1698;1602;916;449;3125;2496;676;1712;3480;348;223;1080;2202;2365;2452;759;727;1371;1268;1758;1470;3014;3569;2087;1612;2554;684;2228;82;3079;2335;2300;949;2533;60;3312;1624;1590",1770,0.154128993161359,0.131016680810772,0.131016680810772,5.66869635644399,TRUE,TRUE,
"06_UHGtBtCEoaUWRP","itt_fullspec_bn_employed_treat_HD","treat_HD",62,0.0350282485875706,"Decrease",0.0231123123505876,0.156275294004578,0.13316298165399,0.13316298165399,5.76156031616647,TRUE,,TRUE,"1441;632;1636;1051;1083;380;391;1442;1194;94;1616;1124;1536;223;363;1714;285;549;132;46;734;876;45;831;783;218;446;1527;1221;329;838;1702;168;107;526;1077;1157;370;1200;354;669;618;860;718;1472;1746;1022;788;1248;333;1090;40;1504;1142;1125;462;1239;29;1619;794;777;1587","2950;1296;3346;2148;2214;780;803;2952;2440;195;3306;2298;3143;459;745;3504;586;1126;274;94;1502;1791;92;1698;1602;449;916;3125;2496;676;1712;3480;348;223;1080;2202;2365;759;2452;727;1371;1268;1758;1470;3014;3569;2087;1612;2554;684;2228;82;3079;2335;2300;949;2533;60;3312;1624;1590;3247",1770,0.156275294004578,0.13316298165399,0.13316298165399,5.76156031616647,TRUE,TRUE,
"06_UHGtBtCEoaUWRP","itt_fullspec_bn_employed_treat_HD","treat_HD",63,0.0355932203389831,"Decrease",0.0231123123505876,0.158307528362435,0.135195216011847,0.135195216011847,5.84948896333212,TRUE,,TRUE,"1441;632;1636;1051;1083;380;391;1442;1194;94;1616;1124;1536;223;363;1714;285;549;132;46;734;876;45;831;783;218;446;1527;1221;329;838;1702;168;107;526;1077;1157;370;1200;354;669;618;860;718;1472;1746;1022;788;1248;333;1090;40;1504;1142;1125;462;1239;29;1619;794;777;1587;639","2950;1296;3346;2148;2214;780;803;2952;2440;195;3306;2298;3143;459;745;3504;586;1126;274;94;1502;1791;92;1698;1602;449;916;3125;2496;676;1712;3480;348;223;1080;2202;2365;759;2452;727;1371;1268;1758;1470;3014;3569;2087;1612;2554;684;2228;82;3079;2335;2300;949;2533;60;3312;1624;1590;3247;1310",1770,0.158307528362435,0.135195216011847,0.135195216011847,5.84948896333212,TRUE,TRUE,
"06_UHGtBtCEoaUWRP","itt_fullspec_bn_employed_treat_HD","treat_HD",64,0.0361581920903955,"Decrease",0.0231123123505876,0.160763499026613,0.137651186676026,0.137651186676026,5.9557514015912,TRUE,,TRUE,"1441;632;1636;1051;1083;380;391;1442;1194;94;1616;1536;1124;223;363;1714;285;132;549;46;734;876;45;831;218;783;446;1527;1221;329;838;1702;168;107;526;1077;1157;370;1200;354;669;618;860;718;1472;1746;1022;788;1248;333;1090;40;1504;1142;1125;462;1239;29;1619;794;777;1587;639;127","2950;1296;3346;2148;2214;780;803;2952;2440;195;3306;3143;2298;459;745;3504;586;274;1126;94;1502;1791;92;1698;449;1602;916;3125;2496;676;1712;3480;348;223;1080;2202;2365;759;2452;727;1371;1268;1758;1470;3014;3569;2087;1612;2554;684;2228;82;3079;2335;2300;949;2533;60;3312;1624;1590;3247;1310;264",1770,0.160763499026613,0.137651186676026,0.137651186676026,5.9557514015912,TRUE,TRUE,
"06_UHGtBtCEoaUWRP","itt_fullspec_bn_employed_treat_HD","treat_HD",65,0.0367231638418079,"Decrease",0.0231123123505876,0.162208691523995,0.139096379173408,0.139096379173408,6.01828051920868,TRUE,,TRUE,"1441;632;1636;1051;1083;380;391;1442;1194;94;1616;1536;1124;223;363;1714;285;132;549;46;734;876;45;831;218;783;446;1527;1221;329;838;1702;168;107;526;1077;1157;370;1200;354;669;618;860;718;1472;1746;1022;788;1248;333;1090;40;1504;1142;1125;1239;462;1619;29;794;777;1587;639;127;513","2950;1296;3346;2148;2214;780;803;2952;2440;195;3306;3143;2298;459;745;3504;586;274;1126;94;1502;1791;92;1698;449;1602;916;3125;2496;676;1712;3480;348;223;1080;2202;2365;759;2452;727;1371;1268;1758;1470;3014;3569;2087;1612;2554;684;2228;82;3079;2335;2300;2533;949;3312;60;1624;1590;3247;1310;264;1053",1770,0.162208691523995,0.139096379173408,0.139096379173408,6.01828051920868,TRUE,TRUE,
"06_UHGtBtCEoaUWRP","itt_fullspec_bn_employed_treat_HD","treat_HD",66,0.0372881355932203,"Decrease",0.0231123123505876,0.163850918689396,0.140738606338808,0.140738606338808,6.0893347322398,TRUE,,TRUE,"1441;632;1636;1051;1083;380;391;1442;1194;94;1616;1536;1124;223;363;1714;285;132;549;46;734;876;45;831;218;783;446;1527;1221;329;838;1702;168;526;107;1077;1157;370;1200;354;669;618;860;718;1472;1746;1022;788;1248;333;1090;40;1504;1142;1125;1239;462;1619;29;794;777;1587;639;127;513;849","2950;1296;3346;2148;2214;780;803;2952;2440;195;3306;3143;2298;459;745;3504;586;274;1126;94;1502;1791;92;1698;449;1602;916;3125;2496;676;1712;3480;348;1080;223;2202;2365;759;2452;727;1371;1268;1758;1470;3014;3569;2087;1612;2554;684;2228;82;3079;2335;2300;2533;949;3312;60;1624;1590;3247;1310;264;1053;1735",1770,0.163850918689396,0.140738606338808,0.140738606338808,6.0893347322398,TRUE,TRUE,
"06_UHGtBtCEoaUWRP","itt_fullspec_bn_employed_treat_HD","treat_HD",67,0.0378531073446328,"Decrease",0.0231123123505876,0.165598044008254,0.142485731657667,0.142485731657667,6.1649275717773,TRUE,,TRUE,"1441;632;1636;1051;1083;380;391;1442;1194;94;1616;1536;1124;223;363;1714;285;132;549;46;734;876;45;831;218;783;446;1527;1221;329;838;1702;168;526;107;1077;1157;370;1200;354;669;618;860;718;1472;1746;1022;788;1248;333;1090;40;1504;1142;1125;1239;462;1619;29;794;777;1587;639;127;513;849;1486","2950;1296;3346;2148;2214;780;803;2952;2440;195;3306;3143;2298;459;745;3504;586;274;1126;94;1502;1791;92;1698;449;1602;916;3125;2496;676;1712;3480;348;1080;223;2202;2365;759;2452;727;1371;1268;1758;1470;3014;3569;2087;1612;2554;684;2228;82;3079;2335;2300;2533;949;3312;60;1624;1590;3247;1310;264;1053;1735;3043",1770,0.165598044008254,0.142485731657667,0.142485731657667,6.1649275717773,TRUE,TRUE,
"06_UHGtBtCEoaUWRP","itt_fullspec_bn_employed_treat_HD","treat_HD",68,0.0384180790960452,"Decrease",0.0231123123505876,0.167478220564464,0.144365908213876,0.144365908213876,6.24627713679222,TRUE,,TRUE,"1441;632;1636;1051;1083;380;391;1442;1194;94;1616;1536;1124;223;363;1714;132;285;549;734;46;876;45;831;218;783;446;1527;1221;329;838;1702;168;526;107;1077;1157;370;1200;354;669;618;860;718;1472;1746;1022;788;1248;333;1090;40;1504;1142;1125;1239;462;1619;29;794;777;1587;639;127;513;849;1486;1544","2950;1296;3346;2148;2214;780;803;2952;2440;195;3306;3143;2298;459;745;3504;274;586;1126;1502;94;1791;92;1698;449;1602;916;3125;2496;676;1712;3480;348;1080;223;2202;2365;759;2452;727;1371;1268;1758;1470;3014;3569;2087;1612;2554;684;2228;82;3079;2335;2300;2533;949;3312;60;1624;1590;3247;1310;264;1053;1735;3043;3159",1770,0.167478220564464,0.144365908213876,0.144365908213876,6.24627713679222,TRUE,TRUE,
"06_UHGtBtCEoaUWRP","itt_fullspec_bn_employed_treat_HD","treat_HD",69,0.0389830508474576,"Decrease",0.0231123123505876,0.169665708832595,0.146553396482007,0.146553396482007,6.34092315208266,TRUE,,TRUE,"1441;632;1636;1051;1083;380;391;1442;1194;94;1616;1536;1124;223;363;1714;132;285;549;734;46;876;45;831;218;783;446;1527;1221;329;838;1702;168;526;107;1077;1157;370;1200;354;669;618;860;718;1472;1746;1022;788;1248;333;1090;40;1504;1142;1125;1239;462;1619;29;794;777;1587;639;127;513;849;1486;1544;556","2950;1296;3346;2148;2214;780;803;2952;2440;195;3306;3143;2298;459;745;3504;274;586;1126;1502;94;1791;92;1698;449;1602;916;3125;2496;676;1712;3480;348;1080;223;2202;2365;759;2452;727;1371;1268;1758;1470;3014;3569;2087;1612;2554;684;2228;82;3079;2335;2300;2533;949;3312;60;1624;1590;3247;1310;264;1053;1735;3043;3159;1141",1770,0.169665708832595,0.146553396482007,0.146553396482007,6.34092315208266,TRUE,TRUE,
"06_UHGtBtCEoaUWRP","itt_fullspec_bn_employed_treat_HD","treat_HD",70,0.0395480225988701,"Decrease",0.0231123123505876,0.171432505415903,0.148320193065315,0.148320193065315,6.41736710786292,TRUE,,TRUE,"1441;632;1636;1051;1083;380;391;1442;1194;94;1616;1536;1124;223;363;1714;132;285;549;734;46;876;45;831;218;783;446;1527;1221;329;838;1702;168;526;107;1077;1157;370;1200;354;669;860;618;718;1746;1472;1022;788;1248;333;1090;40;1504;1142;1239;1125;462;1619;29;794;777;1587;639;127;513;849;1486;1544;556;1108","2950;1296;3346;2148;2214;780;803;2952;2440;195;3306;3143;2298;459;745;3504;274;586;1126;1502;94;1791;92;1698;449;1602;916;3125;2496;676;1712;3480;348;1080;223;2202;2365;759;2452;727;1371;1758;1268;1470;3569;3014;2087;1612;2554;684;2228;82;3079;2335;2533;2300;949;3312;60;1624;1590;3247;1310;264;1053;1735;3043;3159;1141;2265",1770,0.171432505415903,0.148320193065315,0.148320193065315,6.41736710786292,TRUE,TRUE,
"06_UHGtBtCEoaUWRP","itt_fullspec_bn_employed_treat_HD","treat_HD",71,0.0401129943502825,"Decrease",0.0231123123505876,0.173679596967227,0.15056728461664,0.15056728461664,6.51459197732812,TRUE,,TRUE,"1441;632;1636;1051;1083;380;391;1442;1194;94;1616;1536;1124;223;363;1714;132;285;549;734;46;876;45;831;218;783;446;1527;1221;329;838;1702;526;168;107;1077;1157;370;1200;354;669;860;618;718;1746;1472;1022;788;1248;333;1090;40;1504;1142;1239;1125;462;1619;29;794;777;1587;639;127;513;1486;849;1544;556;1108;521","2950;1296;3346;2148;2214;780;803;2952;2440;195;3306;3143;2298;459;745;3504;274;586;1126;1502;94;1791;92;1698;449;1602;916;3125;2496;676;1712;3480;1080;348;223;2202;2365;759;2452;727;1371;1758;1268;1470;3569;3014;2087;1612;2554;684;2228;82;3079;2335;2533;2300;949;3312;60;1624;1590;3247;1310;264;1053;3043;1735;3159;1141;2265;1070",1770,0.173679596967227,0.15056728461664,0.15056728461664,6.51459197732812,TRUE,TRUE,
"06_UHGtBtCEoaUWRP","itt_fullspec_bn_employed_treat_HD","treat_HD",72,0.0406779661016949,"Decrease",0.0231123123505876,0.175248710757034,0.152136398406446,0.152136398406446,6.5824827952612,TRUE,,TRUE,"1441;632;1636;1051;1083;380;391;1442;1194;94;1616;1536;1124;223;363;1714;132;285;549;734;46;876;45;831;218;783;446;1527;1221;329;838;1702;526;168;107;1077;1157;370;1200;354;669;860;618;718;1746;1472;1022;788;1248;333;1090;40;1504;1142;1239;1125;462;1619;29;794;777;1587;639;127;513;1486;849;1544;556;521;1108;1035","2950;1296;3346;2148;2214;780;803;2952;2440;195;3306;3143;2298;459;745;3504;274;586;1126;1502;94;1791;92;1698;449;1602;916;3125;2496;676;1712;3480;1080;348;223;2202;2365;759;2452;727;1371;1758;1268;1470;3569;3014;2087;1612;2554;684;2228;82;3079;2335;2533;2300;949;3312;60;1624;1590;3247;1310;264;1053;3043;1735;3159;1141;1070;2265;2115",1770,0.175248710757034,0.152136398406446,0.152136398406446,6.5824827952612,TRUE,TRUE,
"06_UHGtBtCEoaUWRP","itt_fullspec_bn_employed_treat_HD","treat_HD",73,0.0412429378531073,"Decrease",0.0231123123505876,0.177042810059887,0.153930497709299,0.153930497709299,6.66010805731369,TRUE,,TRUE,"1441;632;1636;1051;1083;380;391;1442;1194;94;1616;1536;1124;223;363;1714;132;285;549;734;46;876;45;831;218;783;446;1527;1221;329;838;1702;526;168;107;1077;1157;370;1200;354;669;860;618;718;1746;1022;1472;788;1248;333;1090;40;1504;1142;1239;1125;462;1619;29;794;777;1587;639;127;513;1486;849;1544;556;521;1108;1035;1316","2950;1296;3346;2148;2214;780;803;2952;2440;195;3306;3143;2298;459;745;3504;274;586;1126;1502;94;1791;92;1698;449;1602;916;3125;2496;676;1712;3480;1080;348;223;2202;2365;759;2452;727;1371;1758;1268;1470;3569;2087;3014;1612;2554;684;2228;82;3079;2335;2533;2300;949;3312;60;1624;1590;3247;1310;264;1053;3043;1735;3159;1141;1070;2265;2115;2695",1770,0.177042810059887,0.153930497709299,0.153930497709299,6.66010805731369,TRUE,TRUE,
"06_UHGtBtCEoaUWRP","itt_fullspec_bn_employed_treat_HD","treat_HD",74,0.0418079096045198,"Decrease",0.0231123123505876,0.17933641583374,0.156224103483153,0.156224103483153,6.75934545680284,TRUE,,TRUE,"1441;632;1636;1051;1083;380;391;1442;1194;94;1616;1536;1124;223;363;1714;132;285;549;734;46;876;45;831;218;783;446;1527;1221;329;838;526;1702;168;107;1077;1157;370;1200;354;669;860;618;718;1746;1022;1472;788;1248;333;1090;40;1504;1142;1239;1125;462;1619;29;794;777;1587;639;127;513;1486;849;1544;521;556;1108;1035;1316;69","2950;1296;3346;2148;2214;780;803;2952;2440;195;3306;3143;2298;459;745;3504;274;586;1126;1502;94;1791;92;1698;449;1602;916;3125;2496;676;1712;1080;3480;348;223;2202;2365;759;2452;727;1371;1758;1268;1470;3569;2087;3014;1612;2554;684;2228;82;3079;2335;2533;2300;949;3312;60;1624;1590;3247;1310;264;1053;3043;1735;3159;1070;1141;2265;2115;2695;141",1770,0.17933641583374,0.156224103483153,0.156224103483153,6.75934545680284,TRUE,TRUE,
"06_UHGtBtCEoaUWRP","itt_fullspec_bn_employed_treat_HD","treat_HD",75,0.0423728813559322,"Decrease",0.0231123123505876,0.181167955135436,0.158055642784848,0.158055642784848,6.83859063460735,TRUE,,TRUE,"1441;632;1636;1051;1083;380;391;1442;1194;94;1616;1536;1124;223;363;1714;132;285;549;734;46;876;45;831;218;783;446;1527;1221;329;838;526;1702;168;107;1077;1157;370;1200;354;669;860;618;718;1746;1022;1472;788;1248;333;1090;40;1504;1142;1239;1125;462;1619;29;794;777;1587;639;127;513;1486;849;1544;521;556;1108;1035;1316;69;1183","2950;1296;3346;2148;2214;780;803;2952;2440;195;3306;3143;2298;459;745;3504;274;586;1126;1502;94;1791;92;1698;449;1602;916;3125;2496;676;1712;1080;3480;348;223;2202;2365;759;2452;727;1371;1758;1268;1470;3569;2087;3014;1612;2554;684;2228;82;3079;2335;2533;2300;949;3312;60;1624;1590;3247;1310;264;1053;3043;1735;3159;1070;1141;2265;2115;2695;141;2418",1770,0.181167955135436,0.158055642784848,0.158055642784848,6.83859063460735,TRUE,TRUE,
"06_UHGtBtCEoaUWRP","itt_fullspec_bn_employed_treat_HD","treat_HD",76,0.0429378531073446,"Decrease",0.0231123123505876,0.183064572160627,0.159952259810039,0.159952259810039,6.92065152909603,TRUE,,TRUE,"1441;632;1636;1051;1083;380;391;1442;1194;94;1616;1536;1124;223;363;1714;132;285;549;734;46;876;45;831;218;783;1527;446;1221;329;838;526;1702;168;107;1077;1157;370;1200;354;669;860;618;718;1022;1746;1472;788;1248;333;1090;40;1504;1142;1239;1125;462;1619;29;777;794;1587;639;127;513;1486;849;1544;521;556;1108;1035;1316;69;1183;1469","2950;1296;3346;2148;2214;780;803;2952;2440;195;3306;3143;2298;459;745;3504;274;586;1126;1502;94;1791;92;1698;449;1602;3125;916;2496;676;1712;1080;3480;348;223;2202;2365;759;2452;727;1371;1758;1268;1470;2087;3569;3014;1612;2554;684;2228;82;3079;2335;2533;2300;949;3312;60;1590;1624;3247;1310;264;1053;3043;1735;3159;1070;1141;2265;2115;2695;141;2418;3008",1770,0.183064572160627,0.159952259810039,0.159952259810039,6.92065152909603,TRUE,TRUE,
"06_UHGtBtCEoaUWRP","itt_fullspec_bn_employed_treat_HD","treat_HD",77,0.0435028248587571,"Decrease",0.0231123123505876,0.184697277175596,0.161584964825008,0.161584964825008,6.99129374741683,TRUE,,TRUE,"1441;632;1636;1051;1083;380;391;1442;1194;94;1616;1536;1124;223;363;1714;132;285;549;734;46;876;45;831;218;783;1527;446;1221;329;838;526;1702;168;107;1077;1157;370;1200;354;669;860;618;718;1022;1746;1472;788;1248;333;1090;40;1504;1142;1239;1125;462;1619;29;777;794;1587;639;127;513;1486;849;521;1544;556;1108;1035;1316;69;1183;1469;334","2950;1296;3346;2148;2214;780;803;2952;2440;195;3306;3143;2298;459;745;3504;274;586;1126;1502;94;1791;92;1698;449;1602;3125;916;2496;676;1712;1080;3480;348;223;2202;2365;759;2452;727;1371;1758;1268;1470;2087;3569;3014;1612;2554;684;2228;82;3079;2335;2533;2300;949;3312;60;1590;1624;3247;1310;264;1053;3043;1735;1070;3159;1141;2265;2115;2695;141;2418;3008;686",1770,0.184697277175596,0.161584964825008,0.161584964825008,6.99129374741683,TRUE,TRUE,
"06_UHGtBtCEoaUWRP","itt_fullspec_bn_employed_treat_HD","treat_HD",78,0.0440677966101695,"Decrease",0.0231123123505876,0.186486225769108,0.16337391341852,0.16337391341852,7.0686961538215,TRUE,,TRUE,"1441;632;1636;1051;1083;380;391;1442;1194;94;1616;1536;1124;223;363;1714;132;285;734;549;46;876;45;831;218;783;1527;446;1221;329;838;526;1702;107;168;1077;1157;370;1200;354;669;860;618;718;1022;1746;1472;788;1248;333;1090;40;1504;1142;1239;462;1125;1619;29;777;794;1587;639;127;513;1486;849;521;1544;556;1108;1035;1316;69;1183;1469;334;105","2950;1296;3346;2148;2214;780;803;2952;2440;195;3306;3143;2298;459;745;3504;274;586;1502;1126;94;1791;92;1698;449;1602;3125;916;2496;676;1712;1080;3480;223;348;2202;2365;759;2452;727;1371;1758;1268;1470;2087;3569;3014;1612;2554;684;2228;82;3079;2335;2533;949;2300;3312;60;1590;1624;3247;1310;264;1053;3043;1735;1070;3159;1141;2265;2115;2695;141;2418;3008;686;219",1770,0.186486225769108,0.16337391341852,0.16337391341852,7.0686961538215,TRUE,TRUE,
"06_UHGtBtCEoaUWRP","itt_fullspec_bn_employed_treat_HD","treat_HD",79,0.0446327683615819,"Decrease",0.0231123123505876,0.188578568618301,0.165466256267713,0.165466256267713,7.15922551399347,TRUE,,TRUE,"1441;632;1636;1051;1083;380;391;1442;1194;94;1616;1536;1124;223;363;1714;132;285;734;549;46;876;45;831;218;783;1527;446;1221;329;838;526;1702;107;168;1077;1157;370;1200;354;669;860;618;718;1022;1746;1472;788;1248;333;1090;40;1504;1142;1239;462;1125;1619;29;777;794;1587;639;127;1486;513;849;521;1544;556;1108;1035;1316;69;1183;1469;334;105;1336","2950;1296;3346;2148;2214;780;803;2952;2440;195;3306;3143;2298;459;745;3504;274;586;1502;1126;94;1791;92;1698;449;1602;3125;916;2496;676;1712;1080;3480;223;348;2202;2365;759;2452;727;1371;1758;1268;1470;2087;3569;3014;1612;2554;684;2228;82;3079;2335;2533;949;2300;3312;60;1590;1624;3247;1310;264;3043;1053;1735;1070;3159;1141;2265;2115;2695;141;2418;3008;686;219;2735",1770,0.188578568618301,0.165466256267713,0.165466256267713,7.15922551399347,TRUE,TRUE,
"06_UHGtBtCEoaUWRP","itt_fullspec_bn_employed_treat_HD","treat_HD",80,0.0451977401129944,"Decrease",0.0231123123505876,0.190485056385075,0.167372744034487,0.167372744034487,7.24171348567948,TRUE,,TRUE,"1441;632;1636;1051;1083;380;391;1442;1194;94;1616;1536;1124;223;363;1714;132;285;734;549;46;876;45;831;218;783;1527;446;1221;329;838;526;1702;107;168;1077;1157;370;1200;354;669;860;618;718;1022;1746;788;1472;1248;333;1090;40;1504;1142;1239;462;1619;1125;29;777;794;1587;639;127;1486;513;849;521;1544;556;1108;1035;1316;69;1183;1469;334;105;1336;545","2950;1296;3346;2148;2214;780;803;2952;2440;195;3306;3143;2298;459;745;3504;274;586;1502;1126;94;1791;92;1698;449;1602;3125;916;2496;676;1712;1080;3480;223;348;2202;2365;759;2452;727;1371;1758;1268;1470;2087;3569;1612;3014;2554;684;2228;82;3079;2335;2533;949;3312;2300;60;1590;1624;3247;1310;264;3043;1053;1735;1070;3159;1141;2265;2115;2695;141;2418;3008;686;219;2735;1118",1770,0.190485056385075,0.167372744034487,0.167372744034487,7.24171348567948,TRUE,TRUE,
"06_UHGtBtCEoaUWRP","itt_fullspec_bn_employed_treat_HD","treat_HD",81,0.0457627118644068,"Decrease",0.0231123123505876,0.192388742391493,0.169276430040906,0.169276430040906,7.32408023365096,TRUE,,TRUE,"1441;632;1636;1051;1083;380;391;1442;1194;94;1616;1536;1124;223;363;1714;132;285;734;549;46;876;45;831;218;783;1527;446;1221;329;838;526;1702;107;168;1077;1157;370;1200;354;669;860;618;718;1022;1746;788;1472;1248;333;1090;40;1504;1142;1239;462;1619;1125;29;777;794;1587;639;127;1486;513;849;521;1544;556;1108;1316;1035;69;1183;1469;334;105;1336;545;1561","2950;1296;3346;2148;2214;780;803;2952;2440;195;3306;3143;2298;459;745;3504;274;586;1502;1126;94;1791;92;1698;449;1602;3125;916;2496;676;1712;1080;3480;223;348;2202;2365;759;2452;727;1371;1758;1268;1470;2087;3569;1612;3014;2554;684;2228;82;3079;2335;2533;949;3312;2300;60;1590;1624;3247;1310;264;3043;1053;1735;1070;3159;1141;2265;2695;2115;141;2418;3008;686;219;2735;1118;3193",1770,0.192388742391493,0.169276430040906,0.169276430040906,7.32408023365096,TRUE,TRUE,
"06_UHGtBtCEoaUWRP","itt_fullspec_bn_employed_treat_HD","treat_HD",82,0.0463276836158192,"Decrease",0.0231123123505876,0.19447706200852,0.171364749657932,0.171364749657932,7.41443552070961,TRUE,,TRUE,"1441;632;1636;1051;1083;380;391;1442;1194;94;1616;1536;1124;363;223;1714;132;285;734;549;46;876;45;831;218;783;1527;446;1221;329;838;526;1702;107;168;1077;1157;370;1200;354;669;860;618;718;1022;1746;788;1472;1248;333;1090;40;1504;1142;1239;462;1619;1125;29;777;794;1587;639;127;1486;513;849;521;1544;556;1316;1035;1108;69;1183;1469;334;105;545;1336;1561;845","2950;1296;3346;2148;2214;780;803;2952;2440;195;3306;3143;2298;745;459;3504;274;586;1502;1126;94;1791;92;1698;449;1602;3125;916;2496;676;1712;1080;3480;223;348;2202;2365;759;2452;727;1371;1758;1268;1470;2087;3569;1612;3014;2554;684;2228;82;3079;2335;2533;949;3312;2300;60;1590;1624;3247;1310;264;3043;1053;1735;1070;3159;1141;2695;2115;2265;141;2418;3008;686;219;1118;2735;3193;1726",1770,0.19447706200852,0.171364749657932,0.171364749657932,7.41443552070961,TRUE,TRUE,
"06_UHGtBtCEoaUWRP","itt_fullspec_bn_employed_treat_HD","treat_HD",83,0.0468926553672316,"Decrease",0.0231123123505876,0.196558798721552,0.173446486370964,0.173446486370964,7.50450598538032,TRUE,,TRUE,"1441;632;1636;1051;1083;380;391;1442;1194;94;1616;1536;1124;363;223;1714;132;285;734;549;46;45;876;831;218;783;1527;446;1221;329;838;526;1702;107;168;1077;370;1157;1200;354;669;860;618;718;1022;1746;788;1472;1248;333;1090;40;1504;1142;1239;462;1619;1125;29;777;794;1587;639;127;1486;513;849;521;1544;556;1316;1035;1108;69;1183;1469;334;105;545;1336;1561;845;296","2950;1296;3346;2148;2214;780;803;2952;2440;195;3306;3143;2298;745;459;3504;274;586;1502;1126;94;92;1791;1698;449;1602;3125;916;2496;676;1712;1080;3480;223;348;2202;759;2365;2452;727;1371;1758;1268;1470;2087;3569;1612;3014;2554;684;2228;82;3079;2335;2533;949;3312;2300;60;1590;1624;3247;1310;264;3043;1053;1735;1070;3159;1141;2695;2115;2265;141;2418;3008;686;219;1118;2735;3193;1726;608",1770,0.196558798721552,0.173446486370964,0.173446486370964,7.50450598538032,TRUE,TRUE,
"06_UHGtBtCEoaUWRP","itt_fullspec_bn_employed_treat_HD","treat_HD",84,0.0474576271186441,"Decrease",0.0231123123505876,0.198784181833877,0.17567186948329,0.17567186948329,7.60079159620838,TRUE,,TRUE,"1441;632;1636;1051;1083;380;391;1442;1194;94;1616;1536;1124;363;223;1714;132;285;734;549;46;45;876;831;218;783;1527;446;1221;329;838;526;1702;107;168;1077;370;1157;1200;354;860;669;618;718;1022;1746;788;1472;1248;333;1090;40;1504;1142;1239;462;1619;1125;29;777;1587;794;639;127;1486;513;849;521;1544;556;1316;1035;1108;69;1183;1469;334;105;545;1336;845;1561;296;1323","2950;1296;3346;2148;2214;780;803;2952;2440;195;3306;3143;2298;745;459;3504;274;586;1502;1126;94;92;1791;1698;449;1602;3125;916;2496;676;1712;1080;3480;223;348;2202;759;2365;2452;727;1758;1371;1268;1470;2087;3569;1612;3014;2554;684;2228;82;3079;2335;2533;949;3312;2300;60;1590;3247;1624;1310;264;3043;1053;1735;1070;3159;1141;2695;2115;2265;141;2418;3008;686;219;1118;2735;1726;3193;608;2709",1770,0.198784181833877,0.17567186948329,0.17567186948329,7.60079159620838,TRUE,TRUE,
"06_UHGtBtCEoaUWRP","itt_fullspec_bn_employed_treat_HD","treat_HD",85,0.0480225988700565,"Decrease",0.0231123123505876,0.200234258598877,0.177121946248289,0.177121946248289,7.66353204134445,TRUE,,TRUE,"1441;632;1636;1051;1083;380;391;1442;1194;94;1616;1536;1124;363;223;1714;132;285;734;549;46;45;876;831;218;783;1527;446;1221;329;838;526;1702;107;168;1077;370;1157;1200;354;860;669;618;718;1022;1746;788;1472;1248;333;1090;40;1504;1142;1239;462;1619;1125;29;777;1587;794;639;127;1486;513;849;521;1544;556;1316;1035;1108;69;1183;1469;334;105;545;1336;845;296;1561;1282;1323","2950;1296;3346;2148;2214;780;803;2952;2440;195;3306;3143;2298;745;459;3504;274;586;1502;1126;94;92;1791;1698;449;1602;3125;916;2496;676;1712;1080;3480;223;348;2202;759;2365;2452;727;1758;1371;1268;1470;2087;3569;1612;3014;2554;684;2228;82;3079;2335;2533;949;3312;2300;60;1590;3247;1624;1310;264;3043;1053;1735;1070;3159;1141;2695;2115;2265;141;2418;3008;686;219;1118;2735;1726;608;3193;2624;2709",1770,0.200234258598877,0.177121946248289,0.177121946248289,7.66353204134445,TRUE,TRUE,
"06_UHGtBtCEoaUWRP","itt_fullspec_bn_employed_treat_HD","treat_HD",86,0.0485875706214689,"Decrease",0.0231123123505876,0.20241814259858,0.179305830247993,0.179305830247993,7.75802211081808,TRUE,,TRUE,"1441;632;1636;1051;1083;380;391;1442;1194;94;1616;1536;1124;363;223;1714;132;285;734;549;46;45;876;831;218;783;1527;446;1221;329;838;526;1702;107;168;1077;370;1157;1200;354;860;669;618;718;1022;1746;788;1472;1248;333;1090;40;1504;1142;1239;1619;462;1125;29;777;1587;794;639;127;1486;513;521;849;1544;556;1316;1035;1108;69;1469;1183;334;105;545;1336;845;296;1561;1282;1323;9","2950;1296;3346;2148;2214;780;803;2952;2440;195;3306;3143;2298;745;459;3504;274;586;1502;1126;94;92;1791;1698;449;1602;3125;916;2496;676;1712;1080;3480;223;348;2202;759;2365;2452;727;1758;1371;1268;1470;2087;3569;1612;3014;2554;684;2228;82;3079;2335;2533;3312;949;2300;60;1590;3247;1624;1310;264;3043;1053;1070;1735;3159;1141;2695;2115;2265;141;3008;2418;686;219;1118;2735;1726;608;3193;2624;2709;18",1770,0.20241814259858,0.179305830247993,0.179305830247993,7.75802211081808,TRUE,TRUE,
"06_UHGtBtCEoaUWRP","itt_fullspec_bn_employed_treat_HD","treat_HD",87,0.0491525423728814,"Decrease",0.0231123123505876,0.204692876473946,0.181580564123358,0.181580564123358,7.85644298021705,TRUE,,TRUE,"1441;632;1636;1051;1083;380;391;1442;1194;94;1616;1536;1124;363;223;1714;132;285;734;549;46;45;876;831;218;783;1527;446;1221;329;526;838;1702;107;1077;168;370;1157;1200;354;860;669;618;718;1022;1746;788;1472;1248;333;1090;40;1504;1142;1239;1619;462;1125;29;1587;777;794;639;127;1486;521;513;849;1544;556;1316;1035;1108;69;1469;1183;334;105;545;1336;845;296;1561;1282;1323;9;1500","2950;1296;3346;2148;2214;780;803;2952;2440;195;3306;3143;2298;745;459;3504;274;586;1502;1126;94;92;1791;1698;449;1602;3125;916;2496;676;1080;1712;3480;223;2202;348;759;2365;2452;727;1758;1371;1268;1470;2087;3569;1612;3014;2554;684;2228;82;3079;2335;2533;3312;949;2300;60;3247;1590;1624;1310;264;3043;1070;1053;1735;3159;1141;2695;2115;2265;141;3008;2418;686;219;1118;2735;1726;608;3193;2624;2709;18;3071",1770,0.204692876473946,0.181580564123358,0.181580564123358,7.85644298021705,TRUE,TRUE,
"06_UHGtBtCEoaUWRP","itt_fullspec_bn_employed_treat_HD","treat_HD",88,0.0497175141242938,"Decrease",0.0231123123505876,0.206657291148882,0.183544978798295,0.183544978798295,7.94143727438973,TRUE,,TRUE,"1441;632;1636;1051;1083;380;391;1442;1194;94;1616;1536;1124;363;223;1714;132;285;734;549;45;46;876;831;218;783;1527;446;1221;329;526;838;1702;107;1077;168;370;1157;1200;354;860;669;618;718;1022;788;1746;1472;1248;333;1090;40;1504;1142;1239;1619;462;1125;29;1587;777;794;639;127;1486;521;513;849;1544;556;1316;1035;1108;69;1469;1183;334;105;545;1336;845;296;1282;1561;1323;9;1500;924","2950;1296;3346;2148;2214;780;803;2952;2440;195;3306;3143;2298;745;459;3504;274;586;1502;1126;92;94;1791;1698;449;1602;3125;916;2496;676;1080;1712;3480;223;2202;348;759;2365;2452;727;1758;1371;1268;1470;2087;1612;3569;3014;2554;684;2228;82;3079;2335;2533;3312;949;2300;60;3247;1590;1624;1310;264;3043;1070;1053;1735;3159;1141;2695;2115;2265;141;3008;2418;686;219;1118;2735;1726;608;2624;3193;2709;18;3071;1887",1770,0.206657291148882,0.183544978798295,0.183544978798295,7.94143727438973,TRUE,TRUE,
