"study_id","estimand_id","target","k","removal_fraction","direction","position","observation_id","model_row_position"
"06_UHGtBtCEoaUWRP","itt_fullspec_bn_employed_treat_HD","treat_HD",1,0.000564971751412429,"Increase",1441,2950,1441
"06_UHGtBtCEoaUWRP","itt_fullspec_bn_employed_treat_HD","treat_HD",2,0.00112994350282486,"Increase",1441,2950,1441
"06_UHGtBtCEoaUWRP","itt_fullspec_bn_employed_treat_HD","treat_HD",2,0.00112994350282486,"Increase",632,1296,632
"06_UHGtBtCEoaUWRP","itt_fullspec_bn_employed_treat_HD","treat_HD",3,0.00169491525423729,"Increase",1441,2950,1441
"06_UHGtBtCEoaUWRP","itt_fullspec_bn_employed_treat_HD","treat_HD",3,0.00169491525423729,"Increase",632,1296,632
"06_UHGtBtCEoaUWRP","itt_fullspec_bn_employed_treat_HD","treat_HD",3,0.00169491525423729,"Increase",1051,2148,1051
"06_UHGtBtCEoaUWRP","itt_fullspec_bn_employed_treat_HD","treat_HD",4,0.00225988700564972,"Increase",1441,2950,1441
"06_UHGtBtCEoaUWRP","itt_fullspec_bn_employed_treat_HD","treat_HD",4,0.00225988700564972,"Increase",632,1296,632
"06_UHGtBtCEoaUWRP","itt_fullspec_bn_employed_treat_HD","treat_HD",4,0.00225988700564972,"Increase",1051,2148,1051
"06_UHGtBtCEoaUWRP","itt_fullspec_bn_employed_treat_HD","treat_HD",4,0.00225988700564972,"Increase",1636,3346,1636
"06_UHGtBtCEoaUWRP","itt_fullspec_bn_employed_treat_HD","treat_HD",5,0.00282485875706215,"Increase",1441,2950,1441
"06_UHGtBtCEoaUWRP","itt_fullspec_bn_employed_treat_HD","treat_HD",5,0.00282485875706215,"Increase",632,1296,632
"06_UHGtBtCEoaUWRP","itt_fullspec_bn_employed_treat_HD","treat_HD",5,0.00282485875706215,"Increase",1051,2148,1051
"06_UHGtBtCEoaUWRP","itt_fullspec_bn_employed_treat_HD","treat_HD",5,0.00282485875706215,"Increase",1636,3346,1636
"06_UHGtBtCEoaUWRP","itt_fullspec_bn_employed_treat_HD","treat_HD",5,0.00282485875706215,"Increase",1083,2214,1083
"06_UHGtBtCEoaUWRP","itt_fullspec_bn_employed_treat_HD","treat_HD",6,0.00338983050847458,"Increase",1441,2950,1441
"06_UHGtBtCEoaUWRP","itt_fullspec_bn_employed_treat_HD","treat_HD",6,0.00338983050847458,"Increase",632,1296,632
"06_UHGtBtCEoaUWRP","itt_fullspec_bn_employed_treat_HD","treat_HD",6,0.00338983050847458,"Increase",1051,2148,1051
"06_UHGtBtCEoaUWRP","itt_fullspec_bn_employed_treat_HD","treat_HD",6,0.00338983050847458,"Increase",1636,3346,1636
"06_UHGtBtCEoaUWRP","itt_fullspec_bn_employed_treat_HD","treat_HD",6,0.00338983050847458,"Increase",1083,2214,1083
"06_UHGtBtCEoaUWRP","itt_fullspec_bn_employed_treat_HD","treat_HD",6,0.00338983050847458,"Increase",380,780,380
"06_UHGtBtCEoaUWRP","itt_fullspec_bn_employed_treat_HD","treat_HD",7,0.00395480225988701,"Increase",1441,2950,1441
"06_UHGtBtCEoaUWRP","itt_fullspec_bn_employed_treat_HD","treat_HD",7,0.00395480225988701,"Increase",632,1296,632
"06_UHGtBtCEoaUWRP","itt_fullspec_bn_employed_treat_HD","treat_HD",7,0.00395480225988701,"Increase",1051,2148,1051
"06_UHGtBtCEoaUWRP","itt_fullspec_bn_employed_treat_HD","treat_HD",7,0.00395480225988701,"Increase",1636,3346,1636
"06_UHGtBtCEoaUWRP","itt_fullspec_bn_employed_treat_HD","treat_HD",7,0.00395480225988701,"Increase",1083,2214,1083
"06_UHGtBtCEoaUWRP","itt_fullspec_bn_employed_treat_HD","treat_HD",7,0.00395480225988701,"Increase",380,780,380
"06_UHGtBtCEoaUWRP","itt_fullspec_bn_employed_treat_HD","treat_HD",7,0.00395480225988701,"Increase",1194,2440,1194
"06_UHGtBtCEoaUWRP","itt_fullspec_bn_employed_treat_HD","treat_HD",8,0.00451977401129944,"Increase",1441,2950,1441
"06_UHGtBtCEoaUWRP","itt_fullspec_bn_employed_treat_HD","treat_HD",8,0.00451977401129944,"Increase",632,1296,632
"06_UHGtBtCEoaUWRP","itt_fullspec_bn_employed_treat_HD","treat_HD",8,0.00451977401129944,"Increase",1051,2148,1051
"06_UHGtBtCEoaUWRP","itt_fullspec_bn_employed_treat_HD","treat_HD",8,0.00451977401129944,"Increase",1636,3346,1636
"06_UHGtBtCEoaUWRP","itt_fullspec_bn_employed_treat_HD","treat_HD",8,0.00451977401129944,"Increase",1083,2214,1083
"06_UHGtBtCEoaUWRP","itt_fullspec_bn_employed_treat_HD","treat_HD",8,0.00451977401129944,"Increase",380,780,380
"06_UHGtBtCEoaUWRP","itt_fullspec_bn_employed_treat_HD","treat_HD",8,0.00451977401129944,"Increase",1194,2440,1194
"06_UHGtBtCEoaUWRP","itt_fullspec_bn_employed_treat_HD","treat_HD",8,0.00451977401129944,"Increase",1442,2952,1442
"06_UHGtBtCEoaUWRP","itt_fullspec_bn_employed_treat_HD","treat_HD",9,0.00508474576271186,"Increase",1441,2950,1441
"06_UHGtBtCEoaUWRP","itt_fullspec_bn_employed_treat_HD","treat_HD",9,0.00508474576271186,"Increase",632,1296,632
"06_UHGtBtCEoaUWRP","itt_fullspec_bn_employed_treat_HD","treat_HD",9,0.00508474576271186,"Increase",1051,2148,1051
"06_UHGtBtCEoaUWRP","itt_fullspec_bn_employed_treat_HD","treat_HD",9,0.00508474576271186,"Increase",1636,3346,1636
"06_UHGtBtCEoaUWRP","itt_fullspec_bn_employed_treat_HD","treat_HD",9,0.00508474576271186,"Increase",1083,2214,1083
"06_UHGtBtCEoaUWRP","itt_fullspec_bn_employed_treat_HD","treat_HD",9,0.00508474576271186,"Increase",380,780,380
"06_UHGtBtCEoaUWRP","itt_fullspec_bn_employed_treat_HD","treat_HD",9,0.00508474576271186,"Increase",1194,2440,1194
"06_UHGtBtCEoaUWRP","itt_fullspec_bn_employed_treat_HD","treat_HD",9,0.00508474576271186,"Increase",1442,2952,1442
"06_UHGtBtCEoaUWRP","itt_fullspec_bn_employed_treat_HD","treat_HD",9,0.00508474576271186,"Increase",391,803,391
"06_UHGtBtCEoaUWRP","itt_fullspec_bn_employed_treat_HD","treat_HD",10,0.00564971751412429,"Increase",1441,2950,1441
"06_UHGtBtCEoaUWRP","itt_fullspec_bn_employed_treat_HD","treat_HD",10,0.00564971751412429,"Increase",632,1296,632
"06_UHGtBtCEoaUWRP","itt_fullspec_bn_employed_treat_HD","treat_HD",10,0.00564971751412429,"Increase",1051,2148,1051
"06_UHGtBtCEoaUWRP","itt_fullspec_bn_employed_treat_HD","treat_HD",10,0.00564971751412429,"Increase",1636,3346,1636
"06_UHGtBtCEoaUWRP","itt_fullspec_bn_employed_treat_HD","treat_HD",10,0.00564971751412429,"Increase",1083,2214,1083
"06_UHGtBtCEoaUWRP","itt_fullspec_bn_employed_treat_HD","treat_HD",10,0.00564971751412429,"Increase",380,780,380
"06_UHGtBtCEoaUWRP","itt_fullspec_bn_employed_treat_HD","treat_HD",10,0.00564971751412429,"Increase",1194,2440,1194
"06_UHGtBtCEoaUWRP","itt_fullspec_bn_employed_treat_HD","treat_HD",10,0.00564971751412429,"Increase",1442,2952,1442
"06_UHGtBtCEoaUWRP","itt_fullspec_bn_employed_treat_HD","treat_HD",10,0.00564971751412429,"Increase",391,803,391
"06_UHGtBtCEoaUWRP","itt_fullspec_bn_employed_treat_HD","treat_HD",10,0.00564971751412429,"Increase",94,195,94
"06_UHGtBtCEoaUWRP","itt_fullspec_bn_employed_treat_HD","treat_HD",11,0.00621468926553672,"Increase",1441,2950,1441
"06_UHGtBtCEoaUWRP","itt_fullspec_bn_employed_treat_HD","treat_HD",11,0.00621468926553672,"Increase",632,1296,632
"06_UHGtBtCEoaUWRP","itt_fullspec_bn_employed_treat_HD","treat_HD",11,0.00621468926553672,"Increase",1051,2148,1051
"06_UHGtBtCEoaUWRP","itt_fullspec_bn_employed_treat_HD","treat_HD",11,0.00621468926553672,"Increase",1636,3346,1636
"06_UHGtBtCEoaUWRP","itt_fullspec_bn_employed_treat_HD","treat_HD",11,0.00621468926553672,"Increase",1083,2214,1083
"06_UHGtBtCEoaUWRP","itt_fullspec_bn_employed_treat_HD","treat_HD",11,0.00621468926553672,"Increase",380,780,380
"06_UHGtBtCEoaUWRP","itt_fullspec_bn_employed_treat_HD","treat_HD",11,0.00621468926553672,"Increase",1194,2440,1194
"06_UHGtBtCEoaUWRP","itt_fullspec_bn_employed_treat_HD","treat_HD",11,0.00621468926553672,"Increase",1442,2952,1442
"06_UHGtBtCEoaUWRP","itt_fullspec_bn_employed_treat_HD","treat_HD",11,0.00621468926553672,"Increase",391,803,391
"06_UHGtBtCEoaUWRP","itt_fullspec_bn_employed_treat_HD","treat_HD",11,0.00621468926553672,"Increase",94,195,94
"06_UHGtBtCEoaUWRP","itt_fullspec_bn_employed_treat_HD","treat_HD",11,0.00621468926553672,"Increase",1616,3306,1616
"06_UHGtBtCEoaUWRP","itt_fullspec_bn_employed_treat_HD","treat_HD",12,0.00677966101694915,"Increase",1441,2950,1441
"06_UHGtBtCEoaUWRP","itt_fullspec_bn_employed_treat_HD","treat_HD",12,0.00677966101694915,"Increase",632,1296,632
"06_UHGtBtCEoaUWRP","itt_fullspec_bn_employed_treat_HD","treat_HD",12,0.00677966101694915,"Increase",1051,2148,1051
"06_UHGtBtCEoaUWRP","itt_fullspec_bn_employed_treat_HD","treat_HD",12,0.00677966101694915,"Increase",1636,3346,1636
"06_UHGtBtCEoaUWRP","itt_fullspec_bn_employed_treat_HD","treat_HD",12,0.00677966101694915,"Increase",1083,2214,1083
"06_UHGtBtCEoaUWRP","itt_fullspec_bn_employed_treat_HD","treat_HD",12,0.00677966101694915,"Increase",380,780,380
"06_UHGtBtCEoaUWRP","itt_fullspec_bn_employed_treat_HD","treat_HD",12,0.00677966101694915,"Increase",1194,2440,1194
"06_UHGtBtCEoaUWRP","itt_fullspec_bn_employed_treat_HD","treat_HD",12,0.00677966101694915,"Increase",1442,2952,1442
"06_UHGtBtCEoaUWRP","itt_fullspec_bn_employed_treat_HD","treat_HD",12,0.00677966101694915,"Increase",391,803,391
"06_UHGtBtCEoaUWRP","itt_fullspec_bn_employed_treat_HD","treat_HD",12,0.00677966101694915,"Increase",94,195,94
"06_UHGtBtCEoaUWRP","itt_fullspec_bn_employed_treat_HD","treat_HD",12,0.00677966101694915,"Increase",1616,3306,1616
"06_UHGtBtCEoaUWRP","itt_fullspec_bn_employed_treat_HD","treat_HD",12,0.00677966101694915,"Increase",1124,2298,1124
"06_UHGtBtCEoaUWRP","itt_fullspec_bn_employed_treat_HD","treat_HD",13,0.00734463276836158,"Increase",1441,2950,1441
"06_UHGtBtCEoaUWRP","itt_fullspec_bn_employed_treat_HD","treat_HD",13,0.00734463276836158,"Increase",632,1296,632
"06_UHGtBtCEoaUWRP","itt_fullspec_bn_employed_treat_HD","treat_HD",13,0.00734463276836158,"Increase",1051,2148,1051
"06_UHGtBtCEoaUWRP","itt_fullspec_bn_employed_treat_HD","treat_HD",13,0.00734463276836158,"Increase",1636,3346,1636
"06_UHGtBtCEoaUWRP","itt_fullspec_bn_employed_treat_HD","treat_HD",13,0.00734463276836158,"Increase",1083,2214,1083
"06_UHGtBtCEoaUWRP","itt_fullspec_bn_employed_treat_HD","treat_HD",13,0.00734463276836158,"Increase",380,780,380
"06_UHGtBtCEoaUWRP","itt_fullspec_bn_employed_treat_HD","treat_HD",13,0.00734463276836158,"Increase",1194,2440,1194
"06_UHGtBtCEoaUWRP","itt_fullspec_bn_employed_treat_HD","treat_HD",13,0.00734463276836158,"Increase",1442,2952,1442
"06_UHGtBtCEoaUWRP","itt_fullspec_bn_employed_treat_HD","treat_HD",13,0.00734463276836158,"Increase",391,803,391
"06_UHGtBtCEoaUWRP","itt_fullspec_bn_employed_treat_HD","treat_HD",13,0.00734463276836158,"Increase",94,195,94
"06_UHGtBtCEoaUWRP","itt_fullspec_bn_employed_treat_HD","treat_HD",13,0.00734463276836158,"Increase",1616,3306,1616
"06_UHGtBtCEoaUWRP","itt_fullspec_bn_employed_treat_HD","treat_HD",13,0.00734463276836158,"Increase",1124,2298,1124
"06_UHGtBtCEoaUWRP","itt_fullspec_bn_employed_treat_HD","treat_HD",13,0.00734463276836158,"Increase",223,459,223
"06_UHGtBtCEoaUWRP","itt_fullspec_bn_employed_treat_HD","treat_HD",14,0.00790960451977401,"Increase",1441,2950,1441
"06_UHGtBtCEoaUWRP","itt_fullspec_bn_employed_treat_HD","treat_HD",14,0.00790960451977401,"Increase",632,1296,632
"06_UHGtBtCEoaUWRP","itt_fullspec_bn_employed_treat_HD","treat_HD",14,0.00790960451977401,"Increase",1051,2148,1051
"06_UHGtBtCEoaUWRP","itt_fullspec_bn_employed_treat_HD","treat_HD",14,0.00790960451977401,"Increase",1636,3346,1636
"06_UHGtBtCEoaUWRP","itt_fullspec_bn_employed_treat_HD","treat_HD",14,0.00790960451977401,"Increase",1083,2214,1083
"06_UHGtBtCEoaUWRP","itt_fullspec_bn_employed_treat_HD","treat_HD",14,0.00790960451977401,"Increase",380,780,380
"06_UHGtBtCEoaUWRP","itt_fullspec_bn_employed_treat_HD","treat_HD",14,0.00790960451977401,"Increase",1442,2952,1442
"06_UHGtBtCEoaUWRP","itt_fullspec_bn_employed_treat_HD","treat_HD",14,0.00790960451977401,"Increase",1194,2440,1194
"06_UHGtBtCEoaUWRP","itt_fullspec_bn_employed_treat_HD","treat_HD",14,0.00790960451977401,"Increase",391,803,391
"06_UHGtBtCEoaUWRP","itt_fullspec_bn_employed_treat_HD","treat_HD",14,0.00790960451977401,"Increase",94,195,94
"06_UHGtBtCEoaUWRP","itt_fullspec_bn_employed_treat_HD","treat_HD",14,0.00790960451977401,"Increase",1616,3306,1616
"06_UHGtBtCEoaUWRP","itt_fullspec_bn_employed_treat_HD","treat_HD",14,0.00790960451977401,"Increase",1124,2298,1124
"06_UHGtBtCEoaUWRP","itt_fullspec_bn_employed_treat_HD","treat_HD",14,0.00790960451977401,"Increase",223,459,223
"06_UHGtBtCEoaUWRP","itt_fullspec_bn_employed_treat_HD","treat_HD",14,0.00790960451977401,"Increase",363,745,363
"06_UHGtBtCEoaUWRP","itt_fullspec_bn_employed_treat_HD","treat_HD",15,0.00847457627118644,"Increase",1441,2950,1441
"06_UHGtBtCEoaUWRP","itt_fullspec_bn_employed_treat_HD","treat_HD",15,0.00847457627118644,"Increase",632,1296,632
"06_UHGtBtCEoaUWRP","itt_fullspec_bn_employed_treat_HD","treat_HD",15,0.00847457627118644,"Increase",1051,2148,1051
"06_UHGtBtCEoaUWRP","itt_fullspec_bn_employed_treat_HD","treat_HD",15,0.00847457627118644,"Increase",1636,3346,1636
"06_UHGtBtCEoaUWRP","itt_fullspec_bn_employed_treat_HD","treat_HD",15,0.00847457627118644,"Increase",1083,2214,1083
"06_UHGtBtCEoaUWRP","itt_fullspec_bn_employed_treat_HD","treat_HD",15,0.00847457627118644,"Increase",380,780,380
"06_UHGtBtCEoaUWRP","itt_fullspec_bn_employed_treat_HD","treat_HD",15,0.00847457627118644,"Increase",1442,2952,1442
"06_UHGtBtCEoaUWRP","itt_fullspec_bn_employed_treat_HD","treat_HD",15,0.00847457627118644,"Increase",1194,2440,1194
"06_UHGtBtCEoaUWRP","itt_fullspec_bn_employed_treat_HD","treat_HD",15,0.00847457627118644,"Increase",391,803,391
"06_UHGtBtCEoaUWRP","itt_fullspec_bn_employed_treat_HD","treat_HD",15,0.00847457627118644,"Increase",94,195,94
"06_UHGtBtCEoaUWRP","itt_fullspec_bn_employed_treat_HD","treat_HD",15,0.00847457627118644,"Increase",1616,3306,1616
"06_UHGtBtCEoaUWRP","itt_fullspec_bn_employed_treat_HD","treat_HD",15,0.00847457627118644,"Increase",1124,2298,1124
"06_UHGtBtCEoaUWRP","itt_fullspec_bn_employed_treat_HD","treat_HD",15,0.00847457627118644,"Increase",223,459,223
"06_UHGtBtCEoaUWRP","itt_fullspec_bn_employed_treat_HD","treat_HD",15,0.00847457627118644,"Increase",363,745,363
"06_UHGtBtCEoaUWRP","itt_fullspec_bn_employed_treat_HD","treat_HD",15,0.00847457627118644,"Increase",549,1126,549
"06_UHGtBtCEoaUWRP","itt_fullspec_bn_employed_treat_HD","treat_HD",16,0.00903954802259887,"Increase",1441,2950,1441
"06_UHGtBtCEoaUWRP","itt_fullspec_bn_employed_treat_HD","treat_HD",16,0.00903954802259887,"Increase",632,1296,632
"06_UHGtBtCEoaUWRP","itt_fullspec_bn_employed_treat_HD","treat_HD",16,0.00903954802259887,"Increase",1051,2148,1051
"06_UHGtBtCEoaUWRP","itt_fullspec_bn_employed_treat_HD","treat_HD",16,0.00903954802259887,"Increase",1636,3346,1636
"06_UHGtBtCEoaUWRP","itt_fullspec_bn_employed_treat_HD","treat_HD",16,0.00903954802259887,"Increase",1083,2214,1083
"06_UHGtBtCEoaUWRP","itt_fullspec_bn_employed_treat_HD","treat_HD",16,0.00903954802259887,"Increase",380,780,380
"06_UHGtBtCEoaUWRP","itt_fullspec_bn_employed_treat_HD","treat_HD",16,0.00903954802259887,"Increase",1442,2952,1442
"06_UHGtBtCEoaUWRP","itt_fullspec_bn_employed_treat_HD","treat_HD",16,0.00903954802259887,"Increase",1194,2440,1194
"06_UHGtBtCEoaUWRP","itt_fullspec_bn_employed_treat_HD","treat_HD",16,0.00903954802259887,"Increase",391,803,391
"06_UHGtBtCEoaUWRP","itt_fullspec_bn_employed_treat_HD","treat_HD",16,0.00903954802259887,"Increase",94,195,94
"06_UHGtBtCEoaUWRP","itt_fullspec_bn_employed_treat_HD","treat_HD",16,0.00903954802259887,"Increase",1616,3306,1616
"06_UHGtBtCEoaUWRP","itt_fullspec_bn_employed_treat_HD","treat_HD",16,0.00903954802259887,"Increase",1124,2298,1124
"06_UHGtBtCEoaUWRP","itt_fullspec_bn_employed_treat_HD","treat_HD",16,0.00903954802259887,"Increase",223,459,223
"06_UHGtBtCEoaUWRP","itt_fullspec_bn_employed_treat_HD","treat_HD",16,0.00903954802259887,"Increase",363,745,363
"06_UHGtBtCEoaUWRP","itt_fullspec_bn_employed_treat_HD","treat_HD",16,0.00903954802259887,"Increase",549,1126,549
"06_UHGtBtCEoaUWRP","itt_fullspec_bn_employed_treat_HD","treat_HD",16,0.00903954802259887,"Increase",46,94,46
"06_UHGtBtCEoaUWRP","itt_fullspec_bn_employed_treat_HD","treat_HD",17,0.0096045197740113,"Increase",1441,2950,1441
"06_UHGtBtCEoaUWRP","itt_fullspec_bn_employed_treat_HD","treat_HD",17,0.0096045197740113,"Increase",632,1296,632
"06_UHGtBtCEoaUWRP","itt_fullspec_bn_employed_treat_HD","treat_HD",17,0.0096045197740113,"Increase",1051,2148,1051
"06_UHGtBtCEoaUWRP","itt_fullspec_bn_employed_treat_HD","treat_HD",17,0.0096045197740113,"Increase",1636,3346,1636
"06_UHGtBtCEoaUWRP","itt_fullspec_bn_employed_treat_HD","treat_HD",17,0.0096045197740113,"Increase",1083,2214,1083
"06_UHGtBtCEoaUWRP","itt_fullspec_bn_employed_treat_HD","treat_HD",17,0.0096045197740113,"Increase",380,780,380
"06_UHGtBtCEoaUWRP","itt_fullspec_bn_employed_treat_HD","treat_HD",17,0.0096045197740113,"Increase",1442,2952,1442
"06_UHGtBtCEoaUWRP","itt_fullspec_bn_employed_treat_HD","treat_HD",17,0.0096045197740113,"Increase",1194,2440,1194
"06_UHGtBtCEoaUWRP","itt_fullspec_bn_employed_treat_HD","treat_HD",17,0.0096045197740113,"Increase",391,803,391
"06_UHGtBtCEoaUWRP","itt_fullspec_bn_employed_treat_HD","treat_HD",17,0.0096045197740113,"Increase",94,195,94
"06_UHGtBtCEoaUWRP","itt_fullspec_bn_employed_treat_HD","treat_HD",17,0.0096045197740113,"Increase",1616,3306,1616
"06_UHGtBtCEoaUWRP","itt_fullspec_bn_employed_treat_HD","treat_HD",17,0.0096045197740113,"Increase",1124,2298,1124
"06_UHGtBtCEoaUWRP","itt_fullspec_bn_employed_treat_HD","treat_HD",17,0.0096045197740113,"Increase",223,459,223
"06_UHGtBtCEoaUWRP","itt_fullspec_bn_employed_treat_HD","treat_HD",17,0.0096045197740113,"Increase",363,745,363
"06_UHGtBtCEoaUWRP","itt_fullspec_bn_employed_treat_HD","treat_HD",17,0.0096045197740113,"Increase",549,1126,549
"06_UHGtBtCEoaUWRP","itt_fullspec_bn_employed_treat_HD","treat_HD",17,0.0096045197740113,"Increase",46,94,46
"06_UHGtBtCEoaUWRP","itt_fullspec_bn_employed_treat_HD","treat_HD",17,0.0096045197740113,"Increase",1536,3143,1536
"06_UHGtBtCEoaUWRP","itt_fullspec_bn_employed_treat_HD","treat_HD",18,0.0101694915254237,"Increase",1441,2950,1441
"06_UHGtBtCEoaUWRP","itt_fullspec_bn_employed_treat_HD","treat_HD",18,0.0101694915254237,"Increase",632,1296,632
"06_UHGtBtCEoaUWRP","itt_fullspec_bn_employed_treat_HD","treat_HD",18,0.0101694915254237,"Increase",1051,2148,1051
"06_UHGtBtCEoaUWRP","itt_fullspec_bn_employed_treat_HD","treat_HD",18,0.0101694915254237,"Increase",1636,3346,1636
"06_UHGtBtCEoaUWRP","itt_fullspec_bn_employed_treat_HD","treat_HD",18,0.0101694915254237,"Increase",1083,2214,1083
"06_UHGtBtCEoaUWRP","itt_fullspec_bn_employed_treat_HD","treat_HD",18,0.0101694915254237,"Increase",380,780,380
"06_UHGtBtCEoaUWRP","itt_fullspec_bn_employed_treat_HD","treat_HD",18,0.0101694915254237,"Increase",1442,2952,1442
"06_UHGtBtCEoaUWRP","itt_fullspec_bn_employed_treat_HD","treat_HD",18,0.0101694915254237,"Increase",1194,2440,1194
"06_UHGtBtCEoaUWRP","itt_fullspec_bn_employed_treat_HD","treat_HD",18,0.0101694915254237,"Increase",391,803,391
"06_UHGtBtCEoaUWRP","itt_fullspec_bn_employed_treat_HD","treat_HD",18,0.0101694915254237,"Increase",94,195,94
"06_UHGtBtCEoaUWRP","itt_fullspec_bn_employed_treat_HD","treat_HD",18,0.0101694915254237,"Increase",1616,3306,1616
"06_UHGtBtCEoaUWRP","itt_fullspec_bn_employed_treat_HD","treat_HD",18,0.0101694915254237,"Increase",1124,2298,1124
"06_UHGtBtCEoaUWRP","itt_fullspec_bn_employed_treat_HD","treat_HD",18,0.0101694915254237,"Increase",223,459,223
"06_UHGtBtCEoaUWRP","itt_fullspec_bn_employed_treat_HD","treat_HD",18,0.0101694915254237,"Increase",363,745,363
"06_UHGtBtCEoaUWRP","itt_fullspec_bn_employed_treat_HD","treat_HD",18,0.0101694915254237,"Increase",549,1126,549
"06_UHGtBtCEoaUWRP","itt_fullspec_bn_employed_treat_HD","treat_HD",18,0.0101694915254237,"Increase",46,94,46
"06_UHGtBtCEoaUWRP","itt_fullspec_bn_employed_treat_HD","treat_HD",18,0.0101694915254237,"Increase",1536,3143,1536
"06_UHGtBtCEoaUWRP","itt_fullspec_bn_employed_treat_HD","treat_HD",18,0.0101694915254237,"Increase",285,586,285
"06_UHGtBtCEoaUWRP","itt_fullspec_bn_employed_treat_HD","treat_HD",19,0.0107344632768362,"Increase",1441,2950,1441
"06_UHGtBtCEoaUWRP","itt_fullspec_bn_employed_treat_HD","treat_HD",19,0.0107344632768362,"Increase",632,1296,632
"06_UHGtBtCEoaUWRP","itt_fullspec_bn_employed_treat_HD","treat_HD",19,0.0107344632768362,"Increase",1051,2148,1051
"06_UHGtBtCEoaUWRP","itt_fullspec_bn_employed_treat_HD","treat_HD",19,0.0107344632768362,"Increase",1636,3346,1636
"06_UHGtBtCEoaUWRP","itt_fullspec_bn_employed_treat_HD","treat_HD",19,0.0107344632768362,"Increase",1083,2214,1083
"06_UHGtBtCEoaUWRP","itt_fullspec_bn_employed_treat_HD","treat_HD",19,0.0107344632768362,"Increase",380,780,380
"06_UHGtBtCEoaUWRP","itt_fullspec_bn_employed_treat_HD","treat_HD",19,0.0107344632768362,"Increase",1442,2952,1442
"06_UHGtBtCEoaUWRP","itt_fullspec_bn_employed_treat_HD","treat_HD",19,0.0107344632768362,"Increase",1194,2440,1194
"06_UHGtBtCEoaUWRP","itt_fullspec_bn_employed_treat_HD","treat_HD",19,0.0107344632768362,"Increase",391,803,391
"06_UHGtBtCEoaUWRP","itt_fullspec_bn_employed_treat_HD","treat_HD",19,0.0107344632768362,"Increase",94,195,94
"06_UHGtBtCEoaUWRP","itt_fullspec_bn_employed_treat_HD","treat_HD",19,0.0107344632768362,"Increase",1616,3306,1616
"06_UHGtBtCEoaUWRP","itt_fullspec_bn_employed_treat_HD","treat_HD",19,0.0107344632768362,"Increase",1124,2298,1124
"06_UHGtBtCEoaUWRP","itt_fullspec_bn_employed_treat_HD","treat_HD",19,0.0107344632768362,"Increase",223,459,223
"06_UHGtBtCEoaUWRP","itt_fullspec_bn_employed_treat_HD","treat_HD",19,0.0107344632768362,"Increase",363,745,363
"06_UHGtBtCEoaUWRP","itt_fullspec_bn_employed_treat_HD","treat_HD",19,0.0107344632768362,"Increase",549,1126,549
"06_UHGtBtCEoaUWRP","itt_fullspec_bn_employed_treat_HD","treat_HD",19,0.0107344632768362,"Increase",46,94,46
"06_UHGtBtCEoaUWRP","itt_fullspec_bn_employed_treat_HD","treat_HD",19,0.0107344632768362,"Increase",1536,3143,1536
"06_UHGtBtCEoaUWRP","itt_fullspec_bn_employed_treat_HD","treat_HD",19,0.0107344632768362,"Increase",285,586,285
"06_UHGtBtCEoaUWRP","itt_fullspec_bn_employed_treat_HD","treat_HD",19,0.0107344632768362,"Increase",1714,3504,1714
"06_UHGtBtCEoaUWRP","itt_fullspec_bn_employed_treat_HD","treat_HD",20,0.0112994350282486,"Increase",1441,2950,1441
"06_UHGtBtCEoaUWRP","itt_fullspec_bn_employed_treat_HD","treat_HD",20,0.0112994350282486,"Increase",632,1296,632
"06_UHGtBtCEoaUWRP","itt_fullspec_bn_employed_treat_HD","treat_HD",20,0.0112994350282486,"Increase",1051,2148,1051
"06_UHGtBtCEoaUWRP","itt_fullspec_bn_employed_treat_HD","treat_HD",20,0.0112994350282486,"Increase",1636,3346,1636
"06_UHGtBtCEoaUWRP","itt_fullspec_bn_employed_treat_HD","treat_HD",20,0.0112994350282486,"Increase",1083,2214,1083
"06_UHGtBtCEoaUWRP","itt_fullspec_bn_employed_treat_HD","treat_HD",20,0.0112994350282486,"Increase",380,780,380
"06_UHGtBtCEoaUWRP","itt_fullspec_bn_employed_treat_HD","treat_HD",20,0.0112994350282486,"Increase",1442,2952,1442
"06_UHGtBtCEoaUWRP","itt_fullspec_bn_employed_treat_HD","treat_HD",20,0.0112994350282486,"Increase",1194,2440,1194
"06_UHGtBtCEoaUWRP","itt_fullspec_bn_employed_treat_HD","treat_HD",20,0.0112994350282486,"Increase",391,803,391
"06_UHGtBtCEoaUWRP","itt_fullspec_bn_employed_treat_HD","treat_HD",20,0.0112994350282486,"Increase",94,195,94
"06_UHGtBtCEoaUWRP","itt_fullspec_bn_employed_treat_HD","treat_HD",20,0.0112994350282486,"Increase",1616,3306,1616
"06_UHGtBtCEoaUWRP","itt_fullspec_bn_employed_treat_HD","treat_HD",20,0.0112994350282486,"Increase",1124,2298,1124
"06_UHGtBtCEoaUWRP","itt_fullspec_bn_employed_treat_HD","treat_HD",20,0.0112994350282486,"Increase",223,459,223
"06_UHGtBtCEoaUWRP","itt_fullspec_bn_employed_treat_HD","treat_HD",20,0.0112994350282486,"Increase",363,745,363
"06_UHGtBtCEoaUWRP","itt_fullspec_bn_employed_treat_HD","treat_HD",20,0.0112994350282486,"Increase",549,1126,549
"06_UHGtBtCEoaUWRP","itt_fullspec_bn_employed_treat_HD","treat_HD",20,0.0112994350282486,"Increase",1536,3143,1536
"06_UHGtBtCEoaUWRP","itt_fullspec_bn_employed_treat_HD","treat_HD",20,0.0112994350282486,"Increase",46,94,46
"06_UHGtBtCEoaUWRP","itt_fullspec_bn_employed_treat_HD","treat_HD",20,0.0112994350282486,"Increase",285,586,285
"06_UHGtBtCEoaUWRP","itt_fullspec_bn_employed_treat_HD","treat_HD",20,0.0112994350282486,"Increase",1714,3504,1714
"06_UHGtBtCEoaUWRP","itt_fullspec_bn_employed_treat_HD","treat_HD",20,0.0112994350282486,"Increase",132,274,132
"06_UHGtBtCEoaUWRP","itt_fullspec_bn_employed_treat_HD","treat_HD",21,0.011864406779661,"Increase",1441,2950,1441
"06_UHGtBtCEoaUWRP","itt_fullspec_bn_employed_treat_HD","treat_HD",21,0.011864406779661,"Increase",632,1296,632
"06_UHGtBtCEoaUWRP","itt_fullspec_bn_employed_treat_HD","treat_HD",21,0.011864406779661,"Increase",1051,2148,1051
"06_UHGtBtCEoaUWRP","itt_fullspec_bn_employed_treat_HD","treat_HD",21,0.011864406779661,"Increase",1636,3346,1636
"06_UHGtBtCEoaUWRP","itt_fullspec_bn_employed_treat_HD","treat_HD",21,0.011864406779661,"Increase",1083,2214,1083
"06_UHGtBtCEoaUWRP","itt_fullspec_bn_employed_treat_HD","treat_HD",21,0.011864406779661,"Increase",380,780,380
"06_UHGtBtCEoaUWRP","itt_fullspec_bn_employed_treat_HD","treat_HD",21,0.011864406779661,"Increase",1442,2952,1442
"06_UHGtBtCEoaUWRP","itt_fullspec_bn_employed_treat_HD","treat_HD",21,0.011864406779661,"Increase",1194,2440,1194
"06_UHGtBtCEoaUWRP","itt_fullspec_bn_employed_treat_HD","treat_HD",21,0.011864406779661,"Increase",391,803,391
"06_UHGtBtCEoaUWRP","itt_fullspec_bn_employed_treat_HD","treat_HD",21,0.011864406779661,"Increase",94,195,94
"06_UHGtBtCEoaUWRP","itt_fullspec_bn_employed_treat_HD","treat_HD",21,0.011864406779661,"Increase",1616,3306,1616
"06_UHGtBtCEoaUWRP","itt_fullspec_bn_employed_treat_HD","treat_HD",21,0.011864406779661,"Increase",1124,2298,1124
"06_UHGtBtCEoaUWRP","itt_fullspec_bn_employed_treat_HD","treat_HD",21,0.011864406779661,"Increase",223,459,223
"06_UHGtBtCEoaUWRP","itt_fullspec_bn_employed_treat_HD","treat_HD",21,0.011864406779661,"Increase",363,745,363
"06_UHGtBtCEoaUWRP","itt_fullspec_bn_employed_treat_HD","treat_HD",21,0.011864406779661,"Increase",549,1126,549
"06_UHGtBtCEoaUWRP","itt_fullspec_bn_employed_treat_HD","treat_HD",21,0.011864406779661,"Increase",1536,3143,1536
"06_UHGtBtCEoaUWRP","itt_fullspec_bn_employed_treat_HD","treat_HD",21,0.011864406779661,"Increase",46,94,46
"06_UHGtBtCEoaUWRP","itt_fullspec_bn_employed_treat_HD","treat_HD",21,0.011864406779661,"Increase",285,586,285
"06_UHGtBtCEoaUWRP","itt_fullspec_bn_employed_treat_HD","treat_HD",21,0.011864406779661,"Increase",1714,3504,1714
"06_UHGtBtCEoaUWRP","itt_fullspec_bn_employed_treat_HD","treat_HD",21,0.011864406779661,"Increase",132,274,132
"06_UHGtBtCEoaUWRP","itt_fullspec_bn_employed_treat_HD","treat_HD",21,0.011864406779661,"Increase",876,1791,876
"06_UHGtBtCEoaUWRP","itt_fullspec_bn_employed_treat_HD","treat_HD",22,0.0124293785310734,"Increase",1441,2950,1441
"06_UHGtBtCEoaUWRP","itt_fullspec_bn_employed_treat_HD","treat_HD",22,0.0124293785310734,"Increase",632,1296,632
"06_UHGtBtCEoaUWRP","itt_fullspec_bn_employed_treat_HD","treat_HD",22,0.0124293785310734,"Increase",1051,2148,1051
"06_UHGtBtCEoaUWRP","itt_fullspec_bn_employed_treat_HD","treat_HD",22,0.0124293785310734,"Increase",1636,3346,1636
"06_UHGtBtCEoaUWRP","itt_fullspec_bn_employed_treat_HD","treat_HD",22,0.0124293785310734,"Increase",1083,2214,1083
"06_UHGtBtCEoaUWRP","itt_fullspec_bn_employed_treat_HD","treat_HD",22,0.0124293785310734,"Increase",380,780,380
"06_UHGtBtCEoaUWRP","itt_fullspec_bn_employed_treat_HD","treat_HD",22,0.0124293785310734,"Increase",1442,2952,1442
"06_UHGtBtCEoaUWRP","itt_fullspec_bn_employed_treat_HD","treat_HD",22,0.0124293785310734,"Increase",1194,2440,1194
"06_UHGtBtCEoaUWRP","itt_fullspec_bn_employed_treat_HD","treat_HD",22,0.0124293785310734,"Increase",391,803,391
"06_UHGtBtCEoaUWRP","itt_fullspec_bn_employed_treat_HD","treat_HD",22,0.0124293785310734,"Increase",94,195,94
"06_UHGtBtCEoaUWRP","itt_fullspec_bn_employed_treat_HD","treat_HD",22,0.0124293785310734,"Increase",1616,3306,1616
"06_UHGtBtCEoaUWRP","itt_fullspec_bn_employed_treat_HD","treat_HD",22,0.0124293785310734,"Increase",1124,2298,1124
"06_UHGtBtCEoaUWRP","itt_fullspec_bn_employed_treat_HD","treat_HD",22,0.0124293785310734,"Increase",223,459,223
"06_UHGtBtCEoaUWRP","itt_fullspec_bn_employed_treat_HD","treat_HD",22,0.0124293785310734,"Increase",363,745,363
"06_UHGtBtCEoaUWRP","itt_fullspec_bn_employed_treat_HD","treat_HD",22,0.0124293785310734,"Increase",549,1126,549
"06_UHGtBtCEoaUWRP","itt_fullspec_bn_employed_treat_HD","treat_HD",22,0.0124293785310734,"Increase",1536,3143,1536
"06_UHGtBtCEoaUWRP","itt_fullspec_bn_employed_treat_HD","treat_HD",22,0.0124293785310734,"Increase",46,94,46
"06_UHGtBtCEoaUWRP","itt_fullspec_bn_employed_treat_HD","treat_HD",22,0.0124293785310734,"Increase",285,586,285
"06_UHGtBtCEoaUWRP","itt_fullspec_bn_employed_treat_HD","treat_HD",22,0.0124293785310734,"Increase",1714,3504,1714
"06_UHGtBtCEoaUWRP","itt_fullspec_bn_employed_treat_HD","treat_HD",22,0.0124293785310734,"Increase",132,274,132
"06_UHGtBtCEoaUWRP","itt_fullspec_bn_employed_treat_HD","treat_HD",22,0.0124293785310734,"Increase",876,1791,876
"06_UHGtBtCEoaUWRP","itt_fullspec_bn_employed_treat_HD","treat_HD",22,0.0124293785310734,"Increase",734,1502,734
"06_UHGtBtCEoaUWRP","itt_fullspec_bn_employed_treat_HD","treat_HD",23,0.0129943502824859,"Increase",1441,2950,1441
"06_UHGtBtCEoaUWRP","itt_fullspec_bn_employed_treat_HD","treat_HD",23,0.0129943502824859,"Increase",632,1296,632
"06_UHGtBtCEoaUWRP","itt_fullspec_bn_employed_treat_HD","treat_HD",23,0.0129943502824859,"Increase",1051,2148,1051
"06_UHGtBtCEoaUWRP","itt_fullspec_bn_employed_treat_HD","treat_HD",23,0.0129943502824859,"Increase",1636,3346,1636
"06_UHGtBtCEoaUWRP","itt_fullspec_bn_employed_treat_HD","treat_HD",23,0.0129943502824859,"Increase",1083,2214,1083
"06_UHGtBtCEoaUWRP","itt_fullspec_bn_employed_treat_HD","treat_HD",23,0.0129943502824859,"Increase",380,780,380
"06_UHGtBtCEoaUWRP","itt_fullspec_bn_employed_treat_HD","treat_HD",23,0.0129943502824859,"Increase",1442,2952,1442
"06_UHGtBtCEoaUWRP","itt_fullspec_bn_employed_treat_HD","treat_HD",23,0.0129943502824859,"Increase",1194,2440,1194
"06_UHGtBtCEoaUWRP","itt_fullspec_bn_employed_treat_HD","treat_HD",23,0.0129943502824859,"Increase",391,803,391
"06_UHGtBtCEoaUWRP","itt_fullspec_bn_employed_treat_HD","treat_HD",23,0.0129943502824859,"Increase",94,195,94
"06_UHGtBtCEoaUWRP","itt_fullspec_bn_employed_treat_HD","treat_HD",23,0.0129943502824859,"Increase",1616,3306,1616
"06_UHGtBtCEoaUWRP","itt_fullspec_bn_employed_treat_HD","treat_HD",23,0.0129943502824859,"Increase",1124,2298,1124
"06_UHGtBtCEoaUWRP","itt_fullspec_bn_employed_treat_HD","treat_HD",23,0.0129943502824859,"Increase",223,459,223
"06_UHGtBtCEoaUWRP","itt_fullspec_bn_employed_treat_HD","treat_HD",23,0.0129943502824859,"Increase",363,745,363
"06_UHGtBtCEoaUWRP","itt_fullspec_bn_employed_treat_HD","treat_HD",23,0.0129943502824859,"Increase",549,1126,549
"06_UHGtBtCEoaUWRP","itt_fullspec_bn_employed_treat_HD","treat_HD",23,0.0129943502824859,"Increase",1536,3143,1536
"06_UHGtBtCEoaUWRP","itt_fullspec_bn_employed_treat_HD","treat_HD",23,0.0129943502824859,"Increase",46,94,46
"06_UHGtBtCEoaUWRP","itt_fullspec_bn_employed_treat_HD","treat_HD",23,0.0129943502824859,"Increase",285,586,285
"06_UHGtBtCEoaUWRP","itt_fullspec_bn_employed_treat_HD","treat_HD",23,0.0129943502824859,"Increase",1714,3504,1714
"06_UHGtBtCEoaUWRP","itt_fullspec_bn_employed_treat_HD","treat_HD",23,0.0129943502824859,"Increase",132,274,132
"06_UHGtBtCEoaUWRP","itt_fullspec_bn_employed_treat_HD","treat_HD",23,0.0129943502824859,"Increase",876,1791,876
"06_UHGtBtCEoaUWRP","itt_fullspec_bn_employed_treat_HD","treat_HD",23,0.0129943502824859,"Increase",734,1502,734
"06_UHGtBtCEoaUWRP","itt_fullspec_bn_employed_treat_HD","treat_HD",23,0.0129943502824859,"Increase",45,92,45
"06_UHGtBtCEoaUWRP","itt_fullspec_bn_employed_treat_HD","treat_HD",24,0.0135593220338983,"Increase",1441,2950,1441
"06_UHGtBtCEoaUWRP","itt_fullspec_bn_employed_treat_HD","treat_HD",24,0.0135593220338983,"Increase",632,1296,632
"06_UHGtBtCEoaUWRP","itt_fullspec_bn_employed_treat_HD","treat_HD",24,0.0135593220338983,"Increase",1051,2148,1051
"06_UHGtBtCEoaUWRP","itt_fullspec_bn_employed_treat_HD","treat_HD",24,0.0135593220338983,"Increase",1636,3346,1636
"06_UHGtBtCEoaUWRP","itt_fullspec_bn_employed_treat_HD","treat_HD",24,0.0135593220338983,"Increase",1083,2214,1083
"06_UHGtBtCEoaUWRP","itt_fullspec_bn_employed_treat_HD","treat_HD",24,0.0135593220338983,"Increase",380,780,380
"06_UHGtBtCEoaUWRP","itt_fullspec_bn_employed_treat_HD","treat_HD",24,0.0135593220338983,"Increase",1442,2952,1442
"06_UHGtBtCEoaUWRP","itt_fullspec_bn_employed_treat_HD","treat_HD",24,0.0135593220338983,"Increase",1194,2440,1194
"06_UHGtBtCEoaUWRP","itt_fullspec_bn_employed_treat_HD","treat_HD",24,0.0135593220338983,"Increase",391,803,391
"06_UHGtBtCEoaUWRP","itt_fullspec_bn_employed_treat_HD","treat_HD",24,0.0135593220338983,"Increase",94,195,94
"06_UHGtBtCEoaUWRP","itt_fullspec_bn_employed_treat_HD","treat_HD",24,0.0135593220338983,"Increase",1616,3306,1616
"06_UHGtBtCEoaUWRP","itt_fullspec_bn_employed_treat_HD","treat_HD",24,0.0135593220338983,"Increase",1124,2298,1124
"06_UHGtBtCEoaUWRP","itt_fullspec_bn_employed_treat_HD","treat_HD",24,0.0135593220338983,"Increase",223,459,223
"06_UHGtBtCEoaUWRP","itt_fullspec_bn_employed_treat_HD","treat_HD",24,0.0135593220338983,"Increase",363,745,363
"06_UHGtBtCEoaUWRP","itt_fullspec_bn_employed_treat_HD","treat_HD",24,0.0135593220338983,"Increase",549,1126,549
"06_UHGtBtCEoaUWRP","itt_fullspec_bn_employed_treat_HD","treat_HD",24,0.0135593220338983,"Increase",1536,3143,1536
"06_UHGtBtCEoaUWRP","itt_fullspec_bn_employed_treat_HD","treat_HD",24,0.0135593220338983,"Increase",46,94,46
"06_UHGtBtCEoaUWRP","itt_fullspec_bn_employed_treat_HD","treat_HD",24,0.0135593220338983,"Increase",285,586,285
"06_UHGtBtCEoaUWRP","itt_fullspec_bn_employed_treat_HD","treat_HD",24,0.0135593220338983,"Increase",1714,3504,1714
"06_UHGtBtCEoaUWRP","itt_fullspec_bn_employed_treat_HD","treat_HD",24,0.0135593220338983,"Increase",132,274,132
"06_UHGtBtCEoaUWRP","itt_fullspec_bn_employed_treat_HD","treat_HD",24,0.0135593220338983,"Increase",876,1791,876
"06_UHGtBtCEoaUWRP","itt_fullspec_bn_employed_treat_HD","treat_HD",24,0.0135593220338983,"Increase",734,1502,734
"06_UHGtBtCEoaUWRP","itt_fullspec_bn_employed_treat_HD","treat_HD",24,0.0135593220338983,"Increase",45,92,45
"06_UHGtBtCEoaUWRP","itt_fullspec_bn_employed_treat_HD","treat_HD",24,0.0135593220338983,"Increase",168,348,168
"06_UHGtBtCEoaUWRP","itt_fullspec_bn_employed_treat_HD","treat_HD",25,0.0141242937853107,"Increase",1441,2950,1441
"06_UHGtBtCEoaUWRP","itt_fullspec_bn_employed_treat_HD","treat_HD",25,0.0141242937853107,"Increase",632,1296,632
"06_UHGtBtCEoaUWRP","itt_fullspec_bn_employed_treat_HD","treat_HD",25,0.0141242937853107,"Increase",1051,2148,1051
"06_UHGtBtCEoaUWRP","itt_fullspec_bn_employed_treat_HD","treat_HD",25,0.0141242937853107,"Increase",1636,3346,1636
"06_UHGtBtCEoaUWRP","itt_fullspec_bn_employed_treat_HD","treat_HD",25,0.0141242937853107,"Increase",1083,2214,1083
"06_UHGtBtCEoaUWRP","itt_fullspec_bn_employed_treat_HD","treat_HD",25,0.0141242937853107,"Increase",380,780,380
"06_UHGtBtCEoaUWRP","itt_fullspec_bn_employed_treat_HD","treat_HD",25,0.0141242937853107,"Increase",1442,2952,1442
"06_UHGtBtCEoaUWRP","itt_fullspec_bn_employed_treat_HD","treat_HD",25,0.0141242937853107,"Increase",1194,2440,1194
"06_UHGtBtCEoaUWRP","itt_fullspec_bn_employed_treat_HD","treat_HD",25,0.0141242937853107,"Increase",391,803,391
"06_UHGtBtCEoaUWRP","itt_fullspec_bn_employed_treat_HD","treat_HD",25,0.0141242937853107,"Increase",94,195,94
"06_UHGtBtCEoaUWRP","itt_fullspec_bn_employed_treat_HD","treat_HD",25,0.0141242937853107,"Increase",1616,3306,1616
"06_UHGtBtCEoaUWRP","itt_fullspec_bn_employed_treat_HD","treat_HD",25,0.0141242937853107,"Increase",1124,2298,1124
"06_UHGtBtCEoaUWRP","itt_fullspec_bn_employed_treat_HD","treat_HD",25,0.0141242937853107,"Increase",223,459,223
"06_UHGtBtCEoaUWRP","itt_fullspec_bn_employed_treat_HD","treat_HD",25,0.0141242937853107,"Increase",363,745,363
"06_UHGtBtCEoaUWRP","itt_fullspec_bn_employed_treat_HD","treat_HD",25,0.0141242937853107,"Increase",549,1126,549
"06_UHGtBtCEoaUWRP","itt_fullspec_bn_employed_treat_HD","treat_HD",25,0.0141242937853107,"Increase",1536,3143,1536
"06_UHGtBtCEoaUWRP","itt_fullspec_bn_employed_treat_HD","treat_HD",25,0.0141242937853107,"Increase",46,94,46
"06_UHGtBtCEoaUWRP","itt_fullspec_bn_employed_treat_HD","treat_HD",25,0.0141242937853107,"Increase",285,586,285
"06_UHGtBtCEoaUWRP","itt_fullspec_bn_employed_treat_HD","treat_HD",25,0.0141242937853107,"Increase",1714,3504,1714
"06_UHGtBtCEoaUWRP","itt_fullspec_bn_employed_treat_HD","treat_HD",25,0.0141242937853107,"Increase",132,274,132
"06_UHGtBtCEoaUWRP","itt_fullspec_bn_employed_treat_HD","treat_HD",25,0.0141242937853107,"Increase",876,1791,876
"06_UHGtBtCEoaUWRP","itt_fullspec_bn_employed_treat_HD","treat_HD",25,0.0141242937853107,"Increase",734,1502,734
"06_UHGtBtCEoaUWRP","itt_fullspec_bn_employed_treat_HD","treat_HD",25,0.0141242937853107,"Increase",45,92,45
"06_UHGtBtCEoaUWRP","itt_fullspec_bn_employed_treat_HD","treat_HD",25,0.0141242937853107,"Increase",168,348,168
"06_UHGtBtCEoaUWRP","itt_fullspec_bn_employed_treat_HD","treat_HD",25,0.0141242937853107,"Increase",446,916,446
"06_UHGtBtCEoaUWRP","itt_fullspec_bn_employed_treat_HD","treat_HD",26,0.0146892655367232,"Increase",1441,2950,1441
"06_UHGtBtCEoaUWRP","itt_fullspec_bn_employed_treat_HD","treat_HD",26,0.0146892655367232,"Increase",632,1296,632
"06_UHGtBtCEoaUWRP","itt_fullspec_bn_employed_treat_HD","treat_HD",26,0.0146892655367232,"Increase",1051,2148,1051
"06_UHGtBtCEoaUWRP","itt_fullspec_bn_employed_treat_HD","treat_HD",26,0.0146892655367232,"Increase",1636,3346,1636
"06_UHGtBtCEoaUWRP","itt_fullspec_bn_employed_treat_HD","treat_HD",26,0.0146892655367232,"Increase",1083,2214,1083
"06_UHGtBtCEoaUWRP","itt_fullspec_bn_employed_treat_HD","treat_HD",26,0.0146892655367232,"Increase",380,780,380
"06_UHGtBtCEoaUWRP","itt_fullspec_bn_employed_treat_HD","treat_HD",26,0.0146892655367232,"Increase",1442,2952,1442
"06_UHGtBtCEoaUWRP","itt_fullspec_bn_employed_treat_HD","treat_HD",26,0.0146892655367232,"Increase",1194,2440,1194
"06_UHGtBtCEoaUWRP","itt_fullspec_bn_employed_treat_HD","treat_HD",26,0.0146892655367232,"Increase",391,803,391
"06_UHGtBtCEoaUWRP","itt_fullspec_bn_employed_treat_HD","treat_HD",26,0.0146892655367232,"Increase",94,195,94
"06_UHGtBtCEoaUWRP","itt_fullspec_bn_employed_treat_HD","treat_HD",26,0.0146892655367232,"Increase",1616,3306,1616
"06_UHGtBtCEoaUWRP","itt_fullspec_bn_employed_treat_HD","treat_HD",26,0.0146892655367232,"Increase",1124,2298,1124
"06_UHGtBtCEoaUWRP","itt_fullspec_bn_employed_treat_HD","treat_HD",26,0.0146892655367232,"Increase",223,459,223
"06_UHGtBtCEoaUWRP","itt_fullspec_bn_employed_treat_HD","treat_HD",26,0.0146892655367232,"Increase",363,745,363
"06_UHGtBtCEoaUWRP","itt_fullspec_bn_employed_treat_HD","treat_HD",26,0.0146892655367232,"Increase",549,1126,549
"06_UHGtBtCEoaUWRP","itt_fullspec_bn_employed_treat_HD","treat_HD",26,0.0146892655367232,"Increase",1536,3143,1536
"06_UHGtBtCEoaUWRP","itt_fullspec_bn_employed_treat_HD","treat_HD",26,0.0146892655367232,"Increase",46,94,46
"06_UHGtBtCEoaUWRP","itt_fullspec_bn_employed_treat_HD","treat_HD",26,0.0146892655367232,"Increase",285,586,285
"06_UHGtBtCEoaUWRP","itt_fullspec_bn_employed_treat_HD","treat_HD",26,0.0146892655367232,"Increase",1714,3504,1714
"06_UHGtBtCEoaUWRP","itt_fullspec_bn_employed_treat_HD","treat_HD",26,0.0146892655367232,"Increase",132,274,132
"06_UHGtBtCEoaUWRP","itt_fullspec_bn_employed_treat_HD","treat_HD",26,0.0146892655367232,"Increase",876,1791,876
"06_UHGtBtCEoaUWRP","itt_fullspec_bn_employed_treat_HD","treat_HD",26,0.0146892655367232,"Increase",734,1502,734
"06_UHGtBtCEoaUWRP","itt_fullspec_bn_employed_treat_HD","treat_HD",26,0.0146892655367232,"Increase",45,92,45
"06_UHGtBtCEoaUWRP","itt_fullspec_bn_employed_treat_HD","treat_HD",26,0.0146892655367232,"Increase",168,348,168
"06_UHGtBtCEoaUWRP","itt_fullspec_bn_employed_treat_HD","treat_HD",26,0.0146892655367232,"Increase",446,916,446
"06_UHGtBtCEoaUWRP","itt_fullspec_bn_employed_treat_HD","treat_HD",26,0.0146892655367232,"Increase",1702,3480,1702
"06_UHGtBtCEoaUWRP","itt_fullspec_bn_employed_treat_HD","treat_HD",27,0.0152542372881356,"Increase",1441,2950,1441
"06_UHGtBtCEoaUWRP","itt_fullspec_bn_employed_treat_HD","treat_HD",27,0.0152542372881356,"Increase",632,1296,632
"06_UHGtBtCEoaUWRP","itt_fullspec_bn_employed_treat_HD","treat_HD",27,0.0152542372881356,"Increase",1051,2148,1051
"06_UHGtBtCEoaUWRP","itt_fullspec_bn_employed_treat_HD","treat_HD",27,0.0152542372881356,"Increase",1636,3346,1636
"06_UHGtBtCEoaUWRP","itt_fullspec_bn_employed_treat_HD","treat_HD",27,0.0152542372881356,"Increase",1083,2214,1083
"06_UHGtBtCEoaUWRP","itt_fullspec_bn_employed_treat_HD","treat_HD",27,0.0152542372881356,"Increase",380,780,380
"06_UHGtBtCEoaUWRP","itt_fullspec_bn_employed_treat_HD","treat_HD",27,0.0152542372881356,"Increase",1442,2952,1442
"06_UHGtBtCEoaUWRP","itt_fullspec_bn_employed_treat_HD","treat_HD",27,0.0152542372881356,"Increase",1194,2440,1194
"06_UHGtBtCEoaUWRP","itt_fullspec_bn_employed_treat_HD","treat_HD",27,0.0152542372881356,"Increase",391,803,391
"06_UHGtBtCEoaUWRP","itt_fullspec_bn_employed_treat_HD","treat_HD",27,0.0152542372881356,"Increase",94,195,94
"06_UHGtBtCEoaUWRP","itt_fullspec_bn_employed_treat_HD","treat_HD",27,0.0152542372881356,"Increase",1616,3306,1616
"06_UHGtBtCEoaUWRP","itt_fullspec_bn_employed_treat_HD","treat_HD",27,0.0152542372881356,"Increase",1124,2298,1124
"06_UHGtBtCEoaUWRP","itt_fullspec_bn_employed_treat_HD","treat_HD",27,0.0152542372881356,"Increase",223,459,223
"06_UHGtBtCEoaUWRP","itt_fullspec_bn_employed_treat_HD","treat_HD",27,0.0152542372881356,"Increase",363,745,363
"06_UHGtBtCEoaUWRP","itt_fullspec_bn_employed_treat_HD","treat_HD",27,0.0152542372881356,"Increase",549,1126,549
"06_UHGtBtCEoaUWRP","itt_fullspec_bn_employed_treat_HD","treat_HD",27,0.0152542372881356,"Increase",1536,3143,1536
"06_UHGtBtCEoaUWRP","itt_fullspec_bn_employed_treat_HD","treat_HD",27,0.0152542372881356,"Increase",46,94,46
"06_UHGtBtCEoaUWRP","itt_fullspec_bn_employed_treat_HD","treat_HD",27,0.0152542372881356,"Increase",285,586,285
"06_UHGtBtCEoaUWRP","itt_fullspec_bn_employed_treat_HD","treat_HD",27,0.0152542372881356,"Increase",1714,3504,1714
"06_UHGtBtCEoaUWRP","itt_fullspec_bn_employed_treat_HD","treat_HD",27,0.0152542372881356,"Increase",132,274,132
"06_UHGtBtCEoaUWRP","itt_fullspec_bn_employed_treat_HD","treat_HD",27,0.0152542372881356,"Increase",876,1791,876
"06_UHGtBtCEoaUWRP","itt_fullspec_bn_employed_treat_HD","treat_HD",27,0.0152542372881356,"Increase",734,1502,734
"06_UHGtBtCEoaUWRP","itt_fullspec_bn_employed_treat_HD","treat_HD",27,0.0152542372881356,"Increase",45,92,45
"06_UHGtBtCEoaUWRP","itt_fullspec_bn_employed_treat_HD","treat_HD",27,0.0152542372881356,"Increase",168,348,168
"06_UHGtBtCEoaUWRP","itt_fullspec_bn_employed_treat_HD","treat_HD",27,0.0152542372881356,"Increase",446,916,446
"06_UHGtBtCEoaUWRP","itt_fullspec_bn_employed_treat_HD","treat_HD",27,0.0152542372881356,"Increase",1702,3480,1702
"06_UHGtBtCEoaUWRP","itt_fullspec_bn_employed_treat_HD","treat_HD",27,0.0152542372881356,"Increase",783,1602,783
"06_UHGtBtCEoaUWRP","itt_fullspec_bn_employed_treat_HD","treat_HD",28,0.015819209039548,"Increase",1441,2950,1441
"06_UHGtBtCEoaUWRP","itt_fullspec_bn_employed_treat_HD","treat_HD",28,0.015819209039548,"Increase",632,1296,632
"06_UHGtBtCEoaUWRP","itt_fullspec_bn_employed_treat_HD","treat_HD",28,0.015819209039548,"Increase",1051,2148,1051
"06_UHGtBtCEoaUWRP","itt_fullspec_bn_employed_treat_HD","treat_HD",28,0.015819209039548,"Increase",1636,3346,1636
"06_UHGtBtCEoaUWRP","itt_fullspec_bn_employed_treat_HD","treat_HD",28,0.015819209039548,"Increase",1083,2214,1083
"06_UHGtBtCEoaUWRP","itt_fullspec_bn_employed_treat_HD","treat_HD",28,0.015819209039548,"Increase",380,780,380
"06_UHGtBtCEoaUWRP","itt_fullspec_bn_employed_treat_HD","treat_HD",28,0.015819209039548,"Increase",1442,2952,1442
"06_UHGtBtCEoaUWRP","itt_fullspec_bn_employed_treat_HD","treat_HD",28,0.015819209039548,"Increase",1194,2440,1194
"06_UHGtBtCEoaUWRP","itt_fullspec_bn_employed_treat_HD","treat_HD",28,0.015819209039548,"Increase",391,803,391
"06_UHGtBtCEoaUWRP","itt_fullspec_bn_employed_treat_HD","treat_HD",28,0.015819209039548,"Increase",94,195,94
"06_UHGtBtCEoaUWRP","itt_fullspec_bn_employed_treat_HD","treat_HD",28,0.015819209039548,"Increase",1616,3306,1616
"06_UHGtBtCEoaUWRP","itt_fullspec_bn_employed_treat_HD","treat_HD",28,0.015819209039548,"Increase",1124,2298,1124
"06_UHGtBtCEoaUWRP","itt_fullspec_bn_employed_treat_HD","treat_HD",28,0.015819209039548,"Increase",223,459,223
"06_UHGtBtCEoaUWRP","itt_fullspec_bn_employed_treat_HD","treat_HD",28,0.015819209039548,"Increase",363,745,363
"06_UHGtBtCEoaUWRP","itt_fullspec_bn_employed_treat_HD","treat_HD",28,0.015819209039548,"Increase",1536,3143,1536
"06_UHGtBtCEoaUWRP","itt_fullspec_bn_employed_treat_HD","treat_HD",28,0.015819209039548,"Increase",549,1126,549
"06_UHGtBtCEoaUWRP","itt_fullspec_bn_employed_treat_HD","treat_HD",28,0.015819209039548,"Increase",46,94,46
"06_UHGtBtCEoaUWRP","itt_fullspec_bn_employed_treat_HD","treat_HD",28,0.015819209039548,"Increase",285,586,285
"06_UHGtBtCEoaUWRP","itt_fullspec_bn_employed_treat_HD","treat_HD",28,0.015819209039548,"Increase",1714,3504,1714
"06_UHGtBtCEoaUWRP","itt_fullspec_bn_employed_treat_HD","treat_HD",28,0.015819209039548,"Increase",132,274,132
"06_UHGtBtCEoaUWRP","itt_fullspec_bn_employed_treat_HD","treat_HD",28,0.015819209039548,"Increase",876,1791,876
"06_UHGtBtCEoaUWRP","itt_fullspec_bn_employed_treat_HD","treat_HD",28,0.015819209039548,"Increase",734,1502,734
"06_UHGtBtCEoaUWRP","itt_fullspec_bn_employed_treat_HD","treat_HD",28,0.015819209039548,"Increase",45,92,45
"06_UHGtBtCEoaUWRP","itt_fullspec_bn_employed_treat_HD","treat_HD",28,0.015819209039548,"Increase",168,348,168
"06_UHGtBtCEoaUWRP","itt_fullspec_bn_employed_treat_HD","treat_HD",28,0.015819209039548,"Increase",446,916,446
"06_UHGtBtCEoaUWRP","itt_fullspec_bn_employed_treat_HD","treat_HD",28,0.015819209039548,"Increase",1702,3480,1702
"06_UHGtBtCEoaUWRP","itt_fullspec_bn_employed_treat_HD","treat_HD",28,0.015819209039548,"Increase",831,1698,831
"06_UHGtBtCEoaUWRP","itt_fullspec_bn_employed_treat_HD","treat_HD",28,0.015819209039548,"Increase",783,1602,783
"06_UHGtBtCEoaUWRP","itt_fullspec_bn_employed_treat_HD","treat_HD",29,0.0163841807909605,"Increase",1441,2950,1441
"06_UHGtBtCEoaUWRP","itt_fullspec_bn_employed_treat_HD","treat_HD",29,0.0163841807909605,"Increase",632,1296,632
"06_UHGtBtCEoaUWRP","itt_fullspec_bn_employed_treat_HD","treat_HD",29,0.0163841807909605,"Increase",1051,2148,1051
"06_UHGtBtCEoaUWRP","itt_fullspec_bn_employed_treat_HD","treat_HD",29,0.0163841807909605,"Increase",1636,3346,1636
"06_UHGtBtCEoaUWRP","itt_fullspec_bn_employed_treat_HD","treat_HD",29,0.0163841807909605,"Increase",1083,2214,1083
"06_UHGtBtCEoaUWRP","itt_fullspec_bn_employed_treat_HD","treat_HD",29,0.0163841807909605,"Increase",380,780,380
"06_UHGtBtCEoaUWRP","itt_fullspec_bn_employed_treat_HD","treat_HD",29,0.0163841807909605,"Increase",1442,2952,1442
"06_UHGtBtCEoaUWRP","itt_fullspec_bn_employed_treat_HD","treat_HD",29,0.0163841807909605,"Increase",1194,2440,1194
"06_UHGtBtCEoaUWRP","itt_fullspec_bn_employed_treat_HD","treat_HD",29,0.0163841807909605,"Increase",391,803,391
"06_UHGtBtCEoaUWRP","itt_fullspec_bn_employed_treat_HD","treat_HD",29,0.0163841807909605,"Increase",94,195,94
"06_UHGtBtCEoaUWRP","itt_fullspec_bn_employed_treat_HD","treat_HD",29,0.0163841807909605,"Increase",1616,3306,1616
"06_UHGtBtCEoaUWRP","itt_fullspec_bn_employed_treat_HD","treat_HD",29,0.0163841807909605,"Increase",1124,2298,1124
"06_UHGtBtCEoaUWRP","itt_fullspec_bn_employed_treat_HD","treat_HD",29,0.0163841807909605,"Increase",223,459,223
"06_UHGtBtCEoaUWRP","itt_fullspec_bn_employed_treat_HD","treat_HD",29,0.0163841807909605,"Increase",363,745,363
"06_UHGtBtCEoaUWRP","itt_fullspec_bn_employed_treat_HD","treat_HD",29,0.0163841807909605,"Increase",1536,3143,1536
"06_UHGtBtCEoaUWRP","itt_fullspec_bn_employed_treat_HD","treat_HD",29,0.0163841807909605,"Increase",549,1126,549
"06_UHGtBtCEoaUWRP","itt_fullspec_bn_employed_treat_HD","treat_HD",29,0.0163841807909605,"Increase",46,94,46
"06_UHGtBtCEoaUWRP","itt_fullspec_bn_employed_treat_HD","treat_HD",29,0.0163841807909605,"Increase",285,586,285
"06_UHGtBtCEoaUWRP","itt_fullspec_bn_employed_treat_HD","treat_HD",29,0.0163841807909605,"Increase",1714,3504,1714
"06_UHGtBtCEoaUWRP","itt_fullspec_bn_employed_treat_HD","treat_HD",29,0.0163841807909605,"Increase",132,274,132
"06_UHGtBtCEoaUWRP","itt_fullspec_bn_employed_treat_HD","treat_HD",29,0.0163841807909605,"Increase",876,1791,876
"06_UHGtBtCEoaUWRP","itt_fullspec_bn_employed_treat_HD","treat_HD",29,0.0163841807909605,"Increase",734,1502,734
"06_UHGtBtCEoaUWRP","itt_fullspec_bn_employed_treat_HD","treat_HD",29,0.0163841807909605,"Increase",45,92,45
"06_UHGtBtCEoaUWRP","itt_fullspec_bn_employed_treat_HD","treat_HD",29,0.0163841807909605,"Increase",168,348,168
"06_UHGtBtCEoaUWRP","itt_fullspec_bn_employed_treat_HD","treat_HD",29,0.0163841807909605,"Increase",446,916,446
"06_UHGtBtCEoaUWRP","itt_fullspec_bn_employed_treat_HD","treat_HD",29,0.0163841807909605,"Increase",1702,3480,1702
"06_UHGtBtCEoaUWRP","itt_fullspec_bn_employed_treat_HD","treat_HD",29,0.0163841807909605,"Increase",831,1698,831
"06_UHGtBtCEoaUWRP","itt_fullspec_bn_employed_treat_HD","treat_HD",29,0.0163841807909605,"Increase",783,1602,783
"06_UHGtBtCEoaUWRP","itt_fullspec_bn_employed_treat_HD","treat_HD",29,0.0163841807909605,"Increase",1221,2496,1221
"06_UHGtBtCEoaUWRP","itt_fullspec_bn_employed_treat_HD","treat_HD",30,0.0169491525423729,"Increase",1441,2950,1441
"06_UHGtBtCEoaUWRP","itt_fullspec_bn_employed_treat_HD","treat_HD",30,0.0169491525423729,"Increase",632,1296,632
"06_UHGtBtCEoaUWRP","itt_fullspec_bn_employed_treat_HD","treat_HD",30,0.0169491525423729,"Increase",1051,2148,1051
"06_UHGtBtCEoaUWRP","itt_fullspec_bn_employed_treat_HD","treat_HD",30,0.0169491525423729,"Increase",1636,3346,1636
"06_UHGtBtCEoaUWRP","itt_fullspec_bn_employed_treat_HD","treat_HD",30,0.0169491525423729,"Increase",1083,2214,1083
"06_UHGtBtCEoaUWRP","itt_fullspec_bn_employed_treat_HD","treat_HD",30,0.0169491525423729,"Increase",380,780,380
"06_UHGtBtCEoaUWRP","itt_fullspec_bn_employed_treat_HD","treat_HD",30,0.0169491525423729,"Increase",1442,2952,1442
"06_UHGtBtCEoaUWRP","itt_fullspec_bn_employed_treat_HD","treat_HD",30,0.0169491525423729,"Increase",1194,2440,1194
"06_UHGtBtCEoaUWRP","itt_fullspec_bn_employed_treat_HD","treat_HD",30,0.0169491525423729,"Increase",391,803,391
"06_UHGtBtCEoaUWRP","itt_fullspec_bn_employed_treat_HD","treat_HD",30,0.0169491525423729,"Increase",94,195,94
"06_UHGtBtCEoaUWRP","itt_fullspec_bn_employed_treat_HD","treat_HD",30,0.0169491525423729,"Increase",1616,3306,1616
"06_UHGtBtCEoaUWRP","itt_fullspec_bn_employed_treat_HD","treat_HD",30,0.0169491525423729,"Increase",1124,2298,1124
"06_UHGtBtCEoaUWRP","itt_fullspec_bn_employed_treat_HD","treat_HD",30,0.0169491525423729,"Increase",223,459,223
"06_UHGtBtCEoaUWRP","itt_fullspec_bn_employed_treat_HD","treat_HD",30,0.0169491525423729,"Increase",363,745,363
"06_UHGtBtCEoaUWRP","itt_fullspec_bn_employed_treat_HD","treat_HD",30,0.0169491525423729,"Increase",1536,3143,1536
"06_UHGtBtCEoaUWRP","itt_fullspec_bn_employed_treat_HD","treat_HD",30,0.0169491525423729,"Increase",549,1126,549
"06_UHGtBtCEoaUWRP","itt_fullspec_bn_employed_treat_HD","treat_HD",30,0.0169491525423729,"Increase",46,94,46
"06_UHGtBtCEoaUWRP","itt_fullspec_bn_employed_treat_HD","treat_HD",30,0.0169491525423729,"Increase",285,586,285
"06_UHGtBtCEoaUWRP","itt_fullspec_bn_employed_treat_HD","treat_HD",30,0.0169491525423729,"Increase",1714,3504,1714
"06_UHGtBtCEoaUWRP","itt_fullspec_bn_employed_treat_HD","treat_HD",30,0.0169491525423729,"Increase",132,274,132
"06_UHGtBtCEoaUWRP","itt_fullspec_bn_employed_treat_HD","treat_HD",30,0.0169491525423729,"Increase",876,1791,876
"06_UHGtBtCEoaUWRP","itt_fullspec_bn_employed_treat_HD","treat_HD",30,0.0169491525423729,"Increase",734,1502,734
"06_UHGtBtCEoaUWRP","itt_fullspec_bn_employed_treat_HD","treat_HD",30,0.0169491525423729,"Increase",45,92,45
"06_UHGtBtCEoaUWRP","itt_fullspec_bn_employed_treat_HD","treat_HD",30,0.0169491525423729,"Increase",168,348,168
"06_UHGtBtCEoaUWRP","itt_fullspec_bn_employed_treat_HD","treat_HD",30,0.0169491525423729,"Increase",446,916,446
"06_UHGtBtCEoaUWRP","itt_fullspec_bn_employed_treat_HD","treat_HD",30,0.0169491525423729,"Increase",831,1698,831
"06_UHGtBtCEoaUWRP","itt_fullspec_bn_employed_treat_HD","treat_HD",30,0.0169491525423729,"Increase",1702,3480,1702
"06_UHGtBtCEoaUWRP","itt_fullspec_bn_employed_treat_HD","treat_HD",30,0.0169491525423729,"Increase",783,1602,783
"06_UHGtBtCEoaUWRP","itt_fullspec_bn_employed_treat_HD","treat_HD",30,0.0169491525423729,"Increase",1221,2496,1221
"06_UHGtBtCEoaUWRP","itt_fullspec_bn_employed_treat_HD","treat_HD",30,0.0169491525423729,"Increase",218,449,218
"06_UHGtBtCEoaUWRP","itt_fullspec_bn_employed_treat_HD","treat_HD",31,0.0175141242937853,"Increase",1441,2950,1441
"06_UHGtBtCEoaUWRP","itt_fullspec_bn_employed_treat_HD","treat_HD",31,0.0175141242937853,"Increase",632,1296,632
"06_UHGtBtCEoaUWRP","itt_fullspec_bn_employed_treat_HD","treat_HD",31,0.0175141242937853,"Increase",1051,2148,1051
"06_UHGtBtCEoaUWRP","itt_fullspec_bn_employed_treat_HD","treat_HD",31,0.0175141242937853,"Increase",1636,3346,1636
"06_UHGtBtCEoaUWRP","itt_fullspec_bn_employed_treat_HD","treat_HD",31,0.0175141242937853,"Increase",1083,2214,1083
"06_UHGtBtCEoaUWRP","itt_fullspec_bn_employed_treat_HD","treat_HD",31,0.0175141242937853,"Increase",380,780,380
"06_UHGtBtCEoaUWRP","itt_fullspec_bn_employed_treat_HD","treat_HD",31,0.0175141242937853,"Increase",1442,2952,1442
"06_UHGtBtCEoaUWRP","itt_fullspec_bn_employed_treat_HD","treat_HD",31,0.0175141242937853,"Increase",1194,2440,1194
"06_UHGtBtCEoaUWRP","itt_fullspec_bn_employed_treat_HD","treat_HD",31,0.0175141242937853,"Increase",391,803,391
"06_UHGtBtCEoaUWRP","itt_fullspec_bn_employed_treat_HD","treat_HD",31,0.0175141242937853,"Increase",94,195,94
"06_UHGtBtCEoaUWRP","itt_fullspec_bn_employed_treat_HD","treat_HD",31,0.0175141242937853,"Increase",1616,3306,1616
"06_UHGtBtCEoaUWRP","itt_fullspec_bn_employed_treat_HD","treat_HD",31,0.0175141242937853,"Increase",1124,2298,1124
"06_UHGtBtCEoaUWRP","itt_fullspec_bn_employed_treat_HD","treat_HD",31,0.0175141242937853,"Increase",223,459,223
"06_UHGtBtCEoaUWRP","itt_fullspec_bn_employed_treat_HD","treat_HD",31,0.0175141242937853,"Increase",363,745,363
"06_UHGtBtCEoaUWRP","itt_fullspec_bn_employed_treat_HD","treat_HD",31,0.0175141242937853,"Increase",1536,3143,1536
"06_UHGtBtCEoaUWRP","itt_fullspec_bn_employed_treat_HD","treat_HD",31,0.0175141242937853,"Increase",549,1126,549
"06_UHGtBtCEoaUWRP","itt_fullspec_bn_employed_treat_HD","treat_HD",31,0.0175141242937853,"Increase",46,94,46
"06_UHGtBtCEoaUWRP","itt_fullspec_bn_employed_treat_HD","treat_HD",31,0.0175141242937853,"Increase",285,586,285
"06_UHGtBtCEoaUWRP","itt_fullspec_bn_employed_treat_HD","treat_HD",31,0.0175141242937853,"Increase",1714,3504,1714
"06_UHGtBtCEoaUWRP","itt_fullspec_bn_employed_treat_HD","treat_HD",31,0.0175141242937853,"Increase",132,274,132
"06_UHGtBtCEoaUWRP","itt_fullspec_bn_employed_treat_HD","treat_HD",31,0.0175141242937853,"Increase",876,1791,876
"06_UHGtBtCEoaUWRP","itt_fullspec_bn_employed_treat_HD","treat_HD",31,0.0175141242937853,"Increase",734,1502,734
"06_UHGtBtCEoaUWRP","itt_fullspec_bn_employed_treat_HD","treat_HD",31,0.0175141242937853,"Increase",45,92,45
"06_UHGtBtCEoaUWRP","itt_fullspec_bn_employed_treat_HD","treat_HD",31,0.0175141242937853,"Increase",168,348,168
"06_UHGtBtCEoaUWRP","itt_fullspec_bn_employed_treat_HD","treat_HD",31,0.0175141242937853,"Increase",446,916,446
"06_UHGtBtCEoaUWRP","itt_fullspec_bn_employed_treat_HD","treat_HD",31,0.0175141242937853,"Increase",831,1698,831
"06_UHGtBtCEoaUWRP","itt_fullspec_bn_employed_treat_HD","treat_HD",31,0.0175141242937853,"Increase",1702,3480,1702
"06_UHGtBtCEoaUWRP","itt_fullspec_bn_employed_treat_HD","treat_HD",31,0.0175141242937853,"Increase",783,1602,783
"06_UHGtBtCEoaUWRP","itt_fullspec_bn_employed_treat_HD","treat_HD",31,0.0175141242937853,"Increase",1221,2496,1221
"06_UHGtBtCEoaUWRP","itt_fullspec_bn_employed_treat_HD","treat_HD",31,0.0175141242937853,"Increase",218,449,218
"06_UHGtBtCEoaUWRP","itt_fullspec_bn_employed_treat_HD","treat_HD",31,0.0175141242937853,"Increase",329,676,329
"06_UHGtBtCEoaUWRP","itt_fullspec_bn_employed_treat_HD","treat_HD",32,0.0180790960451977,"Increase",1441,2950,1441
"06_UHGtBtCEoaUWRP","itt_fullspec_bn_employed_treat_HD","treat_HD",32,0.0180790960451977,"Increase",632,1296,632
"06_UHGtBtCEoaUWRP","itt_fullspec_bn_employed_treat_HD","treat_HD",32,0.0180790960451977,"Increase",1051,2148,1051
"06_UHGtBtCEoaUWRP","itt_fullspec_bn_employed_treat_HD","treat_HD",32,0.0180790960451977,"Increase",1636,3346,1636
"06_UHGtBtCEoaUWRP","itt_fullspec_bn_employed_treat_HD","treat_HD",32,0.0180790960451977,"Increase",1083,2214,1083
"06_UHGtBtCEoaUWRP","itt_fullspec_bn_employed_treat_HD","treat_HD",32,0.0180790960451977,"Increase",380,780,380
"06_UHGtBtCEoaUWRP","itt_fullspec_bn_employed_treat_HD","treat_HD",32,0.0180790960451977,"Increase",1442,2952,1442
"06_UHGtBtCEoaUWRP","itt_fullspec_bn_employed_treat_HD","treat_HD",32,0.0180790960451977,"Increase",1194,2440,1194
"06_UHGtBtCEoaUWRP","itt_fullspec_bn_employed_treat_HD","treat_HD",32,0.0180790960451977,"Increase",391,803,391
"06_UHGtBtCEoaUWRP","itt_fullspec_bn_employed_treat_HD","treat_HD",32,0.0180790960451977,"Increase",94,195,94
"06_UHGtBtCEoaUWRP","itt_fullspec_bn_employed_treat_HD","treat_HD",32,0.0180790960451977,"Increase",1616,3306,1616
"06_UHGtBtCEoaUWRP","itt_fullspec_bn_employed_treat_HD","treat_HD",32,0.0180790960451977,"Increase",1124,2298,1124
"06_UHGtBtCEoaUWRP","itt_fullspec_bn_employed_treat_HD","treat_HD",32,0.0180790960451977,"Increase",223,459,223
"06_UHGtBtCEoaUWRP","itt_fullspec_bn_employed_treat_HD","treat_HD",32,0.0180790960451977,"Increase",363,745,363
"06_UHGtBtCEoaUWRP","itt_fullspec_bn_employed_treat_HD","treat_HD",32,0.0180790960451977,"Increase",1536,3143,1536
"06_UHGtBtCEoaUWRP","itt_fullspec_bn_employed_treat_HD","treat_HD",32,0.0180790960451977,"Increase",549,1126,549
"06_UHGtBtCEoaUWRP","itt_fullspec_bn_employed_treat_HD","treat_HD",32,0.0180790960451977,"Increase",46,94,46
"06_UHGtBtCEoaUWRP","itt_fullspec_bn_employed_treat_HD","treat_HD",32,0.0180790960451977,"Increase",285,586,285
"06_UHGtBtCEoaUWRP","itt_fullspec_bn_employed_treat_HD","treat_HD",32,0.0180790960451977,"Increase",1714,3504,1714
"06_UHGtBtCEoaUWRP","itt_fullspec_bn_employed_treat_HD","treat_HD",32,0.0180790960451977,"Increase",132,274,132
"06_UHGtBtCEoaUWRP","itt_fullspec_bn_employed_treat_HD","treat_HD",32,0.0180790960451977,"Increase",876,1791,876
"06_UHGtBtCEoaUWRP","itt_fullspec_bn_employed_treat_HD","treat_HD",32,0.0180790960451977,"Increase",734,1502,734
"06_UHGtBtCEoaUWRP","itt_fullspec_bn_employed_treat_HD","treat_HD",32,0.0180790960451977,"Increase",45,92,45
"06_UHGtBtCEoaUWRP","itt_fullspec_bn_employed_treat_HD","treat_HD",32,0.0180790960451977,"Increase",168,348,168
"06_UHGtBtCEoaUWRP","itt_fullspec_bn_employed_treat_HD","treat_HD",32,0.0180790960451977,"Increase",446,916,446
"06_UHGtBtCEoaUWRP","itt_fullspec_bn_employed_treat_HD","treat_HD",32,0.0180790960451977,"Increase",831,1698,831
"06_UHGtBtCEoaUWRP","itt_fullspec_bn_employed_treat_HD","treat_HD",32,0.0180790960451977,"Increase",783,1602,783
"06_UHGtBtCEoaUWRP","itt_fullspec_bn_employed_treat_HD","treat_HD",32,0.0180790960451977,"Increase",1702,3480,1702
"06_UHGtBtCEoaUWRP","itt_fullspec_bn_employed_treat_HD","treat_HD",32,0.0180790960451977,"Increase",1221,2496,1221
"06_UHGtBtCEoaUWRP","itt_fullspec_bn_employed_treat_HD","treat_HD",32,0.0180790960451977,"Increase",218,449,218
"06_UHGtBtCEoaUWRP","itt_fullspec_bn_employed_treat_HD","treat_HD",32,0.0180790960451977,"Increase",329,676,329
"06_UHGtBtCEoaUWRP","itt_fullspec_bn_employed_treat_HD","treat_HD",32,0.0180790960451977,"Increase",1527,3125,1527
"06_UHGtBtCEoaUWRP","itt_fullspec_bn_employed_treat_HD","treat_HD",33,0.0186440677966102,"Increase",1441,2950,1441
"06_UHGtBtCEoaUWRP","itt_fullspec_bn_employed_treat_HD","treat_HD",33,0.0186440677966102,"Increase",632,1296,632
"06_UHGtBtCEoaUWRP","itt_fullspec_bn_employed_treat_HD","treat_HD",33,0.0186440677966102,"Increase",1051,2148,1051
"06_UHGtBtCEoaUWRP","itt_fullspec_bn_employed_treat_HD","treat_HD",33,0.0186440677966102,"Increase",1636,3346,1636
"06_UHGtBtCEoaUWRP","itt_fullspec_bn_employed_treat_HD","treat_HD",33,0.0186440677966102,"Increase",1083,2214,1083
"06_UHGtBtCEoaUWRP","itt_fullspec_bn_employed_treat_HD","treat_HD",33,0.0186440677966102,"Increase",380,780,380
"06_UHGtBtCEoaUWRP","itt_fullspec_bn_employed_treat_HD","treat_HD",33,0.0186440677966102,"Increase",1442,2952,1442
"06_UHGtBtCEoaUWRP","itt_fullspec_bn_employed_treat_HD","treat_HD",33,0.0186440677966102,"Increase",391,803,391
"06_UHGtBtCEoaUWRP","itt_fullspec_bn_employed_treat_HD","treat_HD",33,0.0186440677966102,"Increase",1194,2440,1194
"06_UHGtBtCEoaUWRP","itt_fullspec_bn_employed_treat_HD","treat_HD",33,0.0186440677966102,"Increase",94,195,94
"06_UHGtBtCEoaUWRP","itt_fullspec_bn_employed_treat_HD","treat_HD",33,0.0186440677966102,"Increase",1616,3306,1616
"06_UHGtBtCEoaUWRP","itt_fullspec_bn_employed_treat_HD","treat_HD",33,0.0186440677966102,"Increase",1124,2298,1124
"06_UHGtBtCEoaUWRP","itt_fullspec_bn_employed_treat_HD","treat_HD",33,0.0186440677966102,"Increase",223,459,223
"06_UHGtBtCEoaUWRP","itt_fullspec_bn_employed_treat_HD","treat_HD",33,0.0186440677966102,"Increase",363,745,363
"06_UHGtBtCEoaUWRP","itt_fullspec_bn_employed_treat_HD","treat_HD",33,0.0186440677966102,"Increase",1536,3143,1536
"06_UHGtBtCEoaUWRP","itt_fullspec_bn_employed_treat_HD","treat_HD",33,0.0186440677966102,"Increase",549,1126,549
"06_UHGtBtCEoaUWRP","itt_fullspec_bn_employed_treat_HD","treat_HD",33,0.0186440677966102,"Increase",285,586,285
"06_UHGtBtCEoaUWRP","itt_fullspec_bn_employed_treat_HD","treat_HD",33,0.0186440677966102,"Increase",1714,3504,1714
"06_UHGtBtCEoaUWRP","itt_fullspec_bn_employed_treat_HD","treat_HD",33,0.0186440677966102,"Increase",46,94,46
"06_UHGtBtCEoaUWRP","itt_fullspec_bn_employed_treat_HD","treat_HD",33,0.0186440677966102,"Increase",132,274,132
"06_UHGtBtCEoaUWRP","itt_fullspec_bn_employed_treat_HD","treat_HD",33,0.0186440677966102,"Increase",876,1791,876
"06_UHGtBtCEoaUWRP","itt_fullspec_bn_employed_treat_HD","treat_HD",33,0.0186440677966102,"Increase",734,1502,734
"06_UHGtBtCEoaUWRP","itt_fullspec_bn_employed_treat_HD","treat_HD",33,0.0186440677966102,"Increase",45,92,45
"06_UHGtBtCEoaUWRP","itt_fullspec_bn_employed_treat_HD","treat_HD",33,0.0186440677966102,"Increase",446,916,446
"06_UHGtBtCEoaUWRP","itt_fullspec_bn_employed_treat_HD","treat_HD",33,0.0186440677966102,"Increase",168,348,168
"06_UHGtBtCEoaUWRP","itt_fullspec_bn_employed_treat_HD","treat_HD",33,0.0186440677966102,"Increase",831,1698,831
"06_UHGtBtCEoaUWRP","itt_fullspec_bn_employed_treat_HD","treat_HD",33,0.0186440677966102,"Increase",783,1602,783
"06_UHGtBtCEoaUWRP","itt_fullspec_bn_employed_treat_HD","treat_HD",33,0.0186440677966102,"Increase",1702,3480,1702
"06_UHGtBtCEoaUWRP","itt_fullspec_bn_employed_treat_HD","treat_HD",33,0.0186440677966102,"Increase",1221,2496,1221
"06_UHGtBtCEoaUWRP","itt_fullspec_bn_employed_treat_HD","treat_HD",33,0.0186440677966102,"Increase",218,449,218
"06_UHGtBtCEoaUWRP","itt_fullspec_bn_employed_treat_HD","treat_HD",33,0.0186440677966102,"Increase",329,676,329
"06_UHGtBtCEoaUWRP","itt_fullspec_bn_employed_treat_HD","treat_HD",33,0.0186440677966102,"Increase",1527,3125,1527
"06_UHGtBtCEoaUWRP","itt_fullspec_bn_employed_treat_HD","treat_HD",33,0.0186440677966102,"Increase",838,1712,838
"06_UHGtBtCEoaUWRP","itt_fullspec_bn_employed_treat_HD","treat_HD",34,0.0192090395480226,"Increase",1441,2950,1441
"06_UHGtBtCEoaUWRP","itt_fullspec_bn_employed_treat_HD","treat_HD",34,0.0192090395480226,"Increase",632,1296,632
"06_UHGtBtCEoaUWRP","itt_fullspec_bn_employed_treat_HD","treat_HD",34,0.0192090395480226,"Increase",1051,2148,1051
"06_UHGtBtCEoaUWRP","itt_fullspec_bn_employed_treat_HD","treat_HD",34,0.0192090395480226,"Increase",1636,3346,1636
"06_UHGtBtCEoaUWRP","itt_fullspec_bn_employed_treat_HD","treat_HD",34,0.0192090395480226,"Increase",1083,2214,1083
"06_UHGtBtCEoaUWRP","itt_fullspec_bn_employed_treat_HD","treat_HD",34,0.0192090395480226,"Increase",380,780,380
"06_UHGtBtCEoaUWRP","itt_fullspec_bn_employed_treat_HD","treat_HD",34,0.0192090395480226,"Increase",1442,2952,1442
"06_UHGtBtCEoaUWRP","itt_fullspec_bn_employed_treat_HD","treat_HD",34,0.0192090395480226,"Increase",391,803,391
"06_UHGtBtCEoaUWRP","itt_fullspec_bn_employed_treat_HD","treat_HD",34,0.0192090395480226,"Increase",1194,2440,1194
"06_UHGtBtCEoaUWRP","itt_fullspec_bn_employed_treat_HD","treat_HD",34,0.0192090395480226,"Increase",94,195,94
"06_UHGtBtCEoaUWRP","itt_fullspec_bn_employed_treat_HD","treat_HD",34,0.0192090395480226,"Increase",1616,3306,1616
"06_UHGtBtCEoaUWRP","itt_fullspec_bn_employed_treat_HD","treat_HD",34,0.0192090395480226,"Increase",1124,2298,1124
"06_UHGtBtCEoaUWRP","itt_fullspec_bn_employed_treat_HD","treat_HD",34,0.0192090395480226,"Increase",223,459,223
"06_UHGtBtCEoaUWRP","itt_fullspec_bn_employed_treat_HD","treat_HD",34,0.0192090395480226,"Increase",363,745,363
"06_UHGtBtCEoaUWRP","itt_fullspec_bn_employed_treat_HD","treat_HD",34,0.0192090395480226,"Increase",1536,3143,1536
"06_UHGtBtCEoaUWRP","itt_fullspec_bn_employed_treat_HD","treat_HD",34,0.0192090395480226,"Increase",549,1126,549
"06_UHGtBtCEoaUWRP","itt_fullspec_bn_employed_treat_HD","treat_HD",34,0.0192090395480226,"Increase",1714,3504,1714
"06_UHGtBtCEoaUWRP","itt_fullspec_bn_employed_treat_HD","treat_HD",34,0.0192090395480226,"Increase",285,586,285
"06_UHGtBtCEoaUWRP","itt_fullspec_bn_employed_treat_HD","treat_HD",34,0.0192090395480226,"Increase",46,94,46
"06_UHGtBtCEoaUWRP","itt_fullspec_bn_employed_treat_HD","treat_HD",34,0.0192090395480226,"Increase",132,274,132
"06_UHGtBtCEoaUWRP","itt_fullspec_bn_employed_treat_HD","treat_HD",34,0.0192090395480226,"Increase",876,1791,876
"06_UHGtBtCEoaUWRP","itt_fullspec_bn_employed_treat_HD","treat_HD",34,0.0192090395480226,"Increase",734,1502,734
"06_UHGtBtCEoaUWRP","itt_fullspec_bn_employed_treat_HD","treat_HD",34,0.0192090395480226,"Increase",45,92,45
"06_UHGtBtCEoaUWRP","itt_fullspec_bn_employed_treat_HD","treat_HD",34,0.0192090395480226,"Increase",446,916,446
"06_UHGtBtCEoaUWRP","itt_fullspec_bn_employed_treat_HD","treat_HD",34,0.0192090395480226,"Increase",831,1698,831
"06_UHGtBtCEoaUWRP","itt_fullspec_bn_employed_treat_HD","treat_HD",34,0.0192090395480226,"Increase",168,348,168
"06_UHGtBtCEoaUWRP","itt_fullspec_bn_employed_treat_HD","treat_HD",34,0.0192090395480226,"Increase",783,1602,783
"06_UHGtBtCEoaUWRP","itt_fullspec_bn_employed_treat_HD","treat_HD",34,0.0192090395480226,"Increase",1702,3480,1702
"06_UHGtBtCEoaUWRP","itt_fullspec_bn_employed_treat_HD","treat_HD",34,0.0192090395480226,"Increase",1221,2496,1221
"06_UHGtBtCEoaUWRP","itt_fullspec_bn_employed_treat_HD","treat_HD",34,0.0192090395480226,"Increase",218,449,218
"06_UHGtBtCEoaUWRP","itt_fullspec_bn_employed_treat_HD","treat_HD",34,0.0192090395480226,"Increase",329,676,329
"06_UHGtBtCEoaUWRP","itt_fullspec_bn_employed_treat_HD","treat_HD",34,0.0192090395480226,"Increase",1527,3125,1527
"06_UHGtBtCEoaUWRP","itt_fullspec_bn_employed_treat_HD","treat_HD",34,0.0192090395480226,"Increase",838,1712,838
"06_UHGtBtCEoaUWRP","itt_fullspec_bn_employed_treat_HD","treat_HD",34,0.0192090395480226,"Increase",107,223,107
"06_UHGtBtCEoaUWRP","itt_fullspec_bn_employed_treat_HD","treat_HD",35,0.019774011299435,"Increase",1441,2950,1441
"06_UHGtBtCEoaUWRP","itt_fullspec_bn_employed_treat_HD","treat_HD",35,0.019774011299435,"Increase",632,1296,632
"06_UHGtBtCEoaUWRP","itt_fullspec_bn_employed_treat_HD","treat_HD",35,0.019774011299435,"Increase",1051,2148,1051
"06_UHGtBtCEoaUWRP","itt_fullspec_bn_employed_treat_HD","treat_HD",35,0.019774011299435,"Increase",1636,3346,1636
"06_UHGtBtCEoaUWRP","itt_fullspec_bn_employed_treat_HD","treat_HD",35,0.019774011299435,"Increase",1083,2214,1083
"06_UHGtBtCEoaUWRP","itt_fullspec_bn_employed_treat_HD","treat_HD",35,0.019774011299435,"Increase",380,780,380
"06_UHGtBtCEoaUWRP","itt_fullspec_bn_employed_treat_HD","treat_HD",35,0.019774011299435,"Increase",1442,2952,1442
"06_UHGtBtCEoaUWRP","itt_fullspec_bn_employed_treat_HD","treat_HD",35,0.019774011299435,"Increase",391,803,391
"06_UHGtBtCEoaUWRP","itt_fullspec_bn_employed_treat_HD","treat_HD",35,0.019774011299435,"Increase",1194,2440,1194
"06_UHGtBtCEoaUWRP","itt_fullspec_bn_employed_treat_HD","treat_HD",35,0.019774011299435,"Increase",94,195,94
"06_UHGtBtCEoaUWRP","itt_fullspec_bn_employed_treat_HD","treat_HD",35,0.019774011299435,"Increase",1616,3306,1616
"06_UHGtBtCEoaUWRP","itt_fullspec_bn_employed_treat_HD","treat_HD",35,0.019774011299435,"Increase",1124,2298,1124
"06_UHGtBtCEoaUWRP","itt_fullspec_bn_employed_treat_HD","treat_HD",35,0.019774011299435,"Increase",223,459,223
"06_UHGtBtCEoaUWRP","itt_fullspec_bn_employed_treat_HD","treat_HD",35,0.019774011299435,"Increase",363,745,363
"06_UHGtBtCEoaUWRP","itt_fullspec_bn_employed_treat_HD","treat_HD",35,0.019774011299435,"Increase",1536,3143,1536
"06_UHGtBtCEoaUWRP","itt_fullspec_bn_employed_treat_HD","treat_HD",35,0.019774011299435,"Increase",549,1126,549
"06_UHGtBtCEoaUWRP","itt_fullspec_bn_employed_treat_HD","treat_HD",35,0.019774011299435,"Increase",1714,3504,1714
"06_UHGtBtCEoaUWRP","itt_fullspec_bn_employed_treat_HD","treat_HD",35,0.019774011299435,"Increase",285,586,285
"06_UHGtBtCEoaUWRP","itt_fullspec_bn_employed_treat_HD","treat_HD",35,0.019774011299435,"Increase",46,94,46
"06_UHGtBtCEoaUWRP","itt_fullspec_bn_employed_treat_HD","treat_HD",35,0.019774011299435,"Increase",132,274,132
"06_UHGtBtCEoaUWRP","itt_fullspec_bn_employed_treat_HD","treat_HD",35,0.019774011299435,"Increase",876,1791,876
"06_UHGtBtCEoaUWRP","itt_fullspec_bn_employed_treat_HD","treat_HD",35,0.019774011299435,"Increase",734,1502,734
"06_UHGtBtCEoaUWRP","itt_fullspec_bn_employed_treat_HD","treat_HD",35,0.019774011299435,"Increase",45,92,45
"06_UHGtBtCEoaUWRP","itt_fullspec_bn_employed_treat_HD","treat_HD",35,0.019774011299435,"Increase",831,1698,831
"06_UHGtBtCEoaUWRP","itt_fullspec_bn_employed_treat_HD","treat_HD",35,0.019774011299435,"Increase",446,916,446
"06_UHGtBtCEoaUWRP","itt_fullspec_bn_employed_treat_HD","treat_HD",35,0.019774011299435,"Increase",168,348,168
"06_UHGtBtCEoaUWRP","itt_fullspec_bn_employed_treat_HD","treat_HD",35,0.019774011299435,"Increase",783,1602,783
"06_UHGtBtCEoaUWRP","itt_fullspec_bn_employed_treat_HD","treat_HD",35,0.019774011299435,"Increase",1702,3480,1702
"06_UHGtBtCEoaUWRP","itt_fullspec_bn_employed_treat_HD","treat_HD",35,0.019774011299435,"Increase",1221,2496,1221
"06_UHGtBtCEoaUWRP","itt_fullspec_bn_employed_treat_HD","treat_HD",35,0.019774011299435,"Increase",218,449,218
"06_UHGtBtCEoaUWRP","itt_fullspec_bn_employed_treat_HD","treat_HD",35,0.019774011299435,"Increase",329,676,329
"06_UHGtBtCEoaUWRP","itt_fullspec_bn_employed_treat_HD","treat_HD",35,0.019774011299435,"Increase",1527,3125,1527
"06_UHGtBtCEoaUWRP","itt_fullspec_bn_employed_treat_HD","treat_HD",35,0.019774011299435,"Increase",838,1712,838
"06_UHGtBtCEoaUWRP","itt_fullspec_bn_employed_treat_HD","treat_HD",35,0.019774011299435,"Increase",107,223,107
"06_UHGtBtCEoaUWRP","itt_fullspec_bn_employed_treat_HD","treat_HD",35,0.019774011299435,"Increase",1157,2365,1157
"06_UHGtBtCEoaUWRP","itt_fullspec_bn_employed_treat_HD","treat_HD",36,0.0203389830508475,"Increase",1441,2950,1441
"06_UHGtBtCEoaUWRP","itt_fullspec_bn_employed_treat_HD","treat_HD",36,0.0203389830508475,"Increase",632,1296,632
"06_UHGtBtCEoaUWRP","itt_fullspec_bn_employed_treat_HD","treat_HD",36,0.0203389830508475,"Increase",1051,2148,1051
"06_UHGtBtCEoaUWRP","itt_fullspec_bn_employed_treat_HD","treat_HD",36,0.0203389830508475,"Increase",1636,3346,1636
"06_UHGtBtCEoaUWRP","itt_fullspec_bn_employed_treat_HD","treat_HD",36,0.0203389830508475,"Increase",1083,2214,1083
"06_UHGtBtCEoaUWRP","itt_fullspec_bn_employed_treat_HD","treat_HD",36,0.0203389830508475,"Increase",380,780,380
"06_UHGtBtCEoaUWRP","itt_fullspec_bn_employed_treat_HD","treat_HD",36,0.0203389830508475,"Increase",1442,2952,1442
"06_UHGtBtCEoaUWRP","itt_fullspec_bn_employed_treat_HD","treat_HD",36,0.0203389830508475,"Increase",391,803,391
"06_UHGtBtCEoaUWRP","itt_fullspec_bn_employed_treat_HD","treat_HD",36,0.0203389830508475,"Increase",1194,2440,1194
"06_UHGtBtCEoaUWRP","itt_fullspec_bn_employed_treat_HD","treat_HD",36,0.0203389830508475,"Increase",94,195,94
"06_UHGtBtCEoaUWRP","itt_fullspec_bn_employed_treat_HD","treat_HD",36,0.0203389830508475,"Increase",1616,3306,1616
"06_UHGtBtCEoaUWRP","itt_fullspec_bn_employed_treat_HD","treat_HD",36,0.0203389830508475,"Increase",1124,2298,1124
"06_UHGtBtCEoaUWRP","itt_fullspec_bn_employed_treat_HD","treat_HD",36,0.0203389830508475,"Increase",223,459,223
"06_UHGtBtCEoaUWRP","itt_fullspec_bn_employed_treat_HD","treat_HD",36,0.0203389830508475,"Increase",363,745,363
"06_UHGtBtCEoaUWRP","itt_fullspec_bn_employed_treat_HD","treat_HD",36,0.0203389830508475,"Increase",1536,3143,1536
"06_UHGtBtCEoaUWRP","itt_fullspec_bn_employed_treat_HD","treat_HD",36,0.0203389830508475,"Increase",549,1126,549
"06_UHGtBtCEoaUWRP","itt_fullspec_bn_employed_treat_HD","treat_HD",36,0.0203389830508475,"Increase",1714,3504,1714
"06_UHGtBtCEoaUWRP","itt_fullspec_bn_employed_treat_HD","treat_HD",36,0.0203389830508475,"Increase",285,586,285
"06_UHGtBtCEoaUWRP","itt_fullspec_bn_employed_treat_HD","treat_HD",36,0.0203389830508475,"Increase",46,94,46
"06_UHGtBtCEoaUWRP","itt_fullspec_bn_employed_treat_HD","treat_HD",36,0.0203389830508475,"Increase",132,274,132
"06_UHGtBtCEoaUWRP","itt_fullspec_bn_employed_treat_HD","treat_HD",36,0.0203389830508475,"Increase",876,1791,876
"06_UHGtBtCEoaUWRP","itt_fullspec_bn_employed_treat_HD","treat_HD",36,0.0203389830508475,"Increase",734,1502,734
"06_UHGtBtCEoaUWRP","itt_fullspec_bn_employed_treat_HD","treat_HD",36,0.0203389830508475,"Increase",45,92,45
"06_UHGtBtCEoaUWRP","itt_fullspec_bn_employed_treat_HD","treat_HD",36,0.0203389830508475,"Increase",831,1698,831
"06_UHGtBtCEoaUWRP","itt_fullspec_bn_employed_treat_HD","treat_HD",36,0.0203389830508475,"Increase",446,916,446
"06_UHGtBtCEoaUWRP","itt_fullspec_bn_employed_treat_HD","treat_HD",36,0.0203389830508475,"Increase",168,348,168
"06_UHGtBtCEoaUWRP","itt_fullspec_bn_employed_treat_HD","treat_HD",36,0.0203389830508475,"Increase",783,1602,783
"06_UHGtBtCEoaUWRP","itt_fullspec_bn_employed_treat_HD","treat_HD",36,0.0203389830508475,"Increase",1702,3480,1702
"06_UHGtBtCEoaUWRP","itt_fullspec_bn_employed_treat_HD","treat_HD",36,0.0203389830508475,"Increase",1221,2496,1221
"06_UHGtBtCEoaUWRP","itt_fullspec_bn_employed_treat_HD","treat_HD",36,0.0203389830508475,"Increase",218,449,218
"06_UHGtBtCEoaUWRP","itt_fullspec_bn_employed_treat_HD","treat_HD",36,0.0203389830508475,"Increase",329,676,329
"06_UHGtBtCEoaUWRP","itt_fullspec_bn_employed_treat_HD","treat_HD",36,0.0203389830508475,"Increase",1527,3125,1527
"06_UHGtBtCEoaUWRP","itt_fullspec_bn_employed_treat_HD","treat_HD",36,0.0203389830508475,"Increase",838,1712,838
"06_UHGtBtCEoaUWRP","itt_fullspec_bn_employed_treat_HD","treat_HD",36,0.0203389830508475,"Increase",107,223,107
"06_UHGtBtCEoaUWRP","itt_fullspec_bn_employed_treat_HD","treat_HD",36,0.0203389830508475,"Increase",1157,2365,1157
"06_UHGtBtCEoaUWRP","itt_fullspec_bn_employed_treat_HD","treat_HD",36,0.0203389830508475,"Increase",1077,2202,1077
"06_UHGtBtCEoaUWRP","itt_fullspec_bn_employed_treat_HD","treat_HD",37,0.0209039548022599,"Increase",1441,2950,1441
"06_UHGtBtCEoaUWRP","itt_fullspec_bn_employed_treat_HD","treat_HD",37,0.0209039548022599,"Increase",632,1296,632
"06_UHGtBtCEoaUWRP","itt_fullspec_bn_employed_treat_HD","treat_HD",37,0.0209039548022599,"Increase",1051,2148,1051
"06_UHGtBtCEoaUWRP","itt_fullspec_bn_employed_treat_HD","treat_HD",37,0.0209039548022599,"Increase",1636,3346,1636
"06_UHGtBtCEoaUWRP","itt_fullspec_bn_employed_treat_HD","treat_HD",37,0.0209039548022599,"Increase",1083,2214,1083
"06_UHGtBtCEoaUWRP","itt_fullspec_bn_employed_treat_HD","treat_HD",37,0.0209039548022599,"Increase",380,780,380
"06_UHGtBtCEoaUWRP","itt_fullspec_bn_employed_treat_HD","treat_HD",37,0.0209039548022599,"Increase",1442,2952,1442
"06_UHGtBtCEoaUWRP","itt_fullspec_bn_employed_treat_HD","treat_HD",37,0.0209039548022599,"Increase",391,803,391
"06_UHGtBtCEoaUWRP","itt_fullspec_bn_employed_treat_HD","treat_HD",37,0.0209039548022599,"Increase",1194,2440,1194
"06_UHGtBtCEoaUWRP","itt_fullspec_bn_employed_treat_HD","treat_HD",37,0.0209039548022599,"Increase",94,195,94
"06_UHGtBtCEoaUWRP","itt_fullspec_bn_employed_treat_HD","treat_HD",37,0.0209039548022599,"Increase",1616,3306,1616
"06_UHGtBtCEoaUWRP","itt_fullspec_bn_employed_treat_HD","treat_HD",37,0.0209039548022599,"Increase",1124,2298,1124
"06_UHGtBtCEoaUWRP","itt_fullspec_bn_employed_treat_HD","treat_HD",37,0.0209039548022599,"Increase",223,459,223
"06_UHGtBtCEoaUWRP","itt_fullspec_bn_employed_treat_HD","treat_HD",37,0.0209039548022599,"Increase",363,745,363
"06_UHGtBtCEoaUWRP","itt_fullspec_bn_employed_treat_HD","treat_HD",37,0.0209039548022599,"Increase",1536,3143,1536
"06_UHGtBtCEoaUWRP","itt_fullspec_bn_employed_treat_HD","treat_HD",37,0.0209039548022599,"Increase",549,1126,549
"06_UHGtBtCEoaUWRP","itt_fullspec_bn_employed_treat_HD","treat_HD",37,0.0209039548022599,"Increase",1714,3504,1714
"06_UHGtBtCEoaUWRP","itt_fullspec_bn_employed_treat_HD","treat_HD",37,0.0209039548022599,"Increase",285,586,285
"06_UHGtBtCEoaUWRP","itt_fullspec_bn_employed_treat_HD","treat_HD",37,0.0209039548022599,"Increase",46,94,46
"06_UHGtBtCEoaUWRP","itt_fullspec_bn_employed_treat_HD","treat_HD",37,0.0209039548022599,"Increase",132,274,132
"06_UHGtBtCEoaUWRP","itt_fullspec_bn_employed_treat_HD","treat_HD",37,0.0209039548022599,"Increase",876,1791,876
"06_UHGtBtCEoaUWRP","itt_fullspec_bn_employed_treat_HD","treat_HD",37,0.0209039548022599,"Increase",734,1502,734
"06_UHGtBtCEoaUWRP","itt_fullspec_bn_employed_treat_HD","treat_HD",37,0.0209039548022599,"Increase",45,92,45
"06_UHGtBtCEoaUWRP","itt_fullspec_bn_employed_treat_HD","treat_HD",37,0.0209039548022599,"Increase",831,1698,831
"06_UHGtBtCEoaUWRP","itt_fullspec_bn_employed_treat_HD","treat_HD",37,0.0209039548022599,"Increase",446,916,446
"06_UHGtBtCEoaUWRP","itt_fullspec_bn_employed_treat_HD","treat_HD",37,0.0209039548022599,"Increase",168,348,168
"06_UHGtBtCEoaUWRP","itt_fullspec_bn_employed_treat_HD","treat_HD",37,0.0209039548022599,"Increase",783,1602,783
"06_UHGtBtCEoaUWRP","itt_fullspec_bn_employed_treat_HD","treat_HD",37,0.0209039548022599,"Increase",1702,3480,1702
"06_UHGtBtCEoaUWRP","itt_fullspec_bn_employed_treat_HD","treat_HD",37,0.0209039548022599,"Increase",1221,2496,1221
"06_UHGtBtCEoaUWRP","itt_fullspec_bn_employed_treat_HD","treat_HD",37,0.0209039548022599,"Increase",218,449,218
"06_UHGtBtCEoaUWRP","itt_fullspec_bn_employed_treat_HD","treat_HD",37,0.0209039548022599,"Increase",329,676,329
"06_UHGtBtCEoaUWRP","itt_fullspec_bn_employed_treat_HD","treat_HD",37,0.0209039548022599,"Increase",1527,3125,1527
"06_UHGtBtCEoaUWRP","itt_fullspec_bn_employed_treat_HD","treat_HD",37,0.0209039548022599,"Increase",838,1712,838
"06_UHGtBtCEoaUWRP","itt_fullspec_bn_employed_treat_HD","treat_HD",37,0.0209039548022599,"Increase",107,223,107
"06_UHGtBtCEoaUWRP","itt_fullspec_bn_employed_treat_HD","treat_HD",37,0.0209039548022599,"Increase",1157,2365,1157
"06_UHGtBtCEoaUWRP","itt_fullspec_bn_employed_treat_HD","treat_HD",37,0.0209039548022599,"Increase",1077,2202,1077
"06_UHGtBtCEoaUWRP","itt_fullspec_bn_employed_treat_HD","treat_HD",37,0.0209039548022599,"Increase",526,1080,526
"06_UHGtBtCEoaUWRP","itt_fullspec_bn_employed_treat_HD","treat_HD",38,0.0214689265536723,"Increase",1441,2950,1441
"06_UHGtBtCEoaUWRP","itt_fullspec_bn_employed_treat_HD","treat_HD",38,0.0214689265536723,"Increase",632,1296,632
"06_UHGtBtCEoaUWRP","itt_fullspec_bn_employed_treat_HD","treat_HD",38,0.0214689265536723,"Increase",1051,2148,1051
"06_UHGtBtCEoaUWRP","itt_fullspec_bn_employed_treat_HD","treat_HD",38,0.0214689265536723,"Increase",1636,3346,1636
"06_UHGtBtCEoaUWRP","itt_fullspec_bn_employed_treat_HD","treat_HD",38,0.0214689265536723,"Increase",1083,2214,1083
"06_UHGtBtCEoaUWRP","itt_fullspec_bn_employed_treat_HD","treat_HD",38,0.0214689265536723,"Increase",380,780,380
"06_UHGtBtCEoaUWRP","itt_fullspec_bn_employed_treat_HD","treat_HD",38,0.0214689265536723,"Increase",391,803,391
"06_UHGtBtCEoaUWRP","itt_fullspec_bn_employed_treat_HD","treat_HD",38,0.0214689265536723,"Increase",1442,2952,1442
"06_UHGtBtCEoaUWRP","itt_fullspec_bn_employed_treat_HD","treat_HD",38,0.0214689265536723,"Increase",1194,2440,1194
"06_UHGtBtCEoaUWRP","itt_fullspec_bn_employed_treat_HD","treat_HD",38,0.0214689265536723,"Increase",94,195,94
"06_UHGtBtCEoaUWRP","itt_fullspec_bn_employed_treat_HD","treat_HD",38,0.0214689265536723,"Increase",1616,3306,1616
"06_UHGtBtCEoaUWRP","itt_fullspec_bn_employed_treat_HD","treat_HD",38,0.0214689265536723,"Increase",1124,2298,1124
"06_UHGtBtCEoaUWRP","itt_fullspec_bn_employed_treat_HD","treat_HD",38,0.0214689265536723,"Increase",223,459,223
"06_UHGtBtCEoaUWRP","itt_fullspec_bn_employed_treat_HD","treat_HD",38,0.0214689265536723,"Increase",363,745,363
"06_UHGtBtCEoaUWRP","itt_fullspec_bn_employed_treat_HD","treat_HD",38,0.0214689265536723,"Increase",1536,3143,1536
"06_UHGtBtCEoaUWRP","itt_fullspec_bn_employed_treat_HD","treat_HD",38,0.0214689265536723,"Increase",549,1126,549
"06_UHGtBtCEoaUWRP","itt_fullspec_bn_employed_treat_HD","treat_HD",38,0.0214689265536723,"Increase",1714,3504,1714
"06_UHGtBtCEoaUWRP","itt_fullspec_bn_employed_treat_HD","treat_HD",38,0.0214689265536723,"Increase",285,586,285
"06_UHGtBtCEoaUWRP","itt_fullspec_bn_employed_treat_HD","treat_HD",38,0.0214689265536723,"Increase",46,94,46
"06_UHGtBtCEoaUWRP","itt_fullspec_bn_employed_treat_HD","treat_HD",38,0.0214689265536723,"Increase",132,274,132
"06_UHGtBtCEoaUWRP","itt_fullspec_bn_employed_treat_HD","treat_HD",38,0.0214689265536723,"Increase",876,1791,876
"06_UHGtBtCEoaUWRP","itt_fullspec_bn_employed_treat_HD","treat_HD",38,0.0214689265536723,"Increase",734,1502,734
"06_UHGtBtCEoaUWRP","itt_fullspec_bn_employed_treat_HD","treat_HD",38,0.0214689265536723,"Increase",45,92,45
"06_UHGtBtCEoaUWRP","itt_fullspec_bn_employed_treat_HD","treat_HD",38,0.0214689265536723,"Increase",831,1698,831
"06_UHGtBtCEoaUWRP","itt_fullspec_bn_employed_treat_HD","treat_HD",38,0.0214689265536723,"Increase",446,916,446
"06_UHGtBtCEoaUWRP","itt_fullspec_bn_employed_treat_HD","treat_HD",38,0.0214689265536723,"Increase",783,1602,783
"06_UHGtBtCEoaUWRP","itt_fullspec_bn_employed_treat_HD","treat_HD",38,0.0214689265536723,"Increase",168,348,168
"06_UHGtBtCEoaUWRP","itt_fullspec_bn_employed_treat_HD","treat_HD",38,0.0214689265536723,"Increase",1221,2496,1221
"06_UHGtBtCEoaUWRP","itt_fullspec_bn_employed_treat_HD","treat_HD",38,0.0214689265536723,"Increase",1702,3480,1702
"06_UHGtBtCEoaUWRP","itt_fullspec_bn_employed_treat_HD","treat_HD",38,0.0214689265536723,"Increase",218,449,218
"06_UHGtBtCEoaUWRP","itt_fullspec_bn_employed_treat_HD","treat_HD",38,0.0214689265536723,"Increase",1527,3125,1527
"06_UHGtBtCEoaUWRP","itt_fullspec_bn_employed_treat_HD","treat_HD",38,0.0214689265536723,"Increase",329,676,329
"06_UHGtBtCEoaUWRP","itt_fullspec_bn_employed_treat_HD","treat_HD",38,0.0214689265536723,"Increase",838,1712,838
"06_UHGtBtCEoaUWRP","itt_fullspec_bn_employed_treat_HD","treat_HD",38,0.0214689265536723,"Increase",107,223,107
"06_UHGtBtCEoaUWRP","itt_fullspec_bn_employed_treat_HD","treat_HD",38,0.0214689265536723,"Increase",1157,2365,1157
"06_UHGtBtCEoaUWRP","itt_fullspec_bn_employed_treat_HD","treat_HD",38,0.0214689265536723,"Increase",1077,2202,1077
"06_UHGtBtCEoaUWRP","itt_fullspec_bn_employed_treat_HD","treat_HD",38,0.0214689265536723,"Increase",526,1080,526
"06_UHGtBtCEoaUWRP","itt_fullspec_bn_employed_treat_HD","treat_HD",38,0.0214689265536723,"Increase",354,727,354
"06_UHGtBtCEoaUWRP","itt_fullspec_bn_employed_treat_HD","treat_HD",39,0.0220338983050847,"Increase",1441,2950,1441
"06_UHGtBtCEoaUWRP","itt_fullspec_bn_employed_treat_HD","treat_HD",39,0.0220338983050847,"Increase",632,1296,632
"06_UHGtBtCEoaUWRP","itt_fullspec_bn_employed_treat_HD","treat_HD",39,0.0220338983050847,"Increase",1051,2148,1051
"06_UHGtBtCEoaUWRP","itt_fullspec_bn_employed_treat_HD","treat_HD",39,0.0220338983050847,"Increase",1636,3346,1636
"06_UHGtBtCEoaUWRP","itt_fullspec_bn_employed_treat_HD","treat_HD",39,0.0220338983050847,"Increase",1083,2214,1083
"06_UHGtBtCEoaUWRP","itt_fullspec_bn_employed_treat_HD","treat_HD",39,0.0220338983050847,"Increase",380,780,380
"06_UHGtBtCEoaUWRP","itt_fullspec_bn_employed_treat_HD","treat_HD",39,0.0220338983050847,"Increase",391,803,391
"06_UHGtBtCEoaUWRP","itt_fullspec_bn_employed_treat_HD","treat_HD",39,0.0220338983050847,"Increase",1442,2952,1442
"06_UHGtBtCEoaUWRP","itt_fullspec_bn_employed_treat_HD","treat_HD",39,0.0220338983050847,"Increase",1194,2440,1194
"06_UHGtBtCEoaUWRP","itt_fullspec_bn_employed_treat_HD","treat_HD",39,0.0220338983050847,"Increase",94,195,94
"06_UHGtBtCEoaUWRP","itt_fullspec_bn_employed_treat_HD","treat_HD",39,0.0220338983050847,"Increase",1616,3306,1616
"06_UHGtBtCEoaUWRP","itt_fullspec_bn_employed_treat_HD","treat_HD",39,0.0220338983050847,"Increase",1124,2298,1124
"06_UHGtBtCEoaUWRP","itt_fullspec_bn_employed_treat_HD","treat_HD",39,0.0220338983050847,"Increase",223,459,223
"06_UHGtBtCEoaUWRP","itt_fullspec_bn_employed_treat_HD","treat_HD",39,0.0220338983050847,"Increase",363,745,363
"06_UHGtBtCEoaUWRP","itt_fullspec_bn_employed_treat_HD","treat_HD",39,0.0220338983050847,"Increase",1536,3143,1536
"06_UHGtBtCEoaUWRP","itt_fullspec_bn_employed_treat_HD","treat_HD",39,0.0220338983050847,"Increase",549,1126,549
"06_UHGtBtCEoaUWRP","itt_fullspec_bn_employed_treat_HD","treat_HD",39,0.0220338983050847,"Increase",1714,3504,1714
"06_UHGtBtCEoaUWRP","itt_fullspec_bn_employed_treat_HD","treat_HD",39,0.0220338983050847,"Increase",285,586,285
"06_UHGtBtCEoaUWRP","itt_fullspec_bn_employed_treat_HD","treat_HD",39,0.0220338983050847,"Increase",46,94,46
"06_UHGtBtCEoaUWRP","itt_fullspec_bn_employed_treat_HD","treat_HD",39,0.0220338983050847,"Increase",132,274,132
"06_UHGtBtCEoaUWRP","itt_fullspec_bn_employed_treat_HD","treat_HD",39,0.0220338983050847,"Increase",876,1791,876
"06_UHGtBtCEoaUWRP","itt_fullspec_bn_employed_treat_HD","treat_HD",39,0.0220338983050847,"Increase",734,1502,734
"06_UHGtBtCEoaUWRP","itt_fullspec_bn_employed_treat_HD","treat_HD",39,0.0220338983050847,"Increase",45,92,45
"06_UHGtBtCEoaUWRP","itt_fullspec_bn_employed_treat_HD","treat_HD",39,0.0220338983050847,"Increase",831,1698,831
"06_UHGtBtCEoaUWRP","itt_fullspec_bn_employed_treat_HD","treat_HD",39,0.0220338983050847,"Increase",446,916,446
"06_UHGtBtCEoaUWRP","itt_fullspec_bn_employed_treat_HD","treat_HD",39,0.0220338983050847,"Increase",783,1602,783
"06_UHGtBtCEoaUWRP","itt_fullspec_bn_employed_treat_HD","treat_HD",39,0.0220338983050847,"Increase",168,348,168
"06_UHGtBtCEoaUWRP","itt_fullspec_bn_employed_treat_HD","treat_HD",39,0.0220338983050847,"Increase",1221,2496,1221
"06_UHGtBtCEoaUWRP","itt_fullspec_bn_employed_treat_HD","treat_HD",39,0.0220338983050847,"Increase",1702,3480,1702
"06_UHGtBtCEoaUWRP","itt_fullspec_bn_employed_treat_HD","treat_HD",39,0.0220338983050847,"Increase",218,449,218
"06_UHGtBtCEoaUWRP","itt_fullspec_bn_employed_treat_HD","treat_HD",39,0.0220338983050847,"Increase",1527,3125,1527
"06_UHGtBtCEoaUWRP","itt_fullspec_bn_employed_treat_HD","treat_HD",39,0.0220338983050847,"Increase",329,676,329
"06_UHGtBtCEoaUWRP","itt_fullspec_bn_employed_treat_HD","treat_HD",39,0.0220338983050847,"Increase",838,1712,838
"06_UHGtBtCEoaUWRP","itt_fullspec_bn_employed_treat_HD","treat_HD",39,0.0220338983050847,"Increase",107,223,107
"06_UHGtBtCEoaUWRP","itt_fullspec_bn_employed_treat_HD","treat_HD",39,0.0220338983050847,"Increase",1157,2365,1157
"06_UHGtBtCEoaUWRP","itt_fullspec_bn_employed_treat_HD","treat_HD",39,0.0220338983050847,"Increase",1077,2202,1077
"06_UHGtBtCEoaUWRP","itt_fullspec_bn_employed_treat_HD","treat_HD",39,0.0220338983050847,"Increase",526,1080,526
"06_UHGtBtCEoaUWRP","itt_fullspec_bn_employed_treat_HD","treat_HD",39,0.0220338983050847,"Increase",354,727,354
"06_UHGtBtCEoaUWRP","itt_fullspec_bn_employed_treat_HD","treat_HD",39,0.0220338983050847,"Increase",669,1371,669
"06_UHGtBtCEoaUWRP","itt_fullspec_bn_employed_treat_HD","treat_HD",40,0.0225988700564972,"Increase",1441,2950,1441
"06_UHGtBtCEoaUWRP","itt_fullspec_bn_employed_treat_HD","treat_HD",40,0.0225988700564972,"Increase",632,1296,632
"06_UHGtBtCEoaUWRP","itt_fullspec_bn_employed_treat_HD","treat_HD",40,0.0225988700564972,"Increase",1051,2148,1051
"06_UHGtBtCEoaUWRP","itt_fullspec_bn_employed_treat_HD","treat_HD",40,0.0225988700564972,"Increase",1636,3346,1636
"06_UHGtBtCEoaUWRP","itt_fullspec_bn_employed_treat_HD","treat_HD",40,0.0225988700564972,"Increase",1083,2214,1083
"06_UHGtBtCEoaUWRP","itt_fullspec_bn_employed_treat_HD","treat_HD",40,0.0225988700564972,"Increase",380,780,380
"06_UHGtBtCEoaUWRP","itt_fullspec_bn_employed_treat_HD","treat_HD",40,0.0225988700564972,"Increase",391,803,391
"06_UHGtBtCEoaUWRP","itt_fullspec_bn_employed_treat_HD","treat_HD",40,0.0225988700564972,"Increase",1442,2952,1442
"06_UHGtBtCEoaUWRP","itt_fullspec_bn_employed_treat_HD","treat_HD",40,0.0225988700564972,"Increase",1194,2440,1194
"06_UHGtBtCEoaUWRP","itt_fullspec_bn_employed_treat_HD","treat_HD",40,0.0225988700564972,"Increase",94,195,94
"06_UHGtBtCEoaUWRP","itt_fullspec_bn_employed_treat_HD","treat_HD",40,0.0225988700564972,"Increase",1616,3306,1616
"06_UHGtBtCEoaUWRP","itt_fullspec_bn_employed_treat_HD","treat_HD",40,0.0225988700564972,"Increase",1124,2298,1124
"06_UHGtBtCEoaUWRP","itt_fullspec_bn_employed_treat_HD","treat_HD",40,0.0225988700564972,"Increase",223,459,223
"06_UHGtBtCEoaUWRP","itt_fullspec_bn_employed_treat_HD","treat_HD",40,0.0225988700564972,"Increase",363,745,363
"06_UHGtBtCEoaUWRP","itt_fullspec_bn_employed_treat_HD","treat_HD",40,0.0225988700564972,"Increase",1536,3143,1536
"06_UHGtBtCEoaUWRP","itt_fullspec_bn_employed_treat_HD","treat_HD",40,0.0225988700564972,"Increase",549,1126,549
"06_UHGtBtCEoaUWRP","itt_fullspec_bn_employed_treat_HD","treat_HD",40,0.0225988700564972,"Increase",1714,3504,1714
"06_UHGtBtCEoaUWRP","itt_fullspec_bn_employed_treat_HD","treat_HD",40,0.0225988700564972,"Increase",285,586,285
"06_UHGtBtCEoaUWRP","itt_fullspec_bn_employed_treat_HD","treat_HD",40,0.0225988700564972,"Increase",46,94,46
"06_UHGtBtCEoaUWRP","itt_fullspec_bn_employed_treat_HD","treat_HD",40,0.0225988700564972,"Increase",132,274,132
"06_UHGtBtCEoaUWRP","itt_fullspec_bn_employed_treat_HD","treat_HD",40,0.0225988700564972,"Increase",876,1791,876
"06_UHGtBtCEoaUWRP","itt_fullspec_bn_employed_treat_HD","treat_HD",40,0.0225988700564972,"Increase",734,1502,734
"06_UHGtBtCEoaUWRP","itt_fullspec_bn_employed_treat_HD","treat_HD",40,0.0225988700564972,"Increase",45,92,45
"06_UHGtBtCEoaUWRP","itt_fullspec_bn_employed_treat_HD","treat_HD",40,0.0225988700564972,"Increase",831,1698,831
"06_UHGtBtCEoaUWRP","itt_fullspec_bn_employed_treat_HD","treat_HD",40,0.0225988700564972,"Increase",446,916,446
"06_UHGtBtCEoaUWRP","itt_fullspec_bn_employed_treat_HD","treat_HD",40,0.0225988700564972,"Increase",783,1602,783
"06_UHGtBtCEoaUWRP","itt_fullspec_bn_employed_treat_HD","treat_HD",40,0.0225988700564972,"Increase",168,348,168
"06_UHGtBtCEoaUWRP","itt_fullspec_bn_employed_treat_HD","treat_HD",40,0.0225988700564972,"Increase",1221,2496,1221
"06_UHGtBtCEoaUWRP","itt_fullspec_bn_employed_treat_HD","treat_HD",40,0.0225988700564972,"Increase",1702,3480,1702
"06_UHGtBtCEoaUWRP","itt_fullspec_bn_employed_treat_HD","treat_HD",40,0.0225988700564972,"Increase",218,449,218
"06_UHGtBtCEoaUWRP","itt_fullspec_bn_employed_treat_HD","treat_HD",40,0.0225988700564972,"Increase",1527,3125,1527
"06_UHGtBtCEoaUWRP","itt_fullspec_bn_employed_treat_HD","treat_HD",40,0.0225988700564972,"Increase",329,676,329
"06_UHGtBtCEoaUWRP","itt_fullspec_bn_employed_treat_HD","treat_HD",40,0.0225988700564972,"Increase",838,1712,838
"06_UHGtBtCEoaUWRP","itt_fullspec_bn_employed_treat_HD","treat_HD",40,0.0225988700564972,"Increase",107,223,107
"06_UHGtBtCEoaUWRP","itt_fullspec_bn_employed_treat_HD","treat_HD",40,0.0225988700564972,"Increase",1157,2365,1157
"06_UHGtBtCEoaUWRP","itt_fullspec_bn_employed_treat_HD","treat_HD",40,0.0225988700564972,"Increase",1077,2202,1077
"06_UHGtBtCEoaUWRP","itt_fullspec_bn_employed_treat_HD","treat_HD",40,0.0225988700564972,"Increase",526,1080,526
"06_UHGtBtCEoaUWRP","itt_fullspec_bn_employed_treat_HD","treat_HD",40,0.0225988700564972,"Increase",354,727,354
"06_UHGtBtCEoaUWRP","itt_fullspec_bn_employed_treat_HD","treat_HD",40,0.0225988700564972,"Increase",669,1371,669
"06_UHGtBtCEoaUWRP","itt_fullspec_bn_employed_treat_HD","treat_HD",40,0.0225988700564972,"Increase",1200,2452,1200
"06_UHGtBtCEoaUWRP","itt_fullspec_bn_employed_treat_HD","treat_HD",41,0.0231638418079096,"Increase",1441,2950,1441
"06_UHGtBtCEoaUWRP","itt_fullspec_bn_employed_treat_HD","treat_HD",41,0.0231638418079096,"Increase",632,1296,632
"06_UHGtBtCEoaUWRP","itt_fullspec_bn_employed_treat_HD","treat_HD",41,0.0231638418079096,"Increase",1051,2148,1051
"06_UHGtBtCEoaUWRP","itt_fullspec_bn_employed_treat_HD","treat_HD",41,0.0231638418079096,"Increase",1636,3346,1636
"06_UHGtBtCEoaUWRP","itt_fullspec_bn_employed_treat_HD","treat_HD",41,0.0231638418079096,"Increase",1083,2214,1083
"06_UHGtBtCEoaUWRP","itt_fullspec_bn_employed_treat_HD","treat_HD",41,0.0231638418079096,"Increase",380,780,380
"06_UHGtBtCEoaUWRP","itt_fullspec_bn_employed_treat_HD","treat_HD",41,0.0231638418079096,"Increase",391,803,391
"06_UHGtBtCEoaUWRP","itt_fullspec_bn_employed_treat_HD","treat_HD",41,0.0231638418079096,"Increase",1442,2952,1442
"06_UHGtBtCEoaUWRP","itt_fullspec_bn_employed_treat_HD","treat_HD",41,0.0231638418079096,"Increase",1194,2440,1194
"06_UHGtBtCEoaUWRP","itt_fullspec_bn_employed_treat_HD","treat_HD",41,0.0231638418079096,"Increase",94,195,94
"06_UHGtBtCEoaUWRP","itt_fullspec_bn_employed_treat_HD","treat_HD",41,0.0231638418079096,"Increase",1616,3306,1616
"06_UHGtBtCEoaUWRP","itt_fullspec_bn_employed_treat_HD","treat_HD",41,0.0231638418079096,"Increase",1124,2298,1124
"06_UHGtBtCEoaUWRP","itt_fullspec_bn_employed_treat_HD","treat_HD",41,0.0231638418079096,"Increase",223,459,223
"06_UHGtBtCEoaUWRP","itt_fullspec_bn_employed_treat_HD","treat_HD",41,0.0231638418079096,"Increase",363,745,363
"06_UHGtBtCEoaUWRP","itt_fullspec_bn_employed_treat_HD","treat_HD",41,0.0231638418079096,"Increase",1536,3143,1536
"06_UHGtBtCEoaUWRP","itt_fullspec_bn_employed_treat_HD","treat_HD",41,0.0231638418079096,"Increase",549,1126,549
"06_UHGtBtCEoaUWRP","itt_fullspec_bn_employed_treat_HD","treat_HD",41,0.0231638418079096,"Increase",1714,3504,1714
"06_UHGtBtCEoaUWRP","itt_fullspec_bn_employed_treat_HD","treat_HD",41,0.0231638418079096,"Increase",285,586,285
"06_UHGtBtCEoaUWRP","itt_fullspec_bn_employed_treat_HD","treat_HD",41,0.0231638418079096,"Increase",46,94,46
"06_UHGtBtCEoaUWRP","itt_fullspec_bn_employed_treat_HD","treat_HD",41,0.0231638418079096,"Increase",132,274,132
"06_UHGtBtCEoaUWRP","itt_fullspec_bn_employed_treat_HD","treat_HD",41,0.0231638418079096,"Increase",876,1791,876
"06_UHGtBtCEoaUWRP","itt_fullspec_bn_employed_treat_HD","treat_HD",41,0.0231638418079096,"Increase",734,1502,734
"06_UHGtBtCEoaUWRP","itt_fullspec_bn_employed_treat_HD","treat_HD",41,0.0231638418079096,"Increase",45,92,45
"06_UHGtBtCEoaUWRP","itt_fullspec_bn_employed_treat_HD","treat_HD",41,0.0231638418079096,"Increase",831,1698,831
"06_UHGtBtCEoaUWRP","itt_fullspec_bn_employed_treat_HD","treat_HD",41,0.0231638418079096,"Increase",446,916,446
"06_UHGtBtCEoaUWRP","itt_fullspec_bn_employed_treat_HD","treat_HD",41,0.0231638418079096,"Increase",783,1602,783
"06_UHGtBtCEoaUWRP","itt_fullspec_bn_employed_treat_HD","treat_HD",41,0.0231638418079096,"Increase",168,348,168
"06_UHGtBtCEoaUWRP","itt_fullspec_bn_employed_treat_HD","treat_HD",41,0.0231638418079096,"Increase",1221,2496,1221
"06_UHGtBtCEoaUWRP","itt_fullspec_bn_employed_treat_HD","treat_HD",41,0.0231638418079096,"Increase",1702,3480,1702
"06_UHGtBtCEoaUWRP","itt_fullspec_bn_employed_treat_HD","treat_HD",41,0.0231638418079096,"Increase",218,449,218
"06_UHGtBtCEoaUWRP","itt_fullspec_bn_employed_treat_HD","treat_HD",41,0.0231638418079096,"Increase",1527,3125,1527
"06_UHGtBtCEoaUWRP","itt_fullspec_bn_employed_treat_HD","treat_HD",41,0.0231638418079096,"Increase",329,676,329
"06_UHGtBtCEoaUWRP","itt_fullspec_bn_employed_treat_HD","treat_HD",41,0.0231638418079096,"Increase",838,1712,838
"06_UHGtBtCEoaUWRP","itt_fullspec_bn_employed_treat_HD","treat_HD",41,0.0231638418079096,"Increase",107,223,107
"06_UHGtBtCEoaUWRP","itt_fullspec_bn_employed_treat_HD","treat_HD",41,0.0231638418079096,"Increase",1157,2365,1157
"06_UHGtBtCEoaUWRP","itt_fullspec_bn_employed_treat_HD","treat_HD",41,0.0231638418079096,"Increase",1077,2202,1077
"06_UHGtBtCEoaUWRP","itt_fullspec_bn_employed_treat_HD","treat_HD",41,0.0231638418079096,"Increase",526,1080,526
"06_UHGtBtCEoaUWRP","itt_fullspec_bn_employed_treat_HD","treat_HD",41,0.0231638418079096,"Increase",354,727,354
"06_UHGtBtCEoaUWRP","itt_fullspec_bn_employed_treat_HD","treat_HD",41,0.0231638418079096,"Increase",669,1371,669
"06_UHGtBtCEoaUWRP","itt_fullspec_bn_employed_treat_HD","treat_HD",41,0.0231638418079096,"Increase",1200,2452,1200
"06_UHGtBtCEoaUWRP","itt_fullspec_bn_employed_treat_HD","treat_HD",41,0.0231638418079096,"Increase",370,759,370
"06_UHGtBtCEoaUWRP","itt_fullspec_bn_employed_treat_HD","treat_HD",42,0.023728813559322,"Increase",1441,2950,1441
"06_UHGtBtCEoaUWRP","itt_fullspec_bn_employed_treat_HD","treat_HD",42,0.023728813559322,"Increase",632,1296,632
"06_UHGtBtCEoaUWRP","itt_fullspec_bn_employed_treat_HD","treat_HD",42,0.023728813559322,"Increase",1051,2148,1051
"06_UHGtBtCEoaUWRP","itt_fullspec_bn_employed_treat_HD","treat_HD",42,0.023728813559322,"Increase",1636,3346,1636
"06_UHGtBtCEoaUWRP","itt_fullspec_bn_employed_treat_HD","treat_HD",42,0.023728813559322,"Increase",1083,2214,1083
"06_UHGtBtCEoaUWRP","itt_fullspec_bn_employed_treat_HD","treat_HD",42,0.023728813559322,"Increase",380,780,380
"06_UHGtBtCEoaUWRP","itt_fullspec_bn_employed_treat_HD","treat_HD",42,0.023728813559322,"Increase",391,803,391
"06_UHGtBtCEoaUWRP","itt_fullspec_bn_employed_treat_HD","treat_HD",42,0.023728813559322,"Increase",1442,2952,1442
"06_UHGtBtCEoaUWRP","itt_fullspec_bn_employed_treat_HD","treat_HD",42,0.023728813559322,"Increase",1194,2440,1194
"06_UHGtBtCEoaUWRP","itt_fullspec_bn_employed_treat_HD","treat_HD",42,0.023728813559322,"Increase",94,195,94
"06_UHGtBtCEoaUWRP","itt_fullspec_bn_employed_treat_HD","treat_HD",42,0.023728813559322,"Increase",1616,3306,1616
"06_UHGtBtCEoaUWRP","itt_fullspec_bn_employed_treat_HD","treat_HD",42,0.023728813559322,"Increase",1124,2298,1124
"06_UHGtBtCEoaUWRP","itt_fullspec_bn_employed_treat_HD","treat_HD",42,0.023728813559322,"Increase",223,459,223
"06_UHGtBtCEoaUWRP","itt_fullspec_bn_employed_treat_HD","treat_HD",42,0.023728813559322,"Increase",363,745,363
"06_UHGtBtCEoaUWRP","itt_fullspec_bn_employed_treat_HD","treat_HD",42,0.023728813559322,"Increase",1536,3143,1536
"06_UHGtBtCEoaUWRP","itt_fullspec_bn_employed_treat_HD","treat_HD",42,0.023728813559322,"Increase",549,1126,549
"06_UHGtBtCEoaUWRP","itt_fullspec_bn_employed_treat_HD","treat_HD",42,0.023728813559322,"Increase",1714,3504,1714
"06_UHGtBtCEoaUWRP","itt_fullspec_bn_employed_treat_HD","treat_HD",42,0.023728813559322,"Increase",285,586,285
"06_UHGtBtCEoaUWRP","itt_fullspec_bn_employed_treat_HD","treat_HD",42,0.023728813559322,"Increase",46,94,46
"06_UHGtBtCEoaUWRP","itt_fullspec_bn_employed_treat_HD","treat_HD",42,0.023728813559322,"Increase",132,274,132
"06_UHGtBtCEoaUWRP","itt_fullspec_bn_employed_treat_HD","treat_HD",42,0.023728813559322,"Increase",876,1791,876
"06_UHGtBtCEoaUWRP","itt_fullspec_bn_employed_treat_HD","treat_HD",42,0.023728813559322,"Increase",734,1502,734
"06_UHGtBtCEoaUWRP","itt_fullspec_bn_employed_treat_HD","treat_HD",42,0.023728813559322,"Increase",45,92,45
"06_UHGtBtCEoaUWRP","itt_fullspec_bn_employed_treat_HD","treat_HD",42,0.023728813559322,"Increase",831,1698,831
"06_UHGtBtCEoaUWRP","itt_fullspec_bn_employed_treat_HD","treat_HD",42,0.023728813559322,"Increase",446,916,446
"06_UHGtBtCEoaUWRP","itt_fullspec_bn_employed_treat_HD","treat_HD",42,0.023728813559322,"Increase",783,1602,783
"06_UHGtBtCEoaUWRP","itt_fullspec_bn_employed_treat_HD","treat_HD",42,0.023728813559322,"Increase",168,348,168
"06_UHGtBtCEoaUWRP","itt_fullspec_bn_employed_treat_HD","treat_HD",42,0.023728813559322,"Increase",1221,2496,1221
"06_UHGtBtCEoaUWRP","itt_fullspec_bn_employed_treat_HD","treat_HD",42,0.023728813559322,"Increase",1702,3480,1702
"06_UHGtBtCEoaUWRP","itt_fullspec_bn_employed_treat_HD","treat_HD",42,0.023728813559322,"Increase",218,449,218
"06_UHGtBtCEoaUWRP","itt_fullspec_bn_employed_treat_HD","treat_HD",42,0.023728813559322,"Increase",1527,3125,1527
"06_UHGtBtCEoaUWRP","itt_fullspec_bn_employed_treat_HD","treat_HD",42,0.023728813559322,"Increase",329,676,329
"06_UHGtBtCEoaUWRP","itt_fullspec_bn_employed_treat_HD","treat_HD",42,0.023728813559322,"Increase",838,1712,838
"06_UHGtBtCEoaUWRP","itt_fullspec_bn_employed_treat_HD","treat_HD",42,0.023728813559322,"Increase",107,223,107
"06_UHGtBtCEoaUWRP","itt_fullspec_bn_employed_treat_HD","treat_HD",42,0.023728813559322,"Increase",1157,2365,1157
"06_UHGtBtCEoaUWRP","itt_fullspec_bn_employed_treat_HD","treat_HD",42,0.023728813559322,"Increase",1077,2202,1077
"06_UHGtBtCEoaUWRP","itt_fullspec_bn_employed_treat_HD","treat_HD",42,0.023728813559322,"Increase",526,1080,526
"06_UHGtBtCEoaUWRP","itt_fullspec_bn_employed_treat_HD","treat_HD",42,0.023728813559322,"Increase",354,727,354
"06_UHGtBtCEoaUWRP","itt_fullspec_bn_employed_treat_HD","treat_HD",42,0.023728813559322,"Increase",669,1371,669
"06_UHGtBtCEoaUWRP","itt_fullspec_bn_employed_treat_HD","treat_HD",42,0.023728813559322,"Increase",1200,2452,1200
"06_UHGtBtCEoaUWRP","itt_fullspec_bn_employed_treat_HD","treat_HD",42,0.023728813559322,"Increase",370,759,370
"06_UHGtBtCEoaUWRP","itt_fullspec_bn_employed_treat_HD","treat_HD",42,0.023728813559322,"Increase",618,1268,618
"06_UHGtBtCEoaUWRP","itt_fullspec_bn_employed_treat_HD","treat_HD",43,0.0242937853107345,"Increase",1441,2950,1441
"06_UHGtBtCEoaUWRP","itt_fullspec_bn_employed_treat_HD","treat_HD",43,0.0242937853107345,"Increase",632,1296,632
"06_UHGtBtCEoaUWRP","itt_fullspec_bn_employed_treat_HD","treat_HD",43,0.0242937853107345,"Increase",1051,2148,1051
"06_UHGtBtCEoaUWRP","itt_fullspec_bn_employed_treat_HD","treat_HD",43,0.0242937853107345,"Increase",1636,3346,1636
"06_UHGtBtCEoaUWRP","itt_fullspec_bn_employed_treat_HD","treat_HD",43,0.0242937853107345,"Increase",1083,2214,1083
"06_UHGtBtCEoaUWRP","itt_fullspec_bn_employed_treat_HD","treat_HD",43,0.0242937853107345,"Increase",380,780,380
"06_UHGtBtCEoaUWRP","itt_fullspec_bn_employed_treat_HD","treat_HD",43,0.0242937853107345,"Increase",391,803,391
"06_UHGtBtCEoaUWRP","itt_fullspec_bn_employed_treat_HD","treat_HD",43,0.0242937853107345,"Increase",1442,2952,1442
"06_UHGtBtCEoaUWRP","itt_fullspec_bn_employed_treat_HD","treat_HD",43,0.0242937853107345,"Increase",1194,2440,1194
"06_UHGtBtCEoaUWRP","itt_fullspec_bn_employed_treat_HD","treat_HD",43,0.0242937853107345,"Increase",94,195,94
"06_UHGtBtCEoaUWRP","itt_fullspec_bn_employed_treat_HD","treat_HD",43,0.0242937853107345,"Increase",1616,3306,1616
"06_UHGtBtCEoaUWRP","itt_fullspec_bn_employed_treat_HD","treat_HD",43,0.0242937853107345,"Increase",1124,2298,1124
"06_UHGtBtCEoaUWRP","itt_fullspec_bn_employed_treat_HD","treat_HD",43,0.0242937853107345,"Increase",223,459,223
"06_UHGtBtCEoaUWRP","itt_fullspec_bn_employed_treat_HD","treat_HD",43,0.0242937853107345,"Increase",1536,3143,1536
"06_UHGtBtCEoaUWRP","itt_fullspec_bn_employed_treat_HD","treat_HD",43,0.0242937853107345,"Increase",363,745,363
"06_UHGtBtCEoaUWRP","itt_fullspec_bn_employed_treat_HD","treat_HD",43,0.0242937853107345,"Increase",549,1126,549
"06_UHGtBtCEoaUWRP","itt_fullspec_bn_employed_treat_HD","treat_HD",43,0.0242937853107345,"Increase",1714,3504,1714
"06_UHGtBtCEoaUWRP","itt_fullspec_bn_employed_treat_HD","treat_HD",43,0.0242937853107345,"Increase",285,586,285
"06_UHGtBtCEoaUWRP","itt_fullspec_bn_employed_treat_HD","treat_HD",43,0.0242937853107345,"Increase",46,94,46
"06_UHGtBtCEoaUWRP","itt_fullspec_bn_employed_treat_HD","treat_HD",43,0.0242937853107345,"Increase",132,274,132
"06_UHGtBtCEoaUWRP","itt_fullspec_bn_employed_treat_HD","treat_HD",43,0.0242937853107345,"Increase",876,1791,876
"06_UHGtBtCEoaUWRP","itt_fullspec_bn_employed_treat_HD","treat_HD",43,0.0242937853107345,"Increase",734,1502,734
"06_UHGtBtCEoaUWRP","itt_fullspec_bn_employed_treat_HD","treat_HD",43,0.0242937853107345,"Increase",45,92,45
"06_UHGtBtCEoaUWRP","itt_fullspec_bn_employed_treat_HD","treat_HD",43,0.0242937853107345,"Increase",831,1698,831
"06_UHGtBtCEoaUWRP","itt_fullspec_bn_employed_treat_HD","treat_HD",43,0.0242937853107345,"Increase",446,916,446
"06_UHGtBtCEoaUWRP","itt_fullspec_bn_employed_treat_HD","treat_HD",43,0.0242937853107345,"Increase",783,1602,783
"06_UHGtBtCEoaUWRP","itt_fullspec_bn_employed_treat_HD","treat_HD",43,0.0242937853107345,"Increase",168,348,168
"06_UHGtBtCEoaUWRP","itt_fullspec_bn_employed_treat_HD","treat_HD",43,0.0242937853107345,"Increase",1221,2496,1221
"06_UHGtBtCEoaUWRP","itt_fullspec_bn_employed_treat_HD","treat_HD",43,0.0242937853107345,"Increase",218,449,218
"06_UHGtBtCEoaUWRP","itt_fullspec_bn_employed_treat_HD","treat_HD",43,0.0242937853107345,"Increase",1702,3480,1702
"06_UHGtBtCEoaUWRP","itt_fullspec_bn_employed_treat_HD","treat_HD",43,0.0242937853107345,"Increase",1527,3125,1527
"06_UHGtBtCEoaUWRP","itt_fullspec_bn_employed_treat_HD","treat_HD",43,0.0242937853107345,"Increase",329,676,329
"06_UHGtBtCEoaUWRP","itt_fullspec_bn_employed_treat_HD","treat_HD",43,0.0242937853107345,"Increase",838,1712,838
"06_UHGtBtCEoaUWRP","itt_fullspec_bn_employed_treat_HD","treat_HD",43,0.0242937853107345,"Increase",107,223,107
"06_UHGtBtCEoaUWRP","itt_fullspec_bn_employed_treat_HD","treat_HD",43,0.0242937853107345,"Increase",1157,2365,1157
"06_UHGtBtCEoaUWRP","itt_fullspec_bn_employed_treat_HD","treat_HD",43,0.0242937853107345,"Increase",1077,2202,1077
"06_UHGtBtCEoaUWRP","itt_fullspec_bn_employed_treat_HD","treat_HD",43,0.0242937853107345,"Increase",526,1080,526
"06_UHGtBtCEoaUWRP","itt_fullspec_bn_employed_treat_HD","treat_HD",43,0.0242937853107345,"Increase",354,727,354
"06_UHGtBtCEoaUWRP","itt_fullspec_bn_employed_treat_HD","treat_HD",43,0.0242937853107345,"Increase",669,1371,669
"06_UHGtBtCEoaUWRP","itt_fullspec_bn_employed_treat_HD","treat_HD",43,0.0242937853107345,"Increase",1200,2452,1200
"06_UHGtBtCEoaUWRP","itt_fullspec_bn_employed_treat_HD","treat_HD",43,0.0242937853107345,"Increase",370,759,370
"06_UHGtBtCEoaUWRP","itt_fullspec_bn_employed_treat_HD","treat_HD",43,0.0242937853107345,"Increase",618,1268,618
"06_UHGtBtCEoaUWRP","itt_fullspec_bn_employed_treat_HD","treat_HD",43,0.0242937853107345,"Increase",718,1470,718
"06_UHGtBtCEoaUWRP","itt_fullspec_bn_employed_treat_HD","treat_HD",44,0.0248587570621469,"Increase",1441,2950,1441
"06_UHGtBtCEoaUWRP","itt_fullspec_bn_employed_treat_HD","treat_HD",44,0.0248587570621469,"Increase",632,1296,632
"06_UHGtBtCEoaUWRP","itt_fullspec_bn_employed_treat_HD","treat_HD",44,0.0248587570621469,"Increase",1051,2148,1051
"06_UHGtBtCEoaUWRP","itt_fullspec_bn_employed_treat_HD","treat_HD",44,0.0248587570621469,"Increase",1636,3346,1636
"06_UHGtBtCEoaUWRP","itt_fullspec_bn_employed_treat_HD","treat_HD",44,0.0248587570621469,"Increase",1083,2214,1083
"06_UHGtBtCEoaUWRP","itt_fullspec_bn_employed_treat_HD","treat_HD",44,0.0248587570621469,"Increase",380,780,380
"06_UHGtBtCEoaUWRP","itt_fullspec_bn_employed_treat_HD","treat_HD",44,0.0248587570621469,"Increase",391,803,391
"06_UHGtBtCEoaUWRP","itt_fullspec_bn_employed_treat_HD","treat_HD",44,0.0248587570621469,"Increase",1442,2952,1442
"06_UHGtBtCEoaUWRP","itt_fullspec_bn_employed_treat_HD","treat_HD",44,0.0248587570621469,"Increase",1194,2440,1194
"06_UHGtBtCEoaUWRP","itt_fullspec_bn_employed_treat_HD","treat_HD",44,0.0248587570621469,"Increase",94,195,94
"06_UHGtBtCEoaUWRP","itt_fullspec_bn_employed_treat_HD","treat_HD",44,0.0248587570621469,"Increase",1616,3306,1616
"06_UHGtBtCEoaUWRP","itt_fullspec_bn_employed_treat_HD","treat_HD",44,0.0248587570621469,"Increase",1124,2298,1124
"06_UHGtBtCEoaUWRP","itt_fullspec_bn_employed_treat_HD","treat_HD",44,0.0248587570621469,"Increase",223,459,223
"06_UHGtBtCEoaUWRP","itt_fullspec_bn_employed_treat_HD","treat_HD",44,0.0248587570621469,"Increase",1536,3143,1536
"06_UHGtBtCEoaUWRP","itt_fullspec_bn_employed_treat_HD","treat_HD",44,0.0248587570621469,"Increase",363,745,363
"06_UHGtBtCEoaUWRP","itt_fullspec_bn_employed_treat_HD","treat_HD",44,0.0248587570621469,"Increase",549,1126,549
"06_UHGtBtCEoaUWRP","itt_fullspec_bn_employed_treat_HD","treat_HD",44,0.0248587570621469,"Increase",1714,3504,1714
"06_UHGtBtCEoaUWRP","itt_fullspec_bn_employed_treat_HD","treat_HD",44,0.0248587570621469,"Increase",285,586,285
"06_UHGtBtCEoaUWRP","itt_fullspec_bn_employed_treat_HD","treat_HD",44,0.0248587570621469,"Increase",46,94,46
"06_UHGtBtCEoaUWRP","itt_fullspec_bn_employed_treat_HD","treat_HD",44,0.0248587570621469,"Increase",132,274,132
"06_UHGtBtCEoaUWRP","itt_fullspec_bn_employed_treat_HD","treat_HD",44,0.0248587570621469,"Increase",876,1791,876
"06_UHGtBtCEoaUWRP","itt_fullspec_bn_employed_treat_HD","treat_HD",44,0.0248587570621469,"Increase",734,1502,734
"06_UHGtBtCEoaUWRP","itt_fullspec_bn_employed_treat_HD","treat_HD",44,0.0248587570621469,"Increase",45,92,45
"06_UHGtBtCEoaUWRP","itt_fullspec_bn_employed_treat_HD","treat_HD",44,0.0248587570621469,"Increase",831,1698,831
"06_UHGtBtCEoaUWRP","itt_fullspec_bn_employed_treat_HD","treat_HD",44,0.0248587570621469,"Increase",446,916,446
"06_UHGtBtCEoaUWRP","itt_fullspec_bn_employed_treat_HD","treat_HD",44,0.0248587570621469,"Increase",783,1602,783
"06_UHGtBtCEoaUWRP","itt_fullspec_bn_employed_treat_HD","treat_HD",44,0.0248587570621469,"Increase",1221,2496,1221
"06_UHGtBtCEoaUWRP","itt_fullspec_bn_employed_treat_HD","treat_HD",44,0.0248587570621469,"Increase",168,348,168
"06_UHGtBtCEoaUWRP","itt_fullspec_bn_employed_treat_HD","treat_HD",44,0.0248587570621469,"Increase",218,449,218
"06_UHGtBtCEoaUWRP","itt_fullspec_bn_employed_treat_HD","treat_HD",44,0.0248587570621469,"Increase",1702,3480,1702
"06_UHGtBtCEoaUWRP","itt_fullspec_bn_employed_treat_HD","treat_HD",44,0.0248587570621469,"Increase",1527,3125,1527
"06_UHGtBtCEoaUWRP","itt_fullspec_bn_employed_treat_HD","treat_HD",44,0.0248587570621469,"Increase",329,676,329
"06_UHGtBtCEoaUWRP","itt_fullspec_bn_employed_treat_HD","treat_HD",44,0.0248587570621469,"Increase",838,1712,838
"06_UHGtBtCEoaUWRP","itt_fullspec_bn_employed_treat_HD","treat_HD",44,0.0248587570621469,"Increase",107,223,107
"06_UHGtBtCEoaUWRP","itt_fullspec_bn_employed_treat_HD","treat_HD",44,0.0248587570621469,"Increase",1157,2365,1157
"06_UHGtBtCEoaUWRP","itt_fullspec_bn_employed_treat_HD","treat_HD",44,0.0248587570621469,"Increase",1077,2202,1077
"06_UHGtBtCEoaUWRP","itt_fullspec_bn_employed_treat_HD","treat_HD",44,0.0248587570621469,"Increase",526,1080,526
"06_UHGtBtCEoaUWRP","itt_fullspec_bn_employed_treat_HD","treat_HD",44,0.0248587570621469,"Increase",354,727,354
"06_UHGtBtCEoaUWRP","itt_fullspec_bn_employed_treat_HD","treat_HD",44,0.0248587570621469,"Increase",669,1371,669
"06_UHGtBtCEoaUWRP","itt_fullspec_bn_employed_treat_HD","treat_HD",44,0.0248587570621469,"Increase",1200,2452,1200
"06_UHGtBtCEoaUWRP","itt_fullspec_bn_employed_treat_HD","treat_HD",44,0.0248587570621469,"Increase",370,759,370
"06_UHGtBtCEoaUWRP","itt_fullspec_bn_employed_treat_HD","treat_HD",44,0.0248587570621469,"Increase",618,1268,618
"06_UHGtBtCEoaUWRP","itt_fullspec_bn_employed_treat_HD","treat_HD",44,0.0248587570621469,"Increase",718,1470,718
"06_UHGtBtCEoaUWRP","itt_fullspec_bn_employed_treat_HD","treat_HD",44,0.0248587570621469,"Increase",860,1758,860
"06_UHGtBtCEoaUWRP","itt_fullspec_bn_employed_treat_HD","treat_HD",45,0.0254237288135593,"Increase",1441,2950,1441
"06_UHGtBtCEoaUWRP","itt_fullspec_bn_employed_treat_HD","treat_HD",45,0.0254237288135593,"Increase",632,1296,632
"06_UHGtBtCEoaUWRP","itt_fullspec_bn_employed_treat_HD","treat_HD",45,0.0254237288135593,"Increase",1051,2148,1051
"06_UHGtBtCEoaUWRP","itt_fullspec_bn_employed_treat_HD","treat_HD",45,0.0254237288135593,"Increase",1636,3346,1636
"06_UHGtBtCEoaUWRP","itt_fullspec_bn_employed_treat_HD","treat_HD",45,0.0254237288135593,"Increase",1083,2214,1083
"06_UHGtBtCEoaUWRP","itt_fullspec_bn_employed_treat_HD","treat_HD",45,0.0254237288135593,"Increase",380,780,380
"06_UHGtBtCEoaUWRP","itt_fullspec_bn_employed_treat_HD","treat_HD",45,0.0254237288135593,"Increase",391,803,391
"06_UHGtBtCEoaUWRP","itt_fullspec_bn_employed_treat_HD","treat_HD",45,0.0254237288135593,"Increase",1442,2952,1442
"06_UHGtBtCEoaUWRP","itt_fullspec_bn_employed_treat_HD","treat_HD",45,0.0254237288135593,"Increase",1194,2440,1194
"06_UHGtBtCEoaUWRP","itt_fullspec_bn_employed_treat_HD","treat_HD",45,0.0254237288135593,"Increase",94,195,94
"06_UHGtBtCEoaUWRP","itt_fullspec_bn_employed_treat_HD","treat_HD",45,0.0254237288135593,"Increase",1616,3306,1616
"06_UHGtBtCEoaUWRP","itt_fullspec_bn_employed_treat_HD","treat_HD",45,0.0254237288135593,"Increase",1124,2298,1124
"06_UHGtBtCEoaUWRP","itt_fullspec_bn_employed_treat_HD","treat_HD",45,0.0254237288135593,"Increase",223,459,223
"06_UHGtBtCEoaUWRP","itt_fullspec_bn_employed_treat_HD","treat_HD",45,0.0254237288135593,"Increase",1536,3143,1536
"06_UHGtBtCEoaUWRP","itt_fullspec_bn_employed_treat_HD","treat_HD",45,0.0254237288135593,"Increase",363,745,363
"06_UHGtBtCEoaUWRP","itt_fullspec_bn_employed_treat_HD","treat_HD",45,0.0254237288135593,"Increase",549,1126,549
"06_UHGtBtCEoaUWRP","itt_fullspec_bn_employed_treat_HD","treat_HD",45,0.0254237288135593,"Increase",1714,3504,1714
"06_UHGtBtCEoaUWRP","itt_fullspec_bn_employed_treat_HD","treat_HD",45,0.0254237288135593,"Increase",285,586,285
"06_UHGtBtCEoaUWRP","itt_fullspec_bn_employed_treat_HD","treat_HD",45,0.0254237288135593,"Increase",46,94,46
"06_UHGtBtCEoaUWRP","itt_fullspec_bn_employed_treat_HD","treat_HD",45,0.0254237288135593,"Increase",132,274,132
"06_UHGtBtCEoaUWRP","itt_fullspec_bn_employed_treat_HD","treat_HD",45,0.0254237288135593,"Increase",876,1791,876
"06_UHGtBtCEoaUWRP","itt_fullspec_bn_employed_treat_HD","treat_HD",45,0.0254237288135593,"Increase",734,1502,734
"06_UHGtBtCEoaUWRP","itt_fullspec_bn_employed_treat_HD","treat_HD",45,0.0254237288135593,"Increase",45,92,45
"06_UHGtBtCEoaUWRP","itt_fullspec_bn_employed_treat_HD","treat_HD",45,0.0254237288135593,"Increase",831,1698,831
"06_UHGtBtCEoaUWRP","itt_fullspec_bn_employed_treat_HD","treat_HD",45,0.0254237288135593,"Increase",446,916,446
"06_UHGtBtCEoaUWRP","itt_fullspec_bn_employed_treat_HD","treat_HD",45,0.0254237288135593,"Increase",783,1602,783
"06_UHGtBtCEoaUWRP","itt_fullspec_bn_employed_treat_HD","treat_HD",45,0.0254237288135593,"Increase",1221,2496,1221
"06_UHGtBtCEoaUWRP","itt_fullspec_bn_employed_treat_HD","treat_HD",45,0.0254237288135593,"Increase",168,348,168
"06_UHGtBtCEoaUWRP","itt_fullspec_bn_employed_treat_HD","treat_HD",45,0.0254237288135593,"Increase",218,449,218
"06_UHGtBtCEoaUWRP","itt_fullspec_bn_employed_treat_HD","treat_HD",45,0.0254237288135593,"Increase",1702,3480,1702
"06_UHGtBtCEoaUWRP","itt_fullspec_bn_employed_treat_HD","treat_HD",45,0.0254237288135593,"Increase",1527,3125,1527
"06_UHGtBtCEoaUWRP","itt_fullspec_bn_employed_treat_HD","treat_HD",45,0.0254237288135593,"Increase",329,676,329
"06_UHGtBtCEoaUWRP","itt_fullspec_bn_employed_treat_HD","treat_HD",45,0.0254237288135593,"Increase",838,1712,838
"06_UHGtBtCEoaUWRP","itt_fullspec_bn_employed_treat_HD","treat_HD",45,0.0254237288135593,"Increase",107,223,107
"06_UHGtBtCEoaUWRP","itt_fullspec_bn_employed_treat_HD","treat_HD",45,0.0254237288135593,"Increase",1157,2365,1157
"06_UHGtBtCEoaUWRP","itt_fullspec_bn_employed_treat_HD","treat_HD",45,0.0254237288135593,"Increase",1077,2202,1077
"06_UHGtBtCEoaUWRP","itt_fullspec_bn_employed_treat_HD","treat_HD",45,0.0254237288135593,"Increase",526,1080,526
"06_UHGtBtCEoaUWRP","itt_fullspec_bn_employed_treat_HD","treat_HD",45,0.0254237288135593,"Increase",354,727,354
"06_UHGtBtCEoaUWRP","itt_fullspec_bn_employed_treat_HD","treat_HD",45,0.0254237288135593,"Increase",669,1371,669
"06_UHGtBtCEoaUWRP","itt_fullspec_bn_employed_treat_HD","treat_HD",45,0.0254237288135593,"Increase",1200,2452,1200
"06_UHGtBtCEoaUWRP","itt_fullspec_bn_employed_treat_HD","treat_HD",45,0.0254237288135593,"Increase",370,759,370
"06_UHGtBtCEoaUWRP","itt_fullspec_bn_employed_treat_HD","treat_HD",45,0.0254237288135593,"Increase",618,1268,618
"06_UHGtBtCEoaUWRP","itt_fullspec_bn_employed_treat_HD","treat_HD",45,0.0254237288135593,"Increase",718,1470,718
"06_UHGtBtCEoaUWRP","itt_fullspec_bn_employed_treat_HD","treat_HD",45,0.0254237288135593,"Increase",860,1758,860
"06_UHGtBtCEoaUWRP","itt_fullspec_bn_employed_treat_HD","treat_HD",45,0.0254237288135593,"Increase",1472,3014,1472
"06_UHGtBtCEoaUWRP","itt_fullspec_bn_employed_treat_HD","treat_HD",46,0.0259887005649717,"Increase",1441,2950,1441
"06_UHGtBtCEoaUWRP","itt_fullspec_bn_employed_treat_HD","treat_HD",46,0.0259887005649717,"Increase",632,1296,632
"06_UHGtBtCEoaUWRP","itt_fullspec_bn_employed_treat_HD","treat_HD",46,0.0259887005649717,"Increase",1051,2148,1051
"06_UHGtBtCEoaUWRP","itt_fullspec_bn_employed_treat_HD","treat_HD",46,0.0259887005649717,"Increase",1636,3346,1636
"06_UHGtBtCEoaUWRP","itt_fullspec_bn_employed_treat_HD","treat_HD",46,0.0259887005649717,"Increase",1083,2214,1083
"06_UHGtBtCEoaUWRP","itt_fullspec_bn_employed_treat_HD","treat_HD",46,0.0259887005649717,"Increase",380,780,380
"06_UHGtBtCEoaUWRP","itt_fullspec_bn_employed_treat_HD","treat_HD",46,0.0259887005649717,"Increase",391,803,391
"06_UHGtBtCEoaUWRP","itt_fullspec_bn_employed_treat_HD","treat_HD",46,0.0259887005649717,"Increase",1442,2952,1442
"06_UHGtBtCEoaUWRP","itt_fullspec_bn_employed_treat_HD","treat_HD",46,0.0259887005649717,"Increase",1194,2440,1194
"06_UHGtBtCEoaUWRP","itt_fullspec_bn_employed_treat_HD","treat_HD",46,0.0259887005649717,"Increase",94,195,94
"06_UHGtBtCEoaUWRP","itt_fullspec_bn_employed_treat_HD","treat_HD",46,0.0259887005649717,"Increase",1616,3306,1616
"06_UHGtBtCEoaUWRP","itt_fullspec_bn_employed_treat_HD","treat_HD",46,0.0259887005649717,"Increase",1124,2298,1124
"06_UHGtBtCEoaUWRP","itt_fullspec_bn_employed_treat_HD","treat_HD",46,0.0259887005649717,"Increase",223,459,223
"06_UHGtBtCEoaUWRP","itt_fullspec_bn_employed_treat_HD","treat_HD",46,0.0259887005649717,"Increase",1536,3143,1536
"06_UHGtBtCEoaUWRP","itt_fullspec_bn_employed_treat_HD","treat_HD",46,0.0259887005649717,"Increase",363,745,363
"06_UHGtBtCEoaUWRP","itt_fullspec_bn_employed_treat_HD","treat_HD",46,0.0259887005649717,"Increase",549,1126,549
"06_UHGtBtCEoaUWRP","itt_fullspec_bn_employed_treat_HD","treat_HD",46,0.0259887005649717,"Increase",1714,3504,1714
"06_UHGtBtCEoaUWRP","itt_fullspec_bn_employed_treat_HD","treat_HD",46,0.0259887005649717,"Increase",285,586,285
"06_UHGtBtCEoaUWRP","itt_fullspec_bn_employed_treat_HD","treat_HD",46,0.0259887005649717,"Increase",46,94,46
"06_UHGtBtCEoaUWRP","itt_fullspec_bn_employed_treat_HD","treat_HD",46,0.0259887005649717,"Increase",132,274,132
"06_UHGtBtCEoaUWRP","itt_fullspec_bn_employed_treat_HD","treat_HD",46,0.0259887005649717,"Increase",876,1791,876
"06_UHGtBtCEoaUWRP","itt_fullspec_bn_employed_treat_HD","treat_HD",46,0.0259887005649717,"Increase",734,1502,734
"06_UHGtBtCEoaUWRP","itt_fullspec_bn_employed_treat_HD","treat_HD",46,0.0259887005649717,"Increase",45,92,45
"06_UHGtBtCEoaUWRP","itt_fullspec_bn_employed_treat_HD","treat_HD",46,0.0259887005649717,"Increase",831,1698,831
"06_UHGtBtCEoaUWRP","itt_fullspec_bn_employed_treat_HD","treat_HD",46,0.0259887005649717,"Increase",446,916,446
"06_UHGtBtCEoaUWRP","itt_fullspec_bn_employed_treat_HD","treat_HD",46,0.0259887005649717,"Increase",783,1602,783
"06_UHGtBtCEoaUWRP","itt_fullspec_bn_employed_treat_HD","treat_HD",46,0.0259887005649717,"Increase",1221,2496,1221
"06_UHGtBtCEoaUWRP","itt_fullspec_bn_employed_treat_HD","treat_HD",46,0.0259887005649717,"Increase",218,449,218
"06_UHGtBtCEoaUWRP","itt_fullspec_bn_employed_treat_HD","treat_HD",46,0.0259887005649717,"Increase",168,348,168
"06_UHGtBtCEoaUWRP","itt_fullspec_bn_employed_treat_HD","treat_HD",46,0.0259887005649717,"Increase",1702,3480,1702
"06_UHGtBtCEoaUWRP","itt_fullspec_bn_employed_treat_HD","treat_HD",46,0.0259887005649717,"Increase",1527,3125,1527
"06_UHGtBtCEoaUWRP","itt_fullspec_bn_employed_treat_HD","treat_HD",46,0.0259887005649717,"Increase",329,676,329
"06_UHGtBtCEoaUWRP","itt_fullspec_bn_employed_treat_HD","treat_HD",46,0.0259887005649717,"Increase",838,1712,838
"06_UHGtBtCEoaUWRP","itt_fullspec_bn_employed_treat_HD","treat_HD",46,0.0259887005649717,"Increase",107,223,107
"06_UHGtBtCEoaUWRP","itt_fullspec_bn_employed_treat_HD","treat_HD",46,0.0259887005649717,"Increase",1157,2365,1157
"06_UHGtBtCEoaUWRP","itt_fullspec_bn_employed_treat_HD","treat_HD",46,0.0259887005649717,"Increase",1077,2202,1077
"06_UHGtBtCEoaUWRP","itt_fullspec_bn_employed_treat_HD","treat_HD",46,0.0259887005649717,"Increase",526,1080,526
"06_UHGtBtCEoaUWRP","itt_fullspec_bn_employed_treat_HD","treat_HD",46,0.0259887005649717,"Increase",354,727,354
"06_UHGtBtCEoaUWRP","itt_fullspec_bn_employed_treat_HD","treat_HD",46,0.0259887005649717,"Increase",669,1371,669
"06_UHGtBtCEoaUWRP","itt_fullspec_bn_employed_treat_HD","treat_HD",46,0.0259887005649717,"Increase",1200,2452,1200
"06_UHGtBtCEoaUWRP","itt_fullspec_bn_employed_treat_HD","treat_HD",46,0.0259887005649717,"Increase",370,759,370
"06_UHGtBtCEoaUWRP","itt_fullspec_bn_employed_treat_HD","treat_HD",46,0.0259887005649717,"Increase",618,1268,618
"06_UHGtBtCEoaUWRP","itt_fullspec_bn_employed_treat_HD","treat_HD",46,0.0259887005649717,"Increase",718,1470,718
"06_UHGtBtCEoaUWRP","itt_fullspec_bn_employed_treat_HD","treat_HD",46,0.0259887005649717,"Increase",860,1758,860
"06_UHGtBtCEoaUWRP","itt_fullspec_bn_employed_treat_HD","treat_HD",46,0.0259887005649717,"Increase",1472,3014,1472
"06_UHGtBtCEoaUWRP","itt_fullspec_bn_employed_treat_HD","treat_HD",46,0.0259887005649717,"Increase",1746,3569,1746
"06_UHGtBtCEoaUWRP","itt_fullspec_bn_employed_treat_HD","treat_HD",47,0.0265536723163842,"Increase",1441,2950,1441
"06_UHGtBtCEoaUWRP","itt_fullspec_bn_employed_treat_HD","treat_HD",47,0.0265536723163842,"Increase",632,1296,632
"06_UHGtBtCEoaUWRP","itt_fullspec_bn_employed_treat_HD","treat_HD",47,0.0265536723163842,"Increase",1051,2148,1051
"06_UHGtBtCEoaUWRP","itt_fullspec_bn_employed_treat_HD","treat_HD",47,0.0265536723163842,"Increase",1636,3346,1636
"06_UHGtBtCEoaUWRP","itt_fullspec_bn_employed_treat_HD","treat_HD",47,0.0265536723163842,"Increase",1083,2214,1083
"06_UHGtBtCEoaUWRP","itt_fullspec_bn_employed_treat_HD","treat_HD",47,0.0265536723163842,"Increase",380,780,380
"06_UHGtBtCEoaUWRP","itt_fullspec_bn_employed_treat_HD","treat_HD",47,0.0265536723163842,"Increase",391,803,391
"06_UHGtBtCEoaUWRP","itt_fullspec_bn_employed_treat_HD","treat_HD",47,0.0265536723163842,"Increase",1442,2952,1442
"06_UHGtBtCEoaUWRP","itt_fullspec_bn_employed_treat_HD","treat_HD",47,0.0265536723163842,"Increase",1194,2440,1194
"06_UHGtBtCEoaUWRP","itt_fullspec_bn_employed_treat_HD","treat_HD",47,0.0265536723163842,"Increase",94,195,94
"06_UHGtBtCEoaUWRP","itt_fullspec_bn_employed_treat_HD","treat_HD",47,0.0265536723163842,"Increase",1616,3306,1616
"06_UHGtBtCEoaUWRP","itt_fullspec_bn_employed_treat_HD","treat_HD",47,0.0265536723163842,"Increase",1124,2298,1124
"06_UHGtBtCEoaUWRP","itt_fullspec_bn_employed_treat_HD","treat_HD",47,0.0265536723163842,"Increase",223,459,223
"06_UHGtBtCEoaUWRP","itt_fullspec_bn_employed_treat_HD","treat_HD",47,0.0265536723163842,"Increase",1536,3143,1536
"06_UHGtBtCEoaUWRP","itt_fullspec_bn_employed_treat_HD","treat_HD",47,0.0265536723163842,"Increase",363,745,363
"06_UHGtBtCEoaUWRP","itt_fullspec_bn_employed_treat_HD","treat_HD",47,0.0265536723163842,"Increase",549,1126,549
"06_UHGtBtCEoaUWRP","itt_fullspec_bn_employed_treat_HD","treat_HD",47,0.0265536723163842,"Increase",1714,3504,1714
"06_UHGtBtCEoaUWRP","itt_fullspec_bn_employed_treat_HD","treat_HD",47,0.0265536723163842,"Increase",285,586,285
"06_UHGtBtCEoaUWRP","itt_fullspec_bn_employed_treat_HD","treat_HD",47,0.0265536723163842,"Increase",46,94,46
"06_UHGtBtCEoaUWRP","itt_fullspec_bn_employed_treat_HD","treat_HD",47,0.0265536723163842,"Increase",132,274,132
"06_UHGtBtCEoaUWRP","itt_fullspec_bn_employed_treat_HD","treat_HD",47,0.0265536723163842,"Increase",734,1502,734
"06_UHGtBtCEoaUWRP","itt_fullspec_bn_employed_treat_HD","treat_HD",47,0.0265536723163842,"Increase",876,1791,876
"06_UHGtBtCEoaUWRP","itt_fullspec_bn_employed_treat_HD","treat_HD",47,0.0265536723163842,"Increase",45,92,45
"06_UHGtBtCEoaUWRP","itt_fullspec_bn_employed_treat_HD","treat_HD",47,0.0265536723163842,"Increase",831,1698,831
"06_UHGtBtCEoaUWRP","itt_fullspec_bn_employed_treat_HD","treat_HD",47,0.0265536723163842,"Increase",446,916,446
"06_UHGtBtCEoaUWRP","itt_fullspec_bn_employed_treat_HD","treat_HD",47,0.0265536723163842,"Increase",783,1602,783
"06_UHGtBtCEoaUWRP","itt_fullspec_bn_employed_treat_HD","treat_HD",47,0.0265536723163842,"Increase",1221,2496,1221
"06_UHGtBtCEoaUWRP","itt_fullspec_bn_employed_treat_HD","treat_HD",47,0.0265536723163842,"Increase",218,449,218
"06_UHGtBtCEoaUWRP","itt_fullspec_bn_employed_treat_HD","treat_HD",47,0.0265536723163842,"Increase",168,348,168
"06_UHGtBtCEoaUWRP","itt_fullspec_bn_employed_treat_HD","treat_HD",47,0.0265536723163842,"Increase",1702,3480,1702
"06_UHGtBtCEoaUWRP","itt_fullspec_bn_employed_treat_HD","treat_HD",47,0.0265536723163842,"Increase",1527,3125,1527
"06_UHGtBtCEoaUWRP","itt_fullspec_bn_employed_treat_HD","treat_HD",47,0.0265536723163842,"Increase",329,676,329
"06_UHGtBtCEoaUWRP","itt_fullspec_bn_employed_treat_HD","treat_HD",47,0.0265536723163842,"Increase",838,1712,838
"06_UHGtBtCEoaUWRP","itt_fullspec_bn_employed_treat_HD","treat_HD",47,0.0265536723163842,"Increase",107,223,107
"06_UHGtBtCEoaUWRP","itt_fullspec_bn_employed_treat_HD","treat_HD",47,0.0265536723163842,"Increase",1157,2365,1157
"06_UHGtBtCEoaUWRP","itt_fullspec_bn_employed_treat_HD","treat_HD",47,0.0265536723163842,"Increase",526,1080,526
"06_UHGtBtCEoaUWRP","itt_fullspec_bn_employed_treat_HD","treat_HD",47,0.0265536723163842,"Increase",1077,2202,1077
"06_UHGtBtCEoaUWRP","itt_fullspec_bn_employed_treat_HD","treat_HD",47,0.0265536723163842,"Increase",354,727,354
"06_UHGtBtCEoaUWRP","itt_fullspec_bn_employed_treat_HD","treat_HD",47,0.0265536723163842,"Increase",1200,2452,1200
"06_UHGtBtCEoaUWRP","itt_fullspec_bn_employed_treat_HD","treat_HD",47,0.0265536723163842,"Increase",669,1371,669
"06_UHGtBtCEoaUWRP","itt_fullspec_bn_employed_treat_HD","treat_HD",47,0.0265536723163842,"Increase",370,759,370
"06_UHGtBtCEoaUWRP","itt_fullspec_bn_employed_treat_HD","treat_HD",47,0.0265536723163842,"Increase",618,1268,618
"06_UHGtBtCEoaUWRP","itt_fullspec_bn_employed_treat_HD","treat_HD",47,0.0265536723163842,"Increase",718,1470,718
"06_UHGtBtCEoaUWRP","itt_fullspec_bn_employed_treat_HD","treat_HD",47,0.0265536723163842,"Increase",860,1758,860
"06_UHGtBtCEoaUWRP","itt_fullspec_bn_employed_treat_HD","treat_HD",47,0.0265536723163842,"Increase",1472,3014,1472
"06_UHGtBtCEoaUWRP","itt_fullspec_bn_employed_treat_HD","treat_HD",47,0.0265536723163842,"Increase",1746,3569,1746
"06_UHGtBtCEoaUWRP","itt_fullspec_bn_employed_treat_HD","treat_HD",47,0.0265536723163842,"Increase",1022,2087,1022
"06_UHGtBtCEoaUWRP","itt_fullspec_bn_employed_treat_HD","treat_HD",48,0.0271186440677966,"Increase",1441,2950,1441
"06_UHGtBtCEoaUWRP","itt_fullspec_bn_employed_treat_HD","treat_HD",48,0.0271186440677966,"Increase",632,1296,632
"06_UHGtBtCEoaUWRP","itt_fullspec_bn_employed_treat_HD","treat_HD",48,0.0271186440677966,"Increase",1051,2148,1051
"06_UHGtBtCEoaUWRP","itt_fullspec_bn_employed_treat_HD","treat_HD",48,0.0271186440677966,"Increase",1636,3346,1636
"06_UHGtBtCEoaUWRP","itt_fullspec_bn_employed_treat_HD","treat_HD",48,0.0271186440677966,"Increase",1083,2214,1083
"06_UHGtBtCEoaUWRP","itt_fullspec_bn_employed_treat_HD","treat_HD",48,0.0271186440677966,"Increase",380,780,380
"06_UHGtBtCEoaUWRP","itt_fullspec_bn_employed_treat_HD","treat_HD",48,0.0271186440677966,"Increase",391,803,391
"06_UHGtBtCEoaUWRP","itt_fullspec_bn_employed_treat_HD","treat_HD",48,0.0271186440677966,"Increase",1442,2952,1442
"06_UHGtBtCEoaUWRP","itt_fullspec_bn_employed_treat_HD","treat_HD",48,0.0271186440677966,"Increase",1194,2440,1194
"06_UHGtBtCEoaUWRP","itt_fullspec_bn_employed_treat_HD","treat_HD",48,0.0271186440677966,"Increase",94,195,94
"06_UHGtBtCEoaUWRP","itt_fullspec_bn_employed_treat_HD","treat_HD",48,0.0271186440677966,"Increase",1616,3306,1616
"06_UHGtBtCEoaUWRP","itt_fullspec_bn_employed_treat_HD","treat_HD",48,0.0271186440677966,"Increase",1124,2298,1124
"06_UHGtBtCEoaUWRP","itt_fullspec_bn_employed_treat_HD","treat_HD",48,0.0271186440677966,"Increase",223,459,223
"06_UHGtBtCEoaUWRP","itt_fullspec_bn_employed_treat_HD","treat_HD",48,0.0271186440677966,"Increase",1536,3143,1536
"06_UHGtBtCEoaUWRP","itt_fullspec_bn_employed_treat_HD","treat_HD",48,0.0271186440677966,"Increase",363,745,363
"06_UHGtBtCEoaUWRP","itt_fullspec_bn_employed_treat_HD","treat_HD",48,0.0271186440677966,"Increase",1714,3504,1714
"06_UHGtBtCEoaUWRP","itt_fullspec_bn_employed_treat_HD","treat_HD",48,0.0271186440677966,"Increase",549,1126,549
"06_UHGtBtCEoaUWRP","itt_fullspec_bn_employed_treat_HD","treat_HD",48,0.0271186440677966,"Increase",285,586,285
"06_UHGtBtCEoaUWRP","itt_fullspec_bn_employed_treat_HD","treat_HD",48,0.0271186440677966,"Increase",46,94,46
"06_UHGtBtCEoaUWRP","itt_fullspec_bn_employed_treat_HD","treat_HD",48,0.0271186440677966,"Increase",132,274,132
"06_UHGtBtCEoaUWRP","itt_fullspec_bn_employed_treat_HD","treat_HD",48,0.0271186440677966,"Increase",734,1502,734
"06_UHGtBtCEoaUWRP","itt_fullspec_bn_employed_treat_HD","treat_HD",48,0.0271186440677966,"Increase",876,1791,876
"06_UHGtBtCEoaUWRP","itt_fullspec_bn_employed_treat_HD","treat_HD",48,0.0271186440677966,"Increase",45,92,45
"06_UHGtBtCEoaUWRP","itt_fullspec_bn_employed_treat_HD","treat_HD",48,0.0271186440677966,"Increase",831,1698,831
"06_UHGtBtCEoaUWRP","itt_fullspec_bn_employed_treat_HD","treat_HD",48,0.0271186440677966,"Increase",446,916,446
"06_UHGtBtCEoaUWRP","itt_fullspec_bn_employed_treat_HD","treat_HD",48,0.0271186440677966,"Increase",783,1602,783
"06_UHGtBtCEoaUWRP","itt_fullspec_bn_employed_treat_HD","treat_HD",48,0.0271186440677966,"Increase",218,449,218
"06_UHGtBtCEoaUWRP","itt_fullspec_bn_employed_treat_HD","treat_HD",48,0.0271186440677966,"Increase",1221,2496,1221
"06_UHGtBtCEoaUWRP","itt_fullspec_bn_employed_treat_HD","treat_HD",48,0.0271186440677966,"Increase",168,348,168
"06_UHGtBtCEoaUWRP","itt_fullspec_bn_employed_treat_HD","treat_HD",48,0.0271186440677966,"Increase",1527,3125,1527
"06_UHGtBtCEoaUWRP","itt_fullspec_bn_employed_treat_HD","treat_HD",48,0.0271186440677966,"Increase",1702,3480,1702
"06_UHGtBtCEoaUWRP","itt_fullspec_bn_employed_treat_HD","treat_HD",48,0.0271186440677966,"Increase",329,676,329
"06_UHGtBtCEoaUWRP","itt_fullspec_bn_employed_treat_HD","treat_HD",48,0.0271186440677966,"Increase",838,1712,838
"06_UHGtBtCEoaUWRP","itt_fullspec_bn_employed_treat_HD","treat_HD",48,0.0271186440677966,"Increase",107,223,107
"06_UHGtBtCEoaUWRP","itt_fullspec_bn_employed_treat_HD","treat_HD",48,0.0271186440677966,"Increase",1157,2365,1157
"06_UHGtBtCEoaUWRP","itt_fullspec_bn_employed_treat_HD","treat_HD",48,0.0271186440677966,"Increase",526,1080,526
"06_UHGtBtCEoaUWRP","itt_fullspec_bn_employed_treat_HD","treat_HD",48,0.0271186440677966,"Increase",1077,2202,1077
"06_UHGtBtCEoaUWRP","itt_fullspec_bn_employed_treat_HD","treat_HD",48,0.0271186440677966,"Increase",354,727,354
"06_UHGtBtCEoaUWRP","itt_fullspec_bn_employed_treat_HD","treat_HD",48,0.0271186440677966,"Increase",1200,2452,1200
"06_UHGtBtCEoaUWRP","itt_fullspec_bn_employed_treat_HD","treat_HD",48,0.0271186440677966,"Increase",669,1371,669
"06_UHGtBtCEoaUWRP","itt_fullspec_bn_employed_treat_HD","treat_HD",48,0.0271186440677966,"Increase",370,759,370
"06_UHGtBtCEoaUWRP","itt_fullspec_bn_employed_treat_HD","treat_HD",48,0.0271186440677966,"Increase",618,1268,618
"06_UHGtBtCEoaUWRP","itt_fullspec_bn_employed_treat_HD","treat_HD",48,0.0271186440677966,"Increase",718,1470,718
"06_UHGtBtCEoaUWRP","itt_fullspec_bn_employed_treat_HD","treat_HD",48,0.0271186440677966,"Increase",860,1758,860
"06_UHGtBtCEoaUWRP","itt_fullspec_bn_employed_treat_HD","treat_HD",48,0.0271186440677966,"Increase",1472,3014,1472
"06_UHGtBtCEoaUWRP","itt_fullspec_bn_employed_treat_HD","treat_HD",48,0.0271186440677966,"Increase",1746,3569,1746
"06_UHGtBtCEoaUWRP","itt_fullspec_bn_employed_treat_HD","treat_HD",48,0.0271186440677966,"Increase",1022,2087,1022
"06_UHGtBtCEoaUWRP","itt_fullspec_bn_employed_treat_HD","treat_HD",48,0.0271186440677966,"Increase",1248,2554,1248
"06_UHGtBtCEoaUWRP","itt_fullspec_bn_employed_treat_HD","treat_HD",49,0.027683615819209,"Increase",1441,2950,1441
"06_UHGtBtCEoaUWRP","itt_fullspec_bn_employed_treat_HD","treat_HD",49,0.027683615819209,"Increase",632,1296,632
"06_UHGtBtCEoaUWRP","itt_fullspec_bn_employed_treat_HD","treat_HD",49,0.027683615819209,"Increase",1051,2148,1051
"06_UHGtBtCEoaUWRP","itt_fullspec_bn_employed_treat_HD","treat_HD",49,0.027683615819209,"Increase",1636,3346,1636
"06_UHGtBtCEoaUWRP","itt_fullspec_bn_employed_treat_HD","treat_HD",49,0.027683615819209,"Increase",1083,2214,1083
"06_UHGtBtCEoaUWRP","itt_fullspec_bn_employed_treat_HD","treat_HD",49,0.027683615819209,"Increase",380,780,380
"06_UHGtBtCEoaUWRP","itt_fullspec_bn_employed_treat_HD","treat_HD",49,0.027683615819209,"Increase",391,803,391
"06_UHGtBtCEoaUWRP","itt_fullspec_bn_employed_treat_HD","treat_HD",49,0.027683615819209,"Increase",1442,2952,1442
"06_UHGtBtCEoaUWRP","itt_fullspec_bn_employed_treat_HD","treat_HD",49,0.027683615819209,"Increase",1194,2440,1194
"06_UHGtBtCEoaUWRP","itt_fullspec_bn_employed_treat_HD","treat_HD",49,0.027683615819209,"Increase",94,195,94
"06_UHGtBtCEoaUWRP","itt_fullspec_bn_employed_treat_HD","treat_HD",49,0.027683615819209,"Increase",1616,3306,1616
"06_UHGtBtCEoaUWRP","itt_fullspec_bn_employed_treat_HD","treat_HD",49,0.027683615819209,"Increase",1124,2298,1124
"06_UHGtBtCEoaUWRP","itt_fullspec_bn_employed_treat_HD","treat_HD",49,0.027683615819209,"Increase",223,459,223
"06_UHGtBtCEoaUWRP","itt_fullspec_bn_employed_treat_HD","treat_HD",49,0.027683615819209,"Increase",1536,3143,1536
"06_UHGtBtCEoaUWRP","itt_fullspec_bn_employed_treat_HD","treat_HD",49,0.027683615819209,"Increase",363,745,363
"06_UHGtBtCEoaUWRP","itt_fullspec_bn_employed_treat_HD","treat_HD",49,0.027683615819209,"Increase",1714,3504,1714
"06_UHGtBtCEoaUWRP","itt_fullspec_bn_employed_treat_HD","treat_HD",49,0.027683615819209,"Increase",549,1126,549
"06_UHGtBtCEoaUWRP","itt_fullspec_bn_employed_treat_HD","treat_HD",49,0.027683615819209,"Increase",285,586,285
"06_UHGtBtCEoaUWRP","itt_fullspec_bn_employed_treat_HD","treat_HD",49,0.027683615819209,"Increase",46,94,46
"06_UHGtBtCEoaUWRP","itt_fullspec_bn_employed_treat_HD","treat_HD",49,0.027683615819209,"Increase",132,274,132
"06_UHGtBtCEoaUWRP","itt_fullspec_bn_employed_treat_HD","treat_HD",49,0.027683615819209,"Increase",734,1502,734
"06_UHGtBtCEoaUWRP","itt_fullspec_bn_employed_treat_HD","treat_HD",49,0.027683615819209,"Increase",876,1791,876
"06_UHGtBtCEoaUWRP","itt_fullspec_bn_employed_treat_HD","treat_HD",49,0.027683615819209,"Increase",45,92,45
"06_UHGtBtCEoaUWRP","itt_fullspec_bn_employed_treat_HD","treat_HD",49,0.027683615819209,"Increase",831,1698,831
"06_UHGtBtCEoaUWRP","itt_fullspec_bn_employed_treat_HD","treat_HD",49,0.027683615819209,"Increase",446,916,446
"06_UHGtBtCEoaUWRP","itt_fullspec_bn_employed_treat_HD","treat_HD",49,0.027683615819209,"Increase",783,1602,783
"06_UHGtBtCEoaUWRP","itt_fullspec_bn_employed_treat_HD","treat_HD",49,0.027683615819209,"Increase",218,449,218
"06_UHGtBtCEoaUWRP","itt_fullspec_bn_employed_treat_HD","treat_HD",49,0.027683615819209,"Increase",1221,2496,1221
"06_UHGtBtCEoaUWRP","itt_fullspec_bn_employed_treat_HD","treat_HD",49,0.027683615819209,"Increase",168,348,168
"06_UHGtBtCEoaUWRP","itt_fullspec_bn_employed_treat_HD","treat_HD",49,0.027683615819209,"Increase",1527,3125,1527
"06_UHGtBtCEoaUWRP","itt_fullspec_bn_employed_treat_HD","treat_HD",49,0.027683615819209,"Increase",1702,3480,1702
"06_UHGtBtCEoaUWRP","itt_fullspec_bn_employed_treat_HD","treat_HD",49,0.027683615819209,"Increase",329,676,329
"06_UHGtBtCEoaUWRP","itt_fullspec_bn_employed_treat_HD","treat_HD",49,0.027683615819209,"Increase",838,1712,838
"06_UHGtBtCEoaUWRP","itt_fullspec_bn_employed_treat_HD","treat_HD",49,0.027683615819209,"Increase",107,223,107
"06_UHGtBtCEoaUWRP","itt_fullspec_bn_employed_treat_HD","treat_HD",49,0.027683615819209,"Increase",1157,2365,1157
"06_UHGtBtCEoaUWRP","itt_fullspec_bn_employed_treat_HD","treat_HD",49,0.027683615819209,"Increase",526,1080,526
"06_UHGtBtCEoaUWRP","itt_fullspec_bn_employed_treat_HD","treat_HD",49,0.027683615819209,"Increase",1077,2202,1077
"06_UHGtBtCEoaUWRP","itt_fullspec_bn_employed_treat_HD","treat_HD",49,0.027683615819209,"Increase",354,727,354
"06_UHGtBtCEoaUWRP","itt_fullspec_bn_employed_treat_HD","treat_HD",49,0.027683615819209,"Increase",1200,2452,1200
"06_UHGtBtCEoaUWRP","itt_fullspec_bn_employed_treat_HD","treat_HD",49,0.027683615819209,"Increase",669,1371,669
"06_UHGtBtCEoaUWRP","itt_fullspec_bn_employed_treat_HD","treat_HD",49,0.027683615819209,"Increase",370,759,370
"06_UHGtBtCEoaUWRP","itt_fullspec_bn_employed_treat_HD","treat_HD",49,0.027683615819209,"Increase",618,1268,618
"06_UHGtBtCEoaUWRP","itt_fullspec_bn_employed_treat_HD","treat_HD",49,0.027683615819209,"Increase",718,1470,718
"06_UHGtBtCEoaUWRP","itt_fullspec_bn_employed_treat_HD","treat_HD",49,0.027683615819209,"Increase",860,1758,860
"06_UHGtBtCEoaUWRP","itt_fullspec_bn_employed_treat_HD","treat_HD",49,0.027683615819209,"Increase",1472,3014,1472
"06_UHGtBtCEoaUWRP","itt_fullspec_bn_employed_treat_HD","treat_HD",49,0.027683615819209,"Increase",1746,3569,1746
"06_UHGtBtCEoaUWRP","itt_fullspec_bn_employed_treat_HD","treat_HD",49,0.027683615819209,"Increase",1022,2087,1022
"06_UHGtBtCEoaUWRP","itt_fullspec_bn_employed_treat_HD","treat_HD",49,0.027683615819209,"Increase",1248,2554,1248
"06_UHGtBtCEoaUWRP","itt_fullspec_bn_employed_treat_HD","treat_HD",49,0.027683615819209,"Increase",788,1612,788
"06_UHGtBtCEoaUWRP","itt_fullspec_bn_employed_treat_HD","treat_HD",50,0.0282485875706215,"Increase",1441,2950,1441
"06_UHGtBtCEoaUWRP","itt_fullspec_bn_employed_treat_HD","treat_HD",50,0.0282485875706215,"Increase",632,1296,632
"06_UHGtBtCEoaUWRP","itt_fullspec_bn_employed_treat_HD","treat_HD",50,0.0282485875706215,"Increase",1051,2148,1051
"06_UHGtBtCEoaUWRP","itt_fullspec_bn_employed_treat_HD","treat_HD",50,0.0282485875706215,"Increase",1636,3346,1636
"06_UHGtBtCEoaUWRP","itt_fullspec_bn_employed_treat_HD","treat_HD",50,0.0282485875706215,"Increase",1083,2214,1083
"06_UHGtBtCEoaUWRP","itt_fullspec_bn_employed_treat_HD","treat_HD",50,0.0282485875706215,"Increase",380,780,380
"06_UHGtBtCEoaUWRP","itt_fullspec_bn_employed_treat_HD","treat_HD",50,0.0282485875706215,"Increase",391,803,391
"06_UHGtBtCEoaUWRP","itt_fullspec_bn_employed_treat_HD","treat_HD",50,0.0282485875706215,"Increase",1442,2952,1442
"06_UHGtBtCEoaUWRP","itt_fullspec_bn_employed_treat_HD","treat_HD",50,0.0282485875706215,"Increase",1194,2440,1194
"06_UHGtBtCEoaUWRP","itt_fullspec_bn_employed_treat_HD","treat_HD",50,0.0282485875706215,"Increase",94,195,94
"06_UHGtBtCEoaUWRP","itt_fullspec_bn_employed_treat_HD","treat_HD",50,0.0282485875706215,"Increase",1616,3306,1616
"06_UHGtBtCEoaUWRP","itt_fullspec_bn_employed_treat_HD","treat_HD",50,0.0282485875706215,"Increase",1124,2298,1124
"06_UHGtBtCEoaUWRP","itt_fullspec_bn_employed_treat_HD","treat_HD",50,0.0282485875706215,"Increase",223,459,223
"06_UHGtBtCEoaUWRP","itt_fullspec_bn_employed_treat_HD","treat_HD",50,0.0282485875706215,"Increase",1536,3143,1536
"06_UHGtBtCEoaUWRP","itt_fullspec_bn_employed_treat_HD","treat_HD",50,0.0282485875706215,"Increase",363,745,363
"06_UHGtBtCEoaUWRP","itt_fullspec_bn_employed_treat_HD","treat_HD",50,0.0282485875706215,"Increase",1714,3504,1714
"06_UHGtBtCEoaUWRP","itt_fullspec_bn_employed_treat_HD","treat_HD",50,0.0282485875706215,"Increase",549,1126,549
"06_UHGtBtCEoaUWRP","itt_fullspec_bn_employed_treat_HD","treat_HD",50,0.0282485875706215,"Increase",285,586,285
"06_UHGtBtCEoaUWRP","itt_fullspec_bn_employed_treat_HD","treat_HD",50,0.0282485875706215,"Increase",132,274,132
"06_UHGtBtCEoaUWRP","itt_fullspec_bn_employed_treat_HD","treat_HD",50,0.0282485875706215,"Increase",46,94,46
"06_UHGtBtCEoaUWRP","itt_fullspec_bn_employed_treat_HD","treat_HD",50,0.0282485875706215,"Increase",734,1502,734
"06_UHGtBtCEoaUWRP","itt_fullspec_bn_employed_treat_HD","treat_HD",50,0.0282485875706215,"Increase",876,1791,876
"06_UHGtBtCEoaUWRP","itt_fullspec_bn_employed_treat_HD","treat_HD",50,0.0282485875706215,"Increase",45,92,45
"06_UHGtBtCEoaUWRP","itt_fullspec_bn_employed_treat_HD","treat_HD",50,0.0282485875706215,"Increase",831,1698,831
"06_UHGtBtCEoaUWRP","itt_fullspec_bn_employed_treat_HD","treat_HD",50,0.0282485875706215,"Increase",446,916,446
"06_UHGtBtCEoaUWRP","itt_fullspec_bn_employed_treat_HD","treat_HD",50,0.0282485875706215,"Increase",783,1602,783
"06_UHGtBtCEoaUWRP","itt_fullspec_bn_employed_treat_HD","treat_HD",50,0.0282485875706215,"Increase",218,449,218
"06_UHGtBtCEoaUWRP","itt_fullspec_bn_employed_treat_HD","treat_HD",50,0.0282485875706215,"Increase",1221,2496,1221
"06_UHGtBtCEoaUWRP","itt_fullspec_bn_employed_treat_HD","treat_HD",50,0.0282485875706215,"Increase",1527,3125,1527
"06_UHGtBtCEoaUWRP","itt_fullspec_bn_employed_treat_HD","treat_HD",50,0.0282485875706215,"Increase",168,348,168
"06_UHGtBtCEoaUWRP","itt_fullspec_bn_employed_treat_HD","treat_HD",50,0.0282485875706215,"Increase",1702,3480,1702
"06_UHGtBtCEoaUWRP","itt_fullspec_bn_employed_treat_HD","treat_HD",50,0.0282485875706215,"Increase",329,676,329
"06_UHGtBtCEoaUWRP","itt_fullspec_bn_employed_treat_HD","treat_HD",50,0.0282485875706215,"Increase",838,1712,838
"06_UHGtBtCEoaUWRP","itt_fullspec_bn_employed_treat_HD","treat_HD",50,0.0282485875706215,"Increase",107,223,107
"06_UHGtBtCEoaUWRP","itt_fullspec_bn_employed_treat_HD","treat_HD",50,0.0282485875706215,"Increase",1157,2365,1157
"06_UHGtBtCEoaUWRP","itt_fullspec_bn_employed_treat_HD","treat_HD",50,0.0282485875706215,"Increase",526,1080,526
"06_UHGtBtCEoaUWRP","itt_fullspec_bn_employed_treat_HD","treat_HD",50,0.0282485875706215,"Increase",1077,2202,1077
"06_UHGtBtCEoaUWRP","itt_fullspec_bn_employed_treat_HD","treat_HD",50,0.0282485875706215,"Increase",354,727,354
"06_UHGtBtCEoaUWRP","itt_fullspec_bn_employed_treat_HD","treat_HD",50,0.0282485875706215,"Increase",1200,2452,1200
"06_UHGtBtCEoaUWRP","itt_fullspec_bn_employed_treat_HD","treat_HD",50,0.0282485875706215,"Increase",669,1371,669
"06_UHGtBtCEoaUWRP","itt_fullspec_bn_employed_treat_HD","treat_HD",50,0.0282485875706215,"Increase",370,759,370
"06_UHGtBtCEoaUWRP","itt_fullspec_bn_employed_treat_HD","treat_HD",50,0.0282485875706215,"Increase",618,1268,618
"06_UHGtBtCEoaUWRP","itt_fullspec_bn_employed_treat_HD","treat_HD",50,0.0282485875706215,"Increase",718,1470,718
"06_UHGtBtCEoaUWRP","itt_fullspec_bn_employed_treat_HD","treat_HD",50,0.0282485875706215,"Increase",860,1758,860
"06_UHGtBtCEoaUWRP","itt_fullspec_bn_employed_treat_HD","treat_HD",50,0.0282485875706215,"Increase",1472,3014,1472
"06_UHGtBtCEoaUWRP","itt_fullspec_bn_employed_treat_HD","treat_HD",50,0.0282485875706215,"Increase",1746,3569,1746
"06_UHGtBtCEoaUWRP","itt_fullspec_bn_employed_treat_HD","treat_HD",50,0.0282485875706215,"Increase",1022,2087,1022
"06_UHGtBtCEoaUWRP","itt_fullspec_bn_employed_treat_HD","treat_HD",50,0.0282485875706215,"Increase",788,1612,788
"06_UHGtBtCEoaUWRP","itt_fullspec_bn_employed_treat_HD","treat_HD",50,0.0282485875706215,"Increase",1248,2554,1248
"06_UHGtBtCEoaUWRP","itt_fullspec_bn_employed_treat_HD","treat_HD",50,0.0282485875706215,"Increase",333,684,333
"06_UHGtBtCEoaUWRP","itt_fullspec_bn_employed_treat_HD","treat_HD",51,0.0288135593220339,"Increase",1441,2950,1441
"06_UHGtBtCEoaUWRP","itt_fullspec_bn_employed_treat_HD","treat_HD",51,0.0288135593220339,"Increase",632,1296,632
"06_UHGtBtCEoaUWRP","itt_fullspec_bn_employed_treat_HD","treat_HD",51,0.0288135593220339,"Increase",1051,2148,1051
"06_UHGtBtCEoaUWRP","itt_fullspec_bn_employed_treat_HD","treat_HD",51,0.0288135593220339,"Increase",1636,3346,1636
"06_UHGtBtCEoaUWRP","itt_fullspec_bn_employed_treat_HD","treat_HD",51,0.0288135593220339,"Increase",1083,2214,1083
"06_UHGtBtCEoaUWRP","itt_fullspec_bn_employed_treat_HD","treat_HD",51,0.0288135593220339,"Increase",380,780,380
"06_UHGtBtCEoaUWRP","itt_fullspec_bn_employed_treat_HD","treat_HD",51,0.0288135593220339,"Increase",391,803,391
"06_UHGtBtCEoaUWRP","itt_fullspec_bn_employed_treat_HD","treat_HD",51,0.0288135593220339,"Increase",1442,2952,1442
"06_UHGtBtCEoaUWRP","itt_fullspec_bn_employed_treat_HD","treat_HD",51,0.0288135593220339,"Increase",1194,2440,1194
"06_UHGtBtCEoaUWRP","itt_fullspec_bn_employed_treat_HD","treat_HD",51,0.0288135593220339,"Increase",94,195,94
"06_UHGtBtCEoaUWRP","itt_fullspec_bn_employed_treat_HD","treat_HD",51,0.0288135593220339,"Increase",1616,3306,1616
"06_UHGtBtCEoaUWRP","itt_fullspec_bn_employed_treat_HD","treat_HD",51,0.0288135593220339,"Increase",1124,2298,1124
"06_UHGtBtCEoaUWRP","itt_fullspec_bn_employed_treat_HD","treat_HD",51,0.0288135593220339,"Increase",223,459,223
"06_UHGtBtCEoaUWRP","itt_fullspec_bn_employed_treat_HD","treat_HD",51,0.0288135593220339,"Increase",1536,3143,1536
"06_UHGtBtCEoaUWRP","itt_fullspec_bn_employed_treat_HD","treat_HD",51,0.0288135593220339,"Increase",363,745,363
"06_UHGtBtCEoaUWRP","itt_fullspec_bn_employed_treat_HD","treat_HD",51,0.0288135593220339,"Increase",1714,3504,1714
"06_UHGtBtCEoaUWRP","itt_fullspec_bn_employed_treat_HD","treat_HD",51,0.0288135593220339,"Increase",549,1126,549
"06_UHGtBtCEoaUWRP","itt_fullspec_bn_employed_treat_HD","treat_HD",51,0.0288135593220339,"Increase",285,586,285
"06_UHGtBtCEoaUWRP","itt_fullspec_bn_employed_treat_HD","treat_HD",51,0.0288135593220339,"Increase",132,274,132
"06_UHGtBtCEoaUWRP","itt_fullspec_bn_employed_treat_HD","treat_HD",51,0.0288135593220339,"Increase",46,94,46
"06_UHGtBtCEoaUWRP","itt_fullspec_bn_employed_treat_HD","treat_HD",51,0.0288135593220339,"Increase",734,1502,734
"06_UHGtBtCEoaUWRP","itt_fullspec_bn_employed_treat_HD","treat_HD",51,0.0288135593220339,"Increase",876,1791,876
"06_UHGtBtCEoaUWRP","itt_fullspec_bn_employed_treat_HD","treat_HD",51,0.0288135593220339,"Increase",45,92,45
"06_UHGtBtCEoaUWRP","itt_fullspec_bn_employed_treat_HD","treat_HD",51,0.0288135593220339,"Increase",831,1698,831
"06_UHGtBtCEoaUWRP","itt_fullspec_bn_employed_treat_HD","treat_HD",51,0.0288135593220339,"Increase",446,916,446
"06_UHGtBtCEoaUWRP","itt_fullspec_bn_employed_treat_HD","treat_HD",51,0.0288135593220339,"Increase",783,1602,783
"06_UHGtBtCEoaUWRP","itt_fullspec_bn_employed_treat_HD","treat_HD",51,0.0288135593220339,"Increase",218,449,218
"06_UHGtBtCEoaUWRP","itt_fullspec_bn_employed_treat_HD","treat_HD",51,0.0288135593220339,"Increase",1221,2496,1221
"06_UHGtBtCEoaUWRP","itt_fullspec_bn_employed_treat_HD","treat_HD",51,0.0288135593220339,"Increase",1527,3125,1527
"06_UHGtBtCEoaUWRP","itt_fullspec_bn_employed_treat_HD","treat_HD",51,0.0288135593220339,"Increase",168,348,168
"06_UHGtBtCEoaUWRP","itt_fullspec_bn_employed_treat_HD","treat_HD",51,0.0288135593220339,"Increase",1702,3480,1702
"06_UHGtBtCEoaUWRP","itt_fullspec_bn_employed_treat_HD","treat_HD",51,0.0288135593220339,"Increase",329,676,329
"06_UHGtBtCEoaUWRP","itt_fullspec_bn_employed_treat_HD","treat_HD",51,0.0288135593220339,"Increase",838,1712,838
"06_UHGtBtCEoaUWRP","itt_fullspec_bn_employed_treat_HD","treat_HD",51,0.0288135593220339,"Increase",107,223,107
"06_UHGtBtCEoaUWRP","itt_fullspec_bn_employed_treat_HD","treat_HD",51,0.0288135593220339,"Increase",1157,2365,1157
"06_UHGtBtCEoaUWRP","itt_fullspec_bn_employed_treat_HD","treat_HD",51,0.0288135593220339,"Increase",526,1080,526
"06_UHGtBtCEoaUWRP","itt_fullspec_bn_employed_treat_HD","treat_HD",51,0.0288135593220339,"Increase",1077,2202,1077
"06_UHGtBtCEoaUWRP","itt_fullspec_bn_employed_treat_HD","treat_HD",51,0.0288135593220339,"Increase",354,727,354
"06_UHGtBtCEoaUWRP","itt_fullspec_bn_employed_treat_HD","treat_HD",51,0.0288135593220339,"Increase",1200,2452,1200
"06_UHGtBtCEoaUWRP","itt_fullspec_bn_employed_treat_HD","treat_HD",51,0.0288135593220339,"Increase",669,1371,669
"06_UHGtBtCEoaUWRP","itt_fullspec_bn_employed_treat_HD","treat_HD",51,0.0288135593220339,"Increase",370,759,370
"06_UHGtBtCEoaUWRP","itt_fullspec_bn_employed_treat_HD","treat_HD",51,0.0288135593220339,"Increase",618,1268,618
"06_UHGtBtCEoaUWRP","itt_fullspec_bn_employed_treat_HD","treat_HD",51,0.0288135593220339,"Increase",860,1758,860
"06_UHGtBtCEoaUWRP","itt_fullspec_bn_employed_treat_HD","treat_HD",51,0.0288135593220339,"Increase",718,1470,718
"06_UHGtBtCEoaUWRP","itt_fullspec_bn_employed_treat_HD","treat_HD",51,0.0288135593220339,"Increase",1472,3014,1472
"06_UHGtBtCEoaUWRP","itt_fullspec_bn_employed_treat_HD","treat_HD",51,0.0288135593220339,"Increase",1746,3569,1746
"06_UHGtBtCEoaUWRP","itt_fullspec_bn_employed_treat_HD","treat_HD",51,0.0288135593220339,"Increase",1022,2087,1022
"06_UHGtBtCEoaUWRP","itt_fullspec_bn_employed_treat_HD","treat_HD",51,0.0288135593220339,"Increase",788,1612,788
"06_UHGtBtCEoaUWRP","itt_fullspec_bn_employed_treat_HD","treat_HD",51,0.0288135593220339,"Increase",1248,2554,1248
"06_UHGtBtCEoaUWRP","itt_fullspec_bn_employed_treat_HD","treat_HD",51,0.0288135593220339,"Increase",333,684,333
"06_UHGtBtCEoaUWRP","itt_fullspec_bn_employed_treat_HD","treat_HD",51,0.0288135593220339,"Increase",1090,2228,1090
"06_UHGtBtCEoaUWRP","itt_fullspec_bn_employed_treat_HD","treat_HD",52,0.0293785310734463,"Increase",1441,2950,1441
"06_UHGtBtCEoaUWRP","itt_fullspec_bn_employed_treat_HD","treat_HD",52,0.0293785310734463,"Increase",632,1296,632
"06_UHGtBtCEoaUWRP","itt_fullspec_bn_employed_treat_HD","treat_HD",52,0.0293785310734463,"Increase",1051,2148,1051
"06_UHGtBtCEoaUWRP","itt_fullspec_bn_employed_treat_HD","treat_HD",52,0.0293785310734463,"Increase",1636,3346,1636
"06_UHGtBtCEoaUWRP","itt_fullspec_bn_employed_treat_HD","treat_HD",52,0.0293785310734463,"Increase",1083,2214,1083
"06_UHGtBtCEoaUWRP","itt_fullspec_bn_employed_treat_HD","treat_HD",52,0.0293785310734463,"Increase",380,780,380
"06_UHGtBtCEoaUWRP","itt_fullspec_bn_employed_treat_HD","treat_HD",52,0.0293785310734463,"Increase",391,803,391
"06_UHGtBtCEoaUWRP","itt_fullspec_bn_employed_treat_HD","treat_HD",52,0.0293785310734463,"Increase",1442,2952,1442
"06_UHGtBtCEoaUWRP","itt_fullspec_bn_employed_treat_HD","treat_HD",52,0.0293785310734463,"Increase",1194,2440,1194
"06_UHGtBtCEoaUWRP","itt_fullspec_bn_employed_treat_HD","treat_HD",52,0.0293785310734463,"Increase",94,195,94
"06_UHGtBtCEoaUWRP","itt_fullspec_bn_employed_treat_HD","treat_HD",52,0.0293785310734463,"Increase",1616,3306,1616
"06_UHGtBtCEoaUWRP","itt_fullspec_bn_employed_treat_HD","treat_HD",52,0.0293785310734463,"Increase",1124,2298,1124
"06_UHGtBtCEoaUWRP","itt_fullspec_bn_employed_treat_HD","treat_HD",52,0.0293785310734463,"Increase",223,459,223
"06_UHGtBtCEoaUWRP","itt_fullspec_bn_employed_treat_HD","treat_HD",52,0.0293785310734463,"Increase",1536,3143,1536
"06_UHGtBtCEoaUWRP","itt_fullspec_bn_employed_treat_HD","treat_HD",52,0.0293785310734463,"Increase",363,745,363
"06_UHGtBtCEoaUWRP","itt_fullspec_bn_employed_treat_HD","treat_HD",52,0.0293785310734463,"Increase",1714,3504,1714
"06_UHGtBtCEoaUWRP","itt_fullspec_bn_employed_treat_HD","treat_HD",52,0.0293785310734463,"Increase",549,1126,549
"06_UHGtBtCEoaUWRP","itt_fullspec_bn_employed_treat_HD","treat_HD",52,0.0293785310734463,"Increase",285,586,285
"06_UHGtBtCEoaUWRP","itt_fullspec_bn_employed_treat_HD","treat_HD",52,0.0293785310734463,"Increase",132,274,132
"06_UHGtBtCEoaUWRP","itt_fullspec_bn_employed_treat_HD","treat_HD",52,0.0293785310734463,"Increase",46,94,46
"06_UHGtBtCEoaUWRP","itt_fullspec_bn_employed_treat_HD","treat_HD",52,0.0293785310734463,"Increase",734,1502,734
"06_UHGtBtCEoaUWRP","itt_fullspec_bn_employed_treat_HD","treat_HD",52,0.0293785310734463,"Increase",876,1791,876
"06_UHGtBtCEoaUWRP","itt_fullspec_bn_employed_treat_HD","treat_HD",52,0.0293785310734463,"Increase",45,92,45
"06_UHGtBtCEoaUWRP","itt_fullspec_bn_employed_treat_HD","treat_HD",52,0.0293785310734463,"Increase",831,1698,831
"06_UHGtBtCEoaUWRP","itt_fullspec_bn_employed_treat_HD","treat_HD",52,0.0293785310734463,"Increase",446,916,446
"06_UHGtBtCEoaUWRP","itt_fullspec_bn_employed_treat_HD","treat_HD",52,0.0293785310734463,"Increase",783,1602,783
"06_UHGtBtCEoaUWRP","itt_fullspec_bn_employed_treat_HD","treat_HD",52,0.0293785310734463,"Increase",218,449,218
"06_UHGtBtCEoaUWRP","itt_fullspec_bn_employed_treat_HD","treat_HD",52,0.0293785310734463,"Increase",1221,2496,1221
"06_UHGtBtCEoaUWRP","itt_fullspec_bn_employed_treat_HD","treat_HD",52,0.0293785310734463,"Increase",1527,3125,1527
"06_UHGtBtCEoaUWRP","itt_fullspec_bn_employed_treat_HD","treat_HD",52,0.0293785310734463,"Increase",168,348,168
"06_UHGtBtCEoaUWRP","itt_fullspec_bn_employed_treat_HD","treat_HD",52,0.0293785310734463,"Increase",1702,3480,1702
"06_UHGtBtCEoaUWRP","itt_fullspec_bn_employed_treat_HD","treat_HD",52,0.0293785310734463,"Increase",329,676,329
"06_UHGtBtCEoaUWRP","itt_fullspec_bn_employed_treat_HD","treat_HD",52,0.0293785310734463,"Increase",838,1712,838
"06_UHGtBtCEoaUWRP","itt_fullspec_bn_employed_treat_HD","treat_HD",52,0.0293785310734463,"Increase",107,223,107
"06_UHGtBtCEoaUWRP","itt_fullspec_bn_employed_treat_HD","treat_HD",52,0.0293785310734463,"Increase",1157,2365,1157
"06_UHGtBtCEoaUWRP","itt_fullspec_bn_employed_treat_HD","treat_HD",52,0.0293785310734463,"Increase",526,1080,526
"06_UHGtBtCEoaUWRP","itt_fullspec_bn_employed_treat_HD","treat_HD",52,0.0293785310734463,"Increase",1077,2202,1077
"06_UHGtBtCEoaUWRP","itt_fullspec_bn_employed_treat_HD","treat_HD",52,0.0293785310734463,"Increase",354,727,354
"06_UHGtBtCEoaUWRP","itt_fullspec_bn_employed_treat_HD","treat_HD",52,0.0293785310734463,"Increase",1200,2452,1200
"06_UHGtBtCEoaUWRP","itt_fullspec_bn_employed_treat_HD","treat_HD",52,0.0293785310734463,"Increase",669,1371,669
"06_UHGtBtCEoaUWRP","itt_fullspec_bn_employed_treat_HD","treat_HD",52,0.0293785310734463,"Increase",370,759,370
"06_UHGtBtCEoaUWRP","itt_fullspec_bn_employed_treat_HD","treat_HD",52,0.0293785310734463,"Increase",618,1268,618
"06_UHGtBtCEoaUWRP","itt_fullspec_bn_employed_treat_HD","treat_HD",52,0.0293785310734463,"Increase",860,1758,860
"06_UHGtBtCEoaUWRP","itt_fullspec_bn_employed_treat_HD","treat_HD",52,0.0293785310734463,"Increase",718,1470,718
"06_UHGtBtCEoaUWRP","itt_fullspec_bn_employed_treat_HD","treat_HD",52,0.0293785310734463,"Increase",1472,3014,1472
"06_UHGtBtCEoaUWRP","itt_fullspec_bn_employed_treat_HD","treat_HD",52,0.0293785310734463,"Increase",1746,3569,1746
"06_UHGtBtCEoaUWRP","itt_fullspec_bn_employed_treat_HD","treat_HD",52,0.0293785310734463,"Increase",1022,2087,1022
"06_UHGtBtCEoaUWRP","itt_fullspec_bn_employed_treat_HD","treat_HD",52,0.0293785310734463,"Increase",788,1612,788
"06_UHGtBtCEoaUWRP","itt_fullspec_bn_employed_treat_HD","treat_HD",52,0.0293785310734463,"Increase",1248,2554,1248
"06_UHGtBtCEoaUWRP","itt_fullspec_bn_employed_treat_HD","treat_HD",52,0.0293785310734463,"Increase",333,684,333
"06_UHGtBtCEoaUWRP","itt_fullspec_bn_employed_treat_HD","treat_HD",52,0.0293785310734463,"Increase",1090,2228,1090
"06_UHGtBtCEoaUWRP","itt_fullspec_bn_employed_treat_HD","treat_HD",52,0.0293785310734463,"Increase",40,82,40
"06_UHGtBtCEoaUWRP","itt_fullspec_bn_employed_treat_HD","treat_HD",53,0.0299435028248588,"Increase",1441,2950,1441
"06_UHGtBtCEoaUWRP","itt_fullspec_bn_employed_treat_HD","treat_HD",53,0.0299435028248588,"Increase",632,1296,632
"06_UHGtBtCEoaUWRP","itt_fullspec_bn_employed_treat_HD","treat_HD",53,0.0299435028248588,"Increase",1051,2148,1051
"06_UHGtBtCEoaUWRP","itt_fullspec_bn_employed_treat_HD","treat_HD",53,0.0299435028248588,"Increase",1636,3346,1636
"06_UHGtBtCEoaUWRP","itt_fullspec_bn_employed_treat_HD","treat_HD",53,0.0299435028248588,"Increase",1083,2214,1083
"06_UHGtBtCEoaUWRP","itt_fullspec_bn_employed_treat_HD","treat_HD",53,0.0299435028248588,"Increase",380,780,380
"06_UHGtBtCEoaUWRP","itt_fullspec_bn_employed_treat_HD","treat_HD",53,0.0299435028248588,"Increase",391,803,391
"06_UHGtBtCEoaUWRP","itt_fullspec_bn_employed_treat_HD","treat_HD",53,0.0299435028248588,"Increase",1442,2952,1442
"06_UHGtBtCEoaUWRP","itt_fullspec_bn_employed_treat_HD","treat_HD",53,0.0299435028248588,"Increase",1194,2440,1194
"06_UHGtBtCEoaUWRP","itt_fullspec_bn_employed_treat_HD","treat_HD",53,0.0299435028248588,"Increase",94,195,94
"06_UHGtBtCEoaUWRP","itt_fullspec_bn_employed_treat_HD","treat_HD",53,0.0299435028248588,"Increase",1616,3306,1616
"06_UHGtBtCEoaUWRP","itt_fullspec_bn_employed_treat_HD","treat_HD",53,0.0299435028248588,"Increase",1124,2298,1124
"06_UHGtBtCEoaUWRP","itt_fullspec_bn_employed_treat_HD","treat_HD",53,0.0299435028248588,"Increase",1536,3143,1536
"06_UHGtBtCEoaUWRP","itt_fullspec_bn_employed_treat_HD","treat_HD",53,0.0299435028248588,"Increase",223,459,223
"06_UHGtBtCEoaUWRP","itt_fullspec_bn_employed_treat_HD","treat_HD",53,0.0299435028248588,"Increase",363,745,363
"06_UHGtBtCEoaUWRP","itt_fullspec_bn_employed_treat_HD","treat_HD",53,0.0299435028248588,"Increase",1714,3504,1714
"06_UHGtBtCEoaUWRP","itt_fullspec_bn_employed_treat_HD","treat_HD",53,0.0299435028248588,"Increase",549,1126,549
"06_UHGtBtCEoaUWRP","itt_fullspec_bn_employed_treat_HD","treat_HD",53,0.0299435028248588,"Increase",285,586,285
"06_UHGtBtCEoaUWRP","itt_fullspec_bn_employed_treat_HD","treat_HD",53,0.0299435028248588,"Increase",132,274,132
"06_UHGtBtCEoaUWRP","itt_fullspec_bn_employed_treat_HD","treat_HD",53,0.0299435028248588,"Increase",46,94,46
"06_UHGtBtCEoaUWRP","itt_fullspec_bn_employed_treat_HD","treat_HD",53,0.0299435028248588,"Increase",734,1502,734
"06_UHGtBtCEoaUWRP","itt_fullspec_bn_employed_treat_HD","treat_HD",53,0.0299435028248588,"Increase",876,1791,876
"06_UHGtBtCEoaUWRP","itt_fullspec_bn_employed_treat_HD","treat_HD",53,0.0299435028248588,"Increase",45,92,45
"06_UHGtBtCEoaUWRP","itt_fullspec_bn_employed_treat_HD","treat_HD",53,0.0299435028248588,"Increase",831,1698,831
"06_UHGtBtCEoaUWRP","itt_fullspec_bn_employed_treat_HD","treat_HD",53,0.0299435028248588,"Increase",446,916,446
"06_UHGtBtCEoaUWRP","itt_fullspec_bn_employed_treat_HD","treat_HD",53,0.0299435028248588,"Increase",783,1602,783
"06_UHGtBtCEoaUWRP","itt_fullspec_bn_employed_treat_HD","treat_HD",53,0.0299435028248588,"Increase",218,449,218
"06_UHGtBtCEoaUWRP","itt_fullspec_bn_employed_treat_HD","treat_HD",53,0.0299435028248588,"Increase",1221,2496,1221
"06_UHGtBtCEoaUWRP","itt_fullspec_bn_employed_treat_HD","treat_HD",53,0.0299435028248588,"Increase",1527,3125,1527
"06_UHGtBtCEoaUWRP","itt_fullspec_bn_employed_treat_HD","treat_HD",53,0.0299435028248588,"Increase",329,676,329
"06_UHGtBtCEoaUWRP","itt_fullspec_bn_employed_treat_HD","treat_HD",53,0.0299435028248588,"Increase",168,348,168
"06_UHGtBtCEoaUWRP","itt_fullspec_bn_employed_treat_HD","treat_HD",53,0.0299435028248588,"Increase",1702,3480,1702
"06_UHGtBtCEoaUWRP","itt_fullspec_bn_employed_treat_HD","treat_HD",53,0.0299435028248588,"Increase",838,1712,838
"06_UHGtBtCEoaUWRP","itt_fullspec_bn_employed_treat_HD","treat_HD",53,0.0299435028248588,"Increase",107,223,107
"06_UHGtBtCEoaUWRP","itt_fullspec_bn_employed_treat_HD","treat_HD",53,0.0299435028248588,"Increase",526,1080,526
"06_UHGtBtCEoaUWRP","itt_fullspec_bn_employed_treat_HD","treat_HD",53,0.0299435028248588,"Increase",1157,2365,1157
"06_UHGtBtCEoaUWRP","itt_fullspec_bn_employed_treat_HD","treat_HD",53,0.0299435028248588,"Increase",1077,2202,1077
"06_UHGtBtCEoaUWRP","itt_fullspec_bn_employed_treat_HD","treat_HD",53,0.0299435028248588,"Increase",354,727,354
"06_UHGtBtCEoaUWRP","itt_fullspec_bn_employed_treat_HD","treat_HD",53,0.0299435028248588,"Increase",1200,2452,1200
"06_UHGtBtCEoaUWRP","itt_fullspec_bn_employed_treat_HD","treat_HD",53,0.0299435028248588,"Increase",669,1371,669
"06_UHGtBtCEoaUWRP","itt_fullspec_bn_employed_treat_HD","treat_HD",53,0.0299435028248588,"Increase",370,759,370
"06_UHGtBtCEoaUWRP","itt_fullspec_bn_employed_treat_HD","treat_HD",53,0.0299435028248588,"Increase",618,1268,618
"06_UHGtBtCEoaUWRP","itt_fullspec_bn_employed_treat_HD","treat_HD",53,0.0299435028248588,"Increase",860,1758,860
"06_UHGtBtCEoaUWRP","itt_fullspec_bn_employed_treat_HD","treat_HD",53,0.0299435028248588,"Increase",718,1470,718
"06_UHGtBtCEoaUWRP","itt_fullspec_bn_employed_treat_HD","treat_HD",53,0.0299435028248588,"Increase",1472,3014,1472
"06_UHGtBtCEoaUWRP","itt_fullspec_bn_employed_treat_HD","treat_HD",53,0.0299435028248588,"Increase",1746,3569,1746
"06_UHGtBtCEoaUWRP","itt_fullspec_bn_employed_treat_HD","treat_HD",53,0.0299435028248588,"Increase",1022,2087,1022
"06_UHGtBtCEoaUWRP","itt_fullspec_bn_employed_treat_HD","treat_HD",53,0.0299435028248588,"Increase",788,1612,788
"06_UHGtBtCEoaUWRP","itt_fullspec_bn_employed_treat_HD","treat_HD",53,0.0299435028248588,"Increase",1248,2554,1248
"06_UHGtBtCEoaUWRP","itt_fullspec_bn_employed_treat_HD","treat_HD",53,0.0299435028248588,"Increase",333,684,333
"06_UHGtBtCEoaUWRP","itt_fullspec_bn_employed_treat_HD","treat_HD",53,0.0299435028248588,"Increase",1090,2228,1090
"06_UHGtBtCEoaUWRP","itt_fullspec_bn_employed_treat_HD","treat_HD",53,0.0299435028248588,"Increase",40,82,40
"06_UHGtBtCEoaUWRP","itt_fullspec_bn_employed_treat_HD","treat_HD",53,0.0299435028248588,"Increase",1504,3079,1504
"06_UHGtBtCEoaUWRP","itt_fullspec_bn_employed_treat_HD","treat_HD",54,0.0305084745762712,"Increase",1441,2950,1441
"06_UHGtBtCEoaUWRP","itt_fullspec_bn_employed_treat_HD","treat_HD",54,0.0305084745762712,"Increase",632,1296,632
"06_UHGtBtCEoaUWRP","itt_fullspec_bn_employed_treat_HD","treat_HD",54,0.0305084745762712,"Increase",1051,2148,1051
"06_UHGtBtCEoaUWRP","itt_fullspec_bn_employed_treat_HD","treat_HD",54,0.0305084745762712,"Increase",1636,3346,1636
"06_UHGtBtCEoaUWRP","itt_fullspec_bn_employed_treat_HD","treat_HD",54,0.0305084745762712,"Increase",1083,2214,1083
"06_UHGtBtCEoaUWRP","itt_fullspec_bn_employed_treat_HD","treat_HD",54,0.0305084745762712,"Increase",380,780,380
"06_UHGtBtCEoaUWRP","itt_fullspec_bn_employed_treat_HD","treat_HD",54,0.0305084745762712,"Increase",391,803,391
"06_UHGtBtCEoaUWRP","itt_fullspec_bn_employed_treat_HD","treat_HD",54,0.0305084745762712,"Increase",1442,2952,1442
"06_UHGtBtCEoaUWRP","itt_fullspec_bn_employed_treat_HD","treat_HD",54,0.0305084745762712,"Increase",1194,2440,1194
"06_UHGtBtCEoaUWRP","itt_fullspec_bn_employed_treat_HD","treat_HD",54,0.0305084745762712,"Increase",94,195,94
"06_UHGtBtCEoaUWRP","itt_fullspec_bn_employed_treat_HD","treat_HD",54,0.0305084745762712,"Increase",1616,3306,1616
"06_UHGtBtCEoaUWRP","itt_fullspec_bn_employed_treat_HD","treat_HD",54,0.0305084745762712,"Increase",1124,2298,1124
"06_UHGtBtCEoaUWRP","itt_fullspec_bn_employed_treat_HD","treat_HD",54,0.0305084745762712,"Increase",1536,3143,1536
"06_UHGtBtCEoaUWRP","itt_fullspec_bn_employed_treat_HD","treat_HD",54,0.0305084745762712,"Increase",223,459,223
"06_UHGtBtCEoaUWRP","itt_fullspec_bn_employed_treat_HD","treat_HD",54,0.0305084745762712,"Increase",363,745,363
"06_UHGtBtCEoaUWRP","itt_fullspec_bn_employed_treat_HD","treat_HD",54,0.0305084745762712,"Increase",1714,3504,1714
"06_UHGtBtCEoaUWRP","itt_fullspec_bn_employed_treat_HD","treat_HD",54,0.0305084745762712,"Increase",549,1126,549
"06_UHGtBtCEoaUWRP","itt_fullspec_bn_employed_treat_HD","treat_HD",54,0.0305084745762712,"Increase",285,586,285
"06_UHGtBtCEoaUWRP","itt_fullspec_bn_employed_treat_HD","treat_HD",54,0.0305084745762712,"Increase",132,274,132
"06_UHGtBtCEoaUWRP","itt_fullspec_bn_employed_treat_HD","treat_HD",54,0.0305084745762712,"Increase",46,94,46
"06_UHGtBtCEoaUWRP","itt_fullspec_bn_employed_treat_HD","treat_HD",54,0.0305084745762712,"Increase",734,1502,734
"06_UHGtBtCEoaUWRP","itt_fullspec_bn_employed_treat_HD","treat_HD",54,0.0305084745762712,"Increase",876,1791,876
"06_UHGtBtCEoaUWRP","itt_fullspec_bn_employed_treat_HD","treat_HD",54,0.0305084745762712,"Increase",45,92,45
"06_UHGtBtCEoaUWRP","itt_fullspec_bn_employed_treat_HD","treat_HD",54,0.0305084745762712,"Increase",831,1698,831
"06_UHGtBtCEoaUWRP","itt_fullspec_bn_employed_treat_HD","treat_HD",54,0.0305084745762712,"Increase",446,916,446
"06_UHGtBtCEoaUWRP","itt_fullspec_bn_employed_treat_HD","treat_HD",54,0.0305084745762712,"Increase",783,1602,783
"06_UHGtBtCEoaUWRP","itt_fullspec_bn_employed_treat_HD","treat_HD",54,0.0305084745762712,"Increase",218,449,218
"06_UHGtBtCEoaUWRP","itt_fullspec_bn_employed_treat_HD","treat_HD",54,0.0305084745762712,"Increase",1221,2496,1221
"06_UHGtBtCEoaUWRP","itt_fullspec_bn_employed_treat_HD","treat_HD",54,0.0305084745762712,"Increase",1527,3125,1527
"06_UHGtBtCEoaUWRP","itt_fullspec_bn_employed_treat_HD","treat_HD",54,0.0305084745762712,"Increase",329,676,329
"06_UHGtBtCEoaUWRP","itt_fullspec_bn_employed_treat_HD","treat_HD",54,0.0305084745762712,"Increase",168,348,168
"06_UHGtBtCEoaUWRP","itt_fullspec_bn_employed_treat_HD","treat_HD",54,0.0305084745762712,"Increase",1702,3480,1702
"06_UHGtBtCEoaUWRP","itt_fullspec_bn_employed_treat_HD","treat_HD",54,0.0305084745762712,"Increase",838,1712,838
"06_UHGtBtCEoaUWRP","itt_fullspec_bn_employed_treat_HD","treat_HD",54,0.0305084745762712,"Increase",107,223,107
"06_UHGtBtCEoaUWRP","itt_fullspec_bn_employed_treat_HD","treat_HD",54,0.0305084745762712,"Increase",526,1080,526
"06_UHGtBtCEoaUWRP","itt_fullspec_bn_employed_treat_HD","treat_HD",54,0.0305084745762712,"Increase",1157,2365,1157
"06_UHGtBtCEoaUWRP","itt_fullspec_bn_employed_treat_HD","treat_HD",54,0.0305084745762712,"Increase",1077,2202,1077
"06_UHGtBtCEoaUWRP","itt_fullspec_bn_employed_treat_HD","treat_HD",54,0.0305084745762712,"Increase",354,727,354
"06_UHGtBtCEoaUWRP","itt_fullspec_bn_employed_treat_HD","treat_HD",54,0.0305084745762712,"Increase",1200,2452,1200
"06_UHGtBtCEoaUWRP","itt_fullspec_bn_employed_treat_HD","treat_HD",54,0.0305084745762712,"Increase",669,1371,669
"06_UHGtBtCEoaUWRP","itt_fullspec_bn_employed_treat_HD","treat_HD",54,0.0305084745762712,"Increase",370,759,370
"06_UHGtBtCEoaUWRP","itt_fullspec_bn_employed_treat_HD","treat_HD",54,0.0305084745762712,"Increase",618,1268,618
"06_UHGtBtCEoaUWRP","itt_fullspec_bn_employed_treat_HD","treat_HD",54,0.0305084745762712,"Increase",860,1758,860
"06_UHGtBtCEoaUWRP","itt_fullspec_bn_employed_treat_HD","treat_HD",54,0.0305084745762712,"Increase",718,1470,718
"06_UHGtBtCEoaUWRP","itt_fullspec_bn_employed_treat_HD","treat_HD",54,0.0305084745762712,"Increase",1472,3014,1472
"06_UHGtBtCEoaUWRP","itt_fullspec_bn_employed_treat_HD","treat_HD",54,0.0305084745762712,"Increase",1746,3569,1746
"06_UHGtBtCEoaUWRP","itt_fullspec_bn_employed_treat_HD","treat_HD",54,0.0305084745762712,"Increase",1022,2087,1022
"06_UHGtBtCEoaUWRP","itt_fullspec_bn_employed_treat_HD","treat_HD",54,0.0305084745762712,"Increase",788,1612,788
"06_UHGtBtCEoaUWRP","itt_fullspec_bn_employed_treat_HD","treat_HD",54,0.0305084745762712,"Increase",1248,2554,1248
"06_UHGtBtCEoaUWRP","itt_fullspec_bn_employed_treat_HD","treat_HD",54,0.0305084745762712,"Increase",333,684,333
"06_UHGtBtCEoaUWRP","itt_fullspec_bn_employed_treat_HD","treat_HD",54,0.0305084745762712,"Increase",1090,2228,1090
"06_UHGtBtCEoaUWRP","itt_fullspec_bn_employed_treat_HD","treat_HD",54,0.0305084745762712,"Increase",40,82,40
"06_UHGtBtCEoaUWRP","itt_fullspec_bn_employed_treat_HD","treat_HD",54,0.0305084745762712,"Increase",1504,3079,1504
"06_UHGtBtCEoaUWRP","itt_fullspec_bn_employed_treat_HD","treat_HD",54,0.0305084745762712,"Increase",1142,2335,1142
"06_UHGtBtCEoaUWRP","itt_fullspec_bn_employed_treat_HD","treat_HD",55,0.0310734463276836,"Increase",1441,2950,1441
"06_UHGtBtCEoaUWRP","itt_fullspec_bn_employed_treat_HD","treat_HD",55,0.0310734463276836,"Increase",632,1296,632
"06_UHGtBtCEoaUWRP","itt_fullspec_bn_employed_treat_HD","treat_HD",55,0.0310734463276836,"Increase",1051,2148,1051
"06_UHGtBtCEoaUWRP","itt_fullspec_bn_employed_treat_HD","treat_HD",55,0.0310734463276836,"Increase",1636,3346,1636
"06_UHGtBtCEoaUWRP","itt_fullspec_bn_employed_treat_HD","treat_HD",55,0.0310734463276836,"Increase",1083,2214,1083
"06_UHGtBtCEoaUWRP","itt_fullspec_bn_employed_treat_HD","treat_HD",55,0.0310734463276836,"Increase",380,780,380
"06_UHGtBtCEoaUWRP","itt_fullspec_bn_employed_treat_HD","treat_HD",55,0.0310734463276836,"Increase",391,803,391
"06_UHGtBtCEoaUWRP","itt_fullspec_bn_employed_treat_HD","treat_HD",55,0.0310734463276836,"Increase",1442,2952,1442
"06_UHGtBtCEoaUWRP","itt_fullspec_bn_employed_treat_HD","treat_HD",55,0.0310734463276836,"Increase",1194,2440,1194
"06_UHGtBtCEoaUWRP","itt_fullspec_bn_employed_treat_HD","treat_HD",55,0.0310734463276836,"Increase",94,195,94
"06_UHGtBtCEoaUWRP","itt_fullspec_bn_employed_treat_HD","treat_HD",55,0.0310734463276836,"Increase",1616,3306,1616
"06_UHGtBtCEoaUWRP","itt_fullspec_bn_employed_treat_HD","treat_HD",55,0.0310734463276836,"Increase",1124,2298,1124
"06_UHGtBtCEoaUWRP","itt_fullspec_bn_employed_treat_HD","treat_HD",55,0.0310734463276836,"Increase",1536,3143,1536
"06_UHGtBtCEoaUWRP","itt_fullspec_bn_employed_treat_HD","treat_HD",55,0.0310734463276836,"Increase",223,459,223
"06_UHGtBtCEoaUWRP","itt_fullspec_bn_employed_treat_HD","treat_HD",55,0.0310734463276836,"Increase",363,745,363
"06_UHGtBtCEoaUWRP","itt_fullspec_bn_employed_treat_HD","treat_HD",55,0.0310734463276836,"Increase",1714,3504,1714
"06_UHGtBtCEoaUWRP","itt_fullspec_bn_employed_treat_HD","treat_HD",55,0.0310734463276836,"Increase",549,1126,549
"06_UHGtBtCEoaUWRP","itt_fullspec_bn_employed_treat_HD","treat_HD",55,0.0310734463276836,"Increase",285,586,285
"06_UHGtBtCEoaUWRP","itt_fullspec_bn_employed_treat_HD","treat_HD",55,0.0310734463276836,"Increase",132,274,132
"06_UHGtBtCEoaUWRP","itt_fullspec_bn_employed_treat_HD","treat_HD",55,0.0310734463276836,"Increase",46,94,46
"06_UHGtBtCEoaUWRP","itt_fullspec_bn_employed_treat_HD","treat_HD",55,0.0310734463276836,"Increase",734,1502,734
"06_UHGtBtCEoaUWRP","itt_fullspec_bn_employed_treat_HD","treat_HD",55,0.0310734463276836,"Increase",876,1791,876
"06_UHGtBtCEoaUWRP","itt_fullspec_bn_employed_treat_HD","treat_HD",55,0.0310734463276836,"Increase",45,92,45
"06_UHGtBtCEoaUWRP","itt_fullspec_bn_employed_treat_HD","treat_HD",55,0.0310734463276836,"Increase",831,1698,831
"06_UHGtBtCEoaUWRP","itt_fullspec_bn_employed_treat_HD","treat_HD",55,0.0310734463276836,"Increase",446,916,446
"06_UHGtBtCEoaUWRP","itt_fullspec_bn_employed_treat_HD","treat_HD",55,0.0310734463276836,"Increase",783,1602,783
"06_UHGtBtCEoaUWRP","itt_fullspec_bn_employed_treat_HD","treat_HD",55,0.0310734463276836,"Increase",218,449,218
"06_UHGtBtCEoaUWRP","itt_fullspec_bn_employed_treat_HD","treat_HD",55,0.0310734463276836,"Increase",1221,2496,1221
"06_UHGtBtCEoaUWRP","itt_fullspec_bn_employed_treat_HD","treat_HD",55,0.0310734463276836,"Increase",1527,3125,1527
"06_UHGtBtCEoaUWRP","itt_fullspec_bn_employed_treat_HD","treat_HD",55,0.0310734463276836,"Increase",329,676,329
"06_UHGtBtCEoaUWRP","itt_fullspec_bn_employed_treat_HD","treat_HD",55,0.0310734463276836,"Increase",168,348,168
"06_UHGtBtCEoaUWRP","itt_fullspec_bn_employed_treat_HD","treat_HD",55,0.0310734463276836,"Increase",1702,3480,1702
"06_UHGtBtCEoaUWRP","itt_fullspec_bn_employed_treat_HD","treat_HD",55,0.0310734463276836,"Increase",838,1712,838
"06_UHGtBtCEoaUWRP","itt_fullspec_bn_employed_treat_HD","treat_HD",55,0.0310734463276836,"Increase",107,223,107
"06_UHGtBtCEoaUWRP","itt_fullspec_bn_employed_treat_HD","treat_HD",55,0.0310734463276836,"Increase",526,1080,526
"06_UHGtBtCEoaUWRP","itt_fullspec_bn_employed_treat_HD","treat_HD",55,0.0310734463276836,"Increase",1157,2365,1157
"06_UHGtBtCEoaUWRP","itt_fullspec_bn_employed_treat_HD","treat_HD",55,0.0310734463276836,"Increase",1077,2202,1077
"06_UHGtBtCEoaUWRP","itt_fullspec_bn_employed_treat_HD","treat_HD",55,0.0310734463276836,"Increase",354,727,354
"06_UHGtBtCEoaUWRP","itt_fullspec_bn_employed_treat_HD","treat_HD",55,0.0310734463276836,"Increase",1200,2452,1200
"06_UHGtBtCEoaUWRP","itt_fullspec_bn_employed_treat_HD","treat_HD",55,0.0310734463276836,"Increase",370,759,370
"06_UHGtBtCEoaUWRP","itt_fullspec_bn_employed_treat_HD","treat_HD",55,0.0310734463276836,"Increase",669,1371,669
"06_UHGtBtCEoaUWRP","itt_fullspec_bn_employed_treat_HD","treat_HD",55,0.0310734463276836,"Increase",618,1268,618
"06_UHGtBtCEoaUWRP","itt_fullspec_bn_employed_treat_HD","treat_HD",55,0.0310734463276836,"Increase",860,1758,860
"06_UHGtBtCEoaUWRP","itt_fullspec_bn_employed_treat_HD","treat_HD",55,0.0310734463276836,"Increase",718,1470,718
"06_UHGtBtCEoaUWRP","itt_fullspec_bn_employed_treat_HD","treat_HD",55,0.0310734463276836,"Increase",1472,3014,1472
"06_UHGtBtCEoaUWRP","itt_fullspec_bn_employed_treat_HD","treat_HD",55,0.0310734463276836,"Increase",1746,3569,1746
"06_UHGtBtCEoaUWRP","itt_fullspec_bn_employed_treat_HD","treat_HD",55,0.0310734463276836,"Increase",1022,2087,1022
"06_UHGtBtCEoaUWRP","itt_fullspec_bn_employed_treat_HD","treat_HD",55,0.0310734463276836,"Increase",788,1612,788
"06_UHGtBtCEoaUWRP","itt_fullspec_bn_employed_treat_HD","treat_HD",55,0.0310734463276836,"Increase",1248,2554,1248
"06_UHGtBtCEoaUWRP","itt_fullspec_bn_employed_treat_HD","treat_HD",55,0.0310734463276836,"Increase",333,684,333
"06_UHGtBtCEoaUWRP","itt_fullspec_bn_employed_treat_HD","treat_HD",55,0.0310734463276836,"Increase",1090,2228,1090
"06_UHGtBtCEoaUWRP","itt_fullspec_bn_employed_treat_HD","treat_HD",55,0.0310734463276836,"Increase",40,82,40
"06_UHGtBtCEoaUWRP","itt_fullspec_bn_employed_treat_HD","treat_HD",55,0.0310734463276836,"Increase",1504,3079,1504
"06_UHGtBtCEoaUWRP","itt_fullspec_bn_employed_treat_HD","treat_HD",55,0.0310734463276836,"Increase",1142,2335,1142
"06_UHGtBtCEoaUWRP","itt_fullspec_bn_employed_treat_HD","treat_HD",55,0.0310734463276836,"Increase",1125,2300,1125
"06_UHGtBtCEoaUWRP","itt_fullspec_bn_employed_treat_HD","treat_HD",56,0.031638418079096,"Increase",1441,2950,1441
"06_UHGtBtCEoaUWRP","itt_fullspec_bn_employed_treat_HD","treat_HD",56,0.031638418079096,"Increase",632,1296,632
"06_UHGtBtCEoaUWRP","itt_fullspec_bn_employed_treat_HD","treat_HD",56,0.031638418079096,"Increase",1051,2148,1051
"06_UHGtBtCEoaUWRP","itt_fullspec_bn_employed_treat_HD","treat_HD",56,0.031638418079096,"Increase",1636,3346,1636
"06_UHGtBtCEoaUWRP","itt_fullspec_bn_employed_treat_HD","treat_HD",56,0.031638418079096,"Increase",1083,2214,1083
"06_UHGtBtCEoaUWRP","itt_fullspec_bn_employed_treat_HD","treat_HD",56,0.031638418079096,"Increase",380,780,380
"06_UHGtBtCEoaUWRP","itt_fullspec_bn_employed_treat_HD","treat_HD",56,0.031638418079096,"Increase",391,803,391
"06_UHGtBtCEoaUWRP","itt_fullspec_bn_employed_treat_HD","treat_HD",56,0.031638418079096,"Increase",1442,2952,1442
"06_UHGtBtCEoaUWRP","itt_fullspec_bn_employed_treat_HD","treat_HD",56,0.031638418079096,"Increase",1194,2440,1194
"06_UHGtBtCEoaUWRP","itt_fullspec_bn_employed_treat_HD","treat_HD",56,0.031638418079096,"Increase",94,195,94
"06_UHGtBtCEoaUWRP","itt_fullspec_bn_employed_treat_HD","treat_HD",56,0.031638418079096,"Increase",1616,3306,1616
"06_UHGtBtCEoaUWRP","itt_fullspec_bn_employed_treat_HD","treat_HD",56,0.031638418079096,"Increase",1124,2298,1124
"06_UHGtBtCEoaUWRP","itt_fullspec_bn_employed_treat_HD","treat_HD",56,0.031638418079096,"Increase",1536,3143,1536
"06_UHGtBtCEoaUWRP","itt_fullspec_bn_employed_treat_HD","treat_HD",56,0.031638418079096,"Increase",223,459,223
"06_UHGtBtCEoaUWRP","itt_fullspec_bn_employed_treat_HD","treat_HD",56,0.031638418079096,"Increase",363,745,363
"06_UHGtBtCEoaUWRP","itt_fullspec_bn_employed_treat_HD","treat_HD",56,0.031638418079096,"Increase",1714,3504,1714
"06_UHGtBtCEoaUWRP","itt_fullspec_bn_employed_treat_HD","treat_HD",56,0.031638418079096,"Increase",549,1126,549
"06_UHGtBtCEoaUWRP","itt_fullspec_bn_employed_treat_HD","treat_HD",56,0.031638418079096,"Increase",285,586,285
"06_UHGtBtCEoaUWRP","itt_fullspec_bn_employed_treat_HD","treat_HD",56,0.031638418079096,"Increase",132,274,132
"06_UHGtBtCEoaUWRP","itt_fullspec_bn_employed_treat_HD","treat_HD",56,0.031638418079096,"Increase",46,94,46
"06_UHGtBtCEoaUWRP","itt_fullspec_bn_employed_treat_HD","treat_HD",56,0.031638418079096,"Increase",734,1502,734
"06_UHGtBtCEoaUWRP","itt_fullspec_bn_employed_treat_HD","treat_HD",56,0.031638418079096,"Increase",876,1791,876
"06_UHGtBtCEoaUWRP","itt_fullspec_bn_employed_treat_HD","treat_HD",56,0.031638418079096,"Increase",45,92,45
"06_UHGtBtCEoaUWRP","itt_fullspec_bn_employed_treat_HD","treat_HD",56,0.031638418079096,"Increase",831,1698,831
"06_UHGtBtCEoaUWRP","itt_fullspec_bn_employed_treat_HD","treat_HD",56,0.031638418079096,"Increase",446,916,446
"06_UHGtBtCEoaUWRP","itt_fullspec_bn_employed_treat_HD","treat_HD",56,0.031638418079096,"Increase",783,1602,783
"06_UHGtBtCEoaUWRP","itt_fullspec_bn_employed_treat_HD","treat_HD",56,0.031638418079096,"Increase",218,449,218
"06_UHGtBtCEoaUWRP","itt_fullspec_bn_employed_treat_HD","treat_HD",56,0.031638418079096,"Increase",1221,2496,1221
"06_UHGtBtCEoaUWRP","itt_fullspec_bn_employed_treat_HD","treat_HD",56,0.031638418079096,"Increase",1527,3125,1527
"06_UHGtBtCEoaUWRP","itt_fullspec_bn_employed_treat_HD","treat_HD",56,0.031638418079096,"Increase",329,676,329
"06_UHGtBtCEoaUWRP","itt_fullspec_bn_employed_treat_HD","treat_HD",56,0.031638418079096,"Increase",1702,3480,1702
"06_UHGtBtCEoaUWRP","itt_fullspec_bn_employed_treat_HD","treat_HD",56,0.031638418079096,"Increase",168,348,168
"06_UHGtBtCEoaUWRP","itt_fullspec_bn_employed_treat_HD","treat_HD",56,0.031638418079096,"Increase",838,1712,838
"06_UHGtBtCEoaUWRP","itt_fullspec_bn_employed_treat_HD","treat_HD",56,0.031638418079096,"Increase",107,223,107
"06_UHGtBtCEoaUWRP","itt_fullspec_bn_employed_treat_HD","treat_HD",56,0.031638418079096,"Increase",526,1080,526
"06_UHGtBtCEoaUWRP","itt_fullspec_bn_employed_treat_HD","treat_HD",56,0.031638418079096,"Increase",1157,2365,1157
"06_UHGtBtCEoaUWRP","itt_fullspec_bn_employed_treat_HD","treat_HD",56,0.031638418079096,"Increase",1077,2202,1077
"06_UHGtBtCEoaUWRP","itt_fullspec_bn_employed_treat_HD","treat_HD",56,0.031638418079096,"Increase",1200,2452,1200
"06_UHGtBtCEoaUWRP","itt_fullspec_bn_employed_treat_HD","treat_HD",56,0.031638418079096,"Increase",354,727,354
"06_UHGtBtCEoaUWRP","itt_fullspec_bn_employed_treat_HD","treat_HD",56,0.031638418079096,"Increase",370,759,370
"06_UHGtBtCEoaUWRP","itt_fullspec_bn_employed_treat_HD","treat_HD",56,0.031638418079096,"Increase",669,1371,669
"06_UHGtBtCEoaUWRP","itt_fullspec_bn_employed_treat_HD","treat_HD",56,0.031638418079096,"Increase",618,1268,618
"06_UHGtBtCEoaUWRP","itt_fullspec_bn_employed_treat_HD","treat_HD",56,0.031638418079096,"Increase",860,1758,860
"06_UHGtBtCEoaUWRP","itt_fullspec_bn_employed_treat_HD","treat_HD",56,0.031638418079096,"Increase",718,1470,718
"06_UHGtBtCEoaUWRP","itt_fullspec_bn_employed_treat_HD","treat_HD",56,0.031638418079096,"Increase",1472,3014,1472
"06_UHGtBtCEoaUWRP","itt_fullspec_bn_employed_treat_HD","treat_HD",56,0.031638418079096,"Increase",1746,3569,1746
"06_UHGtBtCEoaUWRP","itt_fullspec_bn_employed_treat_HD","treat_HD",56,0.031638418079096,"Increase",1022,2087,1022
"06_UHGtBtCEoaUWRP","itt_fullspec_bn_employed_treat_HD","treat_HD",56,0.031638418079096,"Increase",788,1612,788
"06_UHGtBtCEoaUWRP","itt_fullspec_bn_employed_treat_HD","treat_HD",56,0.031638418079096,"Increase",1248,2554,1248
"06_UHGtBtCEoaUWRP","itt_fullspec_bn_employed_treat_HD","treat_HD",56,0.031638418079096,"Increase",333,684,333
"06_UHGtBtCEoaUWRP","itt_fullspec_bn_employed_treat_HD","treat_HD",56,0.031638418079096,"Increase",1090,2228,1090
"06_UHGtBtCEoaUWRP","itt_fullspec_bn_employed_treat_HD","treat_HD",56,0.031638418079096,"Increase",40,82,40
"06_UHGtBtCEoaUWRP","itt_fullspec_bn_employed_treat_HD","treat_HD",56,0.031638418079096,"Increase",1504,3079,1504
"06_UHGtBtCEoaUWRP","itt_fullspec_bn_employed_treat_HD","treat_HD",56,0.031638418079096,"Increase",1142,2335,1142
"06_UHGtBtCEoaUWRP","itt_fullspec_bn_employed_treat_HD","treat_HD",56,0.031638418079096,"Increase",1125,2300,1125
"06_UHGtBtCEoaUWRP","itt_fullspec_bn_employed_treat_HD","treat_HD",56,0.031638418079096,"Increase",462,949,462
"06_UHGtBtCEoaUWRP","itt_fullspec_bn_employed_treat_HD","treat_HD",57,0.0322033898305085,"Increase",1441,2950,1441
"06_UHGtBtCEoaUWRP","itt_fullspec_bn_employed_treat_HD","treat_HD",57,0.0322033898305085,"Increase",632,1296,632
"06_UHGtBtCEoaUWRP","itt_fullspec_bn_employed_treat_HD","treat_HD",57,0.0322033898305085,"Increase",1051,2148,1051
"06_UHGtBtCEoaUWRP","itt_fullspec_bn_employed_treat_HD","treat_HD",57,0.0322033898305085,"Increase",1636,3346,1636
"06_UHGtBtCEoaUWRP","itt_fullspec_bn_employed_treat_HD","treat_HD",57,0.0322033898305085,"Increase",1083,2214,1083
"06_UHGtBtCEoaUWRP","itt_fullspec_bn_employed_treat_HD","treat_HD",57,0.0322033898305085,"Increase",380,780,380
"06_UHGtBtCEoaUWRP","itt_fullspec_bn_employed_treat_HD","treat_HD",57,0.0322033898305085,"Increase",391,803,391
"06_UHGtBtCEoaUWRP","itt_fullspec_bn_employed_treat_HD","treat_HD",57,0.0322033898305085,"Increase",1442,2952,1442
"06_UHGtBtCEoaUWRP","itt_fullspec_bn_employed_treat_HD","treat_HD",57,0.0322033898305085,"Increase",1194,2440,1194
"06_UHGtBtCEoaUWRP","itt_fullspec_bn_employed_treat_HD","treat_HD",57,0.0322033898305085,"Increase",94,195,94
"06_UHGtBtCEoaUWRP","itt_fullspec_bn_employed_treat_HD","treat_HD",57,0.0322033898305085,"Increase",1616,3306,1616
"06_UHGtBtCEoaUWRP","itt_fullspec_bn_employed_treat_HD","treat_HD",57,0.0322033898305085,"Increase",1124,2298,1124
"06_UHGtBtCEoaUWRP","itt_fullspec_bn_employed_treat_HD","treat_HD",57,0.0322033898305085,"Increase",1536,3143,1536
"06_UHGtBtCEoaUWRP","itt_fullspec_bn_employed_treat_HD","treat_HD",57,0.0322033898305085,"Increase",223,459,223
"06_UHGtBtCEoaUWRP","itt_fullspec_bn_employed_treat_HD","treat_HD",57,0.0322033898305085,"Increase",363,745,363
"06_UHGtBtCEoaUWRP","itt_fullspec_bn_employed_treat_HD","treat_HD",57,0.0322033898305085,"Increase",1714,3504,1714
"06_UHGtBtCEoaUWRP","itt_fullspec_bn_employed_treat_HD","treat_HD",57,0.0322033898305085,"Increase",549,1126,549
"06_UHGtBtCEoaUWRP","itt_fullspec_bn_employed_treat_HD","treat_HD",57,0.0322033898305085,"Increase",285,586,285
"06_UHGtBtCEoaUWRP","itt_fullspec_bn_employed_treat_HD","treat_HD",57,0.0322033898305085,"Increase",132,274,132
"06_UHGtBtCEoaUWRP","itt_fullspec_bn_employed_treat_HD","treat_HD",57,0.0322033898305085,"Increase",46,94,46
"06_UHGtBtCEoaUWRP","itt_fullspec_bn_employed_treat_HD","treat_HD",57,0.0322033898305085,"Increase",734,1502,734
"06_UHGtBtCEoaUWRP","itt_fullspec_bn_employed_treat_HD","treat_HD",57,0.0322033898305085,"Increase",876,1791,876
"06_UHGtBtCEoaUWRP","itt_fullspec_bn_employed_treat_HD","treat_HD",57,0.0322033898305085,"Increase",45,92,45
"06_UHGtBtCEoaUWRP","itt_fullspec_bn_employed_treat_HD","treat_HD",57,0.0322033898305085,"Increase",831,1698,831
"06_UHGtBtCEoaUWRP","itt_fullspec_bn_employed_treat_HD","treat_HD",57,0.0322033898305085,"Increase",783,1602,783
"06_UHGtBtCEoaUWRP","itt_fullspec_bn_employed_treat_HD","treat_HD",57,0.0322033898305085,"Increase",446,916,446
"06_UHGtBtCEoaUWRP","itt_fullspec_bn_employed_treat_HD","treat_HD",57,0.0322033898305085,"Increase",218,449,218
"06_UHGtBtCEoaUWRP","itt_fullspec_bn_employed_treat_HD","treat_HD",57,0.0322033898305085,"Increase",1221,2496,1221
"06_UHGtBtCEoaUWRP","itt_fullspec_bn_employed_treat_HD","treat_HD",57,0.0322033898305085,"Increase",1527,3125,1527
"06_UHGtBtCEoaUWRP","itt_fullspec_bn_employed_treat_HD","treat_HD",57,0.0322033898305085,"Increase",329,676,329
"06_UHGtBtCEoaUWRP","itt_fullspec_bn_employed_treat_HD","treat_HD",57,0.0322033898305085,"Increase",1702,3480,1702
"06_UHGtBtCEoaUWRP","itt_fullspec_bn_employed_treat_HD","treat_HD",57,0.0322033898305085,"Increase",168,348,168
"06_UHGtBtCEoaUWRP","itt_fullspec_bn_employed_treat_HD","treat_HD",57,0.0322033898305085,"Increase",838,1712,838
"06_UHGtBtCEoaUWRP","itt_fullspec_bn_employed_treat_HD","treat_HD",57,0.0322033898305085,"Increase",107,223,107
"06_UHGtBtCEoaUWRP","itt_fullspec_bn_employed_treat_HD","treat_HD",57,0.0322033898305085,"Increase",526,1080,526
"06_UHGtBtCEoaUWRP","itt_fullspec_bn_employed_treat_HD","treat_HD",57,0.0322033898305085,"Increase",1157,2365,1157
"06_UHGtBtCEoaUWRP","itt_fullspec_bn_employed_treat_HD","treat_HD",57,0.0322033898305085,"Increase",1077,2202,1077
"06_UHGtBtCEoaUWRP","itt_fullspec_bn_employed_treat_HD","treat_HD",57,0.0322033898305085,"Increase",1200,2452,1200
"06_UHGtBtCEoaUWRP","itt_fullspec_bn_employed_treat_HD","treat_HD",57,0.0322033898305085,"Increase",354,727,354
"06_UHGtBtCEoaUWRP","itt_fullspec_bn_employed_treat_HD","treat_HD",57,0.0322033898305085,"Increase",370,759,370
"06_UHGtBtCEoaUWRP","itt_fullspec_bn_employed_treat_HD","treat_HD",57,0.0322033898305085,"Increase",669,1371,669
"06_UHGtBtCEoaUWRP","itt_fullspec_bn_employed_treat_HD","treat_HD",57,0.0322033898305085,"Increase",618,1268,618
"06_UHGtBtCEoaUWRP","itt_fullspec_bn_employed_treat_HD","treat_HD",57,0.0322033898305085,"Increase",860,1758,860
"06_UHGtBtCEoaUWRP","itt_fullspec_bn_employed_treat_HD","treat_HD",57,0.0322033898305085,"Increase",718,1470,718
"06_UHGtBtCEoaUWRP","itt_fullspec_bn_employed_treat_HD","treat_HD",57,0.0322033898305085,"Increase",1472,3014,1472
"06_UHGtBtCEoaUWRP","itt_fullspec_bn_employed_treat_HD","treat_HD",57,0.0322033898305085,"Increase",1746,3569,1746
"06_UHGtBtCEoaUWRP","itt_fullspec_bn_employed_treat_HD","treat_HD",57,0.0322033898305085,"Increase",1022,2087,1022
"06_UHGtBtCEoaUWRP","itt_fullspec_bn_employed_treat_HD","treat_HD",57,0.0322033898305085,"Increase",788,1612,788
"06_UHGtBtCEoaUWRP","itt_fullspec_bn_employed_treat_HD","treat_HD",57,0.0322033898305085,"Increase",1248,2554,1248
"06_UHGtBtCEoaUWRP","itt_fullspec_bn_employed_treat_HD","treat_HD",57,0.0322033898305085,"Increase",333,684,333
"06_UHGtBtCEoaUWRP","itt_fullspec_bn_employed_treat_HD","treat_HD",57,0.0322033898305085,"Increase",1090,2228,1090
"06_UHGtBtCEoaUWRP","itt_fullspec_bn_employed_treat_HD","treat_HD",57,0.0322033898305085,"Increase",40,82,40
"06_UHGtBtCEoaUWRP","itt_fullspec_bn_employed_treat_HD","treat_HD",57,0.0322033898305085,"Increase",1504,3079,1504
"06_UHGtBtCEoaUWRP","itt_fullspec_bn_employed_treat_HD","treat_HD",57,0.0322033898305085,"Increase",1142,2335,1142
"06_UHGtBtCEoaUWRP","itt_fullspec_bn_employed_treat_HD","treat_HD",57,0.0322033898305085,"Increase",1125,2300,1125
"06_UHGtBtCEoaUWRP","itt_fullspec_bn_employed_treat_HD","treat_HD",57,0.0322033898305085,"Increase",462,949,462
"06_UHGtBtCEoaUWRP","itt_fullspec_bn_employed_treat_HD","treat_HD",57,0.0322033898305085,"Increase",29,60,29
"06_UHGtBtCEoaUWRP","itt_fullspec_bn_employed_treat_HD","treat_HD",58,0.0327683615819209,"Increase",1441,2950,1441
"06_UHGtBtCEoaUWRP","itt_fullspec_bn_employed_treat_HD","treat_HD",58,0.0327683615819209,"Increase",632,1296,632
"06_UHGtBtCEoaUWRP","itt_fullspec_bn_employed_treat_HD","treat_HD",58,0.0327683615819209,"Increase",1051,2148,1051
"06_UHGtBtCEoaUWRP","itt_fullspec_bn_employed_treat_HD","treat_HD",58,0.0327683615819209,"Increase",1636,3346,1636
"06_UHGtBtCEoaUWRP","itt_fullspec_bn_employed_treat_HD","treat_HD",58,0.0327683615819209,"Increase",1083,2214,1083
"06_UHGtBtCEoaUWRP","itt_fullspec_bn_employed_treat_HD","treat_HD",58,0.0327683615819209,"Increase",380,780,380
"06_UHGtBtCEoaUWRP","itt_fullspec_bn_employed_treat_HD","treat_HD",58,0.0327683615819209,"Increase",391,803,391
"06_UHGtBtCEoaUWRP","itt_fullspec_bn_employed_treat_HD","treat_HD",58,0.0327683615819209,"Increase",1442,2952,1442
"06_UHGtBtCEoaUWRP","itt_fullspec_bn_employed_treat_HD","treat_HD",58,0.0327683615819209,"Increase",1194,2440,1194
"06_UHGtBtCEoaUWRP","itt_fullspec_bn_employed_treat_HD","treat_HD",58,0.0327683615819209,"Increase",94,195,94
"06_UHGtBtCEoaUWRP","itt_fullspec_bn_employed_treat_HD","treat_HD",58,0.0327683615819209,"Increase",1616,3306,1616
"06_UHGtBtCEoaUWRP","itt_fullspec_bn_employed_treat_HD","treat_HD",58,0.0327683615819209,"Increase",1124,2298,1124
"06_UHGtBtCEoaUWRP","itt_fullspec_bn_employed_treat_HD","treat_HD",58,0.0327683615819209,"Increase",1536,3143,1536
"06_UHGtBtCEoaUWRP","itt_fullspec_bn_employed_treat_HD","treat_HD",58,0.0327683615819209,"Increase",223,459,223
"06_UHGtBtCEoaUWRP","itt_fullspec_bn_employed_treat_HD","treat_HD",58,0.0327683615819209,"Increase",363,745,363
"06_UHGtBtCEoaUWRP","itt_fullspec_bn_employed_treat_HD","treat_HD",58,0.0327683615819209,"Increase",1714,3504,1714
"06_UHGtBtCEoaUWRP","itt_fullspec_bn_employed_treat_HD","treat_HD",58,0.0327683615819209,"Increase",549,1126,549
"06_UHGtBtCEoaUWRP","itt_fullspec_bn_employed_treat_HD","treat_HD",58,0.0327683615819209,"Increase",285,586,285
"06_UHGtBtCEoaUWRP","itt_fullspec_bn_employed_treat_HD","treat_HD",58,0.0327683615819209,"Increase",132,274,132
"06_UHGtBtCEoaUWRP","itt_fullspec_bn_employed_treat_HD","treat_HD",58,0.0327683615819209,"Increase",46,94,46
"06_UHGtBtCEoaUWRP","itt_fullspec_bn_employed_treat_HD","treat_HD",58,0.0327683615819209,"Increase",734,1502,734
"06_UHGtBtCEoaUWRP","itt_fullspec_bn_employed_treat_HD","treat_HD",58,0.0327683615819209,"Increase",876,1791,876
"06_UHGtBtCEoaUWRP","itt_fullspec_bn_employed_treat_HD","treat_HD",58,0.0327683615819209,"Increase",45,92,45
"06_UHGtBtCEoaUWRP","itt_fullspec_bn_employed_treat_HD","treat_HD",58,0.0327683615819209,"Increase",831,1698,831
"06_UHGtBtCEoaUWRP","itt_fullspec_bn_employed_treat_HD","treat_HD",58,0.0327683615819209,"Increase",783,1602,783
"06_UHGtBtCEoaUWRP","itt_fullspec_bn_employed_treat_HD","treat_HD",58,0.0327683615819209,"Increase",446,916,446
"06_UHGtBtCEoaUWRP","itt_fullspec_bn_employed_treat_HD","treat_HD",58,0.0327683615819209,"Increase",218,449,218
"06_UHGtBtCEoaUWRP","itt_fullspec_bn_employed_treat_HD","treat_HD",58,0.0327683615819209,"Increase",1221,2496,1221
"06_UHGtBtCEoaUWRP","itt_fullspec_bn_employed_treat_HD","treat_HD",58,0.0327683615819209,"Increase",1527,3125,1527
"06_UHGtBtCEoaUWRP","itt_fullspec_bn_employed_treat_HD","treat_HD",58,0.0327683615819209,"Increase",329,676,329
"06_UHGtBtCEoaUWRP","itt_fullspec_bn_employed_treat_HD","treat_HD",58,0.0327683615819209,"Increase",1702,3480,1702
"06_UHGtBtCEoaUWRP","itt_fullspec_bn_employed_treat_HD","treat_HD",58,0.0327683615819209,"Increase",838,1712,838
"06_UHGtBtCEoaUWRP","itt_fullspec_bn_employed_treat_HD","treat_HD",58,0.0327683615819209,"Increase",168,348,168
"06_UHGtBtCEoaUWRP","itt_fullspec_bn_employed_treat_HD","treat_HD",58,0.0327683615819209,"Increase",107,223,107
"06_UHGtBtCEoaUWRP","itt_fullspec_bn_employed_treat_HD","treat_HD",58,0.0327683615819209,"Increase",526,1080,526
"06_UHGtBtCEoaUWRP","itt_fullspec_bn_employed_treat_HD","treat_HD",58,0.0327683615819209,"Increase",1157,2365,1157
"06_UHGtBtCEoaUWRP","itt_fullspec_bn_employed_treat_HD","treat_HD",58,0.0327683615819209,"Increase",1077,2202,1077
"06_UHGtBtCEoaUWRP","itt_fullspec_bn_employed_treat_HD","treat_HD",58,0.0327683615819209,"Increase",1200,2452,1200
"06_UHGtBtCEoaUWRP","itt_fullspec_bn_employed_treat_HD","treat_HD",58,0.0327683615819209,"Increase",354,727,354
"06_UHGtBtCEoaUWRP","itt_fullspec_bn_employed_treat_HD","treat_HD",58,0.0327683615819209,"Increase",370,759,370
"06_UHGtBtCEoaUWRP","itt_fullspec_bn_employed_treat_HD","treat_HD",58,0.0327683615819209,"Increase",669,1371,669
"06_UHGtBtCEoaUWRP","itt_fullspec_bn_employed_treat_HD","treat_HD",58,0.0327683615819209,"Increase",618,1268,618
"06_UHGtBtCEoaUWRP","itt_fullspec_bn_employed_treat_HD","treat_HD",58,0.0327683615819209,"Increase",860,1758,860
"06_UHGtBtCEoaUWRP","itt_fullspec_bn_employed_treat_HD","treat_HD",58,0.0327683615819209,"Increase",718,1470,718
"06_UHGtBtCEoaUWRP","itt_fullspec_bn_employed_treat_HD","treat_HD",58,0.0327683615819209,"Increase",1472,3014,1472
"06_UHGtBtCEoaUWRP","itt_fullspec_bn_employed_treat_HD","treat_HD",58,0.0327683615819209,"Increase",1746,3569,1746
"06_UHGtBtCEoaUWRP","itt_fullspec_bn_employed_treat_HD","treat_HD",58,0.0327683615819209,"Increase",1022,2087,1022
"06_UHGtBtCEoaUWRP","itt_fullspec_bn_employed_treat_HD","treat_HD",58,0.0327683615819209,"Increase",788,1612,788
"06_UHGtBtCEoaUWRP","itt_fullspec_bn_employed_treat_HD","treat_HD",58,0.0327683615819209,"Increase",1248,2554,1248
"06_UHGtBtCEoaUWRP","itt_fullspec_bn_employed_treat_HD","treat_HD",58,0.0327683615819209,"Increase",333,684,333
"06_UHGtBtCEoaUWRP","itt_fullspec_bn_employed_treat_HD","treat_HD",58,0.0327683615819209,"Increase",1090,2228,1090
"06_UHGtBtCEoaUWRP","itt_fullspec_bn_employed_treat_HD","treat_HD",58,0.0327683615819209,"Increase",40,82,40
"06_UHGtBtCEoaUWRP","itt_fullspec_bn_employed_treat_HD","treat_HD",58,0.0327683615819209,"Increase",1504,3079,1504
"06_UHGtBtCEoaUWRP","itt_fullspec_bn_employed_treat_HD","treat_HD",58,0.0327683615819209,"Increase",1142,2335,1142
"06_UHGtBtCEoaUWRP","itt_fullspec_bn_employed_treat_HD","treat_HD",58,0.0327683615819209,"Increase",1125,2300,1125
"06_UHGtBtCEoaUWRP","itt_fullspec_bn_employed_treat_HD","treat_HD",58,0.0327683615819209,"Increase",462,949,462
"06_UHGtBtCEoaUWRP","itt_fullspec_bn_employed_treat_HD","treat_HD",58,0.0327683615819209,"Increase",29,60,29
"06_UHGtBtCEoaUWRP","itt_fullspec_bn_employed_treat_HD","treat_HD",58,0.0327683615819209,"Increase",1239,2533,1239
"06_UHGtBtCEoaUWRP","itt_fullspec_bn_employed_treat_HD","treat_HD",59,0.0333333333333333,"Increase",1441,2950,1441
"06_UHGtBtCEoaUWRP","itt_fullspec_bn_employed_treat_HD","treat_HD",59,0.0333333333333333,"Increase",632,1296,632
"06_UHGtBtCEoaUWRP","itt_fullspec_bn_employed_treat_HD","treat_HD",59,0.0333333333333333,"Increase",1051,2148,1051
"06_UHGtBtCEoaUWRP","itt_fullspec_bn_employed_treat_HD","treat_HD",59,0.0333333333333333,"Increase",1636,3346,1636
"06_UHGtBtCEoaUWRP","itt_fullspec_bn_employed_treat_HD","treat_HD",59,0.0333333333333333,"Increase",1083,2214,1083
"06_UHGtBtCEoaUWRP","itt_fullspec_bn_employed_treat_HD","treat_HD",59,0.0333333333333333,"Increase",380,780,380
"06_UHGtBtCEoaUWRP","itt_fullspec_bn_employed_treat_HD","treat_HD",59,0.0333333333333333,"Increase",391,803,391
"06_UHGtBtCEoaUWRP","itt_fullspec_bn_employed_treat_HD","treat_HD",59,0.0333333333333333,"Increase",1442,2952,1442
"06_UHGtBtCEoaUWRP","itt_fullspec_bn_employed_treat_HD","treat_HD",59,0.0333333333333333,"Increase",1194,2440,1194
"06_UHGtBtCEoaUWRP","itt_fullspec_bn_employed_treat_HD","treat_HD",59,0.0333333333333333,"Increase",94,195,94
"06_UHGtBtCEoaUWRP","itt_fullspec_bn_employed_treat_HD","treat_HD",59,0.0333333333333333,"Increase",1616,3306,1616
"06_UHGtBtCEoaUWRP","itt_fullspec_bn_employed_treat_HD","treat_HD",59,0.0333333333333333,"Increase",1124,2298,1124
"06_UHGtBtCEoaUWRP","itt_fullspec_bn_employed_treat_HD","treat_HD",59,0.0333333333333333,"Increase",1536,3143,1536
"06_UHGtBtCEoaUWRP","itt_fullspec_bn_employed_treat_HD","treat_HD",59,0.0333333333333333,"Increase",223,459,223
"06_UHGtBtCEoaUWRP","itt_fullspec_bn_employed_treat_HD","treat_HD",59,0.0333333333333333,"Increase",363,745,363
"06_UHGtBtCEoaUWRP","itt_fullspec_bn_employed_treat_HD","treat_HD",59,0.0333333333333333,"Increase",1714,3504,1714
"06_UHGtBtCEoaUWRP","itt_fullspec_bn_employed_treat_HD","treat_HD",59,0.0333333333333333,"Increase",549,1126,549
"06_UHGtBtCEoaUWRP","itt_fullspec_bn_employed_treat_HD","treat_HD",59,0.0333333333333333,"Increase",285,586,285
"06_UHGtBtCEoaUWRP","itt_fullspec_bn_employed_treat_HD","treat_HD",59,0.0333333333333333,"Increase",132,274,132
"06_UHGtBtCEoaUWRP","itt_fullspec_bn_employed_treat_HD","treat_HD",59,0.0333333333333333,"Increase",46,94,46
"06_UHGtBtCEoaUWRP","itt_fullspec_bn_employed_treat_HD","treat_HD",59,0.0333333333333333,"Increase",734,1502,734
"06_UHGtBtCEoaUWRP","itt_fullspec_bn_employed_treat_HD","treat_HD",59,0.0333333333333333,"Increase",876,1791,876
"06_UHGtBtCEoaUWRP","itt_fullspec_bn_employed_treat_HD","treat_HD",59,0.0333333333333333,"Increase",45,92,45
"06_UHGtBtCEoaUWRP","itt_fullspec_bn_employed_treat_HD","treat_HD",59,0.0333333333333333,"Increase",831,1698,831
"06_UHGtBtCEoaUWRP","itt_fullspec_bn_employed_treat_HD","treat_HD",59,0.0333333333333333,"Increase",783,1602,783
"06_UHGtBtCEoaUWRP","itt_fullspec_bn_employed_treat_HD","treat_HD",59,0.0333333333333333,"Increase",446,916,446
"06_UHGtBtCEoaUWRP","itt_fullspec_bn_employed_treat_HD","treat_HD",59,0.0333333333333333,"Increase",218,449,218
"06_UHGtBtCEoaUWRP","itt_fullspec_bn_employed_treat_HD","treat_HD",59,0.0333333333333333,"Increase",1527,3125,1527
"06_UHGtBtCEoaUWRP","itt_fullspec_bn_employed_treat_HD","treat_HD",59,0.0333333333333333,"Increase",1221,2496,1221
"06_UHGtBtCEoaUWRP","itt_fullspec_bn_employed_treat_HD","treat_HD",59,0.0333333333333333,"Increase",329,676,329
"06_UHGtBtCEoaUWRP","itt_fullspec_bn_employed_treat_HD","treat_HD",59,0.0333333333333333,"Increase",838,1712,838
"06_UHGtBtCEoaUWRP","itt_fullspec_bn_employed_treat_HD","treat_HD",59,0.0333333333333333,"Increase",1702,3480,1702
"06_UHGtBtCEoaUWRP","itt_fullspec_bn_employed_treat_HD","treat_HD",59,0.0333333333333333,"Increase",168,348,168
"06_UHGtBtCEoaUWRP","itt_fullspec_bn_employed_treat_HD","treat_HD",59,0.0333333333333333,"Increase",107,223,107
"06_UHGtBtCEoaUWRP","itt_fullspec_bn_employed_treat_HD","treat_HD",59,0.0333333333333333,"Increase",526,1080,526
"06_UHGtBtCEoaUWRP","itt_fullspec_bn_employed_treat_HD","treat_HD",59,0.0333333333333333,"Increase",1157,2365,1157
"06_UHGtBtCEoaUWRP","itt_fullspec_bn_employed_treat_HD","treat_HD",59,0.0333333333333333,"Increase",1077,2202,1077
"06_UHGtBtCEoaUWRP","itt_fullspec_bn_employed_treat_HD","treat_HD",59,0.0333333333333333,"Increase",1200,2452,1200
"06_UHGtBtCEoaUWRP","itt_fullspec_bn_employed_treat_HD","treat_HD",59,0.0333333333333333,"Increase",354,727,354
"06_UHGtBtCEoaUWRP","itt_fullspec_bn_employed_treat_HD","treat_HD",59,0.0333333333333333,"Increase",370,759,370
"06_UHGtBtCEoaUWRP","itt_fullspec_bn_employed_treat_HD","treat_HD",59,0.0333333333333333,"Increase",669,1371,669
"06_UHGtBtCEoaUWRP","itt_fullspec_bn_employed_treat_HD","treat_HD",59,0.0333333333333333,"Increase",618,1268,618
"06_UHGtBtCEoaUWRP","itt_fullspec_bn_employed_treat_HD","treat_HD",59,0.0333333333333333,"Increase",860,1758,860
"06_UHGtBtCEoaUWRP","itt_fullspec_bn_employed_treat_HD","treat_HD",59,0.0333333333333333,"Increase",718,1470,718
"06_UHGtBtCEoaUWRP","itt_fullspec_bn_employed_treat_HD","treat_HD",59,0.0333333333333333,"Increase",1472,3014,1472
"06_UHGtBtCEoaUWRP","itt_fullspec_bn_employed_treat_HD","treat_HD",59,0.0333333333333333,"Increase",1746,3569,1746
"06_UHGtBtCEoaUWRP","itt_fullspec_bn_employed_treat_HD","treat_HD",59,0.0333333333333333,"Increase",1022,2087,1022
"06_UHGtBtCEoaUWRP","itt_fullspec_bn_employed_treat_HD","treat_HD",59,0.0333333333333333,"Increase",788,1612,788
"06_UHGtBtCEoaUWRP","itt_fullspec_bn_employed_treat_HD","treat_HD",59,0.0333333333333333,"Increase",1248,2554,1248
"06_UHGtBtCEoaUWRP","itt_fullspec_bn_employed_treat_HD","treat_HD",59,0.0333333333333333,"Increase",333,684,333
"06_UHGtBtCEoaUWRP","itt_fullspec_bn_employed_treat_HD","treat_HD",59,0.0333333333333333,"Increase",1090,2228,1090
"06_UHGtBtCEoaUWRP","itt_fullspec_bn_employed_treat_HD","treat_HD",59,0.0333333333333333,"Increase",40,82,40
"06_UHGtBtCEoaUWRP","itt_fullspec_bn_employed_treat_HD","treat_HD",59,0.0333333333333333,"Increase",1504,3079,1504
"06_UHGtBtCEoaUWRP","itt_fullspec_bn_employed_treat_HD","treat_HD",59,0.0333333333333333,"Increase",1142,2335,1142
"06_UHGtBtCEoaUWRP","itt_fullspec_bn_employed_treat_HD","treat_HD",59,0.0333333333333333,"Increase",1125,2300,1125
"06_UHGtBtCEoaUWRP","itt_fullspec_bn_employed_treat_HD","treat_HD",59,0.0333333333333333,"Increase",462,949,462
"06_UHGtBtCEoaUWRP","itt_fullspec_bn_employed_treat_HD","treat_HD",59,0.0333333333333333,"Increase",1239,2533,1239
"06_UHGtBtCEoaUWRP","itt_fullspec_bn_employed_treat_HD","treat_HD",59,0.0333333333333333,"Increase",29,60,29
"06_UHGtBtCEoaUWRP","itt_fullspec_bn_employed_treat_HD","treat_HD",59,0.0333333333333333,"Increase",1619,3312,1619
"06_UHGtBtCEoaUWRP","itt_fullspec_bn_employed_treat_HD","treat_HD",60,0.0338983050847458,"Increase",1441,2950,1441
"06_UHGtBtCEoaUWRP","itt_fullspec_bn_employed_treat_HD","treat_HD",60,0.0338983050847458,"Increase",632,1296,632
"06_UHGtBtCEoaUWRP","itt_fullspec_bn_employed_treat_HD","treat_HD",60,0.0338983050847458,"Increase",1051,2148,1051
"06_UHGtBtCEoaUWRP","itt_fullspec_bn_employed_treat_HD","treat_HD",60,0.0338983050847458,"Increase",1636,3346,1636
"06_UHGtBtCEoaUWRP","itt_fullspec_bn_employed_treat_HD","treat_HD",60,0.0338983050847458,"Increase",1083,2214,1083
"06_UHGtBtCEoaUWRP","itt_fullspec_bn_employed_treat_HD","treat_HD",60,0.0338983050847458,"Increase",380,780,380
"06_UHGtBtCEoaUWRP","itt_fullspec_bn_employed_treat_HD","treat_HD",60,0.0338983050847458,"Increase",391,803,391
"06_UHGtBtCEoaUWRP","itt_fullspec_bn_employed_treat_HD","treat_HD",60,0.0338983050847458,"Increase",1442,2952,1442
"06_UHGtBtCEoaUWRP","itt_fullspec_bn_employed_treat_HD","treat_HD",60,0.0338983050847458,"Increase",1194,2440,1194
"06_UHGtBtCEoaUWRP","itt_fullspec_bn_employed_treat_HD","treat_HD",60,0.0338983050847458,"Increase",94,195,94
"06_UHGtBtCEoaUWRP","itt_fullspec_bn_employed_treat_HD","treat_HD",60,0.0338983050847458,"Increase",1616,3306,1616
"06_UHGtBtCEoaUWRP","itt_fullspec_bn_employed_treat_HD","treat_HD",60,0.0338983050847458,"Increase",1124,2298,1124
"06_UHGtBtCEoaUWRP","itt_fullspec_bn_employed_treat_HD","treat_HD",60,0.0338983050847458,"Increase",1536,3143,1536
"06_UHGtBtCEoaUWRP","itt_fullspec_bn_employed_treat_HD","treat_HD",60,0.0338983050847458,"Increase",223,459,223
"06_UHGtBtCEoaUWRP","itt_fullspec_bn_employed_treat_HD","treat_HD",60,0.0338983050847458,"Increase",363,745,363
"06_UHGtBtCEoaUWRP","itt_fullspec_bn_employed_treat_HD","treat_HD",60,0.0338983050847458,"Increase",1714,3504,1714
"06_UHGtBtCEoaUWRP","itt_fullspec_bn_employed_treat_HD","treat_HD",60,0.0338983050847458,"Increase",549,1126,549
"06_UHGtBtCEoaUWRP","itt_fullspec_bn_employed_treat_HD","treat_HD",60,0.0338983050847458,"Increase",285,586,285
"06_UHGtBtCEoaUWRP","itt_fullspec_bn_employed_treat_HD","treat_HD",60,0.0338983050847458,"Increase",132,274,132
"06_UHGtBtCEoaUWRP","itt_fullspec_bn_employed_treat_HD","treat_HD",60,0.0338983050847458,"Increase",46,94,46
"06_UHGtBtCEoaUWRP","itt_fullspec_bn_employed_treat_HD","treat_HD",60,0.0338983050847458,"Increase",734,1502,734
"06_UHGtBtCEoaUWRP","itt_fullspec_bn_employed_treat_HD","treat_HD",60,0.0338983050847458,"Increase",876,1791,876
"06_UHGtBtCEoaUWRP","itt_fullspec_bn_employed_treat_HD","treat_HD",60,0.0338983050847458,"Increase",45,92,45
"06_UHGtBtCEoaUWRP","itt_fullspec_bn_employed_treat_HD","treat_HD",60,0.0338983050847458,"Increase",831,1698,831
"06_UHGtBtCEoaUWRP","itt_fullspec_bn_employed_treat_HD","treat_HD",60,0.0338983050847458,"Increase",783,1602,783
"06_UHGtBtCEoaUWRP","itt_fullspec_bn_employed_treat_HD","treat_HD",60,0.0338983050847458,"Increase",446,916,446
"06_UHGtBtCEoaUWRP","itt_fullspec_bn_employed_treat_HD","treat_HD",60,0.0338983050847458,"Increase",218,449,218
"06_UHGtBtCEoaUWRP","itt_fullspec_bn_employed_treat_HD","treat_HD",60,0.0338983050847458,"Increase",1527,3125,1527
"06_UHGtBtCEoaUWRP","itt_fullspec_bn_employed_treat_HD","treat_HD",60,0.0338983050847458,"Increase",1221,2496,1221
"06_UHGtBtCEoaUWRP","itt_fullspec_bn_employed_treat_HD","treat_HD",60,0.0338983050847458,"Increase",329,676,329
"06_UHGtBtCEoaUWRP","itt_fullspec_bn_employed_treat_HD","treat_HD",60,0.0338983050847458,"Increase",838,1712,838
"06_UHGtBtCEoaUWRP","itt_fullspec_bn_employed_treat_HD","treat_HD",60,0.0338983050847458,"Increase",1702,3480,1702
"06_UHGtBtCEoaUWRP","itt_fullspec_bn_employed_treat_HD","treat_HD",60,0.0338983050847458,"Increase",168,348,168
"06_UHGtBtCEoaUWRP","itt_fullspec_bn_employed_treat_HD","treat_HD",60,0.0338983050847458,"Increase",107,223,107
"06_UHGtBtCEoaUWRP","itt_fullspec_bn_employed_treat_HD","treat_HD",60,0.0338983050847458,"Increase",526,1080,526
"06_UHGtBtCEoaUWRP","itt_fullspec_bn_employed_treat_HD","treat_HD",60,0.0338983050847458,"Increase",1157,2365,1157
"06_UHGtBtCEoaUWRP","itt_fullspec_bn_employed_treat_HD","treat_HD",60,0.0338983050847458,"Increase",1077,2202,1077
"06_UHGtBtCEoaUWRP","itt_fullspec_bn_employed_treat_HD","treat_HD",60,0.0338983050847458,"Increase",1200,2452,1200
"06_UHGtBtCEoaUWRP","itt_fullspec_bn_employed_treat_HD","treat_HD",60,0.0338983050847458,"Increase",370,759,370
"06_UHGtBtCEoaUWRP","itt_fullspec_bn_employed_treat_HD","treat_HD",60,0.0338983050847458,"Increase",354,727,354
"06_UHGtBtCEoaUWRP","itt_fullspec_bn_employed_treat_HD","treat_HD",60,0.0338983050847458,"Increase",669,1371,669
"06_UHGtBtCEoaUWRP","itt_fullspec_bn_employed_treat_HD","treat_HD",60,0.0338983050847458,"Increase",618,1268,618
"06_UHGtBtCEoaUWRP","itt_fullspec_bn_employed_treat_HD","treat_HD",60,0.0338983050847458,"Increase",860,1758,860
"06_UHGtBtCEoaUWRP","itt_fullspec_bn_employed_treat_HD","treat_HD",60,0.0338983050847458,"Increase",718,1470,718
"06_UHGtBtCEoaUWRP","itt_fullspec_bn_employed_treat_HD","treat_HD",60,0.0338983050847458,"Increase",1472,3014,1472
"06_UHGtBtCEoaUWRP","itt_fullspec_bn_employed_treat_HD","treat_HD",60,0.0338983050847458,"Increase",1746,3569,1746
"06_UHGtBtCEoaUWRP","itt_fullspec_bn_employed_treat_HD","treat_HD",60,0.0338983050847458,"Increase",1022,2087,1022
"06_UHGtBtCEoaUWRP","itt_fullspec_bn_employed_treat_HD","treat_HD",60,0.0338983050847458,"Increase",788,1612,788
"06_UHGtBtCEoaUWRP","itt_fullspec_bn_employed_treat_HD","treat_HD",60,0.0338983050847458,"Increase",1248,2554,1248
"06_UHGtBtCEoaUWRP","itt_fullspec_bn_employed_treat_HD","treat_HD",60,0.0338983050847458,"Increase",333,684,333
"06_UHGtBtCEoaUWRP","itt_fullspec_bn_employed_treat_HD","treat_HD",60,0.0338983050847458,"Increase",1090,2228,1090
"06_UHGtBtCEoaUWRP","itt_fullspec_bn_employed_treat_HD","treat_HD",60,0.0338983050847458,"Increase",40,82,40
"06_UHGtBtCEoaUWRP","itt_fullspec_bn_employed_treat_HD","treat_HD",60,0.0338983050847458,"Increase",1504,3079,1504
"06_UHGtBtCEoaUWRP","itt_fullspec_bn_employed_treat_HD","treat_HD",60,0.0338983050847458,"Increase",1142,2335,1142
"06_UHGtBtCEoaUWRP","itt_fullspec_bn_employed_treat_HD","treat_HD",60,0.0338983050847458,"Increase",1125,2300,1125
"06_UHGtBtCEoaUWRP","itt_fullspec_bn_employed_treat_HD","treat_HD",60,0.0338983050847458,"Increase",462,949,462
"06_UHGtBtCEoaUWRP","itt_fullspec_bn_employed_treat_HD","treat_HD",60,0.0338983050847458,"Increase",1239,2533,1239
"06_UHGtBtCEoaUWRP","itt_fullspec_bn_employed_treat_HD","treat_HD",60,0.0338983050847458,"Increase",29,60,29
"06_UHGtBtCEoaUWRP","itt_fullspec_bn_employed_treat_HD","treat_HD",60,0.0338983050847458,"Increase",1619,3312,1619
"06_UHGtBtCEoaUWRP","itt_fullspec_bn_employed_treat_HD","treat_HD",60,0.0338983050847458,"Increase",794,1624,794
"06_UHGtBtCEoaUWRP","itt_fullspec_bn_employed_treat_HD","treat_HD",61,0.0344632768361582,"Increase",1441,2950,1441
"06_UHGtBtCEoaUWRP","itt_fullspec_bn_employed_treat_HD","treat_HD",61,0.0344632768361582,"Increase",632,1296,632
"06_UHGtBtCEoaUWRP","itt_fullspec_bn_employed_treat_HD","treat_HD",61,0.0344632768361582,"Increase",1636,3346,1636
"06_UHGtBtCEoaUWRP","itt_fullspec_bn_employed_treat_HD","treat_HD",61,0.0344632768361582,"Increase",1051,2148,1051
"06_UHGtBtCEoaUWRP","itt_fullspec_bn_employed_treat_HD","treat_HD",61,0.0344632768361582,"Increase",1083,2214,1083
"06_UHGtBtCEoaUWRP","itt_fullspec_bn_employed_treat_HD","treat_HD",61,0.0344632768361582,"Increase",380,780,380
"06_UHGtBtCEoaUWRP","itt_fullspec_bn_employed_treat_HD","treat_HD",61,0.0344632768361582,"Increase",391,803,391
"06_UHGtBtCEoaUWRP","itt_fullspec_bn_employed_treat_HD","treat_HD",61,0.0344632768361582,"Increase",1442,2952,1442
"06_UHGtBtCEoaUWRP","itt_fullspec_bn_employed_treat_HD","treat_HD",61,0.0344632768361582,"Increase",1194,2440,1194
"06_UHGtBtCEoaUWRP","itt_fullspec_bn_employed_treat_HD","treat_HD",61,0.0344632768361582,"Increase",94,195,94
"06_UHGtBtCEoaUWRP","itt_fullspec_bn_employed_treat_HD","treat_HD",61,0.0344632768361582,"Increase",1616,3306,1616
"06_UHGtBtCEoaUWRP","itt_fullspec_bn_employed_treat_HD","treat_HD",61,0.0344632768361582,"Increase",1124,2298,1124
"06_UHGtBtCEoaUWRP","itt_fullspec_bn_employed_treat_HD","treat_HD",61,0.0344632768361582,"Increase",1536,3143,1536
"06_UHGtBtCEoaUWRP","itt_fullspec_bn_employed_treat_HD","treat_HD",61,0.0344632768361582,"Increase",223,459,223
"06_UHGtBtCEoaUWRP","itt_fullspec_bn_employed_treat_HD","treat_HD",61,0.0344632768361582,"Increase",363,745,363
"06_UHGtBtCEoaUWRP","itt_fullspec_bn_employed_treat_HD","treat_HD",61,0.0344632768361582,"Increase",1714,3504,1714
"06_UHGtBtCEoaUWRP","itt_fullspec_bn_employed_treat_HD","treat_HD",61,0.0344632768361582,"Increase",285,586,285
"06_UHGtBtCEoaUWRP","itt_fullspec_bn_employed_treat_HD","treat_HD",61,0.0344632768361582,"Increase",549,1126,549
"06_UHGtBtCEoaUWRP","itt_fullspec_bn_employed_treat_HD","treat_HD",61,0.0344632768361582,"Increase",132,274,132
"06_UHGtBtCEoaUWRP","itt_fullspec_bn_employed_treat_HD","treat_HD",61,0.0344632768361582,"Increase",46,94,46
"06_UHGtBtCEoaUWRP","itt_fullspec_bn_employed_treat_HD","treat_HD",61,0.0344632768361582,"Increase",734,1502,734
"06_UHGtBtCEoaUWRP","itt_fullspec_bn_employed_treat_HD","treat_HD",61,0.0344632768361582,"Increase",876,1791,876
"06_UHGtBtCEoaUWRP","itt_fullspec_bn_employed_treat_HD","treat_HD",61,0.0344632768361582,"Increase",45,92,45
"06_UHGtBtCEoaUWRP","itt_fullspec_bn_employed_treat_HD","treat_HD",61,0.0344632768361582,"Increase",831,1698,831
"06_UHGtBtCEoaUWRP","itt_fullspec_bn_employed_treat_HD","treat_HD",61,0.0344632768361582,"Increase",783,1602,783
"06_UHGtBtCEoaUWRP","itt_fullspec_bn_employed_treat_HD","treat_HD",61,0.0344632768361582,"Increase",446,916,446
"06_UHGtBtCEoaUWRP","itt_fullspec_bn_employed_treat_HD","treat_HD",61,0.0344632768361582,"Increase",218,449,218
"06_UHGtBtCEoaUWRP","itt_fullspec_bn_employed_treat_HD","treat_HD",61,0.0344632768361582,"Increase",1527,3125,1527
"06_UHGtBtCEoaUWRP","itt_fullspec_bn_employed_treat_HD","treat_HD",61,0.0344632768361582,"Increase",1221,2496,1221
"06_UHGtBtCEoaUWRP","itt_fullspec_bn_employed_treat_HD","treat_HD",61,0.0344632768361582,"Increase",329,676,329
"06_UHGtBtCEoaUWRP","itt_fullspec_bn_employed_treat_HD","treat_HD",61,0.0344632768361582,"Increase",838,1712,838
"06_UHGtBtCEoaUWRP","itt_fullspec_bn_employed_treat_HD","treat_HD",61,0.0344632768361582,"Increase",1702,3480,1702
"06_UHGtBtCEoaUWRP","itt_fullspec_bn_employed_treat_HD","treat_HD",61,0.0344632768361582,"Increase",168,348,168
"06_UHGtBtCEoaUWRP","itt_fullspec_bn_employed_treat_HD","treat_HD",61,0.0344632768361582,"Increase",107,223,107
"06_UHGtBtCEoaUWRP","itt_fullspec_bn_employed_treat_HD","treat_HD",61,0.0344632768361582,"Increase",526,1080,526
"06_UHGtBtCEoaUWRP","itt_fullspec_bn_employed_treat_HD","treat_HD",61,0.0344632768361582,"Increase",1077,2202,1077
"06_UHGtBtCEoaUWRP","itt_fullspec_bn_employed_treat_HD","treat_HD",61,0.0344632768361582,"Increase",1157,2365,1157
"06_UHGtBtCEoaUWRP","itt_fullspec_bn_employed_treat_HD","treat_HD",61,0.0344632768361582,"Increase",1200,2452,1200
"06_UHGtBtCEoaUWRP","itt_fullspec_bn_employed_treat_HD","treat_HD",61,0.0344632768361582,"Increase",370,759,370
"06_UHGtBtCEoaUWRP","itt_fullspec_bn_employed_treat_HD","treat_HD",61,0.0344632768361582,"Increase",354,727,354
"06_UHGtBtCEoaUWRP","itt_fullspec_bn_employed_treat_HD","treat_HD",61,0.0344632768361582,"Increase",669,1371,669
"06_UHGtBtCEoaUWRP","itt_fullspec_bn_employed_treat_HD","treat_HD",61,0.0344632768361582,"Increase",618,1268,618
"06_UHGtBtCEoaUWRP","itt_fullspec_bn_employed_treat_HD","treat_HD",61,0.0344632768361582,"Increase",860,1758,860
"06_UHGtBtCEoaUWRP","itt_fullspec_bn_employed_treat_HD","treat_HD",61,0.0344632768361582,"Increase",718,1470,718
"06_UHGtBtCEoaUWRP","itt_fullspec_bn_employed_treat_HD","treat_HD",61,0.0344632768361582,"Increase",1472,3014,1472
"06_UHGtBtCEoaUWRP","itt_fullspec_bn_employed_treat_HD","treat_HD",61,0.0344632768361582,"Increase",1746,3569,1746
"06_UHGtBtCEoaUWRP","itt_fullspec_bn_employed_treat_HD","treat_HD",61,0.0344632768361582,"Increase",1022,2087,1022
"06_UHGtBtCEoaUWRP","itt_fullspec_bn_employed_treat_HD","treat_HD",61,0.0344632768361582,"Increase",788,1612,788
"06_UHGtBtCEoaUWRP","itt_fullspec_bn_employed_treat_HD","treat_HD",61,0.0344632768361582,"Increase",1248,2554,1248
"06_UHGtBtCEoaUWRP","itt_fullspec_bn_employed_treat_HD","treat_HD",61,0.0344632768361582,"Increase",333,684,333
"06_UHGtBtCEoaUWRP","itt_fullspec_bn_employed_treat_HD","treat_HD",61,0.0344632768361582,"Increase",1090,2228,1090
"06_UHGtBtCEoaUWRP","itt_fullspec_bn_employed_treat_HD","treat_HD",61,0.0344632768361582,"Increase",40,82,40
"06_UHGtBtCEoaUWRP","itt_fullspec_bn_employed_treat_HD","treat_HD",61,0.0344632768361582,"Increase",1504,3079,1504
"06_UHGtBtCEoaUWRP","itt_fullspec_bn_employed_treat_HD","treat_HD",61,0.0344632768361582,"Increase",1142,2335,1142
"06_UHGtBtCEoaUWRP","itt_fullspec_bn_employed_treat_HD","treat_HD",61,0.0344632768361582,"Increase",1125,2300,1125
"06_UHGtBtCEoaUWRP","itt_fullspec_bn_employed_treat_HD","treat_HD",61,0.0344632768361582,"Increase",462,949,462
"06_UHGtBtCEoaUWRP","itt_fullspec_bn_employed_treat_HD","treat_HD",61,0.0344632768361582,"Increase",1239,2533,1239
"06_UHGtBtCEoaUWRP","itt_fullspec_bn_employed_treat_HD","treat_HD",61,0.0344632768361582,"Increase",29,60,29
"06_UHGtBtCEoaUWRP","itt_fullspec_bn_employed_treat_HD","treat_HD",61,0.0344632768361582,"Increase",1619,3312,1619
"06_UHGtBtCEoaUWRP","itt_fullspec_bn_employed_treat_HD","treat_HD",61,0.0344632768361582,"Increase",794,1624,794
"06_UHGtBtCEoaUWRP","itt_fullspec_bn_employed_treat_HD","treat_HD",61,0.0344632768361582,"Increase",777,1590,777
"06_UHGtBtCEoaUWRP","itt_fullspec_bn_employed_treat_HD","treat_HD",62,0.0350282485875706,"Increase",1441,2950,1441
"06_UHGtBtCEoaUWRP","itt_fullspec_bn_employed_treat_HD","treat_HD",62,0.0350282485875706,"Increase",632,1296,632
"06_UHGtBtCEoaUWRP","itt_fullspec_bn_employed_treat_HD","treat_HD",62,0.0350282485875706,"Increase",1636,3346,1636
"06_UHGtBtCEoaUWRP","itt_fullspec_bn_employed_treat_HD","treat_HD",62,0.0350282485875706,"Increase",1051,2148,1051
"06_UHGtBtCEoaUWRP","itt_fullspec_bn_employed_treat_HD","treat_HD",62,0.0350282485875706,"Increase",1083,2214,1083
"06_UHGtBtCEoaUWRP","itt_fullspec_bn_employed_treat_HD","treat_HD",62,0.0350282485875706,"Increase",380,780,380
"06_UHGtBtCEoaUWRP","itt_fullspec_bn_employed_treat_HD","treat_HD",62,0.0350282485875706,"Increase",391,803,391
"06_UHGtBtCEoaUWRP","itt_fullspec_bn_employed_treat_HD","treat_HD",62,0.0350282485875706,"Increase",1442,2952,1442
"06_UHGtBtCEoaUWRP","itt_fullspec_bn_employed_treat_HD","treat_HD",62,0.0350282485875706,"Increase",1194,2440,1194
"06_UHGtBtCEoaUWRP","itt_fullspec_bn_employed_treat_HD","treat_HD",62,0.0350282485875706,"Increase",94,195,94
"06_UHGtBtCEoaUWRP","itt_fullspec_bn_employed_treat_HD","treat_HD",62,0.0350282485875706,"Increase",1616,3306,1616
"06_UHGtBtCEoaUWRP","itt_fullspec_bn_employed_treat_HD","treat_HD",62,0.0350282485875706,"Increase",1124,2298,1124
"06_UHGtBtCEoaUWRP","itt_fullspec_bn_employed_treat_HD","treat_HD",62,0.0350282485875706,"Increase",1536,3143,1536
"06_UHGtBtCEoaUWRP","itt_fullspec_bn_employed_treat_HD","treat_HD",62,0.0350282485875706,"Increase",223,459,223
"06_UHGtBtCEoaUWRP","itt_fullspec_bn_employed_treat_HD","treat_HD",62,0.0350282485875706,"Increase",363,745,363
"06_UHGtBtCEoaUWRP","itt_fullspec_bn_employed_treat_HD","treat_HD",62,0.0350282485875706,"Increase",1714,3504,1714
"06_UHGtBtCEoaUWRP","itt_fullspec_bn_employed_treat_HD","treat_HD",62,0.0350282485875706,"Increase",285,586,285
"06_UHGtBtCEoaUWRP","itt_fullspec_bn_employed_treat_HD","treat_HD",62,0.0350282485875706,"Increase",549,1126,549
"06_UHGtBtCEoaUWRP","itt_fullspec_bn_employed_treat_HD","treat_HD",62,0.0350282485875706,"Increase",132,274,132
"06_UHGtBtCEoaUWRP","itt_fullspec_bn_employed_treat_HD","treat_HD",62,0.0350282485875706,"Increase",46,94,46
"06_UHGtBtCEoaUWRP","itt_fullspec_bn_employed_treat_HD","treat_HD",62,0.0350282485875706,"Increase",734,1502,734
"06_UHGtBtCEoaUWRP","itt_fullspec_bn_employed_treat_HD","treat_HD",62,0.0350282485875706,"Increase",876,1791,876
"06_UHGtBtCEoaUWRP","itt_fullspec_bn_employed_treat_HD","treat_HD",62,0.0350282485875706,"Increase",45,92,45
"06_UHGtBtCEoaUWRP","itt_fullspec_bn_employed_treat_HD","treat_HD",62,0.0350282485875706,"Increase",831,1698,831
"06_UHGtBtCEoaUWRP","itt_fullspec_bn_employed_treat_HD","treat_HD",62,0.0350282485875706,"Increase",783,1602,783
"06_UHGtBtCEoaUWRP","itt_fullspec_bn_employed_treat_HD","treat_HD",62,0.0350282485875706,"Increase",218,449,218
"06_UHGtBtCEoaUWRP","itt_fullspec_bn_employed_treat_HD","treat_HD",62,0.0350282485875706,"Increase",446,916,446
"06_UHGtBtCEoaUWRP","itt_fullspec_bn_employed_treat_HD","treat_HD",62,0.0350282485875706,"Increase",1527,3125,1527
"06_UHGtBtCEoaUWRP","itt_fullspec_bn_employed_treat_HD","treat_HD",62,0.0350282485875706,"Increase",1221,2496,1221
"06_UHGtBtCEoaUWRP","itt_fullspec_bn_employed_treat_HD","treat_HD",62,0.0350282485875706,"Increase",329,676,329
"06_UHGtBtCEoaUWRP","itt_fullspec_bn_employed_treat_HD","treat_HD",62,0.0350282485875706,"Increase",838,1712,838
"06_UHGtBtCEoaUWRP","itt_fullspec_bn_employed_treat_HD","treat_HD",62,0.0350282485875706,"Increase",1702,3480,1702
"06_UHGtBtCEoaUWRP","itt_fullspec_bn_employed_treat_HD","treat_HD",62,0.0350282485875706,"Increase",168,348,168
"06_UHGtBtCEoaUWRP","itt_fullspec_bn_employed_treat_HD","treat_HD",62,0.0350282485875706,"Increase",107,223,107
"06_UHGtBtCEoaUWRP","itt_fullspec_bn_employed_treat_HD","treat_HD",62,0.0350282485875706,"Increase",526,1080,526
"06_UHGtBtCEoaUWRP","itt_fullspec_bn_employed_treat_HD","treat_HD",62,0.0350282485875706,"Increase",1077,2202,1077
"06_UHGtBtCEoaUWRP","itt_fullspec_bn_employed_treat_HD","treat_HD",62,0.0350282485875706,"Increase",1157,2365,1157
"06_UHGtBtCEoaUWRP","itt_fullspec_bn_employed_treat_HD","treat_HD",62,0.0350282485875706,"Increase",370,759,370
"06_UHGtBtCEoaUWRP","itt_fullspec_bn_employed_treat_HD","treat_HD",62,0.0350282485875706,"Increase",1200,2452,1200
"06_UHGtBtCEoaUWRP","itt_fullspec_bn_employed_treat_HD","treat_HD",62,0.0350282485875706,"Increase",354,727,354
"06_UHGtBtCEoaUWRP","itt_fullspec_bn_employed_treat_HD","treat_HD",62,0.0350282485875706,"Increase",669,1371,669
"06_UHGtBtCEoaUWRP","itt_fullspec_bn_employed_treat_HD","treat_HD",62,0.0350282485875706,"Increase",618,1268,618
"06_UHGtBtCEoaUWRP","itt_fullspec_bn_employed_treat_HD","treat_HD",62,0.0350282485875706,"Increase",860,1758,860
"06_UHGtBtCEoaUWRP","itt_fullspec_bn_employed_treat_HD","treat_HD",62,0.0350282485875706,"Increase",718,1470,718
"06_UHGtBtCEoaUWRP","itt_fullspec_bn_employed_treat_HD","treat_HD",62,0.0350282485875706,"Increase",1472,3014,1472
"06_UHGtBtCEoaUWRP","itt_fullspec_bn_employed_treat_HD","treat_HD",62,0.0350282485875706,"Increase",1746,3569,1746
"06_UHGtBtCEoaUWRP","itt_fullspec_bn_employed_treat_HD","treat_HD",62,0.0350282485875706,"Increase",1022,2087,1022
"06_UHGtBtCEoaUWRP","itt_fullspec_bn_employed_treat_HD","treat_HD",62,0.0350282485875706,"Increase",788,1612,788
"06_UHGtBtCEoaUWRP","itt_fullspec_bn_employed_treat_HD","treat_HD",62,0.0350282485875706,"Increase",1248,2554,1248
"06_UHGtBtCEoaUWRP","itt_fullspec_bn_employed_treat_HD","treat_HD",62,0.0350282485875706,"Increase",333,684,333
"06_UHGtBtCEoaUWRP","itt_fullspec_bn_employed_treat_HD","treat_HD",62,0.0350282485875706,"Increase",1090,2228,1090
"06_UHGtBtCEoaUWRP","itt_fullspec_bn_employed_treat_HD","treat_HD",62,0.0350282485875706,"Increase",40,82,40
"06_UHGtBtCEoaUWRP","itt_fullspec_bn_employed_treat_HD","treat_HD",62,0.0350282485875706,"Increase",1504,3079,1504
"06_UHGtBtCEoaUWRP","itt_fullspec_bn_employed_treat_HD","treat_HD",62,0.0350282485875706,"Increase",1142,2335,1142
"06_UHGtBtCEoaUWRP","itt_fullspec_bn_employed_treat_HD","treat_HD",62,0.0350282485875706,"Increase",1125,2300,1125
"06_UHGtBtCEoaUWRP","itt_fullspec_bn_employed_treat_HD","treat_HD",62,0.0350282485875706,"Increase",462,949,462
"06_UHGtBtCEoaUWRP","itt_fullspec_bn_employed_treat_HD","treat_HD",62,0.0350282485875706,"Increase",1239,2533,1239
"06_UHGtBtCEoaUWRP","itt_fullspec_bn_employed_treat_HD","treat_HD",62,0.0350282485875706,"Increase",29,60,29
"06_UHGtBtCEoaUWRP","itt_fullspec_bn_employed_treat_HD","treat_HD",62,0.0350282485875706,"Increase",1619,3312,1619
"06_UHGtBtCEoaUWRP","itt_fullspec_bn_employed_treat_HD","treat_HD",62,0.0350282485875706,"Increase",794,1624,794
"06_UHGtBtCEoaUWRP","itt_fullspec_bn_employed_treat_HD","treat_HD",62,0.0350282485875706,"Increase",777,1590,777
"06_UHGtBtCEoaUWRP","itt_fullspec_bn_employed_treat_HD","treat_HD",62,0.0350282485875706,"Increase",1587,3247,1587
"06_UHGtBtCEoaUWRP","itt_fullspec_bn_employed_treat_HD","treat_HD",63,0.0355932203389831,"Increase",1441,2950,1441
"06_UHGtBtCEoaUWRP","itt_fullspec_bn_employed_treat_HD","treat_HD",63,0.0355932203389831,"Increase",632,1296,632
"06_UHGtBtCEoaUWRP","itt_fullspec_bn_employed_treat_HD","treat_HD",63,0.0355932203389831,"Increase",1636,3346,1636
"06_UHGtBtCEoaUWRP","itt_fullspec_bn_employed_treat_HD","treat_HD",63,0.0355932203389831,"Increase",1051,2148,1051
"06_UHGtBtCEoaUWRP","itt_fullspec_bn_employed_treat_HD","treat_HD",63,0.0355932203389831,"Increase",1083,2214,1083
"06_UHGtBtCEoaUWRP","itt_fullspec_bn_employed_treat_HD","treat_HD",63,0.0355932203389831,"Increase",380,780,380
"06_UHGtBtCEoaUWRP","itt_fullspec_bn_employed_treat_HD","treat_HD",63,0.0355932203389831,"Increase",391,803,391
"06_UHGtBtCEoaUWRP","itt_fullspec_bn_employed_treat_HD","treat_HD",63,0.0355932203389831,"Increase",1442,2952,1442
"06_UHGtBtCEoaUWRP","itt_fullspec_bn_employed_treat_HD","treat_HD",63,0.0355932203389831,"Increase",1194,2440,1194
"06_UHGtBtCEoaUWRP","itt_fullspec_bn_employed_treat_HD","treat_HD",63,0.0355932203389831,"Increase",94,195,94
"06_UHGtBtCEoaUWRP","itt_fullspec_bn_employed_treat_HD","treat_HD",63,0.0355932203389831,"Increase",1616,3306,1616
"06_UHGtBtCEoaUWRP","itt_fullspec_bn_employed_treat_HD","treat_HD",63,0.0355932203389831,"Increase",1124,2298,1124
"06_UHGtBtCEoaUWRP","itt_fullspec_bn_employed_treat_HD","treat_HD",63,0.0355932203389831,"Increase",1536,3143,1536
"06_UHGtBtCEoaUWRP","itt_fullspec_bn_employed_treat_HD","treat_HD",63,0.0355932203389831,"Increase",223,459,223
"06_UHGtBtCEoaUWRP","itt_fullspec_bn_employed_treat_HD","treat_HD",63,0.0355932203389831,"Increase",363,745,363
"06_UHGtBtCEoaUWRP","itt_fullspec_bn_employed_treat_HD","treat_HD",63,0.0355932203389831,"Increase",1714,3504,1714
"06_UHGtBtCEoaUWRP","itt_fullspec_bn_employed_treat_HD","treat_HD",63,0.0355932203389831,"Increase",285,586,285
"06_UHGtBtCEoaUWRP","itt_fullspec_bn_employed_treat_HD","treat_HD",63,0.0355932203389831,"Increase",549,1126,549
"06_UHGtBtCEoaUWRP","itt_fullspec_bn_employed_treat_HD","treat_HD",63,0.0355932203389831,"Increase",132,274,132
"06_UHGtBtCEoaUWRP","itt_fullspec_bn_employed_treat_HD","treat_HD",63,0.0355932203389831,"Increase",46,94,46
"06_UHGtBtCEoaUWRP","itt_fullspec_bn_employed_treat_HD","treat_HD",63,0.0355932203389831,"Increase",734,1502,734
"06_UHGtBtCEoaUWRP","itt_fullspec_bn_employed_treat_HD","treat_HD",63,0.0355932203389831,"Increase",876,1791,876
"06_UHGtBtCEoaUWRP","itt_fullspec_bn_employed_treat_HD","treat_HD",63,0.0355932203389831,"Increase",45,92,45
"06_UHGtBtCEoaUWRP","itt_fullspec_bn_employed_treat_HD","treat_HD",63,0.0355932203389831,"Increase",831,1698,831
"06_UHGtBtCEoaUWRP","itt_fullspec_bn_employed_treat_HD","treat_HD",63,0.0355932203389831,"Increase",783,1602,783
"06_UHGtBtCEoaUWRP","itt_fullspec_bn_employed_treat_HD","treat_HD",63,0.0355932203389831,"Increase",218,449,218
"06_UHGtBtCEoaUWRP","itt_fullspec_bn_employed_treat_HD","treat_HD",63,0.0355932203389831,"Increase",446,916,446
"06_UHGtBtCEoaUWRP","itt_fullspec_bn_employed_treat_HD","treat_HD",63,0.0355932203389831,"Increase",1527,3125,1527
"06_UHGtBtCEoaUWRP","itt_fullspec_bn_employed_treat_HD","treat_HD",63,0.0355932203389831,"Increase",1221,2496,1221
"06_UHGtBtCEoaUWRP","itt_fullspec_bn_employed_treat_HD","treat_HD",63,0.0355932203389831,"Increase",329,676,329
"06_UHGtBtCEoaUWRP","itt_fullspec_bn_employed_treat_HD","treat_HD",63,0.0355932203389831,"Increase",838,1712,838
"06_UHGtBtCEoaUWRP","itt_fullspec_bn_employed_treat_HD","treat_HD",63,0.0355932203389831,"Increase",1702,3480,1702
"06_UHGtBtCEoaUWRP","itt_fullspec_bn_employed_treat_HD","treat_HD",63,0.0355932203389831,"Increase",168,348,168
"06_UHGtBtCEoaUWRP","itt_fullspec_bn_employed_treat_HD","treat_HD",63,0.0355932203389831,"Increase",107,223,107
"06_UHGtBtCEoaUWRP","itt_fullspec_bn_employed_treat_HD","treat_HD",63,0.0355932203389831,"Increase",526,1080,526
"06_UHGtBtCEoaUWRP","itt_fullspec_bn_employed_treat_HD","treat_HD",63,0.0355932203389831,"Increase",1077,2202,1077
"06_UHGtBtCEoaUWRP","itt_fullspec_bn_employed_treat_HD","treat_HD",63,0.0355932203389831,"Increase",1157,2365,1157
"06_UHGtBtCEoaUWRP","itt_fullspec_bn_employed_treat_HD","treat_HD",63,0.0355932203389831,"Increase",370,759,370
"06_UHGtBtCEoaUWRP","itt_fullspec_bn_employed_treat_HD","treat_HD",63,0.0355932203389831,"Increase",1200,2452,1200
"06_UHGtBtCEoaUWRP","itt_fullspec_bn_employed_treat_HD","treat_HD",63,0.0355932203389831,"Increase",354,727,354
"06_UHGtBtCEoaUWRP","itt_fullspec_bn_employed_treat_HD","treat_HD",63,0.0355932203389831,"Increase",669,1371,669
"06_UHGtBtCEoaUWRP","itt_fullspec_bn_employed_treat_HD","treat_HD",63,0.0355932203389831,"Increase",618,1268,618
"06_UHGtBtCEoaUWRP","itt_fullspec_bn_employed_treat_HD","treat_HD",63,0.0355932203389831,"Increase",860,1758,860
"06_UHGtBtCEoaUWRP","itt_fullspec_bn_employed_treat_HD","treat_HD",63,0.0355932203389831,"Increase",718,1470,718
"06_UHGtBtCEoaUWRP","itt_fullspec_bn_employed_treat_HD","treat_HD",63,0.0355932203389831,"Increase",1472,3014,1472
"06_UHGtBtCEoaUWRP","itt_fullspec_bn_employed_treat_HD","treat_HD",63,0.0355932203389831,"Increase",1746,3569,1746
"06_UHGtBtCEoaUWRP","itt_fullspec_bn_employed_treat_HD","treat_HD",63,0.0355932203389831,"Increase",1022,2087,1022
"06_UHGtBtCEoaUWRP","itt_fullspec_bn_employed_treat_HD","treat_HD",63,0.0355932203389831,"Increase",788,1612,788
"06_UHGtBtCEoaUWRP","itt_fullspec_bn_employed_treat_HD","treat_HD",63,0.0355932203389831,"Increase",1248,2554,1248
"06_UHGtBtCEoaUWRP","itt_fullspec_bn_employed_treat_HD","treat_HD",63,0.0355932203389831,"Increase",333,684,333
"06_UHGtBtCEoaUWRP","itt_fullspec_bn_employed_treat_HD","treat_HD",63,0.0355932203389831,"Increase",1090,2228,1090
"06_UHGtBtCEoaUWRP","itt_fullspec_bn_employed_treat_HD","treat_HD",63,0.0355932203389831,"Increase",40,82,40
"06_UHGtBtCEoaUWRP","itt_fullspec_bn_employed_treat_HD","treat_HD",63,0.0355932203389831,"Increase",1504,3079,1504
"06_UHGtBtCEoaUWRP","itt_fullspec_bn_employed_treat_HD","treat_HD",63,0.0355932203389831,"Increase",1142,2335,1142
"06_UHGtBtCEoaUWRP","itt_fullspec_bn_employed_treat_HD","treat_HD",63,0.0355932203389831,"Increase",1125,2300,1125
"06_UHGtBtCEoaUWRP","itt_fullspec_bn_employed_treat_HD","treat_HD",63,0.0355932203389831,"Increase",462,949,462
"06_UHGtBtCEoaUWRP","itt_fullspec_bn_employed_treat_HD","treat_HD",63,0.0355932203389831,"Increase",1239,2533,1239
"06_UHGtBtCEoaUWRP","itt_fullspec_bn_employed_treat_HD","treat_HD",63,0.0355932203389831,"Increase",29,60,29
"06_UHGtBtCEoaUWRP","itt_fullspec_bn_employed_treat_HD","treat_HD",63,0.0355932203389831,"Increase",1619,3312,1619
"06_UHGtBtCEoaUWRP","itt_fullspec_bn_employed_treat_HD","treat_HD",63,0.0355932203389831,"Increase",794,1624,794
"06_UHGtBtCEoaUWRP","itt_fullspec_bn_employed_treat_HD","treat_HD",63,0.0355932203389831,"Increase",777,1590,777
"06_UHGtBtCEoaUWRP","itt_fullspec_bn_employed_treat_HD","treat_HD",63,0.0355932203389831,"Increase",1587,3247,1587
"06_UHGtBtCEoaUWRP","itt_fullspec_bn_employed_treat_HD","treat_HD",63,0.0355932203389831,"Increase",639,1310,639
"06_UHGtBtCEoaUWRP","itt_fullspec_bn_employed_treat_HD","treat_HD",64,0.0361581920903955,"Increase",1441,2950,1441
"06_UHGtBtCEoaUWRP","itt_fullspec_bn_employed_treat_HD","treat_HD",64,0.0361581920903955,"Increase",632,1296,632
"06_UHGtBtCEoaUWRP","itt_fullspec_bn_employed_treat_HD","treat_HD",64,0.0361581920903955,"Increase",1636,3346,1636
"06_UHGtBtCEoaUWRP","itt_fullspec_bn_employed_treat_HD","treat_HD",64,0.0361581920903955,"Increase",1051,2148,1051
"06_UHGtBtCEoaUWRP","itt_fullspec_bn_employed_treat_HD","treat_HD",64,0.0361581920903955,"Increase",1083,2214,1083
"06_UHGtBtCEoaUWRP","itt_fullspec_bn_employed_treat_HD","treat_HD",64,0.0361581920903955,"Increase",380,780,380
"06_UHGtBtCEoaUWRP","itt_fullspec_bn_employed_treat_HD","treat_HD",64,0.0361581920903955,"Increase",391,803,391
"06_UHGtBtCEoaUWRP","itt_fullspec_bn_employed_treat_HD","treat_HD",64,0.0361581920903955,"Increase",1442,2952,1442
"06_UHGtBtCEoaUWRP","itt_fullspec_bn_employed_treat_HD","treat_HD",64,0.0361581920903955,"Increase",1194,2440,1194
"06_UHGtBtCEoaUWRP","itt_fullspec_bn_employed_treat_HD","treat_HD",64,0.0361581920903955,"Increase",94,195,94
"06_UHGtBtCEoaUWRP","itt_fullspec_bn_employed_treat_HD","treat_HD",64,0.0361581920903955,"Increase",1616,3306,1616
"06_UHGtBtCEoaUWRP","itt_fullspec_bn_employed_treat_HD","treat_HD",64,0.0361581920903955,"Increase",1536,3143,1536
"06_UHGtBtCEoaUWRP","itt_fullspec_bn_employed_treat_HD","treat_HD",64,0.0361581920903955,"Increase",1124,2298,1124
"06_UHGtBtCEoaUWRP","itt_fullspec_bn_employed_treat_HD","treat_HD",64,0.0361581920903955,"Increase",223,459,223
"06_UHGtBtCEoaUWRP","itt_fullspec_bn_employed_treat_HD","treat_HD",64,0.0361581920903955,"Increase",363,745,363
"06_UHGtBtCEoaUWRP","itt_fullspec_bn_employed_treat_HD","treat_HD",64,0.0361581920903955,"Increase",1714,3504,1714
"06_UHGtBtCEoaUWRP","itt_fullspec_bn_employed_treat_HD","treat_HD",64,0.0361581920903955,"Increase",285,586,285
"06_UHGtBtCEoaUWRP","itt_fullspec_bn_employed_treat_HD","treat_HD",64,0.0361581920903955,"Increase",132,274,132
"06_UHGtBtCEoaUWRP","itt_fullspec_bn_employed_treat_HD","treat_HD",64,0.0361581920903955,"Increase",549,1126,549
"06_UHGtBtCEoaUWRP","itt_fullspec_bn_employed_treat_HD","treat_HD",64,0.0361581920903955,"Increase",46,94,46
"06_UHGtBtCEoaUWRP","itt_fullspec_bn_employed_treat_HD","treat_HD",64,0.0361581920903955,"Increase",734,1502,734
"06_UHGtBtCEoaUWRP","itt_fullspec_bn_employed_treat_HD","treat_HD",64,0.0361581920903955,"Increase",876,1791,876
"06_UHGtBtCEoaUWRP","itt_fullspec_bn_employed_treat_HD","treat_HD",64,0.0361581920903955,"Increase",45,92,45
"06_UHGtBtCEoaUWRP","itt_fullspec_bn_employed_treat_HD","treat_HD",64,0.0361581920903955,"Increase",831,1698,831
"06_UHGtBtCEoaUWRP","itt_fullspec_bn_employed_treat_HD","treat_HD",64,0.0361581920903955,"Increase",218,449,218
"06_UHGtBtCEoaUWRP","itt_fullspec_bn_employed_treat_HD","treat_HD",64,0.0361581920903955,"Increase",783,1602,783
"06_UHGtBtCEoaUWRP","itt_fullspec_bn_employed_treat_HD","treat_HD",64,0.0361581920903955,"Increase",446,916,446
"06_UHGtBtCEoaUWRP","itt_fullspec_bn_employed_treat_HD","treat_HD",64,0.0361581920903955,"Increase",1527,3125,1527
"06_UHGtBtCEoaUWRP","itt_fullspec_bn_employed_treat_HD","treat_HD",64,0.0361581920903955,"Increase",1221,2496,1221
"06_UHGtBtCEoaUWRP","itt_fullspec_bn_employed_treat_HD","treat_HD",64,0.0361581920903955,"Increase",329,676,329
"06_UHGtBtCEoaUWRP","itt_fullspec_bn_employed_treat_HD","treat_HD",64,0.0361581920903955,"Increase",838,1712,838
"06_UHGtBtCEoaUWRP","itt_fullspec_bn_employed_treat_HD","treat_HD",64,0.0361581920903955,"Increase",1702,3480,1702
"06_UHGtBtCEoaUWRP","itt_fullspec_bn_employed_treat_HD","treat_HD",64,0.0361581920903955,"Increase",168,348,168
"06_UHGtBtCEoaUWRP","itt_fullspec_bn_employed_treat_HD","treat_HD",64,0.0361581920903955,"Increase",107,223,107
"06_UHGtBtCEoaUWRP","itt_fullspec_bn_employed_treat_HD","treat_HD",64,0.0361581920903955,"Increase",526,1080,526
"06_UHGtBtCEoaUWRP","itt_fullspec_bn_employed_treat_HD","treat_HD",64,0.0361581920903955,"Increase",1077,2202,1077
"06_UHGtBtCEoaUWRP","itt_fullspec_bn_employed_treat_HD","treat_HD",64,0.0361581920903955,"Increase",1157,2365,1157
"06_UHGtBtCEoaUWRP","itt_fullspec_bn_employed_treat_HD","treat_HD",64,0.0361581920903955,"Increase",370,759,370
"06_UHGtBtCEoaUWRP","itt_fullspec_bn_employed_treat_HD","treat_HD",64,0.0361581920903955,"Increase",1200,2452,1200
"06_UHGtBtCEoaUWRP","itt_fullspec_bn_employed_treat_HD","treat_HD",64,0.0361581920903955,"Increase",354,727,354
"06_UHGtBtCEoaUWRP","itt_fullspec_bn_employed_treat_HD","treat_HD",64,0.0361581920903955,"Increase",669,1371,669
"06_UHGtBtCEoaUWRP","itt_fullspec_bn_employed_treat_HD","treat_HD",64,0.0361581920903955,"Increase",618,1268,618
"06_UHGtBtCEoaUWRP","itt_fullspec_bn_employed_treat_HD","treat_HD",64,0.0361581920903955,"Increase",860,1758,860
"06_UHGtBtCEoaUWRP","itt_fullspec_bn_employed_treat_HD","treat_HD",64,0.0361581920903955,"Increase",718,1470,718
"06_UHGtBtCEoaUWRP","itt_fullspec_bn_employed_treat_HD","treat_HD",64,0.0361581920903955,"Increase",1472,3014,1472
"06_UHGtBtCEoaUWRP","itt_fullspec_bn_employed_treat_HD","treat_HD",64,0.0361581920903955,"Increase",1746,3569,1746
"06_UHGtBtCEoaUWRP","itt_fullspec_bn_employed_treat_HD","treat_HD",64,0.0361581920903955,"Increase",1022,2087,1022
"06_UHGtBtCEoaUWRP","itt_fullspec_bn_employed_treat_HD","treat_HD",64,0.0361581920903955,"Increase",788,1612,788
"06_UHGtBtCEoaUWRP","itt_fullspec_bn_employed_treat_HD","treat_HD",64,0.0361581920903955,"Increase",1248,2554,1248
"06_UHGtBtCEoaUWRP","itt_fullspec_bn_employed_treat_HD","treat_HD",64,0.0361581920903955,"Increase",333,684,333
"06_UHGtBtCEoaUWRP","itt_fullspec_bn_employed_treat_HD","treat_HD",64,0.0361581920903955,"Increase",1090,2228,1090
"06_UHGtBtCEoaUWRP","itt_fullspec_bn_employed_treat_HD","treat_HD",64,0.0361581920903955,"Increase",40,82,40
"06_UHGtBtCEoaUWRP","itt_fullspec_bn_employed_treat_HD","treat_HD",64,0.0361581920903955,"Increase",1504,3079,1504
"06_UHGtBtCEoaUWRP","itt_fullspec_bn_employed_treat_HD","treat_HD",64,0.0361581920903955,"Increase",1142,2335,1142
"06_UHGtBtCEoaUWRP","itt_fullspec_bn_employed_treat_HD","treat_HD",64,0.0361581920903955,"Increase",1125,2300,1125
"06_UHGtBtCEoaUWRP","itt_fullspec_bn_employed_treat_HD","treat_HD",64,0.0361581920903955,"Increase",462,949,462
"06_UHGtBtCEoaUWRP","itt_fullspec_bn_employed_treat_HD","treat_HD",64,0.0361581920903955,"Increase",1239,2533,1239
"06_UHGtBtCEoaUWRP","itt_fullspec_bn_employed_treat_HD","treat_HD",64,0.0361581920903955,"Increase",29,60,29
"06_UHGtBtCEoaUWRP","itt_fullspec_bn_employed_treat_HD","treat_HD",64,0.0361581920903955,"Increase",1619,3312,1619
"06_UHGtBtCEoaUWRP","itt_fullspec_bn_employed_treat_HD","treat_HD",64,0.0361581920903955,"Increase",794,1624,794
"06_UHGtBtCEoaUWRP","itt_fullspec_bn_employed_treat_HD","treat_HD",64,0.0361581920903955,"Increase",777,1590,777
"06_UHGtBtCEoaUWRP","itt_fullspec_bn_employed_treat_HD","treat_HD",64,0.0361581920903955,"Increase",1587,3247,1587
"06_UHGtBtCEoaUWRP","itt_fullspec_bn_employed_treat_HD","treat_HD",64,0.0361581920903955,"Increase",639,1310,639
"06_UHGtBtCEoaUWRP","itt_fullspec_bn_employed_treat_HD","treat_HD",64,0.0361581920903955,"Increase",127,264,127
"06_UHGtBtCEoaUWRP","itt_fullspec_bn_employed_treat_HD","treat_HD",65,0.0367231638418079,"Increase",1441,2950,1441
"06_UHGtBtCEoaUWRP","itt_fullspec_bn_employed_treat_HD","treat_HD",65,0.0367231638418079,"Increase",632,1296,632
"06_UHGtBtCEoaUWRP","itt_fullspec_bn_employed_treat_HD","treat_HD",65,0.0367231638418079,"Increase",1636,3346,1636
"06_UHGtBtCEoaUWRP","itt_fullspec_bn_employed_treat_HD","treat_HD",65,0.0367231638418079,"Increase",1051,2148,1051
"06_UHGtBtCEoaUWRP","itt_fullspec_bn_employed_treat_HD","treat_HD",65,0.0367231638418079,"Increase",1083,2214,1083
"06_UHGtBtCEoaUWRP","itt_fullspec_bn_employed_treat_HD","treat_HD",65,0.0367231638418079,"Increase",380,780,380
"06_UHGtBtCEoaUWRP","itt_fullspec_bn_employed_treat_HD","treat_HD",65,0.0367231638418079,"Increase",391,803,391
"06_UHGtBtCEoaUWRP","itt_fullspec_bn_employed_treat_HD","treat_HD",65,0.0367231638418079,"Increase",1442,2952,1442
"06_UHGtBtCEoaUWRP","itt_fullspec_bn_employed_treat_HD","treat_HD",65,0.0367231638418079,"Increase",1194,2440,1194
"06_UHGtBtCEoaUWRP","itt_fullspec_bn_employed_treat_HD","treat_HD",65,0.0367231638418079,"Increase",94,195,94
"06_UHGtBtCEoaUWRP","itt_fullspec_bn_employed_treat_HD","treat_HD",65,0.0367231638418079,"Increase",1616,3306,1616
"06_UHGtBtCEoaUWRP","itt_fullspec_bn_employed_treat_HD","treat_HD",65,0.0367231638418079,"Increase",1536,3143,1536
"06_UHGtBtCEoaUWRP","itt_fullspec_bn_employed_treat_HD","treat_HD",65,0.0367231638418079,"Increase",1124,2298,1124
"06_UHGtBtCEoaUWRP","itt_fullspec_bn_employed_treat_HD","treat_HD",65,0.0367231638418079,"Increase",223,459,223
"06_UHGtBtCEoaUWRP","itt_fullspec_bn_employed_treat_HD","treat_HD",65,0.0367231638418079,"Increase",363,745,363
"06_UHGtBtCEoaUWRP","itt_fullspec_bn_employed_treat_HD","treat_HD",65,0.0367231638418079,"Increase",1714,3504,1714
"06_UHGtBtCEoaUWRP","itt_fullspec_bn_employed_treat_HD","treat_HD",65,0.0367231638418079,"Increase",285,586,285
"06_UHGtBtCEoaUWRP","itt_fullspec_bn_employed_treat_HD","treat_HD",65,0.0367231638418079,"Increase",132,274,132
"06_UHGtBtCEoaUWRP","itt_fullspec_bn_employed_treat_HD","treat_HD",65,0.0367231638418079,"Increase",549,1126,549
"06_UHGtBtCEoaUWRP","itt_fullspec_bn_employed_treat_HD","treat_HD",65,0.0367231638418079,"Increase",46,94,46
"06_UHGtBtCEoaUWRP","itt_fullspec_bn_employed_treat_HD","treat_HD",65,0.0367231638418079,"Increase",734,1502,734
"06_UHGtBtCEoaUWRP","itt_fullspec_bn_employed_treat_HD","treat_HD",65,0.0367231638418079,"Increase",876,1791,876
"06_UHGtBtCEoaUWRP","itt_fullspec_bn_employed_treat_HD","treat_HD",65,0.0367231638418079,"Increase",45,92,45
"06_UHGtBtCEoaUWRP","itt_fullspec_bn_employed_treat_HD","treat_HD",65,0.0367231638418079,"Increase",831,1698,831
"06_UHGtBtCEoaUWRP","itt_fullspec_bn_employed_treat_HD","treat_HD",65,0.0367231638418079,"Increase",218,449,218
"06_UHGtBtCEoaUWRP","itt_fullspec_bn_employed_treat_HD","treat_HD",65,0.0367231638418079,"Increase",783,1602,783
"06_UHGtBtCEoaUWRP","itt_fullspec_bn_employed_treat_HD","treat_HD",65,0.0367231638418079,"Increase",446,916,446
"06_UHGtBtCEoaUWRP","itt_fullspec_bn_employed_treat_HD","treat_HD",65,0.0367231638418079,"Increase",1527,3125,1527
"06_UHGtBtCEoaUWRP","itt_fullspec_bn_employed_treat_HD","treat_HD",65,0.0367231638418079,"Increase",1221,2496,1221
"06_UHGtBtCEoaUWRP","itt_fullspec_bn_employed_treat_HD","treat_HD",65,0.0367231638418079,"Increase",329,676,329
"06_UHGtBtCEoaUWRP","itt_fullspec_bn_employed_treat_HD","treat_HD",65,0.0367231638418079,"Increase",838,1712,838
"06_UHGtBtCEoaUWRP","itt_fullspec_bn_employed_treat_HD","treat_HD",65,0.0367231638418079,"Increase",1702,3480,1702
"06_UHGtBtCEoaUWRP","itt_fullspec_bn_employed_treat_HD","treat_HD",65,0.0367231638418079,"Increase",168,348,168
"06_UHGtBtCEoaUWRP","itt_fullspec_bn_employed_treat_HD","treat_HD",65,0.0367231638418079,"Increase",107,223,107
"06_UHGtBtCEoaUWRP","itt_fullspec_bn_employed_treat_HD","treat_HD",65,0.0367231638418079,"Increase",526,1080,526
"06_UHGtBtCEoaUWRP","itt_fullspec_bn_employed_treat_HD","treat_HD",65,0.0367231638418079,"Increase",1077,2202,1077
"06_UHGtBtCEoaUWRP","itt_fullspec_bn_employed_treat_HD","treat_HD",65,0.0367231638418079,"Increase",1157,2365,1157
"06_UHGtBtCEoaUWRP","itt_fullspec_bn_employed_treat_HD","treat_HD",65,0.0367231638418079,"Increase",370,759,370
"06_UHGtBtCEoaUWRP","itt_fullspec_bn_employed_treat_HD","treat_HD",65,0.0367231638418079,"Increase",1200,2452,1200
"06_UHGtBtCEoaUWRP","itt_fullspec_bn_employed_treat_HD","treat_HD",65,0.0367231638418079,"Increase",354,727,354
"06_UHGtBtCEoaUWRP","itt_fullspec_bn_employed_treat_HD","treat_HD",65,0.0367231638418079,"Increase",669,1371,669
"06_UHGtBtCEoaUWRP","itt_fullspec_bn_employed_treat_HD","treat_HD",65,0.0367231638418079,"Increase",618,1268,618
"06_UHGtBtCEoaUWRP","itt_fullspec_bn_employed_treat_HD","treat_HD",65,0.0367231638418079,"Increase",860,1758,860
"06_UHGtBtCEoaUWRP","itt_fullspec_bn_employed_treat_HD","treat_HD",65,0.0367231638418079,"Increase",718,1470,718
"06_UHGtBtCEoaUWRP","itt_fullspec_bn_employed_treat_HD","treat_HD",65,0.0367231638418079,"Increase",1472,3014,1472
"06_UHGtBtCEoaUWRP","itt_fullspec_bn_employed_treat_HD","treat_HD",65,0.0367231638418079,"Increase",1746,3569,1746
"06_UHGtBtCEoaUWRP","itt_fullspec_bn_employed_treat_HD","treat_HD",65,0.0367231638418079,"Increase",1022,2087,1022
"06_UHGtBtCEoaUWRP","itt_fullspec_bn_employed_treat_HD","treat_HD",65,0.0367231638418079,"Increase",788,1612,788
"06_UHGtBtCEoaUWRP","itt_fullspec_bn_employed_treat_HD","treat_HD",65,0.0367231638418079,"Increase",1248,2554,1248
"06_UHGtBtCEoaUWRP","itt_fullspec_bn_employed_treat_HD","treat_HD",65,0.0367231638418079,"Increase",333,684,333
"06_UHGtBtCEoaUWRP","itt_fullspec_bn_employed_treat_HD","treat_HD",65,0.0367231638418079,"Increase",1090,2228,1090
"06_UHGtBtCEoaUWRP","itt_fullspec_bn_employed_treat_HD","treat_HD",65,0.0367231638418079,"Increase",40,82,40
"06_UHGtBtCEoaUWRP","itt_fullspec_bn_employed_treat_HD","treat_HD",65,0.0367231638418079,"Increase",1504,3079,1504
"06_UHGtBtCEoaUWRP","itt_fullspec_bn_employed_treat_HD","treat_HD",65,0.0367231638418079,"Increase",1142,2335,1142
"06_UHGtBtCEoaUWRP","itt_fullspec_bn_employed_treat_HD","treat_HD",65,0.0367231638418079,"Increase",1125,2300,1125
"06_UHGtBtCEoaUWRP","itt_fullspec_bn_employed_treat_HD","treat_HD",65,0.0367231638418079,"Increase",1239,2533,1239
"06_UHGtBtCEoaUWRP","itt_fullspec_bn_employed_treat_HD","treat_HD",65,0.0367231638418079,"Increase",462,949,462
"06_UHGtBtCEoaUWRP","itt_fullspec_bn_employed_treat_HD","treat_HD",65,0.0367231638418079,"Increase",1619,3312,1619
"06_UHGtBtCEoaUWRP","itt_fullspec_bn_employed_treat_HD","treat_HD",65,0.0367231638418079,"Increase",29,60,29
"06_UHGtBtCEoaUWRP","itt_fullspec_bn_employed_treat_HD","treat_HD",65,0.0367231638418079,"Increase",794,1624,794
"06_UHGtBtCEoaUWRP","itt_fullspec_bn_employed_treat_HD","treat_HD",65,0.0367231638418079,"Increase",777,1590,777
"06_UHGtBtCEoaUWRP","itt_fullspec_bn_employed_treat_HD","treat_HD",65,0.0367231638418079,"Increase",1587,3247,1587
"06_UHGtBtCEoaUWRP","itt_fullspec_bn_employed_treat_HD","treat_HD",65,0.0367231638418079,"Increase",639,1310,639
"06_UHGtBtCEoaUWRP","itt_fullspec_bn_employed_treat_HD","treat_HD",65,0.0367231638418079,"Increase",127,264,127
"06_UHGtBtCEoaUWRP","itt_fullspec_bn_employed_treat_HD","treat_HD",65,0.0367231638418079,"Increase",513,1053,513
"06_UHGtBtCEoaUWRP","itt_fullspec_bn_employed_treat_HD","treat_HD",66,0.0372881355932203,"Increase",1441,2950,1441
"06_UHGtBtCEoaUWRP","itt_fullspec_bn_employed_treat_HD","treat_HD",66,0.0372881355932203,"Increase",632,1296,632
"06_UHGtBtCEoaUWRP","itt_fullspec_bn_employed_treat_HD","treat_HD",66,0.0372881355932203,"Increase",1636,3346,1636
"06_UHGtBtCEoaUWRP","itt_fullspec_bn_employed_treat_HD","treat_HD",66,0.0372881355932203,"Increase",1051,2148,1051
"06_UHGtBtCEoaUWRP","itt_fullspec_bn_employed_treat_HD","treat_HD",66,0.0372881355932203,"Increase",1083,2214,1083
"06_UHGtBtCEoaUWRP","itt_fullspec_bn_employed_treat_HD","treat_HD",66,0.0372881355932203,"Increase",380,780,380
"06_UHGtBtCEoaUWRP","itt_fullspec_bn_employed_treat_HD","treat_HD",66,0.0372881355932203,"Increase",391,803,391
"06_UHGtBtCEoaUWRP","itt_fullspec_bn_employed_treat_HD","treat_HD",66,0.0372881355932203,"Increase",1442,2952,1442
"06_UHGtBtCEoaUWRP","itt_fullspec_bn_employed_treat_HD","treat_HD",66,0.0372881355932203,"Increase",1194,2440,1194
"06_UHGtBtCEoaUWRP","itt_fullspec_bn_employed_treat_HD","treat_HD",66,0.0372881355932203,"Increase",94,195,94
"06_UHGtBtCEoaUWRP","itt_fullspec_bn_employed_treat_HD","treat_HD",66,0.0372881355932203,"Increase",1616,3306,1616
"06_UHGtBtCEoaUWRP","itt_fullspec_bn_employed_treat_HD","treat_HD",66,0.0372881355932203,"Increase",1536,3143,1536
"06_UHGtBtCEoaUWRP","itt_fullspec_bn_employed_treat_HD","treat_HD",66,0.0372881355932203,"Increase",1124,2298,1124
"06_UHGtBtCEoaUWRP","itt_fullspec_bn_employed_treat_HD","treat_HD",66,0.0372881355932203,"Increase",223,459,223
"06_UHGtBtCEoaUWRP","itt_fullspec_bn_employed_treat_HD","treat_HD",66,0.0372881355932203,"Increase",363,745,363
"06_UHGtBtCEoaUWRP","itt_fullspec_bn_employed_treat_HD","treat_HD",66,0.0372881355932203,"Increase",1714,3504,1714
"06_UHGtBtCEoaUWRP","itt_fullspec_bn_employed_treat_HD","treat_HD",66,0.0372881355932203,"Increase",285,586,285
"06_UHGtBtCEoaUWRP","itt_fullspec_bn_employed_treat_HD","treat_HD",66,0.0372881355932203,"Increase",132,274,132
"06_UHGtBtCEoaUWRP","itt_fullspec_bn_employed_treat_HD","treat_HD",66,0.0372881355932203,"Increase",549,1126,549
"06_UHGtBtCEoaUWRP","itt_fullspec_bn_employed_treat_HD","treat_HD",66,0.0372881355932203,"Increase",46,94,46
"06_UHGtBtCEoaUWRP","itt_fullspec_bn_employed_treat_HD","treat_HD",66,0.0372881355932203,"Increase",734,1502,734
"06_UHGtBtCEoaUWRP","itt_fullspec_bn_employed_treat_HD","treat_HD",66,0.0372881355932203,"Increase",876,1791,876
"06_UHGtBtCEoaUWRP","itt_fullspec_bn_employed_treat_HD","treat_HD",66,0.0372881355932203,"Increase",45,92,45
"06_UHGtBtCEoaUWRP","itt_fullspec_bn_employed_treat_HD","treat_HD",66,0.0372881355932203,"Increase",831,1698,831
"06_UHGtBtCEoaUWRP","itt_fullspec_bn_employed_treat_HD","treat_HD",66,0.0372881355932203,"Increase",218,449,218
"06_UHGtBtCEoaUWRP","itt_fullspec_bn_employed_treat_HD","treat_HD",66,0.0372881355932203,"Increase",783,1602,783
"06_UHGtBtCEoaUWRP","itt_fullspec_bn_employed_treat_HD","treat_HD",66,0.0372881355932203,"Increase",446,916,446
"06_UHGtBtCEoaUWRP","itt_fullspec_bn_employed_treat_HD","treat_HD",66,0.0372881355932203,"Increase",1527,3125,1527
"06_UHGtBtCEoaUWRP","itt_fullspec_bn_employed_treat_HD","treat_HD",66,0.0372881355932203,"Increase",1221,2496,1221
"06_UHGtBtCEoaUWRP","itt_fullspec_bn_employed_treat_HD","treat_HD",66,0.0372881355932203,"Increase",329,676,329
"06_UHGtBtCEoaUWRP","itt_fullspec_bn_employed_treat_HD","treat_HD",66,0.0372881355932203,"Increase",838,1712,838
"06_UHGtBtCEoaUWRP","itt_fullspec_bn_employed_treat_HD","treat_HD",66,0.0372881355932203,"Increase",1702,3480,1702
"06_UHGtBtCEoaUWRP","itt_fullspec_bn_employed_treat_HD","treat_HD",66,0.0372881355932203,"Increase",168,348,168
"06_UHGtBtCEoaUWRP","itt_fullspec_bn_employed_treat_HD","treat_HD",66,0.0372881355932203,"Increase",526,1080,526
"06_UHGtBtCEoaUWRP","itt_fullspec_bn_employed_treat_HD","treat_HD",66,0.0372881355932203,"Increase",107,223,107
"06_UHGtBtCEoaUWRP","itt_fullspec_bn_employed_treat_HD","treat_HD",66,0.0372881355932203,"Increase",1077,2202,1077
"06_UHGtBtCEoaUWRP","itt_fullspec_bn_employed_treat_HD","treat_HD",66,0.0372881355932203,"Increase",1157,2365,1157
"06_UHGtBtCEoaUWRP","itt_fullspec_bn_employed_treat_HD","treat_HD",66,0.0372881355932203,"Increase",370,759,370
"06_UHGtBtCEoaUWRP","itt_fullspec_bn_employed_treat_HD","treat_HD",66,0.0372881355932203,"Increase",1200,2452,1200
"06_UHGtBtCEoaUWRP","itt_fullspec_bn_employed_treat_HD","treat_HD",66,0.0372881355932203,"Increase",354,727,354
"06_UHGtBtCEoaUWRP","itt_fullspec_bn_employed_treat_HD","treat_HD",66,0.0372881355932203,"Increase",669,1371,669
"06_UHGtBtCEoaUWRP","itt_fullspec_bn_employed_treat_HD","treat_HD",66,0.0372881355932203,"Increase",618,1268,618
"06_UHGtBtCEoaUWRP","itt_fullspec_bn_employed_treat_HD","treat_HD",66,0.0372881355932203,"Increase",860,1758,860
"06_UHGtBtCEoaUWRP","itt_fullspec_bn_employed_treat_HD","treat_HD",66,0.0372881355932203,"Increase",718,1470,718
"06_UHGtBtCEoaUWRP","itt_fullspec_bn_employed_treat_HD","treat_HD",66,0.0372881355932203,"Increase",1472,3014,1472
"06_UHGtBtCEoaUWRP","itt_fullspec_bn_employed_treat_HD","treat_HD",66,0.0372881355932203,"Increase",1746,3569,1746
"06_UHGtBtCEoaUWRP","itt_fullspec_bn_employed_treat_HD","treat_HD",66,0.0372881355932203,"Increase",1022,2087,1022
"06_UHGtBtCEoaUWRP","itt_fullspec_bn_employed_treat_HD","treat_HD",66,0.0372881355932203,"Increase",788,1612,788
"06_UHGtBtCEoaUWRP","itt_fullspec_bn_employed_treat_HD","treat_HD",66,0.0372881355932203,"Increase",1248,2554,1248
"06_UHGtBtCEoaUWRP","itt_fullspec_bn_employed_treat_HD","treat_HD",66,0.0372881355932203,"Increase",333,684,333
"06_UHGtBtCEoaUWRP","itt_fullspec_bn_employed_treat_HD","treat_HD",66,0.0372881355932203,"Increase",1090,2228,1090
"06_UHGtBtCEoaUWRP","itt_fullspec_bn_employed_treat_HD","treat_HD",66,0.0372881355932203,"Increase",40,82,40
"06_UHGtBtCEoaUWRP","itt_fullspec_bn_employed_treat_HD","treat_HD",66,0.0372881355932203,"Increase",1504,3079,1504
"06_UHGtBtCEoaUWRP","itt_fullspec_bn_employed_treat_HD","treat_HD",66,0.0372881355932203,"Increase",1142,2335,1142
"06_UHGtBtCEoaUWRP","itt_fullspec_bn_employed_treat_HD","treat_HD",66,0.0372881355932203,"Increase",1125,2300,1125
"06_UHGtBtCEoaUWRP","itt_fullspec_bn_employed_treat_HD","treat_HD",66,0.0372881355932203,"Increase",1239,2533,1239
"06_UHGtBtCEoaUWRP","itt_fullspec_bn_employed_treat_HD","treat_HD",66,0.0372881355932203,"Increase",462,949,462
"06_UHGtBtCEoaUWRP","itt_fullspec_bn_employed_treat_HD","treat_HD",66,0.0372881355932203,"Increase",1619,3312,1619
"06_UHGtBtCEoaUWRP","itt_fullspec_bn_employed_treat_HD","treat_HD",66,0.0372881355932203,"Increase",29,60,29
"06_UHGtBtCEoaUWRP","itt_fullspec_bn_employed_treat_HD","treat_HD",66,0.0372881355932203,"Increase",794,1624,794
"06_UHGtBtCEoaUWRP","itt_fullspec_bn_employed_treat_HD","treat_HD",66,0.0372881355932203,"Increase",777,1590,777
"06_UHGtBtCEoaUWRP","itt_fullspec_bn_employed_treat_HD","treat_HD",66,0.0372881355932203,"Increase",1587,3247,1587
"06_UHGtBtCEoaUWRP","itt_fullspec_bn_employed_treat_HD","treat_HD",66,0.0372881355932203,"Increase",639,1310,639
"06_UHGtBtCEoaUWRP","itt_fullspec_bn_employed_treat_HD","treat_HD",66,0.0372881355932203,"Increase",127,264,127
"06_UHGtBtCEoaUWRP","itt_fullspec_bn_employed_treat_HD","treat_HD",66,0.0372881355932203,"Increase",513,1053,513
"06_UHGtBtCEoaUWRP","itt_fullspec_bn_employed_treat_HD","treat_HD",66,0.0372881355932203,"Increase",849,1735,849
"06_UHGtBtCEoaUWRP","itt_fullspec_bn_employed_treat_HD","treat_HD",67,0.0378531073446328,"Increase",1441,2950,1441
"06_UHGtBtCEoaUWRP","itt_fullspec_bn_employed_treat_HD","treat_HD",67,0.0378531073446328,"Increase",632,1296,632
"06_UHGtBtCEoaUWRP","itt_fullspec_bn_employed_treat_HD","treat_HD",67,0.0378531073446328,"Increase",1636,3346,1636
"06_UHGtBtCEoaUWRP","itt_fullspec_bn_employed_treat_HD","treat_HD",67,0.0378531073446328,"Increase",1051,2148,1051
"06_UHGtBtCEoaUWRP","itt_fullspec_bn_employed_treat_HD","treat_HD",67,0.0378531073446328,"Increase",1083,2214,1083
"06_UHGtBtCEoaUWRP","itt_fullspec_bn_employed_treat_HD","treat_HD",67,0.0378531073446328,"Increase",380,780,380
"06_UHGtBtCEoaUWRP","itt_fullspec_bn_employed_treat_HD","treat_HD",67,0.0378531073446328,"Increase",391,803,391
"06_UHGtBtCEoaUWRP","itt_fullspec_bn_employed_treat_HD","treat_HD",67,0.0378531073446328,"Increase",1442,2952,1442
"06_UHGtBtCEoaUWRP","itt_fullspec_bn_employed_treat_HD","treat_HD",67,0.0378531073446328,"Increase",1194,2440,1194
"06_UHGtBtCEoaUWRP","itt_fullspec_bn_employed_treat_HD","treat_HD",67,0.0378531073446328,"Increase",94,195,94
"06_UHGtBtCEoaUWRP","itt_fullspec_bn_employed_treat_HD","treat_HD",67,0.0378531073446328,"Increase",1616,3306,1616
"06_UHGtBtCEoaUWRP","itt_fullspec_bn_employed_treat_HD","treat_HD",67,0.0378531073446328,"Increase",1536,3143,1536
"06_UHGtBtCEoaUWRP","itt_fullspec_bn_employed_treat_HD","treat_HD",67,0.0378531073446328,"Increase",1124,2298,1124
"06_UHGtBtCEoaUWRP","itt_fullspec_bn_employed_treat_HD","treat_HD",67,0.0378531073446328,"Increase",223,459,223
"06_UHGtBtCEoaUWRP","itt_fullspec_bn_employed_treat_HD","treat_HD",67,0.0378531073446328,"Increase",363,745,363
"06_UHGtBtCEoaUWRP","itt_fullspec_bn_employed_treat_HD","treat_HD",67,0.0378531073446328,"Increase",1714,3504,1714
"06_UHGtBtCEoaUWRP","itt_fullspec_bn_employed_treat_HD","treat_HD",67,0.0378531073446328,"Increase",285,586,285
"06_UHGtBtCEoaUWRP","itt_fullspec_bn_employed_treat_HD","treat_HD",67,0.0378531073446328,"Increase",132,274,132
"06_UHGtBtCEoaUWRP","itt_fullspec_bn_employed_treat_HD","treat_HD",67,0.0378531073446328,"Increase",549,1126,549
"06_UHGtBtCEoaUWRP","itt_fullspec_bn_employed_treat_HD","treat_HD",67,0.0378531073446328,"Increase",46,94,46
"06_UHGtBtCEoaUWRP","itt_fullspec_bn_employed_treat_HD","treat_HD",67,0.0378531073446328,"Increase",734,1502,734
"06_UHGtBtCEoaUWRP","itt_fullspec_bn_employed_treat_HD","treat_HD",67,0.0378531073446328,"Increase",876,1791,876
"06_UHGtBtCEoaUWRP","itt_fullspec_bn_employed_treat_HD","treat_HD",67,0.0378531073446328,"Increase",45,92,45
"06_UHGtBtCEoaUWRP","itt_fullspec_bn_employed_treat_HD","treat_HD",67,0.0378531073446328,"Increase",831,1698,831
"06_UHGtBtCEoaUWRP","itt_fullspec_bn_employed_treat_HD","treat_HD",67,0.0378531073446328,"Increase",218,449,218
"06_UHGtBtCEoaUWRP","itt_fullspec_bn_employed_treat_HD","treat_HD",67,0.0378531073446328,"Increase",783,1602,783
"06_UHGtBtCEoaUWRP","itt_fullspec_bn_employed_treat_HD","treat_HD",67,0.0378531073446328,"Increase",446,916,446
"06_UHGtBtCEoaUWRP","itt_fullspec_bn_employed_treat_HD","treat_HD",67,0.0378531073446328,"Increase",1527,3125,1527
"06_UHGtBtCEoaUWRP","itt_fullspec_bn_employed_treat_HD","treat_HD",67,0.0378531073446328,"Increase",1221,2496,1221
"06_UHGtBtCEoaUWRP","itt_fullspec_bn_employed_treat_HD","treat_HD",67,0.0378531073446328,"Increase",329,676,329
"06_UHGtBtCEoaUWRP","itt_fullspec_bn_employed_treat_HD","treat_HD",67,0.0378531073446328,"Increase",838,1712,838
"06_UHGtBtCEoaUWRP","itt_fullspec_bn_employed_treat_HD","treat_HD",67,0.0378531073446328,"Increase",1702,3480,1702
"06_UHGtBtCEoaUWRP","itt_fullspec_bn_employed_treat_HD","treat_HD",67,0.0378531073446328,"Increase",168,348,168
"06_UHGtBtCEoaUWRP","itt_fullspec_bn_employed_treat_HD","treat_HD",67,0.0378531073446328,"Increase",526,1080,526
"06_UHGtBtCEoaUWRP","itt_fullspec_bn_employed_treat_HD","treat_HD",67,0.0378531073446328,"Increase",107,223,107
"06_UHGtBtCEoaUWRP","itt_fullspec_bn_employed_treat_HD","treat_HD",67,0.0378531073446328,"Increase",1077,2202,1077
"06_UHGtBtCEoaUWRP","itt_fullspec_bn_employed_treat_HD","treat_HD",67,0.0378531073446328,"Increase",1157,2365,1157
"06_UHGtBtCEoaUWRP","itt_fullspec_bn_employed_treat_HD","treat_HD",67,0.0378531073446328,"Increase",370,759,370
"06_UHGtBtCEoaUWRP","itt_fullspec_bn_employed_treat_HD","treat_HD",67,0.0378531073446328,"Increase",1200,2452,1200
"06_UHGtBtCEoaUWRP","itt_fullspec_bn_employed_treat_HD","treat_HD",67,0.0378531073446328,"Increase",354,727,354
"06_UHGtBtCEoaUWRP","itt_fullspec_bn_employed_treat_HD","treat_HD",67,0.0378531073446328,"Increase",669,1371,669
"06_UHGtBtCEoaUWRP","itt_fullspec_bn_employed_treat_HD","treat_HD",67,0.0378531073446328,"Increase",618,1268,618
"06_UHGtBtCEoaUWRP","itt_fullspec_bn_employed_treat_HD","treat_HD",67,0.0378531073446328,"Increase",860,1758,860
"06_UHGtBtCEoaUWRP","itt_fullspec_bn_employed_treat_HD","treat_HD",67,0.0378531073446328,"Increase",718,1470,718
"06_UHGtBtCEoaUWRP","itt_fullspec_bn_employed_treat_HD","treat_HD",67,0.0378531073446328,"Increase",1472,3014,1472
"06_UHGtBtCEoaUWRP","itt_fullspec_bn_employed_treat_HD","treat_HD",67,0.0378531073446328,"Increase",1746,3569,1746
"06_UHGtBtCEoaUWRP","itt_fullspec_bn_employed_treat_HD","treat_HD",67,0.0378531073446328,"Increase",1022,2087,1022
"06_UHGtBtCEoaUWRP","itt_fullspec_bn_employed_treat_HD","treat_HD",67,0.0378531073446328,"Increase",788,1612,788
"06_UHGtBtCEoaUWRP","itt_fullspec_bn_employed_treat_HD","treat_HD",67,0.0378531073446328,"Increase",1248,2554,1248
"06_UHGtBtCEoaUWRP","itt_fullspec_bn_employed_treat_HD","treat_HD",67,0.0378531073446328,"Increase",333,684,333
"06_UHGtBtCEoaUWRP","itt_fullspec_bn_employed_treat_HD","treat_HD",67,0.0378531073446328,"Increase",1090,2228,1090
"06_UHGtBtCEoaUWRP","itt_fullspec_bn_employed_treat_HD","treat_HD",67,0.0378531073446328,"Increase",40,82,40
"06_UHGtBtCEoaUWRP","itt_fullspec_bn_employed_treat_HD","treat_HD",67,0.0378531073446328,"Increase",1504,3079,1504
"06_UHGtBtCEoaUWRP","itt_fullspec_bn_employed_treat_HD","treat_HD",67,0.0378531073446328,"Increase",1142,2335,1142
"06_UHGtBtCEoaUWRP","itt_fullspec_bn_employed_treat_HD","treat_HD",67,0.0378531073446328,"Increase",1125,2300,1125
"06_UHGtBtCEoaUWRP","itt_fullspec_bn_employed_treat_HD","treat_HD",67,0.0378531073446328,"Increase",1239,2533,1239
"06_UHGtBtCEoaUWRP","itt_fullspec_bn_employed_treat_HD","treat_HD",67,0.0378531073446328,"Increase",462,949,462
"06_UHGtBtCEoaUWRP","itt_fullspec_bn_employed_treat_HD","treat_HD",67,0.0378531073446328,"Increase",1619,3312,1619
"06_UHGtBtCEoaUWRP","itt_fullspec_bn_employed_treat_HD","treat_HD",67,0.0378531073446328,"Increase",29,60,29
"06_UHGtBtCEoaUWRP","itt_fullspec_bn_employed_treat_HD","treat_HD",67,0.0378531073446328,"Increase",794,1624,794
"06_UHGtBtCEoaUWRP","itt_fullspec_bn_employed_treat_HD","treat_HD",67,0.0378531073446328,"Increase",777,1590,777
"06_UHGtBtCEoaUWRP","itt_fullspec_bn_employed_treat_HD","treat_HD",67,0.0378531073446328,"Increase",1587,3247,1587
"06_UHGtBtCEoaUWRP","itt_fullspec_bn_employed_treat_HD","treat_HD",67,0.0378531073446328,"Increase",639,1310,639
"06_UHGtBtCEoaUWRP","itt_fullspec_bn_employed_treat_HD","treat_HD",67,0.0378531073446328,"Increase",127,264,127
"06_UHGtBtCEoaUWRP","itt_fullspec_bn_employed_treat_HD","treat_HD",67,0.0378531073446328,"Increase",513,1053,513
"06_UHGtBtCEoaUWRP","itt_fullspec_bn_employed_treat_HD","treat_HD",67,0.0378531073446328,"Increase",849,1735,849
"06_UHGtBtCEoaUWRP","itt_fullspec_bn_employed_treat_HD","treat_HD",67,0.0378531073446328,"Increase",1486,3043,1486
"06_UHGtBtCEoaUWRP","itt_fullspec_bn_employed_treat_HD","treat_HD",68,0.0384180790960452,"Increase",1441,2950,1441
"06_UHGtBtCEoaUWRP","itt_fullspec_bn_employed_treat_HD","treat_HD",68,0.0384180790960452,"Increase",632,1296,632
"06_UHGtBtCEoaUWRP","itt_fullspec_bn_employed_treat_HD","treat_HD",68,0.0384180790960452,"Increase",1636,3346,1636
"06_UHGtBtCEoaUWRP","itt_fullspec_bn_employed_treat_HD","treat_HD",68,0.0384180790960452,"Increase",1051,2148,1051
"06_UHGtBtCEoaUWRP","itt_fullspec_bn_employed_treat_HD","treat_HD",68,0.0384180790960452,"Increase",1083,2214,1083
"06_UHGtBtCEoaUWRP","itt_fullspec_bn_employed_treat_HD","treat_HD",68,0.0384180790960452,"Increase",380,780,380
"06_UHGtBtCEoaUWRP","itt_fullspec_bn_employed_treat_HD","treat_HD",68,0.0384180790960452,"Increase",391,803,391
"06_UHGtBtCEoaUWRP","itt_fullspec_bn_employed_treat_HD","treat_HD",68,0.0384180790960452,"Increase",1442,2952,1442
"06_UHGtBtCEoaUWRP","itt_fullspec_bn_employed_treat_HD","treat_HD",68,0.0384180790960452,"Increase",1194,2440,1194
"06_UHGtBtCEoaUWRP","itt_fullspec_bn_employed_treat_HD","treat_HD",68,0.0384180790960452,"Increase",94,195,94
"06_UHGtBtCEoaUWRP","itt_fullspec_bn_employed_treat_HD","treat_HD",68,0.0384180790960452,"Increase",1616,3306,1616
"06_UHGtBtCEoaUWRP","itt_fullspec_bn_employed_treat_HD","treat_HD",68,0.0384180790960452,"Increase",1536,3143,1536
"06_UHGtBtCEoaUWRP","itt_fullspec_bn_employed_treat_HD","treat_HD",68,0.0384180790960452,"Increase",1124,2298,1124
"06_UHGtBtCEoaUWRP","itt_fullspec_bn_employed_treat_HD","treat_HD",68,0.0384180790960452,"Increase",223,459,223
"06_UHGtBtCEoaUWRP","itt_fullspec_bn_employed_treat_HD","treat_HD",68,0.0384180790960452,"Increase",363,745,363
"06_UHGtBtCEoaUWRP","itt_fullspec_bn_employed_treat_HD","treat_HD",68,0.0384180790960452,"Increase",1714,3504,1714
"06_UHGtBtCEoaUWRP","itt_fullspec_bn_employed_treat_HD","treat_HD",68,0.0384180790960452,"Increase",132,274,132
"06_UHGtBtCEoaUWRP","itt_fullspec_bn_employed_treat_HD","treat_HD",68,0.0384180790960452,"Increase",285,586,285
"06_UHGtBtCEoaUWRP","itt_fullspec_bn_employed_treat_HD","treat_HD",68,0.0384180790960452,"Increase",549,1126,549
"06_UHGtBtCEoaUWRP","itt_fullspec_bn_employed_treat_HD","treat_HD",68,0.0384180790960452,"Increase",734,1502,734
"06_UHGtBtCEoaUWRP","itt_fullspec_bn_employed_treat_HD","treat_HD",68,0.0384180790960452,"Increase",46,94,46
"06_UHGtBtCEoaUWRP","itt_fullspec_bn_employed_treat_HD","treat_HD",68,0.0384180790960452,"Increase",876,1791,876
"06_UHGtBtCEoaUWRP","itt_fullspec_bn_employed_treat_HD","treat_HD",68,0.0384180790960452,"Increase",45,92,45
"06_UHGtBtCEoaUWRP","itt_fullspec_bn_employed_treat_HD","treat_HD",68,0.0384180790960452,"Increase",831,1698,831
"06_UHGtBtCEoaUWRP","itt_fullspec_bn_employed_treat_HD","treat_HD",68,0.0384180790960452,"Increase",218,449,218
"06_UHGtBtCEoaUWRP","itt_fullspec_bn_employed_treat_HD","treat_HD",68,0.0384180790960452,"Increase",783,1602,783
"06_UHGtBtCEoaUWRP","itt_fullspec_bn_employed_treat_HD","treat_HD",68,0.0384180790960452,"Increase",446,916,446
"06_UHGtBtCEoaUWRP","itt_fullspec_bn_employed_treat_HD","treat_HD",68,0.0384180790960452,"Increase",1527,3125,1527
"06_UHGtBtCEoaUWRP","itt_fullspec_bn_employed_treat_HD","treat_HD",68,0.0384180790960452,"Increase",1221,2496,1221
"06_UHGtBtCEoaUWRP","itt_fullspec_bn_employed_treat_HD","treat_HD",68,0.0384180790960452,"Increase",329,676,329
"06_UHGtBtCEoaUWRP","itt_fullspec_bn_employed_treat_HD","treat_HD",68,0.0384180790960452,"Increase",838,1712,838
"06_UHGtBtCEoaUWRP","itt_fullspec_bn_employed_treat_HD","treat_HD",68,0.0384180790960452,"Increase",1702,3480,1702
"06_UHGtBtCEoaUWRP","itt_fullspec_bn_employed_treat_HD","treat_HD",68,0.0384180790960452,"Increase",168,348,168
"06_UHGtBtCEoaUWRP","itt_fullspec_bn_employed_treat_HD","treat_HD",68,0.0384180790960452,"Increase",526,1080,526
"06_UHGtBtCEoaUWRP","itt_fullspec_bn_employed_treat_HD","treat_HD",68,0.0384180790960452,"Increase",107,223,107
"06_UHGtBtCEoaUWRP","itt_fullspec_bn_employed_treat_HD","treat_HD",68,0.0384180790960452,"Increase",1077,2202,1077
"06_UHGtBtCEoaUWRP","itt_fullspec_bn_employed_treat_HD","treat_HD",68,0.0384180790960452,"Increase",1157,2365,1157
"06_UHGtBtCEoaUWRP","itt_fullspec_bn_employed_treat_HD","treat_HD",68,0.0384180790960452,"Increase",370,759,370
"06_UHGtBtCEoaUWRP","itt_fullspec_bn_employed_treat_HD","treat_HD",68,0.0384180790960452,"Increase",1200,2452,1200
"06_UHGtBtCEoaUWRP","itt_fullspec_bn_employed_treat_HD","treat_HD",68,0.0384180790960452,"Increase",354,727,354
"06_UHGtBtCEoaUWRP","itt_fullspec_bn_employed_treat_HD","treat_HD",68,0.0384180790960452,"Increase",669,1371,669
"06_UHGtBtCEoaUWRP","itt_fullspec_bn_employed_treat_HD","treat_HD",68,0.0384180790960452,"Increase",618,1268,618
"06_UHGtBtCEoaUWRP","itt_fullspec_bn_employed_treat_HD","treat_HD",68,0.0384180790960452,"Increase",860,1758,860
"06_UHGtBtCEoaUWRP","itt_fullspec_bn_employed_treat_HD","treat_HD",68,0.0384180790960452,"Increase",718,1470,718
"06_UHGtBtCEoaUWRP","itt_fullspec_bn_employed_treat_HD","treat_HD",68,0.0384180790960452,"Increase",1472,3014,1472
"06_UHGtBtCEoaUWRP","itt_fullspec_bn_employed_treat_HD","treat_HD",68,0.0384180790960452,"Increase",1746,3569,1746
"06_UHGtBtCEoaUWRP","itt_fullspec_bn_employed_treat_HD","treat_HD",68,0.0384180790960452,"Increase",1022,2087,1022
"06_UHGtBtCEoaUWRP","itt_fullspec_bn_employed_treat_HD","treat_HD",68,0.0384180790960452,"Increase",788,1612,788
"06_UHGtBtCEoaUWRP","itt_fullspec_bn_employed_treat_HD","treat_HD",68,0.0384180790960452,"Increase",1248,2554,1248
"06_UHGtBtCEoaUWRP","itt_fullspec_bn_employed_treat_HD","treat_HD",68,0.0384180790960452,"Increase",333,684,333
"06_UHGtBtCEoaUWRP","itt_fullspec_bn_employed_treat_HD","treat_HD",68,0.0384180790960452,"Increase",1090,2228,1090
"06_UHGtBtCEoaUWRP","itt_fullspec_bn_employed_treat_HD","treat_HD",68,0.0384180790960452,"Increase",40,82,40
"06_UHGtBtCEoaUWRP","itt_fullspec_bn_employed_treat_HD","treat_HD",68,0.0384180790960452,"Increase",1504,3079,1504
"06_UHGtBtCEoaUWRP","itt_fullspec_bn_employed_treat_HD","treat_HD",68,0.0384180790960452,"Increase",1142,2335,1142
"06_UHGtBtCEoaUWRP","itt_fullspec_bn_employed_treat_HD","treat_HD",68,0.0384180790960452,"Increase",1125,2300,1125
"06_UHGtBtCEoaUWRP","itt_fullspec_bn_employed_treat_HD","treat_HD",68,0.0384180790960452,"Increase",1239,2533,1239
"06_UHGtBtCEoaUWRP","itt_fullspec_bn_employed_treat_HD","treat_HD",68,0.0384180790960452,"Increase",462,949,462
"06_UHGtBtCEoaUWRP","itt_fullspec_bn_employed_treat_HD","treat_HD",68,0.0384180790960452,"Increase",1619,3312,1619
"06_UHGtBtCEoaUWRP","itt_fullspec_bn_employed_treat_HD","treat_HD",68,0.0384180790960452,"Increase",29,60,29
"06_UHGtBtCEoaUWRP","itt_fullspec_bn_employed_treat_HD","treat_HD",68,0.0384180790960452,"Increase",794,1624,794
"06_UHGtBtCEoaUWRP","itt_fullspec_bn_employed_treat_HD","treat_HD",68,0.0384180790960452,"Increase",777,1590,777
"06_UHGtBtCEoaUWRP","itt_fullspec_bn_employed_treat_HD","treat_HD",68,0.0384180790960452,"Increase",1587,3247,1587
"06_UHGtBtCEoaUWRP","itt_fullspec_bn_employed_treat_HD","treat_HD",68,0.0384180790960452,"Increase",639,1310,639
"06_UHGtBtCEoaUWRP","itt_fullspec_bn_employed_treat_HD","treat_HD",68,0.0384180790960452,"Increase",127,264,127
"06_UHGtBtCEoaUWRP","itt_fullspec_bn_employed_treat_HD","treat_HD",68,0.0384180790960452,"Increase",513,1053,513
"06_UHGtBtCEoaUWRP","itt_fullspec_bn_employed_treat_HD","treat_HD",68,0.0384180790960452,"Increase",849,1735,849
"06_UHGtBtCEoaUWRP","itt_fullspec_bn_employed_treat_HD","treat_HD",68,0.0384180790960452,"Increase",1486,3043,1486
"06_UHGtBtCEoaUWRP","itt_fullspec_bn_employed_treat_HD","treat_HD",68,0.0384180790960452,"Increase",1544,3159,1544
"06_UHGtBtCEoaUWRP","itt_fullspec_bn_employed_treat_HD","treat_HD",69,0.0389830508474576,"Increase",1441,2950,1441
"06_UHGtBtCEoaUWRP","itt_fullspec_bn_employed_treat_HD","treat_HD",69,0.0389830508474576,"Increase",632,1296,632
"06_UHGtBtCEoaUWRP","itt_fullspec_bn_employed_treat_HD","treat_HD",69,0.0389830508474576,"Increase",1636,3346,1636
"06_UHGtBtCEoaUWRP","itt_fullspec_bn_employed_treat_HD","treat_HD",69,0.0389830508474576,"Increase",1051,2148,1051
"06_UHGtBtCEoaUWRP","itt_fullspec_bn_employed_treat_HD","treat_HD",69,0.0389830508474576,"Increase",1083,2214,1083
"06_UHGtBtCEoaUWRP","itt_fullspec_bn_employed_treat_HD","treat_HD",69,0.0389830508474576,"Increase",380,780,380
"06_UHGtBtCEoaUWRP","itt_fullspec_bn_employed_treat_HD","treat_HD",69,0.0389830508474576,"Increase",391,803,391
"06_UHGtBtCEoaUWRP","itt_fullspec_bn_employed_treat_HD","treat_HD",69,0.0389830508474576,"Increase",1442,2952,1442
"06_UHGtBtCEoaUWRP","itt_fullspec_bn_employed_treat_HD","treat_HD",69,0.0389830508474576,"Increase",1194,2440,1194
"06_UHGtBtCEoaUWRP","itt_fullspec_bn_employed_treat_HD","treat_HD",69,0.0389830508474576,"Increase",94,195,94
"06_UHGtBtCEoaUWRP","itt_fullspec_bn_employed_treat_HD","treat_HD",69,0.0389830508474576,"Increase",1616,3306,1616
"06_UHGtBtCEoaUWRP","itt_fullspec_bn_employed_treat_HD","treat_HD",69,0.0389830508474576,"Increase",1536,3143,1536
"06_UHGtBtCEoaUWRP","itt_fullspec_bn_employed_treat_HD","treat_HD",69,0.0389830508474576,"Increase",1124,2298,1124
"06_UHGtBtCEoaUWRP","itt_fullspec_bn_employed_treat_HD","treat_HD",69,0.0389830508474576,"Increase",223,459,223
"06_UHGtBtCEoaUWRP","itt_fullspec_bn_employed_treat_HD","treat_HD",69,0.0389830508474576,"Increase",363,745,363
"06_UHGtBtCEoaUWRP","itt_fullspec_bn_employed_treat_HD","treat_HD",69,0.0389830508474576,"Increase",1714,3504,1714
"06_UHGtBtCEoaUWRP","itt_fullspec_bn_employed_treat_HD","treat_HD",69,0.0389830508474576,"Increase",132,274,132
"06_UHGtBtCEoaUWRP","itt_fullspec_bn_employed_treat_HD","treat_HD",69,0.0389830508474576,"Increase",285,586,285
"06_UHGtBtCEoaUWRP","itt_fullspec_bn_employed_treat_HD","treat_HD",69,0.0389830508474576,"Increase",549,1126,549
"06_UHGtBtCEoaUWRP","itt_fullspec_bn_employed_treat_HD","treat_HD",69,0.0389830508474576,"Increase",734,1502,734
"06_UHGtBtCEoaUWRP","itt_fullspec_bn_employed_treat_HD","treat_HD",69,0.0389830508474576,"Increase",46,94,46
"06_UHGtBtCEoaUWRP","itt_fullspec_bn_employed_treat_HD","treat_HD",69,0.0389830508474576,"Increase",876,1791,876
"06_UHGtBtCEoaUWRP","itt_fullspec_bn_employed_treat_HD","treat_HD",69,0.0389830508474576,"Increase",45,92,45
"06_UHGtBtCEoaUWRP","itt_fullspec_bn_employed_treat_HD","treat_HD",69,0.0389830508474576,"Increase",831,1698,831
"06_UHGtBtCEoaUWRP","itt_fullspec_bn_employed_treat_HD","treat_HD",69,0.0389830508474576,"Increase",218,449,218
"06_UHGtBtCEoaUWRP","itt_fullspec_bn_employed_treat_HD","treat_HD",69,0.0389830508474576,"Increase",783,1602,783
"06_UHGtBtCEoaUWRP","itt_fullspec_bn_employed_treat_HD","treat_HD",69,0.0389830508474576,"Increase",446,916,446
"06_UHGtBtCEoaUWRP","itt_fullspec_bn_employed_treat_HD","treat_HD",69,0.0389830508474576,"Increase",1527,3125,1527
"06_UHGtBtCEoaUWRP","itt_fullspec_bn_employed_treat_HD","treat_HD",69,0.0389830508474576,"Increase",1221,2496,1221
"06_UHGtBtCEoaUWRP","itt_fullspec_bn_employed_treat_HD","treat_HD",69,0.0389830508474576,"Increase",329,676,329
"06_UHGtBtCEoaUWRP","itt_fullspec_bn_employed_treat_HD","treat_HD",69,0.0389830508474576,"Increase",838,1712,838
"06_UHGtBtCEoaUWRP","itt_fullspec_bn_employed_treat_HD","treat_HD",69,0.0389830508474576,"Increase",1702,3480,1702
"06_UHGtBtCEoaUWRP","itt_fullspec_bn_employed_treat_HD","treat_HD",69,0.0389830508474576,"Increase",168,348,168
"06_UHGtBtCEoaUWRP","itt_fullspec_bn_employed_treat_HD","treat_HD",69,0.0389830508474576,"Increase",526,1080,526
"06_UHGtBtCEoaUWRP","itt_fullspec_bn_employed_treat_HD","treat_HD",69,0.0389830508474576,"Increase",107,223,107
"06_UHGtBtCEoaUWRP","itt_fullspec_bn_employed_treat_HD","treat_HD",69,0.0389830508474576,"Increase",1077,2202,1077
"06_UHGtBtCEoaUWRP","itt_fullspec_bn_employed_treat_HD","treat_HD",69,0.0389830508474576,"Increase",1157,2365,1157
"06_UHGtBtCEoaUWRP","itt_fullspec_bn_employed_treat_HD","treat_HD",69,0.0389830508474576,"Increase",370,759,370
"06_UHGtBtCEoaUWRP","itt_fullspec_bn_employed_treat_HD","treat_HD",69,0.0389830508474576,"Increase",1200,2452,1200
"06_UHGtBtCEoaUWRP","itt_fullspec_bn_employed_treat_HD","treat_HD",69,0.0389830508474576,"Increase",354,727,354
"06_UHGtBtCEoaUWRP","itt_fullspec_bn_employed_treat_HD","treat_HD",69,0.0389830508474576,"Increase",669,1371,669
"06_UHGtBtCEoaUWRP","itt_fullspec_bn_employed_treat_HD","treat_HD",69,0.0389830508474576,"Increase",618,1268,618
"06_UHGtBtCEoaUWRP","itt_fullspec_bn_employed_treat_HD","treat_HD",69,0.0389830508474576,"Increase",860,1758,860
"06_UHGtBtCEoaUWRP","itt_fullspec_bn_employed_treat_HD","treat_HD",69,0.0389830508474576,"Increase",718,1470,718
"06_UHGtBtCEoaUWRP","itt_fullspec_bn_employed_treat_HD","treat_HD",69,0.0389830508474576,"Increase",1472,3014,1472
"06_UHGtBtCEoaUWRP","itt_fullspec_bn_employed_treat_HD","treat_HD",69,0.0389830508474576,"Increase",1746,3569,1746
"06_UHGtBtCEoaUWRP","itt_fullspec_bn_employed_treat_HD","treat_HD",69,0.0389830508474576,"Increase",1022,2087,1022
"06_UHGtBtCEoaUWRP","itt_fullspec_bn_employed_treat_HD","treat_HD",69,0.0389830508474576,"Increase",788,1612,788
"06_UHGtBtCEoaUWRP","itt_fullspec_bn_employed_treat_HD","treat_HD",69,0.0389830508474576,"Increase",1248,2554,1248
"06_UHGtBtCEoaUWRP","itt_fullspec_bn_employed_treat_HD","treat_HD",69,0.0389830508474576,"Increase",333,684,333
"06_UHGtBtCEoaUWRP","itt_fullspec_bn_employed_treat_HD","treat_HD",69,0.0389830508474576,"Increase",1090,2228,1090
"06_UHGtBtCEoaUWRP","itt_fullspec_bn_employed_treat_HD","treat_HD",69,0.0389830508474576,"Increase",40,82,40
"06_UHGtBtCEoaUWRP","itt_fullspec_bn_employed_treat_HD","treat_HD",69,0.0389830508474576,"Increase",1504,3079,1504
"06_UHGtBtCEoaUWRP","itt_fullspec_bn_employed_treat_HD","treat_HD",69,0.0389830508474576,"Increase",1142,2335,1142
"06_UHGtBtCEoaUWRP","itt_fullspec_bn_employed_treat_HD","treat_HD",69,0.0389830508474576,"Increase",1125,2300,1125
"06_UHGtBtCEoaUWRP","itt_fullspec_bn_employed_treat_HD","treat_HD",69,0.0389830508474576,"Increase",1239,2533,1239
"06_UHGtBtCEoaUWRP","itt_fullspec_bn_employed_treat_HD","treat_HD",69,0.0389830508474576,"Increase",462,949,462
"06_UHGtBtCEoaUWRP","itt_fullspec_bn_employed_treat_HD","treat_HD",69,0.0389830508474576,"Increase",1619,3312,1619
"06_UHGtBtCEoaUWRP","itt_fullspec_bn_employed_treat_HD","treat_HD",69,0.0389830508474576,"Increase",29,60,29
"06_UHGtBtCEoaUWRP","itt_fullspec_bn_employed_treat_HD","treat_HD",69,0.0389830508474576,"Increase",794,1624,794
"06_UHGtBtCEoaUWRP","itt_fullspec_bn_employed_treat_HD","treat_HD",69,0.0389830508474576,"Increase",777,1590,777
"06_UHGtBtCEoaUWRP","itt_fullspec_bn_employed_treat_HD","treat_HD",69,0.0389830508474576,"Increase",1587,3247,1587
"06_UHGtBtCEoaUWRP","itt_fullspec_bn_employed_treat_HD","treat_HD",69,0.0389830508474576,"Increase",639,1310,639
"06_UHGtBtCEoaUWRP","itt_fullspec_bn_employed_treat_HD","treat_HD",69,0.0389830508474576,"Increase",127,264,127
"06_UHGtBtCEoaUWRP","itt_fullspec_bn_employed_treat_HD","treat_HD",69,0.0389830508474576,"Increase",513,1053,513
"06_UHGtBtCEoaUWRP","itt_fullspec_bn_employed_treat_HD","treat_HD",69,0.0389830508474576,"Increase",849,1735,849
"06_UHGtBtCEoaUWRP","itt_fullspec_bn_employed_treat_HD","treat_HD",69,0.0389830508474576,"Increase",1486,3043,1486
"06_UHGtBtCEoaUWRP","itt_fullspec_bn_employed_treat_HD","treat_HD",69,0.0389830508474576,"Increase",1544,3159,1544
"06_UHGtBtCEoaUWRP","itt_fullspec_bn_employed_treat_HD","treat_HD",69,0.0389830508474576,"Increase",556,1141,556
"06_UHGtBtCEoaUWRP","itt_fullspec_bn_employed_treat_HD","treat_HD",70,0.0395480225988701,"Increase",1441,2950,1441
"06_UHGtBtCEoaUWRP","itt_fullspec_bn_employed_treat_HD","treat_HD",70,0.0395480225988701,"Increase",632,1296,632
"06_UHGtBtCEoaUWRP","itt_fullspec_bn_employed_treat_HD","treat_HD",70,0.0395480225988701,"Increase",1636,3346,1636
"06_UHGtBtCEoaUWRP","itt_fullspec_bn_employed_treat_HD","treat_HD",70,0.0395480225988701,"Increase",1051,2148,1051
"06_UHGtBtCEoaUWRP","itt_fullspec_bn_employed_treat_HD","treat_HD",70,0.0395480225988701,"Increase",1083,2214,1083
"06_UHGtBtCEoaUWRP","itt_fullspec_bn_employed_treat_HD","treat_HD",70,0.0395480225988701,"Increase",380,780,380
"06_UHGtBtCEoaUWRP","itt_fullspec_bn_employed_treat_HD","treat_HD",70,0.0395480225988701,"Increase",391,803,391
"06_UHGtBtCEoaUWRP","itt_fullspec_bn_employed_treat_HD","treat_HD",70,0.0395480225988701,"Increase",1442,2952,1442
"06_UHGtBtCEoaUWRP","itt_fullspec_bn_employed_treat_HD","treat_HD",70,0.0395480225988701,"Increase",1194,2440,1194
"06_UHGtBtCEoaUWRP","itt_fullspec_bn_employed_treat_HD","treat_HD",70,0.0395480225988701,"Increase",94,195,94
"06_UHGtBtCEoaUWRP","itt_fullspec_bn_employed_treat_HD","treat_HD",70,0.0395480225988701,"Increase",1616,3306,1616
"06_UHGtBtCEoaUWRP","itt_fullspec_bn_employed_treat_HD","treat_HD",70,0.0395480225988701,"Increase",1536,3143,1536
"06_UHGtBtCEoaUWRP","itt_fullspec_bn_employed_treat_HD","treat_HD",70,0.0395480225988701,"Increase",1124,2298,1124
"06_UHGtBtCEoaUWRP","itt_fullspec_bn_employed_treat_HD","treat_HD",70,0.0395480225988701,"Increase",223,459,223
"06_UHGtBtCEoaUWRP","itt_fullspec_bn_employed_treat_HD","treat_HD",70,0.0395480225988701,"Increase",363,745,363
"06_UHGtBtCEoaUWRP","itt_fullspec_bn_employed_treat_HD","treat_HD",70,0.0395480225988701,"Increase",1714,3504,1714
"06_UHGtBtCEoaUWRP","itt_fullspec_bn_employed_treat_HD","treat_HD",70,0.0395480225988701,"Increase",132,274,132
"06_UHGtBtCEoaUWRP","itt_fullspec_bn_employed_treat_HD","treat_HD",70,0.0395480225988701,"Increase",285,586,285
"06_UHGtBtCEoaUWRP","itt_fullspec_bn_employed_treat_HD","treat_HD",70,0.0395480225988701,"Increase",549,1126,549
"06_UHGtBtCEoaUWRP","itt_fullspec_bn_employed_treat_HD","treat_HD",70,0.0395480225988701,"Increase",734,1502,734
"06_UHGtBtCEoaUWRP","itt_fullspec_bn_employed_treat_HD","treat_HD",70,0.0395480225988701,"Increase",46,94,46
"06_UHGtBtCEoaUWRP","itt_fullspec_bn_employed_treat_HD","treat_HD",70,0.0395480225988701,"Increase",876,1791,876
"06_UHGtBtCEoaUWRP","itt_fullspec_bn_employed_treat_HD","treat_HD",70,0.0395480225988701,"Increase",45,92,45
"06_UHGtBtCEoaUWRP","itt_fullspec_bn_employed_treat_HD","treat_HD",70,0.0395480225988701,"Increase",831,1698,831
"06_UHGtBtCEoaUWRP","itt_fullspec_bn_employed_treat_HD","treat_HD",70,0.0395480225988701,"Increase",218,449,218
"06_UHGtBtCEoaUWRP","itt_fullspec_bn_employed_treat_HD","treat_HD",70,0.0395480225988701,"Increase",783,1602,783
"06_UHGtBtCEoaUWRP","itt_fullspec_bn_employed_treat_HD","treat_HD",70,0.0395480225988701,"Increase",446,916,446
"06_UHGtBtCEoaUWRP","itt_fullspec_bn_employed_treat_HD","treat_HD",70,0.0395480225988701,"Increase",1527,3125,1527
"06_UHGtBtCEoaUWRP","itt_fullspec_bn_employed_treat_HD","treat_HD",70,0.0395480225988701,"Increase",1221,2496,1221
"06_UHGtBtCEoaUWRP","itt_fullspec_bn_employed_treat_HD","treat_HD",70,0.0395480225988701,"Increase",329,676,329
"06_UHGtBtCEoaUWRP","itt_fullspec_bn_employed_treat_HD","treat_HD",70,0.0395480225988701,"Increase",838,1712,838
"06_UHGtBtCEoaUWRP","itt_fullspec_bn_employed_treat_HD","treat_HD",70,0.0395480225988701,"Increase",1702,3480,1702
"06_UHGtBtCEoaUWRP","itt_fullspec_bn_employed_treat_HD","treat_HD",70,0.0395480225988701,"Increase",168,348,168
"06_UHGtBtCEoaUWRP","itt_fullspec_bn_employed_treat_HD","treat_HD",70,0.0395480225988701,"Increase",526,1080,526
"06_UHGtBtCEoaUWRP","itt_fullspec_bn_employed_treat_HD","treat_HD",70,0.0395480225988701,"Increase",107,223,107
"06_UHGtBtCEoaUWRP","itt_fullspec_bn_employed_treat_HD","treat_HD",70,0.0395480225988701,"Increase",1077,2202,1077
"06_UHGtBtCEoaUWRP","itt_fullspec_bn_employed_treat_HD","treat_HD",70,0.0395480225988701,"Increase",1157,2365,1157
"06_UHGtBtCEoaUWRP","itt_fullspec_bn_employed_treat_HD","treat_HD",70,0.0395480225988701,"Increase",370,759,370
"06_UHGtBtCEoaUWRP","itt_fullspec_bn_employed_treat_HD","treat_HD",70,0.0395480225988701,"Increase",1200,2452,1200
"06_UHGtBtCEoaUWRP","itt_fullspec_bn_employed_treat_HD","treat_HD",70,0.0395480225988701,"Increase",354,727,354
"06_UHGtBtCEoaUWRP","itt_fullspec_bn_employed_treat_HD","treat_HD",70,0.0395480225988701,"Increase",669,1371,669
"06_UHGtBtCEoaUWRP","itt_fullspec_bn_employed_treat_HD","treat_HD",70,0.0395480225988701,"Increase",860,1758,860
"06_UHGtBtCEoaUWRP","itt_fullspec_bn_employed_treat_HD","treat_HD",70,0.0395480225988701,"Increase",618,1268,618
"06_UHGtBtCEoaUWRP","itt_fullspec_bn_employed_treat_HD","treat_HD",70,0.0395480225988701,"Increase",718,1470,718
"06_UHGtBtCEoaUWRP","itt_fullspec_bn_employed_treat_HD","treat_HD",70,0.0395480225988701,"Increase",1746,3569,1746
"06_UHGtBtCEoaUWRP","itt_fullspec_bn_employed_treat_HD","treat_HD",70,0.0395480225988701,"Increase",1472,3014,1472
"06_UHGtBtCEoaUWRP","itt_fullspec_bn_employed_treat_HD","treat_HD",70,0.0395480225988701,"Increase",1022,2087,1022
"06_UHGtBtCEoaUWRP","itt_fullspec_bn_employed_treat_HD","treat_HD",70,0.0395480225988701,"Increase",788,1612,788
"06_UHGtBtCEoaUWRP","itt_fullspec_bn_employed_treat_HD","treat_HD",70,0.0395480225988701,"Increase",1248,2554,1248
"06_UHGtBtCEoaUWRP","itt_fullspec_bn_employed_treat_HD","treat_HD",70,0.0395480225988701,"Increase",333,684,333
"06_UHGtBtCEoaUWRP","itt_fullspec_bn_employed_treat_HD","treat_HD",70,0.0395480225988701,"Increase",1090,2228,1090
"06_UHGtBtCEoaUWRP","itt_fullspec_bn_employed_treat_HD","treat_HD",70,0.0395480225988701,"Increase",40,82,40
"06_UHGtBtCEoaUWRP","itt_fullspec_bn_employed_treat_HD","treat_HD",70,0.0395480225988701,"Increase",1504,3079,1504
"06_UHGtBtCEoaUWRP","itt_fullspec_bn_employed_treat_HD","treat_HD",70,0.0395480225988701,"Increase",1142,2335,1142
"06_UHGtBtCEoaUWRP","itt_fullspec_bn_employed_treat_HD","treat_HD",70,0.0395480225988701,"Increase",1239,2533,1239
"06_UHGtBtCEoaUWRP","itt_fullspec_bn_employed_treat_HD","treat_HD",70,0.0395480225988701,"Increase",1125,2300,1125
"06_UHGtBtCEoaUWRP","itt_fullspec_bn_employed_treat_HD","treat_HD",70,0.0395480225988701,"Increase",462,949,462
"06_UHGtBtCEoaUWRP","itt_fullspec_bn_employed_treat_HD","treat_HD",70,0.0395480225988701,"Increase",1619,3312,1619
"06_UHGtBtCEoaUWRP","itt_fullspec_bn_employed_treat_HD","treat_HD",70,0.0395480225988701,"Increase",29,60,29
"06_UHGtBtCEoaUWRP","itt_fullspec_bn_employed_treat_HD","treat_HD",70,0.0395480225988701,"Increase",794,1624,794
"06_UHGtBtCEoaUWRP","itt_fullspec_bn_employed_treat_HD","treat_HD",70,0.0395480225988701,"Increase",777,1590,777
"06_UHGtBtCEoaUWRP","itt_fullspec_bn_employed_treat_HD","treat_HD",70,0.0395480225988701,"Increase",1587,3247,1587
"06_UHGtBtCEoaUWRP","itt_fullspec_bn_employed_treat_HD","treat_HD",70,0.0395480225988701,"Increase",639,1310,639
"06_UHGtBtCEoaUWRP","itt_fullspec_bn_employed_treat_HD","treat_HD",70,0.0395480225988701,"Increase",127,264,127
"06_UHGtBtCEoaUWRP","itt_fullspec_bn_employed_treat_HD","treat_HD",70,0.0395480225988701,"Increase",513,1053,513
"06_UHGtBtCEoaUWRP","itt_fullspec_bn_employed_treat_HD","treat_HD",70,0.0395480225988701,"Increase",849,1735,849
"06_UHGtBtCEoaUWRP","itt_fullspec_bn_employed_treat_HD","treat_HD",70,0.0395480225988701,"Increase",1486,3043,1486
"06_UHGtBtCEoaUWRP","itt_fullspec_bn_employed_treat_HD","treat_HD",70,0.0395480225988701,"Increase",1544,3159,1544
"06_UHGtBtCEoaUWRP","itt_fullspec_bn_employed_treat_HD","treat_HD",70,0.0395480225988701,"Increase",556,1141,556
"06_UHGtBtCEoaUWRP","itt_fullspec_bn_employed_treat_HD","treat_HD",70,0.0395480225988701,"Increase",1108,2265,1108
"06_UHGtBtCEoaUWRP","itt_fullspec_bn_employed_treat_HD","treat_HD",71,0.0401129943502825,"Increase",1441,2950,1441
"06_UHGtBtCEoaUWRP","itt_fullspec_bn_employed_treat_HD","treat_HD",71,0.0401129943502825,"Increase",632,1296,632
"06_UHGtBtCEoaUWRP","itt_fullspec_bn_employed_treat_HD","treat_HD",71,0.0401129943502825,"Increase",1636,3346,1636
"06_UHGtBtCEoaUWRP","itt_fullspec_bn_employed_treat_HD","treat_HD",71,0.0401129943502825,"Increase",1051,2148,1051
"06_UHGtBtCEoaUWRP","itt_fullspec_bn_employed_treat_HD","treat_HD",71,0.0401129943502825,"Increase",1083,2214,1083
"06_UHGtBtCEoaUWRP","itt_fullspec_bn_employed_treat_HD","treat_HD",71,0.0401129943502825,"Increase",380,780,380
"06_UHGtBtCEoaUWRP","itt_fullspec_bn_employed_treat_HD","treat_HD",71,0.0401129943502825,"Increase",391,803,391
"06_UHGtBtCEoaUWRP","itt_fullspec_bn_employed_treat_HD","treat_HD",71,0.0401129943502825,"Increase",1442,2952,1442
"06_UHGtBtCEoaUWRP","itt_fullspec_bn_employed_treat_HD","treat_HD",71,0.0401129943502825,"Increase",1194,2440,1194
"06_UHGtBtCEoaUWRP","itt_fullspec_bn_employed_treat_HD","treat_HD",71,0.0401129943502825,"Increase",94,195,94
"06_UHGtBtCEoaUWRP","itt_fullspec_bn_employed_treat_HD","treat_HD",71,0.0401129943502825,"Increase",1616,3306,1616
"06_UHGtBtCEoaUWRP","itt_fullspec_bn_employed_treat_HD","treat_HD",71,0.0401129943502825,"Increase",1536,3143,1536
"06_UHGtBtCEoaUWRP","itt_fullspec_bn_employed_treat_HD","treat_HD",71,0.0401129943502825,"Increase",1124,2298,1124
"06_UHGtBtCEoaUWRP","itt_fullspec_bn_employed_treat_HD","treat_HD",71,0.0401129943502825,"Increase",223,459,223
"06_UHGtBtCEoaUWRP","itt_fullspec_bn_employed_treat_HD","treat_HD",71,0.0401129943502825,"Increase",363,745,363
"06_UHGtBtCEoaUWRP","itt_fullspec_bn_employed_treat_HD","treat_HD",71,0.0401129943502825,"Increase",1714,3504,1714
"06_UHGtBtCEoaUWRP","itt_fullspec_bn_employed_treat_HD","treat_HD",71,0.0401129943502825,"Increase",132,274,132
"06_UHGtBtCEoaUWRP","itt_fullspec_bn_employed_treat_HD","treat_HD",71,0.0401129943502825,"Increase",285,586,285
"06_UHGtBtCEoaUWRP","itt_fullspec_bn_employed_treat_HD","treat_HD",71,0.0401129943502825,"Increase",549,1126,549
"06_UHGtBtCEoaUWRP","itt_fullspec_bn_employed_treat_HD","treat_HD",71,0.0401129943502825,"Increase",734,1502,734
"06_UHGtBtCEoaUWRP","itt_fullspec_bn_employed_treat_HD","treat_HD",71,0.0401129943502825,"Increase",46,94,46
"06_UHGtBtCEoaUWRP","itt_fullspec_bn_employed_treat_HD","treat_HD",71,0.0401129943502825,"Increase",876,1791,876
"06_UHGtBtCEoaUWRP","itt_fullspec_bn_employed_treat_HD","treat_HD",71,0.0401129943502825,"Increase",45,92,45
"06_UHGtBtCEoaUWRP","itt_fullspec_bn_employed_treat_HD","treat_HD",71,0.0401129943502825,"Increase",831,1698,831
"06_UHGtBtCEoaUWRP","itt_fullspec_bn_employed_treat_HD","treat_HD",71,0.0401129943502825,"Increase",218,449,218
"06_UHGtBtCEoaUWRP","itt_fullspec_bn_employed_treat_HD","treat_HD",71,0.0401129943502825,"Increase",783,1602,783
"06_UHGtBtCEoaUWRP","itt_fullspec_bn_employed_treat_HD","treat_HD",71,0.0401129943502825,"Increase",446,916,446
"06_UHGtBtCEoaUWRP","itt_fullspec_bn_employed_treat_HD","treat_HD",71,0.0401129943502825,"Increase",1527,3125,1527
"06_UHGtBtCEoaUWRP","itt_fullspec_bn_employed_treat_HD","treat_HD",71,0.0401129943502825,"Increase",1221,2496,1221
"06_UHGtBtCEoaUWRP","itt_fullspec_bn_employed_treat_HD","treat_HD",71,0.0401129943502825,"Increase",329,676,329
"06_UHGtBtCEoaUWRP","itt_fullspec_bn_employed_treat_HD","treat_HD",71,0.0401129943502825,"Increase",838,1712,838
"06_UHGtBtCEoaUWRP","itt_fullspec_bn_employed_treat_HD","treat_HD",71,0.0401129943502825,"Increase",1702,3480,1702
"06_UHGtBtCEoaUWRP","itt_fullspec_bn_employed_treat_HD","treat_HD",71,0.0401129943502825,"Increase",526,1080,526
"06_UHGtBtCEoaUWRP","itt_fullspec_bn_employed_treat_HD","treat_HD",71,0.0401129943502825,"Increase",168,348,168
"06_UHGtBtCEoaUWRP","itt_fullspec_bn_employed_treat_HD","treat_HD",71,0.0401129943502825,"Increase",107,223,107
"06_UHGtBtCEoaUWRP","itt_fullspec_bn_employed_treat_HD","treat_HD",71,0.0401129943502825,"Increase",1077,2202,1077
"06_UHGtBtCEoaUWRP","itt_fullspec_bn_employed_treat_HD","treat_HD",71,0.0401129943502825,"Increase",1157,2365,1157
"06_UHGtBtCEoaUWRP","itt_fullspec_bn_employed_treat_HD","treat_HD",71,0.0401129943502825,"Increase",370,759,370
"06_UHGtBtCEoaUWRP","itt_fullspec_bn_employed_treat_HD","treat_HD",71,0.0401129943502825,"Increase",1200,2452,1200
"06_UHGtBtCEoaUWRP","itt_fullspec_bn_employed_treat_HD","treat_HD",71,0.0401129943502825,"Increase",354,727,354
"06_UHGtBtCEoaUWRP","itt_fullspec_bn_employed_treat_HD","treat_HD",71,0.0401129943502825,"Increase",669,1371,669
"06_UHGtBtCEoaUWRP","itt_fullspec_bn_employed_treat_HD","treat_HD",71,0.0401129943502825,"Increase",860,1758,860
"06_UHGtBtCEoaUWRP","itt_fullspec_bn_employed_treat_HD","treat_HD",71,0.0401129943502825,"Increase",618,1268,618
"06_UHGtBtCEoaUWRP","itt_fullspec_bn_employed_treat_HD","treat_HD",71,0.0401129943502825,"Increase",718,1470,718
"06_UHGtBtCEoaUWRP","itt_fullspec_bn_employed_treat_HD","treat_HD",71,0.0401129943502825,"Increase",1746,3569,1746
"06_UHGtBtCEoaUWRP","itt_fullspec_bn_employed_treat_HD","treat_HD",71,0.0401129943502825,"Increase",1472,3014,1472
"06_UHGtBtCEoaUWRP","itt_fullspec_bn_employed_treat_HD","treat_HD",71,0.0401129943502825,"Increase",1022,2087,1022
"06_UHGtBtCEoaUWRP","itt_fullspec_bn_employed_treat_HD","treat_HD",71,0.0401129943502825,"Increase",788,1612,788
"06_UHGtBtCEoaUWRP","itt_fullspec_bn_employed_treat_HD","treat_HD",71,0.0401129943502825,"Increase",1248,2554,1248
"06_UHGtBtCEoaUWRP","itt_fullspec_bn_employed_treat_HD","treat_HD",71,0.0401129943502825,"Increase",333,684,333
"06_UHGtBtCEoaUWRP","itt_fullspec_bn_employed_treat_HD","treat_HD",71,0.0401129943502825,"Increase",1090,2228,1090
"06_UHGtBtCEoaUWRP","itt_fullspec_bn_employed_treat_HD","treat_HD",71,0.0401129943502825,"Increase",40,82,40
"06_UHGtBtCEoaUWRP","itt_fullspec_bn_employed_treat_HD","treat_HD",71,0.0401129943502825,"Increase",1504,3079,1504
"06_UHGtBtCEoaUWRP","itt_fullspec_bn_employed_treat_HD","treat_HD",71,0.0401129943502825,"Increase",1142,2335,1142
"06_UHGtBtCEoaUWRP","itt_fullspec_bn_employed_treat_HD","treat_HD",71,0.0401129943502825,"Increase",1239,2533,1239
"06_UHGtBtCEoaUWRP","itt_fullspec_bn_employed_treat_HD","treat_HD",71,0.0401129943502825,"Increase",1125,2300,1125
"06_UHGtBtCEoaUWRP","itt_fullspec_bn_employed_treat_HD","treat_HD",71,0.0401129943502825,"Increase",462,949,462
"06_UHGtBtCEoaUWRP","itt_fullspec_bn_employed_treat_HD","treat_HD",71,0.0401129943502825,"Increase",1619,3312,1619
"06_UHGtBtCEoaUWRP","itt_fullspec_bn_employed_treat_HD","treat_HD",71,0.0401129943502825,"Increase",29,60,29
"06_UHGtBtCEoaUWRP","itt_fullspec_bn_employed_treat_HD","treat_HD",71,0.0401129943502825,"Increase",794,1624,794
"06_UHGtBtCEoaUWRP","itt_fullspec_bn_employed_treat_HD","treat_HD",71,0.0401129943502825,"Increase",777,1590,777
"06_UHGtBtCEoaUWRP","itt_fullspec_bn_employed_treat_HD","treat_HD",71,0.0401129943502825,"Increase",1587,3247,1587
"06_UHGtBtCEoaUWRP","itt_fullspec_bn_employed_treat_HD","treat_HD",71,0.0401129943502825,"Increase",639,1310,639
"06_UHGtBtCEoaUWRP","itt_fullspec_bn_employed_treat_HD","treat_HD",71,0.0401129943502825,"Increase",127,264,127
"06_UHGtBtCEoaUWRP","itt_fullspec_bn_employed_treat_HD","treat_HD",71,0.0401129943502825,"Increase",513,1053,513
"06_UHGtBtCEoaUWRP","itt_fullspec_bn_employed_treat_HD","treat_HD",71,0.0401129943502825,"Increase",1486,3043,1486
"06_UHGtBtCEoaUWRP","itt_fullspec_bn_employed_treat_HD","treat_HD",71,0.0401129943502825,"Increase",849,1735,849
"06_UHGtBtCEoaUWRP","itt_fullspec_bn_employed_treat_HD","treat_HD",71,0.0401129943502825,"Increase",1544,3159,1544
"06_UHGtBtCEoaUWRP","itt_fullspec_bn_employed_treat_HD","treat_HD",71,0.0401129943502825,"Increase",556,1141,556
"06_UHGtBtCEoaUWRP","itt_fullspec_bn_employed_treat_HD","treat_HD",71,0.0401129943502825,"Increase",1108,2265,1108
"06_UHGtBtCEoaUWRP","itt_fullspec_bn_employed_treat_HD","treat_HD",71,0.0401129943502825,"Increase",521,1070,521
"06_UHGtBtCEoaUWRP","itt_fullspec_bn_employed_treat_HD","treat_HD",72,0.0406779661016949,"Increase",1441,2950,1441
"06_UHGtBtCEoaUWRP","itt_fullspec_bn_employed_treat_HD","treat_HD",72,0.0406779661016949,"Increase",632,1296,632
"06_UHGtBtCEoaUWRP","itt_fullspec_bn_employed_treat_HD","treat_HD",72,0.0406779661016949,"Increase",1636,3346,1636
"06_UHGtBtCEoaUWRP","itt_fullspec_bn_employed_treat_HD","treat_HD",72,0.0406779661016949,"Increase",1051,2148,1051
"06_UHGtBtCEoaUWRP","itt_fullspec_bn_employed_treat_HD","treat_HD",72,0.0406779661016949,"Increase",1083,2214,1083
"06_UHGtBtCEoaUWRP","itt_fullspec_bn_employed_treat_HD","treat_HD",72,0.0406779661016949,"Increase",380,780,380
"06_UHGtBtCEoaUWRP","itt_fullspec_bn_employed_treat_HD","treat_HD",72,0.0406779661016949,"Increase",391,803,391
"06_UHGtBtCEoaUWRP","itt_fullspec_bn_employed_treat_HD","treat_HD",72,0.0406779661016949,"Increase",1442,2952,1442
"06_UHGtBtCEoaUWRP","itt_fullspec_bn_employed_treat_HD","treat_HD",72,0.0406779661016949,"Increase",1194,2440,1194
"06_UHGtBtCEoaUWRP","itt_fullspec_bn_employed_treat_HD","treat_HD",72,0.0406779661016949,"Increase",94,195,94
"06_UHGtBtCEoaUWRP","itt_fullspec_bn_employed_treat_HD","treat_HD",72,0.0406779661016949,"Increase",1616,3306,1616
"06_UHGtBtCEoaUWRP","itt_fullspec_bn_employed_treat_HD","treat_HD",72,0.0406779661016949,"Increase",1536,3143,1536
"06_UHGtBtCEoaUWRP","itt_fullspec_bn_employed_treat_HD","treat_HD",72,0.0406779661016949,"Increase",1124,2298,1124
"06_UHGtBtCEoaUWRP","itt_fullspec_bn_employed_treat_HD","treat_HD",72,0.0406779661016949,"Increase",223,459,223
"06_UHGtBtCEoaUWRP","itt_fullspec_bn_employed_treat_HD","treat_HD",72,0.0406779661016949,"Increase",363,745,363
"06_UHGtBtCEoaUWRP","itt_fullspec_bn_employed_treat_HD","treat_HD",72,0.0406779661016949,"Increase",1714,3504,1714
"06_UHGtBtCEoaUWRP","itt_fullspec_bn_employed_treat_HD","treat_HD",72,0.0406779661016949,"Increase",132,274,132
"06_UHGtBtCEoaUWRP","itt_fullspec_bn_employed_treat_HD","treat_HD",72,0.0406779661016949,"Increase",285,586,285
"06_UHGtBtCEoaUWRP","itt_fullspec_bn_employed_treat_HD","treat_HD",72,0.0406779661016949,"Increase",549,1126,549
"06_UHGtBtCEoaUWRP","itt_fullspec_bn_employed_treat_HD","treat_HD",72,0.0406779661016949,"Increase",734,1502,734
"06_UHGtBtCEoaUWRP","itt_fullspec_bn_employed_treat_HD","treat_HD",72,0.0406779661016949,"Increase",46,94,46
"06_UHGtBtCEoaUWRP","itt_fullspec_bn_employed_treat_HD","treat_HD",72,0.0406779661016949,"Increase",876,1791,876
"06_UHGtBtCEoaUWRP","itt_fullspec_bn_employed_treat_HD","treat_HD",72,0.0406779661016949,"Increase",45,92,45
"06_UHGtBtCEoaUWRP","itt_fullspec_bn_employed_treat_HD","treat_HD",72,0.0406779661016949,"Increase",831,1698,831
"06_UHGtBtCEoaUWRP","itt_fullspec_bn_employed_treat_HD","treat_HD",72,0.0406779661016949,"Increase",218,449,218
"06_UHGtBtCEoaUWRP","itt_fullspec_bn_employed_treat_HD","treat_HD",72,0.0406779661016949,"Increase",783,1602,783
"06_UHGtBtCEoaUWRP","itt_fullspec_bn_employed_treat_HD","treat_HD",72,0.0406779661016949,"Increase",446,916,446
"06_UHGtBtCEoaUWRP","itt_fullspec_bn_employed_treat_HD","treat_HD",72,0.0406779661016949,"Increase",1527,3125,1527
"06_UHGtBtCEoaUWRP","itt_fullspec_bn_employed_treat_HD","treat_HD",72,0.0406779661016949,"Increase",1221,2496,1221
"06_UHGtBtCEoaUWRP","itt_fullspec_bn_employed_treat_HD","treat_HD",72,0.0406779661016949,"Increase",329,676,329
"06_UHGtBtCEoaUWRP","itt_fullspec_bn_employed_treat_HD","treat_HD",72,0.0406779661016949,"Increase",838,1712,838
"06_UHGtBtCEoaUWRP","itt_fullspec_bn_employed_treat_HD","treat_HD",72,0.0406779661016949,"Increase",1702,3480,1702
"06_UHGtBtCEoaUWRP","itt_fullspec_bn_employed_treat_HD","treat_HD",72,0.0406779661016949,"Increase",526,1080,526
"06_UHGtBtCEoaUWRP","itt_fullspec_bn_employed_treat_HD","treat_HD",72,0.0406779661016949,"Increase",168,348,168
"06_UHGtBtCEoaUWRP","itt_fullspec_bn_employed_treat_HD","treat_HD",72,0.0406779661016949,"Increase",107,223,107
"06_UHGtBtCEoaUWRP","itt_fullspec_bn_employed_treat_HD","treat_HD",72,0.0406779661016949,"Increase",1077,2202,1077
"06_UHGtBtCEoaUWRP","itt_fullspec_bn_employed_treat_HD","treat_HD",72,0.0406779661016949,"Increase",1157,2365,1157
"06_UHGtBtCEoaUWRP","itt_fullspec_bn_employed_treat_HD","treat_HD",72,0.0406779661016949,"Increase",370,759,370
"06_UHGtBtCEoaUWRP","itt_fullspec_bn_employed_treat_HD","treat_HD",72,0.0406779661016949,"Increase",1200,2452,1200
"06_UHGtBtCEoaUWRP","itt_fullspec_bn_employed_treat_HD","treat_HD",72,0.0406779661016949,"Increase",354,727,354
"06_UHGtBtCEoaUWRP","itt_fullspec_bn_employed_treat_HD","treat_HD",72,0.0406779661016949,"Increase",669,1371,669
"06_UHGtBtCEoaUWRP","itt_fullspec_bn_employed_treat_HD","treat_HD",72,0.0406779661016949,"Increase",860,1758,860
"06_UHGtBtCEoaUWRP","itt_fullspec_bn_employed_treat_HD","treat_HD",72,0.0406779661016949,"Increase",618,1268,618
"06_UHGtBtCEoaUWRP","itt_fullspec_bn_employed_treat_HD","treat_HD",72,0.0406779661016949,"Increase",718,1470,718
"06_UHGtBtCEoaUWRP","itt_fullspec_bn_employed_treat_HD","treat_HD",72,0.0406779661016949,"Increase",1746,3569,1746
"06_UHGtBtCEoaUWRP","itt_fullspec_bn_employed_treat_HD","treat_HD",72,0.0406779661016949,"Increase",1472,3014,1472
"06_UHGtBtCEoaUWRP","itt_fullspec_bn_employed_treat_HD","treat_HD",72,0.0406779661016949,"Increase",1022,2087,1022
"06_UHGtBtCEoaUWRP","itt_fullspec_bn_employed_treat_HD","treat_HD",72,0.0406779661016949,"Increase",788,1612,788
"06_UHGtBtCEoaUWRP","itt_fullspec_bn_employed_treat_HD","treat_HD",72,0.0406779661016949,"Increase",1248,2554,1248
"06_UHGtBtCEoaUWRP","itt_fullspec_bn_employed_treat_HD","treat_HD",72,0.0406779661016949,"Increase",333,684,333
"06_UHGtBtCEoaUWRP","itt_fullspec_bn_employed_treat_HD","treat_HD",72,0.0406779661016949,"Increase",1090,2228,1090
"06_UHGtBtCEoaUWRP","itt_fullspec_bn_employed_treat_HD","treat_HD",72,0.0406779661016949,"Increase",40,82,40
"06_UHGtBtCEoaUWRP","itt_fullspec_bn_employed_treat_HD","treat_HD",72,0.0406779661016949,"Increase",1504,3079,1504
"06_UHGtBtCEoaUWRP","itt_fullspec_bn_employed_treat_HD","treat_HD",72,0.0406779661016949,"Increase",1142,2335,1142
"06_UHGtBtCEoaUWRP","itt_fullspec_bn_employed_treat_HD","treat_HD",72,0.0406779661016949,"Increase",1239,2533,1239
"06_UHGtBtCEoaUWRP","itt_fullspec_bn_employed_treat_HD","treat_HD",72,0.0406779661016949,"Increase",1125,2300,1125
"06_UHGtBtCEoaUWRP","itt_fullspec_bn_employed_treat_HD","treat_HD",72,0.0406779661016949,"Increase",462,949,462
"06_UHGtBtCEoaUWRP","itt_fullspec_bn_employed_treat_HD","treat_HD",72,0.0406779661016949,"Increase",1619,3312,1619
"06_UHGtBtCEoaUWRP","itt_fullspec_bn_employed_treat_HD","treat_HD",72,0.0406779661016949,"Increase",29,60,29
"06_UHGtBtCEoaUWRP","itt_fullspec_bn_employed_treat_HD","treat_HD",72,0.0406779661016949,"Increase",794,1624,794
"06_UHGtBtCEoaUWRP","itt_fullspec_bn_employed_treat_HD","treat_HD",72,0.0406779661016949,"Increase",777,1590,777
"06_UHGtBtCEoaUWRP","itt_fullspec_bn_employed_treat_HD","treat_HD",72,0.0406779661016949,"Increase",1587,3247,1587
"06_UHGtBtCEoaUWRP","itt_fullspec_bn_employed_treat_HD","treat_HD",72,0.0406779661016949,"Increase",639,1310,639
"06_UHGtBtCEoaUWRP","itt_fullspec_bn_employed_treat_HD","treat_HD",72,0.0406779661016949,"Increase",127,264,127
"06_UHGtBtCEoaUWRP","itt_fullspec_bn_employed_treat_HD","treat_HD",72,0.0406779661016949,"Increase",513,1053,513
"06_UHGtBtCEoaUWRP","itt_fullspec_bn_employed_treat_HD","treat_HD",72,0.0406779661016949,"Increase",1486,3043,1486
"06_UHGtBtCEoaUWRP","itt_fullspec_bn_employed_treat_HD","treat_HD",72,0.0406779661016949,"Increase",849,1735,849
"06_UHGtBtCEoaUWRP","itt_fullspec_bn_employed_treat_HD","treat_HD",72,0.0406779661016949,"Increase",1544,3159,1544
"06_UHGtBtCEoaUWRP","itt_fullspec_bn_employed_treat_HD","treat_HD",72,0.0406779661016949,"Increase",556,1141,556
"06_UHGtBtCEoaUWRP","itt_fullspec_bn_employed_treat_HD","treat_HD",72,0.0406779661016949,"Increase",521,1070,521
"06_UHGtBtCEoaUWRP","itt_fullspec_bn_employed_treat_HD","treat_HD",72,0.0406779661016949,"Increase",1108,2265,1108
"06_UHGtBtCEoaUWRP","itt_fullspec_bn_employed_treat_HD","treat_HD",72,0.0406779661016949,"Increase",1035,2115,1035
"06_UHGtBtCEoaUWRP","itt_fullspec_bn_employed_treat_HD","treat_HD",73,0.0412429378531073,"Increase",1441,2950,1441
"06_UHGtBtCEoaUWRP","itt_fullspec_bn_employed_treat_HD","treat_HD",73,0.0412429378531073,"Increase",632,1296,632
"06_UHGtBtCEoaUWRP","itt_fullspec_bn_employed_treat_HD","treat_HD",73,0.0412429378531073,"Increase",1636,3346,1636
"06_UHGtBtCEoaUWRP","itt_fullspec_bn_employed_treat_HD","treat_HD",73,0.0412429378531073,"Increase",1051,2148,1051
"06_UHGtBtCEoaUWRP","itt_fullspec_bn_employed_treat_HD","treat_HD",73,0.0412429378531073,"Increase",1083,2214,1083
"06_UHGtBtCEoaUWRP","itt_fullspec_bn_employed_treat_HD","treat_HD",73,0.0412429378531073,"Increase",380,780,380
"06_UHGtBtCEoaUWRP","itt_fullspec_bn_employed_treat_HD","treat_HD",73,0.0412429378531073,"Increase",391,803,391
"06_UHGtBtCEoaUWRP","itt_fullspec_bn_employed_treat_HD","treat_HD",73,0.0412429378531073,"Increase",1442,2952,1442
"06_UHGtBtCEoaUWRP","itt_fullspec_bn_employed_treat_HD","treat_HD",73,0.0412429378531073,"Increase",1194,2440,1194
"06_UHGtBtCEoaUWRP","itt_fullspec_bn_employed_treat_HD","treat_HD",73,0.0412429378531073,"Increase",94,195,94
"06_UHGtBtCEoaUWRP","itt_fullspec_bn_employed_treat_HD","treat_HD",73,0.0412429378531073,"Increase",1616,3306,1616
"06_UHGtBtCEoaUWRP","itt_fullspec_bn_employed_treat_HD","treat_HD",73,0.0412429378531073,"Increase",1536,3143,1536
"06_UHGtBtCEoaUWRP","itt_fullspec_bn_employed_treat_HD","treat_HD",73,0.0412429378531073,"Increase",1124,2298,1124
"06_UHGtBtCEoaUWRP","itt_fullspec_bn_employed_treat_HD","treat_HD",73,0.0412429378531073,"Increase",223,459,223
"06_UHGtBtCEoaUWRP","itt_fullspec_bn_employed_treat_HD","treat_HD",73,0.0412429378531073,"Increase",363,745,363
"06_UHGtBtCEoaUWRP","itt_fullspec_bn_employed_treat_HD","treat_HD",73,0.0412429378531073,"Increase",1714,3504,1714
"06_UHGtBtCEoaUWRP","itt_fullspec_bn_employed_treat_HD","treat_HD",73,0.0412429378531073,"Increase",132,274,132
"06_UHGtBtCEoaUWRP","itt_fullspec_bn_employed_treat_HD","treat_HD",73,0.0412429378531073,"Increase",285,586,285
"06_UHGtBtCEoaUWRP","itt_fullspec_bn_employed_treat_HD","treat_HD",73,0.0412429378531073,"Increase",549,1126,549
"06_UHGtBtCEoaUWRP","itt_fullspec_bn_employed_treat_HD","treat_HD",73,0.0412429378531073,"Increase",734,1502,734
"06_UHGtBtCEoaUWRP","itt_fullspec_bn_employed_treat_HD","treat_HD",73,0.0412429378531073,"Increase",46,94,46
"06_UHGtBtCEoaUWRP","itt_fullspec_bn_employed_treat_HD","treat_HD",73,0.0412429378531073,"Increase",876,1791,876
"06_UHGtBtCEoaUWRP","itt_fullspec_bn_employed_treat_HD","treat_HD",73,0.0412429378531073,"Increase",45,92,45
"06_UHGtBtCEoaUWRP","itt_fullspec_bn_employed_treat_HD","treat_HD",73,0.0412429378531073,"Increase",831,1698,831
"06_UHGtBtCEoaUWRP","itt_fullspec_bn_employed_treat_HD","treat_HD",73,0.0412429378531073,"Increase",218,449,218
"06_UHGtBtCEoaUWRP","itt_fullspec_bn_employed_treat_HD","treat_HD",73,0.0412429378531073,"Increase",783,1602,783
"06_UHGtBtCEoaUWRP","itt_fullspec_bn_employed_treat_HD","treat_HD",73,0.0412429378531073,"Increase",446,916,446
"06_UHGtBtCEoaUWRP","itt_fullspec_bn_employed_treat_HD","treat_HD",73,0.0412429378531073,"Increase",1527,3125,1527
"06_UHGtBtCEoaUWRP","itt_fullspec_bn_employed_treat_HD","treat_HD",73,0.0412429378531073,"Increase",1221,2496,1221
"06_UHGtBtCEoaUWRP","itt_fullspec_bn_employed_treat_HD","treat_HD",73,0.0412429378531073,"Increase",329,676,329
"06_UHGtBtCEoaUWRP","itt_fullspec_bn_employed_treat_HD","treat_HD",73,0.0412429378531073,"Increase",838,1712,838
"06_UHGtBtCEoaUWRP","itt_fullspec_bn_employed_treat_HD","treat_HD",73,0.0412429378531073,"Increase",1702,3480,1702
"06_UHGtBtCEoaUWRP","itt_fullspec_bn_employed_treat_HD","treat_HD",73,0.0412429378531073,"Increase",526,1080,526
"06_UHGtBtCEoaUWRP","itt_fullspec_bn_employed_treat_HD","treat_HD",73,0.0412429378531073,"Increase",168,348,168
"06_UHGtBtCEoaUWRP","itt_fullspec_bn_employed_treat_HD","treat_HD",73,0.0412429378531073,"Increase",107,223,107
"06_UHGtBtCEoaUWRP","itt_fullspec_bn_employed_treat_HD","treat_HD",73,0.0412429378531073,"Increase",1077,2202,1077
"06_UHGtBtCEoaUWRP","itt_fullspec_bn_employed_treat_HD","treat_HD",73,0.0412429378531073,"Increase",1157,2365,1157
"06_UHGtBtCEoaUWRP","itt_fullspec_bn_employed_treat_HD","treat_HD",73,0.0412429378531073,"Increase",370,759,370
"06_UHGtBtCEoaUWRP","itt_fullspec_bn_employed_treat_HD","treat_HD",73,0.0412429378531073,"Increase",1200,2452,1200
"06_UHGtBtCEoaUWRP","itt_fullspec_bn_employed_treat_HD","treat_HD",73,0.0412429378531073,"Increase",354,727,354
"06_UHGtBtCEoaUWRP","itt_fullspec_bn_employed_treat_HD","treat_HD",73,0.0412429378531073,"Increase",669,1371,669
"06_UHGtBtCEoaUWRP","itt_fullspec_bn_employed_treat_HD","treat_HD",73,0.0412429378531073,"Increase",860,1758,860
"06_UHGtBtCEoaUWRP","itt_fullspec_bn_employed_treat_HD","treat_HD",73,0.0412429378531073,"Increase",618,1268,618
"06_UHGtBtCEoaUWRP","itt_fullspec_bn_employed_treat_HD","treat_HD",73,0.0412429378531073,"Increase",718,1470,718
"06_UHGtBtCEoaUWRP","itt_fullspec_bn_employed_treat_HD","treat_HD",73,0.0412429378531073,"Increase",1746,3569,1746
"06_UHGtBtCEoaUWRP","itt_fullspec_bn_employed_treat_HD","treat_HD",73,0.0412429378531073,"Increase",1022,2087,1022
"06_UHGtBtCEoaUWRP","itt_fullspec_bn_employed_treat_HD","treat_HD",73,0.0412429378531073,"Increase",1472,3014,1472
"06_UHGtBtCEoaUWRP","itt_fullspec_bn_employed_treat_HD","treat_HD",73,0.0412429378531073,"Increase",788,1612,788
"06_UHGtBtCEoaUWRP","itt_fullspec_bn_employed_treat_HD","treat_HD",73,0.0412429378531073,"Increase",1248,2554,1248
"06_UHGtBtCEoaUWRP","itt_fullspec_bn_employed_treat_HD","treat_HD",73,0.0412429378531073,"Increase",333,684,333
"06_UHGtBtCEoaUWRP","itt_fullspec_bn_employed_treat_HD","treat_HD",73,0.0412429378531073,"Increase",1090,2228,1090
"06_UHGtBtCEoaUWRP","itt_fullspec_bn_employed_treat_HD","treat_HD",73,0.0412429378531073,"Increase",40,82,40
"06_UHGtBtCEoaUWRP","itt_fullspec_bn_employed_treat_HD","treat_HD",73,0.0412429378531073,"Increase",1504,3079,1504
"06_UHGtBtCEoaUWRP","itt_fullspec_bn_employed_treat_HD","treat_HD",73,0.0412429378531073,"Increase",1142,2335,1142
"06_UHGtBtCEoaUWRP","itt_fullspec_bn_employed_treat_HD","treat_HD",73,0.0412429378531073,"Increase",1239,2533,1239
"06_UHGtBtCEoaUWRP","itt_fullspec_bn_employed_treat_HD","treat_HD",73,0.0412429378531073,"Increase",1125,2300,1125
"06_UHGtBtCEoaUWRP","itt_fullspec_bn_employed_treat_HD","treat_HD",73,0.0412429378531073,"Increase",462,949,462
"06_UHGtBtCEoaUWRP","itt_fullspec_bn_employed_treat_HD","treat_HD",73,0.0412429378531073,"Increase",1619,3312,1619
"06_UHGtBtCEoaUWRP","itt_fullspec_bn_employed_treat_HD","treat_HD",73,0.0412429378531073,"Increase",29,60,29
"06_UHGtBtCEoaUWRP","itt_fullspec_bn_employed_treat_HD","treat_HD",73,0.0412429378531073,"Increase",794,1624,794
"06_UHGtBtCEoaUWRP","itt_fullspec_bn_employed_treat_HD","treat_HD",73,0.0412429378531073,"Increase",777,1590,777
"06_UHGtBtCEoaUWRP","itt_fullspec_bn_employed_treat_HD","treat_HD",73,0.0412429378531073,"Increase",1587,3247,1587
"06_UHGtBtCEoaUWRP","itt_fullspec_bn_employed_treat_HD","treat_HD",73,0.0412429378531073,"Increase",639,1310,639
"06_UHGtBtCEoaUWRP","itt_fullspec_bn_employed_treat_HD","treat_HD",73,0.0412429378531073,"Increase",127,264,127
"06_UHGtBtCEoaUWRP","itt_fullspec_bn_employed_treat_HD","treat_HD",73,0.0412429378531073,"Increase",513,1053,513
"06_UHGtBtCEoaUWRP","itt_fullspec_bn_employed_treat_HD","treat_HD",73,0.0412429378531073,"Increase",1486,3043,1486
"06_UHGtBtCEoaUWRP","itt_fullspec_bn_employed_treat_HD","treat_HD",73,0.0412429378531073,"Increase",849,1735,849
"06_UHGtBtCEoaUWRP","itt_fullspec_bn_employed_treat_HD","treat_HD",73,0.0412429378531073,"Increase",1544,3159,1544
"06_UHGtBtCEoaUWRP","itt_fullspec_bn_employed_treat_HD","treat_HD",73,0.0412429378531073,"Increase",556,1141,556
"06_UHGtBtCEoaUWRP","itt_fullspec_bn_employed_treat_HD","treat_HD",73,0.0412429378531073,"Increase",521,1070,521
"06_UHGtBtCEoaUWRP","itt_fullspec_bn_employed_treat_HD","treat_HD",73,0.0412429378531073,"Increase",1108,2265,1108
"06_UHGtBtCEoaUWRP","itt_fullspec_bn_employed_treat_HD","treat_HD",73,0.0412429378531073,"Increase",1035,2115,1035
"06_UHGtBtCEoaUWRP","itt_fullspec_bn_employed_treat_HD","treat_HD",73,0.0412429378531073,"Increase",1316,2695,1316
"06_UHGtBtCEoaUWRP","itt_fullspec_bn_employed_treat_HD","treat_HD",74,0.0418079096045198,"Increase",1441,2950,1441
"06_UHGtBtCEoaUWRP","itt_fullspec_bn_employed_treat_HD","treat_HD",74,0.0418079096045198,"Increase",632,1296,632
"06_UHGtBtCEoaUWRP","itt_fullspec_bn_employed_treat_HD","treat_HD",74,0.0418079096045198,"Increase",1636,3346,1636
"06_UHGtBtCEoaUWRP","itt_fullspec_bn_employed_treat_HD","treat_HD",74,0.0418079096045198,"Increase",1051,2148,1051
"06_UHGtBtCEoaUWRP","itt_fullspec_bn_employed_treat_HD","treat_HD",74,0.0418079096045198,"Increase",1083,2214,1083
"06_UHGtBtCEoaUWRP","itt_fullspec_bn_employed_treat_HD","treat_HD",74,0.0418079096045198,"Increase",380,780,380
"06_UHGtBtCEoaUWRP","itt_fullspec_bn_employed_treat_HD","treat_HD",74,0.0418079096045198,"Increase",391,803,391
"06_UHGtBtCEoaUWRP","itt_fullspec_bn_employed_treat_HD","treat_HD",74,0.0418079096045198,"Increase",1442,2952,1442
"06_UHGtBtCEoaUWRP","itt_fullspec_bn_employed_treat_HD","treat_HD",74,0.0418079096045198,"Increase",1194,2440,1194
"06_UHGtBtCEoaUWRP","itt_fullspec_bn_employed_treat_HD","treat_HD",74,0.0418079096045198,"Increase",94,195,94
"06_UHGtBtCEoaUWRP","itt_fullspec_bn_employed_treat_HD","treat_HD",74,0.0418079096045198,"Increase",1616,3306,1616
"06_UHGtBtCEoaUWRP","itt_fullspec_bn_employed_treat_HD","treat_HD",74,0.0418079096045198,"Increase",1536,3143,1536
"06_UHGtBtCEoaUWRP","itt_fullspec_bn_employed_treat_HD","treat_HD",74,0.0418079096045198,"Increase",1124,2298,1124
"06_UHGtBtCEoaUWRP","itt_fullspec_bn_employed_treat_HD","treat_HD",74,0.0418079096045198,"Increase",223,459,223
"06_UHGtBtCEoaUWRP","itt_fullspec_bn_employed_treat_HD","treat_HD",74,0.0418079096045198,"Increase",363,745,363
"06_UHGtBtCEoaUWRP","itt_fullspec_bn_employed_treat_HD","treat_HD",74,0.0418079096045198,"Increase",1714,3504,1714
"06_UHGtBtCEoaUWRP","itt_fullspec_bn_employed_treat_HD","treat_HD",74,0.0418079096045198,"Increase",132,274,132
"06_UHGtBtCEoaUWRP","itt_fullspec_bn_employed_treat_HD","treat_HD",74,0.0418079096045198,"Increase",285,586,285
"06_UHGtBtCEoaUWRP","itt_fullspec_bn_employed_treat_HD","treat_HD",74,0.0418079096045198,"Increase",549,1126,549
"06_UHGtBtCEoaUWRP","itt_fullspec_bn_employed_treat_HD","treat_HD",74,0.0418079096045198,"Increase",734,1502,734
"06_UHGtBtCEoaUWRP","itt_fullspec_bn_employed_treat_HD","treat_HD",74,0.0418079096045198,"Increase",46,94,46
"06_UHGtBtCEoaUWRP","itt_fullspec_bn_employed_treat_HD","treat_HD",74,0.0418079096045198,"Increase",876,1791,876
"06_UHGtBtCEoaUWRP","itt_fullspec_bn_employed_treat_HD","treat_HD",74,0.0418079096045198,"Increase",45,92,45
"06_UHGtBtCEoaUWRP","itt_fullspec_bn_employed_treat_HD","treat_HD",74,0.0418079096045198,"Increase",831,1698,831
"06_UHGtBtCEoaUWRP","itt_fullspec_bn_employed_treat_HD","treat_HD",74,0.0418079096045198,"Increase",218,449,218
"06_UHGtBtCEoaUWRP","itt_fullspec_bn_employed_treat_HD","treat_HD",74,0.0418079096045198,"Increase",783,1602,783
"06_UHGtBtCEoaUWRP","itt_fullspec_bn_employed_treat_HD","treat_HD",74,0.0418079096045198,"Increase",446,916,446
"06_UHGtBtCEoaUWRP","itt_fullspec_bn_employed_treat_HD","treat_HD",74,0.0418079096045198,"Increase",1527,3125,1527
"06_UHGtBtCEoaUWRP","itt_fullspec_bn_employed_treat_HD","treat_HD",74,0.0418079096045198,"Increase",1221,2496,1221
"06_UHGtBtCEoaUWRP","itt_fullspec_bn_employed_treat_HD","treat_HD",74,0.0418079096045198,"Increase",329,676,329
"06_UHGtBtCEoaUWRP","itt_fullspec_bn_employed_treat_HD","treat_HD",74,0.0418079096045198,"Increase",838,1712,838
"06_UHGtBtCEoaUWRP","itt_fullspec_bn_employed_treat_HD","treat_HD",74,0.0418079096045198,"Increase",526,1080,526
"06_UHGtBtCEoaUWRP","itt_fullspec_bn_employed_treat_HD","treat_HD",74,0.0418079096045198,"Increase",1702,3480,1702
"06_UHGtBtCEoaUWRP","itt_fullspec_bn_employed_treat_HD","treat_HD",74,0.0418079096045198,"Increase",168,348,168
"06_UHGtBtCEoaUWRP","itt_fullspec_bn_employed_treat_HD","treat_HD",74,0.0418079096045198,"Increase",107,223,107
"06_UHGtBtCEoaUWRP","itt_fullspec_bn_employed_treat_HD","treat_HD",74,0.0418079096045198,"Increase",1077,2202,1077
"06_UHGtBtCEoaUWRP","itt_fullspec_bn_employed_treat_HD","treat_HD",74,0.0418079096045198,"Increase",1157,2365,1157
"06_UHGtBtCEoaUWRP","itt_fullspec_bn_employed_treat_HD","treat_HD",74,0.0418079096045198,"Increase",370,759,370
"06_UHGtBtCEoaUWRP","itt_fullspec_bn_employed_treat_HD","treat_HD",74,0.0418079096045198,"Increase",1200,2452,1200
"06_UHGtBtCEoaUWRP","itt_fullspec_bn_employed_treat_HD","treat_HD",74,0.0418079096045198,"Increase",354,727,354
"06_UHGtBtCEoaUWRP","itt_fullspec_bn_employed_treat_HD","treat_HD",74,0.0418079096045198,"Increase",669,1371,669
"06_UHGtBtCEoaUWRP","itt_fullspec_bn_employed_treat_HD","treat_HD",74,0.0418079096045198,"Increase",860,1758,860
"06_UHGtBtCEoaUWRP","itt_fullspec_bn_employed_treat_HD","treat_HD",74,0.0418079096045198,"Increase",618,1268,618
"06_UHGtBtCEoaUWRP","itt_fullspec_bn_employed_treat_HD","treat_HD",74,0.0418079096045198,"Increase",718,1470,718
"06_UHGtBtCEoaUWRP","itt_fullspec_bn_employed_treat_HD","treat_HD",74,0.0418079096045198,"Increase",1746,3569,1746
"06_UHGtBtCEoaUWRP","itt_fullspec_bn_employed_treat_HD","treat_HD",74,0.0418079096045198,"Increase",1022,2087,1022
"06_UHGtBtCEoaUWRP","itt_fullspec_bn_employed_treat_HD","treat_HD",74,0.0418079096045198,"Increase",1472,3014,1472
"06_UHGtBtCEoaUWRP","itt_fullspec_bn_employed_treat_HD","treat_HD",74,0.0418079096045198,"Increase",788,1612,788
"06_UHGtBtCEoaUWRP","itt_fullspec_bn_employed_treat_HD","treat_HD",74,0.0418079096045198,"Increase",1248,2554,1248
"06_UHGtBtCEoaUWRP","itt_fullspec_bn_employed_treat_HD","treat_HD",74,0.0418079096045198,"Increase",333,684,333
"06_UHGtBtCEoaUWRP","itt_fullspec_bn_employed_treat_HD","treat_HD",74,0.0418079096045198,"Increase",1090,2228,1090
"06_UHGtBtCEoaUWRP","itt_fullspec_bn_employed_treat_HD","treat_HD",74,0.0418079096045198,"Increase",40,82,40
"06_UHGtBtCEoaUWRP","itt_fullspec_bn_employed_treat_HD","treat_HD",74,0.0418079096045198,"Increase",1504,3079,1504
"06_UHGtBtCEoaUWRP","itt_fullspec_bn_employed_treat_HD","treat_HD",74,0.0418079096045198,"Increase",1142,2335,1142
"06_UHGtBtCEoaUWRP","itt_fullspec_bn_employed_treat_HD","treat_HD",74,0.0418079096045198,"Increase",1239,2533,1239
"06_UHGtBtCEoaUWRP","itt_fullspec_bn_employed_treat_HD","treat_HD",74,0.0418079096045198,"Increase",1125,2300,1125
"06_UHGtBtCEoaUWRP","itt_fullspec_bn_employed_treat_HD","treat_HD",74,0.0418079096045198,"Increase",462,949,462
"06_UHGtBtCEoaUWRP","itt_fullspec_bn_employed_treat_HD","treat_HD",74,0.0418079096045198,"Increase",1619,3312,1619
"06_UHGtBtCEoaUWRP","itt_fullspec_bn_employed_treat_HD","treat_HD",74,0.0418079096045198,"Increase",29,60,29
"06_UHGtBtCEoaUWRP","itt_fullspec_bn_employed_treat_HD","treat_HD",74,0.0418079096045198,"Increase",794,1624,794
"06_UHGtBtCEoaUWRP","itt_fullspec_bn_employed_treat_HD","treat_HD",74,0.0418079096045198,"Increase",777,1590,777
"06_UHGtBtCEoaUWRP","itt_fullspec_bn_employed_treat_HD","treat_HD",74,0.0418079096045198,"Increase",1587,3247,1587
"06_UHGtBtCEoaUWRP","itt_fullspec_bn_employed_treat_HD","treat_HD",74,0.0418079096045198,"Increase",639,1310,639
"06_UHGtBtCEoaUWRP","itt_fullspec_bn_employed_treat_HD","treat_HD",74,0.0418079096045198,"Increase",127,264,127
"06_UHGtBtCEoaUWRP","itt_fullspec_bn_employed_treat_HD","treat_HD",74,0.0418079096045198,"Increase",513,1053,513
"06_UHGtBtCEoaUWRP","itt_fullspec_bn_employed_treat_HD","treat_HD",74,0.0418079096045198,"Increase",1486,3043,1486
"06_UHGtBtCEoaUWRP","itt_fullspec_bn_employed_treat_HD","treat_HD",74,0.0418079096045198,"Increase",849,1735,849
"06_UHGtBtCEoaUWRP","itt_fullspec_bn_employed_treat_HD","treat_HD",74,0.0418079096045198,"Increase",1544,3159,1544
"06_UHGtBtCEoaUWRP","itt_fullspec_bn_employed_treat_HD","treat_HD",74,0.0418079096045198,"Increase",521,1070,521
"06_UHGtBtCEoaUWRP","itt_fullspec_bn_employed_treat_HD","treat_HD",74,0.0418079096045198,"Increase",556,1141,556
"06_UHGtBtCEoaUWRP","itt_fullspec_bn_employed_treat_HD","treat_HD",74,0.0418079096045198,"Increase",1108,2265,1108
"06_UHGtBtCEoaUWRP","itt_fullspec_bn_employed_treat_HD","treat_HD",74,0.0418079096045198,"Increase",1035,2115,1035
"06_UHGtBtCEoaUWRP","itt_fullspec_bn_employed_treat_HD","treat_HD",74,0.0418079096045198,"Increase",1316,2695,1316
"06_UHGtBtCEoaUWRP","itt_fullspec_bn_employed_treat_HD","treat_HD",74,0.0418079096045198,"Increase",69,141,69
"06_UHGtBtCEoaUWRP","itt_fullspec_bn_employed_treat_HD","treat_HD",75,0.0423728813559322,"Increase",1441,2950,1441
"06_UHGtBtCEoaUWRP","itt_fullspec_bn_employed_treat_HD","treat_HD",75,0.0423728813559322,"Increase",632,1296,632
"06_UHGtBtCEoaUWRP","itt_fullspec_bn_employed_treat_HD","treat_HD",75,0.0423728813559322,"Increase",1636,3346,1636
"06_UHGtBtCEoaUWRP","itt_fullspec_bn_employed_treat_HD","treat_HD",75,0.0423728813559322,"Increase",1051,2148,1051
"06_UHGtBtCEoaUWRP","itt_fullspec_bn_employed_treat_HD","treat_HD",75,0.0423728813559322,"Increase",1083,2214,1083
"06_UHGtBtCEoaUWRP","itt_fullspec_bn_employed_treat_HD","treat_HD",75,0.0423728813559322,"Increase",380,780,380
"06_UHGtBtCEoaUWRP","itt_fullspec_bn_employed_treat_HD","treat_HD",75,0.0423728813559322,"Increase",391,803,391
"06_UHGtBtCEoaUWRP","itt_fullspec_bn_employed_treat_HD","treat_HD",75,0.0423728813559322,"Increase",1442,2952,1442
"06_UHGtBtCEoaUWRP","itt_fullspec_bn_employed_treat_HD","treat_HD",75,0.0423728813559322,"Increase",1194,2440,1194
"06_UHGtBtCEoaUWRP","itt_fullspec_bn_employed_treat_HD","treat_HD",75,0.0423728813559322,"Increase",94,195,94
"06_UHGtBtCEoaUWRP","itt_fullspec_bn_employed_treat_HD","treat_HD",75,0.0423728813559322,"Increase",1616,3306,1616
"06_UHGtBtCEoaUWRP","itt_fullspec_bn_employed_treat_HD","treat_HD",75,0.0423728813559322,"Increase",1536,3143,1536
"06_UHGtBtCEoaUWRP","itt_fullspec_bn_employed_treat_HD","treat_HD",75,0.0423728813559322,"Increase",1124,2298,1124
"06_UHGtBtCEoaUWRP","itt_fullspec_bn_employed_treat_HD","treat_HD",75,0.0423728813559322,"Increase",223,459,223
"06_UHGtBtCEoaUWRP","itt_fullspec_bn_employed_treat_HD","treat_HD",75,0.0423728813559322,"Increase",363,745,363
"06_UHGtBtCEoaUWRP","itt_fullspec_bn_employed_treat_HD","treat_HD",75,0.0423728813559322,"Increase",1714,3504,1714
"06_UHGtBtCEoaUWRP","itt_fullspec_bn_employed_treat_HD","treat_HD",75,0.0423728813559322,"Increase",132,274,132
"06_UHGtBtCEoaUWRP","itt_fullspec_bn_employed_treat_HD","treat_HD",75,0.0423728813559322,"Increase",285,586,285
"06_UHGtBtCEoaUWRP","itt_fullspec_bn_employed_treat_HD","treat_HD",75,0.0423728813559322,"Increase",549,1126,549
"06_UHGtBtCEoaUWRP","itt_fullspec_bn_employed_treat_HD","treat_HD",75,0.0423728813559322,"Increase",734,1502,734
"06_UHGtBtCEoaUWRP","itt_fullspec_bn_employed_treat_HD","treat_HD",75,0.0423728813559322,"Increase",46,94,46
"06_UHGtBtCEoaUWRP","itt_fullspec_bn_employed_treat_HD","treat_HD",75,0.0423728813559322,"Increase",876,1791,876
"06_UHGtBtCEoaUWRP","itt_fullspec_bn_employed_treat_HD","treat_HD",75,0.0423728813559322,"Increase",45,92,45
"06_UHGtBtCEoaUWRP","itt_fullspec_bn_employed_treat_HD","treat_HD",75,0.0423728813559322,"Increase",831,1698,831
"06_UHGtBtCEoaUWRP","itt_fullspec_bn_employed_treat_HD","treat_HD",75,0.0423728813559322,"Increase",218,449,218
"06_UHGtBtCEoaUWRP","itt_fullspec_bn_employed_treat_HD","treat_HD",75,0.0423728813559322,"Increase",783,1602,783
"06_UHGtBtCEoaUWRP","itt_fullspec_bn_employed_treat_HD","treat_HD",75,0.0423728813559322,"Increase",446,916,446
"06_UHGtBtCEoaUWRP","itt_fullspec_bn_employed_treat_HD","treat_HD",75,0.0423728813559322,"Increase",1527,3125,1527
"06_UHGtBtCEoaUWRP","itt_fullspec_bn_employed_treat_HD","treat_HD",75,0.0423728813559322,"Increase",1221,2496,1221
"06_UHGtBtCEoaUWRP","itt_fullspec_bn_employed_treat_HD","treat_HD",75,0.0423728813559322,"Increase",329,676,329
"06_UHGtBtCEoaUWRP","itt_fullspec_bn_employed_treat_HD","treat_HD",75,0.0423728813559322,"Increase",838,1712,838
"06_UHGtBtCEoaUWRP","itt_fullspec_bn_employed_treat_HD","treat_HD",75,0.0423728813559322,"Increase",526,1080,526
"06_UHGtBtCEoaUWRP","itt_fullspec_bn_employed_treat_HD","treat_HD",75,0.0423728813559322,"Increase",1702,3480,1702
"06_UHGtBtCEoaUWRP","itt_fullspec_bn_employed_treat_HD","treat_HD",75,0.0423728813559322,"Increase",168,348,168
"06_UHGtBtCEoaUWRP","itt_fullspec_bn_employed_treat_HD","treat_HD",75,0.0423728813559322,"Increase",107,223,107
"06_UHGtBtCEoaUWRP","itt_fullspec_bn_employed_treat_HD","treat_HD",75,0.0423728813559322,"Increase",1077,2202,1077
"06_UHGtBtCEoaUWRP","itt_fullspec_bn_employed_treat_HD","treat_HD",75,0.0423728813559322,"Increase",1157,2365,1157
"06_UHGtBtCEoaUWRP","itt_fullspec_bn_employed_treat_HD","treat_HD",75,0.0423728813559322,"Increase",370,759,370
"06_UHGtBtCEoaUWRP","itt_fullspec_bn_employed_treat_HD","treat_HD",75,0.0423728813559322,"Increase",1200,2452,1200
"06_UHGtBtCEoaUWRP","itt_fullspec_bn_employed_treat_HD","treat_HD",75,0.0423728813559322,"Increase",354,727,354
"06_UHGtBtCEoaUWRP","itt_fullspec_bn_employed_treat_HD","treat_HD",75,0.0423728813559322,"Increase",669,1371,669
"06_UHGtBtCEoaUWRP","itt_fullspec_bn_employed_treat_HD","treat_HD",75,0.0423728813559322,"Increase",860,1758,860
"06_UHGtBtCEoaUWRP","itt_fullspec_bn_employed_treat_HD","treat_HD",75,0.0423728813559322,"Increase",618,1268,618
"06_UHGtBtCEoaUWRP","itt_fullspec_bn_employed_treat_HD","treat_HD",75,0.0423728813559322,"Increase",718,1470,718
"06_UHGtBtCEoaUWRP","itt_fullspec_bn_employed_treat_HD","treat_HD",75,0.0423728813559322,"Increase",1746,3569,1746
"06_UHGtBtCEoaUWRP","itt_fullspec_bn_employed_treat_HD","treat_HD",75,0.0423728813559322,"Increase",1022,2087,1022
"06_UHGtBtCEoaUWRP","itt_fullspec_bn_employed_treat_HD","treat_HD",75,0.0423728813559322,"Increase",1472,3014,1472
"06_UHGtBtCEoaUWRP","itt_fullspec_bn_employed_treat_HD","treat_HD",75,0.0423728813559322,"Increase",788,1612,788
"06_UHGtBtCEoaUWRP","itt_fullspec_bn_employed_treat_HD","treat_HD",75,0.0423728813559322,"Increase",1248,2554,1248
"06_UHGtBtCEoaUWRP","itt_fullspec_bn_employed_treat_HD","treat_HD",75,0.0423728813559322,"Increase",333,684,333
"06_UHGtBtCEoaUWRP","itt_fullspec_bn_employed_treat_HD","treat_HD",75,0.0423728813559322,"Increase",1090,2228,1090
"06_UHGtBtCEoaUWRP","itt_fullspec_bn_employed_treat_HD","treat_HD",75,0.0423728813559322,"Increase",40,82,40
"06_UHGtBtCEoaUWRP","itt_fullspec_bn_employed_treat_HD","treat_HD",75,0.0423728813559322,"Increase",1504,3079,1504
"06_UHGtBtCEoaUWRP","itt_fullspec_bn_employed_treat_HD","treat_HD",75,0.0423728813559322,"Increase",1142,2335,1142
"06_UHGtBtCEoaUWRP","itt_fullspec_bn_employed_treat_HD","treat_HD",75,0.0423728813559322,"Increase",1239,2533,1239
"06_UHGtBtCEoaUWRP","itt_fullspec_bn_employed_treat_HD","treat_HD",75,0.0423728813559322,"Increase",1125,2300,1125
"06_UHGtBtCEoaUWRP","itt_fullspec_bn_employed_treat_HD","treat_HD",75,0.0423728813559322,"Increase",462,949,462
"06_UHGtBtCEoaUWRP","itt_fullspec_bn_employed_treat_HD","treat_HD",75,0.0423728813559322,"Increase",1619,3312,1619
"06_UHGtBtCEoaUWRP","itt_fullspec_bn_employed_treat_HD","treat_HD",75,0.0423728813559322,"Increase",29,60,29
"06_UHGtBtCEoaUWRP","itt_fullspec_bn_employed_treat_HD","treat_HD",75,0.0423728813559322,"Increase",794,1624,794
"06_UHGtBtCEoaUWRP","itt_fullspec_bn_employed_treat_HD","treat_HD",75,0.0423728813559322,"Increase",777,1590,777
"06_UHGtBtCEoaUWRP","itt_fullspec_bn_employed_treat_HD","treat_HD",75,0.0423728813559322,"Increase",1587,3247,1587
"06_UHGtBtCEoaUWRP","itt_fullspec_bn_employed_treat_HD","treat_HD",75,0.0423728813559322,"Increase",639,1310,639
"06_UHGtBtCEoaUWRP","itt_fullspec_bn_employed_treat_HD","treat_HD",75,0.0423728813559322,"Increase",127,264,127
"06_UHGtBtCEoaUWRP","itt_fullspec_bn_employed_treat_HD","treat_HD",75,0.0423728813559322,"Increase",513,1053,513
"06_UHGtBtCEoaUWRP","itt_fullspec_bn_employed_treat_HD","treat_HD",75,0.0423728813559322,"Increase",1486,3043,1486
"06_UHGtBtCEoaUWRP","itt_fullspec_bn_employed_treat_HD","treat_HD",75,0.0423728813559322,"Increase",849,1735,849
"06_UHGtBtCEoaUWRP","itt_fullspec_bn_employed_treat_HD","treat_HD",75,0.0423728813559322,"Increase",1544,3159,1544
"06_UHGtBtCEoaUWRP","itt_fullspec_bn_employed_treat_HD","treat_HD",75,0.0423728813559322,"Increase",521,1070,521
"06_UHGtBtCEoaUWRP","itt_fullspec_bn_employed_treat_HD","treat_HD",75,0.0423728813559322,"Increase",556,1141,556
"06_UHGtBtCEoaUWRP","itt_fullspec_bn_employed_treat_HD","treat_HD",75,0.0423728813559322,"Increase",1108,2265,1108
"06_UHGtBtCEoaUWRP","itt_fullspec_bn_employed_treat_HD","treat_HD",75,0.0423728813559322,"Increase",1035,2115,1035
"06_UHGtBtCEoaUWRP","itt_fullspec_bn_employed_treat_HD","treat_HD",75,0.0423728813559322,"Increase",1316,2695,1316
"06_UHGtBtCEoaUWRP","itt_fullspec_bn_employed_treat_HD","treat_HD",75,0.0423728813559322,"Increase",69,141,69
"06_UHGtBtCEoaUWRP","itt_fullspec_bn_employed_treat_HD","treat_HD",75,0.0423728813559322,"Increase",1183,2418,1183
"06_UHGtBtCEoaUWRP","itt_fullspec_bn_employed_treat_HD","treat_HD",76,0.0429378531073446,"Increase",1441,2950,1441
"06_UHGtBtCEoaUWRP","itt_fullspec_bn_employed_treat_HD","treat_HD",76,0.0429378531073446,"Increase",632,1296,632
"06_UHGtBtCEoaUWRP","itt_fullspec_bn_employed_treat_HD","treat_HD",76,0.0429378531073446,"Increase",1636,3346,1636
"06_UHGtBtCEoaUWRP","itt_fullspec_bn_employed_treat_HD","treat_HD",76,0.0429378531073446,"Increase",1051,2148,1051
"06_UHGtBtCEoaUWRP","itt_fullspec_bn_employed_treat_HD","treat_HD",76,0.0429378531073446,"Increase",1083,2214,1083
"06_UHGtBtCEoaUWRP","itt_fullspec_bn_employed_treat_HD","treat_HD",76,0.0429378531073446,"Increase",380,780,380
"06_UHGtBtCEoaUWRP","itt_fullspec_bn_employed_treat_HD","treat_HD",76,0.0429378531073446,"Increase",391,803,391
"06_UHGtBtCEoaUWRP","itt_fullspec_bn_employed_treat_HD","treat_HD",76,0.0429378531073446,"Increase",1442,2952,1442
"06_UHGtBtCEoaUWRP","itt_fullspec_bn_employed_treat_HD","treat_HD",76,0.0429378531073446,"Increase",1194,2440,1194
"06_UHGtBtCEoaUWRP","itt_fullspec_bn_employed_treat_HD","treat_HD",76,0.0429378531073446,"Increase",94,195,94
"06_UHGtBtCEoaUWRP","itt_fullspec_bn_employed_treat_HD","treat_HD",76,0.0429378531073446,"Increase",1616,3306,1616
"06_UHGtBtCEoaUWRP","itt_fullspec_bn_employed_treat_HD","treat_HD",76,0.0429378531073446,"Increase",1536,3143,1536
"06_UHGtBtCEoaUWRP","itt_fullspec_bn_employed_treat_HD","treat_HD",76,0.0429378531073446,"Increase",1124,2298,1124
"06_UHGtBtCEoaUWRP","itt_fullspec_bn_employed_treat_HD","treat_HD",76,0.0429378531073446,"Increase",223,459,223
"06_UHGtBtCEoaUWRP","itt_fullspec_bn_employed_treat_HD","treat_HD",76,0.0429378531073446,"Increase",363,745,363
"06_UHGtBtCEoaUWRP","itt_fullspec_bn_employed_treat_HD","treat_HD",76,0.0429378531073446,"Increase",1714,3504,1714
"06_UHGtBtCEoaUWRP","itt_fullspec_bn_employed_treat_HD","treat_HD",76,0.0429378531073446,"Increase",132,274,132
"06_UHGtBtCEoaUWRP","itt_fullspec_bn_employed_treat_HD","treat_HD",76,0.0429378531073446,"Increase",285,586,285
"06_UHGtBtCEoaUWRP","itt_fullspec_bn_employed_treat_HD","treat_HD",76,0.0429378531073446,"Increase",549,1126,549
"06_UHGtBtCEoaUWRP","itt_fullspec_bn_employed_treat_HD","treat_HD",76,0.0429378531073446,"Increase",734,1502,734
"06_UHGtBtCEoaUWRP","itt_fullspec_bn_employed_treat_HD","treat_HD",76,0.0429378531073446,"Increase",46,94,46
"06_UHGtBtCEoaUWRP","itt_fullspec_bn_employed_treat_HD","treat_HD",76,0.0429378531073446,"Increase",876,1791,876
"06_UHGtBtCEoaUWRP","itt_fullspec_bn_employed_treat_HD","treat_HD",76,0.0429378531073446,"Increase",45,92,45
"06_UHGtBtCEoaUWRP","itt_fullspec_bn_employed_treat_HD","treat_HD",76,0.0429378531073446,"Increase",831,1698,831
"06_UHGtBtCEoaUWRP","itt_fullspec_bn_employed_treat_HD","treat_HD",76,0.0429378531073446,"Increase",218,449,218
"06_UHGtBtCEoaUWRP","itt_fullspec_bn_employed_treat_HD","treat_HD",76,0.0429378531073446,"Increase",783,1602,783
"06_UHGtBtCEoaUWRP","itt_fullspec_bn_employed_treat_HD","treat_HD",76,0.0429378531073446,"Increase",1527,3125,1527
"06_UHGtBtCEoaUWRP","itt_fullspec_bn_employed_treat_HD","treat_HD",76,0.0429378531073446,"Increase",446,916,446
"06_UHGtBtCEoaUWRP","itt_fullspec_bn_employed_treat_HD","treat_HD",76,0.0429378531073446,"Increase",1221,2496,1221
"06_UHGtBtCEoaUWRP","itt_fullspec_bn_employed_treat_HD","treat_HD",76,0.0429378531073446,"Increase",329,676,329
"06_UHGtBtCEoaUWRP","itt_fullspec_bn_employed_treat_HD","treat_HD",76,0.0429378531073446,"Increase",838,1712,838
"06_UHGtBtCEoaUWRP","itt_fullspec_bn_employed_treat_HD","treat_HD",76,0.0429378531073446,"Increase",526,1080,526
"06_UHGtBtCEoaUWRP","itt_fullspec_bn_employed_treat_HD","treat_HD",76,0.0429378531073446,"Increase",1702,3480,1702
"06_UHGtBtCEoaUWRP","itt_fullspec_bn_employed_treat_HD","treat_HD",76,0.0429378531073446,"Increase",168,348,168
"06_UHGtBtCEoaUWRP","itt_fullspec_bn_employed_treat_HD","treat_HD",76,0.0429378531073446,"Increase",107,223,107
"06_UHGtBtCEoaUWRP","itt_fullspec_bn_employed_treat_HD","treat_HD",76,0.0429378531073446,"Increase",1077,2202,1077
"06_UHGtBtCEoaUWRP","itt_fullspec_bn_employed_treat_HD","treat_HD",76,0.0429378531073446,"Increase",1157,2365,1157
"06_UHGtBtCEoaUWRP","itt_fullspec_bn_employed_treat_HD","treat_HD",76,0.0429378531073446,"Increase",370,759,370
"06_UHGtBtCEoaUWRP","itt_fullspec_bn_employed_treat_HD","treat_HD",76,0.0429378531073446,"Increase",1200,2452,1200
"06_UHGtBtCEoaUWRP","itt_fullspec_bn_employed_treat_HD","treat_HD",76,0.0429378531073446,"Increase",354,727,354
"06_UHGtBtCEoaUWRP","itt_fullspec_bn_employed_treat_HD","treat_HD",76,0.0429378531073446,"Increase",669,1371,669
"06_UHGtBtCEoaUWRP","itt_fullspec_bn_employed_treat_HD","treat_HD",76,0.0429378531073446,"Increase",860,1758,860
"06_UHGtBtCEoaUWRP","itt_fullspec_bn_employed_treat_HD","treat_HD",76,0.0429378531073446,"Increase",618,1268,618
"06_UHGtBtCEoaUWRP","itt_fullspec_bn_employed_treat_HD","treat_HD",76,0.0429378531073446,"Increase",718,1470,718
"06_UHGtBtCEoaUWRP","itt_fullspec_bn_employed_treat_HD","treat_HD",76,0.0429378531073446,"Increase",1022,2087,1022
"06_UHGtBtCEoaUWRP","itt_fullspec_bn_employed_treat_HD","treat_HD",76,0.0429378531073446,"Increase",1746,3569,1746
"06_UHGtBtCEoaUWRP","itt_fullspec_bn_employed_treat_HD","treat_HD",76,0.0429378531073446,"Increase",1472,3014,1472
"06_UHGtBtCEoaUWRP","itt_fullspec_bn_employed_treat_HD","treat_HD",76,0.0429378531073446,"Increase",788,1612,788
"06_UHGtBtCEoaUWRP","itt_fullspec_bn_employed_treat_HD","treat_HD",76,0.0429378531073446,"Increase",1248,2554,1248
"06_UHGtBtCEoaUWRP","itt_fullspec_bn_employed_treat_HD","treat_HD",76,0.0429378531073446,"Increase",333,684,333
"06_UHGtBtCEoaUWRP","itt_fullspec_bn_employed_treat_HD","treat_HD",76,0.0429378531073446,"Increase",1090,2228,1090
"06_UHGtBtCEoaUWRP","itt_fullspec_bn_employed_treat_HD","treat_HD",76,0.0429378531073446,"Increase",40,82,40
"06_UHGtBtCEoaUWRP","itt_fullspec_bn_employed_treat_HD","treat_HD",76,0.0429378531073446,"Increase",1504,3079,1504
"06_UHGtBtCEoaUWRP","itt_fullspec_bn_employed_treat_HD","treat_HD",76,0.0429378531073446,"Increase",1142,2335,1142
"06_UHGtBtCEoaUWRP","itt_fullspec_bn_employed_treat_HD","treat_HD",76,0.0429378531073446,"Increase",1239,2533,1239
"06_UHGtBtCEoaUWRP","itt_fullspec_bn_employed_treat_HD","treat_HD",76,0.0429378531073446,"Increase",1125,2300,1125
"06_UHGtBtCEoaUWRP","itt_fullspec_bn_employed_treat_HD","treat_HD",76,0.0429378531073446,"Increase",462,949,462
"06_UHGtBtCEoaUWRP","itt_fullspec_bn_employed_treat_HD","treat_HD",76,0.0429378531073446,"Increase",1619,3312,1619
"06_UHGtBtCEoaUWRP","itt_fullspec_bn_employed_treat_HD","treat_HD",76,0.0429378531073446,"Increase",29,60,29
"06_UHGtBtCEoaUWRP","itt_fullspec_bn_employed_treat_HD","treat_HD",76,0.0429378531073446,"Increase",777,1590,777
"06_UHGtBtCEoaUWRP","itt_fullspec_bn_employed_treat_HD","treat_HD",76,0.0429378531073446,"Increase",794,1624,794
"06_UHGtBtCEoaUWRP","itt_fullspec_bn_employed_treat_HD","treat_HD",76,0.0429378531073446,"Increase",1587,3247,1587
"06_UHGtBtCEoaUWRP","itt_fullspec_bn_employed_treat_HD","treat_HD",76,0.0429378531073446,"Increase",639,1310,639
"06_UHGtBtCEoaUWRP","itt_fullspec_bn_employed_treat_HD","treat_HD",76,0.0429378531073446,"Increase",127,264,127
"06_UHGtBtCEoaUWRP","itt_fullspec_bn_employed_treat_HD","treat_HD",76,0.0429378531073446,"Increase",513,1053,513
"06_UHGtBtCEoaUWRP","itt_fullspec_bn_employed_treat_HD","treat_HD",76,0.0429378531073446,"Increase",1486,3043,1486
"06_UHGtBtCEoaUWRP","itt_fullspec_bn_employed_treat_HD","treat_HD",76,0.0429378531073446,"Increase",849,1735,849
"06_UHGtBtCEoaUWRP","itt_fullspec_bn_employed_treat_HD","treat_HD",76,0.0429378531073446,"Increase",1544,3159,1544
"06_UHGtBtCEoaUWRP","itt_fullspec_bn_employed_treat_HD","treat_HD",76,0.0429378531073446,"Increase",521,1070,521
"06_UHGtBtCEoaUWRP","itt_fullspec_bn_employed_treat_HD","treat_HD",76,0.0429378531073446,"Increase",556,1141,556
"06_UHGtBtCEoaUWRP","itt_fullspec_bn_employed_treat_HD","treat_HD",76,0.0429378531073446,"Increase",1108,2265,1108
"06_UHGtBtCEoaUWRP","itt_fullspec_bn_employed_treat_HD","treat_HD",76,0.0429378531073446,"Increase",1035,2115,1035
"06_UHGtBtCEoaUWRP","itt_fullspec_bn_employed_treat_HD","treat_HD",76,0.0429378531073446,"Increase",1316,2695,1316
"06_UHGtBtCEoaUWRP","itt_fullspec_bn_employed_treat_HD","treat_HD",76,0.0429378531073446,"Increase",69,141,69
"06_UHGtBtCEoaUWRP","itt_fullspec_bn_employed_treat_HD","treat_HD",76,0.0429378531073446,"Increase",1183,2418,1183
"06_UHGtBtCEoaUWRP","itt_fullspec_bn_employed_treat_HD","treat_HD",76,0.0429378531073446,"Increase",1469,3008,1469
"06_UHGtBtCEoaUWRP","itt_fullspec_bn_employed_treat_HD","treat_HD",77,0.0435028248587571,"Increase",1441,2950,1441
"06_UHGtBtCEoaUWRP","itt_fullspec_bn_employed_treat_HD","treat_HD",77,0.0435028248587571,"Increase",632,1296,632
"06_UHGtBtCEoaUWRP","itt_fullspec_bn_employed_treat_HD","treat_HD",77,0.0435028248587571,"Increase",1636,3346,1636
"06_UHGtBtCEoaUWRP","itt_fullspec_bn_employed_treat_HD","treat_HD",77,0.0435028248587571,"Increase",1051,2148,1051
"06_UHGtBtCEoaUWRP","itt_fullspec_bn_employed_treat_HD","treat_HD",77,0.0435028248587571,"Increase",1083,2214,1083
"06_UHGtBtCEoaUWRP","itt_fullspec_bn_employed_treat_HD","treat_HD",77,0.0435028248587571,"Increase",380,780,380
"06_UHGtBtCEoaUWRP","itt_fullspec_bn_employed_treat_HD","treat_HD",77,0.0435028248587571,"Increase",391,803,391
"06_UHGtBtCEoaUWRP","itt_fullspec_bn_employed_treat_HD","treat_HD",77,0.0435028248587571,"Increase",1442,2952,1442
"06_UHGtBtCEoaUWRP","itt_fullspec_bn_employed_treat_HD","treat_HD",77,0.0435028248587571,"Increase",1194,2440,1194
"06_UHGtBtCEoaUWRP","itt_fullspec_bn_employed_treat_HD","treat_HD",77,0.0435028248587571,"Increase",94,195,94
"06_UHGtBtCEoaUWRP","itt_fullspec_bn_employed_treat_HD","treat_HD",77,0.0435028248587571,"Increase",1616,3306,1616
"06_UHGtBtCEoaUWRP","itt_fullspec_bn_employed_treat_HD","treat_HD",77,0.0435028248587571,"Increase",1536,3143,1536
"06_UHGtBtCEoaUWRP","itt_fullspec_bn_employed_treat_HD","treat_HD",77,0.0435028248587571,"Increase",1124,2298,1124
"06_UHGtBtCEoaUWRP","itt_fullspec_bn_employed_treat_HD","treat_HD",77,0.0435028248587571,"Increase",223,459,223
"06_UHGtBtCEoaUWRP","itt_fullspec_bn_employed_treat_HD","treat_HD",77,0.0435028248587571,"Increase",363,745,363
"06_UHGtBtCEoaUWRP","itt_fullspec_bn_employed_treat_HD","treat_HD",77,0.0435028248587571,"Increase",1714,3504,1714
"06_UHGtBtCEoaUWRP","itt_fullspec_bn_employed_treat_HD","treat_HD",77,0.0435028248587571,"Increase",132,274,132
"06_UHGtBtCEoaUWRP","itt_fullspec_bn_employed_treat_HD","treat_HD",77,0.0435028248587571,"Increase",285,586,285
"06_UHGtBtCEoaUWRP","itt_fullspec_bn_employed_treat_HD","treat_HD",77,0.0435028248587571,"Increase",549,1126,549
"06_UHGtBtCEoaUWRP","itt_fullspec_bn_employed_treat_HD","treat_HD",77,0.0435028248587571,"Increase",734,1502,734
"06_UHGtBtCEoaUWRP","itt_fullspec_bn_employed_treat_HD","treat_HD",77,0.0435028248587571,"Increase",46,94,46
"06_UHGtBtCEoaUWRP","itt_fullspec_bn_employed_treat_HD","treat_HD",77,0.0435028248587571,"Increase",876,1791,876
"06_UHGtBtCEoaUWRP","itt_fullspec_bn_employed_treat_HD","treat_HD",77,0.0435028248587571,"Increase",45,92,45
"06_UHGtBtCEoaUWRP","itt_fullspec_bn_employed_treat_HD","treat_HD",77,0.0435028248587571,"Increase",831,1698,831
"06_UHGtBtCEoaUWRP","itt_fullspec_bn_employed_treat_HD","treat_HD",77,0.0435028248587571,"Increase",218,449,218
"06_UHGtBtCEoaUWRP","itt_fullspec_bn_employed_treat_HD","treat_HD",77,0.0435028248587571,"Increase",783,1602,783
"06_UHGtBtCEoaUWRP","itt_fullspec_bn_employed_treat_HD","treat_HD",77,0.0435028248587571,"Increase",1527,3125,1527
"06_UHGtBtCEoaUWRP","itt_fullspec_bn_employed_treat_HD","treat_HD",77,0.0435028248587571,"Increase",446,916,446
"06_UHGtBtCEoaUWRP","itt_fullspec_bn_employed_treat_HD","treat_HD",77,0.0435028248587571,"Increase",1221,2496,1221
"06_UHGtBtCEoaUWRP","itt_fullspec_bn_employed_treat_HD","treat_HD",77,0.0435028248587571,"Increase",329,676,329
"06_UHGtBtCEoaUWRP","itt_fullspec_bn_employed_treat_HD","treat_HD",77,0.0435028248587571,"Increase",838,1712,838
"06_UHGtBtCEoaUWRP","itt_fullspec_bn_employed_treat_HD","treat_HD",77,0.0435028248587571,"Increase",526,1080,526
"06_UHGtBtCEoaUWRP","itt_fullspec_bn_employed_treat_HD","treat_HD",77,0.0435028248587571,"Increase",1702,3480,1702
"06_UHGtBtCEoaUWRP","itt_fullspec_bn_employed_treat_HD","treat_HD",77,0.0435028248587571,"Increase",168,348,168
"06_UHGtBtCEoaUWRP","itt_fullspec_bn_employed_treat_HD","treat_HD",77,0.0435028248587571,"Increase",107,223,107
"06_UHGtBtCEoaUWRP","itt_fullspec_bn_employed_treat_HD","treat_HD",77,0.0435028248587571,"Increase",1077,2202,1077
"06_UHGtBtCEoaUWRP","itt_fullspec_bn_employed_treat_HD","treat_HD",77,0.0435028248587571,"Increase",1157,2365,1157
"06_UHGtBtCEoaUWRP","itt_fullspec_bn_employed_treat_HD","treat_HD",77,0.0435028248587571,"Increase",370,759,370
"06_UHGtBtCEoaUWRP","itt_fullspec_bn_employed_treat_HD","treat_HD",77,0.0435028248587571,"Increase",1200,2452,1200
"06_UHGtBtCEoaUWRP","itt_fullspec_bn_employed_treat_HD","treat_HD",77,0.0435028248587571,"Increase",354,727,354
"06_UHGtBtCEoaUWRP","itt_fullspec_bn_employed_treat_HD","treat_HD",77,0.0435028248587571,"Increase",669,1371,669
"06_UHGtBtCEoaUWRP","itt_fullspec_bn_employed_treat_HD","treat_HD",77,0.0435028248587571,"Increase",860,1758,860
"06_UHGtBtCEoaUWRP","itt_fullspec_bn_employed_treat_HD","treat_HD",77,0.0435028248587571,"Increase",618,1268,618
"06_UHGtBtCEoaUWRP","itt_fullspec_bn_employed_treat_HD","treat_HD",77,0.0435028248587571,"Increase",718,1470,718
"06_UHGtBtCEoaUWRP","itt_fullspec_bn_employed_treat_HD","treat_HD",77,0.0435028248587571,"Increase",1022,2087,1022
"06_UHGtBtCEoaUWRP","itt_fullspec_bn_employed_treat_HD","treat_HD",77,0.0435028248587571,"Increase",1746,3569,1746
"06_UHGtBtCEoaUWRP","itt_fullspec_bn_employed_treat_HD","treat_HD",77,0.0435028248587571,"Increase",1472,3014,1472
"06_UHGtBtCEoaUWRP","itt_fullspec_bn_employed_treat_HD","treat_HD",77,0.0435028248587571,"Increase",788,1612,788
"06_UHGtBtCEoaUWRP","itt_fullspec_bn_employed_treat_HD","treat_HD",77,0.0435028248587571,"Increase",1248,2554,1248
"06_UHGtBtCEoaUWRP","itt_fullspec_bn_employed_treat_HD","treat_HD",77,0.0435028248587571,"Increase",333,684,333
"06_UHGtBtCEoaUWRP","itt_fullspec_bn_employed_treat_HD","treat_HD",77,0.0435028248587571,"Increase",1090,2228,1090
"06_UHGtBtCEoaUWRP","itt_fullspec_bn_employed_treat_HD","treat_HD",77,0.0435028248587571,"Increase",40,82,40
"06_UHGtBtCEoaUWRP","itt_fullspec_bn_employed_treat_HD","treat_HD",77,0.0435028248587571,"Increase",1504,3079,1504
"06_UHGtBtCEoaUWRP","itt_fullspec_bn_employed_treat_HD","treat_HD",77,0.0435028248587571,"Increase",1142,2335,1142
"06_UHGtBtCEoaUWRP","itt_fullspec_bn_employed_treat_HD","treat_HD",77,0.0435028248587571,"Increase",1239,2533,1239
"06_UHGtBtCEoaUWRP","itt_fullspec_bn_employed_treat_HD","treat_HD",77,0.0435028248587571,"Increase",1125,2300,1125
"06_UHGtBtCEoaUWRP","itt_fullspec_bn_employed_treat_HD","treat_HD",77,0.0435028248587571,"Increase",462,949,462
"06_UHGtBtCEoaUWRP","itt_fullspec_bn_employed_treat_HD","treat_HD",77,0.0435028248587571,"Increase",1619,3312,1619
"06_UHGtBtCEoaUWRP","itt_fullspec_bn_employed_treat_HD","treat_HD",77,0.0435028248587571,"Increase",29,60,29
"06_UHGtBtCEoaUWRP","itt_fullspec_bn_employed_treat_HD","treat_HD",77,0.0435028248587571,"Increase",777,1590,777
"06_UHGtBtCEoaUWRP","itt_fullspec_bn_employed_treat_HD","treat_HD",77,0.0435028248587571,"Increase",794,1624,794
"06_UHGtBtCEoaUWRP","itt_fullspec_bn_employed_treat_HD","treat_HD",77,0.0435028248587571,"Increase",1587,3247,1587
"06_UHGtBtCEoaUWRP","itt_fullspec_bn_employed_treat_HD","treat_HD",77,0.0435028248587571,"Increase",639,1310,639
"06_UHGtBtCEoaUWRP","itt_fullspec_bn_employed_treat_HD","treat_HD",77,0.0435028248587571,"Increase",127,264,127
"06_UHGtBtCEoaUWRP","itt_fullspec_bn_employed_treat_HD","treat_HD",77,0.0435028248587571,"Increase",513,1053,513
"06_UHGtBtCEoaUWRP","itt_fullspec_bn_employed_treat_HD","treat_HD",77,0.0435028248587571,"Increase",1486,3043,1486
"06_UHGtBtCEoaUWRP","itt_fullspec_bn_employed_treat_HD","treat_HD",77,0.0435028248587571,"Increase",849,1735,849
"06_UHGtBtCEoaUWRP","itt_fullspec_bn_employed_treat_HD","treat_HD",77,0.0435028248587571,"Increase",521,1070,521
"06_UHGtBtCEoaUWRP","itt_fullspec_bn_employed_treat_HD","treat_HD",77,0.0435028248587571,"Increase",1544,3159,1544
"06_UHGtBtCEoaUWRP","itt_fullspec_bn_employed_treat_HD","treat_HD",77,0.0435028248587571,"Increase",556,1141,556
"06_UHGtBtCEoaUWRP","itt_fullspec_bn_employed_treat_HD","treat_HD",77,0.0435028248587571,"Increase",1108,2265,1108
"06_UHGtBtCEoaUWRP","itt_fullspec_bn_employed_treat_HD","treat_HD",77,0.0435028248587571,"Increase",1035,2115,1035
"06_UHGtBtCEoaUWRP","itt_fullspec_bn_employed_treat_HD","treat_HD",77,0.0435028248587571,"Increase",1316,2695,1316
"06_UHGtBtCEoaUWRP","itt_fullspec_bn_employed_treat_HD","treat_HD",77,0.0435028248587571,"Increase",69,141,69
"06_UHGtBtCEoaUWRP","itt_fullspec_bn_employed_treat_HD","treat_HD",77,0.0435028248587571,"Increase",1183,2418,1183
"06_UHGtBtCEoaUWRP","itt_fullspec_bn_employed_treat_HD","treat_HD",77,0.0435028248587571,"Increase",1469,3008,1469
"06_UHGtBtCEoaUWRP","itt_fullspec_bn_employed_treat_HD","treat_HD",77,0.0435028248587571,"Increase",334,686,334
"06_UHGtBtCEoaUWRP","itt_fullspec_bn_employed_treat_HD","treat_HD",78,0.0440677966101695,"Increase",1441,2950,1441
"06_UHGtBtCEoaUWRP","itt_fullspec_bn_employed_treat_HD","treat_HD",78,0.0440677966101695,"Increase",632,1296,632
"06_UHGtBtCEoaUWRP","itt_fullspec_bn_employed_treat_HD","treat_HD",78,0.0440677966101695,"Increase",1636,3346,1636
"06_UHGtBtCEoaUWRP","itt_fullspec_bn_employed_treat_HD","treat_HD",78,0.0440677966101695,"Increase",1051,2148,1051
"06_UHGtBtCEoaUWRP","itt_fullspec_bn_employed_treat_HD","treat_HD",78,0.0440677966101695,"Increase",1083,2214,1083
"06_UHGtBtCEoaUWRP","itt_fullspec_bn_employed_treat_HD","treat_HD",78,0.0440677966101695,"Increase",380,780,380
"06_UHGtBtCEoaUWRP","itt_fullspec_bn_employed_treat_HD","treat_HD",78,0.0440677966101695,"Increase",391,803,391
"06_UHGtBtCEoaUWRP","itt_fullspec_bn_employed_treat_HD","treat_HD",78,0.0440677966101695,"Increase",1442,2952,1442
"06_UHGtBtCEoaUWRP","itt_fullspec_bn_employed_treat_HD","treat_HD",78,0.0440677966101695,"Increase",1194,2440,1194
"06_UHGtBtCEoaUWRP","itt_fullspec_bn_employed_treat_HD","treat_HD",78,0.0440677966101695,"Increase",94,195,94
"06_UHGtBtCEoaUWRP","itt_fullspec_bn_employed_treat_HD","treat_HD",78,0.0440677966101695,"Increase",1616,3306,1616
"06_UHGtBtCEoaUWRP","itt_fullspec_bn_employed_treat_HD","treat_HD",78,0.0440677966101695,"Increase",1536,3143,1536
"06_UHGtBtCEoaUWRP","itt_fullspec_bn_employed_treat_HD","treat_HD",78,0.0440677966101695,"Increase",1124,2298,1124
"06_UHGtBtCEoaUWRP","itt_fullspec_bn_employed_treat_HD","treat_HD",78,0.0440677966101695,"Increase",223,459,223
"06_UHGtBtCEoaUWRP","itt_fullspec_bn_employed_treat_HD","treat_HD",78,0.0440677966101695,"Increase",363,745,363
"06_UHGtBtCEoaUWRP","itt_fullspec_bn_employed_treat_HD","treat_HD",78,0.0440677966101695,"Increase",1714,3504,1714
"06_UHGtBtCEoaUWRP","itt_fullspec_bn_employed_treat_HD","treat_HD",78,0.0440677966101695,"Increase",132,274,132
"06_UHGtBtCEoaUWRP","itt_fullspec_bn_employed_treat_HD","treat_HD",78,0.0440677966101695,"Increase",285,586,285
"06_UHGtBtCEoaUWRP","itt_fullspec_bn_employed_treat_HD","treat_HD",78,0.0440677966101695,"Increase",734,1502,734
"06_UHGtBtCEoaUWRP","itt_fullspec_bn_employed_treat_HD","treat_HD",78,0.0440677966101695,"Increase",549,1126,549
"06_UHGtBtCEoaUWRP","itt_fullspec_bn_employed_treat_HD","treat_HD",78,0.0440677966101695,"Increase",46,94,46
"06_UHGtBtCEoaUWRP","itt_fullspec_bn_employed_treat_HD","treat_HD",78,0.0440677966101695,"Increase",876,1791,876
"06_UHGtBtCEoaUWRP","itt_fullspec_bn_employed_treat_HD","treat_HD",78,0.0440677966101695,"Increase",45,92,45
"06_UHGtBtCEoaUWRP","itt_fullspec_bn_employed_treat_HD","treat_HD",78,0.0440677966101695,"Increase",831,1698,831
"06_UHGtBtCEoaUWRP","itt_fullspec_bn_employed_treat_HD","treat_HD",78,0.0440677966101695,"Increase",218,449,218
"06_UHGtBtCEoaUWRP","itt_fullspec_bn_employed_treat_HD","treat_HD",78,0.0440677966101695,"Increase",783,1602,783
"06_UHGtBtCEoaUWRP","itt_fullspec_bn_employed_treat_HD","treat_HD",78,0.0440677966101695,"Increase",1527,3125,1527
"06_UHGtBtCEoaUWRP","itt_fullspec_bn_employed_treat_HD","treat_HD",78,0.0440677966101695,"Increase",446,916,446
"06_UHGtBtCEoaUWRP","itt_fullspec_bn_employed_treat_HD","treat_HD",78,0.0440677966101695,"Increase",1221,2496,1221
"06_UHGtBtCEoaUWRP","itt_fullspec_bn_employed_treat_HD","treat_HD",78,0.0440677966101695,"Increase",329,676,329
"06_UHGtBtCEoaUWRP","itt_fullspec_bn_employed_treat_HD","treat_HD",78,0.0440677966101695,"Increase",838,1712,838
"06_UHGtBtCEoaUWRP","itt_fullspec_bn_employed_treat_HD","treat_HD",78,0.0440677966101695,"Increase",526,1080,526
"06_UHGtBtCEoaUWRP","itt_fullspec_bn_employed_treat_HD","treat_HD",78,0.0440677966101695,"Increase",1702,3480,1702
"06_UHGtBtCEoaUWRP","itt_fullspec_bn_employed_treat_HD","treat_HD",78,0.0440677966101695,"Increase",107,223,107
"06_UHGtBtCEoaUWRP","itt_fullspec_bn_employed_treat_HD","treat_HD",78,0.0440677966101695,"Increase",168,348,168
"06_UHGtBtCEoaUWRP","itt_fullspec_bn_employed_treat_HD","treat_HD",78,0.0440677966101695,"Increase",1077,2202,1077
"06_UHGtBtCEoaUWRP","itt_fullspec_bn_employed_treat_HD","treat_HD",78,0.0440677966101695,"Increase",1157,2365,1157
"06_UHGtBtCEoaUWRP","itt_fullspec_bn_employed_treat_HD","treat_HD",78,0.0440677966101695,"Increase",370,759,370
"06_UHGtBtCEoaUWRP","itt_fullspec_bn_employed_treat_HD","treat_HD",78,0.0440677966101695,"Increase",1200,2452,1200
"06_UHGtBtCEoaUWRP","itt_fullspec_bn_employed_treat_HD","treat_HD",78,0.0440677966101695,"Increase",354,727,354
"06_UHGtBtCEoaUWRP","itt_fullspec_bn_employed_treat_HD","treat_HD",78,0.0440677966101695,"Increase",669,1371,669
"06_UHGtBtCEoaUWRP","itt_fullspec_bn_employed_treat_HD","treat_HD",78,0.0440677966101695,"Increase",860,1758,860
"06_UHGtBtCEoaUWRP","itt_fullspec_bn_employed_treat_HD","treat_HD",78,0.0440677966101695,"Increase",618,1268,618
"06_UHGtBtCEoaUWRP","itt_fullspec_bn_employed_treat_HD","treat_HD",78,0.0440677966101695,"Increase",718,1470,718
"06_UHGtBtCEoaUWRP","itt_fullspec_bn_employed_treat_HD","treat_HD",78,0.0440677966101695,"Increase",1022,2087,1022
"06_UHGtBtCEoaUWRP","itt_fullspec_bn_employed_treat_HD","treat_HD",78,0.0440677966101695,"Increase",1746,3569,1746
"06_UHGtBtCEoaUWRP","itt_fullspec_bn_employed_treat_HD","treat_HD",78,0.0440677966101695,"Increase",1472,3014,1472
"06_UHGtBtCEoaUWRP","itt_fullspec_bn_employed_treat_HD","treat_HD",78,0.0440677966101695,"Increase",788,1612,788
"06_UHGtBtCEoaUWRP","itt_fullspec_bn_employed_treat_HD","treat_HD",78,0.0440677966101695,"Increase",1248,2554,1248
"06_UHGtBtCEoaUWRP","itt_fullspec_bn_employed_treat_HD","treat_HD",78,0.0440677966101695,"Increase",333,684,333
"06_UHGtBtCEoaUWRP","itt_fullspec_bn_employed_treat_HD","treat_HD",78,0.0440677966101695,"Increase",1090,2228,1090
"06_UHGtBtCEoaUWRP","itt_fullspec_bn_employed_treat_HD","treat_HD",78,0.0440677966101695,"Increase",40,82,40
"06_UHGtBtCEoaUWRP","itt_fullspec_bn_employed_treat_HD","treat_HD",78,0.0440677966101695,"Increase",1504,3079,1504
"06_UHGtBtCEoaUWRP","itt_fullspec_bn_employed_treat_HD","treat_HD",78,0.0440677966101695,"Increase",1142,2335,1142
"06_UHGtBtCEoaUWRP","itt_fullspec_bn_employed_treat_HD","treat_HD",78,0.0440677966101695,"Increase",1239,2533,1239
"06_UHGtBtCEoaUWRP","itt_fullspec_bn_employed_treat_HD","treat_HD",78,0.0440677966101695,"Increase",462,949,462
"06_UHGtBtCEoaUWRP","itt_fullspec_bn_employed_treat_HD","treat_HD",78,0.0440677966101695,"Increase",1125,2300,1125
"06_UHGtBtCEoaUWRP","itt_fullspec_bn_employed_treat_HD","treat_HD",78,0.0440677966101695,"Increase",1619,3312,1619
"06_UHGtBtCEoaUWRP","itt_fullspec_bn_employed_treat_HD","treat_HD",78,0.0440677966101695,"Increase",29,60,29
"06_UHGtBtCEoaUWRP","itt_fullspec_bn_employed_treat_HD","treat_HD",78,0.0440677966101695,"Increase",777,1590,777
"06_UHGtBtCEoaUWRP","itt_fullspec_bn_employed_treat_HD","treat_HD",78,0.0440677966101695,"Increase",794,1624,794
"06_UHGtBtCEoaUWRP","itt_fullspec_bn_employed_treat_HD","treat_HD",78,0.0440677966101695,"Increase",1587,3247,1587
"06_UHGtBtCEoaUWRP","itt_fullspec_bn_employed_treat_HD","treat_HD",78,0.0440677966101695,"Increase",639,1310,639
"06_UHGtBtCEoaUWRP","itt_fullspec_bn_employed_treat_HD","treat_HD",78,0.0440677966101695,"Increase",127,264,127
"06_UHGtBtCEoaUWRP","itt_fullspec_bn_employed_treat_HD","treat_HD",78,0.0440677966101695,"Increase",513,1053,513
"06_UHGtBtCEoaUWRP","itt_fullspec_bn_employed_treat_HD","treat_HD",78,0.0440677966101695,"Increase",1486,3043,1486
"06_UHGtBtCEoaUWRP","itt_fullspec_bn_employed_treat_HD","treat_HD",78,0.0440677966101695,"Increase",849,1735,849
"06_UHGtBtCEoaUWRP","itt_fullspec_bn_employed_treat_HD","treat_HD",78,0.0440677966101695,"Increase",521,1070,521
"06_UHGtBtCEoaUWRP","itt_fullspec_bn_employed_treat_HD","treat_HD",78,0.0440677966101695,"Increase",1544,3159,1544
"06_UHGtBtCEoaUWRP","itt_fullspec_bn_employed_treat_HD","treat_HD",78,0.0440677966101695,"Increase",556,1141,556
"06_UHGtBtCEoaUWRP","itt_fullspec_bn_employed_treat_HD","treat_HD",78,0.0440677966101695,"Increase",1108,2265,1108
"06_UHGtBtCEoaUWRP","itt_fullspec_bn_employed_treat_HD","treat_HD",78,0.0440677966101695,"Increase",1035,2115,1035
"06_UHGtBtCEoaUWRP","itt_fullspec_bn_employed_treat_HD","treat_HD",78,0.0440677966101695,"Increase",1316,2695,1316
"06_UHGtBtCEoaUWRP","itt_fullspec_bn_employed_treat_HD","treat_HD",78,0.0440677966101695,"Increase",69,141,69
"06_UHGtBtCEoaUWRP","itt_fullspec_bn_employed_treat_HD","treat_HD",78,0.0440677966101695,"Increase",1183,2418,1183
"06_UHGtBtCEoaUWRP","itt_fullspec_bn_employed_treat_HD","treat_HD",78,0.0440677966101695,"Increase",1469,3008,1469
"06_UHGtBtCEoaUWRP","itt_fullspec_bn_employed_treat_HD","treat_HD",78,0.0440677966101695,"Increase",334,686,334
"06_UHGtBtCEoaUWRP","itt_fullspec_bn_employed_treat_HD","treat_HD",78,0.0440677966101695,"Increase",105,219,105
"06_UHGtBtCEoaUWRP","itt_fullspec_bn_employed_treat_HD","treat_HD",79,0.0446327683615819,"Increase",1441,2950,1441
"06_UHGtBtCEoaUWRP","itt_fullspec_bn_employed_treat_HD","treat_HD",79,0.0446327683615819,"Increase",632,1296,632
"06_UHGtBtCEoaUWRP","itt_fullspec_bn_employed_treat_HD","treat_HD",79,0.0446327683615819,"Increase",1636,3346,1636
"06_UHGtBtCEoaUWRP","itt_fullspec_bn_employed_treat_HD","treat_HD",79,0.0446327683615819,"Increase",1051,2148,1051
"06_UHGtBtCEoaUWRP","itt_fullspec_bn_employed_treat_HD","treat_HD",79,0.0446327683615819,"Increase",1083,2214,1083
"06_UHGtBtCEoaUWRP","itt_fullspec_bn_employed_treat_HD","treat_HD",79,0.0446327683615819,"Increase",380,780,380
"06_UHGtBtCEoaUWRP","itt_fullspec_bn_employed_treat_HD","treat_HD",79,0.0446327683615819,"Increase",391,803,391
"06_UHGtBtCEoaUWRP","itt_fullspec_bn_employed_treat_HD","treat_HD",79,0.0446327683615819,"Increase",1442,2952,1442
"06_UHGtBtCEoaUWRP","itt_fullspec_bn_employed_treat_HD","treat_HD",79,0.0446327683615819,"Increase",1194,2440,1194
"06_UHGtBtCEoaUWRP","itt_fullspec_bn_employed_treat_HD","treat_HD",79,0.0446327683615819,"Increase",94,195,94
"06_UHGtBtCEoaUWRP","itt_fullspec_bn_employed_treat_HD","treat_HD",79,0.0446327683615819,"Increase",1616,3306,1616
"06_UHGtBtCEoaUWRP","itt_fullspec_bn_employed_treat_HD","treat_HD",79,0.0446327683615819,"Increase",1536,3143,1536
"06_UHGtBtCEoaUWRP","itt_fullspec_bn_employed_treat_HD","treat_HD",79,0.0446327683615819,"Increase",1124,2298,1124
"06_UHGtBtCEoaUWRP","itt_fullspec_bn_employed_treat_HD","treat_HD",79,0.0446327683615819,"Increase",223,459,223
"06_UHGtBtCEoaUWRP","itt_fullspec_bn_employed_treat_HD","treat_HD",79,0.0446327683615819,"Increase",363,745,363
"06_UHGtBtCEoaUWRP","itt_fullspec_bn_employed_treat_HD","treat_HD",79,0.0446327683615819,"Increase",1714,3504,1714
"06_UHGtBtCEoaUWRP","itt_fullspec_bn_employed_treat_HD","treat_HD",79,0.0446327683615819,"Increase",132,274,132
"06_UHGtBtCEoaUWRP","itt_fullspec_bn_employed_treat_HD","treat_HD",79,0.0446327683615819,"Increase",285,586,285
"06_UHGtBtCEoaUWRP","itt_fullspec_bn_employed_treat_HD","treat_HD",79,0.0446327683615819,"Increase",734,1502,734
"06_UHGtBtCEoaUWRP","itt_fullspec_bn_employed_treat_HD","treat_HD",79,0.0446327683615819,"Increase",549,1126,549
"06_UHGtBtCEoaUWRP","itt_fullspec_bn_employed_treat_HD","treat_HD",79,0.0446327683615819,"Increase",46,94,46
"06_UHGtBtCEoaUWRP","itt_fullspec_bn_employed_treat_HD","treat_HD",79,0.0446327683615819,"Increase",876,1791,876
"06_UHGtBtCEoaUWRP","itt_fullspec_bn_employed_treat_HD","treat_HD",79,0.0446327683615819,"Increase",45,92,45
"06_UHGtBtCEoaUWRP","itt_fullspec_bn_employed_treat_HD","treat_HD",79,0.0446327683615819,"Increase",831,1698,831
"06_UHGtBtCEoaUWRP","itt_fullspec_bn_employed_treat_HD","treat_HD",79,0.0446327683615819,"Increase",218,449,218
"06_UHGtBtCEoaUWRP","itt_fullspec_bn_employed_treat_HD","treat_HD",79,0.0446327683615819,"Increase",783,1602,783
"06_UHGtBtCEoaUWRP","itt_fullspec_bn_employed_treat_HD","treat_HD",79,0.0446327683615819,"Increase",1527,3125,1527
"06_UHGtBtCEoaUWRP","itt_fullspec_bn_employed_treat_HD","treat_HD",79,0.0446327683615819,"Increase",446,916,446
"06_UHGtBtCEoaUWRP","itt_fullspec_bn_employed_treat_HD","treat_HD",79,0.0446327683615819,"Increase",1221,2496,1221
"06_UHGtBtCEoaUWRP","itt_fullspec_bn_employed_treat_HD","treat_HD",79,0.0446327683615819,"Increase",329,676,329
"06_UHGtBtCEoaUWRP","itt_fullspec_bn_employed_treat_HD","treat_HD",79,0.0446327683615819,"Increase",838,1712,838
"06_UHGtBtCEoaUWRP","itt_fullspec_bn_employed_treat_HD","treat_HD",79,0.0446327683615819,"Increase",526,1080,526
"06_UHGtBtCEoaUWRP","itt_fullspec_bn_employed_treat_HD","treat_HD",79,0.0446327683615819,"Increase",1702,3480,1702
"06_UHGtBtCEoaUWRP","itt_fullspec_bn_employed_treat_HD","treat_HD",79,0.0446327683615819,"Increase",107,223,107
"06_UHGtBtCEoaUWRP","itt_fullspec_bn_employed_treat_HD","treat_HD",79,0.0446327683615819,"Increase",168,348,168
"06_UHGtBtCEoaUWRP","itt_fullspec_bn_employed_treat_HD","treat_HD",79,0.0446327683615819,"Increase",1077,2202,1077
"06_UHGtBtCEoaUWRP","itt_fullspec_bn_employed_treat_HD","treat_HD",79,0.0446327683615819,"Increase",1157,2365,1157
"06_UHGtBtCEoaUWRP","itt_fullspec_bn_employed_treat_HD","treat_HD",79,0.0446327683615819,"Increase",370,759,370
"06_UHGtBtCEoaUWRP","itt_fullspec_bn_employed_treat_HD","treat_HD",79,0.0446327683615819,"Increase",1200,2452,1200
"06_UHGtBtCEoaUWRP","itt_fullspec_bn_employed_treat_HD","treat_HD",79,0.0446327683615819,"Increase",354,727,354
"06_UHGtBtCEoaUWRP","itt_fullspec_bn_employed_treat_HD","treat_HD",79,0.0446327683615819,"Increase",669,1371,669
"06_UHGtBtCEoaUWRP","itt_fullspec_bn_employed_treat_HD","treat_HD",79,0.0446327683615819,"Increase",860,1758,860
"06_UHGtBtCEoaUWRP","itt_fullspec_bn_employed_treat_HD","treat_HD",79,0.0446327683615819,"Increase",618,1268,618
"06_UHGtBtCEoaUWRP","itt_fullspec_bn_employed_treat_HD","treat_HD",79,0.0446327683615819,"Increase",718,1470,718
"06_UHGtBtCEoaUWRP","itt_fullspec_bn_employed_treat_HD","treat_HD",79,0.0446327683615819,"Increase",1022,2087,1022
"06_UHGtBtCEoaUWRP","itt_fullspec_bn_employed_treat_HD","treat_HD",79,0.0446327683615819,"Increase",1746,3569,1746
"06_UHGtBtCEoaUWRP","itt_fullspec_bn_employed_treat_HD","treat_HD",79,0.0446327683615819,"Increase",1472,3014,1472
"06_UHGtBtCEoaUWRP","itt_fullspec_bn_employed_treat_HD","treat_HD",79,0.0446327683615819,"Increase",788,1612,788
"06_UHGtBtCEoaUWRP","itt_fullspec_bn_employed_treat_HD","treat_HD",79,0.0446327683615819,"Increase",1248,2554,1248
"06_UHGtBtCEoaUWRP","itt_fullspec_bn_employed_treat_HD","treat_HD",79,0.0446327683615819,"Increase",333,684,333
"06_UHGtBtCEoaUWRP","itt_fullspec_bn_employed_treat_HD","treat_HD",79,0.0446327683615819,"Increase",1090,2228,1090
"06_UHGtBtCEoaUWRP","itt_fullspec_bn_employed_treat_HD","treat_HD",79,0.0446327683615819,"Increase",40,82,40
"06_UHGtBtCEoaUWRP","itt_fullspec_bn_employed_treat_HD","treat_HD",79,0.0446327683615819,"Increase",1504,3079,1504
"06_UHGtBtCEoaUWRP","itt_fullspec_bn_employed_treat_HD","treat_HD",79,0.0446327683615819,"Increase",1142,2335,1142
"06_UHGtBtCEoaUWRP","itt_fullspec_bn_employed_treat_HD","treat_HD",79,0.0446327683615819,"Increase",1239,2533,1239
"06_UHGtBtCEoaUWRP","itt_fullspec_bn_employed_treat_HD","treat_HD",79,0.0446327683615819,"Increase",462,949,462
"06_UHGtBtCEoaUWRP","itt_fullspec_bn_employed_treat_HD","treat_HD",79,0.0446327683615819,"Increase",1125,2300,1125
"06_UHGtBtCEoaUWRP","itt_fullspec_bn_employed_treat_HD","treat_HD",79,0.0446327683615819,"Increase",1619,3312,1619
"06_UHGtBtCEoaUWRP","itt_fullspec_bn_employed_treat_HD","treat_HD",79,0.0446327683615819,"Increase",29,60,29
"06_UHGtBtCEoaUWRP","itt_fullspec_bn_employed_treat_HD","treat_HD",79,0.0446327683615819,"Increase",777,1590,777
"06_UHGtBtCEoaUWRP","itt_fullspec_bn_employed_treat_HD","treat_HD",79,0.0446327683615819,"Increase",794,1624,794
"06_UHGtBtCEoaUWRP","itt_fullspec_bn_employed_treat_HD","treat_HD",79,0.0446327683615819,"Increase",1587,3247,1587
"06_UHGtBtCEoaUWRP","itt_fullspec_bn_employed_treat_HD","treat_HD",79,0.0446327683615819,"Increase",639,1310,639
"06_UHGtBtCEoaUWRP","itt_fullspec_bn_employed_treat_HD","treat_HD",79,0.0446327683615819,"Increase",127,264,127
"06_UHGtBtCEoaUWRP","itt_fullspec_bn_employed_treat_HD","treat_HD",79,0.0446327683615819,"Increase",1486,3043,1486
"06_UHGtBtCEoaUWRP","itt_fullspec_bn_employed_treat_HD","treat_HD",79,0.0446327683615819,"Increase",513,1053,513
"06_UHGtBtCEoaUWRP","itt_fullspec_bn_employed_treat_HD","treat_HD",79,0.0446327683615819,"Increase",849,1735,849
"06_UHGtBtCEoaUWRP","itt_fullspec_bn_employed_treat_HD","treat_HD",79,0.0446327683615819,"Increase",521,1070,521
"06_UHGtBtCEoaUWRP","itt_fullspec_bn_employed_treat_HD","treat_HD",79,0.0446327683615819,"Increase",1544,3159,1544
"06_UHGtBtCEoaUWRP","itt_fullspec_bn_employed_treat_HD","treat_HD",79,0.0446327683615819,"Increase",556,1141,556
"06_UHGtBtCEoaUWRP","itt_fullspec_bn_employed_treat_HD","treat_HD",79,0.0446327683615819,"Increase",1108,2265,1108
"06_UHGtBtCEoaUWRP","itt_fullspec_bn_employed_treat_HD","treat_HD",79,0.0446327683615819,"Increase",1035,2115,1035
"06_UHGtBtCEoaUWRP","itt_fullspec_bn_employed_treat_HD","treat_HD",79,0.0446327683615819,"Increase",1316,2695,1316
"06_UHGtBtCEoaUWRP","itt_fullspec_bn_employed_treat_HD","treat_HD",79,0.0446327683615819,"Increase",69,141,69
"06_UHGtBtCEoaUWRP","itt_fullspec_bn_employed_treat_HD","treat_HD",79,0.0446327683615819,"Increase",1183,2418,1183
"06_UHGtBtCEoaUWRP","itt_fullspec_bn_employed_treat_HD","treat_HD",79,0.0446327683615819,"Increase",1469,3008,1469
"06_UHGtBtCEoaUWRP","itt_fullspec_bn_employed_treat_HD","treat_HD",79,0.0446327683615819,"Increase",334,686,334
"06_UHGtBtCEoaUWRP","itt_fullspec_bn_employed_treat_HD","treat_HD",79,0.0446327683615819,"Increase",105,219,105
"06_UHGtBtCEoaUWRP","itt_fullspec_bn_employed_treat_HD","treat_HD",79,0.0446327683615819,"Increase",1336,2735,1336
"06_UHGtBtCEoaUWRP","itt_fullspec_bn_employed_treat_HD","treat_HD",80,0.0451977401129944,"Increase",1441,2950,1441
"06_UHGtBtCEoaUWRP","itt_fullspec_bn_employed_treat_HD","treat_HD",80,0.0451977401129944,"Increase",632,1296,632
"06_UHGtBtCEoaUWRP","itt_fullspec_bn_employed_treat_HD","treat_HD",80,0.0451977401129944,"Increase",1636,3346,1636
"06_UHGtBtCEoaUWRP","itt_fullspec_bn_employed_treat_HD","treat_HD",80,0.0451977401129944,"Increase",1051,2148,1051
"06_UHGtBtCEoaUWRP","itt_fullspec_bn_employed_treat_HD","treat_HD",80,0.0451977401129944,"Increase",1083,2214,1083
"06_UHGtBtCEoaUWRP","itt_fullspec_bn_employed_treat_HD","treat_HD",80,0.0451977401129944,"Increase",380,780,380
"06_UHGtBtCEoaUWRP","itt_fullspec_bn_employed_treat_HD","treat_HD",80,0.0451977401129944,"Increase",391,803,391
"06_UHGtBtCEoaUWRP","itt_fullspec_bn_employed_treat_HD","treat_HD",80,0.0451977401129944,"Increase",1442,2952,1442
"06_UHGtBtCEoaUWRP","itt_fullspec_bn_employed_treat_HD","treat_HD",80,0.0451977401129944,"Increase",1194,2440,1194
"06_UHGtBtCEoaUWRP","itt_fullspec_bn_employed_treat_HD","treat_HD",80,0.0451977401129944,"Increase",94,195,94
"06_UHGtBtCEoaUWRP","itt_fullspec_bn_employed_treat_HD","treat_HD",80,0.0451977401129944,"Increase",1616,3306,1616
"06_UHGtBtCEoaUWRP","itt_fullspec_bn_employed_treat_HD","treat_HD",80,0.0451977401129944,"Increase",1536,3143,1536
"06_UHGtBtCEoaUWRP","itt_fullspec_bn_employed_treat_HD","treat_HD",80,0.0451977401129944,"Increase",1124,2298,1124
"06_UHGtBtCEoaUWRP","itt_fullspec_bn_employed_treat_HD","treat_HD",80,0.0451977401129944,"Increase",223,459,223
"06_UHGtBtCEoaUWRP","itt_fullspec_bn_employed_treat_HD","treat_HD",80,0.0451977401129944,"Increase",363,745,363
"06_UHGtBtCEoaUWRP","itt_fullspec_bn_employed_treat_HD","treat_HD",80,0.0451977401129944,"Increase",1714,3504,1714
"06_UHGtBtCEoaUWRP","itt_fullspec_bn_employed_treat_HD","treat_HD",80,0.0451977401129944,"Increase",132,274,132
"06_UHGtBtCEoaUWRP","itt_fullspec_bn_employed_treat_HD","treat_HD",80,0.0451977401129944,"Increase",285,586,285
"06_UHGtBtCEoaUWRP","itt_fullspec_bn_employed_treat_HD","treat_HD",80,0.0451977401129944,"Increase",734,1502,734
"06_UHGtBtCEoaUWRP","itt_fullspec_bn_employed_treat_HD","treat_HD",80,0.0451977401129944,"Increase",549,1126,549
"06_UHGtBtCEoaUWRP","itt_fullspec_bn_employed_treat_HD","treat_HD",80,0.0451977401129944,"Increase",46,94,46
"06_UHGtBtCEoaUWRP","itt_fullspec_bn_employed_treat_HD","treat_HD",80,0.0451977401129944,"Increase",876,1791,876
"06_UHGtBtCEoaUWRP","itt_fullspec_bn_employed_treat_HD","treat_HD",80,0.0451977401129944,"Increase",45,92,45
"06_UHGtBtCEoaUWRP","itt_fullspec_bn_employed_treat_HD","treat_HD",80,0.0451977401129944,"Increase",831,1698,831
"06_UHGtBtCEoaUWRP","itt_fullspec_bn_employed_treat_HD","treat_HD",80,0.0451977401129944,"Increase",218,449,218
"06_UHGtBtCEoaUWRP","itt_fullspec_bn_employed_treat_HD","treat_HD",80,0.0451977401129944,"Increase",783,1602,783
"06_UHGtBtCEoaUWRP","itt_fullspec_bn_employed_treat_HD","treat_HD",80,0.0451977401129944,"Increase",1527,3125,1527
"06_UHGtBtCEoaUWRP","itt_fullspec_bn_employed_treat_HD","treat_HD",80,0.0451977401129944,"Increase",446,916,446
"06_UHGtBtCEoaUWRP","itt_fullspec_bn_employed_treat_HD","treat_HD",80,0.0451977401129944,"Increase",1221,2496,1221
"06_UHGtBtCEoaUWRP","itt_fullspec_bn_employed_treat_HD","treat_HD",80,0.0451977401129944,"Increase",329,676,329
"06_UHGtBtCEoaUWRP","itt_fullspec_bn_employed_treat_HD","treat_HD",80,0.0451977401129944,"Increase",838,1712,838
"06_UHGtBtCEoaUWRP","itt_fullspec_bn_employed_treat_HD","treat_HD",80,0.0451977401129944,"Increase",526,1080,526
"06_UHGtBtCEoaUWRP","itt_fullspec_bn_employed_treat_HD","treat_HD",80,0.0451977401129944,"Increase",1702,3480,1702
"06_UHGtBtCEoaUWRP","itt_fullspec_bn_employed_treat_HD","treat_HD",80,0.0451977401129944,"Increase",107,223,107
"06_UHGtBtCEoaUWRP","itt_fullspec_bn_employed_treat_HD","treat_HD",80,0.0451977401129944,"Increase",168,348,168
"06_UHGtBtCEoaUWRP","itt_fullspec_bn_employed_treat_HD","treat_HD",80,0.0451977401129944,"Increase",1077,2202,1077
"06_UHGtBtCEoaUWRP","itt_fullspec_bn_employed_treat_HD","treat_HD",80,0.0451977401129944,"Increase",1157,2365,1157
"06_UHGtBtCEoaUWRP","itt_fullspec_bn_employed_treat_HD","treat_HD",80,0.0451977401129944,"Increase",370,759,370
"06_UHGtBtCEoaUWRP","itt_fullspec_bn_employed_treat_HD","treat_HD",80,0.0451977401129944,"Increase",1200,2452,1200
"06_UHGtBtCEoaUWRP","itt_fullspec_bn_employed_treat_HD","treat_HD",80,0.0451977401129944,"Increase",354,727,354
"06_UHGtBtCEoaUWRP","itt_fullspec_bn_employed_treat_HD","treat_HD",80,0.0451977401129944,"Increase",669,1371,669
"06_UHGtBtCEoaUWRP","itt_fullspec_bn_employed_treat_HD","treat_HD",80,0.0451977401129944,"Increase",860,1758,860
"06_UHGtBtCEoaUWRP","itt_fullspec_bn_employed_treat_HD","treat_HD",80,0.0451977401129944,"Increase",618,1268,618
"06_UHGtBtCEoaUWRP","itt_fullspec_bn_employed_treat_HD","treat_HD",80,0.0451977401129944,"Increase",718,1470,718
"06_UHGtBtCEoaUWRP","itt_fullspec_bn_employed_treat_HD","treat_HD",80,0.0451977401129944,"Increase",1022,2087,1022
"06_UHGtBtCEoaUWRP","itt_fullspec_bn_employed_treat_HD","treat_HD",80,0.0451977401129944,"Increase",1746,3569,1746
"06_UHGtBtCEoaUWRP","itt_fullspec_bn_employed_treat_HD","treat_HD",80,0.0451977401129944,"Increase",788,1612,788
"06_UHGtBtCEoaUWRP","itt_fullspec_bn_employed_treat_HD","treat_HD",80,0.0451977401129944,"Increase",1472,3014,1472
"06_UHGtBtCEoaUWRP","itt_fullspec_bn_employed_treat_HD","treat_HD",80,0.0451977401129944,"Increase",1248,2554,1248
"06_UHGtBtCEoaUWRP","itt_fullspec_bn_employed_treat_HD","treat_HD",80,0.0451977401129944,"Increase",333,684,333
"06_UHGtBtCEoaUWRP","itt_fullspec_bn_employed_treat_HD","treat_HD",80,0.0451977401129944,"Increase",1090,2228,1090
"06_UHGtBtCEoaUWRP","itt_fullspec_bn_employed_treat_HD","treat_HD",80,0.0451977401129944,"Increase",40,82,40
"06_UHGtBtCEoaUWRP","itt_fullspec_bn_employed_treat_HD","treat_HD",80,0.0451977401129944,"Increase",1504,3079,1504
"06_UHGtBtCEoaUWRP","itt_fullspec_bn_employed_treat_HD","treat_HD",80,0.0451977401129944,"Increase",1142,2335,1142
"06_UHGtBtCEoaUWRP","itt_fullspec_bn_employed_treat_HD","treat_HD",80,0.0451977401129944,"Increase",1239,2533,1239
"06_UHGtBtCEoaUWRP","itt_fullspec_bn_employed_treat_HD","treat_HD",80,0.0451977401129944,"Increase",462,949,462
"06_UHGtBtCEoaUWRP","itt_fullspec_bn_employed_treat_HD","treat_HD",80,0.0451977401129944,"Increase",1619,3312,1619
"06_UHGtBtCEoaUWRP","itt_fullspec_bn_employed_treat_HD","treat_HD",80,0.0451977401129944,"Increase",1125,2300,1125
"06_UHGtBtCEoaUWRP","itt_fullspec_bn_employed_treat_HD","treat_HD",80,0.0451977401129944,"Increase",29,60,29
"06_UHGtBtCEoaUWRP","itt_fullspec_bn_employed_treat_HD","treat_HD",80,0.0451977401129944,"Increase",777,1590,777
"06_UHGtBtCEoaUWRP","itt_fullspec_bn_employed_treat_HD","treat_HD",80,0.0451977401129944,"Increase",794,1624,794
"06_UHGtBtCEoaUWRP","itt_fullspec_bn_employed_treat_HD","treat_HD",80,0.0451977401129944,"Increase",1587,3247,1587
"06_UHGtBtCEoaUWRP","itt_fullspec_bn_employed_treat_HD","treat_HD",80,0.0451977401129944,"Increase",639,1310,639
"06_UHGtBtCEoaUWRP","itt_fullspec_bn_employed_treat_HD","treat_HD",80,0.0451977401129944,"Increase",127,264,127
"06_UHGtBtCEoaUWRP","itt_fullspec_bn_employed_treat_HD","treat_HD",80,0.0451977401129944,"Increase",1486,3043,1486
"06_UHGtBtCEoaUWRP","itt_fullspec_bn_employed_treat_HD","treat_HD",80,0.0451977401129944,"Increase",513,1053,513
"06_UHGtBtCEoaUWRP","itt_fullspec_bn_employed_treat_HD","treat_HD",80,0.0451977401129944,"Increase",849,1735,849
"06_UHGtBtCEoaUWRP","itt_fullspec_bn_employed_treat_HD","treat_HD",80,0.0451977401129944,"Increase",521,1070,521
"06_UHGtBtCEoaUWRP","itt_fullspec_bn_employed_treat_HD","treat_HD",80,0.0451977401129944,"Increase",1544,3159,1544
"06_UHGtBtCEoaUWRP","itt_fullspec_bn_employed_treat_HD","treat_HD",80,0.0451977401129944,"Increase",556,1141,556
"06_UHGtBtCEoaUWRP","itt_fullspec_bn_employed_treat_HD","treat_HD",80,0.0451977401129944,"Increase",1108,2265,1108
"06_UHGtBtCEoaUWRP","itt_fullspec_bn_employed_treat_HD","treat_HD",80,0.0451977401129944,"Increase",1035,2115,1035
"06_UHGtBtCEoaUWRP","itt_fullspec_bn_employed_treat_HD","treat_HD",80,0.0451977401129944,"Increase",1316,2695,1316
"06_UHGtBtCEoaUWRP","itt_fullspec_bn_employed_treat_HD","treat_HD",80,0.0451977401129944,"Increase",69,141,69
"06_UHGtBtCEoaUWRP","itt_fullspec_bn_employed_treat_HD","treat_HD",80,0.0451977401129944,"Increase",1183,2418,1183
"06_UHGtBtCEoaUWRP","itt_fullspec_bn_employed_treat_HD","treat_HD",80,0.0451977401129944,"Increase",1469,3008,1469
"06_UHGtBtCEoaUWRP","itt_fullspec_bn_employed_treat_HD","treat_HD",80,0.0451977401129944,"Increase",334,686,334
"06_UHGtBtCEoaUWRP","itt_fullspec_bn_employed_treat_HD","treat_HD",80,0.0451977401129944,"Increase",105,219,105
"06_UHGtBtCEoaUWRP","itt_fullspec_bn_employed_treat_HD","treat_HD",80,0.0451977401129944,"Increase",1336,2735,1336
"06_UHGtBtCEoaUWRP","itt_fullspec_bn_employed_treat_HD","treat_HD",80,0.0451977401129944,"Increase",545,1118,545
"06_UHGtBtCEoaUWRP","itt_fullspec_bn_employed_treat_HD","treat_HD",81,0.0457627118644068,"Increase",1441,2950,1441
"06_UHGtBtCEoaUWRP","itt_fullspec_bn_employed_treat_HD","treat_HD",81,0.0457627118644068,"Increase",632,1296,632
"06_UHGtBtCEoaUWRP","itt_fullspec_bn_employed_treat_HD","treat_HD",81,0.0457627118644068,"Increase",1636,3346,1636
"06_UHGtBtCEoaUWRP","itt_fullspec_bn_employed_treat_HD","treat_HD",81,0.0457627118644068,"Increase",1051,2148,1051
"06_UHGtBtCEoaUWRP","itt_fullspec_bn_employed_treat_HD","treat_HD",81,0.0457627118644068,"Increase",1083,2214,1083
"06_UHGtBtCEoaUWRP","itt_fullspec_bn_employed_treat_HD","treat_HD",81,0.0457627118644068,"Increase",380,780,380
"06_UHGtBtCEoaUWRP","itt_fullspec_bn_employed_treat_HD","treat_HD",81,0.0457627118644068,"Increase",391,803,391
"06_UHGtBtCEoaUWRP","itt_fullspec_bn_employed_treat_HD","treat_HD",81,0.0457627118644068,"Increase",1442,2952,1442
"06_UHGtBtCEoaUWRP","itt_fullspec_bn_employed_treat_HD","treat_HD",81,0.0457627118644068,"Increase",1194,2440,1194
"06_UHGtBtCEoaUWRP","itt_fullspec_bn_employed_treat_HD","treat_HD",81,0.0457627118644068,"Increase",94,195,94
"06_UHGtBtCEoaUWRP","itt_fullspec_bn_employed_treat_HD","treat_HD",81,0.0457627118644068,"Increase",1616,3306,1616
"06_UHGtBtCEoaUWRP","itt_fullspec_bn_employed_treat_HD","treat_HD",81,0.0457627118644068,"Increase",1536,3143,1536
"06_UHGtBtCEoaUWRP","itt_fullspec_bn_employed_treat_HD","treat_HD",81,0.0457627118644068,"Increase",1124,2298,1124
"06_UHGtBtCEoaUWRP","itt_fullspec_bn_employed_treat_HD","treat_HD",81,0.0457627118644068,"Increase",223,459,223
"06_UHGtBtCEoaUWRP","itt_fullspec_bn_employed_treat_HD","treat_HD",81,0.0457627118644068,"Increase",363,745,363
"06_UHGtBtCEoaUWRP","itt_fullspec_bn_employed_treat_HD","treat_HD",81,0.0457627118644068,"Increase",1714,3504,1714
"06_UHGtBtCEoaUWRP","itt_fullspec_bn_employed_treat_HD","treat_HD",81,0.0457627118644068,"Increase",132,274,132
"06_UHGtBtCEoaUWRP","itt_fullspec_bn_employed_treat_HD","treat_HD",81,0.0457627118644068,"Increase",285,586,285
"06_UHGtBtCEoaUWRP","itt_fullspec_bn_employed_treat_HD","treat_HD",81,0.0457627118644068,"Increase",734,1502,734
"06_UHGtBtCEoaUWRP","itt_fullspec_bn_employed_treat_HD","treat_HD",81,0.0457627118644068,"Increase",549,1126,549
"06_UHGtBtCEoaUWRP","itt_fullspec_bn_employed_treat_HD","treat_HD",81,0.0457627118644068,"Increase",46,94,46
"06_UHGtBtCEoaUWRP","itt_fullspec_bn_employed_treat_HD","treat_HD",81,0.0457627118644068,"Increase",876,1791,876
"06_UHGtBtCEoaUWRP","itt_fullspec_bn_employed_treat_HD","treat_HD",81,0.0457627118644068,"Increase",45,92,45
"06_UHGtBtCEoaUWRP","itt_fullspec_bn_employed_treat_HD","treat_HD",81,0.0457627118644068,"Increase",831,1698,831
"06_UHGtBtCEoaUWRP","itt_fullspec_bn_employed_treat_HD","treat_HD",81,0.0457627118644068,"Increase",218,449,218
"06_UHGtBtCEoaUWRP","itt_fullspec_bn_employed_treat_HD","treat_HD",81,0.0457627118644068,"Increase",783,1602,783
"06_UHGtBtCEoaUWRP","itt_fullspec_bn_employed_treat_HD","treat_HD",81,0.0457627118644068,"Increase",1527,3125,1527
"06_UHGtBtCEoaUWRP","itt_fullspec_bn_employed_treat_HD","treat_HD",81,0.0457627118644068,"Increase",446,916,446
"06_UHGtBtCEoaUWRP","itt_fullspec_bn_employed_treat_HD","treat_HD",81,0.0457627118644068,"Increase",1221,2496,1221
"06_UHGtBtCEoaUWRP","itt_fullspec_bn_employed_treat_HD","treat_HD",81,0.0457627118644068,"Increase",329,676,329
"06_UHGtBtCEoaUWRP","itt_fullspec_bn_employed_treat_HD","treat_HD",81,0.0457627118644068,"Increase",838,1712,838
"06_UHGtBtCEoaUWRP","itt_fullspec_bn_employed_treat_HD","treat_HD",81,0.0457627118644068,"Increase",526,1080,526
"06_UHGtBtCEoaUWRP","itt_fullspec_bn_employed_treat_HD","treat_HD",81,0.0457627118644068,"Increase",1702,3480,1702
"06_UHGtBtCEoaUWRP","itt_fullspec_bn_employed_treat_HD","treat_HD",81,0.0457627118644068,"Increase",107,223,107
"06_UHGtBtCEoaUWRP","itt_fullspec_bn_employed_treat_HD","treat_HD",81,0.0457627118644068,"Increase",168,348,168
"06_UHGtBtCEoaUWRP","itt_fullspec_bn_employed_treat_HD","treat_HD",81,0.0457627118644068,"Increase",1077,2202,1077
"06_UHGtBtCEoaUWRP","itt_fullspec_bn_employed_treat_HD","treat_HD",81,0.0457627118644068,"Increase",1157,2365,1157
"06_UHGtBtCEoaUWRP","itt_fullspec_bn_employed_treat_HD","treat_HD",81,0.0457627118644068,"Increase",370,759,370
"06_UHGtBtCEoaUWRP","itt_fullspec_bn_employed_treat_HD","treat_HD",81,0.0457627118644068,"Increase",1200,2452,1200
"06_UHGtBtCEoaUWRP","itt_fullspec_bn_employed_treat_HD","treat_HD",81,0.0457627118644068,"Increase",354,727,354
"06_UHGtBtCEoaUWRP","itt_fullspec_bn_employed_treat_HD","treat_HD",81,0.0457627118644068,"Increase",669,1371,669
"06_UHGtBtCEoaUWRP","itt_fullspec_bn_employed_treat_HD","treat_HD",81,0.0457627118644068,"Increase",860,1758,860
"06_UHGtBtCEoaUWRP","itt_fullspec_bn_employed_treat_HD","treat_HD",81,0.0457627118644068,"Increase",618,1268,618
"06_UHGtBtCEoaUWRP","itt_fullspec_bn_employed_treat_HD","treat_HD",81,0.0457627118644068,"Increase",718,1470,718
"06_UHGtBtCEoaUWRP","itt_fullspec_bn_employed_treat_HD","treat_HD",81,0.0457627118644068,"Increase",1022,2087,1022
"06_UHGtBtCEoaUWRP","itt_fullspec_bn_employed_treat_HD","treat_HD",81,0.0457627118644068,"Increase",1746,3569,1746
"06_UHGtBtCEoaUWRP","itt_fullspec_bn_employed_treat_HD","treat_HD",81,0.0457627118644068,"Increase",788,1612,788
"06_UHGtBtCEoaUWRP","itt_fullspec_bn_employed_treat_HD","treat_HD",81,0.0457627118644068,"Increase",1472,3014,1472
"06_UHGtBtCEoaUWRP","itt_fullspec_bn_employed_treat_HD","treat_HD",81,0.0457627118644068,"Increase",1248,2554,1248
"06_UHGtBtCEoaUWRP","itt_fullspec_bn_employed_treat_HD","treat_HD",81,0.0457627118644068,"Increase",333,684,333
"06_UHGtBtCEoaUWRP","itt_fullspec_bn_employed_treat_HD","treat_HD",81,0.0457627118644068,"Increase",1090,2228,1090
"06_UHGtBtCEoaUWRP","itt_fullspec_bn_employed_treat_HD","treat_HD",81,0.0457627118644068,"Increase",40,82,40
"06_UHGtBtCEoaUWRP","itt_fullspec_bn_employed_treat_HD","treat_HD",81,0.0457627118644068,"Increase",1504,3079,1504
"06_UHGtBtCEoaUWRP","itt_fullspec_bn_employed_treat_HD","treat_HD",81,0.0457627118644068,"Increase",1142,2335,1142
"06_UHGtBtCEoaUWRP","itt_fullspec_bn_employed_treat_HD","treat_HD",81,0.0457627118644068,"Increase",1239,2533,1239
"06_UHGtBtCEoaUWRP","itt_fullspec_bn_employed_treat_HD","treat_HD",81,0.0457627118644068,"Increase",462,949,462
"06_UHGtBtCEoaUWRP","itt_fullspec_bn_employed_treat_HD","treat_HD",81,0.0457627118644068,"Increase",1619,3312,1619
"06_UHGtBtCEoaUWRP","itt_fullspec_bn_employed_treat_HD","treat_HD",81,0.0457627118644068,"Increase",1125,2300,1125
"06_UHGtBtCEoaUWRP","itt_fullspec_bn_employed_treat_HD","treat_HD",81,0.0457627118644068,"Increase",29,60,29
"06_UHGtBtCEoaUWRP","itt_fullspec_bn_employed_treat_HD","treat_HD",81,0.0457627118644068,"Increase",777,1590,777
"06_UHGtBtCEoaUWRP","itt_fullspec_bn_employed_treat_HD","treat_HD",81,0.0457627118644068,"Increase",794,1624,794
"06_UHGtBtCEoaUWRP","itt_fullspec_bn_employed_treat_HD","treat_HD",81,0.0457627118644068,"Increase",1587,3247,1587
"06_UHGtBtCEoaUWRP","itt_fullspec_bn_employed_treat_HD","treat_HD",81,0.0457627118644068,"Increase",639,1310,639
"06_UHGtBtCEoaUWRP","itt_fullspec_bn_employed_treat_HD","treat_HD",81,0.0457627118644068,"Increase",127,264,127
"06_UHGtBtCEoaUWRP","itt_fullspec_bn_employed_treat_HD","treat_HD",81,0.0457627118644068,"Increase",1486,3043,1486
"06_UHGtBtCEoaUWRP","itt_fullspec_bn_employed_treat_HD","treat_HD",81,0.0457627118644068,"Increase",513,1053,513
"06_UHGtBtCEoaUWRP","itt_fullspec_bn_employed_treat_HD","treat_HD",81,0.0457627118644068,"Increase",849,1735,849
"06_UHGtBtCEoaUWRP","itt_fullspec_bn_employed_treat_HD","treat_HD",81,0.0457627118644068,"Increase",521,1070,521
"06_UHGtBtCEoaUWRP","itt_fullspec_bn_employed_treat_HD","treat_HD",81,0.0457627118644068,"Increase",1544,3159,1544
"06_UHGtBtCEoaUWRP","itt_fullspec_bn_employed_treat_HD","treat_HD",81,0.0457627118644068,"Increase",556,1141,556
"06_UHGtBtCEoaUWRP","itt_fullspec_bn_employed_treat_HD","treat_HD",81,0.0457627118644068,"Increase",1108,2265,1108
"06_UHGtBtCEoaUWRP","itt_fullspec_bn_employed_treat_HD","treat_HD",81,0.0457627118644068,"Increase",1316,2695,1316
"06_UHGtBtCEoaUWRP","itt_fullspec_bn_employed_treat_HD","treat_HD",81,0.0457627118644068,"Increase",1035,2115,1035
"06_UHGtBtCEoaUWRP","itt_fullspec_bn_employed_treat_HD","treat_HD",81,0.0457627118644068,"Increase",69,141,69
"06_UHGtBtCEoaUWRP","itt_fullspec_bn_employed_treat_HD","treat_HD",81,0.0457627118644068,"Increase",1183,2418,1183
"06_UHGtBtCEoaUWRP","itt_fullspec_bn_employed_treat_HD","treat_HD",81,0.0457627118644068,"Increase",1469,3008,1469
"06_UHGtBtCEoaUWRP","itt_fullspec_bn_employed_treat_HD","treat_HD",81,0.0457627118644068,"Increase",334,686,334
"06_UHGtBtCEoaUWRP","itt_fullspec_bn_employed_treat_HD","treat_HD",81,0.0457627118644068,"Increase",105,219,105
"06_UHGtBtCEoaUWRP","itt_fullspec_bn_employed_treat_HD","treat_HD",81,0.0457627118644068,"Increase",1336,2735,1336
"06_UHGtBtCEoaUWRP","itt_fullspec_bn_employed_treat_HD","treat_HD",81,0.0457627118644068,"Increase",545,1118,545
"06_UHGtBtCEoaUWRP","itt_fullspec_bn_employed_treat_HD","treat_HD",81,0.0457627118644068,"Increase",1561,3193,1561
"06_UHGtBtCEoaUWRP","itt_fullspec_bn_employed_treat_HD","treat_HD",82,0.0463276836158192,"Increase",1441,2950,1441
"06_UHGtBtCEoaUWRP","itt_fullspec_bn_employed_treat_HD","treat_HD",82,0.0463276836158192,"Increase",632,1296,632
"06_UHGtBtCEoaUWRP","itt_fullspec_bn_employed_treat_HD","treat_HD",82,0.0463276836158192,"Increase",1636,3346,1636
"06_UHGtBtCEoaUWRP","itt_fullspec_bn_employed_treat_HD","treat_HD",82,0.0463276836158192,"Increase",1051,2148,1051
"06_UHGtBtCEoaUWRP","itt_fullspec_bn_employed_treat_HD","treat_HD",82,0.0463276836158192,"Increase",1083,2214,1083
"06_UHGtBtCEoaUWRP","itt_fullspec_bn_employed_treat_HD","treat_HD",82,0.0463276836158192,"Increase",380,780,380
"06_UHGtBtCEoaUWRP","itt_fullspec_bn_employed_treat_HD","treat_HD",82,0.0463276836158192,"Increase",391,803,391
"06_UHGtBtCEoaUWRP","itt_fullspec_bn_employed_treat_HD","treat_HD",82,0.0463276836158192,"Increase",1442,2952,1442
"06_UHGtBtCEoaUWRP","itt_fullspec_bn_employed_treat_HD","treat_HD",82,0.0463276836158192,"Increase",1194,2440,1194
"06_UHGtBtCEoaUWRP","itt_fullspec_bn_employed_treat_HD","treat_HD",82,0.0463276836158192,"Increase",94,195,94
"06_UHGtBtCEoaUWRP","itt_fullspec_bn_employed_treat_HD","treat_HD",82,0.0463276836158192,"Increase",1616,3306,1616
"06_UHGtBtCEoaUWRP","itt_fullspec_bn_employed_treat_HD","treat_HD",82,0.0463276836158192,"Increase",1536,3143,1536
"06_UHGtBtCEoaUWRP","itt_fullspec_bn_employed_treat_HD","treat_HD",82,0.0463276836158192,"Increase",1124,2298,1124
"06_UHGtBtCEoaUWRP","itt_fullspec_bn_employed_treat_HD","treat_HD",82,0.0463276836158192,"Increase",363,745,363
"06_UHGtBtCEoaUWRP","itt_fullspec_bn_employed_treat_HD","treat_HD",82,0.0463276836158192,"Increase",223,459,223
"06_UHGtBtCEoaUWRP","itt_fullspec_bn_employed_treat_HD","treat_HD",82,0.0463276836158192,"Increase",1714,3504,1714
"06_UHGtBtCEoaUWRP","itt_fullspec_bn_employed_treat_HD","treat_HD",82,0.0463276836158192,"Increase",132,274,132
"06_UHGtBtCEoaUWRP","itt_fullspec_bn_employed_treat_HD","treat_HD",82,0.0463276836158192,"Increase",285,586,285
"06_UHGtBtCEoaUWRP","itt_fullspec_bn_employed_treat_HD","treat_HD",82,0.0463276836158192,"Increase",734,1502,734
"06_UHGtBtCEoaUWRP","itt_fullspec_bn_employed_treat_HD","treat_HD",82,0.0463276836158192,"Increase",549,1126,549
"06_UHGtBtCEoaUWRP","itt_fullspec_bn_employed_treat_HD","treat_HD",82,0.0463276836158192,"Increase",46,94,46
"06_UHGtBtCEoaUWRP","itt_fullspec_bn_employed_treat_HD","treat_HD",82,0.0463276836158192,"Increase",876,1791,876
"06_UHGtBtCEoaUWRP","itt_fullspec_bn_employed_treat_HD","treat_HD",82,0.0463276836158192,"Increase",45,92,45
"06_UHGtBtCEoaUWRP","itt_fullspec_bn_employed_treat_HD","treat_HD",82,0.0463276836158192,"Increase",831,1698,831
"06_UHGtBtCEoaUWRP","itt_fullspec_bn_employed_treat_HD","treat_HD",82,0.0463276836158192,"Increase",218,449,218
"06_UHGtBtCEoaUWRP","itt_fullspec_bn_employed_treat_HD","treat_HD",82,0.0463276836158192,"Increase",783,1602,783
"06_UHGtBtCEoaUWRP","itt_fullspec_bn_employed_treat_HD","treat_HD",82,0.0463276836158192,"Increase",1527,3125,1527
"06_UHGtBtCEoaUWRP","itt_fullspec_bn_employed_treat_HD","treat_HD",82,0.0463276836158192,"Increase",446,916,446
"06_UHGtBtCEoaUWRP","itt_fullspec_bn_employed_treat_HD","treat_HD",82,0.0463276836158192,"Increase",1221,2496,1221
"06_UHGtBtCEoaUWRP","itt_fullspec_bn_employed_treat_HD","treat_HD",82,0.0463276836158192,"Increase",329,676,329
"06_UHGtBtCEoaUWRP","itt_fullspec_bn_employed_treat_HD","treat_HD",82,0.0463276836158192,"Increase",838,1712,838
"06_UHGtBtCEoaUWRP","itt_fullspec_bn_employed_treat_HD","treat_HD",82,0.0463276836158192,"Increase",526,1080,526
"06_UHGtBtCEoaUWRP","itt_fullspec_bn_employed_treat_HD","treat_HD",82,0.0463276836158192,"Increase",1702,3480,1702
"06_UHGtBtCEoaUWRP","itt_fullspec_bn_employed_treat_HD","treat_HD",82,0.0463276836158192,"Increase",107,223,107
"06_UHGtBtCEoaUWRP","itt_fullspec_bn_employed_treat_HD","treat_HD",82,0.0463276836158192,"Increase",168,348,168
"06_UHGtBtCEoaUWRP","itt_fullspec_bn_employed_treat_HD","treat_HD",82,0.0463276836158192,"Increase",1077,2202,1077
"06_UHGtBtCEoaUWRP","itt_fullspec_bn_employed_treat_HD","treat_HD",82,0.0463276836158192,"Increase",1157,2365,1157
"06_UHGtBtCEoaUWRP","itt_fullspec_bn_employed_treat_HD","treat_HD",82,0.0463276836158192,"Increase",370,759,370
"06_UHGtBtCEoaUWRP","itt_fullspec_bn_employed_treat_HD","treat_HD",82,0.0463276836158192,"Increase",1200,2452,1200
"06_UHGtBtCEoaUWRP","itt_fullspec_bn_employed_treat_HD","treat_HD",82,0.0463276836158192,"Increase",354,727,354
"06_UHGtBtCEoaUWRP","itt_fullspec_bn_employed_treat_HD","treat_HD",82,0.0463276836158192,"Increase",669,1371,669
"06_UHGtBtCEoaUWRP","itt_fullspec_bn_employed_treat_HD","treat_HD",82,0.0463276836158192,"Increase",860,1758,860
"06_UHGtBtCEoaUWRP","itt_fullspec_bn_employed_treat_HD","treat_HD",82,0.0463276836158192,"Increase",618,1268,618
"06_UHGtBtCEoaUWRP","itt_fullspec_bn_employed_treat_HD","treat_HD",82,0.0463276836158192,"Increase",718,1470,718
"06_UHGtBtCEoaUWRP","itt_fullspec_bn_employed_treat_HD","treat_HD",82,0.0463276836158192,"Increase",1022,2087,1022
"06_UHGtBtCEoaUWRP","itt_fullspec_bn_employed_treat_HD","treat_HD",82,0.0463276836158192,"Increase",1746,3569,1746
"06_UHGtBtCEoaUWRP","itt_fullspec_bn_employed_treat_HD","treat_HD",82,0.0463276836158192,"Increase",788,1612,788
"06_UHGtBtCEoaUWRP","itt_fullspec_bn_employed_treat_HD","treat_HD",82,0.0463276836158192,"Increase",1472,3014,1472
"06_UHGtBtCEoaUWRP","itt_fullspec_bn_employed_treat_HD","treat_HD",82,0.0463276836158192,"Increase",1248,2554,1248
"06_UHGtBtCEoaUWRP","itt_fullspec_bn_employed_treat_HD","treat_HD",82,0.0463276836158192,"Increase",333,684,333
"06_UHGtBtCEoaUWRP","itt_fullspec_bn_employed_treat_HD","treat_HD",82,0.0463276836158192,"Increase",1090,2228,1090
"06_UHGtBtCEoaUWRP","itt_fullspec_bn_employed_treat_HD","treat_HD",82,0.0463276836158192,"Increase",40,82,40
"06_UHGtBtCEoaUWRP","itt_fullspec_bn_employed_treat_HD","treat_HD",82,0.0463276836158192,"Increase",1504,3079,1504
"06_UHGtBtCEoaUWRP","itt_fullspec_bn_employed_treat_HD","treat_HD",82,0.0463276836158192,"Increase",1142,2335,1142
"06_UHGtBtCEoaUWRP","itt_fullspec_bn_employed_treat_HD","treat_HD",82,0.0463276836158192,"Increase",1239,2533,1239
"06_UHGtBtCEoaUWRP","itt_fullspec_bn_employed_treat_HD","treat_HD",82,0.0463276836158192,"Increase",462,949,462
"06_UHGtBtCEoaUWRP","itt_fullspec_bn_employed_treat_HD","treat_HD",82,0.0463276836158192,"Increase",1619,3312,1619
"06_UHGtBtCEoaUWRP","itt_fullspec_bn_employed_treat_HD","treat_HD",82,0.0463276836158192,"Increase",1125,2300,1125
"06_UHGtBtCEoaUWRP","itt_fullspec_bn_employed_treat_HD","treat_HD",82,0.0463276836158192,"Increase",29,60,29
"06_UHGtBtCEoaUWRP","itt_fullspec_bn_employed_treat_HD","treat_HD",82,0.0463276836158192,"Increase",777,1590,777
"06_UHGtBtCEoaUWRP","itt_fullspec_bn_employed_treat_HD","treat_HD",82,0.0463276836158192,"Increase",794,1624,794
"06_UHGtBtCEoaUWRP","itt_fullspec_bn_employed_treat_HD","treat_HD",82,0.0463276836158192,"Increase",1587,3247,1587
"06_UHGtBtCEoaUWRP","itt_fullspec_bn_employed_treat_HD","treat_HD",82,0.0463276836158192,"Increase",639,1310,639
"06_UHGtBtCEoaUWRP","itt_fullspec_bn_employed_treat_HD","treat_HD",82,0.0463276836158192,"Increase",127,264,127
"06_UHGtBtCEoaUWRP","itt_fullspec_bn_employed_treat_HD","treat_HD",82,0.0463276836158192,"Increase",1486,3043,1486
"06_UHGtBtCEoaUWRP","itt_fullspec_bn_employed_treat_HD","treat_HD",82,0.0463276836158192,"Increase",513,1053,513
"06_UHGtBtCEoaUWRP","itt_fullspec_bn_employed_treat_HD","treat_HD",82,0.0463276836158192,"Increase",849,1735,849
"06_UHGtBtCEoaUWRP","itt_fullspec_bn_employed_treat_HD","treat_HD",82,0.0463276836158192,"Increase",521,1070,521
"06_UHGtBtCEoaUWRP","itt_fullspec_bn_employed_treat_HD","treat_HD",82,0.0463276836158192,"Increase",1544,3159,1544
"06_UHGtBtCEoaUWRP","itt_fullspec_bn_employed_treat_HD","treat_HD",82,0.0463276836158192,"Increase",556,1141,556
"06_UHGtBtCEoaUWRP","itt_fullspec_bn_employed_treat_HD","treat_HD",82,0.0463276836158192,"Increase",1316,2695,1316
"06_UHGtBtCEoaUWRP","itt_fullspec_bn_employed_treat_HD","treat_HD",82,0.0463276836158192,"Increase",1035,2115,1035
"06_UHGtBtCEoaUWRP","itt_fullspec_bn_employed_treat_HD","treat_HD",82,0.0463276836158192,"Increase",1108,2265,1108
"06_UHGtBtCEoaUWRP","itt_fullspec_bn_employed_treat_HD","treat_HD",82,0.0463276836158192,"Increase",69,141,69
"06_UHGtBtCEoaUWRP","itt_fullspec_bn_employed_treat_HD","treat_HD",82,0.0463276836158192,"Increase",1183,2418,1183
"06_UHGtBtCEoaUWRP","itt_fullspec_bn_employed_treat_HD","treat_HD",82,0.0463276836158192,"Increase",1469,3008,1469
"06_UHGtBtCEoaUWRP","itt_fullspec_bn_employed_treat_HD","treat_HD",82,0.0463276836158192,"Increase",334,686,334
"06_UHGtBtCEoaUWRP","itt_fullspec_bn_employed_treat_HD","treat_HD",82,0.0463276836158192,"Increase",105,219,105
"06_UHGtBtCEoaUWRP","itt_fullspec_bn_employed_treat_HD","treat_HD",82,0.0463276836158192,"Increase",545,1118,545
"06_UHGtBtCEoaUWRP","itt_fullspec_bn_employed_treat_HD","treat_HD",82,0.0463276836158192,"Increase",1336,2735,1336
"06_UHGtBtCEoaUWRP","itt_fullspec_bn_employed_treat_HD","treat_HD",82,0.0463276836158192,"Increase",1561,3193,1561
"06_UHGtBtCEoaUWRP","itt_fullspec_bn_employed_treat_HD","treat_HD",82,0.0463276836158192,"Increase",845,1726,845
"06_UHGtBtCEoaUWRP","itt_fullspec_bn_employed_treat_HD","treat_HD",83,0.0468926553672316,"Increase",1441,2950,1441
"06_UHGtBtCEoaUWRP","itt_fullspec_bn_employed_treat_HD","treat_HD",83,0.0468926553672316,"Increase",632,1296,632
"06_UHGtBtCEoaUWRP","itt_fullspec_bn_employed_treat_HD","treat_HD",83,0.0468926553672316,"Increase",1636,3346,1636
"06_UHGtBtCEoaUWRP","itt_fullspec_bn_employed_treat_HD","treat_HD",83,0.0468926553672316,"Increase",1051,2148,1051
"06_UHGtBtCEoaUWRP","itt_fullspec_bn_employed_treat_HD","treat_HD",83,0.0468926553672316,"Increase",1083,2214,1083
"06_UHGtBtCEoaUWRP","itt_fullspec_bn_employed_treat_HD","treat_HD",83,0.0468926553672316,"Increase",380,780,380
"06_UHGtBtCEoaUWRP","itt_fullspec_bn_employed_treat_HD","treat_HD",83,0.0468926553672316,"Increase",391,803,391
"06_UHGtBtCEoaUWRP","itt_fullspec_bn_employed_treat_HD","treat_HD",83,0.0468926553672316,"Increase",1442,2952,1442
"06_UHGtBtCEoaUWRP","itt_fullspec_bn_employed_treat_HD","treat_HD",83,0.0468926553672316,"Increase",1194,2440,1194
"06_UHGtBtCEoaUWRP","itt_fullspec_bn_employed_treat_HD","treat_HD",83,0.0468926553672316,"Increase",94,195,94
"06_UHGtBtCEoaUWRP","itt_fullspec_bn_employed_treat_HD","treat_HD",83,0.0468926553672316,"Increase",1616,3306,1616
"06_UHGtBtCEoaUWRP","itt_fullspec_bn_employed_treat_HD","treat_HD",83,0.0468926553672316,"Increase",1536,3143,1536
"06_UHGtBtCEoaUWRP","itt_fullspec_bn_employed_treat_HD","treat_HD",83,0.0468926553672316,"Increase",1124,2298,1124
"06_UHGtBtCEoaUWRP","itt_fullspec_bn_employed_treat_HD","treat_HD",83,0.0468926553672316,"Increase",363,745,363
"06_UHGtBtCEoaUWRP","itt_fullspec_bn_employed_treat_HD","treat_HD",83,0.0468926553672316,"Increase",223,459,223
"06_UHGtBtCEoaUWRP","itt_fullspec_bn_employed_treat_HD","treat_HD",83,0.0468926553672316,"Increase",1714,3504,1714
"06_UHGtBtCEoaUWRP","itt_fullspec_bn_employed_treat_HD","treat_HD",83,0.0468926553672316,"Increase",132,274,132
"06_UHGtBtCEoaUWRP","itt_fullspec_bn_employed_treat_HD","treat_HD",83,0.0468926553672316,"Increase",285,586,285
"06_UHGtBtCEoaUWRP","itt_fullspec_bn_employed_treat_HD","treat_HD",83,0.0468926553672316,"Increase",734,1502,734
"06_UHGtBtCEoaUWRP","itt_fullspec_bn_employed_treat_HD","treat_HD",83,0.0468926553672316,"Increase",549,1126,549
"06_UHGtBtCEoaUWRP","itt_fullspec_bn_employed_treat_HD","treat_HD",83,0.0468926553672316,"Increase",46,94,46
"06_UHGtBtCEoaUWRP","itt_fullspec_bn_employed_treat_HD","treat_HD",83,0.0468926553672316,"Increase",45,92,45
"06_UHGtBtCEoaUWRP","itt_fullspec_bn_employed_treat_HD","treat_HD",83,0.0468926553672316,"Increase",876,1791,876
"06_UHGtBtCEoaUWRP","itt_fullspec_bn_employed_treat_HD","treat_HD",83,0.0468926553672316,"Increase",831,1698,831
"06_UHGtBtCEoaUWRP","itt_fullspec_bn_employed_treat_HD","treat_HD",83,0.0468926553672316,"Increase",218,449,218
"06_UHGtBtCEoaUWRP","itt_fullspec_bn_employed_treat_HD","treat_HD",83,0.0468926553672316,"Increase",783,1602,783
"06_UHGtBtCEoaUWRP","itt_fullspec_bn_employed_treat_HD","treat_HD",83,0.0468926553672316,"Increase",1527,3125,1527
"06_UHGtBtCEoaUWRP","itt_fullspec_bn_employed_treat_HD","treat_HD",83,0.0468926553672316,"Increase",446,916,446
"06_UHGtBtCEoaUWRP","itt_fullspec_bn_employed_treat_HD","treat_HD",83,0.0468926553672316,"Increase",1221,2496,1221
"06_UHGtBtCEoaUWRP","itt_fullspec_bn_employed_treat_HD","treat_HD",83,0.0468926553672316,"Increase",329,676,329
"06_UHGtBtCEoaUWRP","itt_fullspec_bn_employed_treat_HD","treat_HD",83,0.0468926553672316,"Increase",838,1712,838
"06_UHGtBtCEoaUWRP","itt_fullspec_bn_employed_treat_HD","treat_HD",83,0.0468926553672316,"Increase",526,1080,526
"06_UHGtBtCEoaUWRP","itt_fullspec_bn_employed_treat_HD","treat_HD",83,0.0468926553672316,"Increase",1702,3480,1702
"06_UHGtBtCEoaUWRP","itt_fullspec_bn_employed_treat_HD","treat_HD",83,0.0468926553672316,"Increase",107,223,107
"06_UHGtBtCEoaUWRP","itt_fullspec_bn_employed_treat_HD","treat_HD",83,0.0468926553672316,"Increase",168,348,168
"06_UHGtBtCEoaUWRP","itt_fullspec_bn_employed_treat_HD","treat_HD",83,0.0468926553672316,"Increase",1077,2202,1077
"06_UHGtBtCEoaUWRP","itt_fullspec_bn_employed_treat_HD","treat_HD",83,0.0468926553672316,"Increase",370,759,370
"06_UHGtBtCEoaUWRP","itt_fullspec_bn_employed_treat_HD","treat_HD",83,0.0468926553672316,"Increase",1157,2365,1157
"06_UHGtBtCEoaUWRP","itt_fullspec_bn_employed_treat_HD","treat_HD",83,0.0468926553672316,"Increase",1200,2452,1200
"06_UHGtBtCEoaUWRP","itt_fullspec_bn_employed_treat_HD","treat_HD",83,0.0468926553672316,"Increase",354,727,354
"06_UHGtBtCEoaUWRP","itt_fullspec_bn_employed_treat_HD","treat_HD",83,0.0468926553672316,"Increase",669,1371,669
"06_UHGtBtCEoaUWRP","itt_fullspec_bn_employed_treat_HD","treat_HD",83,0.0468926553672316,"Increase",860,1758,860
"06_UHGtBtCEoaUWRP","itt_fullspec_bn_employed_treat_HD","treat_HD",83,0.0468926553672316,"Increase",618,1268,618
"06_UHGtBtCEoaUWRP","itt_fullspec_bn_employed_treat_HD","treat_HD",83,0.0468926553672316,"Increase",718,1470,718
"06_UHGtBtCEoaUWRP","itt_fullspec_bn_employed_treat_HD","treat_HD",83,0.0468926553672316,"Increase",1022,2087,1022
"06_UHGtBtCEoaUWRP","itt_fullspec_bn_employed_treat_HD","treat_HD",83,0.0468926553672316,"Increase",1746,3569,1746
"06_UHGtBtCEoaUWRP","itt_fullspec_bn_employed_treat_HD","treat_HD",83,0.0468926553672316,"Increase",788,1612,788
"06_UHGtBtCEoaUWRP","itt_fullspec_bn_employed_treat_HD","treat_HD",83,0.0468926553672316,"Increase",1472,3014,1472
"06_UHGtBtCEoaUWRP","itt_fullspec_bn_employed_treat_HD","treat_HD",83,0.0468926553672316,"Increase",1248,2554,1248
"06_UHGtBtCEoaUWRP","itt_fullspec_bn_employed_treat_HD","treat_HD",83,0.0468926553672316,"Increase",333,684,333
"06_UHGtBtCEoaUWRP","itt_fullspec_bn_employed_treat_HD","treat_HD",83,0.0468926553672316,"Increase",1090,2228,1090
"06_UHGtBtCEoaUWRP","itt_fullspec_bn_employed_treat_HD","treat_HD",83,0.0468926553672316,"Increase",40,82,40
"06_UHGtBtCEoaUWRP","itt_fullspec_bn_employed_treat_HD","treat_HD",83,0.0468926553672316,"Increase",1504,3079,1504
"06_UHGtBtCEoaUWRP","itt_fullspec_bn_employed_treat_HD","treat_HD",83,0.0468926553672316,"Increase",1142,2335,1142
"06_UHGtBtCEoaUWRP","itt_fullspec_bn_employed_treat_HD","treat_HD",83,0.0468926553672316,"Increase",1239,2533,1239
"06_UHGtBtCEoaUWRP","itt_fullspec_bn_employed_treat_HD","treat_HD",83,0.0468926553672316,"Increase",462,949,462
"06_UHGtBtCEoaUWRP","itt_fullspec_bn_employed_treat_HD","treat_HD",83,0.0468926553672316,"Increase",1619,3312,1619
"06_UHGtBtCEoaUWRP","itt_fullspec_bn_employed_treat_HD","treat_HD",83,0.0468926553672316,"Increase",1125,2300,1125
"06_UHGtBtCEoaUWRP","itt_fullspec_bn_employed_treat_HD","treat_HD",83,0.0468926553672316,"Increase",29,60,29
"06_UHGtBtCEoaUWRP","itt_fullspec_bn_employed_treat_HD","treat_HD",83,0.0468926553672316,"Increase",777,1590,777
"06_UHGtBtCEoaUWRP","itt_fullspec_bn_employed_treat_HD","treat_HD",83,0.0468926553672316,"Increase",794,1624,794
"06_UHGtBtCEoaUWRP","itt_fullspec_bn_employed_treat_HD","treat_HD",83,0.0468926553672316,"Increase",1587,3247,1587
"06_UHGtBtCEoaUWRP","itt_fullspec_bn_employed_treat_HD","treat_HD",83,0.0468926553672316,"Increase",639,1310,639
"06_UHGtBtCEoaUWRP","itt_fullspec_bn_employed_treat_HD","treat_HD",83,0.0468926553672316,"Increase",127,264,127
"06_UHGtBtCEoaUWRP","itt_fullspec_bn_employed_treat_HD","treat_HD",83,0.0468926553672316,"Increase",1486,3043,1486
"06_UHGtBtCEoaUWRP","itt_fullspec_bn_employed_treat_HD","treat_HD",83,0.0468926553672316,"Increase",513,1053,513
"06_UHGtBtCEoaUWRP","itt_fullspec_bn_employed_treat_HD","treat_HD",83,0.0468926553672316,"Increase",849,1735,849
"06_UHGtBtCEoaUWRP","itt_fullspec_bn_employed_treat_HD","treat_HD",83,0.0468926553672316,"Increase",521,1070,521
"06_UHGtBtCEoaUWRP","itt_fullspec_bn_employed_treat_HD","treat_HD",83,0.0468926553672316,"Increase",1544,3159,1544
"06_UHGtBtCEoaUWRP","itt_fullspec_bn_employed_treat_HD","treat_HD",83,0.0468926553672316,"Increase",556,1141,556
"06_UHGtBtCEoaUWRP","itt_fullspec_bn_employed_treat_HD","treat_HD",83,0.0468926553672316,"Increase",1316,2695,1316
"06_UHGtBtCEoaUWRP","itt_fullspec_bn_employed_treat_HD","treat_HD",83,0.0468926553672316,"Increase",1035,2115,1035
"06_UHGtBtCEoaUWRP","itt_fullspec_bn_employed_treat_HD","treat_HD",83,0.0468926553672316,"Increase",1108,2265,1108
"06_UHGtBtCEoaUWRP","itt_fullspec_bn_employed_treat_HD","treat_HD",83,0.0468926553672316,"Increase",69,141,69
"06_UHGtBtCEoaUWRP","itt_fullspec_bn_employed_treat_HD","treat_HD",83,0.0468926553672316,"Increase",1183,2418,1183
"06_UHGtBtCEoaUWRP","itt_fullspec_bn_employed_treat_HD","treat_HD",83,0.0468926553672316,"Increase",1469,3008,1469
"06_UHGtBtCEoaUWRP","itt_fullspec_bn_employed_treat_HD","treat_HD",83,0.0468926553672316,"Increase",334,686,334
"06_UHGtBtCEoaUWRP","itt_fullspec_bn_employed_treat_HD","treat_HD",83,0.0468926553672316,"Increase",105,219,105
"06_UHGtBtCEoaUWRP","itt_fullspec_bn_employed_treat_HD","treat_HD",83,0.0468926553672316,"Increase",545,1118,545
"06_UHGtBtCEoaUWRP","itt_fullspec_bn_employed_treat_HD","treat_HD",83,0.0468926553672316,"Increase",1336,2735,1336
"06_UHGtBtCEoaUWRP","itt_fullspec_bn_employed_treat_HD","treat_HD",83,0.0468926553672316,"Increase",1561,3193,1561
"06_UHGtBtCEoaUWRP","itt_fullspec_bn_employed_treat_HD","treat_HD",83,0.0468926553672316,"Increase",845,1726,845
"06_UHGtBtCEoaUWRP","itt_fullspec_bn_employed_treat_HD","treat_HD",83,0.0468926553672316,"Increase",296,608,296
"06_UHGtBtCEoaUWRP","itt_fullspec_bn_employed_treat_HD","treat_HD",84,0.0474576271186441,"Increase",1441,2950,1441
"06_UHGtBtCEoaUWRP","itt_fullspec_bn_employed_treat_HD","treat_HD",84,0.0474576271186441,"Increase",632,1296,632
"06_UHGtBtCEoaUWRP","itt_fullspec_bn_employed_treat_HD","treat_HD",84,0.0474576271186441,"Increase",1636,3346,1636
"06_UHGtBtCEoaUWRP","itt_fullspec_bn_employed_treat_HD","treat_HD",84,0.0474576271186441,"Increase",1051,2148,1051
"06_UHGtBtCEoaUWRP","itt_fullspec_bn_employed_treat_HD","treat_HD",84,0.0474576271186441,"Increase",1083,2214,1083
"06_UHGtBtCEoaUWRP","itt_fullspec_bn_employed_treat_HD","treat_HD",84,0.0474576271186441,"Increase",380,780,380
"06_UHGtBtCEoaUWRP","itt_fullspec_bn_employed_treat_HD","treat_HD",84,0.0474576271186441,"Increase",391,803,391
"06_UHGtBtCEoaUWRP","itt_fullspec_bn_employed_treat_HD","treat_HD",84,0.0474576271186441,"Increase",1442,2952,1442
"06_UHGtBtCEoaUWRP","itt_fullspec_bn_employed_treat_HD","treat_HD",84,0.0474576271186441,"Increase",1194,2440,1194
"06_UHGtBtCEoaUWRP","itt_fullspec_bn_employed_treat_HD","treat_HD",84,0.0474576271186441,"Increase",94,195,94
"06_UHGtBtCEoaUWRP","itt_fullspec_bn_employed_treat_HD","treat_HD",84,0.0474576271186441,"Increase",1616,3306,1616
"06_UHGtBtCEoaUWRP","itt_fullspec_bn_employed_treat_HD","treat_HD",84,0.0474576271186441,"Increase",1536,3143,1536
"06_UHGtBtCEoaUWRP","itt_fullspec_bn_employed_treat_HD","treat_HD",84,0.0474576271186441,"Increase",1124,2298,1124
"06_UHGtBtCEoaUWRP","itt_fullspec_bn_employed_treat_HD","treat_HD",84,0.0474576271186441,"Increase",363,745,363
"06_UHGtBtCEoaUWRP","itt_fullspec_bn_employed_treat_HD","treat_HD",84,0.0474576271186441,"Increase",223,459,223
"06_UHGtBtCEoaUWRP","itt_fullspec_bn_employed_treat_HD","treat_HD",84,0.0474576271186441,"Increase",1714,3504,1714
"06_UHGtBtCEoaUWRP","itt_fullspec_bn_employed_treat_HD","treat_HD",84,0.0474576271186441,"Increase",132,274,132
"06_UHGtBtCEoaUWRP","itt_fullspec_bn_employed_treat_HD","treat_HD",84,0.0474576271186441,"Increase",285,586,285
"06_UHGtBtCEoaUWRP","itt_fullspec_bn_employed_treat_HD","treat_HD",84,0.0474576271186441,"Increase",734,1502,734
"06_UHGtBtCEoaUWRP","itt_fullspec_bn_employed_treat_HD","treat_HD",84,0.0474576271186441,"Increase",549,1126,549
"06_UHGtBtCEoaUWRP","itt_fullspec_bn_employed_treat_HD","treat_HD",84,0.0474576271186441,"Increase",46,94,46
"06_UHGtBtCEoaUWRP","itt_fullspec_bn_employed_treat_HD","treat_HD",84,0.0474576271186441,"Increase",45,92,45
"06_UHGtBtCEoaUWRP","itt_fullspec_bn_employed_treat_HD","treat_HD",84,0.0474576271186441,"Increase",876,1791,876
"06_UHGtBtCEoaUWRP","itt_fullspec_bn_employed_treat_HD","treat_HD",84,0.0474576271186441,"Increase",831,1698,831
"06_UHGtBtCEoaUWRP","itt_fullspec_bn_employed_treat_HD","treat_HD",84,0.0474576271186441,"Increase",218,449,218
"06_UHGtBtCEoaUWRP","itt_fullspec_bn_employed_treat_HD","treat_HD",84,0.0474576271186441,"Increase",783,1602,783
"06_UHGtBtCEoaUWRP","itt_fullspec_bn_employed_treat_HD","treat_HD",84,0.0474576271186441,"Increase",1527,3125,1527
"06_UHGtBtCEoaUWRP","itt_fullspec_bn_employed_treat_HD","treat_HD",84,0.0474576271186441,"Increase",446,916,446
"06_UHGtBtCEoaUWRP","itt_fullspec_bn_employed_treat_HD","treat_HD",84,0.0474576271186441,"Increase",1221,2496,1221
"06_UHGtBtCEoaUWRP","itt_fullspec_bn_employed_treat_HD","treat_HD",84,0.0474576271186441,"Increase",329,676,329
"06_UHGtBtCEoaUWRP","itt_fullspec_bn_employed_treat_HD","treat_HD",84,0.0474576271186441,"Increase",838,1712,838
"06_UHGtBtCEoaUWRP","itt_fullspec_bn_employed_treat_HD","treat_HD",84,0.0474576271186441,"Increase",526,1080,526
"06_UHGtBtCEoaUWRP","itt_fullspec_bn_employed_treat_HD","treat_HD",84,0.0474576271186441,"Increase",1702,3480,1702
"06_UHGtBtCEoaUWRP","itt_fullspec_bn_employed_treat_HD","treat_HD",84,0.0474576271186441,"Increase",107,223,107
"06_UHGtBtCEoaUWRP","itt_fullspec_bn_employed_treat_HD","treat_HD",84,0.0474576271186441,"Increase",168,348,168
"06_UHGtBtCEoaUWRP","itt_fullspec_bn_employed_treat_HD","treat_HD",84,0.0474576271186441,"Increase",1077,2202,1077
"06_UHGtBtCEoaUWRP","itt_fullspec_bn_employed_treat_HD","treat_HD",84,0.0474576271186441,"Increase",370,759,370
"06_UHGtBtCEoaUWRP","itt_fullspec_bn_employed_treat_HD","treat_HD",84,0.0474576271186441,"Increase",1157,2365,1157
"06_UHGtBtCEoaUWRP","itt_fullspec_bn_employed_treat_HD","treat_HD",84,0.0474576271186441,"Increase",1200,2452,1200
"06_UHGtBtCEoaUWRP","itt_fullspec_bn_employed_treat_HD","treat_HD",84,0.0474576271186441,"Increase",354,727,354
"06_UHGtBtCEoaUWRP","itt_fullspec_bn_employed_treat_HD","treat_HD",84,0.0474576271186441,"Increase",860,1758,860
"06_UHGtBtCEoaUWRP","itt_fullspec_bn_employed_treat_HD","treat_HD",84,0.0474576271186441,"Increase",669,1371,669
"06_UHGtBtCEoaUWRP","itt_fullspec_bn_employed_treat_HD","treat_HD",84,0.0474576271186441,"Increase",618,1268,618
"06_UHGtBtCEoaUWRP","itt_fullspec_bn_employed_treat_HD","treat_HD",84,0.0474576271186441,"Increase",718,1470,718
"06_UHGtBtCEoaUWRP","itt_fullspec_bn_employed_treat_HD","treat_HD",84,0.0474576271186441,"Increase",1022,2087,1022
"06_UHGtBtCEoaUWRP","itt_fullspec_bn_employed_treat_HD","treat_HD",84,0.0474576271186441,"Increase",1746,3569,1746
"06_UHGtBtCEoaUWRP","itt_fullspec_bn_employed_treat_HD","treat_HD",84,0.0474576271186441,"Increase",788,1612,788
"06_UHGtBtCEoaUWRP","itt_fullspec_bn_employed_treat_HD","treat_HD",84,0.0474576271186441,"Increase",1472,3014,1472
"06_UHGtBtCEoaUWRP","itt_fullspec_bn_employed_treat_HD","treat_HD",84,0.0474576271186441,"Increase",1248,2554,1248
"06_UHGtBtCEoaUWRP","itt_fullspec_bn_employed_treat_HD","treat_HD",84,0.0474576271186441,"Increase",333,684,333
"06_UHGtBtCEoaUWRP","itt_fullspec_bn_employed_treat_HD","treat_HD",84,0.0474576271186441,"Increase",1090,2228,1090
"06_UHGtBtCEoaUWRP","itt_fullspec_bn_employed_treat_HD","treat_HD",84,0.0474576271186441,"Increase",40,82,40
"06_UHGtBtCEoaUWRP","itt_fullspec_bn_employed_treat_HD","treat_HD",84,0.0474576271186441,"Increase",1504,3079,1504
"06_UHGtBtCEoaUWRP","itt_fullspec_bn_employed_treat_HD","treat_HD",84,0.0474576271186441,"Increase",1142,2335,1142
"06_UHGtBtCEoaUWRP","itt_fullspec_bn_employed_treat_HD","treat_HD",84,0.0474576271186441,"Increase",1239,2533,1239
"06_UHGtBtCEoaUWRP","itt_fullspec_bn_employed_treat_HD","treat_HD",84,0.0474576271186441,"Increase",462,949,462
"06_UHGtBtCEoaUWRP","itt_fullspec_bn_employed_treat_HD","treat_HD",84,0.0474576271186441,"Increase",1619,3312,1619
"06_UHGtBtCEoaUWRP","itt_fullspec_bn_employed_treat_HD","treat_HD",84,0.0474576271186441,"Increase",1125,2300,1125
"06_UHGtBtCEoaUWRP","itt_fullspec_bn_employed_treat_HD","treat_HD",84,0.0474576271186441,"Increase",29,60,29
"06_UHGtBtCEoaUWRP","itt_fullspec_bn_employed_treat_HD","treat_HD",84,0.0474576271186441,"Increase",777,1590,777
"06_UHGtBtCEoaUWRP","itt_fullspec_bn_employed_treat_HD","treat_HD",84,0.0474576271186441,"Increase",1587,3247,1587
"06_UHGtBtCEoaUWRP","itt_fullspec_bn_employed_treat_HD","treat_HD",84,0.0474576271186441,"Increase",794,1624,794
"06_UHGtBtCEoaUWRP","itt_fullspec_bn_employed_treat_HD","treat_HD",84,0.0474576271186441,"Increase",639,1310,639
"06_UHGtBtCEoaUWRP","itt_fullspec_bn_employed_treat_HD","treat_HD",84,0.0474576271186441,"Increase",127,264,127
"06_UHGtBtCEoaUWRP","itt_fullspec_bn_employed_treat_HD","treat_HD",84,0.0474576271186441,"Increase",1486,3043,1486
"06_UHGtBtCEoaUWRP","itt_fullspec_bn_employed_treat_HD","treat_HD",84,0.0474576271186441,"Increase",513,1053,513
"06_UHGtBtCEoaUWRP","itt_fullspec_bn_employed_treat_HD","treat_HD",84,0.0474576271186441,"Increase",849,1735,849
"06_UHGtBtCEoaUWRP","itt_fullspec_bn_employed_treat_HD","treat_HD",84,0.0474576271186441,"Increase",521,1070,521
"06_UHGtBtCEoaUWRP","itt_fullspec_bn_employed_treat_HD","treat_HD",84,0.0474576271186441,"Increase",1544,3159,1544
"06_UHGtBtCEoaUWRP","itt_fullspec_bn_employed_treat_HD","treat_HD",84,0.0474576271186441,"Increase",556,1141,556
"06_UHGtBtCEoaUWRP","itt_fullspec_bn_employed_treat_HD","treat_HD",84,0.0474576271186441,"Increase",1316,2695,1316
"06_UHGtBtCEoaUWRP","itt_fullspec_bn_employed_treat_HD","treat_HD",84,0.0474576271186441,"Increase",1035,2115,1035
"06_UHGtBtCEoaUWRP","itt_fullspec_bn_employed_treat_HD","treat_HD",84,0.0474576271186441,"Increase",1108,2265,1108
"06_UHGtBtCEoaUWRP","itt_fullspec_bn_employed_treat_HD","treat_HD",84,0.0474576271186441,"Increase",69,141,69
"06_UHGtBtCEoaUWRP","itt_fullspec_bn_employed_treat_HD","treat_HD",84,0.0474576271186441,"Increase",1183,2418,1183
"06_UHGtBtCEoaUWRP","itt_fullspec_bn_employed_treat_HD","treat_HD",84,0.0474576271186441,"Increase",1469,3008,1469
"06_UHGtBtCEoaUWRP","itt_fullspec_bn_employed_treat_HD","treat_HD",84,0.0474576271186441,"Increase",334,686,334
"06_UHGtBtCEoaUWRP","itt_fullspec_bn_employed_treat_HD","treat_HD",84,0.0474576271186441,"Increase",105,219,105
"06_UHGtBtCEoaUWRP","itt_fullspec_bn_employed_treat_HD","treat_HD",84,0.0474576271186441,"Increase",545,1118,545
"06_UHGtBtCEoaUWRP","itt_fullspec_bn_employed_treat_HD","treat_HD",84,0.0474576271186441,"Increase",1336,2735,1336
"06_UHGtBtCEoaUWRP","itt_fullspec_bn_employed_treat_HD","treat_HD",84,0.0474576271186441,"Increase",845,1726,845
"06_UHGtBtCEoaUWRP","itt_fullspec_bn_employed_treat_HD","treat_HD",84,0.0474576271186441,"Increase",1561,3193,1561
"06_UHGtBtCEoaUWRP","itt_fullspec_bn_employed_treat_HD","treat_HD",84,0.0474576271186441,"Increase",296,608,296
"06_UHGtBtCEoaUWRP","itt_fullspec_bn_employed_treat_HD","treat_HD",84,0.0474576271186441,"Increase",1323,2709,1323
"06_UHGtBtCEoaUWRP","itt_fullspec_bn_employed_treat_HD","treat_HD",85,0.0480225988700565,"Increase",1441,2950,1441
"06_UHGtBtCEoaUWRP","itt_fullspec_bn_employed_treat_HD","treat_HD",85,0.0480225988700565,"Increase",632,1296,632
"06_UHGtBtCEoaUWRP","itt_fullspec_bn_employed_treat_HD","treat_HD",85,0.0480225988700565,"Increase",1636,3346,1636
"06_UHGtBtCEoaUWRP","itt_fullspec_bn_employed_treat_HD","treat_HD",85,0.0480225988700565,"Increase",1051,2148,1051
"06_UHGtBtCEoaUWRP","itt_fullspec_bn_employed_treat_HD","treat_HD",85,0.0480225988700565,"Increase",1083,2214,1083
"06_UHGtBtCEoaUWRP","itt_fullspec_bn_employed_treat_HD","treat_HD",85,0.0480225988700565,"Increase",380,780,380
"06_UHGtBtCEoaUWRP","itt_fullspec_bn_employed_treat_HD","treat_HD",85,0.0480225988700565,"Increase",391,803,391
"06_UHGtBtCEoaUWRP","itt_fullspec_bn_employed_treat_HD","treat_HD",85,0.0480225988700565,"Increase",1442,2952,1442
"06_UHGtBtCEoaUWRP","itt_fullspec_bn_employed_treat_HD","treat_HD",85,0.0480225988700565,"Increase",1194,2440,1194
"06_UHGtBtCEoaUWRP","itt_fullspec_bn_employed_treat_HD","treat_HD",85,0.0480225988700565,"Increase",94,195,94
"06_UHGtBtCEoaUWRP","itt_fullspec_bn_employed_treat_HD","treat_HD",85,0.0480225988700565,"Increase",1616,3306,1616
"06_UHGtBtCEoaUWRP","itt_fullspec_bn_employed_treat_HD","treat_HD",85,0.0480225988700565,"Increase",1536,3143,1536
"06_UHGtBtCEoaUWRP","itt_fullspec_bn_employed_treat_HD","treat_HD",85,0.0480225988700565,"Increase",1124,2298,1124
"06_UHGtBtCEoaUWRP","itt_fullspec_bn_employed_treat_HD","treat_HD",85,0.0480225988700565,"Increase",363,745,363
"06_UHGtBtCEoaUWRP","itt_fullspec_bn_employed_treat_HD","treat_HD",85,0.0480225988700565,"Increase",223,459,223
"06_UHGtBtCEoaUWRP","itt_fullspec_bn_employed_treat_HD","treat_HD",85,0.0480225988700565,"Increase",1714,3504,1714
"06_UHGtBtCEoaUWRP","itt_fullspec_bn_employed_treat_HD","treat_HD",85,0.0480225988700565,"Increase",132,274,132
"06_UHGtBtCEoaUWRP","itt_fullspec_bn_employed_treat_HD","treat_HD",85,0.0480225988700565,"Increase",285,586,285
"06_UHGtBtCEoaUWRP","itt_fullspec_bn_employed_treat_HD","treat_HD",85,0.0480225988700565,"Increase",734,1502,734
"06_UHGtBtCEoaUWRP","itt_fullspec_bn_employed_treat_HD","treat_HD",85,0.0480225988700565,"Increase",549,1126,549
"06_UHGtBtCEoaUWRP","itt_fullspec_bn_employed_treat_HD","treat_HD",85,0.0480225988700565,"Increase",46,94,46
"06_UHGtBtCEoaUWRP","itt_fullspec_bn_employed_treat_HD","treat_HD",85,0.0480225988700565,"Increase",45,92,45
"06_UHGtBtCEoaUWRP","itt_fullspec_bn_employed_treat_HD","treat_HD",85,0.0480225988700565,"Increase",876,1791,876
"06_UHGtBtCEoaUWRP","itt_fullspec_bn_employed_treat_HD","treat_HD",85,0.0480225988700565,"Increase",831,1698,831
"06_UHGtBtCEoaUWRP","itt_fullspec_bn_employed_treat_HD","treat_HD",85,0.0480225988700565,"Increase",218,449,218
"06_UHGtBtCEoaUWRP","itt_fullspec_bn_employed_treat_HD","treat_HD",85,0.0480225988700565,"Increase",783,1602,783
"06_UHGtBtCEoaUWRP","itt_fullspec_bn_employed_treat_HD","treat_HD",85,0.0480225988700565,"Increase",1527,3125,1527
"06_UHGtBtCEoaUWRP","itt_fullspec_bn_employed_treat_HD","treat_HD",85,0.0480225988700565,"Increase",446,916,446
"06_UHGtBtCEoaUWRP","itt_fullspec_bn_employed_treat_HD","treat_HD",85,0.0480225988700565,"Increase",1221,2496,1221
"06_UHGtBtCEoaUWRP","itt_fullspec_bn_employed_treat_HD","treat_HD",85,0.0480225988700565,"Increase",329,676,329
"06_UHGtBtCEoaUWRP","itt_fullspec_bn_employed_treat_HD","treat_HD",85,0.0480225988700565,"Increase",838,1712,838
"06_UHGtBtCEoaUWRP","itt_fullspec_bn_employed_treat_HD","treat_HD",85,0.0480225988700565,"Increase",526,1080,526
"06_UHGtBtCEoaUWRP","itt_fullspec_bn_employed_treat_HD","treat_HD",85,0.0480225988700565,"Increase",1702,3480,1702
"06_UHGtBtCEoaUWRP","itt_fullspec_bn_employed_treat_HD","treat_HD",85,0.0480225988700565,"Increase",107,223,107
"06_UHGtBtCEoaUWRP","itt_fullspec_bn_employed_treat_HD","treat_HD",85,0.0480225988700565,"Increase",168,348,168
"06_UHGtBtCEoaUWRP","itt_fullspec_bn_employed_treat_HD","treat_HD",85,0.0480225988700565,"Increase",1077,2202,1077
"06_UHGtBtCEoaUWRP","itt_fullspec_bn_employed_treat_HD","treat_HD",85,0.0480225988700565,"Increase",370,759,370
"06_UHGtBtCEoaUWRP","itt_fullspec_bn_employed_treat_HD","treat_HD",85,0.0480225988700565,"Increase",1157,2365,1157
"06_UHGtBtCEoaUWRP","itt_fullspec_bn_employed_treat_HD","treat_HD",85,0.0480225988700565,"Increase",1200,2452,1200
"06_UHGtBtCEoaUWRP","itt_fullspec_bn_employed_treat_HD","treat_HD",85,0.0480225988700565,"Increase",354,727,354
"06_UHGtBtCEoaUWRP","itt_fullspec_bn_employed_treat_HD","treat_HD",85,0.0480225988700565,"Increase",860,1758,860
"06_UHGtBtCEoaUWRP","itt_fullspec_bn_employed_treat_HD","treat_HD",85,0.0480225988700565,"Increase",669,1371,669
"06_UHGtBtCEoaUWRP","itt_fullspec_bn_employed_treat_HD","treat_HD",85,0.0480225988700565,"Increase",618,1268,618
"06_UHGtBtCEoaUWRP","itt_fullspec_bn_employed_treat_HD","treat_HD",85,0.0480225988700565,"Increase",718,1470,718
"06_UHGtBtCEoaUWRP","itt_fullspec_bn_employed_treat_HD","treat_HD",85,0.0480225988700565,"Increase",1022,2087,1022
"06_UHGtBtCEoaUWRP","itt_fullspec_bn_employed_treat_HD","treat_HD",85,0.0480225988700565,"Increase",1746,3569,1746
"06_UHGtBtCEoaUWRP","itt_fullspec_bn_employed_treat_HD","treat_HD",85,0.0480225988700565,"Increase",788,1612,788
"06_UHGtBtCEoaUWRP","itt_fullspec_bn_employed_treat_HD","treat_HD",85,0.0480225988700565,"Increase",1472,3014,1472
"06_UHGtBtCEoaUWRP","itt_fullspec_bn_employed_treat_HD","treat_HD",85,0.0480225988700565,"Increase",1248,2554,1248
"06_UHGtBtCEoaUWRP","itt_fullspec_bn_employed_treat_HD","treat_HD",85,0.0480225988700565,"Increase",333,684,333
"06_UHGtBtCEoaUWRP","itt_fullspec_bn_employed_treat_HD","treat_HD",85,0.0480225988700565,"Increase",1090,2228,1090
"06_UHGtBtCEoaUWRP","itt_fullspec_bn_employed_treat_HD","treat_HD",85,0.0480225988700565,"Increase",40,82,40
"06_UHGtBtCEoaUWRP","itt_fullspec_bn_employed_treat_HD","treat_HD",85,0.0480225988700565,"Increase",1504,3079,1504
"06_UHGtBtCEoaUWRP","itt_fullspec_bn_employed_treat_HD","treat_HD",85,0.0480225988700565,"Increase",1142,2335,1142
"06_UHGtBtCEoaUWRP","itt_fullspec_bn_employed_treat_HD","treat_HD",85,0.0480225988700565,"Increase",1239,2533,1239
"06_UHGtBtCEoaUWRP","itt_fullspec_bn_employed_treat_HD","treat_HD",85,0.0480225988700565,"Increase",462,949,462
"06_UHGtBtCEoaUWRP","itt_fullspec_bn_employed_treat_HD","treat_HD",85,0.0480225988700565,"Increase",1619,3312,1619
"06_UHGtBtCEoaUWRP","itt_fullspec_bn_employed_treat_HD","treat_HD",85,0.0480225988700565,"Increase",1125,2300,1125
"06_UHGtBtCEoaUWRP","itt_fullspec_bn_employed_treat_HD","treat_HD",85,0.0480225988700565,"Increase",29,60,29
"06_UHGtBtCEoaUWRP","itt_fullspec_bn_employed_treat_HD","treat_HD",85,0.0480225988700565,"Increase",777,1590,777
"06_UHGtBtCEoaUWRP","itt_fullspec_bn_employed_treat_HD","treat_HD",85,0.0480225988700565,"Increase",1587,3247,1587
"06_UHGtBtCEoaUWRP","itt_fullspec_bn_employed_treat_HD","treat_HD",85,0.0480225988700565,"Increase",794,1624,794
"06_UHGtBtCEoaUWRP","itt_fullspec_bn_employed_treat_HD","treat_HD",85,0.0480225988700565,"Increase",639,1310,639
"06_UHGtBtCEoaUWRP","itt_fullspec_bn_employed_treat_HD","treat_HD",85,0.0480225988700565,"Increase",127,264,127
"06_UHGtBtCEoaUWRP","itt_fullspec_bn_employed_treat_HD","treat_HD",85,0.0480225988700565,"Increase",1486,3043,1486
"06_UHGtBtCEoaUWRP","itt_fullspec_bn_employed_treat_HD","treat_HD",85,0.0480225988700565,"Increase",513,1053,513
"06_UHGtBtCEoaUWRP","itt_fullspec_bn_employed_treat_HD","treat_HD",85,0.0480225988700565,"Increase",849,1735,849
"06_UHGtBtCEoaUWRP","itt_fullspec_bn_employed_treat_HD","treat_HD",85,0.0480225988700565,"Increase",521,1070,521
"06_UHGtBtCEoaUWRP","itt_fullspec_bn_employed_treat_HD","treat_HD",85,0.0480225988700565,"Increase",1544,3159,1544
"06_UHGtBtCEoaUWRP","itt_fullspec_bn_employed_treat_HD","treat_HD",85,0.0480225988700565,"Increase",556,1141,556
"06_UHGtBtCEoaUWRP","itt_fullspec_bn_employed_treat_HD","treat_HD",85,0.0480225988700565,"Increase",1316,2695,1316
"06_UHGtBtCEoaUWRP","itt_fullspec_bn_employed_treat_HD","treat_HD",85,0.0480225988700565,"Increase",1035,2115,1035
"06_UHGtBtCEoaUWRP","itt_fullspec_bn_employed_treat_HD","treat_HD",85,0.0480225988700565,"Increase",1108,2265,1108
"06_UHGtBtCEoaUWRP","itt_fullspec_bn_employed_treat_HD","treat_HD",85,0.0480225988700565,"Increase",69,141,69
"06_UHGtBtCEoaUWRP","itt_fullspec_bn_employed_treat_HD","treat_HD",85,0.0480225988700565,"Increase",1183,2418,1183
"06_UHGtBtCEoaUWRP","itt_fullspec_bn_employed_treat_HD","treat_HD",85,0.0480225988700565,"Increase",1469,3008,1469
"06_UHGtBtCEoaUWRP","itt_fullspec_bn_employed_treat_HD","treat_HD",85,0.0480225988700565,"Increase",334,686,334
"06_UHGtBtCEoaUWRP","itt_fullspec_bn_employed_treat_HD","treat_HD",85,0.0480225988700565,"Increase",105,219,105
"06_UHGtBtCEoaUWRP","itt_fullspec_bn_employed_treat_HD","treat_HD",85,0.0480225988700565,"Increase",545,1118,545
"06_UHGtBtCEoaUWRP","itt_fullspec_bn_employed_treat_HD","treat_HD",85,0.0480225988700565,"Increase",1336,2735,1336
"06_UHGtBtCEoaUWRP","itt_fullspec_bn_employed_treat_HD","treat_HD",85,0.0480225988700565,"Increase",845,1726,845
"06_UHGtBtCEoaUWRP","itt_fullspec_bn_employed_treat_HD","treat_HD",85,0.0480225988700565,"Increase",296,608,296
"06_UHGtBtCEoaUWRP","itt_fullspec_bn_employed_treat_HD","treat_HD",85,0.0480225988700565,"Increase",1561,3193,1561
"06_UHGtBtCEoaUWRP","itt_fullspec_bn_employed_treat_HD","treat_HD",85,0.0480225988700565,"Increase",1282,2624,1282
"06_UHGtBtCEoaUWRP","itt_fullspec_bn_employed_treat_HD","treat_HD",85,0.0480225988700565,"Increase",1323,2709,1323
"06_UHGtBtCEoaUWRP","itt_fullspec_bn_employed_treat_HD","treat_HD",86,0.0485875706214689,"Increase",1441,2950,1441
"06_UHGtBtCEoaUWRP","itt_fullspec_bn_employed_treat_HD","treat_HD",86,0.0485875706214689,"Increase",632,1296,632
"06_UHGtBtCEoaUWRP","itt_fullspec_bn_employed_treat_HD","treat_HD",86,0.0485875706214689,"Increase",1636,3346,1636
"06_UHGtBtCEoaUWRP","itt_fullspec_bn_employed_treat_HD","treat_HD",86,0.0485875706214689,"Increase",1051,2148,1051
"06_UHGtBtCEoaUWRP","itt_fullspec_bn_employed_treat_HD","treat_HD",86,0.0485875706214689,"Increase",1083,2214,1083
"06_UHGtBtCEoaUWRP","itt_fullspec_bn_employed_treat_HD","treat_HD",86,0.0485875706214689,"Increase",380,780,380
"06_UHGtBtCEoaUWRP","itt_fullspec_bn_employed_treat_HD","treat_HD",86,0.0485875706214689,"Increase",391,803,391
"06_UHGtBtCEoaUWRP","itt_fullspec_bn_employed_treat_HD","treat_HD",86,0.0485875706214689,"Increase",1442,2952,1442
"06_UHGtBtCEoaUWRP","itt_fullspec_bn_employed_treat_HD","treat_HD",86,0.0485875706214689,"Increase",1194,2440,1194
"06_UHGtBtCEoaUWRP","itt_fullspec_bn_employed_treat_HD","treat_HD",86,0.0485875706214689,"Increase",94,195,94
"06_UHGtBtCEoaUWRP","itt_fullspec_bn_employed_treat_HD","treat_HD",86,0.0485875706214689,"Increase",1616,3306,1616
"06_UHGtBtCEoaUWRP","itt_fullspec_bn_employed_treat_HD","treat_HD",86,0.0485875706214689,"Increase",1536,3143,1536
"06_UHGtBtCEoaUWRP","itt_fullspec_bn_employed_treat_HD","treat_HD",86,0.0485875706214689,"Increase",1124,2298,1124
"06_UHGtBtCEoaUWRP","itt_fullspec_bn_employed_treat_HD","treat_HD",86,0.0485875706214689,"Increase",363,745,363
"06_UHGtBtCEoaUWRP","itt_fullspec_bn_employed_treat_HD","treat_HD",86,0.0485875706214689,"Increase",223,459,223
"06_UHGtBtCEoaUWRP","itt_fullspec_bn_employed_treat_HD","treat_HD",86,0.0485875706214689,"Increase",1714,3504,1714
"06_UHGtBtCEoaUWRP","itt_fullspec_bn_employed_treat_HD","treat_HD",86,0.0485875706214689,"Increase",132,274,132
"06_UHGtBtCEoaUWRP","itt_fullspec_bn_employed_treat_HD","treat_HD",86,0.0485875706214689,"Increase",285,586,285
"06_UHGtBtCEoaUWRP","itt_fullspec_bn_employed_treat_HD","treat_HD",86,0.0485875706214689,"Increase",734,1502,734
"06_UHGtBtCEoaUWRP","itt_fullspec_bn_employed_treat_HD","treat_HD",86,0.0485875706214689,"Increase",549,1126,549
"06_UHGtBtCEoaUWRP","itt_fullspec_bn_employed_treat_HD","treat_HD",86,0.0485875706214689,"Increase",46,94,46
"06_UHGtBtCEoaUWRP","itt_fullspec_bn_employed_treat_HD","treat_HD",86,0.0485875706214689,"Increase",45,92,45
"06_UHGtBtCEoaUWRP","itt_fullspec_bn_employed_treat_HD","treat_HD",86,0.0485875706214689,"Increase",876,1791,876
"06_UHGtBtCEoaUWRP","itt_fullspec_bn_employed_treat_HD","treat_HD",86,0.0485875706214689,"Increase",831,1698,831
"06_UHGtBtCEoaUWRP","itt_fullspec_bn_employed_treat_HD","treat_HD",86,0.0485875706214689,"Increase",218,449,218
"06_UHGtBtCEoaUWRP","itt_fullspec_bn_employed_treat_HD","treat_HD",86,0.0485875706214689,"Increase",783,1602,783
"06_UHGtBtCEoaUWRP","itt_fullspec_bn_employed_treat_HD","treat_HD",86,0.0485875706214689,"Increase",1527,3125,1527
"06_UHGtBtCEoaUWRP","itt_fullspec_bn_employed_treat_HD","treat_HD",86,0.0485875706214689,"Increase",446,916,446
"06_UHGtBtCEoaUWRP","itt_fullspec_bn_employed_treat_HD","treat_HD",86,0.0485875706214689,"Increase",1221,2496,1221
"06_UHGtBtCEoaUWRP","itt_fullspec_bn_employed_treat_HD","treat_HD",86,0.0485875706214689,"Increase",329,676,329
"06_UHGtBtCEoaUWRP","itt_fullspec_bn_employed_treat_HD","treat_HD",86,0.0485875706214689,"Increase",838,1712,838
"06_UHGtBtCEoaUWRP","itt_fullspec_bn_employed_treat_HD","treat_HD",86,0.0485875706214689,"Increase",526,1080,526
"06_UHGtBtCEoaUWRP","itt_fullspec_bn_employed_treat_HD","treat_HD",86,0.0485875706214689,"Increase",1702,3480,1702
"06_UHGtBtCEoaUWRP","itt_fullspec_bn_employed_treat_HD","treat_HD",86,0.0485875706214689,"Increase",107,223,107
"06_UHGtBtCEoaUWRP","itt_fullspec_bn_employed_treat_HD","treat_HD",86,0.0485875706214689,"Increase",168,348,168
"06_UHGtBtCEoaUWRP","itt_fullspec_bn_employed_treat_HD","treat_HD",86,0.0485875706214689,"Increase",1077,2202,1077
"06_UHGtBtCEoaUWRP","itt_fullspec_bn_employed_treat_HD","treat_HD",86,0.0485875706214689,"Increase",370,759,370
"06_UHGtBtCEoaUWRP","itt_fullspec_bn_employed_treat_HD","treat_HD",86,0.0485875706214689,"Increase",1157,2365,1157
"06_UHGtBtCEoaUWRP","itt_fullspec_bn_employed_treat_HD","treat_HD",86,0.0485875706214689,"Increase",1200,2452,1200
"06_UHGtBtCEoaUWRP","itt_fullspec_bn_employed_treat_HD","treat_HD",86,0.0485875706214689,"Increase",354,727,354
"06_UHGtBtCEoaUWRP","itt_fullspec_bn_employed_treat_HD","treat_HD",86,0.0485875706214689,"Increase",860,1758,860
"06_UHGtBtCEoaUWRP","itt_fullspec_bn_employed_treat_HD","treat_HD",86,0.0485875706214689,"Increase",669,1371,669
"06_UHGtBtCEoaUWRP","itt_fullspec_bn_employed_treat_HD","treat_HD",86,0.0485875706214689,"Increase",618,1268,618
"06_UHGtBtCEoaUWRP","itt_fullspec_bn_employed_treat_HD","treat_HD",86,0.0485875706214689,"Increase",718,1470,718
"06_UHGtBtCEoaUWRP","itt_fullspec_bn_employed_treat_HD","treat_HD",86,0.0485875706214689,"Increase",1022,2087,1022
"06_UHGtBtCEoaUWRP","itt_fullspec_bn_employed_treat_HD","treat_HD",86,0.0485875706214689,"Increase",1746,3569,1746
"06_UHGtBtCEoaUWRP","itt_fullspec_bn_employed_treat_HD","treat_HD",86,0.0485875706214689,"Increase",788,1612,788
"06_UHGtBtCEoaUWRP","itt_fullspec_bn_employed_treat_HD","treat_HD",86,0.0485875706214689,"Increase",1472,3014,1472
"06_UHGtBtCEoaUWRP","itt_fullspec_bn_employed_treat_HD","treat_HD",86,0.0485875706214689,"Increase",1248,2554,1248
"06_UHGtBtCEoaUWRP","itt_fullspec_bn_employed_treat_HD","treat_HD",86,0.0485875706214689,"Increase",333,684,333
"06_UHGtBtCEoaUWRP","itt_fullspec_bn_employed_treat_HD","treat_HD",86,0.0485875706214689,"Increase",1090,2228,1090
"06_UHGtBtCEoaUWRP","itt_fullspec_bn_employed_treat_HD","treat_HD",86,0.0485875706214689,"Increase",40,82,40
"06_UHGtBtCEoaUWRP","itt_fullspec_bn_employed_treat_HD","treat_HD",86,0.0485875706214689,"Increase",1504,3079,1504
"06_UHGtBtCEoaUWRP","itt_fullspec_bn_employed_treat_HD","treat_HD",86,0.0485875706214689,"Increase",1142,2335,1142
"06_UHGtBtCEoaUWRP","itt_fullspec_bn_employed_treat_HD","treat_HD",86,0.0485875706214689,"Increase",1239,2533,1239
"06_UHGtBtCEoaUWRP","itt_fullspec_bn_employed_treat_HD","treat_HD",86,0.0485875706214689,"Increase",1619,3312,1619
"06_UHGtBtCEoaUWRP","itt_fullspec_bn_employed_treat_HD","treat_HD",86,0.0485875706214689,"Increase",462,949,462
"06_UHGtBtCEoaUWRP","itt_fullspec_bn_employed_treat_HD","treat_HD",86,0.0485875706214689,"Increase",1125,2300,1125
"06_UHGtBtCEoaUWRP","itt_fullspec_bn_employed_treat_HD","treat_HD",86,0.0485875706214689,"Increase",29,60,29
"06_UHGtBtCEoaUWRP","itt_fullspec_bn_employed_treat_HD","treat_HD",86,0.0485875706214689,"Increase",777,1590,777
"06_UHGtBtCEoaUWRP","itt_fullspec_bn_employed_treat_HD","treat_HD",86,0.0485875706214689,"Increase",1587,3247,1587
"06_UHGtBtCEoaUWRP","itt_fullspec_bn_employed_treat_HD","treat_HD",86,0.0485875706214689,"Increase",794,1624,794
"06_UHGtBtCEoaUWRP","itt_fullspec_bn_employed_treat_HD","treat_HD",86,0.0485875706214689,"Increase",639,1310,639
"06_UHGtBtCEoaUWRP","itt_fullspec_bn_employed_treat_HD","treat_HD",86,0.0485875706214689,"Increase",127,264,127
"06_UHGtBtCEoaUWRP","itt_fullspec_bn_employed_treat_HD","treat_HD",86,0.0485875706214689,"Increase",1486,3043,1486
"06_UHGtBtCEoaUWRP","itt_fullspec_bn_employed_treat_HD","treat_HD",86,0.0485875706214689,"Increase",513,1053,513
"06_UHGtBtCEoaUWRP","itt_fullspec_bn_employed_treat_HD","treat_HD",86,0.0485875706214689,"Increase",521,1070,521
"06_UHGtBtCEoaUWRP","itt_fullspec_bn_employed_treat_HD","treat_HD",86,0.0485875706214689,"Increase",849,1735,849
"06_UHGtBtCEoaUWRP","itt_fullspec_bn_employed_treat_HD","treat_HD",86,0.0485875706214689,"Increase",1544,3159,1544
"06_UHGtBtCEoaUWRP","itt_fullspec_bn_employed_treat_HD","treat_HD",86,0.0485875706214689,"Increase",556,1141,556
"06_UHGtBtCEoaUWRP","itt_fullspec_bn_employed_treat_HD","treat_HD",86,0.0485875706214689,"Increase",1316,2695,1316
"06_UHGtBtCEoaUWRP","itt_fullspec_bn_employed_treat_HD","treat_HD",86,0.0485875706214689,"Increase",1035,2115,1035
"06_UHGtBtCEoaUWRP","itt_fullspec_bn_employed_treat_HD","treat_HD",86,0.0485875706214689,"Increase",1108,2265,1108
"06_UHGtBtCEoaUWRP","itt_fullspec_bn_employed_treat_HD","treat_HD",86,0.0485875706214689,"Increase",69,141,69
"06_UHGtBtCEoaUWRP","itt_fullspec_bn_employed_treat_HD","treat_HD",86,0.0485875706214689,"Increase",1469,3008,1469
"06_UHGtBtCEoaUWRP","itt_fullspec_bn_employed_treat_HD","treat_HD",86,0.0485875706214689,"Increase",1183,2418,1183
"06_UHGtBtCEoaUWRP","itt_fullspec_bn_employed_treat_HD","treat_HD",86,0.0485875706214689,"Increase",334,686,334
"06_UHGtBtCEoaUWRP","itt_fullspec_bn_employed_treat_HD","treat_HD",86,0.0485875706214689,"Increase",105,219,105
"06_UHGtBtCEoaUWRP","itt_fullspec_bn_employed_treat_HD","treat_HD",86,0.0485875706214689,"Increase",545,1118,545
"06_UHGtBtCEoaUWRP","itt_fullspec_bn_employed_treat_HD","treat_HD",86,0.0485875706214689,"Increase",1336,2735,1336
"06_UHGtBtCEoaUWRP","itt_fullspec_bn_employed_treat_HD","treat_HD",86,0.0485875706214689,"Increase",845,1726,845
"06_UHGtBtCEoaUWRP","itt_fullspec_bn_employed_treat_HD","treat_HD",86,0.0485875706214689,"Increase",296,608,296
"06_UHGtBtCEoaUWRP","itt_fullspec_bn_employed_treat_HD","treat_HD",86,0.0485875706214689,"Increase",1561,3193,1561
"06_UHGtBtCEoaUWRP","itt_fullspec_bn_employed_treat_HD","treat_HD",86,0.0485875706214689,"Increase",1282,2624,1282
"06_UHGtBtCEoaUWRP","itt_fullspec_bn_employed_treat_HD","treat_HD",86,0.0485875706214689,"Increase",1323,2709,1323
"06_UHGtBtCEoaUWRP","itt_fullspec_bn_employed_treat_HD","treat_HD",86,0.0485875706214689,"Increase",9,18,9
"06_UHGtBtCEoaUWRP","itt_fullspec_bn_employed_treat_HD","treat_HD",87,0.0491525423728814,"Increase",1441,2950,1441
"06_UHGtBtCEoaUWRP","itt_fullspec_bn_employed_treat_HD","treat_HD",87,0.0491525423728814,"Increase",632,1296,632
"06_UHGtBtCEoaUWRP","itt_fullspec_bn_employed_treat_HD","treat_HD",87,0.0491525423728814,"Increase",1636,3346,1636
"06_UHGtBtCEoaUWRP","itt_fullspec_bn_employed_treat_HD","treat_HD",87,0.0491525423728814,"Increase",1051,2148,1051
"06_UHGtBtCEoaUWRP","itt_fullspec_bn_employed_treat_HD","treat_HD",87,0.0491525423728814,"Increase",1083,2214,1083
"06_UHGtBtCEoaUWRP","itt_fullspec_bn_employed_treat_HD","treat_HD",87,0.0491525423728814,"Increase",380,780,380
"06_UHGtBtCEoaUWRP","itt_fullspec_bn_employed_treat_HD","treat_HD",87,0.0491525423728814,"Increase",391,803,391
"06_UHGtBtCEoaUWRP","itt_fullspec_bn_employed_treat_HD","treat_HD",87,0.0491525423728814,"Increase",1442,2952,1442
"06_UHGtBtCEoaUWRP","itt_fullspec_bn_employed_treat_HD","treat_HD",87,0.0491525423728814,"Increase",1194,2440,1194
"06_UHGtBtCEoaUWRP","itt_fullspec_bn_employed_treat_HD","treat_HD",87,0.0491525423728814,"Increase",94,195,94
"06_UHGtBtCEoaUWRP","itt_fullspec_bn_employed_treat_HD","treat_HD",87,0.0491525423728814,"Increase",1616,3306,1616
"06_UHGtBtCEoaUWRP","itt_fullspec_bn_employed_treat_HD","treat_HD",87,0.0491525423728814,"Increase",1536,3143,1536
"06_UHGtBtCEoaUWRP","itt_fullspec_bn_employed_treat_HD","treat_HD",87,0.0491525423728814,"Increase",1124,2298,1124
"06_UHGtBtCEoaUWRP","itt_fullspec_bn_employed_treat_HD","treat_HD",87,0.0491525423728814,"Increase",363,745,363
"06_UHGtBtCEoaUWRP","itt_fullspec_bn_employed_treat_HD","treat_HD",87,0.0491525423728814,"Increase",223,459,223
"06_UHGtBtCEoaUWRP","itt_fullspec_bn_employed_treat_HD","treat_HD",87,0.0491525423728814,"Increase",1714,3504,1714
"06_UHGtBtCEoaUWRP","itt_fullspec_bn_employed_treat_HD","treat_HD",87,0.0491525423728814,"Increase",132,274,132
"06_UHGtBtCEoaUWRP","itt_fullspec_bn_employed_treat_HD","treat_HD",87,0.0491525423728814,"Increase",285,586,285
"06_UHGtBtCEoaUWRP","itt_fullspec_bn_employed_treat_HD","treat_HD",87,0.0491525423728814,"Increase",734,1502,734
"06_UHGtBtCEoaUWRP","itt_fullspec_bn_employed_treat_HD","treat_HD",87,0.0491525423728814,"Increase",549,1126,549
"06_UHGtBtCEoaUWRP","itt_fullspec_bn_employed_treat_HD","treat_HD",87,0.0491525423728814,"Increase",46,94,46
"06_UHGtBtCEoaUWRP","itt_fullspec_bn_employed_treat_HD","treat_HD",87,0.0491525423728814,"Increase",45,92,45
"06_UHGtBtCEoaUWRP","itt_fullspec_bn_employed_treat_HD","treat_HD",87,0.0491525423728814,"Increase",876,1791,876
"06_UHGtBtCEoaUWRP","itt_fullspec_bn_employed_treat_HD","treat_HD",87,0.0491525423728814,"Increase",831,1698,831
"06_UHGtBtCEoaUWRP","itt_fullspec_bn_employed_treat_HD","treat_HD",87,0.0491525423728814,"Increase",218,449,218
"06_UHGtBtCEoaUWRP","itt_fullspec_bn_employed_treat_HD","treat_HD",87,0.0491525423728814,"Increase",783,1602,783
"06_UHGtBtCEoaUWRP","itt_fullspec_bn_employed_treat_HD","treat_HD",87,0.0491525423728814,"Increase",1527,3125,1527
"06_UHGtBtCEoaUWRP","itt_fullspec_bn_employed_treat_HD","treat_HD",87,0.0491525423728814,"Increase",446,916,446
"06_UHGtBtCEoaUWRP","itt_fullspec_bn_employed_treat_HD","treat_HD",87,0.0491525423728814,"Increase",1221,2496,1221
"06_UHGtBtCEoaUWRP","itt_fullspec_bn_employed_treat_HD","treat_HD",87,0.0491525423728814,"Increase",329,676,329
"06_UHGtBtCEoaUWRP","itt_fullspec_bn_employed_treat_HD","treat_HD",87,0.0491525423728814,"Increase",526,1080,526
"06_UHGtBtCEoaUWRP","itt_fullspec_bn_employed_treat_HD","treat_HD",87,0.0491525423728814,"Increase",838,1712,838
"06_UHGtBtCEoaUWRP","itt_fullspec_bn_employed_treat_HD","treat_HD",87,0.0491525423728814,"Increase",1702,3480,1702
"06_UHGtBtCEoaUWRP","itt_fullspec_bn_employed_treat_HD","treat_HD",87,0.0491525423728814,"Increase",107,223,107
"06_UHGtBtCEoaUWRP","itt_fullspec_bn_employed_treat_HD","treat_HD",87,0.0491525423728814,"Increase",1077,2202,1077
"06_UHGtBtCEoaUWRP","itt_fullspec_bn_employed_treat_HD","treat_HD",87,0.0491525423728814,"Increase",168,348,168
"06_UHGtBtCEoaUWRP","itt_fullspec_bn_employed_treat_HD","treat_HD",87,0.0491525423728814,"Increase",370,759,370
"06_UHGtBtCEoaUWRP","itt_fullspec_bn_employed_treat_HD","treat_HD",87,0.0491525423728814,"Increase",1157,2365,1157
"06_UHGtBtCEoaUWRP","itt_fullspec_bn_employed_treat_HD","treat_HD",87,0.0491525423728814,"Increase",1200,2452,1200
"06_UHGtBtCEoaUWRP","itt_fullspec_bn_employed_treat_HD","treat_HD",87,0.0491525423728814,"Increase",354,727,354
"06_UHGtBtCEoaUWRP","itt_fullspec_bn_employed_treat_HD","treat_HD",87,0.0491525423728814,"Increase",860,1758,860
"06_UHGtBtCEoaUWRP","itt_fullspec_bn_employed_treat_HD","treat_HD",87,0.0491525423728814,"Increase",669,1371,669
"06_UHGtBtCEoaUWRP","itt_fullspec_bn_employed_treat_HD","treat_HD",87,0.0491525423728814,"Increase",618,1268,618
"06_UHGtBtCEoaUWRP","itt_fullspec_bn_employed_treat_HD","treat_HD",87,0.0491525423728814,"Increase",718,1470,718
"06_UHGtBtCEoaUWRP","itt_fullspec_bn_employed_treat_HD","treat_HD",87,0.0491525423728814,"Increase",1022,2087,1022
"06_UHGtBtCEoaUWRP","itt_fullspec_bn_employed_treat_HD","treat_HD",87,0.0491525423728814,"Increase",1746,3569,1746
"06_UHGtBtCEoaUWRP","itt_fullspec_bn_employed_treat_HD","treat_HD",87,0.0491525423728814,"Increase",788,1612,788
"06_UHGtBtCEoaUWRP","itt_fullspec_bn_employed_treat_HD","treat_HD",87,0.0491525423728814,"Increase",1472,3014,1472
"06_UHGtBtCEoaUWRP","itt_fullspec_bn_employed_treat_HD","treat_HD",87,0.0491525423728814,"Increase",1248,2554,1248
"06_UHGtBtCEoaUWRP","itt_fullspec_bn_employed_treat_HD","treat_HD",87,0.0491525423728814,"Increase",333,684,333
"06_UHGtBtCEoaUWRP","itt_fullspec_bn_employed_treat_HD","treat_HD",87,0.0491525423728814,"Increase",1090,2228,1090
"06_UHGtBtCEoaUWRP","itt_fullspec_bn_employed_treat_HD","treat_HD",87,0.0491525423728814,"Increase",40,82,40
"06_UHGtBtCEoaUWRP","itt_fullspec_bn_employed_treat_HD","treat_HD",87,0.0491525423728814,"Increase",1504,3079,1504
"06_UHGtBtCEoaUWRP","itt_fullspec_bn_employed_treat_HD","treat_HD",87,0.0491525423728814,"Increase",1142,2335,1142
"06_UHGtBtCEoaUWRP","itt_fullspec_bn_employed_treat_HD","treat_HD",87,0.0491525423728814,"Increase",1239,2533,1239
"06_UHGtBtCEoaUWRP","itt_fullspec_bn_employed_treat_HD","treat_HD",87,0.0491525423728814,"Increase",1619,3312,1619
"06_UHGtBtCEoaUWRP","itt_fullspec_bn_employed_treat_HD","treat_HD",87,0.0491525423728814,"Increase",462,949,462
"06_UHGtBtCEoaUWRP","itt_fullspec_bn_employed_treat_HD","treat_HD",87,0.0491525423728814,"Increase",1125,2300,1125
"06_UHGtBtCEoaUWRP","itt_fullspec_bn_employed_treat_HD","treat_HD",87,0.0491525423728814,"Increase",29,60,29
"06_UHGtBtCEoaUWRP","itt_fullspec_bn_employed_treat_HD","treat_HD",87,0.0491525423728814,"Increase",1587,3247,1587
"06_UHGtBtCEoaUWRP","itt_fullspec_bn_employed_treat_HD","treat_HD",87,0.0491525423728814,"Increase",777,1590,777
"06_UHGtBtCEoaUWRP","itt_fullspec_bn_employed_treat_HD","treat_HD",87,0.0491525423728814,"Increase",794,1624,794
"06_UHGtBtCEoaUWRP","itt_fullspec_bn_employed_treat_HD","treat_HD",87,0.0491525423728814,"Increase",639,1310,639
"06_UHGtBtCEoaUWRP","itt_fullspec_bn_employed_treat_HD","treat_HD",87,0.0491525423728814,"Increase",127,264,127
"06_UHGtBtCEoaUWRP","itt_fullspec_bn_employed_treat_HD","treat_HD",87,0.0491525423728814,"Increase",1486,3043,1486
"06_UHGtBtCEoaUWRP","itt_fullspec_bn_employed_treat_HD","treat_HD",87,0.0491525423728814,"Increase",521,1070,521
"06_UHGtBtCEoaUWRP","itt_fullspec_bn_employed_treat_HD","treat_HD",87,0.0491525423728814,"Increase",513,1053,513
"06_UHGtBtCEoaUWRP","itt_fullspec_bn_employed_treat_HD","treat_HD",87,0.0491525423728814,"Increase",849,1735,849
"06_UHGtBtCEoaUWRP","itt_fullspec_bn_employed_treat_HD","treat_HD",87,0.0491525423728814,"Increase",1544,3159,1544
"06_UHGtBtCEoaUWRP","itt_fullspec_bn_employed_treat_HD","treat_HD",87,0.0491525423728814,"Increase",556,1141,556
"06_UHGtBtCEoaUWRP","itt_fullspec_bn_employed_treat_HD","treat_HD",87,0.0491525423728814,"Increase",1316,2695,1316
"06_UHGtBtCEoaUWRP","itt_fullspec_bn_employed_treat_HD","treat_HD",87,0.0491525423728814,"Increase",1035,2115,1035
"06_UHGtBtCEoaUWRP","itt_fullspec_bn_employed_treat_HD","treat_HD",87,0.0491525423728814,"Increase",1108,2265,1108
"06_UHGtBtCEoaUWRP","itt_fullspec_bn_employed_treat_HD","treat_HD",87,0.0491525423728814,"Increase",69,141,69
"06_UHGtBtCEoaUWRP","itt_fullspec_bn_employed_treat_HD","treat_HD",87,0.0491525423728814,"Increase",1469,3008,1469
"06_UHGtBtCEoaUWRP","itt_fullspec_bn_employed_treat_HD","treat_HD",87,0.0491525423728814,"Increase",1183,2418,1183
"06_UHGtBtCEoaUWRP","itt_fullspec_bn_employed_treat_HD","treat_HD",87,0.0491525423728814,"Increase",334,686,334
"06_UHGtBtCEoaUWRP","itt_fullspec_bn_employed_treat_HD","treat_HD",87,0.0491525423728814,"Increase",105,219,105
"06_UHGtBtCEoaUWRP","itt_fullspec_bn_employed_treat_HD","treat_HD",87,0.0491525423728814,"Increase",545,1118,545
"06_UHGtBtCEoaUWRP","itt_fullspec_bn_employed_treat_HD","treat_HD",87,0.0491525423728814,"Increase",1336,2735,1336
"06_UHGtBtCEoaUWRP","itt_fullspec_bn_employed_treat_HD","treat_HD",87,0.0491525423728814,"Increase",845,1726,845
"06_UHGtBtCEoaUWRP","itt_fullspec_bn_employed_treat_HD","treat_HD",87,0.0491525423728814,"Increase",296,608,296
"06_UHGtBtCEoaUWRP","itt_fullspec_bn_employed_treat_HD","treat_HD",87,0.0491525423728814,"Increase",1561,3193,1561
"06_UHGtBtCEoaUWRP","itt_fullspec_bn_employed_treat_HD","treat_HD",87,0.0491525423728814,"Increase",1282,2624,1282
"06_UHGtBtCEoaUWRP","itt_fullspec_bn_employed_treat_HD","treat_HD",87,0.0491525423728814,"Increase",1323,2709,1323
"06_UHGtBtCEoaUWRP","itt_fullspec_bn_employed_treat_HD","treat_HD",87,0.0491525423728814,"Increase",9,18,9
"06_UHGtBtCEoaUWRP","itt_fullspec_bn_employed_treat_HD","treat_HD",87,0.0491525423728814,"Increase",1500,3071,1500
"06_UHGtBtCEoaUWRP","itt_fullspec_bn_employed_treat_HD","treat_HD",88,0.0497175141242938,"Increase",1441,2950,1441
"06_UHGtBtCEoaUWRP","itt_fullspec_bn_employed_treat_HD","treat_HD",88,0.0497175141242938,"Increase",632,1296,632
"06_UHGtBtCEoaUWRP","itt_fullspec_bn_employed_treat_HD","treat_HD",88,0.0497175141242938,"Increase",1636,3346,1636
"06_UHGtBtCEoaUWRP","itt_fullspec_bn_employed_treat_HD","treat_HD",88,0.0497175141242938,"Increase",1051,2148,1051
"06_UHGtBtCEoaUWRP","itt_fullspec_bn_employed_treat_HD","treat_HD",88,0.0497175141242938,"Increase",1083,2214,1083
"06_UHGtBtCEoaUWRP","itt_fullspec_bn_employed_treat_HD","treat_HD",88,0.0497175141242938,"Increase",380,780,380
"06_UHGtBtCEoaUWRP","itt_fullspec_bn_employed_treat_HD","treat_HD",88,0.0497175141242938,"Increase",391,803,391
"06_UHGtBtCEoaUWRP","itt_fullspec_bn_employed_treat_HD","treat_HD",88,0.0497175141242938,"Increase",1442,2952,1442
"06_UHGtBtCEoaUWRP","itt_fullspec_bn_employed_treat_HD","treat_HD",88,0.0497175141242938,"Increase",1194,2440,1194
"06_UHGtBtCEoaUWRP","itt_fullspec_bn_employed_treat_HD","treat_HD",88,0.0497175141242938,"Increase",94,195,94
"06_UHGtBtCEoaUWRP","itt_fullspec_bn_employed_treat_HD","treat_HD",88,0.0497175141242938,"Increase",1616,3306,1616
"06_UHGtBtCEoaUWRP","itt_fullspec_bn_employed_treat_HD","treat_HD",88,0.0497175141242938,"Increase",1536,3143,1536
"06_UHGtBtCEoaUWRP","itt_fullspec_bn_employed_treat_HD","treat_HD",88,0.0497175141242938,"Increase",1124,2298,1124
"06_UHGtBtCEoaUWRP","itt_fullspec_bn_employed_treat_HD","treat_HD",88,0.0497175141242938,"Increase",363,745,363
"06_UHGtBtCEoaUWRP","itt_fullspec_bn_employed_treat_HD","treat_HD",88,0.0497175141242938,"Increase",223,459,223
"06_UHGtBtCEoaUWRP","itt_fullspec_bn_employed_treat_HD","treat_HD",88,0.0497175141242938,"Increase",1714,3504,1714
"06_UHGtBtCEoaUWRP","itt_fullspec_bn_employed_treat_HD","treat_HD",88,0.0497175141242938,"Increase",132,274,132
"06_UHGtBtCEoaUWRP","itt_fullspec_bn_employed_treat_HD","treat_HD",88,0.0497175141242938,"Increase",285,586,285
"06_UHGtBtCEoaUWRP","itt_fullspec_bn_employed_treat_HD","treat_HD",88,0.0497175141242938,"Increase",734,1502,734
"06_UHGtBtCEoaUWRP","itt_fullspec_bn_employed_treat_HD","treat_HD",88,0.0497175141242938,"Increase",549,1126,549
"06_UHGtBtCEoaUWRP","itt_fullspec_bn_employed_treat_HD","treat_HD",88,0.0497175141242938,"Increase",45,92,45
"06_UHGtBtCEoaUWRP","itt_fullspec_bn_employed_treat_HD","treat_HD",88,0.0497175141242938,"Increase",46,94,46
"06_UHGtBtCEoaUWRP","itt_fullspec_bn_employed_treat_HD","treat_HD",88,0.0497175141242938,"Increase",876,1791,876
"06_UHGtBtCEoaUWRP","itt_fullspec_bn_employed_treat_HD","treat_HD",88,0.0497175141242938,"Increase",831,1698,831
"06_UHGtBtCEoaUWRP","itt_fullspec_bn_employed_treat_HD","treat_HD",88,0.0497175141242938,"Increase",218,449,218
"06_UHGtBtCEoaUWRP","itt_fullspec_bn_employed_treat_HD","treat_HD",88,0.0497175141242938,"Increase",783,1602,783
"06_UHGtBtCEoaUWRP","itt_fullspec_bn_employed_treat_HD","treat_HD",88,0.0497175141242938,"Increase",1527,3125,1527
"06_UHGtBtCEoaUWRP","itt_fullspec_bn_employed_treat_HD","treat_HD",88,0.0497175141242938,"Increase",446,916,446
"06_UHGtBtCEoaUWRP","itt_fullspec_bn_employed_treat_HD","treat_HD",88,0.0497175141242938,"Increase",1221,2496,1221
"06_UHGtBtCEoaUWRP","itt_fullspec_bn_employed_treat_HD","treat_HD",88,0.0497175141242938,"Increase",329,676,329
"06_UHGtBtCEoaUWRP","itt_fullspec_bn_employed_treat_HD","treat_HD",88,0.0497175141242938,"Increase",526,1080,526
"06_UHGtBtCEoaUWRP","itt_fullspec_bn_employed_treat_HD","treat_HD",88,0.0497175141242938,"Increase",838,1712,838
"06_UHGtBtCEoaUWRP","itt_fullspec_bn_employed_treat_HD","treat_HD",88,0.0497175141242938,"Increase",1702,3480,1702
"06_UHGtBtCEoaUWRP","itt_fullspec_bn_employed_treat_HD","treat_HD",88,0.0497175141242938,"Increase",107,223,107
"06_UHGtBtCEoaUWRP","itt_fullspec_bn_employed_treat_HD","treat_HD",88,0.0497175141242938,"Increase",1077,2202,1077
"06_UHGtBtCEoaUWRP","itt_fullspec_bn_employed_treat_HD","treat_HD",88,0.0497175141242938,"Increase",168,348,168
"06_UHGtBtCEoaUWRP","itt_fullspec_bn_employed_treat_HD","treat_HD",88,0.0497175141242938,"Increase",370,759,370
"06_UHGtBtCEoaUWRP","itt_fullspec_bn_employed_treat_HD","treat_HD",88,0.0497175141242938,"Increase",1157,2365,1157
"06_UHGtBtCEoaUWRP","itt_fullspec_bn_employed_treat_HD","treat_HD",88,0.0497175141242938,"Increase",1200,2452,1200
"06_UHGtBtCEoaUWRP","itt_fullspec_bn_employed_treat_HD","treat_HD",88,0.0497175141242938,"Increase",354,727,354
"06_UHGtBtCEoaUWRP","itt_fullspec_bn_employed_treat_HD","treat_HD",88,0.0497175141242938,"Increase",860,1758,860
"06_UHGtBtCEoaUWRP","itt_fullspec_bn_employed_treat_HD","treat_HD",88,0.0497175141242938,"Increase",669,1371,669
"06_UHGtBtCEoaUWRP","itt_fullspec_bn_employed_treat_HD","treat_HD",88,0.0497175141242938,"Increase",618,1268,618
"06_UHGtBtCEoaUWRP","itt_fullspec_bn_employed_treat_HD","treat_HD",88,0.0497175141242938,"Increase",718,1470,718
"06_UHGtBtCEoaUWRP","itt_fullspec_bn_employed_treat_HD","treat_HD",88,0.0497175141242938,"Increase",1022,2087,1022
"06_UHGtBtCEoaUWRP","itt_fullspec_bn_employed_treat_HD","treat_HD",88,0.0497175141242938,"Increase",788,1612,788
"06_UHGtBtCEoaUWRP","itt_fullspec_bn_employed_treat_HD","treat_HD",88,0.0497175141242938,"Increase",1746,3569,1746
"06_UHGtBtCEoaUWRP","itt_fullspec_bn_employed_treat_HD","treat_HD",88,0.0497175141242938,"Increase",1472,3014,1472
"06_UHGtBtCEoaUWRP","itt_fullspec_bn_employed_treat_HD","treat_HD",88,0.0497175141242938,"Increase",1248,2554,1248
"06_UHGtBtCEoaUWRP","itt_fullspec_bn_employed_treat_HD","treat_HD",88,0.0497175141242938,"Increase",333,684,333
"06_UHGtBtCEoaUWRP","itt_fullspec_bn_employed_treat_HD","treat_HD",88,0.0497175141242938,"Increase",1090,2228,1090
"06_UHGtBtCEoaUWRP","itt_fullspec_bn_employed_treat_HD","treat_HD",88,0.0497175141242938,"Increase",40,82,40
"06_UHGtBtCEoaUWRP","itt_fullspec_bn_employed_treat_HD","treat_HD",88,0.0497175141242938,"Increase",1504,3079,1504
"06_UHGtBtCEoaUWRP","itt_fullspec_bn_employed_treat_HD","treat_HD",88,0.0497175141242938,"Increase",1142,2335,1142
"06_UHGtBtCEoaUWRP","itt_fullspec_bn_employed_treat_HD","treat_HD",88,0.0497175141242938,"Increase",1239,2533,1239
"06_UHGtBtCEoaUWRP","itt_fullspec_bn_employed_treat_HD","treat_HD",88,0.0497175141242938,"Increase",1619,3312,1619
"06_UHGtBtCEoaUWRP","itt_fullspec_bn_employed_treat_HD","treat_HD",88,0.0497175141242938,"Increase",462,949,462
"06_UHGtBtCEoaUWRP","itt_fullspec_bn_employed_treat_HD","treat_HD",88,0.0497175141242938,"Increase",1125,2300,1125
"06_UHGtBtCEoaUWRP","itt_fullspec_bn_employed_treat_HD","treat_HD",88,0.0497175141242938,"Increase",29,60,29
"06_UHGtBtCEoaUWRP","itt_fullspec_bn_employed_treat_HD","treat_HD",88,0.0497175141242938,"Increase",1587,3247,1587
"06_UHGtBtCEoaUWRP","itt_fullspec_bn_employed_treat_HD","treat_HD",88,0.0497175141242938,"Increase",777,1590,777
"06_UHGtBtCEoaUWRP","itt_fullspec_bn_employed_treat_HD","treat_HD",88,0.0497175141242938,"Increase",794,1624,794
"06_UHGtBtCEoaUWRP","itt_fullspec_bn_employed_treat_HD","treat_HD",88,0.0497175141242938,"Increase",639,1310,639
"06_UHGtBtCEoaUWRP","itt_fullspec_bn_employed_treat_HD","treat_HD",88,0.0497175141242938,"Increase",127,264,127
"06_UHGtBtCEoaUWRP","itt_fullspec_bn_employed_treat_HD","treat_HD",88,0.0497175141242938,"Increase",1486,3043,1486
"06_UHGtBtCEoaUWRP","itt_fullspec_bn_employed_treat_HD","treat_HD",88,0.0497175141242938,"Increase",521,1070,521
"06_UHGtBtCEoaUWRP","itt_fullspec_bn_employed_treat_HD","treat_HD",88,0.0497175141242938,"Increase",513,1053,513
"06_UHGtBtCEoaUWRP","itt_fullspec_bn_employed_treat_HD","treat_HD",88,0.0497175141242938,"Increase",849,1735,849
"06_UHGtBtCEoaUWRP","itt_fullspec_bn_employed_treat_HD","treat_HD",88,0.0497175141242938,"Increase",1544,3159,1544
"06_UHGtBtCEoaUWRP","itt_fullspec_bn_employed_treat_HD","treat_HD",88,0.0497175141242938,"Increase",556,1141,556
"06_UHGtBtCEoaUWRP","itt_fullspec_bn_employed_treat_HD","treat_HD",88,0.0497175141242938,"Increase",1316,2695,1316
"06_UHGtBtCEoaUWRP","itt_fullspec_bn_employed_treat_HD","treat_HD",88,0.0497175141242938,"Increase",1035,2115,1035
"06_UHGtBtCEoaUWRP","itt_fullspec_bn_employed_treat_HD","treat_HD",88,0.0497175141242938,"Increase",1108,2265,1108
"06_UHGtBtCEoaUWRP","itt_fullspec_bn_employed_treat_HD","treat_HD",88,0.0497175141242938,"Increase",69,141,69
"06_UHGtBtCEoaUWRP","itt_fullspec_bn_employed_treat_HD","treat_HD",88,0.0497175141242938,"Increase",1469,3008,1469
"06_UHGtBtCEoaUWRP","itt_fullspec_bn_employed_treat_HD","treat_HD",88,0.0497175141242938,"Increase",1183,2418,1183
"06_UHGtBtCEoaUWRP","itt_fullspec_bn_employed_treat_HD","treat_HD",88,0.0497175141242938,"Increase",334,686,334
"06_UHGtBtCEoaUWRP","itt_fullspec_bn_employed_treat_HD","treat_HD",88,0.0497175141242938,"Increase",105,219,105
"06_UHGtBtCEoaUWRP","itt_fullspec_bn_employed_treat_HD","treat_HD",88,0.0497175141242938,"Increase",545,1118,545
"06_UHGtBtCEoaUWRP","itt_fullspec_bn_employed_treat_HD","treat_HD",88,0.0497175141242938,"Increase",1336,2735,1336
"06_UHGtBtCEoaUWRP","itt_fullspec_bn_employed_treat_HD","treat_HD",88,0.0497175141242938,"Increase",845,1726,845
"06_UHGtBtCEoaUWRP","itt_fullspec_bn_employed_treat_HD","treat_HD",88,0.0497175141242938,"Increase",296,608,296
"06_UHGtBtCEoaUWRP","itt_fullspec_bn_employed_treat_HD","treat_HD",88,0.0497175141242938,"Increase",1282,2624,1282
"06_UHGtBtCEoaUWRP","itt_fullspec_bn_employed_treat_HD","treat_HD",88,0.0497175141242938,"Increase",1561,3193,1561
"06_UHGtBtCEoaUWRP","itt_fullspec_bn_employed_treat_HD","treat_HD",88,0.0497175141242938,"Increase",1323,2709,1323
"06_UHGtBtCEoaUWRP","itt_fullspec_bn_employed_treat_HD","treat_HD",88,0.0497175141242938,"Increase",9,18,9
"06_UHGtBtCEoaUWRP","itt_fullspec_bn_employed_treat_HD","treat_HD",88,0.0497175141242938,"Increase",1500,3071,1500
"06_UHGtBtCEoaUWRP","itt_fullspec_bn_employed_treat_HD","treat_HD",88,0.0497175141242938,"Increase",924,1887,924
"06_UHGtBtCEoaUWRP","itt_fullspec_bn_employed_treat_HD","treat_HD",1,0.000564971751412429,"Decrease",1679,3434,1679
"06_UHGtBtCEoaUWRP","itt_fullspec_bn_employed_treat_HD","treat_HD",2,0.00112994350282486,"Decrease",1679,3434,1679
"06_UHGtBtCEoaUWRP","itt_fullspec_bn_employed_treat_HD","treat_HD",2,0.00112994350282486,"Decrease",1691,3458,1691
"06_UHGtBtCEoaUWRP","itt_fullspec_bn_employed_treat_HD","treat_HD",3,0.00169491525423729,"Decrease",1679,3434,1679
"06_UHGtBtCEoaUWRP","itt_fullspec_bn_employed_treat_HD","treat_HD",3,0.00169491525423729,"Decrease",1691,3458,1691
"06_UHGtBtCEoaUWRP","itt_fullspec_bn_employed_treat_HD","treat_HD",3,0.00169491525423729,"Decrease",932,1903,932
"06_UHGtBtCEoaUWRP","itt_fullspec_bn_employed_treat_HD","treat_HD",4,0.00225988700564972,"Decrease",1679,3434,1679
"06_UHGtBtCEoaUWRP","itt_fullspec_bn_employed_treat_HD","treat_HD",4,0.00225988700564972,"Decrease",1691,3458,1691
"06_UHGtBtCEoaUWRP","itt_fullspec_bn_employed_treat_HD","treat_HD",4,0.00225988700564972,"Decrease",932,1903,932
"06_UHGtBtCEoaUWRP","itt_fullspec_bn_employed_treat_HD","treat_HD",4,0.00225988700564972,"Decrease",1053,2152,1053
"06_UHGtBtCEoaUWRP","itt_fullspec_bn_employed_treat_HD","treat_HD",5,0.00282485875706215,"Decrease",1679,3434,1679
"06_UHGtBtCEoaUWRP","itt_fullspec_bn_employed_treat_HD","treat_HD",5,0.00282485875706215,"Decrease",1691,3458,1691
"06_UHGtBtCEoaUWRP","itt_fullspec_bn_employed_treat_HD","treat_HD",5,0.00282485875706215,"Decrease",932,1903,932
"06_UHGtBtCEoaUWRP","itt_fullspec_bn_employed_treat_HD","treat_HD",5,0.00282485875706215,"Decrease",1053,2152,1053
"06_UHGtBtCEoaUWRP","itt_fullspec_bn_employed_treat_HD","treat_HD",5,0.00282485875706215,"Decrease",1655,3386,1655
"06_UHGtBtCEoaUWRP","itt_fullspec_bn_employed_treat_HD","treat_HD",6,0.00338983050847458,"Decrease",1679,3434,1679
"06_UHGtBtCEoaUWRP","itt_fullspec_bn_employed_treat_HD","treat_HD",6,0.00338983050847458,"Decrease",1691,3458,1691
"06_UHGtBtCEoaUWRP","itt_fullspec_bn_employed_treat_HD","treat_HD",6,0.00338983050847458,"Decrease",932,1903,932
"06_UHGtBtCEoaUWRP","itt_fullspec_bn_employed_treat_HD","treat_HD",6,0.00338983050847458,"Decrease",1053,2152,1053
"06_UHGtBtCEoaUWRP","itt_fullspec_bn_employed_treat_HD","treat_HD",6,0.00338983050847458,"Decrease",1655,3386,1655
"06_UHGtBtCEoaUWRP","itt_fullspec_bn_employed_treat_HD","treat_HD",6,0.00338983050847458,"Decrease",1712,3500,1712
"06_UHGtBtCEoaUWRP","itt_fullspec_bn_employed_treat_HD","treat_HD",7,0.00395480225988701,"Decrease",1679,3434,1679
"06_UHGtBtCEoaUWRP","itt_fullspec_bn_employed_treat_HD","treat_HD",7,0.00395480225988701,"Decrease",1691,3458,1691
"06_UHGtBtCEoaUWRP","itt_fullspec_bn_employed_treat_HD","treat_HD",7,0.00395480225988701,"Decrease",932,1903,932
"06_UHGtBtCEoaUWRP","itt_fullspec_bn_employed_treat_HD","treat_HD",7,0.00395480225988701,"Decrease",1053,2152,1053
"06_UHGtBtCEoaUWRP","itt_fullspec_bn_employed_treat_HD","treat_HD",7,0.00395480225988701,"Decrease",1655,3386,1655
"06_UHGtBtCEoaUWRP","itt_fullspec_bn_employed_treat_HD","treat_HD",7,0.00395480225988701,"Decrease",1712,3500,1712
"06_UHGtBtCEoaUWRP","itt_fullspec_bn_employed_treat_HD","treat_HD",7,0.00395480225988701,"Decrease",836,1708,836
"06_UHGtBtCEoaUWRP","itt_fullspec_bn_employed_treat_HD","treat_HD",8,0.00451977401129944,"Decrease",1679,3434,1679
"06_UHGtBtCEoaUWRP","itt_fullspec_bn_employed_treat_HD","treat_HD",8,0.00451977401129944,"Decrease",1691,3458,1691
"06_UHGtBtCEoaUWRP","itt_fullspec_bn_employed_treat_HD","treat_HD",8,0.00451977401129944,"Decrease",932,1903,932
"06_UHGtBtCEoaUWRP","itt_fullspec_bn_employed_treat_HD","treat_HD",8,0.00451977401129944,"Decrease",1053,2152,1053
"06_UHGtBtCEoaUWRP","itt_fullspec_bn_employed_treat_HD","treat_HD",8,0.00451977401129944,"Decrease",1655,3386,1655
"06_UHGtBtCEoaUWRP","itt_fullspec_bn_employed_treat_HD","treat_HD",8,0.00451977401129944,"Decrease",1712,3500,1712
"06_UHGtBtCEoaUWRP","itt_fullspec_bn_employed_treat_HD","treat_HD",8,0.00451977401129944,"Decrease",836,1708,836
"06_UHGtBtCEoaUWRP","itt_fullspec_bn_employed_treat_HD","treat_HD",8,0.00451977401129944,"Decrease",1496,3063,1496
"06_UHGtBtCEoaUWRP","itt_fullspec_bn_employed_treat_HD","treat_HD",9,0.00508474576271186,"Decrease",1679,3434,1679
"06_UHGtBtCEoaUWRP","itt_fullspec_bn_employed_treat_HD","treat_HD",9,0.00508474576271186,"Decrease",1691,3458,1691
"06_UHGtBtCEoaUWRP","itt_fullspec_bn_employed_treat_HD","treat_HD",9,0.00508474576271186,"Decrease",932,1903,932
"06_UHGtBtCEoaUWRP","itt_fullspec_bn_employed_treat_HD","treat_HD",9,0.00508474576271186,"Decrease",1053,2152,1053
"06_UHGtBtCEoaUWRP","itt_fullspec_bn_employed_treat_HD","treat_HD",9,0.00508474576271186,"Decrease",1655,3386,1655
"06_UHGtBtCEoaUWRP","itt_fullspec_bn_employed_treat_HD","treat_HD",9,0.00508474576271186,"Decrease",1712,3500,1712
"06_UHGtBtCEoaUWRP","itt_fullspec_bn_employed_treat_HD","treat_HD",9,0.00508474576271186,"Decrease",836,1708,836
"06_UHGtBtCEoaUWRP","itt_fullspec_bn_employed_treat_HD","treat_HD",9,0.00508474576271186,"Decrease",1496,3063,1496
"06_UHGtBtCEoaUWRP","itt_fullspec_bn_employed_treat_HD","treat_HD",9,0.00508474576271186,"Decrease",942,1923,942
"06_UHGtBtCEoaUWRP","itt_fullspec_bn_employed_treat_HD","treat_HD",10,0.00564971751412429,"Decrease",1679,3434,1679
"06_UHGtBtCEoaUWRP","itt_fullspec_bn_employed_treat_HD","treat_HD",10,0.00564971751412429,"Decrease",1691,3458,1691
"06_UHGtBtCEoaUWRP","itt_fullspec_bn_employed_treat_HD","treat_HD",10,0.00564971751412429,"Decrease",932,1903,932
"06_UHGtBtCEoaUWRP","itt_fullspec_bn_employed_treat_HD","treat_HD",10,0.00564971751412429,"Decrease",1053,2152,1053
"06_UHGtBtCEoaUWRP","itt_fullspec_bn_employed_treat_HD","treat_HD",10,0.00564971751412429,"Decrease",1655,3386,1655
"06_UHGtBtCEoaUWRP","itt_fullspec_bn_employed_treat_HD","treat_HD",10,0.00564971751412429,"Decrease",1712,3500,1712
"06_UHGtBtCEoaUWRP","itt_fullspec_bn_employed_treat_HD","treat_HD",10,0.00564971751412429,"Decrease",836,1708,836
"06_UHGtBtCEoaUWRP","itt_fullspec_bn_employed_treat_HD","treat_HD",10,0.00564971751412429,"Decrease",1496,3063,1496
"06_UHGtBtCEoaUWRP","itt_fullspec_bn_employed_treat_HD","treat_HD",10,0.00564971751412429,"Decrease",942,1923,942
"06_UHGtBtCEoaUWRP","itt_fullspec_bn_employed_treat_HD","treat_HD",10,0.00564971751412429,"Decrease",1591,3255,1591
"06_UHGtBtCEoaUWRP","itt_fullspec_bn_employed_treat_HD","treat_HD",11,0.00621468926553672,"Decrease",1679,3434,1679
"06_UHGtBtCEoaUWRP","itt_fullspec_bn_employed_treat_HD","treat_HD",11,0.00621468926553672,"Decrease",1691,3458,1691
"06_UHGtBtCEoaUWRP","itt_fullspec_bn_employed_treat_HD","treat_HD",11,0.00621468926553672,"Decrease",932,1903,932
"06_UHGtBtCEoaUWRP","itt_fullspec_bn_employed_treat_HD","treat_HD",11,0.00621468926553672,"Decrease",1053,2152,1053
"06_UHGtBtCEoaUWRP","itt_fullspec_bn_employed_treat_HD","treat_HD",11,0.00621468926553672,"Decrease",1655,3386,1655
"06_UHGtBtCEoaUWRP","itt_fullspec_bn_employed_treat_HD","treat_HD",11,0.00621468926553672,"Decrease",1712,3500,1712
"06_UHGtBtCEoaUWRP","itt_fullspec_bn_employed_treat_HD","treat_HD",11,0.00621468926553672,"Decrease",836,1708,836
"06_UHGtBtCEoaUWRP","itt_fullspec_bn_employed_treat_HD","treat_HD",11,0.00621468926553672,"Decrease",1496,3063,1496
"06_UHGtBtCEoaUWRP","itt_fullspec_bn_employed_treat_HD","treat_HD",11,0.00621468926553672,"Decrease",942,1923,942
"06_UHGtBtCEoaUWRP","itt_fullspec_bn_employed_treat_HD","treat_HD",11,0.00621468926553672,"Decrease",1591,3255,1591
"06_UHGtBtCEoaUWRP","itt_fullspec_bn_employed_treat_HD","treat_HD",11,0.00621468926553672,"Decrease",995,2032,995
"06_UHGtBtCEoaUWRP","itt_fullspec_bn_employed_treat_HD","treat_HD",12,0.00677966101694915,"Decrease",1679,3434,1679
"06_UHGtBtCEoaUWRP","itt_fullspec_bn_employed_treat_HD","treat_HD",12,0.00677966101694915,"Decrease",1691,3458,1691
"06_UHGtBtCEoaUWRP","itt_fullspec_bn_employed_treat_HD","treat_HD",12,0.00677966101694915,"Decrease",932,1903,932
"06_UHGtBtCEoaUWRP","itt_fullspec_bn_employed_treat_HD","treat_HD",12,0.00677966101694915,"Decrease",1053,2152,1053
"06_UHGtBtCEoaUWRP","itt_fullspec_bn_employed_treat_HD","treat_HD",12,0.00677966101694915,"Decrease",1655,3386,1655
"06_UHGtBtCEoaUWRP","itt_fullspec_bn_employed_treat_HD","treat_HD",12,0.00677966101694915,"Decrease",1712,3500,1712
"06_UHGtBtCEoaUWRP","itt_fullspec_bn_employed_treat_HD","treat_HD",12,0.00677966101694915,"Decrease",836,1708,836
"06_UHGtBtCEoaUWRP","itt_fullspec_bn_employed_treat_HD","treat_HD",12,0.00677966101694915,"Decrease",1496,3063,1496
"06_UHGtBtCEoaUWRP","itt_fullspec_bn_employed_treat_HD","treat_HD",12,0.00677966101694915,"Decrease",942,1923,942
"06_UHGtBtCEoaUWRP","itt_fullspec_bn_employed_treat_HD","treat_HD",12,0.00677966101694915,"Decrease",1591,3255,1591
"06_UHGtBtCEoaUWRP","itt_fullspec_bn_employed_treat_HD","treat_HD",12,0.00677966101694915,"Decrease",995,2032,995
"06_UHGtBtCEoaUWRP","itt_fullspec_bn_employed_treat_HD","treat_HD",12,0.00677966101694915,"Decrease",74,151,74
"06_UHGtBtCEoaUWRP","itt_fullspec_bn_employed_treat_HD","treat_HD",13,0.00734463276836158,"Decrease",1691,3458,1691
"06_UHGtBtCEoaUWRP","itt_fullspec_bn_employed_treat_HD","treat_HD",13,0.00734463276836158,"Decrease",1679,3434,1679
"06_UHGtBtCEoaUWRP","itt_fullspec_bn_employed_treat_HD","treat_HD",13,0.00734463276836158,"Decrease",932,1903,932
"06_UHGtBtCEoaUWRP","itt_fullspec_bn_employed_treat_HD","treat_HD",13,0.00734463276836158,"Decrease",1053,2152,1053
"06_UHGtBtCEoaUWRP","itt_fullspec_bn_employed_treat_HD","treat_HD",13,0.00734463276836158,"Decrease",1655,3386,1655
"06_UHGtBtCEoaUWRP","itt_fullspec_bn_employed_treat_HD","treat_HD",13,0.00734463276836158,"Decrease",1712,3500,1712
"06_UHGtBtCEoaUWRP","itt_fullspec_bn_employed_treat_HD","treat_HD",13,0.00734463276836158,"Decrease",836,1708,836
"06_UHGtBtCEoaUWRP","itt_fullspec_bn_employed_treat_HD","treat_HD",13,0.00734463276836158,"Decrease",1496,3063,1496
"06_UHGtBtCEoaUWRP","itt_fullspec_bn_employed_treat_HD","treat_HD",13,0.00734463276836158,"Decrease",942,1923,942
"06_UHGtBtCEoaUWRP","itt_fullspec_bn_employed_treat_HD","treat_HD",13,0.00734463276836158,"Decrease",1591,3255,1591
"06_UHGtBtCEoaUWRP","itt_fullspec_bn_employed_treat_HD","treat_HD",13,0.00734463276836158,"Decrease",995,2032,995
"06_UHGtBtCEoaUWRP","itt_fullspec_bn_employed_treat_HD","treat_HD",13,0.00734463276836158,"Decrease",74,151,74
"06_UHGtBtCEoaUWRP","itt_fullspec_bn_employed_treat_HD","treat_HD",13,0.00734463276836158,"Decrease",1678,3432,1678
"06_UHGtBtCEoaUWRP","itt_fullspec_bn_employed_treat_HD","treat_HD",14,0.00790960451977401,"Decrease",1691,3458,1691
"06_UHGtBtCEoaUWRP","itt_fullspec_bn_employed_treat_HD","treat_HD",14,0.00790960451977401,"Decrease",1679,3434,1679
"06_UHGtBtCEoaUWRP","itt_fullspec_bn_employed_treat_HD","treat_HD",14,0.00790960451977401,"Decrease",932,1903,932
"06_UHGtBtCEoaUWRP","itt_fullspec_bn_employed_treat_HD","treat_HD",14,0.00790960451977401,"Decrease",1053,2152,1053
"06_UHGtBtCEoaUWRP","itt_fullspec_bn_employed_treat_HD","treat_HD",14,0.00790960451977401,"Decrease",1655,3386,1655
"06_UHGtBtCEoaUWRP","itt_fullspec_bn_employed_treat_HD","treat_HD",14,0.00790960451977401,"Decrease",1712,3500,1712
"06_UHGtBtCEoaUWRP","itt_fullspec_bn_employed_treat_HD","treat_HD",14,0.00790960451977401,"Decrease",836,1708,836
"06_UHGtBtCEoaUWRP","itt_fullspec_bn_employed_treat_HD","treat_HD",14,0.00790960451977401,"Decrease",1496,3063,1496
"06_UHGtBtCEoaUWRP","itt_fullspec_bn_employed_treat_HD","treat_HD",14,0.00790960451977401,"Decrease",942,1923,942
"06_UHGtBtCEoaUWRP","itt_fullspec_bn_employed_treat_HD","treat_HD",14,0.00790960451977401,"Decrease",1591,3255,1591
"06_UHGtBtCEoaUWRP","itt_fullspec_bn_employed_treat_HD","treat_HD",14,0.00790960451977401,"Decrease",995,2032,995
"06_UHGtBtCEoaUWRP","itt_fullspec_bn_employed_treat_HD","treat_HD",14,0.00790960451977401,"Decrease",74,151,74
"06_UHGtBtCEoaUWRP","itt_fullspec_bn_employed_treat_HD","treat_HD",14,0.00790960451977401,"Decrease",1678,3432,1678
"06_UHGtBtCEoaUWRP","itt_fullspec_bn_employed_treat_HD","treat_HD",14,0.00790960451977401,"Decrease",565,1159,565
"06_UHGtBtCEoaUWRP","itt_fullspec_bn_employed_treat_HD","treat_HD",15,0.00847457627118644,"Decrease",1691,3458,1691
"06_UHGtBtCEoaUWRP","itt_fullspec_bn_employed_treat_HD","treat_HD",15,0.00847457627118644,"Decrease",1679,3434,1679
"06_UHGtBtCEoaUWRP","itt_fullspec_bn_employed_treat_HD","treat_HD",15,0.00847457627118644,"Decrease",932,1903,932
"06_UHGtBtCEoaUWRP","itt_fullspec_bn_employed_treat_HD","treat_HD",15,0.00847457627118644,"Decrease",1053,2152,1053
"06_UHGtBtCEoaUWRP","itt_fullspec_bn_employed_treat_HD","treat_HD",15,0.00847457627118644,"Decrease",1655,3386,1655
"06_UHGtBtCEoaUWRP","itt_fullspec_bn_employed_treat_HD","treat_HD",15,0.00847457627118644,"Decrease",1712,3500,1712
"06_UHGtBtCEoaUWRP","itt_fullspec_bn_employed_treat_HD","treat_HD",15,0.00847457627118644,"Decrease",836,1708,836
"06_UHGtBtCEoaUWRP","itt_fullspec_bn_employed_treat_HD","treat_HD",15,0.00847457627118644,"Decrease",1496,3063,1496
"06_UHGtBtCEoaUWRP","itt_fullspec_bn_employed_treat_HD","treat_HD",15,0.00847457627118644,"Decrease",1591,3255,1591
"06_UHGtBtCEoaUWRP","itt_fullspec_bn_employed_treat_HD","treat_HD",15,0.00847457627118644,"Decrease",942,1923,942
"06_UHGtBtCEoaUWRP","itt_fullspec_bn_employed_treat_HD","treat_HD",15,0.00847457627118644,"Decrease",995,2032,995
"06_UHGtBtCEoaUWRP","itt_fullspec_bn_employed_treat_HD","treat_HD",15,0.00847457627118644,"Decrease",74,151,74
"06_UHGtBtCEoaUWRP","itt_fullspec_bn_employed_treat_HD","treat_HD",15,0.00847457627118644,"Decrease",1678,3432,1678
"06_UHGtBtCEoaUWRP","itt_fullspec_bn_employed_treat_HD","treat_HD",15,0.00847457627118644,"Decrease",565,1159,565
"06_UHGtBtCEoaUWRP","itt_fullspec_bn_employed_treat_HD","treat_HD",15,0.00847457627118644,"Decrease",1389,2844,1389
"06_UHGtBtCEoaUWRP","itt_fullspec_bn_employed_treat_HD","treat_HD",16,0.00903954802259887,"Decrease",1691,3458,1691
"06_UHGtBtCEoaUWRP","itt_fullspec_bn_employed_treat_HD","treat_HD",16,0.00903954802259887,"Decrease",1679,3434,1679
"06_UHGtBtCEoaUWRP","itt_fullspec_bn_employed_treat_HD","treat_HD",16,0.00903954802259887,"Decrease",932,1903,932
"06_UHGtBtCEoaUWRP","itt_fullspec_bn_employed_treat_HD","treat_HD",16,0.00903954802259887,"Decrease",1053,2152,1053
"06_UHGtBtCEoaUWRP","itt_fullspec_bn_employed_treat_HD","treat_HD",16,0.00903954802259887,"Decrease",1655,3386,1655
"06_UHGtBtCEoaUWRP","itt_fullspec_bn_employed_treat_HD","treat_HD",16,0.00903954802259887,"Decrease",1712,3500,1712
"06_UHGtBtCEoaUWRP","itt_fullspec_bn_employed_treat_HD","treat_HD",16,0.00903954802259887,"Decrease",836,1708,836
"06_UHGtBtCEoaUWRP","itt_fullspec_bn_employed_treat_HD","treat_HD",16,0.00903954802259887,"Decrease",1496,3063,1496
"06_UHGtBtCEoaUWRP","itt_fullspec_bn_employed_treat_HD","treat_HD",16,0.00903954802259887,"Decrease",1591,3255,1591
"06_UHGtBtCEoaUWRP","itt_fullspec_bn_employed_treat_HD","treat_HD",16,0.00903954802259887,"Decrease",942,1923,942
"06_UHGtBtCEoaUWRP","itt_fullspec_bn_employed_treat_HD","treat_HD",16,0.00903954802259887,"Decrease",995,2032,995
"06_UHGtBtCEoaUWRP","itt_fullspec_bn_employed_treat_HD","treat_HD",16,0.00903954802259887,"Decrease",74,151,74
"06_UHGtBtCEoaUWRP","itt_fullspec_bn_employed_treat_HD","treat_HD",16,0.00903954802259887,"Decrease",1678,3432,1678
"06_UHGtBtCEoaUWRP","itt_fullspec_bn_employed_treat_HD","treat_HD",16,0.00903954802259887,"Decrease",565,1159,565
"06_UHGtBtCEoaUWRP","itt_fullspec_bn_employed_treat_HD","treat_HD",16,0.00903954802259887,"Decrease",1389,2844,1389
"06_UHGtBtCEoaUWRP","itt_fullspec_bn_employed_treat_HD","treat_HD",16,0.00903954802259887,"Decrease",1531,3133,1531
"06_UHGtBtCEoaUWRP","itt_fullspec_bn_employed_treat_HD","treat_HD",17,0.0096045197740113,"Decrease",1691,3458,1691
"06_UHGtBtCEoaUWRP","itt_fullspec_bn_employed_treat_HD","treat_HD",17,0.0096045197740113,"Decrease",1679,3434,1679
"06_UHGtBtCEoaUWRP","itt_fullspec_bn_employed_treat_HD","treat_HD",17,0.0096045197740113,"Decrease",932,1903,932
"06_UHGtBtCEoaUWRP","itt_fullspec_bn_employed_treat_HD","treat_HD",17,0.0096045197740113,"Decrease",1053,2152,1053
"06_UHGtBtCEoaUWRP","itt_fullspec_bn_employed_treat_HD","treat_HD",17,0.0096045197740113,"Decrease",1655,3386,1655
"06_UHGtBtCEoaUWRP","itt_fullspec_bn_employed_treat_HD","treat_HD",17,0.0096045197740113,"Decrease",1712,3500,1712
"06_UHGtBtCEoaUWRP","itt_fullspec_bn_employed_treat_HD","treat_HD",17,0.0096045197740113,"Decrease",836,1708,836
"06_UHGtBtCEoaUWRP","itt_fullspec_bn_employed_treat_HD","treat_HD",17,0.0096045197740113,"Decrease",1496,3063,1496
"06_UHGtBtCEoaUWRP","itt_fullspec_bn_employed_treat_HD","treat_HD",17,0.0096045197740113,"Decrease",1591,3255,1591
"06_UHGtBtCEoaUWRP","itt_fullspec_bn_employed_treat_HD","treat_HD",17,0.0096045197740113,"Decrease",942,1923,942
"06_UHGtBtCEoaUWRP","itt_fullspec_bn_employed_treat_HD","treat_HD",17,0.0096045197740113,"Decrease",995,2032,995
"06_UHGtBtCEoaUWRP","itt_fullspec_bn_employed_treat_HD","treat_HD",17,0.0096045197740113,"Decrease",74,151,74
"06_UHGtBtCEoaUWRP","itt_fullspec_bn_employed_treat_HD","treat_HD",17,0.0096045197740113,"Decrease",1678,3432,1678
"06_UHGtBtCEoaUWRP","itt_fullspec_bn_employed_treat_HD","treat_HD",17,0.0096045197740113,"Decrease",565,1159,565
"06_UHGtBtCEoaUWRP","itt_fullspec_bn_employed_treat_HD","treat_HD",17,0.0096045197740113,"Decrease",1389,2844,1389
"06_UHGtBtCEoaUWRP","itt_fullspec_bn_employed_treat_HD","treat_HD",17,0.0096045197740113,"Decrease",1531,3133,1531
"06_UHGtBtCEoaUWRP","itt_fullspec_bn_employed_treat_HD","treat_HD",17,0.0096045197740113,"Decrease",1641,3356,1641
"06_UHGtBtCEoaUWRP","itt_fullspec_bn_employed_treat_HD","treat_HD",18,0.0101694915254237,"Decrease",1691,3458,1691
"06_UHGtBtCEoaUWRP","itt_fullspec_bn_employed_treat_HD","treat_HD",18,0.0101694915254237,"Decrease",1679,3434,1679
"06_UHGtBtCEoaUWRP","itt_fullspec_bn_employed_treat_HD","treat_HD",18,0.0101694915254237,"Decrease",932,1903,932
"06_UHGtBtCEoaUWRP","itt_fullspec_bn_employed_treat_HD","treat_HD",18,0.0101694915254237,"Decrease",1053,2152,1053
"06_UHGtBtCEoaUWRP","itt_fullspec_bn_employed_treat_HD","treat_HD",18,0.0101694915254237,"Decrease",1655,3386,1655
"06_UHGtBtCEoaUWRP","itt_fullspec_bn_employed_treat_HD","treat_HD",18,0.0101694915254237,"Decrease",1712,3500,1712
"06_UHGtBtCEoaUWRP","itt_fullspec_bn_employed_treat_HD","treat_HD",18,0.0101694915254237,"Decrease",836,1708,836
"06_UHGtBtCEoaUWRP","itt_fullspec_bn_employed_treat_HD","treat_HD",18,0.0101694915254237,"Decrease",1496,3063,1496
"06_UHGtBtCEoaUWRP","itt_fullspec_bn_employed_treat_HD","treat_HD",18,0.0101694915254237,"Decrease",1591,3255,1591
"06_UHGtBtCEoaUWRP","itt_fullspec_bn_employed_treat_HD","treat_HD",18,0.0101694915254237,"Decrease",942,1923,942
"06_UHGtBtCEoaUWRP","itt_fullspec_bn_employed_treat_HD","treat_HD",18,0.0101694915254237,"Decrease",995,2032,995
"06_UHGtBtCEoaUWRP","itt_fullspec_bn_employed_treat_HD","treat_HD",18,0.0101694915254237,"Decrease",74,151,74
"06_UHGtBtCEoaUWRP","itt_fullspec_bn_employed_treat_HD","treat_HD",18,0.0101694915254237,"Decrease",1678,3432,1678
"06_UHGtBtCEoaUWRP","itt_fullspec_bn_employed_treat_HD","treat_HD",18,0.0101694915254237,"Decrease",565,1159,565
"06_UHGtBtCEoaUWRP","itt_fullspec_bn_employed_treat_HD","treat_HD",18,0.0101694915254237,"Decrease",1389,2844,1389
"06_UHGtBtCEoaUWRP","itt_fullspec_bn_employed_treat_HD","treat_HD",18,0.0101694915254237,"Decrease",1531,3133,1531
"06_UHGtBtCEoaUWRP","itt_fullspec_bn_employed_treat_HD","treat_HD",18,0.0101694915254237,"Decrease",1641,3356,1641
"06_UHGtBtCEoaUWRP","itt_fullspec_bn_employed_treat_HD","treat_HD",18,0.0101694915254237,"Decrease",78,159,78
"06_UHGtBtCEoaUWRP","itt_fullspec_bn_employed_treat_HD","treat_HD",19,0.0107344632768362,"Decrease",1691,3458,1691
"06_UHGtBtCEoaUWRP","itt_fullspec_bn_employed_treat_HD","treat_HD",19,0.0107344632768362,"Decrease",1679,3434,1679
"06_UHGtBtCEoaUWRP","itt_fullspec_bn_employed_treat_HD","treat_HD",19,0.0107344632768362,"Decrease",932,1903,932
"06_UHGtBtCEoaUWRP","itt_fullspec_bn_employed_treat_HD","treat_HD",19,0.0107344632768362,"Decrease",1053,2152,1053
"06_UHGtBtCEoaUWRP","itt_fullspec_bn_employed_treat_HD","treat_HD",19,0.0107344632768362,"Decrease",1655,3386,1655
"06_UHGtBtCEoaUWRP","itt_fullspec_bn_employed_treat_HD","treat_HD",19,0.0107344632768362,"Decrease",1712,3500,1712
"06_UHGtBtCEoaUWRP","itt_fullspec_bn_employed_treat_HD","treat_HD",19,0.0107344632768362,"Decrease",836,1708,836
"06_UHGtBtCEoaUWRP","itt_fullspec_bn_employed_treat_HD","treat_HD",19,0.0107344632768362,"Decrease",1496,3063,1496
"06_UHGtBtCEoaUWRP","itt_fullspec_bn_employed_treat_HD","treat_HD",19,0.0107344632768362,"Decrease",1591,3255,1591
"06_UHGtBtCEoaUWRP","itt_fullspec_bn_employed_treat_HD","treat_HD",19,0.0107344632768362,"Decrease",942,1923,942
"06_UHGtBtCEoaUWRP","itt_fullspec_bn_employed_treat_HD","treat_HD",19,0.0107344632768362,"Decrease",995,2032,995
"06_UHGtBtCEoaUWRP","itt_fullspec_bn_employed_treat_HD","treat_HD",19,0.0107344632768362,"Decrease",74,151,74
"06_UHGtBtCEoaUWRP","itt_fullspec_bn_employed_treat_HD","treat_HD",19,0.0107344632768362,"Decrease",1678,3432,1678
"06_UHGtBtCEoaUWRP","itt_fullspec_bn_employed_treat_HD","treat_HD",19,0.0107344632768362,"Decrease",565,1159,565
"06_UHGtBtCEoaUWRP","itt_fullspec_bn_employed_treat_HD","treat_HD",19,0.0107344632768362,"Decrease",1389,2844,1389
"06_UHGtBtCEoaUWRP","itt_fullspec_bn_employed_treat_HD","treat_HD",19,0.0107344632768362,"Decrease",1531,3133,1531
"06_UHGtBtCEoaUWRP","itt_fullspec_bn_employed_treat_HD","treat_HD",19,0.0107344632768362,"Decrease",1641,3356,1641
"06_UHGtBtCEoaUWRP","itt_fullspec_bn_employed_treat_HD","treat_HD",19,0.0107344632768362,"Decrease",78,159,78
"06_UHGtBtCEoaUWRP","itt_fullspec_bn_employed_treat_HD","treat_HD",19,0.0107344632768362,"Decrease",172,356,172
"06_UHGtBtCEoaUWRP","itt_fullspec_bn_employed_treat_HD","treat_HD",20,0.0112994350282486,"Decrease",1691,3458,1691
"06_UHGtBtCEoaUWRP","itt_fullspec_bn_employed_treat_HD","treat_HD",20,0.0112994350282486,"Decrease",1679,3434,1679
"06_UHGtBtCEoaUWRP","itt_fullspec_bn_employed_treat_HD","treat_HD",20,0.0112994350282486,"Decrease",932,1903,932
"06_UHGtBtCEoaUWRP","itt_fullspec_bn_employed_treat_HD","treat_HD",20,0.0112994350282486,"Decrease",1053,2152,1053
"06_UHGtBtCEoaUWRP","itt_fullspec_bn_employed_treat_HD","treat_HD",20,0.0112994350282486,"Decrease",1655,3386,1655
"06_UHGtBtCEoaUWRP","itt_fullspec_bn_employed_treat_HD","treat_HD",20,0.0112994350282486,"Decrease",1712,3500,1712
"06_UHGtBtCEoaUWRP","itt_fullspec_bn_employed_treat_HD","treat_HD",20,0.0112994350282486,"Decrease",836,1708,836
"06_UHGtBtCEoaUWRP","itt_fullspec_bn_employed_treat_HD","treat_HD",20,0.0112994350282486,"Decrease",1496,3063,1496
"06_UHGtBtCEoaUWRP","itt_fullspec_bn_employed_treat_HD","treat_HD",20,0.0112994350282486,"Decrease",1591,3255,1591
"06_UHGtBtCEoaUWRP","itt_fullspec_bn_employed_treat_HD","treat_HD",20,0.0112994350282486,"Decrease",942,1923,942
"06_UHGtBtCEoaUWRP","itt_fullspec_bn_employed_treat_HD","treat_HD",20,0.0112994350282486,"Decrease",995,2032,995
"06_UHGtBtCEoaUWRP","itt_fullspec_bn_employed_treat_HD","treat_HD",20,0.0112994350282486,"Decrease",74,151,74
"06_UHGtBtCEoaUWRP","itt_fullspec_bn_employed_treat_HD","treat_HD",20,0.0112994350282486,"Decrease",1678,3432,1678
"06_UHGtBtCEoaUWRP","itt_fullspec_bn_employed_treat_HD","treat_HD",20,0.0112994350282486,"Decrease",565,1159,565
"06_UHGtBtCEoaUWRP","itt_fullspec_bn_employed_treat_HD","treat_HD",20,0.0112994350282486,"Decrease",1389,2844,1389
"06_UHGtBtCEoaUWRP","itt_fullspec_bn_employed_treat_HD","treat_HD",20,0.0112994350282486,"Decrease",1531,3133,1531
"06_UHGtBtCEoaUWRP","itt_fullspec_bn_employed_treat_HD","treat_HD",20,0.0112994350282486,"Decrease",1641,3356,1641
"06_UHGtBtCEoaUWRP","itt_fullspec_bn_employed_treat_HD","treat_HD",20,0.0112994350282486,"Decrease",78,159,78
"06_UHGtBtCEoaUWRP","itt_fullspec_bn_employed_treat_HD","treat_HD",20,0.0112994350282486,"Decrease",172,356,172
"06_UHGtBtCEoaUWRP","itt_fullspec_bn_employed_treat_HD","treat_HD",20,0.0112994350282486,"Decrease",940,1919,940
"06_UHGtBtCEoaUWRP","itt_fullspec_bn_employed_treat_HD","treat_HD",21,0.011864406779661,"Decrease",1691,3458,1691
"06_UHGtBtCEoaUWRP","itt_fullspec_bn_employed_treat_HD","treat_HD",21,0.011864406779661,"Decrease",1679,3434,1679
"06_UHGtBtCEoaUWRP","itt_fullspec_bn_employed_treat_HD","treat_HD",21,0.011864406779661,"Decrease",932,1903,932
"06_UHGtBtCEoaUWRP","itt_fullspec_bn_employed_treat_HD","treat_HD",21,0.011864406779661,"Decrease",1053,2152,1053
"06_UHGtBtCEoaUWRP","itt_fullspec_bn_employed_treat_HD","treat_HD",21,0.011864406779661,"Decrease",1655,3386,1655
"06_UHGtBtCEoaUWRP","itt_fullspec_bn_employed_treat_HD","treat_HD",21,0.011864406779661,"Decrease",1712,3500,1712
"06_UHGtBtCEoaUWRP","itt_fullspec_bn_employed_treat_HD","treat_HD",21,0.011864406779661,"Decrease",836,1708,836
"06_UHGtBtCEoaUWRP","itt_fullspec_bn_employed_treat_HD","treat_HD",21,0.011864406779661,"Decrease",1496,3063,1496
"06_UHGtBtCEoaUWRP","itt_fullspec_bn_employed_treat_HD","treat_HD",21,0.011864406779661,"Decrease",1591,3255,1591
"06_UHGtBtCEoaUWRP","itt_fullspec_bn_employed_treat_HD","treat_HD",21,0.011864406779661,"Decrease",942,1923,942
"06_UHGtBtCEoaUWRP","itt_fullspec_bn_employed_treat_HD","treat_HD",21,0.011864406779661,"Decrease",995,2032,995
"06_UHGtBtCEoaUWRP","itt_fullspec_bn_employed_treat_HD","treat_HD",21,0.011864406779661,"Decrease",74,151,74
"06_UHGtBtCEoaUWRP","itt_fullspec_bn_employed_treat_HD","treat_HD",21,0.011864406779661,"Decrease",1678,3432,1678
"06_UHGtBtCEoaUWRP","itt_fullspec_bn_employed_treat_HD","treat_HD",21,0.011864406779661,"Decrease",565,1159,565
"06_UHGtBtCEoaUWRP","itt_fullspec_bn_employed_treat_HD","treat_HD",21,0.011864406779661,"Decrease",1389,2844,1389
"06_UHGtBtCEoaUWRP","itt_fullspec_bn_employed_treat_HD","treat_HD",21,0.011864406779661,"Decrease",1531,3133,1531
"06_UHGtBtCEoaUWRP","itt_fullspec_bn_employed_treat_HD","treat_HD",21,0.011864406779661,"Decrease",1641,3356,1641
"06_UHGtBtCEoaUWRP","itt_fullspec_bn_employed_treat_HD","treat_HD",21,0.011864406779661,"Decrease",78,159,78
"06_UHGtBtCEoaUWRP","itt_fullspec_bn_employed_treat_HD","treat_HD",21,0.011864406779661,"Decrease",172,356,172
"06_UHGtBtCEoaUWRP","itt_fullspec_bn_employed_treat_HD","treat_HD",21,0.011864406779661,"Decrease",940,1919,940
"06_UHGtBtCEoaUWRP","itt_fullspec_bn_employed_treat_HD","treat_HD",21,0.011864406779661,"Decrease",971,1983,971
"06_UHGtBtCEoaUWRP","itt_fullspec_bn_employed_treat_HD","treat_HD",22,0.0124293785310734,"Decrease",1691,3458,1691
"06_UHGtBtCEoaUWRP","itt_fullspec_bn_employed_treat_HD","treat_HD",22,0.0124293785310734,"Decrease",1679,3434,1679
"06_UHGtBtCEoaUWRP","itt_fullspec_bn_employed_treat_HD","treat_HD",22,0.0124293785310734,"Decrease",932,1903,932
"06_UHGtBtCEoaUWRP","itt_fullspec_bn_employed_treat_HD","treat_HD",22,0.0124293785310734,"Decrease",1053,2152,1053
"06_UHGtBtCEoaUWRP","itt_fullspec_bn_employed_treat_HD","treat_HD",22,0.0124293785310734,"Decrease",1655,3386,1655
"06_UHGtBtCEoaUWRP","itt_fullspec_bn_employed_treat_HD","treat_HD",22,0.0124293785310734,"Decrease",1712,3500,1712
"06_UHGtBtCEoaUWRP","itt_fullspec_bn_employed_treat_HD","treat_HD",22,0.0124293785310734,"Decrease",836,1708,836
"06_UHGtBtCEoaUWRP","itt_fullspec_bn_employed_treat_HD","treat_HD",22,0.0124293785310734,"Decrease",1496,3063,1496
"06_UHGtBtCEoaUWRP","itt_fullspec_bn_employed_treat_HD","treat_HD",22,0.0124293785310734,"Decrease",1591,3255,1591
"06_UHGtBtCEoaUWRP","itt_fullspec_bn_employed_treat_HD","treat_HD",22,0.0124293785310734,"Decrease",942,1923,942
"06_UHGtBtCEoaUWRP","itt_fullspec_bn_employed_treat_HD","treat_HD",22,0.0124293785310734,"Decrease",995,2032,995
"06_UHGtBtCEoaUWRP","itt_fullspec_bn_employed_treat_HD","treat_HD",22,0.0124293785310734,"Decrease",74,151,74
"06_UHGtBtCEoaUWRP","itt_fullspec_bn_employed_treat_HD","treat_HD",22,0.0124293785310734,"Decrease",1678,3432,1678
"06_UHGtBtCEoaUWRP","itt_fullspec_bn_employed_treat_HD","treat_HD",22,0.0124293785310734,"Decrease",565,1159,565
"06_UHGtBtCEoaUWRP","itt_fullspec_bn_employed_treat_HD","treat_HD",22,0.0124293785310734,"Decrease",1389,2844,1389
"06_UHGtBtCEoaUWRP","itt_fullspec_bn_employed_treat_HD","treat_HD",22,0.0124293785310734,"Decrease",1531,3133,1531
"06_UHGtBtCEoaUWRP","itt_fullspec_bn_employed_treat_HD","treat_HD",22,0.0124293785310734,"Decrease",1641,3356,1641
"06_UHGtBtCEoaUWRP","itt_fullspec_bn_employed_treat_HD","treat_HD",22,0.0124293785310734,"Decrease",78,159,78
"06_UHGtBtCEoaUWRP","itt_fullspec_bn_employed_treat_HD","treat_HD",22,0.0124293785310734,"Decrease",172,356,172
"06_UHGtBtCEoaUWRP","itt_fullspec_bn_employed_treat_HD","treat_HD",22,0.0124293785310734,"Decrease",940,1919,940
"06_UHGtBtCEoaUWRP","itt_fullspec_bn_employed_treat_HD","treat_HD",22,0.0124293785310734,"Decrease",971,1983,971
"06_UHGtBtCEoaUWRP","itt_fullspec_bn_employed_treat_HD","treat_HD",22,0.0124293785310734,"Decrease",489,1004,489
"06_UHGtBtCEoaUWRP","itt_fullspec_bn_employed_treat_HD","treat_HD",23,0.0129943502824859,"Decrease",1691,3458,1691
"06_UHGtBtCEoaUWRP","itt_fullspec_bn_employed_treat_HD","treat_HD",23,0.0129943502824859,"Decrease",1679,3434,1679
"06_UHGtBtCEoaUWRP","itt_fullspec_bn_employed_treat_HD","treat_HD",23,0.0129943502824859,"Decrease",932,1903,932
"06_UHGtBtCEoaUWRP","itt_fullspec_bn_employed_treat_HD","treat_HD",23,0.0129943502824859,"Decrease",1053,2152,1053
"06_UHGtBtCEoaUWRP","itt_fullspec_bn_employed_treat_HD","treat_HD",23,0.0129943502824859,"Decrease",1655,3386,1655
"06_UHGtBtCEoaUWRP","itt_fullspec_bn_employed_treat_HD","treat_HD",23,0.0129943502824859,"Decrease",1712,3500,1712
"06_UHGtBtCEoaUWRP","itt_fullspec_bn_employed_treat_HD","treat_HD",23,0.0129943502824859,"Decrease",836,1708,836
"06_UHGtBtCEoaUWRP","itt_fullspec_bn_employed_treat_HD","treat_HD",23,0.0129943502824859,"Decrease",1591,3255,1591
"06_UHGtBtCEoaUWRP","itt_fullspec_bn_employed_treat_HD","treat_HD",23,0.0129943502824859,"Decrease",1496,3063,1496
"06_UHGtBtCEoaUWRP","itt_fullspec_bn_employed_treat_HD","treat_HD",23,0.0129943502824859,"Decrease",942,1923,942
"06_UHGtBtCEoaUWRP","itt_fullspec_bn_employed_treat_HD","treat_HD",23,0.0129943502824859,"Decrease",995,2032,995
"06_UHGtBtCEoaUWRP","itt_fullspec_bn_employed_treat_HD","treat_HD",23,0.0129943502824859,"Decrease",74,151,74
"06_UHGtBtCEoaUWRP","itt_fullspec_bn_employed_treat_HD","treat_HD",23,0.0129943502824859,"Decrease",1678,3432,1678
"06_UHGtBtCEoaUWRP","itt_fullspec_bn_employed_treat_HD","treat_HD",23,0.0129943502824859,"Decrease",565,1159,565
"06_UHGtBtCEoaUWRP","itt_fullspec_bn_employed_treat_HD","treat_HD",23,0.0129943502824859,"Decrease",1389,2844,1389
"06_UHGtBtCEoaUWRP","itt_fullspec_bn_employed_treat_HD","treat_HD",23,0.0129943502824859,"Decrease",1531,3133,1531
"06_UHGtBtCEoaUWRP","itt_fullspec_bn_employed_treat_HD","treat_HD",23,0.0129943502824859,"Decrease",1641,3356,1641
"06_UHGtBtCEoaUWRP","itt_fullspec_bn_employed_treat_HD","treat_HD",23,0.0129943502824859,"Decrease",78,159,78
"06_UHGtBtCEoaUWRP","itt_fullspec_bn_employed_treat_HD","treat_HD",23,0.0129943502824859,"Decrease",172,356,172
"06_UHGtBtCEoaUWRP","itt_fullspec_bn_employed_treat_HD","treat_HD",23,0.0129943502824859,"Decrease",940,1919,940
"06_UHGtBtCEoaUWRP","itt_fullspec_bn_employed_treat_HD","treat_HD",23,0.0129943502824859,"Decrease",971,1983,971
"06_UHGtBtCEoaUWRP","itt_fullspec_bn_employed_treat_HD","treat_HD",23,0.0129943502824859,"Decrease",489,1004,489
"06_UHGtBtCEoaUWRP","itt_fullspec_bn_employed_treat_HD","treat_HD",23,0.0129943502824859,"Decrease",1073,2194,1073
"06_UHGtBtCEoaUWRP","itt_fullspec_bn_employed_treat_HD","treat_HD",24,0.0135593220338983,"Decrease",1691,3458,1691
"06_UHGtBtCEoaUWRP","itt_fullspec_bn_employed_treat_HD","treat_HD",24,0.0135593220338983,"Decrease",1679,3434,1679
"06_UHGtBtCEoaUWRP","itt_fullspec_bn_employed_treat_HD","treat_HD",24,0.0135593220338983,"Decrease",932,1903,932
"06_UHGtBtCEoaUWRP","itt_fullspec_bn_employed_treat_HD","treat_HD",24,0.0135593220338983,"Decrease",1053,2152,1053
"06_UHGtBtCEoaUWRP","itt_fullspec_bn_employed_treat_HD","treat_HD",24,0.0135593220338983,"Decrease",1655,3386,1655
"06_UHGtBtCEoaUWRP","itt_fullspec_bn_employed_treat_HD","treat_HD",24,0.0135593220338983,"Decrease",1712,3500,1712
"06_UHGtBtCEoaUWRP","itt_fullspec_bn_employed_treat_HD","treat_HD",24,0.0135593220338983,"Decrease",836,1708,836
"06_UHGtBtCEoaUWRP","itt_fullspec_bn_employed_treat_HD","treat_HD",24,0.0135593220338983,"Decrease",1591,3255,1591
"06_UHGtBtCEoaUWRP","itt_fullspec_bn_employed_treat_HD","treat_HD",24,0.0135593220338983,"Decrease",1496,3063,1496
"06_UHGtBtCEoaUWRP","itt_fullspec_bn_employed_treat_HD","treat_HD",24,0.0135593220338983,"Decrease",942,1923,942
"06_UHGtBtCEoaUWRP","itt_fullspec_bn_employed_treat_HD","treat_HD",24,0.0135593220338983,"Decrease",995,2032,995
"06_UHGtBtCEoaUWRP","itt_fullspec_bn_employed_treat_HD","treat_HD",24,0.0135593220338983,"Decrease",74,151,74
"06_UHGtBtCEoaUWRP","itt_fullspec_bn_employed_treat_HD","treat_HD",24,0.0135593220338983,"Decrease",1678,3432,1678
"06_UHGtBtCEoaUWRP","itt_fullspec_bn_employed_treat_HD","treat_HD",24,0.0135593220338983,"Decrease",565,1159,565
"06_UHGtBtCEoaUWRP","itt_fullspec_bn_employed_treat_HD","treat_HD",24,0.0135593220338983,"Decrease",1389,2844,1389
"06_UHGtBtCEoaUWRP","itt_fullspec_bn_employed_treat_HD","treat_HD",24,0.0135593220338983,"Decrease",1531,3133,1531
"06_UHGtBtCEoaUWRP","itt_fullspec_bn_employed_treat_HD","treat_HD",24,0.0135593220338983,"Decrease",1641,3356,1641
"06_UHGtBtCEoaUWRP","itt_fullspec_bn_employed_treat_HD","treat_HD",24,0.0135593220338983,"Decrease",78,159,78
"06_UHGtBtCEoaUWRP","itt_fullspec_bn_employed_treat_HD","treat_HD",24,0.0135593220338983,"Decrease",172,356,172
"06_UHGtBtCEoaUWRP","itt_fullspec_bn_employed_treat_HD","treat_HD",24,0.0135593220338983,"Decrease",940,1919,940
"06_UHGtBtCEoaUWRP","itt_fullspec_bn_employed_treat_HD","treat_HD",24,0.0135593220338983,"Decrease",971,1983,971
"06_UHGtBtCEoaUWRP","itt_fullspec_bn_employed_treat_HD","treat_HD",24,0.0135593220338983,"Decrease",489,1004,489
"06_UHGtBtCEoaUWRP","itt_fullspec_bn_employed_treat_HD","treat_HD",24,0.0135593220338983,"Decrease",1073,2194,1073
"06_UHGtBtCEoaUWRP","itt_fullspec_bn_employed_treat_HD","treat_HD",24,0.0135593220338983,"Decrease",1708,3492,1708
"06_UHGtBtCEoaUWRP","itt_fullspec_bn_employed_treat_HD","treat_HD",25,0.0141242937853107,"Decrease",1691,3458,1691
"06_UHGtBtCEoaUWRP","itt_fullspec_bn_employed_treat_HD","treat_HD",25,0.0141242937853107,"Decrease",1679,3434,1679
"06_UHGtBtCEoaUWRP","itt_fullspec_bn_employed_treat_HD","treat_HD",25,0.0141242937853107,"Decrease",932,1903,932
"06_UHGtBtCEoaUWRP","itt_fullspec_bn_employed_treat_HD","treat_HD",25,0.0141242937853107,"Decrease",1053,2152,1053
"06_UHGtBtCEoaUWRP","itt_fullspec_bn_employed_treat_HD","treat_HD",25,0.0141242937853107,"Decrease",1655,3386,1655
"06_UHGtBtCEoaUWRP","itt_fullspec_bn_employed_treat_HD","treat_HD",25,0.0141242937853107,"Decrease",1712,3500,1712
"06_UHGtBtCEoaUWRP","itt_fullspec_bn_employed_treat_HD","treat_HD",25,0.0141242937853107,"Decrease",836,1708,836
"06_UHGtBtCEoaUWRP","itt_fullspec_bn_employed_treat_HD","treat_HD",25,0.0141242937853107,"Decrease",1591,3255,1591
"06_UHGtBtCEoaUWRP","itt_fullspec_bn_employed_treat_HD","treat_HD",25,0.0141242937853107,"Decrease",1496,3063,1496
"06_UHGtBtCEoaUWRP","itt_fullspec_bn_employed_treat_HD","treat_HD",25,0.0141242937853107,"Decrease",942,1923,942
"06_UHGtBtCEoaUWRP","itt_fullspec_bn_employed_treat_HD","treat_HD",25,0.0141242937853107,"Decrease",995,2032,995
"06_UHGtBtCEoaUWRP","itt_fullspec_bn_employed_treat_HD","treat_HD",25,0.0141242937853107,"Decrease",74,151,74
"06_UHGtBtCEoaUWRP","itt_fullspec_bn_employed_treat_HD","treat_HD",25,0.0141242937853107,"Decrease",1678,3432,1678
"06_UHGtBtCEoaUWRP","itt_fullspec_bn_employed_treat_HD","treat_HD",25,0.0141242937853107,"Decrease",565,1159,565
"06_UHGtBtCEoaUWRP","itt_fullspec_bn_employed_treat_HD","treat_HD",25,0.0141242937853107,"Decrease",1531,3133,1531
"06_UHGtBtCEoaUWRP","itt_fullspec_bn_employed_treat_HD","treat_HD",25,0.0141242937853107,"Decrease",1389,2844,1389
"06_UHGtBtCEoaUWRP","itt_fullspec_bn_employed_treat_HD","treat_HD",25,0.0141242937853107,"Decrease",1641,3356,1641
"06_UHGtBtCEoaUWRP","itt_fullspec_bn_employed_treat_HD","treat_HD",25,0.0141242937853107,"Decrease",78,159,78
"06_UHGtBtCEoaUWRP","itt_fullspec_bn_employed_treat_HD","treat_HD",25,0.0141242937853107,"Decrease",172,356,172
"06_UHGtBtCEoaUWRP","itt_fullspec_bn_employed_treat_HD","treat_HD",25,0.0141242937853107,"Decrease",940,1919,940
"06_UHGtBtCEoaUWRP","itt_fullspec_bn_employed_treat_HD","treat_HD",25,0.0141242937853107,"Decrease",971,1983,971
"06_UHGtBtCEoaUWRP","itt_fullspec_bn_employed_treat_HD","treat_HD",25,0.0141242937853107,"Decrease",489,1004,489
"06_UHGtBtCEoaUWRP","itt_fullspec_bn_employed_treat_HD","treat_HD",25,0.0141242937853107,"Decrease",1073,2194,1073
"06_UHGtBtCEoaUWRP","itt_fullspec_bn_employed_treat_HD","treat_HD",25,0.0141242937853107,"Decrease",1708,3492,1708
"06_UHGtBtCEoaUWRP","itt_fullspec_bn_employed_treat_HD","treat_HD",25,0.0141242937853107,"Decrease",616,1264,616
"06_UHGtBtCEoaUWRP","itt_fullspec_bn_employed_treat_HD","treat_HD",26,0.0146892655367232,"Decrease",1691,3458,1691
"06_UHGtBtCEoaUWRP","itt_fullspec_bn_employed_treat_HD","treat_HD",26,0.0146892655367232,"Decrease",1679,3434,1679
"06_UHGtBtCEoaUWRP","itt_fullspec_bn_employed_treat_HD","treat_HD",26,0.0146892655367232,"Decrease",932,1903,932
"06_UHGtBtCEoaUWRP","itt_fullspec_bn_employed_treat_HD","treat_HD",26,0.0146892655367232,"Decrease",1053,2152,1053
"06_UHGtBtCEoaUWRP","itt_fullspec_bn_employed_treat_HD","treat_HD",26,0.0146892655367232,"Decrease",1655,3386,1655
"06_UHGtBtCEoaUWRP","itt_fullspec_bn_employed_treat_HD","treat_HD",26,0.0146892655367232,"Decrease",1712,3500,1712
"06_UHGtBtCEoaUWRP","itt_fullspec_bn_employed_treat_HD","treat_HD",26,0.0146892655367232,"Decrease",836,1708,836
"06_UHGtBtCEoaUWRP","itt_fullspec_bn_employed_treat_HD","treat_HD",26,0.0146892655367232,"Decrease",1591,3255,1591
"06_UHGtBtCEoaUWRP","itt_fullspec_bn_employed_treat_HD","treat_HD",26,0.0146892655367232,"Decrease",1496,3063,1496
"06_UHGtBtCEoaUWRP","itt_fullspec_bn_employed_treat_HD","treat_HD",26,0.0146892655367232,"Decrease",942,1923,942
"06_UHGtBtCEoaUWRP","itt_fullspec_bn_employed_treat_HD","treat_HD",26,0.0146892655367232,"Decrease",995,2032,995
"06_UHGtBtCEoaUWRP","itt_fullspec_bn_employed_treat_HD","treat_HD",26,0.0146892655367232,"Decrease",74,151,74
"06_UHGtBtCEoaUWRP","itt_fullspec_bn_employed_treat_HD","treat_HD",26,0.0146892655367232,"Decrease",1678,3432,1678
"06_UHGtBtCEoaUWRP","itt_fullspec_bn_employed_treat_HD","treat_HD",26,0.0146892655367232,"Decrease",565,1159,565
"06_UHGtBtCEoaUWRP","itt_fullspec_bn_employed_treat_HD","treat_HD",26,0.0146892655367232,"Decrease",1531,3133,1531
"06_UHGtBtCEoaUWRP","itt_fullspec_bn_employed_treat_HD","treat_HD",26,0.0146892655367232,"Decrease",1389,2844,1389
"06_UHGtBtCEoaUWRP","itt_fullspec_bn_employed_treat_HD","treat_HD",26,0.0146892655367232,"Decrease",1641,3356,1641
"06_UHGtBtCEoaUWRP","itt_fullspec_bn_employed_treat_HD","treat_HD",26,0.0146892655367232,"Decrease",78,159,78
"06_UHGtBtCEoaUWRP","itt_fullspec_bn_employed_treat_HD","treat_HD",26,0.0146892655367232,"Decrease",172,356,172
"06_UHGtBtCEoaUWRP","itt_fullspec_bn_employed_treat_HD","treat_HD",26,0.0146892655367232,"Decrease",940,1919,940
"06_UHGtBtCEoaUWRP","itt_fullspec_bn_employed_treat_HD","treat_HD",26,0.0146892655367232,"Decrease",971,1983,971
"06_UHGtBtCEoaUWRP","itt_fullspec_bn_employed_treat_HD","treat_HD",26,0.0146892655367232,"Decrease",1073,2194,1073
"06_UHGtBtCEoaUWRP","itt_fullspec_bn_employed_treat_HD","treat_HD",26,0.0146892655367232,"Decrease",489,1004,489
"06_UHGtBtCEoaUWRP","itt_fullspec_bn_employed_treat_HD","treat_HD",26,0.0146892655367232,"Decrease",1708,3492,1708
"06_UHGtBtCEoaUWRP","itt_fullspec_bn_employed_treat_HD","treat_HD",26,0.0146892655367232,"Decrease",1095,2238,1095
"06_UHGtBtCEoaUWRP","itt_fullspec_bn_employed_treat_HD","treat_HD",26,0.0146892655367232,"Decrease",616,1264,616
"06_UHGtBtCEoaUWRP","itt_fullspec_bn_employed_treat_HD","treat_HD",27,0.0152542372881356,"Decrease",1691,3458,1691
"06_UHGtBtCEoaUWRP","itt_fullspec_bn_employed_treat_HD","treat_HD",27,0.0152542372881356,"Decrease",1679,3434,1679
"06_UHGtBtCEoaUWRP","itt_fullspec_bn_employed_treat_HD","treat_HD",27,0.0152542372881356,"Decrease",932,1903,932
"06_UHGtBtCEoaUWRP","itt_fullspec_bn_employed_treat_HD","treat_HD",27,0.0152542372881356,"Decrease",1053,2152,1053
"06_UHGtBtCEoaUWRP","itt_fullspec_bn_employed_treat_HD","treat_HD",27,0.0152542372881356,"Decrease",1655,3386,1655
"06_UHGtBtCEoaUWRP","itt_fullspec_bn_employed_treat_HD","treat_HD",27,0.0152542372881356,"Decrease",1712,3500,1712
"06_UHGtBtCEoaUWRP","itt_fullspec_bn_employed_treat_HD","treat_HD",27,0.0152542372881356,"Decrease",836,1708,836
"06_UHGtBtCEoaUWRP","itt_fullspec_bn_employed_treat_HD","treat_HD",27,0.0152542372881356,"Decrease",1591,3255,1591
"06_UHGtBtCEoaUWRP","itt_fullspec_bn_employed_treat_HD","treat_HD",27,0.0152542372881356,"Decrease",1496,3063,1496
"06_UHGtBtCEoaUWRP","itt_fullspec_bn_employed_treat_HD","treat_HD",27,0.0152542372881356,"Decrease",942,1923,942
"06_UHGtBtCEoaUWRP","itt_fullspec_bn_employed_treat_HD","treat_HD",27,0.0152542372881356,"Decrease",995,2032,995
"06_UHGtBtCEoaUWRP","itt_fullspec_bn_employed_treat_HD","treat_HD",27,0.0152542372881356,"Decrease",74,151,74
"06_UHGtBtCEoaUWRP","itt_fullspec_bn_employed_treat_HD","treat_HD",27,0.0152542372881356,"Decrease",1678,3432,1678
"06_UHGtBtCEoaUWRP","itt_fullspec_bn_employed_treat_HD","treat_HD",27,0.0152542372881356,"Decrease",565,1159,565
"06_UHGtBtCEoaUWRP","itt_fullspec_bn_employed_treat_HD","treat_HD",27,0.0152542372881356,"Decrease",1531,3133,1531
"06_UHGtBtCEoaUWRP","itt_fullspec_bn_employed_treat_HD","treat_HD",27,0.0152542372881356,"Decrease",1389,2844,1389
"06_UHGtBtCEoaUWRP","itt_fullspec_bn_employed_treat_HD","treat_HD",27,0.0152542372881356,"Decrease",1641,3356,1641
"06_UHGtBtCEoaUWRP","itt_fullspec_bn_employed_treat_HD","treat_HD",27,0.0152542372881356,"Decrease",78,159,78
"06_UHGtBtCEoaUWRP","itt_fullspec_bn_employed_treat_HD","treat_HD",27,0.0152542372881356,"Decrease",172,356,172
"06_UHGtBtCEoaUWRP","itt_fullspec_bn_employed_treat_HD","treat_HD",27,0.0152542372881356,"Decrease",940,1919,940
"06_UHGtBtCEoaUWRP","itt_fullspec_bn_employed_treat_HD","treat_HD",27,0.0152542372881356,"Decrease",971,1983,971
"06_UHGtBtCEoaUWRP","itt_fullspec_bn_employed_treat_HD","treat_HD",27,0.0152542372881356,"Decrease",1073,2194,1073
"06_UHGtBtCEoaUWRP","itt_fullspec_bn_employed_treat_HD","treat_HD",27,0.0152542372881356,"Decrease",489,1004,489
"06_UHGtBtCEoaUWRP","itt_fullspec_bn_employed_treat_HD","treat_HD",27,0.0152542372881356,"Decrease",1708,3492,1708
"06_UHGtBtCEoaUWRP","itt_fullspec_bn_employed_treat_HD","treat_HD",27,0.0152542372881356,"Decrease",1095,2238,1095
"06_UHGtBtCEoaUWRP","itt_fullspec_bn_employed_treat_HD","treat_HD",27,0.0152542372881356,"Decrease",616,1264,616
"06_UHGtBtCEoaUWRP","itt_fullspec_bn_employed_treat_HD","treat_HD",27,0.0152542372881356,"Decrease",444,912,444
"06_UHGtBtCEoaUWRP","itt_fullspec_bn_employed_treat_HD","treat_HD",28,0.015819209039548,"Decrease",1691,3458,1691
"06_UHGtBtCEoaUWRP","itt_fullspec_bn_employed_treat_HD","treat_HD",28,0.015819209039548,"Decrease",1679,3434,1679
"06_UHGtBtCEoaUWRP","itt_fullspec_bn_employed_treat_HD","treat_HD",28,0.015819209039548,"Decrease",932,1903,932
"06_UHGtBtCEoaUWRP","itt_fullspec_bn_employed_treat_HD","treat_HD",28,0.015819209039548,"Decrease",1053,2152,1053
"06_UHGtBtCEoaUWRP","itt_fullspec_bn_employed_treat_HD","treat_HD",28,0.015819209039548,"Decrease",1655,3386,1655
"06_UHGtBtCEoaUWRP","itt_fullspec_bn_employed_treat_HD","treat_HD",28,0.015819209039548,"Decrease",1712,3500,1712
"06_UHGtBtCEoaUWRP","itt_fullspec_bn_employed_treat_HD","treat_HD",28,0.015819209039548,"Decrease",836,1708,836
"06_UHGtBtCEoaUWRP","itt_fullspec_bn_employed_treat_HD","treat_HD",28,0.015819209039548,"Decrease",1591,3255,1591
"06_UHGtBtCEoaUWRP","itt_fullspec_bn_employed_treat_HD","treat_HD",28,0.015819209039548,"Decrease",1496,3063,1496
"06_UHGtBtCEoaUWRP","itt_fullspec_bn_employed_treat_HD","treat_HD",28,0.015819209039548,"Decrease",942,1923,942
"06_UHGtBtCEoaUWRP","itt_fullspec_bn_employed_treat_HD","treat_HD",28,0.015819209039548,"Decrease",995,2032,995
"06_UHGtBtCEoaUWRP","itt_fullspec_bn_employed_treat_HD","treat_HD",28,0.015819209039548,"Decrease",74,151,74
"06_UHGtBtCEoaUWRP","itt_fullspec_bn_employed_treat_HD","treat_HD",28,0.015819209039548,"Decrease",1678,3432,1678
"06_UHGtBtCEoaUWRP","itt_fullspec_bn_employed_treat_HD","treat_HD",28,0.015819209039548,"Decrease",565,1159,565
"06_UHGtBtCEoaUWRP","itt_fullspec_bn_employed_treat_HD","treat_HD",28,0.015819209039548,"Decrease",1531,3133,1531
"06_UHGtBtCEoaUWRP","itt_fullspec_bn_employed_treat_HD","treat_HD",28,0.015819209039548,"Decrease",1389,2844,1389
"06_UHGtBtCEoaUWRP","itt_fullspec_bn_employed_treat_HD","treat_HD",28,0.015819209039548,"Decrease",1641,3356,1641
"06_UHGtBtCEoaUWRP","itt_fullspec_bn_employed_treat_HD","treat_HD",28,0.015819209039548,"Decrease",78,159,78
"06_UHGtBtCEoaUWRP","itt_fullspec_bn_employed_treat_HD","treat_HD",28,0.015819209039548,"Decrease",172,356,172
"06_UHGtBtCEoaUWRP","itt_fullspec_bn_employed_treat_HD","treat_HD",28,0.015819209039548,"Decrease",940,1919,940
"06_UHGtBtCEoaUWRP","itt_fullspec_bn_employed_treat_HD","treat_HD",28,0.015819209039548,"Decrease",971,1983,971
"06_UHGtBtCEoaUWRP","itt_fullspec_bn_employed_treat_HD","treat_HD",28,0.015819209039548,"Decrease",1073,2194,1073
"06_UHGtBtCEoaUWRP","itt_fullspec_bn_employed_treat_HD","treat_HD",28,0.015819209039548,"Decrease",489,1004,489
"06_UHGtBtCEoaUWRP","itt_fullspec_bn_employed_treat_HD","treat_HD",28,0.015819209039548,"Decrease",1708,3492,1708
"06_UHGtBtCEoaUWRP","itt_fullspec_bn_employed_treat_HD","treat_HD",28,0.015819209039548,"Decrease",1095,2238,1095
"06_UHGtBtCEoaUWRP","itt_fullspec_bn_employed_treat_HD","treat_HD",28,0.015819209039548,"Decrease",444,912,444
"06_UHGtBtCEoaUWRP","itt_fullspec_bn_employed_treat_HD","treat_HD",28,0.015819209039548,"Decrease",616,1264,616
"06_UHGtBtCEoaUWRP","itt_fullspec_bn_employed_treat_HD","treat_HD",28,0.015819209039548,"Decrease",1715,3506,1715
"06_UHGtBtCEoaUWRP","itt_fullspec_bn_employed_treat_HD","treat_HD",29,0.0163841807909605,"Decrease",1691,3458,1691
"06_UHGtBtCEoaUWRP","itt_fullspec_bn_employed_treat_HD","treat_HD",29,0.0163841807909605,"Decrease",1679,3434,1679
"06_UHGtBtCEoaUWRP","itt_fullspec_bn_employed_treat_HD","treat_HD",29,0.0163841807909605,"Decrease",932,1903,932
"06_UHGtBtCEoaUWRP","itt_fullspec_bn_employed_treat_HD","treat_HD",29,0.0163841807909605,"Decrease",1053,2152,1053
"06_UHGtBtCEoaUWRP","itt_fullspec_bn_employed_treat_HD","treat_HD",29,0.0163841807909605,"Decrease",1655,3386,1655
"06_UHGtBtCEoaUWRP","itt_fullspec_bn_employed_treat_HD","treat_HD",29,0.0163841807909605,"Decrease",1712,3500,1712
"06_UHGtBtCEoaUWRP","itt_fullspec_bn_employed_treat_HD","treat_HD",29,0.0163841807909605,"Decrease",836,1708,836
"06_UHGtBtCEoaUWRP","itt_fullspec_bn_employed_treat_HD","treat_HD",29,0.0163841807909605,"Decrease",1591,3255,1591
"06_UHGtBtCEoaUWRP","itt_fullspec_bn_employed_treat_HD","treat_HD",29,0.0163841807909605,"Decrease",1496,3063,1496
"06_UHGtBtCEoaUWRP","itt_fullspec_bn_employed_treat_HD","treat_HD",29,0.0163841807909605,"Decrease",942,1923,942
"06_UHGtBtCEoaUWRP","itt_fullspec_bn_employed_treat_HD","treat_HD",29,0.0163841807909605,"Decrease",995,2032,995
"06_UHGtBtCEoaUWRP","itt_fullspec_bn_employed_treat_HD","treat_HD",29,0.0163841807909605,"Decrease",74,151,74
"06_UHGtBtCEoaUWRP","itt_fullspec_bn_employed_treat_HD","treat_HD",29,0.0163841807909605,"Decrease",1678,3432,1678
"06_UHGtBtCEoaUWRP","itt_fullspec_bn_employed_treat_HD","treat_HD",29,0.0163841807909605,"Decrease",565,1159,565
"06_UHGtBtCEoaUWRP","itt_fullspec_bn_employed_treat_HD","treat_HD",29,0.0163841807909605,"Decrease",1531,3133,1531
"06_UHGtBtCEoaUWRP","itt_fullspec_bn_employed_treat_HD","treat_HD",29,0.0163841807909605,"Decrease",1389,2844,1389
"06_UHGtBtCEoaUWRP","itt_fullspec_bn_employed_treat_HD","treat_HD",29,0.0163841807909605,"Decrease",1641,3356,1641
"06_UHGtBtCEoaUWRP","itt_fullspec_bn_employed_treat_HD","treat_HD",29,0.0163841807909605,"Decrease",78,159,78
"06_UHGtBtCEoaUWRP","itt_fullspec_bn_employed_treat_HD","treat_HD",29,0.0163841807909605,"Decrease",172,356,172
"06_UHGtBtCEoaUWRP","itt_fullspec_bn_employed_treat_HD","treat_HD",29,0.0163841807909605,"Decrease",940,1919,940
"06_UHGtBtCEoaUWRP","itt_fullspec_bn_employed_treat_HD","treat_HD",29,0.0163841807909605,"Decrease",971,1983,971
"06_UHGtBtCEoaUWRP","itt_fullspec_bn_employed_treat_HD","treat_HD",29,0.0163841807909605,"Decrease",1073,2194,1073
"06_UHGtBtCEoaUWRP","itt_fullspec_bn_employed_treat_HD","treat_HD",29,0.0163841807909605,"Decrease",489,1004,489
"06_UHGtBtCEoaUWRP","itt_fullspec_bn_employed_treat_HD","treat_HD",29,0.0163841807909605,"Decrease",1708,3492,1708
"06_UHGtBtCEoaUWRP","itt_fullspec_bn_employed_treat_HD","treat_HD",29,0.0163841807909605,"Decrease",1095,2238,1095
"06_UHGtBtCEoaUWRP","itt_fullspec_bn_employed_treat_HD","treat_HD",29,0.0163841807909605,"Decrease",444,912,444
"06_UHGtBtCEoaUWRP","itt_fullspec_bn_employed_treat_HD","treat_HD",29,0.0163841807909605,"Decrease",616,1264,616
"06_UHGtBtCEoaUWRP","itt_fullspec_bn_employed_treat_HD","treat_HD",29,0.0163841807909605,"Decrease",1715,3506,1715
"06_UHGtBtCEoaUWRP","itt_fullspec_bn_employed_treat_HD","treat_HD",29,0.0163841807909605,"Decrease",686,1405,686
"06_UHGtBtCEoaUWRP","itt_fullspec_bn_employed_treat_HD","treat_HD",30,0.0169491525423729,"Decrease",1691,3458,1691
"06_UHGtBtCEoaUWRP","itt_fullspec_bn_employed_treat_HD","treat_HD",30,0.0169491525423729,"Decrease",1679,3434,1679
"06_UHGtBtCEoaUWRP","itt_fullspec_bn_employed_treat_HD","treat_HD",30,0.0169491525423729,"Decrease",932,1903,932
"06_UHGtBtCEoaUWRP","itt_fullspec_bn_employed_treat_HD","treat_HD",30,0.0169491525423729,"Decrease",1053,2152,1053
"06_UHGtBtCEoaUWRP","itt_fullspec_bn_employed_treat_HD","treat_HD",30,0.0169491525423729,"Decrease",1655,3386,1655
"06_UHGtBtCEoaUWRP","itt_fullspec_bn_employed_treat_HD","treat_HD",30,0.0169491525423729,"Decrease",1712,3500,1712
"06_UHGtBtCEoaUWRP","itt_fullspec_bn_employed_treat_HD","treat_HD",30,0.0169491525423729,"Decrease",836,1708,836
"06_UHGtBtCEoaUWRP","itt_fullspec_bn_employed_treat_HD","treat_HD",30,0.0169491525423729,"Decrease",1591,3255,1591
"06_UHGtBtCEoaUWRP","itt_fullspec_bn_employed_treat_HD","treat_HD",30,0.0169491525423729,"Decrease",1496,3063,1496
"06_UHGtBtCEoaUWRP","itt_fullspec_bn_employed_treat_HD","treat_HD",30,0.0169491525423729,"Decrease",942,1923,942
"06_UHGtBtCEoaUWRP","itt_fullspec_bn_employed_treat_HD","treat_HD",30,0.0169491525423729,"Decrease",995,2032,995
"06_UHGtBtCEoaUWRP","itt_fullspec_bn_employed_treat_HD","treat_HD",30,0.0169491525423729,"Decrease",74,151,74
"06_UHGtBtCEoaUWRP","itt_fullspec_bn_employed_treat_HD","treat_HD",30,0.0169491525423729,"Decrease",1678,3432,1678
"06_UHGtBtCEoaUWRP","itt_fullspec_bn_employed_treat_HD","treat_HD",30,0.0169491525423729,"Decrease",565,1159,565
"06_UHGtBtCEoaUWRP","itt_fullspec_bn_employed_treat_HD","treat_HD",30,0.0169491525423729,"Decrease",1531,3133,1531
"06_UHGtBtCEoaUWRP","itt_fullspec_bn_employed_treat_HD","treat_HD",30,0.0169491525423729,"Decrease",1389,2844,1389
"06_UHGtBtCEoaUWRP","itt_fullspec_bn_employed_treat_HD","treat_HD",30,0.0169491525423729,"Decrease",1641,3356,1641
"06_UHGtBtCEoaUWRP","itt_fullspec_bn_employed_treat_HD","treat_HD",30,0.0169491525423729,"Decrease",78,159,78
"06_UHGtBtCEoaUWRP","itt_fullspec_bn_employed_treat_HD","treat_HD",30,0.0169491525423729,"Decrease",172,356,172
"06_UHGtBtCEoaUWRP","itt_fullspec_bn_employed_treat_HD","treat_HD",30,0.0169491525423729,"Decrease",940,1919,940
"06_UHGtBtCEoaUWRP","itt_fullspec_bn_employed_treat_HD","treat_HD",30,0.0169491525423729,"Decrease",971,1983,971
"06_UHGtBtCEoaUWRP","itt_fullspec_bn_employed_treat_HD","treat_HD",30,0.0169491525423729,"Decrease",1073,2194,1073
"06_UHGtBtCEoaUWRP","itt_fullspec_bn_employed_treat_HD","treat_HD",30,0.0169491525423729,"Decrease",489,1004,489
"06_UHGtBtCEoaUWRP","itt_fullspec_bn_employed_treat_HD","treat_HD",30,0.0169491525423729,"Decrease",1708,3492,1708
"06_UHGtBtCEoaUWRP","itt_fullspec_bn_employed_treat_HD","treat_HD",30,0.0169491525423729,"Decrease",1095,2238,1095
"06_UHGtBtCEoaUWRP","itt_fullspec_bn_employed_treat_HD","treat_HD",30,0.0169491525423729,"Decrease",444,912,444
"06_UHGtBtCEoaUWRP","itt_fullspec_bn_employed_treat_HD","treat_HD",30,0.0169491525423729,"Decrease",616,1264,616
"06_UHGtBtCEoaUWRP","itt_fullspec_bn_employed_treat_HD","treat_HD",30,0.0169491525423729,"Decrease",1715,3506,1715
"06_UHGtBtCEoaUWRP","itt_fullspec_bn_employed_treat_HD","treat_HD",30,0.0169491525423729,"Decrease",686,1405,686
"06_UHGtBtCEoaUWRP","itt_fullspec_bn_employed_treat_HD","treat_HD",30,0.0169491525423729,"Decrease",3,6,3
"06_UHGtBtCEoaUWRP","itt_fullspec_bn_employed_treat_HD","treat_HD",31,0.0175141242937853,"Decrease",1691,3458,1691
"06_UHGtBtCEoaUWRP","itt_fullspec_bn_employed_treat_HD","treat_HD",31,0.0175141242937853,"Decrease",1679,3434,1679
"06_UHGtBtCEoaUWRP","itt_fullspec_bn_employed_treat_HD","treat_HD",31,0.0175141242937853,"Decrease",932,1903,932
"06_UHGtBtCEoaUWRP","itt_fullspec_bn_employed_treat_HD","treat_HD",31,0.0175141242937853,"Decrease",1053,2152,1053
"06_UHGtBtCEoaUWRP","itt_fullspec_bn_employed_treat_HD","treat_HD",31,0.0175141242937853,"Decrease",1655,3386,1655
"06_UHGtBtCEoaUWRP","itt_fullspec_bn_employed_treat_HD","treat_HD",31,0.0175141242937853,"Decrease",1712,3500,1712
"06_UHGtBtCEoaUWRP","itt_fullspec_bn_employed_treat_HD","treat_HD",31,0.0175141242937853,"Decrease",836,1708,836
"06_UHGtBtCEoaUWRP","itt_fullspec_bn_employed_treat_HD","treat_HD",31,0.0175141242937853,"Decrease",1591,3255,1591
"06_UHGtBtCEoaUWRP","itt_fullspec_bn_employed_treat_HD","treat_HD",31,0.0175141242937853,"Decrease",1496,3063,1496
"06_UHGtBtCEoaUWRP","itt_fullspec_bn_employed_treat_HD","treat_HD",31,0.0175141242937853,"Decrease",942,1923,942
"06_UHGtBtCEoaUWRP","itt_fullspec_bn_employed_treat_HD","treat_HD",31,0.0175141242937853,"Decrease",995,2032,995
"06_UHGtBtCEoaUWRP","itt_fullspec_bn_employed_treat_HD","treat_HD",31,0.0175141242937853,"Decrease",74,151,74
"06_UHGtBtCEoaUWRP","itt_fullspec_bn_employed_treat_HD","treat_HD",31,0.0175141242937853,"Decrease",1678,3432,1678
"06_UHGtBtCEoaUWRP","itt_fullspec_bn_employed_treat_HD","treat_HD",31,0.0175141242937853,"Decrease",565,1159,565
"06_UHGtBtCEoaUWRP","itt_fullspec_bn_employed_treat_HD","treat_HD",31,0.0175141242937853,"Decrease",1531,3133,1531
"06_UHGtBtCEoaUWRP","itt_fullspec_bn_employed_treat_HD","treat_HD",31,0.0175141242937853,"Decrease",1389,2844,1389
"06_UHGtBtCEoaUWRP","itt_fullspec_bn_employed_treat_HD","treat_HD",31,0.0175141242937853,"Decrease",1641,3356,1641
"06_UHGtBtCEoaUWRP","itt_fullspec_bn_employed_treat_HD","treat_HD",31,0.0175141242937853,"Decrease",78,159,78
"06_UHGtBtCEoaUWRP","itt_fullspec_bn_employed_treat_HD","treat_HD",31,0.0175141242937853,"Decrease",172,356,172
"06_UHGtBtCEoaUWRP","itt_fullspec_bn_employed_treat_HD","treat_HD",31,0.0175141242937853,"Decrease",940,1919,940
"06_UHGtBtCEoaUWRP","itt_fullspec_bn_employed_treat_HD","treat_HD",31,0.0175141242937853,"Decrease",1073,2194,1073
"06_UHGtBtCEoaUWRP","itt_fullspec_bn_employed_treat_HD","treat_HD",31,0.0175141242937853,"Decrease",971,1983,971
"06_UHGtBtCEoaUWRP","itt_fullspec_bn_employed_treat_HD","treat_HD",31,0.0175141242937853,"Decrease",489,1004,489
"06_UHGtBtCEoaUWRP","itt_fullspec_bn_employed_treat_HD","treat_HD",31,0.0175141242937853,"Decrease",1708,3492,1708
"06_UHGtBtCEoaUWRP","itt_fullspec_bn_employed_treat_HD","treat_HD",31,0.0175141242937853,"Decrease",1095,2238,1095
"06_UHGtBtCEoaUWRP","itt_fullspec_bn_employed_treat_HD","treat_HD",31,0.0175141242937853,"Decrease",444,912,444
"06_UHGtBtCEoaUWRP","itt_fullspec_bn_employed_treat_HD","treat_HD",31,0.0175141242937853,"Decrease",616,1264,616
"06_UHGtBtCEoaUWRP","itt_fullspec_bn_employed_treat_HD","treat_HD",31,0.0175141242937853,"Decrease",1715,3506,1715
"06_UHGtBtCEoaUWRP","itt_fullspec_bn_employed_treat_HD","treat_HD",31,0.0175141242937853,"Decrease",686,1405,686
"06_UHGtBtCEoaUWRP","itt_fullspec_bn_employed_treat_HD","treat_HD",31,0.0175141242937853,"Decrease",3,6,3
"06_UHGtBtCEoaUWRP","itt_fullspec_bn_employed_treat_HD","treat_HD",31,0.0175141242937853,"Decrease",658,1349,658
"06_UHGtBtCEoaUWRP","itt_fullspec_bn_employed_treat_HD","treat_HD",32,0.0180790960451977,"Decrease",1691,3458,1691
"06_UHGtBtCEoaUWRP","itt_fullspec_bn_employed_treat_HD","treat_HD",32,0.0180790960451977,"Decrease",1679,3434,1679
"06_UHGtBtCEoaUWRP","itt_fullspec_bn_employed_treat_HD","treat_HD",32,0.0180790960451977,"Decrease",932,1903,932
"06_UHGtBtCEoaUWRP","itt_fullspec_bn_employed_treat_HD","treat_HD",32,0.0180790960451977,"Decrease",1053,2152,1053
"06_UHGtBtCEoaUWRP","itt_fullspec_bn_employed_treat_HD","treat_HD",32,0.0180790960451977,"Decrease",1655,3386,1655
"06_UHGtBtCEoaUWRP","itt_fullspec_bn_employed_treat_HD","treat_HD",32,0.0180790960451977,"Decrease",1712,3500,1712
"06_UHGtBtCEoaUWRP","itt_fullspec_bn_employed_treat_HD","treat_HD",32,0.0180790960451977,"Decrease",836,1708,836
"06_UHGtBtCEoaUWRP","itt_fullspec_bn_employed_treat_HD","treat_HD",32,0.0180790960451977,"Decrease",1591,3255,1591
"06_UHGtBtCEoaUWRP","itt_fullspec_bn_employed_treat_HD","treat_HD",32,0.0180790960451977,"Decrease",1496,3063,1496
"06_UHGtBtCEoaUWRP","itt_fullspec_bn_employed_treat_HD","treat_HD",32,0.0180790960451977,"Decrease",942,1923,942
"06_UHGtBtCEoaUWRP","itt_fullspec_bn_employed_treat_HD","treat_HD",32,0.0180790960451977,"Decrease",995,2032,995
"06_UHGtBtCEoaUWRP","itt_fullspec_bn_employed_treat_HD","treat_HD",32,0.0180790960451977,"Decrease",74,151,74
"06_UHGtBtCEoaUWRP","itt_fullspec_bn_employed_treat_HD","treat_HD",32,0.0180790960451977,"Decrease",1678,3432,1678
"06_UHGtBtCEoaUWRP","itt_fullspec_bn_employed_treat_HD","treat_HD",32,0.0180790960451977,"Decrease",565,1159,565
"06_UHGtBtCEoaUWRP","itt_fullspec_bn_employed_treat_HD","treat_HD",32,0.0180790960451977,"Decrease",1531,3133,1531
"06_UHGtBtCEoaUWRP","itt_fullspec_bn_employed_treat_HD","treat_HD",32,0.0180790960451977,"Decrease",1389,2844,1389
"06_UHGtBtCEoaUWRP","itt_fullspec_bn_employed_treat_HD","treat_HD",32,0.0180790960451977,"Decrease",1641,3356,1641
"06_UHGtBtCEoaUWRP","itt_fullspec_bn_employed_treat_HD","treat_HD",32,0.0180790960451977,"Decrease",78,159,78
"06_UHGtBtCEoaUWRP","itt_fullspec_bn_employed_treat_HD","treat_HD",32,0.0180790960451977,"Decrease",172,356,172
"06_UHGtBtCEoaUWRP","itt_fullspec_bn_employed_treat_HD","treat_HD",32,0.0180790960451977,"Decrease",940,1919,940
"06_UHGtBtCEoaUWRP","itt_fullspec_bn_employed_treat_HD","treat_HD",32,0.0180790960451977,"Decrease",1073,2194,1073
"06_UHGtBtCEoaUWRP","itt_fullspec_bn_employed_treat_HD","treat_HD",32,0.0180790960451977,"Decrease",971,1983,971
"06_UHGtBtCEoaUWRP","itt_fullspec_bn_employed_treat_HD","treat_HD",32,0.0180790960451977,"Decrease",489,1004,489
"06_UHGtBtCEoaUWRP","itt_fullspec_bn_employed_treat_HD","treat_HD",32,0.0180790960451977,"Decrease",1708,3492,1708
"06_UHGtBtCEoaUWRP","itt_fullspec_bn_employed_treat_HD","treat_HD",32,0.0180790960451977,"Decrease",1095,2238,1095
"06_UHGtBtCEoaUWRP","itt_fullspec_bn_employed_treat_HD","treat_HD",32,0.0180790960451977,"Decrease",444,912,444
"06_UHGtBtCEoaUWRP","itt_fullspec_bn_employed_treat_HD","treat_HD",32,0.0180790960451977,"Decrease",616,1264,616
"06_UHGtBtCEoaUWRP","itt_fullspec_bn_employed_treat_HD","treat_HD",32,0.0180790960451977,"Decrease",1715,3506,1715
"06_UHGtBtCEoaUWRP","itt_fullspec_bn_employed_treat_HD","treat_HD",32,0.0180790960451977,"Decrease",686,1405,686
"06_UHGtBtCEoaUWRP","itt_fullspec_bn_employed_treat_HD","treat_HD",32,0.0180790960451977,"Decrease",3,6,3
"06_UHGtBtCEoaUWRP","itt_fullspec_bn_employed_treat_HD","treat_HD",32,0.0180790960451977,"Decrease",658,1349,658
"06_UHGtBtCEoaUWRP","itt_fullspec_bn_employed_treat_HD","treat_HD",32,0.0180790960451977,"Decrease",656,1345,656
"06_UHGtBtCEoaUWRP","itt_fullspec_bn_employed_treat_HD","treat_HD",33,0.0186440677966102,"Decrease",1691,3458,1691
"06_UHGtBtCEoaUWRP","itt_fullspec_bn_employed_treat_HD","treat_HD",33,0.0186440677966102,"Decrease",1679,3434,1679
"06_UHGtBtCEoaUWRP","itt_fullspec_bn_employed_treat_HD","treat_HD",33,0.0186440677966102,"Decrease",932,1903,932
"06_UHGtBtCEoaUWRP","itt_fullspec_bn_employed_treat_HD","treat_HD",33,0.0186440677966102,"Decrease",1053,2152,1053
"06_UHGtBtCEoaUWRP","itt_fullspec_bn_employed_treat_HD","treat_HD",33,0.0186440677966102,"Decrease",1655,3386,1655
"06_UHGtBtCEoaUWRP","itt_fullspec_bn_employed_treat_HD","treat_HD",33,0.0186440677966102,"Decrease",1712,3500,1712
"06_UHGtBtCEoaUWRP","itt_fullspec_bn_employed_treat_HD","treat_HD",33,0.0186440677966102,"Decrease",836,1708,836
"06_UHGtBtCEoaUWRP","itt_fullspec_bn_employed_treat_HD","treat_HD",33,0.0186440677966102,"Decrease",1591,3255,1591
"06_UHGtBtCEoaUWRP","itt_fullspec_bn_employed_treat_HD","treat_HD",33,0.0186440677966102,"Decrease",1496,3063,1496
"06_UHGtBtCEoaUWRP","itt_fullspec_bn_employed_treat_HD","treat_HD",33,0.0186440677966102,"Decrease",942,1923,942
"06_UHGtBtCEoaUWRP","itt_fullspec_bn_employed_treat_HD","treat_HD",33,0.0186440677966102,"Decrease",995,2032,995
"06_UHGtBtCEoaUWRP","itt_fullspec_bn_employed_treat_HD","treat_HD",33,0.0186440677966102,"Decrease",74,151,74
"06_UHGtBtCEoaUWRP","itt_fullspec_bn_employed_treat_HD","treat_HD",33,0.0186440677966102,"Decrease",1678,3432,1678
"06_UHGtBtCEoaUWRP","itt_fullspec_bn_employed_treat_HD","treat_HD",33,0.0186440677966102,"Decrease",565,1159,565
"06_UHGtBtCEoaUWRP","itt_fullspec_bn_employed_treat_HD","treat_HD",33,0.0186440677966102,"Decrease",1531,3133,1531
"06_UHGtBtCEoaUWRP","itt_fullspec_bn_employed_treat_HD","treat_HD",33,0.0186440677966102,"Decrease",1389,2844,1389
"06_UHGtBtCEoaUWRP","itt_fullspec_bn_employed_treat_HD","treat_HD",33,0.0186440677966102,"Decrease",1641,3356,1641
"06_UHGtBtCEoaUWRP","itt_fullspec_bn_employed_treat_HD","treat_HD",33,0.0186440677966102,"Decrease",78,159,78
"06_UHGtBtCEoaUWRP","itt_fullspec_bn_employed_treat_HD","treat_HD",33,0.0186440677966102,"Decrease",172,356,172
"06_UHGtBtCEoaUWRP","itt_fullspec_bn_employed_treat_HD","treat_HD",33,0.0186440677966102,"Decrease",940,1919,940
"06_UHGtBtCEoaUWRP","itt_fullspec_bn_employed_treat_HD","treat_HD",33,0.0186440677966102,"Decrease",1073,2194,1073
"06_UHGtBtCEoaUWRP","itt_fullspec_bn_employed_treat_HD","treat_HD",33,0.0186440677966102,"Decrease",971,1983,971
"06_UHGtBtCEoaUWRP","itt_fullspec_bn_employed_treat_HD","treat_HD",33,0.0186440677966102,"Decrease",489,1004,489
"06_UHGtBtCEoaUWRP","itt_fullspec_bn_employed_treat_HD","treat_HD",33,0.0186440677966102,"Decrease",1708,3492,1708
"06_UHGtBtCEoaUWRP","itt_fullspec_bn_employed_treat_HD","treat_HD",33,0.0186440677966102,"Decrease",1095,2238,1095
"06_UHGtBtCEoaUWRP","itt_fullspec_bn_employed_treat_HD","treat_HD",33,0.0186440677966102,"Decrease",444,912,444
"06_UHGtBtCEoaUWRP","itt_fullspec_bn_employed_treat_HD","treat_HD",33,0.0186440677966102,"Decrease",616,1264,616
"06_UHGtBtCEoaUWRP","itt_fullspec_bn_employed_treat_HD","treat_HD",33,0.0186440677966102,"Decrease",1715,3506,1715
"06_UHGtBtCEoaUWRP","itt_fullspec_bn_employed_treat_HD","treat_HD",33,0.0186440677966102,"Decrease",686,1405,686
"06_UHGtBtCEoaUWRP","itt_fullspec_bn_employed_treat_HD","treat_HD",33,0.0186440677966102,"Decrease",3,6,3
"06_UHGtBtCEoaUWRP","itt_fullspec_bn_employed_treat_HD","treat_HD",33,0.0186440677966102,"Decrease",658,1349,658
"06_UHGtBtCEoaUWRP","itt_fullspec_bn_employed_treat_HD","treat_HD",33,0.0186440677966102,"Decrease",656,1345,656
"06_UHGtBtCEoaUWRP","itt_fullspec_bn_employed_treat_HD","treat_HD",33,0.0186440677966102,"Decrease",925,1889,925
"06_UHGtBtCEoaUWRP","itt_fullspec_bn_employed_treat_HD","treat_HD",34,0.0192090395480226,"Decrease",1691,3458,1691
"06_UHGtBtCEoaUWRP","itt_fullspec_bn_employed_treat_HD","treat_HD",34,0.0192090395480226,"Decrease",1679,3434,1679
"06_UHGtBtCEoaUWRP","itt_fullspec_bn_employed_treat_HD","treat_HD",34,0.0192090395480226,"Decrease",932,1903,932
"06_UHGtBtCEoaUWRP","itt_fullspec_bn_employed_treat_HD","treat_HD",34,0.0192090395480226,"Decrease",1053,2152,1053
"06_UHGtBtCEoaUWRP","itt_fullspec_bn_employed_treat_HD","treat_HD",34,0.0192090395480226,"Decrease",1655,3386,1655
"06_UHGtBtCEoaUWRP","itt_fullspec_bn_employed_treat_HD","treat_HD",34,0.0192090395480226,"Decrease",1712,3500,1712
"06_UHGtBtCEoaUWRP","itt_fullspec_bn_employed_treat_HD","treat_HD",34,0.0192090395480226,"Decrease",1591,3255,1591
"06_UHGtBtCEoaUWRP","itt_fullspec_bn_employed_treat_HD","treat_HD",34,0.0192090395480226,"Decrease",836,1708,836
"06_UHGtBtCEoaUWRP","itt_fullspec_bn_employed_treat_HD","treat_HD",34,0.0192090395480226,"Decrease",1496,3063,1496
"06_UHGtBtCEoaUWRP","itt_fullspec_bn_employed_treat_HD","treat_HD",34,0.0192090395480226,"Decrease",995,2032,995
"06_UHGtBtCEoaUWRP","itt_fullspec_bn_employed_treat_HD","treat_HD",34,0.0192090395480226,"Decrease",942,1923,942
"06_UHGtBtCEoaUWRP","itt_fullspec_bn_employed_treat_HD","treat_HD",34,0.0192090395480226,"Decrease",74,151,74
"06_UHGtBtCEoaUWRP","itt_fullspec_bn_employed_treat_HD","treat_HD",34,0.0192090395480226,"Decrease",1678,3432,1678
"06_UHGtBtCEoaUWRP","itt_fullspec_bn_employed_treat_HD","treat_HD",34,0.0192090395480226,"Decrease",565,1159,565
"06_UHGtBtCEoaUWRP","itt_fullspec_bn_employed_treat_HD","treat_HD",34,0.0192090395480226,"Decrease",1531,3133,1531
"06_UHGtBtCEoaUWRP","itt_fullspec_bn_employed_treat_HD","treat_HD",34,0.0192090395480226,"Decrease",1389,2844,1389
"06_UHGtBtCEoaUWRP","itt_fullspec_bn_employed_treat_HD","treat_HD",34,0.0192090395480226,"Decrease",1641,3356,1641
"06_UHGtBtCEoaUWRP","itt_fullspec_bn_employed_treat_HD","treat_HD",34,0.0192090395480226,"Decrease",78,159,78
"06_UHGtBtCEoaUWRP","itt_fullspec_bn_employed_treat_HD","treat_HD",34,0.0192090395480226,"Decrease",172,356,172
"06_UHGtBtCEoaUWRP","itt_fullspec_bn_employed_treat_HD","treat_HD",34,0.0192090395480226,"Decrease",940,1919,940
"06_UHGtBtCEoaUWRP","itt_fullspec_bn_employed_treat_HD","treat_HD",34,0.0192090395480226,"Decrease",1073,2194,1073
"06_UHGtBtCEoaUWRP","itt_fullspec_bn_employed_treat_HD","treat_HD",34,0.0192090395480226,"Decrease",971,1983,971
"06_UHGtBtCEoaUWRP","itt_fullspec_bn_employed_treat_HD","treat_HD",34,0.0192090395480226,"Decrease",489,1004,489
"06_UHGtBtCEoaUWRP","itt_fullspec_bn_employed_treat_HD","treat_HD",34,0.0192090395480226,"Decrease",1708,3492,1708
"06_UHGtBtCEoaUWRP","itt_fullspec_bn_employed_treat_HD","treat_HD",34,0.0192090395480226,"Decrease",1095,2238,1095
"06_UHGtBtCEoaUWRP","itt_fullspec_bn_employed_treat_HD","treat_HD",34,0.0192090395480226,"Decrease",444,912,444
"06_UHGtBtCEoaUWRP","itt_fullspec_bn_employed_treat_HD","treat_HD",34,0.0192090395480226,"Decrease",616,1264,616
"06_UHGtBtCEoaUWRP","itt_fullspec_bn_employed_treat_HD","treat_HD",34,0.0192090395480226,"Decrease",1715,3506,1715
"06_UHGtBtCEoaUWRP","itt_fullspec_bn_employed_treat_HD","treat_HD",34,0.0192090395480226,"Decrease",686,1405,686
"06_UHGtBtCEoaUWRP","itt_fullspec_bn_employed_treat_HD","treat_HD",34,0.0192090395480226,"Decrease",3,6,3
"06_UHGtBtCEoaUWRP","itt_fullspec_bn_employed_treat_HD","treat_HD",34,0.0192090395480226,"Decrease",658,1349,658
"06_UHGtBtCEoaUWRP","itt_fullspec_bn_employed_treat_HD","treat_HD",34,0.0192090395480226,"Decrease",656,1345,656
"06_UHGtBtCEoaUWRP","itt_fullspec_bn_employed_treat_HD","treat_HD",34,0.0192090395480226,"Decrease",925,1889,925
"06_UHGtBtCEoaUWRP","itt_fullspec_bn_employed_treat_HD","treat_HD",34,0.0192090395480226,"Decrease",1380,2826,1380
"06_UHGtBtCEoaUWRP","itt_fullspec_bn_employed_treat_HD","treat_HD",35,0.019774011299435,"Decrease",1691,3458,1691
"06_UHGtBtCEoaUWRP","itt_fullspec_bn_employed_treat_HD","treat_HD",35,0.019774011299435,"Decrease",1679,3434,1679
"06_UHGtBtCEoaUWRP","itt_fullspec_bn_employed_treat_HD","treat_HD",35,0.019774011299435,"Decrease",932,1903,932
"06_UHGtBtCEoaUWRP","itt_fullspec_bn_employed_treat_HD","treat_HD",35,0.019774011299435,"Decrease",1053,2152,1053
"06_UHGtBtCEoaUWRP","itt_fullspec_bn_employed_treat_HD","treat_HD",35,0.019774011299435,"Decrease",1655,3386,1655
"06_UHGtBtCEoaUWRP","itt_fullspec_bn_employed_treat_HD","treat_HD",35,0.019774011299435,"Decrease",1712,3500,1712
"06_UHGtBtCEoaUWRP","itt_fullspec_bn_employed_treat_HD","treat_HD",35,0.019774011299435,"Decrease",1591,3255,1591
"06_UHGtBtCEoaUWRP","itt_fullspec_bn_employed_treat_HD","treat_HD",35,0.019774011299435,"Decrease",836,1708,836
"06_UHGtBtCEoaUWRP","itt_fullspec_bn_employed_treat_HD","treat_HD",35,0.019774011299435,"Decrease",1496,3063,1496
"06_UHGtBtCEoaUWRP","itt_fullspec_bn_employed_treat_HD","treat_HD",35,0.019774011299435,"Decrease",995,2032,995
"06_UHGtBtCEoaUWRP","itt_fullspec_bn_employed_treat_HD","treat_HD",35,0.019774011299435,"Decrease",942,1923,942
"06_UHGtBtCEoaUWRP","itt_fullspec_bn_employed_treat_HD","treat_HD",35,0.019774011299435,"Decrease",74,151,74
"06_UHGtBtCEoaUWRP","itt_fullspec_bn_employed_treat_HD","treat_HD",35,0.019774011299435,"Decrease",1678,3432,1678
"06_UHGtBtCEoaUWRP","itt_fullspec_bn_employed_treat_HD","treat_HD",35,0.019774011299435,"Decrease",565,1159,565
"06_UHGtBtCEoaUWRP","itt_fullspec_bn_employed_treat_HD","treat_HD",35,0.019774011299435,"Decrease",1531,3133,1531
"06_UHGtBtCEoaUWRP","itt_fullspec_bn_employed_treat_HD","treat_HD",35,0.019774011299435,"Decrease",1389,2844,1389
"06_UHGtBtCEoaUWRP","itt_fullspec_bn_employed_treat_HD","treat_HD",35,0.019774011299435,"Decrease",1641,3356,1641
"06_UHGtBtCEoaUWRP","itt_fullspec_bn_employed_treat_HD","treat_HD",35,0.019774011299435,"Decrease",78,159,78
"06_UHGtBtCEoaUWRP","itt_fullspec_bn_employed_treat_HD","treat_HD",35,0.019774011299435,"Decrease",172,356,172
"06_UHGtBtCEoaUWRP","itt_fullspec_bn_employed_treat_HD","treat_HD",35,0.019774011299435,"Decrease",940,1919,940
"06_UHGtBtCEoaUWRP","itt_fullspec_bn_employed_treat_HD","treat_HD",35,0.019774011299435,"Decrease",1073,2194,1073
"06_UHGtBtCEoaUWRP","itt_fullspec_bn_employed_treat_HD","treat_HD",35,0.019774011299435,"Decrease",971,1983,971
"06_UHGtBtCEoaUWRP","itt_fullspec_bn_employed_treat_HD","treat_HD",35,0.019774011299435,"Decrease",489,1004,489
"06_UHGtBtCEoaUWRP","itt_fullspec_bn_employed_treat_HD","treat_HD",35,0.019774011299435,"Decrease",1708,3492,1708
"06_UHGtBtCEoaUWRP","itt_fullspec_bn_employed_treat_HD","treat_HD",35,0.019774011299435,"Decrease",1095,2238,1095
"06_UHGtBtCEoaUWRP","itt_fullspec_bn_employed_treat_HD","treat_HD",35,0.019774011299435,"Decrease",444,912,444
"06_UHGtBtCEoaUWRP","itt_fullspec_bn_employed_treat_HD","treat_HD",35,0.019774011299435,"Decrease",616,1264,616
"06_UHGtBtCEoaUWRP","itt_fullspec_bn_employed_treat_HD","treat_HD",35,0.019774011299435,"Decrease",1715,3506,1715
"06_UHGtBtCEoaUWRP","itt_fullspec_bn_employed_treat_HD","treat_HD",35,0.019774011299435,"Decrease",686,1405,686
"06_UHGtBtCEoaUWRP","itt_fullspec_bn_employed_treat_HD","treat_HD",35,0.019774011299435,"Decrease",3,6,3
"06_UHGtBtCEoaUWRP","itt_fullspec_bn_employed_treat_HD","treat_HD",35,0.019774011299435,"Decrease",658,1349,658
"06_UHGtBtCEoaUWRP","itt_fullspec_bn_employed_treat_HD","treat_HD",35,0.019774011299435,"Decrease",656,1345,656
"06_UHGtBtCEoaUWRP","itt_fullspec_bn_employed_treat_HD","treat_HD",35,0.019774011299435,"Decrease",925,1889,925
"06_UHGtBtCEoaUWRP","itt_fullspec_bn_employed_treat_HD","treat_HD",35,0.019774011299435,"Decrease",1380,2826,1380
"06_UHGtBtCEoaUWRP","itt_fullspec_bn_employed_treat_HD","treat_HD",35,0.019774011299435,"Decrease",1112,2273,1112
"06_UHGtBtCEoaUWRP","itt_fullspec_bn_employed_treat_HD","treat_HD",36,0.0203389830508475,"Decrease",1691,3458,1691
"06_UHGtBtCEoaUWRP","itt_fullspec_bn_employed_treat_HD","treat_HD",36,0.0203389830508475,"Decrease",1679,3434,1679
"06_UHGtBtCEoaUWRP","itt_fullspec_bn_employed_treat_HD","treat_HD",36,0.0203389830508475,"Decrease",932,1903,932
"06_UHGtBtCEoaUWRP","itt_fullspec_bn_employed_treat_HD","treat_HD",36,0.0203389830508475,"Decrease",1053,2152,1053
"06_UHGtBtCEoaUWRP","itt_fullspec_bn_employed_treat_HD","treat_HD",36,0.0203389830508475,"Decrease",1655,3386,1655
"06_UHGtBtCEoaUWRP","itt_fullspec_bn_employed_treat_HD","treat_HD",36,0.0203389830508475,"Decrease",1712,3500,1712
"06_UHGtBtCEoaUWRP","itt_fullspec_bn_employed_treat_HD","treat_HD",36,0.0203389830508475,"Decrease",1591,3255,1591
"06_UHGtBtCEoaUWRP","itt_fullspec_bn_employed_treat_HD","treat_HD",36,0.0203389830508475,"Decrease",836,1708,836
"06_UHGtBtCEoaUWRP","itt_fullspec_bn_employed_treat_HD","treat_HD",36,0.0203389830508475,"Decrease",1496,3063,1496
"06_UHGtBtCEoaUWRP","itt_fullspec_bn_employed_treat_HD","treat_HD",36,0.0203389830508475,"Decrease",995,2032,995
"06_UHGtBtCEoaUWRP","itt_fullspec_bn_employed_treat_HD","treat_HD",36,0.0203389830508475,"Decrease",942,1923,942
"06_UHGtBtCEoaUWRP","itt_fullspec_bn_employed_treat_HD","treat_HD",36,0.0203389830508475,"Decrease",74,151,74
"06_UHGtBtCEoaUWRP","itt_fullspec_bn_employed_treat_HD","treat_HD",36,0.0203389830508475,"Decrease",1678,3432,1678
"06_UHGtBtCEoaUWRP","itt_fullspec_bn_employed_treat_HD","treat_HD",36,0.0203389830508475,"Decrease",565,1159,565
"06_UHGtBtCEoaUWRP","itt_fullspec_bn_employed_treat_HD","treat_HD",36,0.0203389830508475,"Decrease",1531,3133,1531
"06_UHGtBtCEoaUWRP","itt_fullspec_bn_employed_treat_HD","treat_HD",36,0.0203389830508475,"Decrease",1389,2844,1389
"06_UHGtBtCEoaUWRP","itt_fullspec_bn_employed_treat_HD","treat_HD",36,0.0203389830508475,"Decrease",78,159,78
"06_UHGtBtCEoaUWRP","itt_fullspec_bn_employed_treat_HD","treat_HD",36,0.0203389830508475,"Decrease",1641,3356,1641
"06_UHGtBtCEoaUWRP","itt_fullspec_bn_employed_treat_HD","treat_HD",36,0.0203389830508475,"Decrease",172,356,172
"06_UHGtBtCEoaUWRP","itt_fullspec_bn_employed_treat_HD","treat_HD",36,0.0203389830508475,"Decrease",940,1919,940
"06_UHGtBtCEoaUWRP","itt_fullspec_bn_employed_treat_HD","treat_HD",36,0.0203389830508475,"Decrease",1073,2194,1073
"06_UHGtBtCEoaUWRP","itt_fullspec_bn_employed_treat_HD","treat_HD",36,0.0203389830508475,"Decrease",971,1983,971
"06_UHGtBtCEoaUWRP","itt_fullspec_bn_employed_treat_HD","treat_HD",36,0.0203389830508475,"Decrease",489,1004,489
"06_UHGtBtCEoaUWRP","itt_fullspec_bn_employed_treat_HD","treat_HD",36,0.0203389830508475,"Decrease",1708,3492,1708
"06_UHGtBtCEoaUWRP","itt_fullspec_bn_employed_treat_HD","treat_HD",36,0.0203389830508475,"Decrease",1095,2238,1095
"06_UHGtBtCEoaUWRP","itt_fullspec_bn_employed_treat_HD","treat_HD",36,0.0203389830508475,"Decrease",444,912,444
"06_UHGtBtCEoaUWRP","itt_fullspec_bn_employed_treat_HD","treat_HD",36,0.0203389830508475,"Decrease",616,1264,616
"06_UHGtBtCEoaUWRP","itt_fullspec_bn_employed_treat_HD","treat_HD",36,0.0203389830508475,"Decrease",1715,3506,1715
"06_UHGtBtCEoaUWRP","itt_fullspec_bn_employed_treat_HD","treat_HD",36,0.0203389830508475,"Decrease",686,1405,686
"06_UHGtBtCEoaUWRP","itt_fullspec_bn_employed_treat_HD","treat_HD",36,0.0203389830508475,"Decrease",3,6,3
"06_UHGtBtCEoaUWRP","itt_fullspec_bn_employed_treat_HD","treat_HD",36,0.0203389830508475,"Decrease",658,1349,658
"06_UHGtBtCEoaUWRP","itt_fullspec_bn_employed_treat_HD","treat_HD",36,0.0203389830508475,"Decrease",656,1345,656
"06_UHGtBtCEoaUWRP","itt_fullspec_bn_employed_treat_HD","treat_HD",36,0.0203389830508475,"Decrease",925,1889,925
"06_UHGtBtCEoaUWRP","itt_fullspec_bn_employed_treat_HD","treat_HD",36,0.0203389830508475,"Decrease",1380,2826,1380
"06_UHGtBtCEoaUWRP","itt_fullspec_bn_employed_treat_HD","treat_HD",36,0.0203389830508475,"Decrease",1112,2273,1112
"06_UHGtBtCEoaUWRP","itt_fullspec_bn_employed_treat_HD","treat_HD",36,0.0203389830508475,"Decrease",1459,2987,1459
"06_UHGtBtCEoaUWRP","itt_fullspec_bn_employed_treat_HD","treat_HD",37,0.0209039548022599,"Decrease",1691,3458,1691
"06_UHGtBtCEoaUWRP","itt_fullspec_bn_employed_treat_HD","treat_HD",37,0.0209039548022599,"Decrease",1679,3434,1679
"06_UHGtBtCEoaUWRP","itt_fullspec_bn_employed_treat_HD","treat_HD",37,0.0209039548022599,"Decrease",932,1903,932
"06_UHGtBtCEoaUWRP","itt_fullspec_bn_employed_treat_HD","treat_HD",37,0.0209039548022599,"Decrease",1053,2152,1053
"06_UHGtBtCEoaUWRP","itt_fullspec_bn_employed_treat_HD","treat_HD",37,0.0209039548022599,"Decrease",1655,3386,1655
"06_UHGtBtCEoaUWRP","itt_fullspec_bn_employed_treat_HD","treat_HD",37,0.0209039548022599,"Decrease",1712,3500,1712
"06_UHGtBtCEoaUWRP","itt_fullspec_bn_employed_treat_HD","treat_HD",37,0.0209039548022599,"Decrease",1591,3255,1591
"06_UHGtBtCEoaUWRP","itt_fullspec_bn_employed_treat_HD","treat_HD",37,0.0209039548022599,"Decrease",836,1708,836
"06_UHGtBtCEoaUWRP","itt_fullspec_bn_employed_treat_HD","treat_HD",37,0.0209039548022599,"Decrease",1496,3063,1496
"06_UHGtBtCEoaUWRP","itt_fullspec_bn_employed_treat_HD","treat_HD",37,0.0209039548022599,"Decrease",995,2032,995
"06_UHGtBtCEoaUWRP","itt_fullspec_bn_employed_treat_HD","treat_HD",37,0.0209039548022599,"Decrease",942,1923,942
"06_UHGtBtCEoaUWRP","itt_fullspec_bn_employed_treat_HD","treat_HD",37,0.0209039548022599,"Decrease",74,151,74
"06_UHGtBtCEoaUWRP","itt_fullspec_bn_employed_treat_HD","treat_HD",37,0.0209039548022599,"Decrease",1678,3432,1678
"06_UHGtBtCEoaUWRP","itt_fullspec_bn_employed_treat_HD","treat_HD",37,0.0209039548022599,"Decrease",565,1159,565
"06_UHGtBtCEoaUWRP","itt_fullspec_bn_employed_treat_HD","treat_HD",37,0.0209039548022599,"Decrease",1531,3133,1531
"06_UHGtBtCEoaUWRP","itt_fullspec_bn_employed_treat_HD","treat_HD",37,0.0209039548022599,"Decrease",1389,2844,1389
"06_UHGtBtCEoaUWRP","itt_fullspec_bn_employed_treat_HD","treat_HD",37,0.0209039548022599,"Decrease",78,159,78
"06_UHGtBtCEoaUWRP","itt_fullspec_bn_employed_treat_HD","treat_HD",37,0.0209039548022599,"Decrease",1641,3356,1641
"06_UHGtBtCEoaUWRP","itt_fullspec_bn_employed_treat_HD","treat_HD",37,0.0209039548022599,"Decrease",172,356,172
"06_UHGtBtCEoaUWRP","itt_fullspec_bn_employed_treat_HD","treat_HD",37,0.0209039548022599,"Decrease",940,1919,940
"06_UHGtBtCEoaUWRP","itt_fullspec_bn_employed_treat_HD","treat_HD",37,0.0209039548022599,"Decrease",1073,2194,1073
"06_UHGtBtCEoaUWRP","itt_fullspec_bn_employed_treat_HD","treat_HD",37,0.0209039548022599,"Decrease",971,1983,971
"06_UHGtBtCEoaUWRP","itt_fullspec_bn_employed_treat_HD","treat_HD",37,0.0209039548022599,"Decrease",489,1004,489
"06_UHGtBtCEoaUWRP","itt_fullspec_bn_employed_treat_HD","treat_HD",37,0.0209039548022599,"Decrease",1708,3492,1708
"06_UHGtBtCEoaUWRP","itt_fullspec_bn_employed_treat_HD","treat_HD",37,0.0209039548022599,"Decrease",1095,2238,1095
"06_UHGtBtCEoaUWRP","itt_fullspec_bn_employed_treat_HD","treat_HD",37,0.0209039548022599,"Decrease",444,912,444
"06_UHGtBtCEoaUWRP","itt_fullspec_bn_employed_treat_HD","treat_HD",37,0.0209039548022599,"Decrease",616,1264,616
"06_UHGtBtCEoaUWRP","itt_fullspec_bn_employed_treat_HD","treat_HD",37,0.0209039548022599,"Decrease",1715,3506,1715
"06_UHGtBtCEoaUWRP","itt_fullspec_bn_employed_treat_HD","treat_HD",37,0.0209039548022599,"Decrease",686,1405,686
"06_UHGtBtCEoaUWRP","itt_fullspec_bn_employed_treat_HD","treat_HD",37,0.0209039548022599,"Decrease",3,6,3
"06_UHGtBtCEoaUWRP","itt_fullspec_bn_employed_treat_HD","treat_HD",37,0.0209039548022599,"Decrease",658,1349,658
"06_UHGtBtCEoaUWRP","itt_fullspec_bn_employed_treat_HD","treat_HD",37,0.0209039548022599,"Decrease",656,1345,656
"06_UHGtBtCEoaUWRP","itt_fullspec_bn_employed_treat_HD","treat_HD",37,0.0209039548022599,"Decrease",925,1889,925
"06_UHGtBtCEoaUWRP","itt_fullspec_bn_employed_treat_HD","treat_HD",37,0.0209039548022599,"Decrease",1380,2826,1380
"06_UHGtBtCEoaUWRP","itt_fullspec_bn_employed_treat_HD","treat_HD",37,0.0209039548022599,"Decrease",1112,2273,1112
"06_UHGtBtCEoaUWRP","itt_fullspec_bn_employed_treat_HD","treat_HD",37,0.0209039548022599,"Decrease",1459,2987,1459
"06_UHGtBtCEoaUWRP","itt_fullspec_bn_employed_treat_HD","treat_HD",37,0.0209039548022599,"Decrease",84,173,84
"06_UHGtBtCEoaUWRP","itt_fullspec_bn_employed_treat_HD","treat_HD",38,0.0214689265536723,"Decrease",1691,3458,1691
"06_UHGtBtCEoaUWRP","itt_fullspec_bn_employed_treat_HD","treat_HD",38,0.0214689265536723,"Decrease",1679,3434,1679
"06_UHGtBtCEoaUWRP","itt_fullspec_bn_employed_treat_HD","treat_HD",38,0.0214689265536723,"Decrease",932,1903,932
"06_UHGtBtCEoaUWRP","itt_fullspec_bn_employed_treat_HD","treat_HD",38,0.0214689265536723,"Decrease",1053,2152,1053
"06_UHGtBtCEoaUWRP","itt_fullspec_bn_employed_treat_HD","treat_HD",38,0.0214689265536723,"Decrease",1655,3386,1655
"06_UHGtBtCEoaUWRP","itt_fullspec_bn_employed_treat_HD","treat_HD",38,0.0214689265536723,"Decrease",1712,3500,1712
"06_UHGtBtCEoaUWRP","itt_fullspec_bn_employed_treat_HD","treat_HD",38,0.0214689265536723,"Decrease",1591,3255,1591
"06_UHGtBtCEoaUWRP","itt_fullspec_bn_employed_treat_HD","treat_HD",38,0.0214689265536723,"Decrease",836,1708,836
"06_UHGtBtCEoaUWRP","itt_fullspec_bn_employed_treat_HD","treat_HD",38,0.0214689265536723,"Decrease",1496,3063,1496
"06_UHGtBtCEoaUWRP","itt_fullspec_bn_employed_treat_HD","treat_HD",38,0.0214689265536723,"Decrease",995,2032,995
"06_UHGtBtCEoaUWRP","itt_fullspec_bn_employed_treat_HD","treat_HD",38,0.0214689265536723,"Decrease",942,1923,942
"06_UHGtBtCEoaUWRP","itt_fullspec_bn_employed_treat_HD","treat_HD",38,0.0214689265536723,"Decrease",74,151,74
"06_UHGtBtCEoaUWRP","itt_fullspec_bn_employed_treat_HD","treat_HD",38,0.0214689265536723,"Decrease",1678,3432,1678
"06_UHGtBtCEoaUWRP","itt_fullspec_bn_employed_treat_HD","treat_HD",38,0.0214689265536723,"Decrease",565,1159,565
"06_UHGtBtCEoaUWRP","itt_fullspec_bn_employed_treat_HD","treat_HD",38,0.0214689265536723,"Decrease",1531,3133,1531
"06_UHGtBtCEoaUWRP","itt_fullspec_bn_employed_treat_HD","treat_HD",38,0.0214689265536723,"Decrease",1389,2844,1389
"06_UHGtBtCEoaUWRP","itt_fullspec_bn_employed_treat_HD","treat_HD",38,0.0214689265536723,"Decrease",78,159,78
"06_UHGtBtCEoaUWRP","itt_fullspec_bn_employed_treat_HD","treat_HD",38,0.0214689265536723,"Decrease",1641,3356,1641
"06_UHGtBtCEoaUWRP","itt_fullspec_bn_employed_treat_HD","treat_HD",38,0.0214689265536723,"Decrease",172,356,172
"06_UHGtBtCEoaUWRP","itt_fullspec_bn_employed_treat_HD","treat_HD",38,0.0214689265536723,"Decrease",940,1919,940
"06_UHGtBtCEoaUWRP","itt_fullspec_bn_employed_treat_HD","treat_HD",38,0.0214689265536723,"Decrease",1073,2194,1073
"06_UHGtBtCEoaUWRP","itt_fullspec_bn_employed_treat_HD","treat_HD",38,0.0214689265536723,"Decrease",971,1983,971
"06_UHGtBtCEoaUWRP","itt_fullspec_bn_employed_treat_HD","treat_HD",38,0.0214689265536723,"Decrease",489,1004,489
"06_UHGtBtCEoaUWRP","itt_fullspec_bn_employed_treat_HD","treat_HD",38,0.0214689265536723,"Decrease",1708,3492,1708
"06_UHGtBtCEoaUWRP","itt_fullspec_bn_employed_treat_HD","treat_HD",38,0.0214689265536723,"Decrease",1095,2238,1095
"06_UHGtBtCEoaUWRP","itt_fullspec_bn_employed_treat_HD","treat_HD",38,0.0214689265536723,"Decrease",444,912,444
"06_UHGtBtCEoaUWRP","itt_fullspec_bn_employed_treat_HD","treat_HD",38,0.0214689265536723,"Decrease",616,1264,616
"06_UHGtBtCEoaUWRP","itt_fullspec_bn_employed_treat_HD","treat_HD",38,0.0214689265536723,"Decrease",1715,3506,1715
"06_UHGtBtCEoaUWRP","itt_fullspec_bn_employed_treat_HD","treat_HD",38,0.0214689265536723,"Decrease",686,1405,686
"06_UHGtBtCEoaUWRP","itt_fullspec_bn_employed_treat_HD","treat_HD",38,0.0214689265536723,"Decrease",3,6,3
"06_UHGtBtCEoaUWRP","itt_fullspec_bn_employed_treat_HD","treat_HD",38,0.0214689265536723,"Decrease",658,1349,658
"06_UHGtBtCEoaUWRP","itt_fullspec_bn_employed_treat_HD","treat_HD",38,0.0214689265536723,"Decrease",656,1345,656
"06_UHGtBtCEoaUWRP","itt_fullspec_bn_employed_treat_HD","treat_HD",38,0.0214689265536723,"Decrease",925,1889,925
"06_UHGtBtCEoaUWRP","itt_fullspec_bn_employed_treat_HD","treat_HD",38,0.0214689265536723,"Decrease",1380,2826,1380
"06_UHGtBtCEoaUWRP","itt_fullspec_bn_employed_treat_HD","treat_HD",38,0.0214689265536723,"Decrease",1112,2273,1112
"06_UHGtBtCEoaUWRP","itt_fullspec_bn_employed_treat_HD","treat_HD",38,0.0214689265536723,"Decrease",1459,2987,1459
"06_UHGtBtCEoaUWRP","itt_fullspec_bn_employed_treat_HD","treat_HD",38,0.0214689265536723,"Decrease",84,173,84
"06_UHGtBtCEoaUWRP","itt_fullspec_bn_employed_treat_HD","treat_HD",38,0.0214689265536723,"Decrease",1754,3586,1754
"06_UHGtBtCEoaUWRP","itt_fullspec_bn_employed_treat_HD","treat_HD",39,0.0220338983050847,"Decrease",1691,3458,1691
"06_UHGtBtCEoaUWRP","itt_fullspec_bn_employed_treat_HD","treat_HD",39,0.0220338983050847,"Decrease",1679,3434,1679
"06_UHGtBtCEoaUWRP","itt_fullspec_bn_employed_treat_HD","treat_HD",39,0.0220338983050847,"Decrease",932,1903,932
"06_UHGtBtCEoaUWRP","itt_fullspec_bn_employed_treat_HD","treat_HD",39,0.0220338983050847,"Decrease",1053,2152,1053
"06_UHGtBtCEoaUWRP","itt_fullspec_bn_employed_treat_HD","treat_HD",39,0.0220338983050847,"Decrease",1655,3386,1655
"06_UHGtBtCEoaUWRP","itt_fullspec_bn_employed_treat_HD","treat_HD",39,0.0220338983050847,"Decrease",1712,3500,1712
"06_UHGtBtCEoaUWRP","itt_fullspec_bn_employed_treat_HD","treat_HD",39,0.0220338983050847,"Decrease",1591,3255,1591
"06_UHGtBtCEoaUWRP","itt_fullspec_bn_employed_treat_HD","treat_HD",39,0.0220338983050847,"Decrease",836,1708,836
"06_UHGtBtCEoaUWRP","itt_fullspec_bn_employed_treat_HD","treat_HD",39,0.0220338983050847,"Decrease",1496,3063,1496
"06_UHGtBtCEoaUWRP","itt_fullspec_bn_employed_treat_HD","treat_HD",39,0.0220338983050847,"Decrease",995,2032,995
"06_UHGtBtCEoaUWRP","itt_fullspec_bn_employed_treat_HD","treat_HD",39,0.0220338983050847,"Decrease",942,1923,942
"06_UHGtBtCEoaUWRP","itt_fullspec_bn_employed_treat_HD","treat_HD",39,0.0220338983050847,"Decrease",74,151,74
"06_UHGtBtCEoaUWRP","itt_fullspec_bn_employed_treat_HD","treat_HD",39,0.0220338983050847,"Decrease",1678,3432,1678
"06_UHGtBtCEoaUWRP","itt_fullspec_bn_employed_treat_HD","treat_HD",39,0.0220338983050847,"Decrease",565,1159,565
"06_UHGtBtCEoaUWRP","itt_fullspec_bn_employed_treat_HD","treat_HD",39,0.0220338983050847,"Decrease",1531,3133,1531
"06_UHGtBtCEoaUWRP","itt_fullspec_bn_employed_treat_HD","treat_HD",39,0.0220338983050847,"Decrease",1389,2844,1389
"06_UHGtBtCEoaUWRP","itt_fullspec_bn_employed_treat_HD","treat_HD",39,0.0220338983050847,"Decrease",78,159,78
"06_UHGtBtCEoaUWRP","itt_fullspec_bn_employed_treat_HD","treat_HD",39,0.0220338983050847,"Decrease",1641,3356,1641
"06_UHGtBtCEoaUWRP","itt_fullspec_bn_employed_treat_HD","treat_HD",39,0.0220338983050847,"Decrease",172,356,172
"06_UHGtBtCEoaUWRP","itt_fullspec_bn_employed_treat_HD","treat_HD",39,0.0220338983050847,"Decrease",940,1919,940
"06_UHGtBtCEoaUWRP","itt_fullspec_bn_employed_treat_HD","treat_HD",39,0.0220338983050847,"Decrease",1073,2194,1073
"06_UHGtBtCEoaUWRP","itt_fullspec_bn_employed_treat_HD","treat_HD",39,0.0220338983050847,"Decrease",971,1983,971
"06_UHGtBtCEoaUWRP","itt_fullspec_bn_employed_treat_HD","treat_HD",39,0.0220338983050847,"Decrease",489,1004,489
"06_UHGtBtCEoaUWRP","itt_fullspec_bn_employed_treat_HD","treat_HD",39,0.0220338983050847,"Decrease",1708,3492,1708
"06_UHGtBtCEoaUWRP","itt_fullspec_bn_employed_treat_HD","treat_HD",39,0.0220338983050847,"Decrease",1095,2238,1095
"06_UHGtBtCEoaUWRP","itt_fullspec_bn_employed_treat_HD","treat_HD",39,0.0220338983050847,"Decrease",444,912,444
"06_UHGtBtCEoaUWRP","itt_fullspec_bn_employed_treat_HD","treat_HD",39,0.0220338983050847,"Decrease",616,1264,616
"06_UHGtBtCEoaUWRP","itt_fullspec_bn_employed_treat_HD","treat_HD",39,0.0220338983050847,"Decrease",1715,3506,1715
"06_UHGtBtCEoaUWRP","itt_fullspec_bn_employed_treat_HD","treat_HD",39,0.0220338983050847,"Decrease",686,1405,686
"06_UHGtBtCEoaUWRP","itt_fullspec_bn_employed_treat_HD","treat_HD",39,0.0220338983050847,"Decrease",3,6,3
"06_UHGtBtCEoaUWRP","itt_fullspec_bn_employed_treat_HD","treat_HD",39,0.0220338983050847,"Decrease",658,1349,658
"06_UHGtBtCEoaUWRP","itt_fullspec_bn_employed_treat_HD","treat_HD",39,0.0220338983050847,"Decrease",656,1345,656
"06_UHGtBtCEoaUWRP","itt_fullspec_bn_employed_treat_HD","treat_HD",39,0.0220338983050847,"Decrease",925,1889,925
"06_UHGtBtCEoaUWRP","itt_fullspec_bn_employed_treat_HD","treat_HD",39,0.0220338983050847,"Decrease",1380,2826,1380
"06_UHGtBtCEoaUWRP","itt_fullspec_bn_employed_treat_HD","treat_HD",39,0.0220338983050847,"Decrease",1112,2273,1112
"06_UHGtBtCEoaUWRP","itt_fullspec_bn_employed_treat_HD","treat_HD",39,0.0220338983050847,"Decrease",1459,2987,1459
"06_UHGtBtCEoaUWRP","itt_fullspec_bn_employed_treat_HD","treat_HD",39,0.0220338983050847,"Decrease",84,173,84
"06_UHGtBtCEoaUWRP","itt_fullspec_bn_employed_treat_HD","treat_HD",39,0.0220338983050847,"Decrease",1754,3586,1754
"06_UHGtBtCEoaUWRP","itt_fullspec_bn_employed_treat_HD","treat_HD",39,0.0220338983050847,"Decrease",1219,2492,1219
"06_UHGtBtCEoaUWRP","itt_fullspec_bn_employed_treat_HD","treat_HD",40,0.0225988700564972,"Decrease",1691,3458,1691
"06_UHGtBtCEoaUWRP","itt_fullspec_bn_employed_treat_HD","treat_HD",40,0.0225988700564972,"Decrease",1679,3434,1679
"06_UHGtBtCEoaUWRP","itt_fullspec_bn_employed_treat_HD","treat_HD",40,0.0225988700564972,"Decrease",932,1903,932
"06_UHGtBtCEoaUWRP","itt_fullspec_bn_employed_treat_HD","treat_HD",40,0.0225988700564972,"Decrease",1053,2152,1053
"06_UHGtBtCEoaUWRP","itt_fullspec_bn_employed_treat_HD","treat_HD",40,0.0225988700564972,"Decrease",1655,3386,1655
"06_UHGtBtCEoaUWRP","itt_fullspec_bn_employed_treat_HD","treat_HD",40,0.0225988700564972,"Decrease",1712,3500,1712
"06_UHGtBtCEoaUWRP","itt_fullspec_bn_employed_treat_HD","treat_HD",40,0.0225988700564972,"Decrease",1591,3255,1591
"06_UHGtBtCEoaUWRP","itt_fullspec_bn_employed_treat_HD","treat_HD",40,0.0225988700564972,"Decrease",836,1708,836
"06_UHGtBtCEoaUWRP","itt_fullspec_bn_employed_treat_HD","treat_HD",40,0.0225988700564972,"Decrease",1496,3063,1496
"06_UHGtBtCEoaUWRP","itt_fullspec_bn_employed_treat_HD","treat_HD",40,0.0225988700564972,"Decrease",995,2032,995
"06_UHGtBtCEoaUWRP","itt_fullspec_bn_employed_treat_HD","treat_HD",40,0.0225988700564972,"Decrease",942,1923,942
"06_UHGtBtCEoaUWRP","itt_fullspec_bn_employed_treat_HD","treat_HD",40,0.0225988700564972,"Decrease",74,151,74
"06_UHGtBtCEoaUWRP","itt_fullspec_bn_employed_treat_HD","treat_HD",40,0.0225988700564972,"Decrease",1678,3432,1678
"06_UHGtBtCEoaUWRP","itt_fullspec_bn_employed_treat_HD","treat_HD",40,0.0225988700564972,"Decrease",1531,3133,1531
"06_UHGtBtCEoaUWRP","itt_fullspec_bn_employed_treat_HD","treat_HD",40,0.0225988700564972,"Decrease",565,1159,565
"06_UHGtBtCEoaUWRP","itt_fullspec_bn_employed_treat_HD","treat_HD",40,0.0225988700564972,"Decrease",1389,2844,1389
"06_UHGtBtCEoaUWRP","itt_fullspec_bn_employed_treat_HD","treat_HD",40,0.0225988700564972,"Decrease",78,159,78
"06_UHGtBtCEoaUWRP","itt_fullspec_bn_employed_treat_HD","treat_HD",40,0.0225988700564972,"Decrease",1641,3356,1641
"06_UHGtBtCEoaUWRP","itt_fullspec_bn_employed_treat_HD","treat_HD",40,0.0225988700564972,"Decrease",172,356,172
"06_UHGtBtCEoaUWRP","itt_fullspec_bn_employed_treat_HD","treat_HD",40,0.0225988700564972,"Decrease",940,1919,940
"06_UHGtBtCEoaUWRP","itt_fullspec_bn_employed_treat_HD","treat_HD",40,0.0225988700564972,"Decrease",1073,2194,1073
"06_UHGtBtCEoaUWRP","itt_fullspec_bn_employed_treat_HD","treat_HD",40,0.0225988700564972,"Decrease",971,1983,971
"06_UHGtBtCEoaUWRP","itt_fullspec_bn_employed_treat_HD","treat_HD",40,0.0225988700564972,"Decrease",489,1004,489
"06_UHGtBtCEoaUWRP","itt_fullspec_bn_employed_treat_HD","treat_HD",40,0.0225988700564972,"Decrease",1708,3492,1708
"06_UHGtBtCEoaUWRP","itt_fullspec_bn_employed_treat_HD","treat_HD",40,0.0225988700564972,"Decrease",1095,2238,1095
"06_UHGtBtCEoaUWRP","itt_fullspec_bn_employed_treat_HD","treat_HD",40,0.0225988700564972,"Decrease",444,912,444
"06_UHGtBtCEoaUWRP","itt_fullspec_bn_employed_treat_HD","treat_HD",40,0.0225988700564972,"Decrease",616,1264,616
"06_UHGtBtCEoaUWRP","itt_fullspec_bn_employed_treat_HD","treat_HD",40,0.0225988700564972,"Decrease",1715,3506,1715
"06_UHGtBtCEoaUWRP","itt_fullspec_bn_employed_treat_HD","treat_HD",40,0.0225988700564972,"Decrease",686,1405,686
"06_UHGtBtCEoaUWRP","itt_fullspec_bn_employed_treat_HD","treat_HD",40,0.0225988700564972,"Decrease",3,6,3
"06_UHGtBtCEoaUWRP","itt_fullspec_bn_employed_treat_HD","treat_HD",40,0.0225988700564972,"Decrease",658,1349,658
"06_UHGtBtCEoaUWRP","itt_fullspec_bn_employed_treat_HD","treat_HD",40,0.0225988700564972,"Decrease",656,1345,656
"06_UHGtBtCEoaUWRP","itt_fullspec_bn_employed_treat_HD","treat_HD",40,0.0225988700564972,"Decrease",925,1889,925
"06_UHGtBtCEoaUWRP","itt_fullspec_bn_employed_treat_HD","treat_HD",40,0.0225988700564972,"Decrease",1380,2826,1380
"06_UHGtBtCEoaUWRP","itt_fullspec_bn_employed_treat_HD","treat_HD",40,0.0225988700564972,"Decrease",1112,2273,1112
"06_UHGtBtCEoaUWRP","itt_fullspec_bn_employed_treat_HD","treat_HD",40,0.0225988700564972,"Decrease",1459,2987,1459
"06_UHGtBtCEoaUWRP","itt_fullspec_bn_employed_treat_HD","treat_HD",40,0.0225988700564972,"Decrease",84,173,84
"06_UHGtBtCEoaUWRP","itt_fullspec_bn_employed_treat_HD","treat_HD",40,0.0225988700564972,"Decrease",1754,3586,1754
"06_UHGtBtCEoaUWRP","itt_fullspec_bn_employed_treat_HD","treat_HD",40,0.0225988700564972,"Decrease",1219,2492,1219
"06_UHGtBtCEoaUWRP","itt_fullspec_bn_employed_treat_HD","treat_HD",40,0.0225988700564972,"Decrease",22,45,22
"06_UHGtBtCEoaUWRP","itt_fullspec_bn_employed_treat_HD","treat_HD",41,0.0231638418079096,"Decrease",1691,3458,1691
"06_UHGtBtCEoaUWRP","itt_fullspec_bn_employed_treat_HD","treat_HD",41,0.0231638418079096,"Decrease",1679,3434,1679
"06_UHGtBtCEoaUWRP","itt_fullspec_bn_employed_treat_HD","treat_HD",41,0.0231638418079096,"Decrease",932,1903,932
"06_UHGtBtCEoaUWRP","itt_fullspec_bn_employed_treat_HD","treat_HD",41,0.0231638418079096,"Decrease",1053,2152,1053
"06_UHGtBtCEoaUWRP","itt_fullspec_bn_employed_treat_HD","treat_HD",41,0.0231638418079096,"Decrease",1655,3386,1655
"06_UHGtBtCEoaUWRP","itt_fullspec_bn_employed_treat_HD","treat_HD",41,0.0231638418079096,"Decrease",1712,3500,1712
"06_UHGtBtCEoaUWRP","itt_fullspec_bn_employed_treat_HD","treat_HD",41,0.0231638418079096,"Decrease",1591,3255,1591
"06_UHGtBtCEoaUWRP","itt_fullspec_bn_employed_treat_HD","treat_HD",41,0.0231638418079096,"Decrease",836,1708,836
"06_UHGtBtCEoaUWRP","itt_fullspec_bn_employed_treat_HD","treat_HD",41,0.0231638418079096,"Decrease",995,2032,995
"06_UHGtBtCEoaUWRP","itt_fullspec_bn_employed_treat_HD","treat_HD",41,0.0231638418079096,"Decrease",1496,3063,1496
"06_UHGtBtCEoaUWRP","itt_fullspec_bn_employed_treat_HD","treat_HD",41,0.0231638418079096,"Decrease",942,1923,942
"06_UHGtBtCEoaUWRP","itt_fullspec_bn_employed_treat_HD","treat_HD",41,0.0231638418079096,"Decrease",74,151,74
"06_UHGtBtCEoaUWRP","itt_fullspec_bn_employed_treat_HD","treat_HD",41,0.0231638418079096,"Decrease",1678,3432,1678
"06_UHGtBtCEoaUWRP","itt_fullspec_bn_employed_treat_HD","treat_HD",41,0.0231638418079096,"Decrease",1531,3133,1531
"06_UHGtBtCEoaUWRP","itt_fullspec_bn_employed_treat_HD","treat_HD",41,0.0231638418079096,"Decrease",565,1159,565
"06_UHGtBtCEoaUWRP","itt_fullspec_bn_employed_treat_HD","treat_HD",41,0.0231638418079096,"Decrease",1389,2844,1389
"06_UHGtBtCEoaUWRP","itt_fullspec_bn_employed_treat_HD","treat_HD",41,0.0231638418079096,"Decrease",78,159,78
"06_UHGtBtCEoaUWRP","itt_fullspec_bn_employed_treat_HD","treat_HD",41,0.0231638418079096,"Decrease",1641,3356,1641
"06_UHGtBtCEoaUWRP","itt_fullspec_bn_employed_treat_HD","treat_HD",41,0.0231638418079096,"Decrease",172,356,172
"06_UHGtBtCEoaUWRP","itt_fullspec_bn_employed_treat_HD","treat_HD",41,0.0231638418079096,"Decrease",940,1919,940
"06_UHGtBtCEoaUWRP","itt_fullspec_bn_employed_treat_HD","treat_HD",41,0.0231638418079096,"Decrease",1073,2194,1073
"06_UHGtBtCEoaUWRP","itt_fullspec_bn_employed_treat_HD","treat_HD",41,0.0231638418079096,"Decrease",971,1983,971
"06_UHGtBtCEoaUWRP","itt_fullspec_bn_employed_treat_HD","treat_HD",41,0.0231638418079096,"Decrease",489,1004,489
"06_UHGtBtCEoaUWRP","itt_fullspec_bn_employed_treat_HD","treat_HD",41,0.0231638418079096,"Decrease",1708,3492,1708
"06_UHGtBtCEoaUWRP","itt_fullspec_bn_employed_treat_HD","treat_HD",41,0.0231638418079096,"Decrease",1095,2238,1095
"06_UHGtBtCEoaUWRP","itt_fullspec_bn_employed_treat_HD","treat_HD",41,0.0231638418079096,"Decrease",444,912,444
"06_UHGtBtCEoaUWRP","itt_fullspec_bn_employed_treat_HD","treat_HD",41,0.0231638418079096,"Decrease",616,1264,616
"06_UHGtBtCEoaUWRP","itt_fullspec_bn_employed_treat_HD","treat_HD",41,0.0231638418079096,"Decrease",1715,3506,1715
"06_UHGtBtCEoaUWRP","itt_fullspec_bn_employed_treat_HD","treat_HD",41,0.0231638418079096,"Decrease",686,1405,686
"06_UHGtBtCEoaUWRP","itt_fullspec_bn_employed_treat_HD","treat_HD",41,0.0231638418079096,"Decrease",3,6,3
"06_UHGtBtCEoaUWRP","itt_fullspec_bn_employed_treat_HD","treat_HD",41,0.0231638418079096,"Decrease",658,1349,658
"06_UHGtBtCEoaUWRP","itt_fullspec_bn_employed_treat_HD","treat_HD",41,0.0231638418079096,"Decrease",656,1345,656
"06_UHGtBtCEoaUWRP","itt_fullspec_bn_employed_treat_HD","treat_HD",41,0.0231638418079096,"Decrease",925,1889,925
"06_UHGtBtCEoaUWRP","itt_fullspec_bn_employed_treat_HD","treat_HD",41,0.0231638418079096,"Decrease",1380,2826,1380
"06_UHGtBtCEoaUWRP","itt_fullspec_bn_employed_treat_HD","treat_HD",41,0.0231638418079096,"Decrease",1112,2273,1112
"06_UHGtBtCEoaUWRP","itt_fullspec_bn_employed_treat_HD","treat_HD",41,0.0231638418079096,"Decrease",1459,2987,1459
"06_UHGtBtCEoaUWRP","itt_fullspec_bn_employed_treat_HD","treat_HD",41,0.0231638418079096,"Decrease",84,173,84
"06_UHGtBtCEoaUWRP","itt_fullspec_bn_employed_treat_HD","treat_HD",41,0.0231638418079096,"Decrease",1754,3586,1754
"06_UHGtBtCEoaUWRP","itt_fullspec_bn_employed_treat_HD","treat_HD",41,0.0231638418079096,"Decrease",1219,2492,1219
"06_UHGtBtCEoaUWRP","itt_fullspec_bn_employed_treat_HD","treat_HD",41,0.0231638418079096,"Decrease",22,45,22
"06_UHGtBtCEoaUWRP","itt_fullspec_bn_employed_treat_HD","treat_HD",41,0.0231638418079096,"Decrease",824,1684,824
"06_UHGtBtCEoaUWRP","itt_fullspec_bn_employed_treat_HD","treat_HD",42,0.023728813559322,"Decrease",1691,3458,1691
"06_UHGtBtCEoaUWRP","itt_fullspec_bn_employed_treat_HD","treat_HD",42,0.023728813559322,"Decrease",1679,3434,1679
"06_UHGtBtCEoaUWRP","itt_fullspec_bn_employed_treat_HD","treat_HD",42,0.023728813559322,"Decrease",932,1903,932
"06_UHGtBtCEoaUWRP","itt_fullspec_bn_employed_treat_HD","treat_HD",42,0.023728813559322,"Decrease",1053,2152,1053
"06_UHGtBtCEoaUWRP","itt_fullspec_bn_employed_treat_HD","treat_HD",42,0.023728813559322,"Decrease",1655,3386,1655
"06_UHGtBtCEoaUWRP","itt_fullspec_bn_employed_treat_HD","treat_HD",42,0.023728813559322,"Decrease",1712,3500,1712
"06_UHGtBtCEoaUWRP","itt_fullspec_bn_employed_treat_HD","treat_HD",42,0.023728813559322,"Decrease",1591,3255,1591
"06_UHGtBtCEoaUWRP","itt_fullspec_bn_employed_treat_HD","treat_HD",42,0.023728813559322,"Decrease",836,1708,836
"06_UHGtBtCEoaUWRP","itt_fullspec_bn_employed_treat_HD","treat_HD",42,0.023728813559322,"Decrease",995,2032,995
"06_UHGtBtCEoaUWRP","itt_fullspec_bn_employed_treat_HD","treat_HD",42,0.023728813559322,"Decrease",1496,3063,1496
"06_UHGtBtCEoaUWRP","itt_fullspec_bn_employed_treat_HD","treat_HD",42,0.023728813559322,"Decrease",942,1923,942
"06_UHGtBtCEoaUWRP","itt_fullspec_bn_employed_treat_HD","treat_HD",42,0.023728813559322,"Decrease",74,151,74
"06_UHGtBtCEoaUWRP","itt_fullspec_bn_employed_treat_HD","treat_HD",42,0.023728813559322,"Decrease",1678,3432,1678
"06_UHGtBtCEoaUWRP","itt_fullspec_bn_employed_treat_HD","treat_HD",42,0.023728813559322,"Decrease",1531,3133,1531
"06_UHGtBtCEoaUWRP","itt_fullspec_bn_employed_treat_HD","treat_HD",42,0.023728813559322,"Decrease",565,1159,565
"06_UHGtBtCEoaUWRP","itt_fullspec_bn_employed_treat_HD","treat_HD",42,0.023728813559322,"Decrease",1389,2844,1389
"06_UHGtBtCEoaUWRP","itt_fullspec_bn_employed_treat_HD","treat_HD",42,0.023728813559322,"Decrease",78,159,78
"06_UHGtBtCEoaUWRP","itt_fullspec_bn_employed_treat_HD","treat_HD",42,0.023728813559322,"Decrease",1641,3356,1641
"06_UHGtBtCEoaUWRP","itt_fullspec_bn_employed_treat_HD","treat_HD",42,0.023728813559322,"Decrease",172,356,172
"06_UHGtBtCEoaUWRP","itt_fullspec_bn_employed_treat_HD","treat_HD",42,0.023728813559322,"Decrease",940,1919,940
"06_UHGtBtCEoaUWRP","itt_fullspec_bn_employed_treat_HD","treat_HD",42,0.023728813559322,"Decrease",1073,2194,1073
"06_UHGtBtCEoaUWRP","itt_fullspec_bn_employed_treat_HD","treat_HD",42,0.023728813559322,"Decrease",971,1983,971
"06_UHGtBtCEoaUWRP","itt_fullspec_bn_employed_treat_HD","treat_HD",42,0.023728813559322,"Decrease",489,1004,489
"06_UHGtBtCEoaUWRP","itt_fullspec_bn_employed_treat_HD","treat_HD",42,0.023728813559322,"Decrease",1708,3492,1708
"06_UHGtBtCEoaUWRP","itt_fullspec_bn_employed_treat_HD","treat_HD",42,0.023728813559322,"Decrease",1095,2238,1095
"06_UHGtBtCEoaUWRP","itt_fullspec_bn_employed_treat_HD","treat_HD",42,0.023728813559322,"Decrease",444,912,444
"06_UHGtBtCEoaUWRP","itt_fullspec_bn_employed_treat_HD","treat_HD",42,0.023728813559322,"Decrease",616,1264,616
"06_UHGtBtCEoaUWRP","itt_fullspec_bn_employed_treat_HD","treat_HD",42,0.023728813559322,"Decrease",1715,3506,1715
"06_UHGtBtCEoaUWRP","itt_fullspec_bn_employed_treat_HD","treat_HD",42,0.023728813559322,"Decrease",686,1405,686
"06_UHGtBtCEoaUWRP","itt_fullspec_bn_employed_treat_HD","treat_HD",42,0.023728813559322,"Decrease",3,6,3
"06_UHGtBtCEoaUWRP","itt_fullspec_bn_employed_treat_HD","treat_HD",42,0.023728813559322,"Decrease",658,1349,658
"06_UHGtBtCEoaUWRP","itt_fullspec_bn_employed_treat_HD","treat_HD",42,0.023728813559322,"Decrease",656,1345,656
"06_UHGtBtCEoaUWRP","itt_fullspec_bn_employed_treat_HD","treat_HD",42,0.023728813559322,"Decrease",925,1889,925
"06_UHGtBtCEoaUWRP","itt_fullspec_bn_employed_treat_HD","treat_HD",42,0.023728813559322,"Decrease",1380,2826,1380
"06_UHGtBtCEoaUWRP","itt_fullspec_bn_employed_treat_HD","treat_HD",42,0.023728813559322,"Decrease",1112,2273,1112
"06_UHGtBtCEoaUWRP","itt_fullspec_bn_employed_treat_HD","treat_HD",42,0.023728813559322,"Decrease",1459,2987,1459
"06_UHGtBtCEoaUWRP","itt_fullspec_bn_employed_treat_HD","treat_HD",42,0.023728813559322,"Decrease",84,173,84
"06_UHGtBtCEoaUWRP","itt_fullspec_bn_employed_treat_HD","treat_HD",42,0.023728813559322,"Decrease",1754,3586,1754
"06_UHGtBtCEoaUWRP","itt_fullspec_bn_employed_treat_HD","treat_HD",42,0.023728813559322,"Decrease",1219,2492,1219
"06_UHGtBtCEoaUWRP","itt_fullspec_bn_employed_treat_HD","treat_HD",42,0.023728813559322,"Decrease",22,45,22
"06_UHGtBtCEoaUWRP","itt_fullspec_bn_employed_treat_HD","treat_HD",42,0.023728813559322,"Decrease",579,1188,579
"06_UHGtBtCEoaUWRP","itt_fullspec_bn_employed_treat_HD","treat_HD",42,0.023728813559322,"Decrease",824,1684,824
"06_UHGtBtCEoaUWRP","itt_fullspec_bn_employed_treat_HD","treat_HD",43,0.0242937853107345,"Decrease",1691,3458,1691
"06_UHGtBtCEoaUWRP","itt_fullspec_bn_employed_treat_HD","treat_HD",43,0.0242937853107345,"Decrease",1679,3434,1679
"06_UHGtBtCEoaUWRP","itt_fullspec_bn_employed_treat_HD","treat_HD",43,0.0242937853107345,"Decrease",932,1903,932
"06_UHGtBtCEoaUWRP","itt_fullspec_bn_employed_treat_HD","treat_HD",43,0.0242937853107345,"Decrease",1053,2152,1053
"06_UHGtBtCEoaUWRP","itt_fullspec_bn_employed_treat_HD","treat_HD",43,0.0242937853107345,"Decrease",1655,3386,1655
"06_UHGtBtCEoaUWRP","itt_fullspec_bn_employed_treat_HD","treat_HD",43,0.0242937853107345,"Decrease",1712,3500,1712
"06_UHGtBtCEoaUWRP","itt_fullspec_bn_employed_treat_HD","treat_HD",43,0.0242937853107345,"Decrease",1591,3255,1591
"06_UHGtBtCEoaUWRP","itt_fullspec_bn_employed_treat_HD","treat_HD",43,0.0242937853107345,"Decrease",836,1708,836
"06_UHGtBtCEoaUWRP","itt_fullspec_bn_employed_treat_HD","treat_HD",43,0.0242937853107345,"Decrease",995,2032,995
"06_UHGtBtCEoaUWRP","itt_fullspec_bn_employed_treat_HD","treat_HD",43,0.0242937853107345,"Decrease",1496,3063,1496
"06_UHGtBtCEoaUWRP","itt_fullspec_bn_employed_treat_HD","treat_HD",43,0.0242937853107345,"Decrease",942,1923,942
"06_UHGtBtCEoaUWRP","itt_fullspec_bn_employed_treat_HD","treat_HD",43,0.0242937853107345,"Decrease",74,151,74
"06_UHGtBtCEoaUWRP","itt_fullspec_bn_employed_treat_HD","treat_HD",43,0.0242937853107345,"Decrease",1678,3432,1678
"06_UHGtBtCEoaUWRP","itt_fullspec_bn_employed_treat_HD","treat_HD",43,0.0242937853107345,"Decrease",1531,3133,1531
"06_UHGtBtCEoaUWRP","itt_fullspec_bn_employed_treat_HD","treat_HD",43,0.0242937853107345,"Decrease",565,1159,565
"06_UHGtBtCEoaUWRP","itt_fullspec_bn_employed_treat_HD","treat_HD",43,0.0242937853107345,"Decrease",1389,2844,1389
"06_UHGtBtCEoaUWRP","itt_fullspec_bn_employed_treat_HD","treat_HD",43,0.0242937853107345,"Decrease",78,159,78
"06_UHGtBtCEoaUWRP","itt_fullspec_bn_employed_treat_HD","treat_HD",43,0.0242937853107345,"Decrease",1641,3356,1641
"06_UHGtBtCEoaUWRP","itt_fullspec_bn_employed_treat_HD","treat_HD",43,0.0242937853107345,"Decrease",172,356,172
"06_UHGtBtCEoaUWRP","itt_fullspec_bn_employed_treat_HD","treat_HD",43,0.0242937853107345,"Decrease",940,1919,940
"06_UHGtBtCEoaUWRP","itt_fullspec_bn_employed_treat_HD","treat_HD",43,0.0242937853107345,"Decrease",1073,2194,1073
"06_UHGtBtCEoaUWRP","itt_fullspec_bn_employed_treat_HD","treat_HD",43,0.0242937853107345,"Decrease",971,1983,971
"06_UHGtBtCEoaUWRP","itt_fullspec_bn_employed_treat_HD","treat_HD",43,0.0242937853107345,"Decrease",489,1004,489
"06_UHGtBtCEoaUWRP","itt_fullspec_bn_employed_treat_HD","treat_HD",43,0.0242937853107345,"Decrease",1708,3492,1708
"06_UHGtBtCEoaUWRP","itt_fullspec_bn_employed_treat_HD","treat_HD",43,0.0242937853107345,"Decrease",1095,2238,1095
"06_UHGtBtCEoaUWRP","itt_fullspec_bn_employed_treat_HD","treat_HD",43,0.0242937853107345,"Decrease",444,912,444
"06_UHGtBtCEoaUWRP","itt_fullspec_bn_employed_treat_HD","treat_HD",43,0.0242937853107345,"Decrease",616,1264,616
"06_UHGtBtCEoaUWRP","itt_fullspec_bn_employed_treat_HD","treat_HD",43,0.0242937853107345,"Decrease",1715,3506,1715
"06_UHGtBtCEoaUWRP","itt_fullspec_bn_employed_treat_HD","treat_HD",43,0.0242937853107345,"Decrease",686,1405,686
"06_UHGtBtCEoaUWRP","itt_fullspec_bn_employed_treat_HD","treat_HD",43,0.0242937853107345,"Decrease",3,6,3
"06_UHGtBtCEoaUWRP","itt_fullspec_bn_employed_treat_HD","treat_HD",43,0.0242937853107345,"Decrease",658,1349,658
"06_UHGtBtCEoaUWRP","itt_fullspec_bn_employed_treat_HD","treat_HD",43,0.0242937853107345,"Decrease",656,1345,656
"06_UHGtBtCEoaUWRP","itt_fullspec_bn_employed_treat_HD","treat_HD",43,0.0242937853107345,"Decrease",925,1889,925
"06_UHGtBtCEoaUWRP","itt_fullspec_bn_employed_treat_HD","treat_HD",43,0.0242937853107345,"Decrease",1380,2826,1380
"06_UHGtBtCEoaUWRP","itt_fullspec_bn_employed_treat_HD","treat_HD",43,0.0242937853107345,"Decrease",1112,2273,1112
"06_UHGtBtCEoaUWRP","itt_fullspec_bn_employed_treat_HD","treat_HD",43,0.0242937853107345,"Decrease",1459,2987,1459
"06_UHGtBtCEoaUWRP","itt_fullspec_bn_employed_treat_HD","treat_HD",43,0.0242937853107345,"Decrease",84,173,84
"06_UHGtBtCEoaUWRP","itt_fullspec_bn_employed_treat_HD","treat_HD",43,0.0242937853107345,"Decrease",1754,3586,1754
"06_UHGtBtCEoaUWRP","itt_fullspec_bn_employed_treat_HD","treat_HD",43,0.0242937853107345,"Decrease",1219,2492,1219
"06_UHGtBtCEoaUWRP","itt_fullspec_bn_employed_treat_HD","treat_HD",43,0.0242937853107345,"Decrease",22,45,22
"06_UHGtBtCEoaUWRP","itt_fullspec_bn_employed_treat_HD","treat_HD",43,0.0242937853107345,"Decrease",579,1188,579
"06_UHGtBtCEoaUWRP","itt_fullspec_bn_employed_treat_HD","treat_HD",43,0.0242937853107345,"Decrease",824,1684,824
"06_UHGtBtCEoaUWRP","itt_fullspec_bn_employed_treat_HD","treat_HD",43,0.0242937853107345,"Decrease",59,120,59
"06_UHGtBtCEoaUWRP","itt_fullspec_bn_employed_treat_HD","treat_HD",44,0.0248587570621469,"Decrease",1691,3458,1691
"06_UHGtBtCEoaUWRP","itt_fullspec_bn_employed_treat_HD","treat_HD",44,0.0248587570621469,"Decrease",1679,3434,1679
"06_UHGtBtCEoaUWRP","itt_fullspec_bn_employed_treat_HD","treat_HD",44,0.0248587570621469,"Decrease",932,1903,932
"06_UHGtBtCEoaUWRP","itt_fullspec_bn_employed_treat_HD","treat_HD",44,0.0248587570621469,"Decrease",1053,2152,1053
"06_UHGtBtCEoaUWRP","itt_fullspec_bn_employed_treat_HD","treat_HD",44,0.0248587570621469,"Decrease",1655,3386,1655
"06_UHGtBtCEoaUWRP","itt_fullspec_bn_employed_treat_HD","treat_HD",44,0.0248587570621469,"Decrease",1712,3500,1712
"06_UHGtBtCEoaUWRP","itt_fullspec_bn_employed_treat_HD","treat_HD",44,0.0248587570621469,"Decrease",1591,3255,1591
"06_UHGtBtCEoaUWRP","itt_fullspec_bn_employed_treat_HD","treat_HD",44,0.0248587570621469,"Decrease",836,1708,836
"06_UHGtBtCEoaUWRP","itt_fullspec_bn_employed_treat_HD","treat_HD",44,0.0248587570621469,"Decrease",995,2032,995
"06_UHGtBtCEoaUWRP","itt_fullspec_bn_employed_treat_HD","treat_HD",44,0.0248587570621469,"Decrease",1496,3063,1496
"06_UHGtBtCEoaUWRP","itt_fullspec_bn_employed_treat_HD","treat_HD",44,0.0248587570621469,"Decrease",942,1923,942
"06_UHGtBtCEoaUWRP","itt_fullspec_bn_employed_treat_HD","treat_HD",44,0.0248587570621469,"Decrease",74,151,74
"06_UHGtBtCEoaUWRP","itt_fullspec_bn_employed_treat_HD","treat_HD",44,0.0248587570621469,"Decrease",1678,3432,1678
"06_UHGtBtCEoaUWRP","itt_fullspec_bn_employed_treat_HD","treat_HD",44,0.0248587570621469,"Decrease",1531,3133,1531
"06_UHGtBtCEoaUWRP","itt_fullspec_bn_employed_treat_HD","treat_HD",44,0.0248587570621469,"Decrease",565,1159,565
"06_UHGtBtCEoaUWRP","itt_fullspec_bn_employed_treat_HD","treat_HD",44,0.0248587570621469,"Decrease",1389,2844,1389
"06_UHGtBtCEoaUWRP","itt_fullspec_bn_employed_treat_HD","treat_HD",44,0.0248587570621469,"Decrease",78,159,78
"06_UHGtBtCEoaUWRP","itt_fullspec_bn_employed_treat_HD","treat_HD",44,0.0248587570621469,"Decrease",1641,3356,1641
"06_UHGtBtCEoaUWRP","itt_fullspec_bn_employed_treat_HD","treat_HD",44,0.0248587570621469,"Decrease",172,356,172
"06_UHGtBtCEoaUWRP","itt_fullspec_bn_employed_treat_HD","treat_HD",44,0.0248587570621469,"Decrease",940,1919,940
"06_UHGtBtCEoaUWRP","itt_fullspec_bn_employed_treat_HD","treat_HD",44,0.0248587570621469,"Decrease",1073,2194,1073
"06_UHGtBtCEoaUWRP","itt_fullspec_bn_employed_treat_HD","treat_HD",44,0.0248587570621469,"Decrease",971,1983,971
"06_UHGtBtCEoaUWRP","itt_fullspec_bn_employed_treat_HD","treat_HD",44,0.0248587570621469,"Decrease",1708,3492,1708
"06_UHGtBtCEoaUWRP","itt_fullspec_bn_employed_treat_HD","treat_HD",44,0.0248587570621469,"Decrease",1095,2238,1095
"06_UHGtBtCEoaUWRP","itt_fullspec_bn_employed_treat_HD","treat_HD",44,0.0248587570621469,"Decrease",489,1004,489
"06_UHGtBtCEoaUWRP","itt_fullspec_bn_employed_treat_HD","treat_HD",44,0.0248587570621469,"Decrease",444,912,444
"06_UHGtBtCEoaUWRP","itt_fullspec_bn_employed_treat_HD","treat_HD",44,0.0248587570621469,"Decrease",616,1264,616
"06_UHGtBtCEoaUWRP","itt_fullspec_bn_employed_treat_HD","treat_HD",44,0.0248587570621469,"Decrease",1715,3506,1715
"06_UHGtBtCEoaUWRP","itt_fullspec_bn_employed_treat_HD","treat_HD",44,0.0248587570621469,"Decrease",686,1405,686
"06_UHGtBtCEoaUWRP","itt_fullspec_bn_employed_treat_HD","treat_HD",44,0.0248587570621469,"Decrease",3,6,3
"06_UHGtBtCEoaUWRP","itt_fullspec_bn_employed_treat_HD","treat_HD",44,0.0248587570621469,"Decrease",658,1349,658
"06_UHGtBtCEoaUWRP","itt_fullspec_bn_employed_treat_HD","treat_HD",44,0.0248587570621469,"Decrease",656,1345,656
"06_UHGtBtCEoaUWRP","itt_fullspec_bn_employed_treat_HD","treat_HD",44,0.0248587570621469,"Decrease",925,1889,925
"06_UHGtBtCEoaUWRP","itt_fullspec_bn_employed_treat_HD","treat_HD",44,0.0248587570621469,"Decrease",1380,2826,1380
"06_UHGtBtCEoaUWRP","itt_fullspec_bn_employed_treat_HD","treat_HD",44,0.0248587570621469,"Decrease",1112,2273,1112
"06_UHGtBtCEoaUWRP","itt_fullspec_bn_employed_treat_HD","treat_HD",44,0.0248587570621469,"Decrease",1459,2987,1459
"06_UHGtBtCEoaUWRP","itt_fullspec_bn_employed_treat_HD","treat_HD",44,0.0248587570621469,"Decrease",84,173,84
"06_UHGtBtCEoaUWRP","itt_fullspec_bn_employed_treat_HD","treat_HD",44,0.0248587570621469,"Decrease",1754,3586,1754
"06_UHGtBtCEoaUWRP","itt_fullspec_bn_employed_treat_HD","treat_HD",44,0.0248587570621469,"Decrease",1219,2492,1219
"06_UHGtBtCEoaUWRP","itt_fullspec_bn_employed_treat_HD","treat_HD",44,0.0248587570621469,"Decrease",22,45,22
"06_UHGtBtCEoaUWRP","itt_fullspec_bn_employed_treat_HD","treat_HD",44,0.0248587570621469,"Decrease",579,1188,579
"06_UHGtBtCEoaUWRP","itt_fullspec_bn_employed_treat_HD","treat_HD",44,0.0248587570621469,"Decrease",824,1684,824
"06_UHGtBtCEoaUWRP","itt_fullspec_bn_employed_treat_HD","treat_HD",44,0.0248587570621469,"Decrease",59,120,59
"06_UHGtBtCEoaUWRP","itt_fullspec_bn_employed_treat_HD","treat_HD",44,0.0248587570621469,"Decrease",905,1849,905
"06_UHGtBtCEoaUWRP","itt_fullspec_bn_employed_treat_HD","treat_HD",45,0.0254237288135593,"Decrease",1691,3458,1691
"06_UHGtBtCEoaUWRP","itt_fullspec_bn_employed_treat_HD","treat_HD",45,0.0254237288135593,"Decrease",1679,3434,1679
"06_UHGtBtCEoaUWRP","itt_fullspec_bn_employed_treat_HD","treat_HD",45,0.0254237288135593,"Decrease",932,1903,932
"06_UHGtBtCEoaUWRP","itt_fullspec_bn_employed_treat_HD","treat_HD",45,0.0254237288135593,"Decrease",1053,2152,1053
"06_UHGtBtCEoaUWRP","itt_fullspec_bn_employed_treat_HD","treat_HD",45,0.0254237288135593,"Decrease",1655,3386,1655
"06_UHGtBtCEoaUWRP","itt_fullspec_bn_employed_treat_HD","treat_HD",45,0.0254237288135593,"Decrease",1712,3500,1712
"06_UHGtBtCEoaUWRP","itt_fullspec_bn_employed_treat_HD","treat_HD",45,0.0254237288135593,"Decrease",1591,3255,1591
"06_UHGtBtCEoaUWRP","itt_fullspec_bn_employed_treat_HD","treat_HD",45,0.0254237288135593,"Decrease",836,1708,836
"06_UHGtBtCEoaUWRP","itt_fullspec_bn_employed_treat_HD","treat_HD",45,0.0254237288135593,"Decrease",995,2032,995
"06_UHGtBtCEoaUWRP","itt_fullspec_bn_employed_treat_HD","treat_HD",45,0.0254237288135593,"Decrease",1496,3063,1496
"06_UHGtBtCEoaUWRP","itt_fullspec_bn_employed_treat_HD","treat_HD",45,0.0254237288135593,"Decrease",942,1923,942
"06_UHGtBtCEoaUWRP","itt_fullspec_bn_employed_treat_HD","treat_HD",45,0.0254237288135593,"Decrease",74,151,74
"06_UHGtBtCEoaUWRP","itt_fullspec_bn_employed_treat_HD","treat_HD",45,0.0254237288135593,"Decrease",1531,3133,1531
"06_UHGtBtCEoaUWRP","itt_fullspec_bn_employed_treat_HD","treat_HD",45,0.0254237288135593,"Decrease",1678,3432,1678
"06_UHGtBtCEoaUWRP","itt_fullspec_bn_employed_treat_HD","treat_HD",45,0.0254237288135593,"Decrease",565,1159,565
"06_UHGtBtCEoaUWRP","itt_fullspec_bn_employed_treat_HD","treat_HD",45,0.0254237288135593,"Decrease",1389,2844,1389
"06_UHGtBtCEoaUWRP","itt_fullspec_bn_employed_treat_HD","treat_HD",45,0.0254237288135593,"Decrease",78,159,78
"06_UHGtBtCEoaUWRP","itt_fullspec_bn_employed_treat_HD","treat_HD",45,0.0254237288135593,"Decrease",1641,3356,1641
"06_UHGtBtCEoaUWRP","itt_fullspec_bn_employed_treat_HD","treat_HD",45,0.0254237288135593,"Decrease",172,356,172
"06_UHGtBtCEoaUWRP","itt_fullspec_bn_employed_treat_HD","treat_HD",45,0.0254237288135593,"Decrease",940,1919,940
"06_UHGtBtCEoaUWRP","itt_fullspec_bn_employed_treat_HD","treat_HD",45,0.0254237288135593,"Decrease",1073,2194,1073
"06_UHGtBtCEoaUWRP","itt_fullspec_bn_employed_treat_HD","treat_HD",45,0.0254237288135593,"Decrease",971,1983,971
"06_UHGtBtCEoaUWRP","itt_fullspec_bn_employed_treat_HD","treat_HD",45,0.0254237288135593,"Decrease",1708,3492,1708
"06_UHGtBtCEoaUWRP","itt_fullspec_bn_employed_treat_HD","treat_HD",45,0.0254237288135593,"Decrease",1095,2238,1095
"06_UHGtBtCEoaUWRP","itt_fullspec_bn_employed_treat_HD","treat_HD",45,0.0254237288135593,"Decrease",489,1004,489
"06_UHGtBtCEoaUWRP","itt_fullspec_bn_employed_treat_HD","treat_HD",45,0.0254237288135593,"Decrease",444,912,444
"06_UHGtBtCEoaUWRP","itt_fullspec_bn_employed_treat_HD","treat_HD",45,0.0254237288135593,"Decrease",616,1264,616
"06_UHGtBtCEoaUWRP","itt_fullspec_bn_employed_treat_HD","treat_HD",45,0.0254237288135593,"Decrease",686,1405,686
"06_UHGtBtCEoaUWRP","itt_fullspec_bn_employed_treat_HD","treat_HD",45,0.0254237288135593,"Decrease",1715,3506,1715
"06_UHGtBtCEoaUWRP","itt_fullspec_bn_employed_treat_HD","treat_HD",45,0.0254237288135593,"Decrease",3,6,3
"06_UHGtBtCEoaUWRP","itt_fullspec_bn_employed_treat_HD","treat_HD",45,0.0254237288135593,"Decrease",658,1349,658
"06_UHGtBtCEoaUWRP","itt_fullspec_bn_employed_treat_HD","treat_HD",45,0.0254237288135593,"Decrease",656,1345,656
"06_UHGtBtCEoaUWRP","itt_fullspec_bn_employed_treat_HD","treat_HD",45,0.0254237288135593,"Decrease",925,1889,925
"06_UHGtBtCEoaUWRP","itt_fullspec_bn_employed_treat_HD","treat_HD",45,0.0254237288135593,"Decrease",1380,2826,1380
"06_UHGtBtCEoaUWRP","itt_fullspec_bn_employed_treat_HD","treat_HD",45,0.0254237288135593,"Decrease",1112,2273,1112
"06_UHGtBtCEoaUWRP","itt_fullspec_bn_employed_treat_HD","treat_HD",45,0.0254237288135593,"Decrease",1459,2987,1459
"06_UHGtBtCEoaUWRP","itt_fullspec_bn_employed_treat_HD","treat_HD",45,0.0254237288135593,"Decrease",84,173,84
"06_UHGtBtCEoaUWRP","itt_fullspec_bn_employed_treat_HD","treat_HD",45,0.0254237288135593,"Decrease",1754,3586,1754
"06_UHGtBtCEoaUWRP","itt_fullspec_bn_employed_treat_HD","treat_HD",45,0.0254237288135593,"Decrease",1219,2492,1219
"06_UHGtBtCEoaUWRP","itt_fullspec_bn_employed_treat_HD","treat_HD",45,0.0254237288135593,"Decrease",579,1188,579
"06_UHGtBtCEoaUWRP","itt_fullspec_bn_employed_treat_HD","treat_HD",45,0.0254237288135593,"Decrease",22,45,22
"06_UHGtBtCEoaUWRP","itt_fullspec_bn_employed_treat_HD","treat_HD",45,0.0254237288135593,"Decrease",824,1684,824
"06_UHGtBtCEoaUWRP","itt_fullspec_bn_employed_treat_HD","treat_HD",45,0.0254237288135593,"Decrease",59,120,59
"06_UHGtBtCEoaUWRP","itt_fullspec_bn_employed_treat_HD","treat_HD",45,0.0254237288135593,"Decrease",905,1849,905
"06_UHGtBtCEoaUWRP","itt_fullspec_bn_employed_treat_HD","treat_HD",45,0.0254237288135593,"Decrease",862,1762,862
"06_UHGtBtCEoaUWRP","itt_fullspec_bn_employed_treat_HD","treat_HD",46,0.0259887005649717,"Decrease",1691,3458,1691
"06_UHGtBtCEoaUWRP","itt_fullspec_bn_employed_treat_HD","treat_HD",46,0.0259887005649717,"Decrease",1679,3434,1679
"06_UHGtBtCEoaUWRP","itt_fullspec_bn_employed_treat_HD","treat_HD",46,0.0259887005649717,"Decrease",932,1903,932
"06_UHGtBtCEoaUWRP","itt_fullspec_bn_employed_treat_HD","treat_HD",46,0.0259887005649717,"Decrease",1053,2152,1053
"06_UHGtBtCEoaUWRP","itt_fullspec_bn_employed_treat_HD","treat_HD",46,0.0259887005649717,"Decrease",1655,3386,1655
"06_UHGtBtCEoaUWRP","itt_fullspec_bn_employed_treat_HD","treat_HD",46,0.0259887005649717,"Decrease",1712,3500,1712
"06_UHGtBtCEoaUWRP","itt_fullspec_bn_employed_treat_HD","treat_HD",46,0.0259887005649717,"Decrease",1591,3255,1591
"06_UHGtBtCEoaUWRP","itt_fullspec_bn_employed_treat_HD","treat_HD",46,0.0259887005649717,"Decrease",836,1708,836
"06_UHGtBtCEoaUWRP","itt_fullspec_bn_employed_treat_HD","treat_HD",46,0.0259887005649717,"Decrease",995,2032,995
"06_UHGtBtCEoaUWRP","itt_fullspec_bn_employed_treat_HD","treat_HD",46,0.0259887005649717,"Decrease",1496,3063,1496
"06_UHGtBtCEoaUWRP","itt_fullspec_bn_employed_treat_HD","treat_HD",46,0.0259887005649717,"Decrease",74,151,74
"06_UHGtBtCEoaUWRP","itt_fullspec_bn_employed_treat_HD","treat_HD",46,0.0259887005649717,"Decrease",942,1923,942
"06_UHGtBtCEoaUWRP","itt_fullspec_bn_employed_treat_HD","treat_HD",46,0.0259887005649717,"Decrease",1531,3133,1531
"06_UHGtBtCEoaUWRP","itt_fullspec_bn_employed_treat_HD","treat_HD",46,0.0259887005649717,"Decrease",1678,3432,1678
"06_UHGtBtCEoaUWRP","itt_fullspec_bn_employed_treat_HD","treat_HD",46,0.0259887005649717,"Decrease",565,1159,565
"06_UHGtBtCEoaUWRP","itt_fullspec_bn_employed_treat_HD","treat_HD",46,0.0259887005649717,"Decrease",1389,2844,1389
"06_UHGtBtCEoaUWRP","itt_fullspec_bn_employed_treat_HD","treat_HD",46,0.0259887005649717,"Decrease",78,159,78
"06_UHGtBtCEoaUWRP","itt_fullspec_bn_employed_treat_HD","treat_HD",46,0.0259887005649717,"Decrease",1641,3356,1641
"06_UHGtBtCEoaUWRP","itt_fullspec_bn_employed_treat_HD","treat_HD",46,0.0259887005649717,"Decrease",172,356,172
"06_UHGtBtCEoaUWRP","itt_fullspec_bn_employed_treat_HD","treat_HD",46,0.0259887005649717,"Decrease",940,1919,940
"06_UHGtBtCEoaUWRP","itt_fullspec_bn_employed_treat_HD","treat_HD",46,0.0259887005649717,"Decrease",1073,2194,1073
"06_UHGtBtCEoaUWRP","itt_fullspec_bn_employed_treat_HD","treat_HD",46,0.0259887005649717,"Decrease",1708,3492,1708
"06_UHGtBtCEoaUWRP","itt_fullspec_bn_employed_treat_HD","treat_HD",46,0.0259887005649717,"Decrease",1095,2238,1095
"06_UHGtBtCEoaUWRP","itt_fullspec_bn_employed_treat_HD","treat_HD",46,0.0259887005649717,"Decrease",971,1983,971
"06_UHGtBtCEoaUWRP","itt_fullspec_bn_employed_treat_HD","treat_HD",46,0.0259887005649717,"Decrease",489,1004,489
"06_UHGtBtCEoaUWRP","itt_fullspec_bn_employed_treat_HD","treat_HD",46,0.0259887005649717,"Decrease",444,912,444
"06_UHGtBtCEoaUWRP","itt_fullspec_bn_employed_treat_HD","treat_HD",46,0.0259887005649717,"Decrease",616,1264,616
"06_UHGtBtCEoaUWRP","itt_fullspec_bn_employed_treat_HD","treat_HD",46,0.0259887005649717,"Decrease",686,1405,686
"06_UHGtBtCEoaUWRP","itt_fullspec_bn_employed_treat_HD","treat_HD",46,0.0259887005649717,"Decrease",1715,3506,1715
"06_UHGtBtCEoaUWRP","itt_fullspec_bn_employed_treat_HD","treat_HD",46,0.0259887005649717,"Decrease",3,6,3
"06_UHGtBtCEoaUWRP","itt_fullspec_bn_employed_treat_HD","treat_HD",46,0.0259887005649717,"Decrease",658,1349,658
"06_UHGtBtCEoaUWRP","itt_fullspec_bn_employed_treat_HD","treat_HD",46,0.0259887005649717,"Decrease",656,1345,656
"06_UHGtBtCEoaUWRP","itt_fullspec_bn_employed_treat_HD","treat_HD",46,0.0259887005649717,"Decrease",925,1889,925
"06_UHGtBtCEoaUWRP","itt_fullspec_bn_employed_treat_HD","treat_HD",46,0.0259887005649717,"Decrease",1380,2826,1380
"06_UHGtBtCEoaUWRP","itt_fullspec_bn_employed_treat_HD","treat_HD",46,0.0259887005649717,"Decrease",1112,2273,1112
"06_UHGtBtCEoaUWRP","itt_fullspec_bn_employed_treat_HD","treat_HD",46,0.0259887005649717,"Decrease",1459,2987,1459
"06_UHGtBtCEoaUWRP","itt_fullspec_bn_employed_treat_HD","treat_HD",46,0.0259887005649717,"Decrease",84,173,84
"06_UHGtBtCEoaUWRP","itt_fullspec_bn_employed_treat_HD","treat_HD",46,0.0259887005649717,"Decrease",1754,3586,1754
"06_UHGtBtCEoaUWRP","itt_fullspec_bn_employed_treat_HD","treat_HD",46,0.0259887005649717,"Decrease",1219,2492,1219
"06_UHGtBtCEoaUWRP","itt_fullspec_bn_employed_treat_HD","treat_HD",46,0.0259887005649717,"Decrease",579,1188,579
"06_UHGtBtCEoaUWRP","itt_fullspec_bn_employed_treat_HD","treat_HD",46,0.0259887005649717,"Decrease",22,45,22
"06_UHGtBtCEoaUWRP","itt_fullspec_bn_employed_treat_HD","treat_HD",46,0.0259887005649717,"Decrease",59,120,59
"06_UHGtBtCEoaUWRP","itt_fullspec_bn_employed_treat_HD","treat_HD",46,0.0259887005649717,"Decrease",824,1684,824
"06_UHGtBtCEoaUWRP","itt_fullspec_bn_employed_treat_HD","treat_HD",46,0.0259887005649717,"Decrease",905,1849,905
"06_UHGtBtCEoaUWRP","itt_fullspec_bn_employed_treat_HD","treat_HD",46,0.0259887005649717,"Decrease",862,1762,862
"06_UHGtBtCEoaUWRP","itt_fullspec_bn_employed_treat_HD","treat_HD",46,0.0259887005649717,"Decrease",1228,2511,1228
"06_UHGtBtCEoaUWRP","itt_fullspec_bn_employed_treat_HD","treat_HD",47,0.0265536723163842,"Decrease",1691,3458,1691
"06_UHGtBtCEoaUWRP","itt_fullspec_bn_employed_treat_HD","treat_HD",47,0.0265536723163842,"Decrease",1679,3434,1679
"06_UHGtBtCEoaUWRP","itt_fullspec_bn_employed_treat_HD","treat_HD",47,0.0265536723163842,"Decrease",932,1903,932
"06_UHGtBtCEoaUWRP","itt_fullspec_bn_employed_treat_HD","treat_HD",47,0.0265536723163842,"Decrease",1053,2152,1053
"06_UHGtBtCEoaUWRP","itt_fullspec_bn_employed_treat_HD","treat_HD",47,0.0265536723163842,"Decrease",1655,3386,1655
"06_UHGtBtCEoaUWRP","itt_fullspec_bn_employed_treat_HD","treat_HD",47,0.0265536723163842,"Decrease",1712,3500,1712
"06_UHGtBtCEoaUWRP","itt_fullspec_bn_employed_treat_HD","treat_HD",47,0.0265536723163842,"Decrease",1591,3255,1591
"06_UHGtBtCEoaUWRP","itt_fullspec_bn_employed_treat_HD","treat_HD",47,0.0265536723163842,"Decrease",836,1708,836
"06_UHGtBtCEoaUWRP","itt_fullspec_bn_employed_treat_HD","treat_HD",47,0.0265536723163842,"Decrease",995,2032,995
"06_UHGtBtCEoaUWRP","itt_fullspec_bn_employed_treat_HD","treat_HD",47,0.0265536723163842,"Decrease",1496,3063,1496
"06_UHGtBtCEoaUWRP","itt_fullspec_bn_employed_treat_HD","treat_HD",47,0.0265536723163842,"Decrease",74,151,74
"06_UHGtBtCEoaUWRP","itt_fullspec_bn_employed_treat_HD","treat_HD",47,0.0265536723163842,"Decrease",942,1923,942
"06_UHGtBtCEoaUWRP","itt_fullspec_bn_employed_treat_HD","treat_HD",47,0.0265536723163842,"Decrease",1531,3133,1531
"06_UHGtBtCEoaUWRP","itt_fullspec_bn_employed_treat_HD","treat_HD",47,0.0265536723163842,"Decrease",1678,3432,1678
"06_UHGtBtCEoaUWRP","itt_fullspec_bn_employed_treat_HD","treat_HD",47,0.0265536723163842,"Decrease",565,1159,565
"06_UHGtBtCEoaUWRP","itt_fullspec_bn_employed_treat_HD","treat_HD",47,0.0265536723163842,"Decrease",1389,2844,1389
"06_UHGtBtCEoaUWRP","itt_fullspec_bn_employed_treat_HD","treat_HD",47,0.0265536723163842,"Decrease",78,159,78
"06_UHGtBtCEoaUWRP","itt_fullspec_bn_employed_treat_HD","treat_HD",47,0.0265536723163842,"Decrease",1641,3356,1641
"06_UHGtBtCEoaUWRP","itt_fullspec_bn_employed_treat_HD","treat_HD",47,0.0265536723163842,"Decrease",172,356,172
"06_UHGtBtCEoaUWRP","itt_fullspec_bn_employed_treat_HD","treat_HD",47,0.0265536723163842,"Decrease",940,1919,940
"06_UHGtBtCEoaUWRP","itt_fullspec_bn_employed_treat_HD","treat_HD",47,0.0265536723163842,"Decrease",1073,2194,1073
"06_UHGtBtCEoaUWRP","itt_fullspec_bn_employed_treat_HD","treat_HD",47,0.0265536723163842,"Decrease",1095,2238,1095
"06_UHGtBtCEoaUWRP","itt_fullspec_bn_employed_treat_HD","treat_HD",47,0.0265536723163842,"Decrease",1708,3492,1708
"06_UHGtBtCEoaUWRP","itt_fullspec_bn_employed_treat_HD","treat_HD",47,0.0265536723163842,"Decrease",971,1983,971
"06_UHGtBtCEoaUWRP","itt_fullspec_bn_employed_treat_HD","treat_HD",47,0.0265536723163842,"Decrease",489,1004,489
"06_UHGtBtCEoaUWRP","itt_fullspec_bn_employed_treat_HD","treat_HD",47,0.0265536723163842,"Decrease",444,912,444
"06_UHGtBtCEoaUWRP","itt_fullspec_bn_employed_treat_HD","treat_HD",47,0.0265536723163842,"Decrease",616,1264,616
"06_UHGtBtCEoaUWRP","itt_fullspec_bn_employed_treat_HD","treat_HD",47,0.0265536723163842,"Decrease",686,1405,686
"06_UHGtBtCEoaUWRP","itt_fullspec_bn_employed_treat_HD","treat_HD",47,0.0265536723163842,"Decrease",1715,3506,1715
"06_UHGtBtCEoaUWRP","itt_fullspec_bn_employed_treat_HD","treat_HD",47,0.0265536723163842,"Decrease",3,6,3
"06_UHGtBtCEoaUWRP","itt_fullspec_bn_employed_treat_HD","treat_HD",47,0.0265536723163842,"Decrease",658,1349,658
"06_UHGtBtCEoaUWRP","itt_fullspec_bn_employed_treat_HD","treat_HD",47,0.0265536723163842,"Decrease",656,1345,656
"06_UHGtBtCEoaUWRP","itt_fullspec_bn_employed_treat_HD","treat_HD",47,0.0265536723163842,"Decrease",925,1889,925
"06_UHGtBtCEoaUWRP","itt_fullspec_bn_employed_treat_HD","treat_HD",47,0.0265536723163842,"Decrease",1380,2826,1380
"06_UHGtBtCEoaUWRP","itt_fullspec_bn_employed_treat_HD","treat_HD",47,0.0265536723163842,"Decrease",1112,2273,1112
"06_UHGtBtCEoaUWRP","itt_fullspec_bn_employed_treat_HD","treat_HD",47,0.0265536723163842,"Decrease",1459,2987,1459
"06_UHGtBtCEoaUWRP","itt_fullspec_bn_employed_treat_HD","treat_HD",47,0.0265536723163842,"Decrease",84,173,84
"06_UHGtBtCEoaUWRP","itt_fullspec_bn_employed_treat_HD","treat_HD",47,0.0265536723163842,"Decrease",1754,3586,1754
"06_UHGtBtCEoaUWRP","itt_fullspec_bn_employed_treat_HD","treat_HD",47,0.0265536723163842,"Decrease",1219,2492,1219
"06_UHGtBtCEoaUWRP","itt_fullspec_bn_employed_treat_HD","treat_HD",47,0.0265536723163842,"Decrease",579,1188,579
"06_UHGtBtCEoaUWRP","itt_fullspec_bn_employed_treat_HD","treat_HD",47,0.0265536723163842,"Decrease",22,45,22
"06_UHGtBtCEoaUWRP","itt_fullspec_bn_employed_treat_HD","treat_HD",47,0.0265536723163842,"Decrease",59,120,59
"06_UHGtBtCEoaUWRP","itt_fullspec_bn_employed_treat_HD","treat_HD",47,0.0265536723163842,"Decrease",824,1684,824
"06_UHGtBtCEoaUWRP","itt_fullspec_bn_employed_treat_HD","treat_HD",47,0.0265536723163842,"Decrease",905,1849,905
"06_UHGtBtCEoaUWRP","itt_fullspec_bn_employed_treat_HD","treat_HD",47,0.0265536723163842,"Decrease",862,1762,862
"06_UHGtBtCEoaUWRP","itt_fullspec_bn_employed_treat_HD","treat_HD",47,0.0265536723163842,"Decrease",1228,2511,1228
"06_UHGtBtCEoaUWRP","itt_fullspec_bn_employed_treat_HD","treat_HD",47,0.0265536723163842,"Decrease",1492,3055,1492
"06_UHGtBtCEoaUWRP","itt_fullspec_bn_employed_treat_HD","treat_HD",48,0.0271186440677966,"Decrease",1691,3458,1691
"06_UHGtBtCEoaUWRP","itt_fullspec_bn_employed_treat_HD","treat_HD",48,0.0271186440677966,"Decrease",1679,3434,1679
"06_UHGtBtCEoaUWRP","itt_fullspec_bn_employed_treat_HD","treat_HD",48,0.0271186440677966,"Decrease",932,1903,932
"06_UHGtBtCEoaUWRP","itt_fullspec_bn_employed_treat_HD","treat_HD",48,0.0271186440677966,"Decrease",1053,2152,1053
"06_UHGtBtCEoaUWRP","itt_fullspec_bn_employed_treat_HD","treat_HD",48,0.0271186440677966,"Decrease",1655,3386,1655
"06_UHGtBtCEoaUWRP","itt_fullspec_bn_employed_treat_HD","treat_HD",48,0.0271186440677966,"Decrease",1712,3500,1712
"06_UHGtBtCEoaUWRP","itt_fullspec_bn_employed_treat_HD","treat_HD",48,0.0271186440677966,"Decrease",1591,3255,1591
"06_UHGtBtCEoaUWRP","itt_fullspec_bn_employed_treat_HD","treat_HD",48,0.0271186440677966,"Decrease",836,1708,836
"06_UHGtBtCEoaUWRP","itt_fullspec_bn_employed_treat_HD","treat_HD",48,0.0271186440677966,"Decrease",995,2032,995
"06_UHGtBtCEoaUWRP","itt_fullspec_bn_employed_treat_HD","treat_HD",48,0.0271186440677966,"Decrease",1496,3063,1496
"06_UHGtBtCEoaUWRP","itt_fullspec_bn_employed_treat_HD","treat_HD",48,0.0271186440677966,"Decrease",74,151,74
"06_UHGtBtCEoaUWRP","itt_fullspec_bn_employed_treat_HD","treat_HD",48,0.0271186440677966,"Decrease",942,1923,942
"06_UHGtBtCEoaUWRP","itt_fullspec_bn_employed_treat_HD","treat_HD",48,0.0271186440677966,"Decrease",1531,3133,1531
"06_UHGtBtCEoaUWRP","itt_fullspec_bn_employed_treat_HD","treat_HD",48,0.0271186440677966,"Decrease",1678,3432,1678
"06_UHGtBtCEoaUWRP","itt_fullspec_bn_employed_treat_HD","treat_HD",48,0.0271186440677966,"Decrease",565,1159,565
"06_UHGtBtCEoaUWRP","itt_fullspec_bn_employed_treat_HD","treat_HD",48,0.0271186440677966,"Decrease",1389,2844,1389
"06_UHGtBtCEoaUWRP","itt_fullspec_bn_employed_treat_HD","treat_HD",48,0.0271186440677966,"Decrease",78,159,78
"06_UHGtBtCEoaUWRP","itt_fullspec_bn_employed_treat_HD","treat_HD",48,0.0271186440677966,"Decrease",1641,3356,1641
"06_UHGtBtCEoaUWRP","itt_fullspec_bn_employed_treat_HD","treat_HD",48,0.0271186440677966,"Decrease",172,356,172
"06_UHGtBtCEoaUWRP","itt_fullspec_bn_employed_treat_HD","treat_HD",48,0.0271186440677966,"Decrease",940,1919,940
"06_UHGtBtCEoaUWRP","itt_fullspec_bn_employed_treat_HD","treat_HD",48,0.0271186440677966,"Decrease",1073,2194,1073
"06_UHGtBtCEoaUWRP","itt_fullspec_bn_employed_treat_HD","treat_HD",48,0.0271186440677966,"Decrease",1095,2238,1095
"06_UHGtBtCEoaUWRP","itt_fullspec_bn_employed_treat_HD","treat_HD",48,0.0271186440677966,"Decrease",1708,3492,1708
"06_UHGtBtCEoaUWRP","itt_fullspec_bn_employed_treat_HD","treat_HD",48,0.0271186440677966,"Decrease",489,1004,489
"06_UHGtBtCEoaUWRP","itt_fullspec_bn_employed_treat_HD","treat_HD",48,0.0271186440677966,"Decrease",971,1983,971
"06_UHGtBtCEoaUWRP","itt_fullspec_bn_employed_treat_HD","treat_HD",48,0.0271186440677966,"Decrease",444,912,444
"06_UHGtBtCEoaUWRP","itt_fullspec_bn_employed_treat_HD","treat_HD",48,0.0271186440677966,"Decrease",616,1264,616
"06_UHGtBtCEoaUWRP","itt_fullspec_bn_employed_treat_HD","treat_HD",48,0.0271186440677966,"Decrease",686,1405,686
"06_UHGtBtCEoaUWRP","itt_fullspec_bn_employed_treat_HD","treat_HD",48,0.0271186440677966,"Decrease",1715,3506,1715
"06_UHGtBtCEoaUWRP","itt_fullspec_bn_employed_treat_HD","treat_HD",48,0.0271186440677966,"Decrease",3,6,3
"06_UHGtBtCEoaUWRP","itt_fullspec_bn_employed_treat_HD","treat_HD",48,0.0271186440677966,"Decrease",658,1349,658
"06_UHGtBtCEoaUWRP","itt_fullspec_bn_employed_treat_HD","treat_HD",48,0.0271186440677966,"Decrease",656,1345,656
"06_UHGtBtCEoaUWRP","itt_fullspec_bn_employed_treat_HD","treat_HD",48,0.0271186440677966,"Decrease",925,1889,925
"06_UHGtBtCEoaUWRP","itt_fullspec_bn_employed_treat_HD","treat_HD",48,0.0271186440677966,"Decrease",1380,2826,1380
"06_UHGtBtCEoaUWRP","itt_fullspec_bn_employed_treat_HD","treat_HD",48,0.0271186440677966,"Decrease",1112,2273,1112
"06_UHGtBtCEoaUWRP","itt_fullspec_bn_employed_treat_HD","treat_HD",48,0.0271186440677966,"Decrease",1459,2987,1459
"06_UHGtBtCEoaUWRP","itt_fullspec_bn_employed_treat_HD","treat_HD",48,0.0271186440677966,"Decrease",84,173,84
"06_UHGtBtCEoaUWRP","itt_fullspec_bn_employed_treat_HD","treat_HD",48,0.0271186440677966,"Decrease",1219,2492,1219
"06_UHGtBtCEoaUWRP","itt_fullspec_bn_employed_treat_HD","treat_HD",48,0.0271186440677966,"Decrease",1754,3586,1754
"06_UHGtBtCEoaUWRP","itt_fullspec_bn_employed_treat_HD","treat_HD",48,0.0271186440677966,"Decrease",579,1188,579
"06_UHGtBtCEoaUWRP","itt_fullspec_bn_employed_treat_HD","treat_HD",48,0.0271186440677966,"Decrease",22,45,22
"06_UHGtBtCEoaUWRP","itt_fullspec_bn_employed_treat_HD","treat_HD",48,0.0271186440677966,"Decrease",59,120,59
"06_UHGtBtCEoaUWRP","itt_fullspec_bn_employed_treat_HD","treat_HD",48,0.0271186440677966,"Decrease",824,1684,824
"06_UHGtBtCEoaUWRP","itt_fullspec_bn_employed_treat_HD","treat_HD",48,0.0271186440677966,"Decrease",905,1849,905
"06_UHGtBtCEoaUWRP","itt_fullspec_bn_employed_treat_HD","treat_HD",48,0.0271186440677966,"Decrease",862,1762,862
"06_UHGtBtCEoaUWRP","itt_fullspec_bn_employed_treat_HD","treat_HD",48,0.0271186440677966,"Decrease",1228,2511,1228
"06_UHGtBtCEoaUWRP","itt_fullspec_bn_employed_treat_HD","treat_HD",48,0.0271186440677966,"Decrease",289,594,289
"06_UHGtBtCEoaUWRP","itt_fullspec_bn_employed_treat_HD","treat_HD",48,0.0271186440677966,"Decrease",1492,3055,1492
"06_UHGtBtCEoaUWRP","itt_fullspec_bn_employed_treat_HD","treat_HD",49,0.027683615819209,"Decrease",1691,3458,1691
"06_UHGtBtCEoaUWRP","itt_fullspec_bn_employed_treat_HD","treat_HD",49,0.027683615819209,"Decrease",1679,3434,1679
"06_UHGtBtCEoaUWRP","itt_fullspec_bn_employed_treat_HD","treat_HD",49,0.027683615819209,"Decrease",932,1903,932
"06_UHGtBtCEoaUWRP","itt_fullspec_bn_employed_treat_HD","treat_HD",49,0.027683615819209,"Decrease",1053,2152,1053
"06_UHGtBtCEoaUWRP","itt_fullspec_bn_employed_treat_HD","treat_HD",49,0.027683615819209,"Decrease",1655,3386,1655
"06_UHGtBtCEoaUWRP","itt_fullspec_bn_employed_treat_HD","treat_HD",49,0.027683615819209,"Decrease",1712,3500,1712
"06_UHGtBtCEoaUWRP","itt_fullspec_bn_employed_treat_HD","treat_HD",49,0.027683615819209,"Decrease",1591,3255,1591
"06_UHGtBtCEoaUWRP","itt_fullspec_bn_employed_treat_HD","treat_HD",49,0.027683615819209,"Decrease",836,1708,836
"06_UHGtBtCEoaUWRP","itt_fullspec_bn_employed_treat_HD","treat_HD",49,0.027683615819209,"Decrease",995,2032,995
"06_UHGtBtCEoaUWRP","itt_fullspec_bn_employed_treat_HD","treat_HD",49,0.027683615819209,"Decrease",74,151,74
"06_UHGtBtCEoaUWRP","itt_fullspec_bn_employed_treat_HD","treat_HD",49,0.027683615819209,"Decrease",1496,3063,1496
"06_UHGtBtCEoaUWRP","itt_fullspec_bn_employed_treat_HD","treat_HD",49,0.027683615819209,"Decrease",942,1923,942
"06_UHGtBtCEoaUWRP","itt_fullspec_bn_employed_treat_HD","treat_HD",49,0.027683615819209,"Decrease",1531,3133,1531
"06_UHGtBtCEoaUWRP","itt_fullspec_bn_employed_treat_HD","treat_HD",49,0.027683615819209,"Decrease",1678,3432,1678
"06_UHGtBtCEoaUWRP","itt_fullspec_bn_employed_treat_HD","treat_HD",49,0.027683615819209,"Decrease",565,1159,565
"06_UHGtBtCEoaUWRP","itt_fullspec_bn_employed_treat_HD","treat_HD",49,0.027683615819209,"Decrease",1389,2844,1389
"06_UHGtBtCEoaUWRP","itt_fullspec_bn_employed_treat_HD","treat_HD",49,0.027683615819209,"Decrease",78,159,78
"06_UHGtBtCEoaUWRP","itt_fullspec_bn_employed_treat_HD","treat_HD",49,0.027683615819209,"Decrease",1641,3356,1641
"06_UHGtBtCEoaUWRP","itt_fullspec_bn_employed_treat_HD","treat_HD",49,0.027683615819209,"Decrease",172,356,172
"06_UHGtBtCEoaUWRP","itt_fullspec_bn_employed_treat_HD","treat_HD",49,0.027683615819209,"Decrease",940,1919,940
"06_UHGtBtCEoaUWRP","itt_fullspec_bn_employed_treat_HD","treat_HD",49,0.027683615819209,"Decrease",1073,2194,1073
"06_UHGtBtCEoaUWRP","itt_fullspec_bn_employed_treat_HD","treat_HD",49,0.027683615819209,"Decrease",1095,2238,1095
"06_UHGtBtCEoaUWRP","itt_fullspec_bn_employed_treat_HD","treat_HD",49,0.027683615819209,"Decrease",1708,3492,1708
"06_UHGtBtCEoaUWRP","itt_fullspec_bn_employed_treat_HD","treat_HD",49,0.027683615819209,"Decrease",489,1004,489
"06_UHGtBtCEoaUWRP","itt_fullspec_bn_employed_treat_HD","treat_HD",49,0.027683615819209,"Decrease",971,1983,971
"06_UHGtBtCEoaUWRP","itt_fullspec_bn_employed_treat_HD","treat_HD",49,0.027683615819209,"Decrease",444,912,444
"06_UHGtBtCEoaUWRP","itt_fullspec_bn_employed_treat_HD","treat_HD",49,0.027683615819209,"Decrease",616,1264,616
"06_UHGtBtCEoaUWRP","itt_fullspec_bn_employed_treat_HD","treat_HD",49,0.027683615819209,"Decrease",686,1405,686
"06_UHGtBtCEoaUWRP","itt_fullspec_bn_employed_treat_HD","treat_HD",49,0.027683615819209,"Decrease",1715,3506,1715
"06_UHGtBtCEoaUWRP","itt_fullspec_bn_employed_treat_HD","treat_HD",49,0.027683615819209,"Decrease",3,6,3
"06_UHGtBtCEoaUWRP","itt_fullspec_bn_employed_treat_HD","treat_HD",49,0.027683615819209,"Decrease",658,1349,658
"06_UHGtBtCEoaUWRP","itt_fullspec_bn_employed_treat_HD","treat_HD",49,0.027683615819209,"Decrease",656,1345,656
"06_UHGtBtCEoaUWRP","itt_fullspec_bn_employed_treat_HD","treat_HD",49,0.027683615819209,"Decrease",925,1889,925
"06_UHGtBtCEoaUWRP","itt_fullspec_bn_employed_treat_HD","treat_HD",49,0.027683615819209,"Decrease",1380,2826,1380
"06_UHGtBtCEoaUWRP","itt_fullspec_bn_employed_treat_HD","treat_HD",49,0.027683615819209,"Decrease",1112,2273,1112
"06_UHGtBtCEoaUWRP","itt_fullspec_bn_employed_treat_HD","treat_HD",49,0.027683615819209,"Decrease",1459,2987,1459
"06_UHGtBtCEoaUWRP","itt_fullspec_bn_employed_treat_HD","treat_HD",49,0.027683615819209,"Decrease",84,173,84
"06_UHGtBtCEoaUWRP","itt_fullspec_bn_employed_treat_HD","treat_HD",49,0.027683615819209,"Decrease",1219,2492,1219
"06_UHGtBtCEoaUWRP","itt_fullspec_bn_employed_treat_HD","treat_HD",49,0.027683615819209,"Decrease",1754,3586,1754
"06_UHGtBtCEoaUWRP","itt_fullspec_bn_employed_treat_HD","treat_HD",49,0.027683615819209,"Decrease",579,1188,579
"06_UHGtBtCEoaUWRP","itt_fullspec_bn_employed_treat_HD","treat_HD",49,0.027683615819209,"Decrease",22,45,22
"06_UHGtBtCEoaUWRP","itt_fullspec_bn_employed_treat_HD","treat_HD",49,0.027683615819209,"Decrease",59,120,59
"06_UHGtBtCEoaUWRP","itt_fullspec_bn_employed_treat_HD","treat_HD",49,0.027683615819209,"Decrease",905,1849,905
"06_UHGtBtCEoaUWRP","itt_fullspec_bn_employed_treat_HD","treat_HD",49,0.027683615819209,"Decrease",824,1684,824
"06_UHGtBtCEoaUWRP","itt_fullspec_bn_employed_treat_HD","treat_HD",49,0.027683615819209,"Decrease",862,1762,862
"06_UHGtBtCEoaUWRP","itt_fullspec_bn_employed_treat_HD","treat_HD",49,0.027683615819209,"Decrease",1228,2511,1228
"06_UHGtBtCEoaUWRP","itt_fullspec_bn_employed_treat_HD","treat_HD",49,0.027683615819209,"Decrease",289,594,289
"06_UHGtBtCEoaUWRP","itt_fullspec_bn_employed_treat_HD","treat_HD",49,0.027683615819209,"Decrease",1492,3055,1492
"06_UHGtBtCEoaUWRP","itt_fullspec_bn_employed_treat_HD","treat_HD",49,0.027683615819209,"Decrease",1507,3085,1507
"06_UHGtBtCEoaUWRP","itt_fullspec_bn_employed_treat_HD","treat_HD",50,0.0282485875706215,"Decrease",1691,3458,1691
"06_UHGtBtCEoaUWRP","itt_fullspec_bn_employed_treat_HD","treat_HD",50,0.0282485875706215,"Decrease",1679,3434,1679
"06_UHGtBtCEoaUWRP","itt_fullspec_bn_employed_treat_HD","treat_HD",50,0.0282485875706215,"Decrease",932,1903,932
"06_UHGtBtCEoaUWRP","itt_fullspec_bn_employed_treat_HD","treat_HD",50,0.0282485875706215,"Decrease",1053,2152,1053
"06_UHGtBtCEoaUWRP","itt_fullspec_bn_employed_treat_HD","treat_HD",50,0.0282485875706215,"Decrease",1655,3386,1655
"06_UHGtBtCEoaUWRP","itt_fullspec_bn_employed_treat_HD","treat_HD",50,0.0282485875706215,"Decrease",1712,3500,1712
"06_UHGtBtCEoaUWRP","itt_fullspec_bn_employed_treat_HD","treat_HD",50,0.0282485875706215,"Decrease",1591,3255,1591
"06_UHGtBtCEoaUWRP","itt_fullspec_bn_employed_treat_HD","treat_HD",50,0.0282485875706215,"Decrease",836,1708,836
"06_UHGtBtCEoaUWRP","itt_fullspec_bn_employed_treat_HD","treat_HD",50,0.0282485875706215,"Decrease",995,2032,995
"06_UHGtBtCEoaUWRP","itt_fullspec_bn_employed_treat_HD","treat_HD",50,0.0282485875706215,"Decrease",74,151,74
"06_UHGtBtCEoaUWRP","itt_fullspec_bn_employed_treat_HD","treat_HD",50,0.0282485875706215,"Decrease",1496,3063,1496
"06_UHGtBtCEoaUWRP","itt_fullspec_bn_employed_treat_HD","treat_HD",50,0.0282485875706215,"Decrease",942,1923,942
"06_UHGtBtCEoaUWRP","itt_fullspec_bn_employed_treat_HD","treat_HD",50,0.0282485875706215,"Decrease",1531,3133,1531
"06_UHGtBtCEoaUWRP","itt_fullspec_bn_employed_treat_HD","treat_HD",50,0.0282485875706215,"Decrease",1678,3432,1678
"06_UHGtBtCEoaUWRP","itt_fullspec_bn_employed_treat_HD","treat_HD",50,0.0282485875706215,"Decrease",565,1159,565
"06_UHGtBtCEoaUWRP","itt_fullspec_bn_employed_treat_HD","treat_HD",50,0.0282485875706215,"Decrease",1389,2844,1389
"06_UHGtBtCEoaUWRP","itt_fullspec_bn_employed_treat_HD","treat_HD",50,0.0282485875706215,"Decrease",78,159,78
"06_UHGtBtCEoaUWRP","itt_fullspec_bn_employed_treat_HD","treat_HD",50,0.0282485875706215,"Decrease",1641,3356,1641
"06_UHGtBtCEoaUWRP","itt_fullspec_bn_employed_treat_HD","treat_HD",50,0.0282485875706215,"Decrease",172,356,172
"06_UHGtBtCEoaUWRP","itt_fullspec_bn_employed_treat_HD","treat_HD",50,0.0282485875706215,"Decrease",940,1919,940
"06_UHGtBtCEoaUWRP","itt_fullspec_bn_employed_treat_HD","treat_HD",50,0.0282485875706215,"Decrease",1073,2194,1073
"06_UHGtBtCEoaUWRP","itt_fullspec_bn_employed_treat_HD","treat_HD",50,0.0282485875706215,"Decrease",1095,2238,1095
"06_UHGtBtCEoaUWRP","itt_fullspec_bn_employed_treat_HD","treat_HD",50,0.0282485875706215,"Decrease",1708,3492,1708
"06_UHGtBtCEoaUWRP","itt_fullspec_bn_employed_treat_HD","treat_HD",50,0.0282485875706215,"Decrease",489,1004,489
"06_UHGtBtCEoaUWRP","itt_fullspec_bn_employed_treat_HD","treat_HD",50,0.0282485875706215,"Decrease",971,1983,971
"06_UHGtBtCEoaUWRP","itt_fullspec_bn_employed_treat_HD","treat_HD",50,0.0282485875706215,"Decrease",444,912,444
"06_UHGtBtCEoaUWRP","itt_fullspec_bn_employed_treat_HD","treat_HD",50,0.0282485875706215,"Decrease",616,1264,616
"06_UHGtBtCEoaUWRP","itt_fullspec_bn_employed_treat_HD","treat_HD",50,0.0282485875706215,"Decrease",686,1405,686
"06_UHGtBtCEoaUWRP","itt_fullspec_bn_employed_treat_HD","treat_HD",50,0.0282485875706215,"Decrease",1715,3506,1715
"06_UHGtBtCEoaUWRP","itt_fullspec_bn_employed_treat_HD","treat_HD",50,0.0282485875706215,"Decrease",3,6,3
"06_UHGtBtCEoaUWRP","itt_fullspec_bn_employed_treat_HD","treat_HD",50,0.0282485875706215,"Decrease",658,1349,658
"06_UHGtBtCEoaUWRP","itt_fullspec_bn_employed_treat_HD","treat_HD",50,0.0282485875706215,"Decrease",656,1345,656
"06_UHGtBtCEoaUWRP","itt_fullspec_bn_employed_treat_HD","treat_HD",50,0.0282485875706215,"Decrease",925,1889,925
"06_UHGtBtCEoaUWRP","itt_fullspec_bn_employed_treat_HD","treat_HD",50,0.0282485875706215,"Decrease",1380,2826,1380
"06_UHGtBtCEoaUWRP","itt_fullspec_bn_employed_treat_HD","treat_HD",50,0.0282485875706215,"Decrease",1112,2273,1112
"06_UHGtBtCEoaUWRP","itt_fullspec_bn_employed_treat_HD","treat_HD",50,0.0282485875706215,"Decrease",1459,2987,1459
"06_UHGtBtCEoaUWRP","itt_fullspec_bn_employed_treat_HD","treat_HD",50,0.0282485875706215,"Decrease",84,173,84
"06_UHGtBtCEoaUWRP","itt_fullspec_bn_employed_treat_HD","treat_HD",50,0.0282485875706215,"Decrease",1219,2492,1219
"06_UHGtBtCEoaUWRP","itt_fullspec_bn_employed_treat_HD","treat_HD",50,0.0282485875706215,"Decrease",1754,3586,1754
"06_UHGtBtCEoaUWRP","itt_fullspec_bn_employed_treat_HD","treat_HD",50,0.0282485875706215,"Decrease",579,1188,579
"06_UHGtBtCEoaUWRP","itt_fullspec_bn_employed_treat_HD","treat_HD",50,0.0282485875706215,"Decrease",22,45,22
"06_UHGtBtCEoaUWRP","itt_fullspec_bn_employed_treat_HD","treat_HD",50,0.0282485875706215,"Decrease",59,120,59
"06_UHGtBtCEoaUWRP","itt_fullspec_bn_employed_treat_HD","treat_HD",50,0.0282485875706215,"Decrease",905,1849,905
"06_UHGtBtCEoaUWRP","itt_fullspec_bn_employed_treat_HD","treat_HD",50,0.0282485875706215,"Decrease",824,1684,824
"06_UHGtBtCEoaUWRP","itt_fullspec_bn_employed_treat_HD","treat_HD",50,0.0282485875706215,"Decrease",862,1762,862
"06_UHGtBtCEoaUWRP","itt_fullspec_bn_employed_treat_HD","treat_HD",50,0.0282485875706215,"Decrease",1228,2511,1228
"06_UHGtBtCEoaUWRP","itt_fullspec_bn_employed_treat_HD","treat_HD",50,0.0282485875706215,"Decrease",289,594,289
"06_UHGtBtCEoaUWRP","itt_fullspec_bn_employed_treat_HD","treat_HD",50,0.0282485875706215,"Decrease",1492,3055,1492
"06_UHGtBtCEoaUWRP","itt_fullspec_bn_employed_treat_HD","treat_HD",50,0.0282485875706215,"Decrease",1507,3085,1507
"06_UHGtBtCEoaUWRP","itt_fullspec_bn_employed_treat_HD","treat_HD",50,0.0282485875706215,"Decrease",1568,3207,1568
"06_UHGtBtCEoaUWRP","itt_fullspec_bn_employed_treat_HD","treat_HD",51,0.0288135593220339,"Decrease",1691,3458,1691
"06_UHGtBtCEoaUWRP","itt_fullspec_bn_employed_treat_HD","treat_HD",51,0.0288135593220339,"Decrease",1679,3434,1679
"06_UHGtBtCEoaUWRP","itt_fullspec_bn_employed_treat_HD","treat_HD",51,0.0288135593220339,"Decrease",932,1903,932
"06_UHGtBtCEoaUWRP","itt_fullspec_bn_employed_treat_HD","treat_HD",51,0.0288135593220339,"Decrease",1053,2152,1053
"06_UHGtBtCEoaUWRP","itt_fullspec_bn_employed_treat_HD","treat_HD",51,0.0288135593220339,"Decrease",1655,3386,1655
"06_UHGtBtCEoaUWRP","itt_fullspec_bn_employed_treat_HD","treat_HD",51,0.0288135593220339,"Decrease",1712,3500,1712
"06_UHGtBtCEoaUWRP","itt_fullspec_bn_employed_treat_HD","treat_HD",51,0.0288135593220339,"Decrease",1591,3255,1591
"06_UHGtBtCEoaUWRP","itt_fullspec_bn_employed_treat_HD","treat_HD",51,0.0288135593220339,"Decrease",836,1708,836
"06_UHGtBtCEoaUWRP","itt_fullspec_bn_employed_treat_HD","treat_HD",51,0.0288135593220339,"Decrease",995,2032,995
"06_UHGtBtCEoaUWRP","itt_fullspec_bn_employed_treat_HD","treat_HD",51,0.0288135593220339,"Decrease",74,151,74
"06_UHGtBtCEoaUWRP","itt_fullspec_bn_employed_treat_HD","treat_HD",51,0.0288135593220339,"Decrease",942,1923,942
"06_UHGtBtCEoaUWRP","itt_fullspec_bn_employed_treat_HD","treat_HD",51,0.0288135593220339,"Decrease",1496,3063,1496
"06_UHGtBtCEoaUWRP","itt_fullspec_bn_employed_treat_HD","treat_HD",51,0.0288135593220339,"Decrease",1531,3133,1531
"06_UHGtBtCEoaUWRP","itt_fullspec_bn_employed_treat_HD","treat_HD",51,0.0288135593220339,"Decrease",1678,3432,1678
"06_UHGtBtCEoaUWRP","itt_fullspec_bn_employed_treat_HD","treat_HD",51,0.0288135593220339,"Decrease",565,1159,565
"06_UHGtBtCEoaUWRP","itt_fullspec_bn_employed_treat_HD","treat_HD",51,0.0288135593220339,"Decrease",1389,2844,1389
"06_UHGtBtCEoaUWRP","itt_fullspec_bn_employed_treat_HD","treat_HD",51,0.0288135593220339,"Decrease",78,159,78
"06_UHGtBtCEoaUWRP","itt_fullspec_bn_employed_treat_HD","treat_HD",51,0.0288135593220339,"Decrease",1641,3356,1641
"06_UHGtBtCEoaUWRP","itt_fullspec_bn_employed_treat_HD","treat_HD",51,0.0288135593220339,"Decrease",172,356,172
"06_UHGtBtCEoaUWRP","itt_fullspec_bn_employed_treat_HD","treat_HD",51,0.0288135593220339,"Decrease",940,1919,940
"06_UHGtBtCEoaUWRP","itt_fullspec_bn_employed_treat_HD","treat_HD",51,0.0288135593220339,"Decrease",1073,2194,1073
"06_UHGtBtCEoaUWRP","itt_fullspec_bn_employed_treat_HD","treat_HD",51,0.0288135593220339,"Decrease",1095,2238,1095
"06_UHGtBtCEoaUWRP","itt_fullspec_bn_employed_treat_HD","treat_HD",51,0.0288135593220339,"Decrease",1708,3492,1708
"06_UHGtBtCEoaUWRP","itt_fullspec_bn_employed_treat_HD","treat_HD",51,0.0288135593220339,"Decrease",489,1004,489
"06_UHGtBtCEoaUWRP","itt_fullspec_bn_employed_treat_HD","treat_HD",51,0.0288135593220339,"Decrease",444,912,444
"06_UHGtBtCEoaUWRP","itt_fullspec_bn_employed_treat_HD","treat_HD",51,0.0288135593220339,"Decrease",971,1983,971
"06_UHGtBtCEoaUWRP","itt_fullspec_bn_employed_treat_HD","treat_HD",51,0.0288135593220339,"Decrease",616,1264,616
"06_UHGtBtCEoaUWRP","itt_fullspec_bn_employed_treat_HD","treat_HD",51,0.0288135593220339,"Decrease",686,1405,686
"06_UHGtBtCEoaUWRP","itt_fullspec_bn_employed_treat_HD","treat_HD",51,0.0288135593220339,"Decrease",1715,3506,1715
"06_UHGtBtCEoaUWRP","itt_fullspec_bn_employed_treat_HD","treat_HD",51,0.0288135593220339,"Decrease",3,6,3
"06_UHGtBtCEoaUWRP","itt_fullspec_bn_employed_treat_HD","treat_HD",51,0.0288135593220339,"Decrease",658,1349,658
"06_UHGtBtCEoaUWRP","itt_fullspec_bn_employed_treat_HD","treat_HD",51,0.0288135593220339,"Decrease",656,1345,656
"06_UHGtBtCEoaUWRP","itt_fullspec_bn_employed_treat_HD","treat_HD",51,0.0288135593220339,"Decrease",925,1889,925
"06_UHGtBtCEoaUWRP","itt_fullspec_bn_employed_treat_HD","treat_HD",51,0.0288135593220339,"Decrease",1380,2826,1380
"06_UHGtBtCEoaUWRP","itt_fullspec_bn_employed_treat_HD","treat_HD",51,0.0288135593220339,"Decrease",1112,2273,1112
"06_UHGtBtCEoaUWRP","itt_fullspec_bn_employed_treat_HD","treat_HD",51,0.0288135593220339,"Decrease",1459,2987,1459
"06_UHGtBtCEoaUWRP","itt_fullspec_bn_employed_treat_HD","treat_HD",51,0.0288135593220339,"Decrease",84,173,84
"06_UHGtBtCEoaUWRP","itt_fullspec_bn_employed_treat_HD","treat_HD",51,0.0288135593220339,"Decrease",1219,2492,1219
"06_UHGtBtCEoaUWRP","itt_fullspec_bn_employed_treat_HD","treat_HD",51,0.0288135593220339,"Decrease",1754,3586,1754
"06_UHGtBtCEoaUWRP","itt_fullspec_bn_employed_treat_HD","treat_HD",51,0.0288135593220339,"Decrease",579,1188,579
"06_UHGtBtCEoaUWRP","itt_fullspec_bn_employed_treat_HD","treat_HD",51,0.0288135593220339,"Decrease",22,45,22
"06_UHGtBtCEoaUWRP","itt_fullspec_bn_employed_treat_HD","treat_HD",51,0.0288135593220339,"Decrease",59,120,59
"06_UHGtBtCEoaUWRP","itt_fullspec_bn_employed_treat_HD","treat_HD",51,0.0288135593220339,"Decrease",905,1849,905
"06_UHGtBtCEoaUWRP","itt_fullspec_bn_employed_treat_HD","treat_HD",51,0.0288135593220339,"Decrease",824,1684,824
"06_UHGtBtCEoaUWRP","itt_fullspec_bn_employed_treat_HD","treat_HD",51,0.0288135593220339,"Decrease",862,1762,862
"06_UHGtBtCEoaUWRP","itt_fullspec_bn_employed_treat_HD","treat_HD",51,0.0288135593220339,"Decrease",1228,2511,1228
"06_UHGtBtCEoaUWRP","itt_fullspec_bn_employed_treat_HD","treat_HD",51,0.0288135593220339,"Decrease",289,594,289
"06_UHGtBtCEoaUWRP","itt_fullspec_bn_employed_treat_HD","treat_HD",51,0.0288135593220339,"Decrease",1492,3055,1492
"06_UHGtBtCEoaUWRP","itt_fullspec_bn_employed_treat_HD","treat_HD",51,0.0288135593220339,"Decrease",1507,3085,1507
"06_UHGtBtCEoaUWRP","itt_fullspec_bn_employed_treat_HD","treat_HD",51,0.0288135593220339,"Decrease",1568,3207,1568
"06_UHGtBtCEoaUWRP","itt_fullspec_bn_employed_treat_HD","treat_HD",51,0.0288135593220339,"Decrease",790,1616,790
"06_UHGtBtCEoaUWRP","itt_fullspec_bn_employed_treat_HD","treat_HD",52,0.0293785310734463,"Decrease",1691,3458,1691
"06_UHGtBtCEoaUWRP","itt_fullspec_bn_employed_treat_HD","treat_HD",52,0.0293785310734463,"Decrease",1679,3434,1679
"06_UHGtBtCEoaUWRP","itt_fullspec_bn_employed_treat_HD","treat_HD",52,0.0293785310734463,"Decrease",932,1903,932
"06_UHGtBtCEoaUWRP","itt_fullspec_bn_employed_treat_HD","treat_HD",52,0.0293785310734463,"Decrease",1053,2152,1053
"06_UHGtBtCEoaUWRP","itt_fullspec_bn_employed_treat_HD","treat_HD",52,0.0293785310734463,"Decrease",1655,3386,1655
"06_UHGtBtCEoaUWRP","itt_fullspec_bn_employed_treat_HD","treat_HD",52,0.0293785310734463,"Decrease",1712,3500,1712
"06_UHGtBtCEoaUWRP","itt_fullspec_bn_employed_treat_HD","treat_HD",52,0.0293785310734463,"Decrease",1591,3255,1591
"06_UHGtBtCEoaUWRP","itt_fullspec_bn_employed_treat_HD","treat_HD",52,0.0293785310734463,"Decrease",836,1708,836
"06_UHGtBtCEoaUWRP","itt_fullspec_bn_employed_treat_HD","treat_HD",52,0.0293785310734463,"Decrease",995,2032,995
"06_UHGtBtCEoaUWRP","itt_fullspec_bn_employed_treat_HD","treat_HD",52,0.0293785310734463,"Decrease",74,151,74
"06_UHGtBtCEoaUWRP","itt_fullspec_bn_employed_treat_HD","treat_HD",52,0.0293785310734463,"Decrease",1531,3133,1531
"06_UHGtBtCEoaUWRP","itt_fullspec_bn_employed_treat_HD","treat_HD",52,0.0293785310734463,"Decrease",942,1923,942
"06_UHGtBtCEoaUWRP","itt_fullspec_bn_employed_treat_HD","treat_HD",52,0.0293785310734463,"Decrease",1496,3063,1496
"06_UHGtBtCEoaUWRP","itt_fullspec_bn_employed_treat_HD","treat_HD",52,0.0293785310734463,"Decrease",1678,3432,1678
"06_UHGtBtCEoaUWRP","itt_fullspec_bn_employed_treat_HD","treat_HD",52,0.0293785310734463,"Decrease",565,1159,565
"06_UHGtBtCEoaUWRP","itt_fullspec_bn_employed_treat_HD","treat_HD",52,0.0293785310734463,"Decrease",1389,2844,1389
"06_UHGtBtCEoaUWRP","itt_fullspec_bn_employed_treat_HD","treat_HD",52,0.0293785310734463,"Decrease",78,159,78
"06_UHGtBtCEoaUWRP","itt_fullspec_bn_employed_treat_HD","treat_HD",52,0.0293785310734463,"Decrease",1641,3356,1641
"06_UHGtBtCEoaUWRP","itt_fullspec_bn_employed_treat_HD","treat_HD",52,0.0293785310734463,"Decrease",172,356,172
"06_UHGtBtCEoaUWRP","itt_fullspec_bn_employed_treat_HD","treat_HD",52,0.0293785310734463,"Decrease",940,1919,940
"06_UHGtBtCEoaUWRP","itt_fullspec_bn_employed_treat_HD","treat_HD",52,0.0293785310734463,"Decrease",1073,2194,1073
"06_UHGtBtCEoaUWRP","itt_fullspec_bn_employed_treat_HD","treat_HD",52,0.0293785310734463,"Decrease",1095,2238,1095
"06_UHGtBtCEoaUWRP","itt_fullspec_bn_employed_treat_HD","treat_HD",52,0.0293785310734463,"Decrease",1708,3492,1708
"06_UHGtBtCEoaUWRP","itt_fullspec_bn_employed_treat_HD","treat_HD",52,0.0293785310734463,"Decrease",489,1004,489
"06_UHGtBtCEoaUWRP","itt_fullspec_bn_employed_treat_HD","treat_HD",52,0.0293785310734463,"Decrease",444,912,444
"06_UHGtBtCEoaUWRP","itt_fullspec_bn_employed_treat_HD","treat_HD",52,0.0293785310734463,"Decrease",971,1983,971
"06_UHGtBtCEoaUWRP","itt_fullspec_bn_employed_treat_HD","treat_HD",52,0.0293785310734463,"Decrease",616,1264,616
"06_UHGtBtCEoaUWRP","itt_fullspec_bn_employed_treat_HD","treat_HD",52,0.0293785310734463,"Decrease",686,1405,686
"06_UHGtBtCEoaUWRP","itt_fullspec_bn_employed_treat_HD","treat_HD",52,0.0293785310734463,"Decrease",1715,3506,1715
"06_UHGtBtCEoaUWRP","itt_fullspec_bn_employed_treat_HD","treat_HD",52,0.0293785310734463,"Decrease",3,6,3
"06_UHGtBtCEoaUWRP","itt_fullspec_bn_employed_treat_HD","treat_HD",52,0.0293785310734463,"Decrease",658,1349,658
"06_UHGtBtCEoaUWRP","itt_fullspec_bn_employed_treat_HD","treat_HD",52,0.0293785310734463,"Decrease",656,1345,656
"06_UHGtBtCEoaUWRP","itt_fullspec_bn_employed_treat_HD","treat_HD",52,0.0293785310734463,"Decrease",925,1889,925
"06_UHGtBtCEoaUWRP","itt_fullspec_bn_employed_treat_HD","treat_HD",52,0.0293785310734463,"Decrease",1380,2826,1380
"06_UHGtBtCEoaUWRP","itt_fullspec_bn_employed_treat_HD","treat_HD",52,0.0293785310734463,"Decrease",1112,2273,1112
"06_UHGtBtCEoaUWRP","itt_fullspec_bn_employed_treat_HD","treat_HD",52,0.0293785310734463,"Decrease",1459,2987,1459
"06_UHGtBtCEoaUWRP","itt_fullspec_bn_employed_treat_HD","treat_HD",52,0.0293785310734463,"Decrease",84,173,84
"06_UHGtBtCEoaUWRP","itt_fullspec_bn_employed_treat_HD","treat_HD",52,0.0293785310734463,"Decrease",1219,2492,1219
"06_UHGtBtCEoaUWRP","itt_fullspec_bn_employed_treat_HD","treat_HD",52,0.0293785310734463,"Decrease",1754,3586,1754
"06_UHGtBtCEoaUWRP","itt_fullspec_bn_employed_treat_HD","treat_HD",52,0.0293785310734463,"Decrease",579,1188,579
"06_UHGtBtCEoaUWRP","itt_fullspec_bn_employed_treat_HD","treat_HD",52,0.0293785310734463,"Decrease",22,45,22
"06_UHGtBtCEoaUWRP","itt_fullspec_bn_employed_treat_HD","treat_HD",52,0.0293785310734463,"Decrease",59,120,59
"06_UHGtBtCEoaUWRP","itt_fullspec_bn_employed_treat_HD","treat_HD",52,0.0293785310734463,"Decrease",905,1849,905
"06_UHGtBtCEoaUWRP","itt_fullspec_bn_employed_treat_HD","treat_HD",52,0.0293785310734463,"Decrease",824,1684,824
"06_UHGtBtCEoaUWRP","itt_fullspec_bn_employed_treat_HD","treat_HD",52,0.0293785310734463,"Decrease",862,1762,862
"06_UHGtBtCEoaUWRP","itt_fullspec_bn_employed_treat_HD","treat_HD",52,0.0293785310734463,"Decrease",1228,2511,1228
"06_UHGtBtCEoaUWRP","itt_fullspec_bn_employed_treat_HD","treat_HD",52,0.0293785310734463,"Decrease",289,594,289
"06_UHGtBtCEoaUWRP","itt_fullspec_bn_employed_treat_HD","treat_HD",52,0.0293785310734463,"Decrease",1492,3055,1492
"06_UHGtBtCEoaUWRP","itt_fullspec_bn_employed_treat_HD","treat_HD",52,0.0293785310734463,"Decrease",1507,3085,1507
"06_UHGtBtCEoaUWRP","itt_fullspec_bn_employed_treat_HD","treat_HD",52,0.0293785310734463,"Decrease",790,1616,790
"06_UHGtBtCEoaUWRP","itt_fullspec_bn_employed_treat_HD","treat_HD",52,0.0293785310734463,"Decrease",1568,3207,1568
"06_UHGtBtCEoaUWRP","itt_fullspec_bn_employed_treat_HD","treat_HD",52,0.0293785310734463,"Decrease",246,505,246
"06_UHGtBtCEoaUWRP","itt_fullspec_bn_employed_treat_HD","treat_HD",53,0.0299435028248588,"Decrease",1691,3458,1691
"06_UHGtBtCEoaUWRP","itt_fullspec_bn_employed_treat_HD","treat_HD",53,0.0299435028248588,"Decrease",1679,3434,1679
"06_UHGtBtCEoaUWRP","itt_fullspec_bn_employed_treat_HD","treat_HD",53,0.0299435028248588,"Decrease",932,1903,932
"06_UHGtBtCEoaUWRP","itt_fullspec_bn_employed_treat_HD","treat_HD",53,0.0299435028248588,"Decrease",1053,2152,1053
"06_UHGtBtCEoaUWRP","itt_fullspec_bn_employed_treat_HD","treat_HD",53,0.0299435028248588,"Decrease",1655,3386,1655
"06_UHGtBtCEoaUWRP","itt_fullspec_bn_employed_treat_HD","treat_HD",53,0.0299435028248588,"Decrease",1712,3500,1712
"06_UHGtBtCEoaUWRP","itt_fullspec_bn_employed_treat_HD","treat_HD",53,0.0299435028248588,"Decrease",1591,3255,1591
"06_UHGtBtCEoaUWRP","itt_fullspec_bn_employed_treat_HD","treat_HD",53,0.0299435028248588,"Decrease",836,1708,836
"06_UHGtBtCEoaUWRP","itt_fullspec_bn_employed_treat_HD","treat_HD",53,0.0299435028248588,"Decrease",995,2032,995
"06_UHGtBtCEoaUWRP","itt_fullspec_bn_employed_treat_HD","treat_HD",53,0.0299435028248588,"Decrease",74,151,74
"06_UHGtBtCEoaUWRP","itt_fullspec_bn_employed_treat_HD","treat_HD",53,0.0299435028248588,"Decrease",1531,3133,1531
"06_UHGtBtCEoaUWRP","itt_fullspec_bn_employed_treat_HD","treat_HD",53,0.0299435028248588,"Decrease",942,1923,942
"06_UHGtBtCEoaUWRP","itt_fullspec_bn_employed_treat_HD","treat_HD",53,0.0299435028248588,"Decrease",1496,3063,1496
"06_UHGtBtCEoaUWRP","itt_fullspec_bn_employed_treat_HD","treat_HD",53,0.0299435028248588,"Decrease",1678,3432,1678
"06_UHGtBtCEoaUWRP","itt_fullspec_bn_employed_treat_HD","treat_HD",53,0.0299435028248588,"Decrease",565,1159,565
"06_UHGtBtCEoaUWRP","itt_fullspec_bn_employed_treat_HD","treat_HD",53,0.0299435028248588,"Decrease",1389,2844,1389
"06_UHGtBtCEoaUWRP","itt_fullspec_bn_employed_treat_HD","treat_HD",53,0.0299435028248588,"Decrease",78,159,78
"06_UHGtBtCEoaUWRP","itt_fullspec_bn_employed_treat_HD","treat_HD",53,0.0299435028248588,"Decrease",1641,3356,1641
"06_UHGtBtCEoaUWRP","itt_fullspec_bn_employed_treat_HD","treat_HD",53,0.0299435028248588,"Decrease",172,356,172
"06_UHGtBtCEoaUWRP","itt_fullspec_bn_employed_treat_HD","treat_HD",53,0.0299435028248588,"Decrease",940,1919,940
"06_UHGtBtCEoaUWRP","itt_fullspec_bn_employed_treat_HD","treat_HD",53,0.0299435028248588,"Decrease",1073,2194,1073
"06_UHGtBtCEoaUWRP","itt_fullspec_bn_employed_treat_HD","treat_HD",53,0.0299435028248588,"Decrease",1095,2238,1095
"06_UHGtBtCEoaUWRP","itt_fullspec_bn_employed_treat_HD","treat_HD",53,0.0299435028248588,"Decrease",1708,3492,1708
"06_UHGtBtCEoaUWRP","itt_fullspec_bn_employed_treat_HD","treat_HD",53,0.0299435028248588,"Decrease",444,912,444
"06_UHGtBtCEoaUWRP","itt_fullspec_bn_employed_treat_HD","treat_HD",53,0.0299435028248588,"Decrease",489,1004,489
"06_UHGtBtCEoaUWRP","itt_fullspec_bn_employed_treat_HD","treat_HD",53,0.0299435028248588,"Decrease",971,1983,971
"06_UHGtBtCEoaUWRP","itt_fullspec_bn_employed_treat_HD","treat_HD",53,0.0299435028248588,"Decrease",616,1264,616
"06_UHGtBtCEoaUWRP","itt_fullspec_bn_employed_treat_HD","treat_HD",53,0.0299435028248588,"Decrease",686,1405,686
"06_UHGtBtCEoaUWRP","itt_fullspec_bn_employed_treat_HD","treat_HD",53,0.0299435028248588,"Decrease",1715,3506,1715
"06_UHGtBtCEoaUWRP","itt_fullspec_bn_employed_treat_HD","treat_HD",53,0.0299435028248588,"Decrease",3,6,3
"06_UHGtBtCEoaUWRP","itt_fullspec_bn_employed_treat_HD","treat_HD",53,0.0299435028248588,"Decrease",658,1349,658
"06_UHGtBtCEoaUWRP","itt_fullspec_bn_employed_treat_HD","treat_HD",53,0.0299435028248588,"Decrease",656,1345,656
"06_UHGtBtCEoaUWRP","itt_fullspec_bn_employed_treat_HD","treat_HD",53,0.0299435028248588,"Decrease",925,1889,925
"06_UHGtBtCEoaUWRP","itt_fullspec_bn_employed_treat_HD","treat_HD",53,0.0299435028248588,"Decrease",1380,2826,1380
"06_UHGtBtCEoaUWRP","itt_fullspec_bn_employed_treat_HD","treat_HD",53,0.0299435028248588,"Decrease",1112,2273,1112
"06_UHGtBtCEoaUWRP","itt_fullspec_bn_employed_treat_HD","treat_HD",53,0.0299435028248588,"Decrease",1459,2987,1459
"06_UHGtBtCEoaUWRP","itt_fullspec_bn_employed_treat_HD","treat_HD",53,0.0299435028248588,"Decrease",84,173,84
"06_UHGtBtCEoaUWRP","itt_fullspec_bn_employed_treat_HD","treat_HD",53,0.0299435028248588,"Decrease",579,1188,579
"06_UHGtBtCEoaUWRP","itt_fullspec_bn_employed_treat_HD","treat_HD",53,0.0299435028248588,"Decrease",1219,2492,1219
"06_UHGtBtCEoaUWRP","itt_fullspec_bn_employed_treat_HD","treat_HD",53,0.0299435028248588,"Decrease",1754,3586,1754
"06_UHGtBtCEoaUWRP","itt_fullspec_bn_employed_treat_HD","treat_HD",53,0.0299435028248588,"Decrease",22,45,22
"06_UHGtBtCEoaUWRP","itt_fullspec_bn_employed_treat_HD","treat_HD",53,0.0299435028248588,"Decrease",59,120,59
"06_UHGtBtCEoaUWRP","itt_fullspec_bn_employed_treat_HD","treat_HD",53,0.0299435028248588,"Decrease",905,1849,905
"06_UHGtBtCEoaUWRP","itt_fullspec_bn_employed_treat_HD","treat_HD",53,0.0299435028248588,"Decrease",824,1684,824
"06_UHGtBtCEoaUWRP","itt_fullspec_bn_employed_treat_HD","treat_HD",53,0.0299435028248588,"Decrease",862,1762,862
"06_UHGtBtCEoaUWRP","itt_fullspec_bn_employed_treat_HD","treat_HD",53,0.0299435028248588,"Decrease",1228,2511,1228
"06_UHGtBtCEoaUWRP","itt_fullspec_bn_employed_treat_HD","treat_HD",53,0.0299435028248588,"Decrease",289,594,289
"06_UHGtBtCEoaUWRP","itt_fullspec_bn_employed_treat_HD","treat_HD",53,0.0299435028248588,"Decrease",1492,3055,1492
"06_UHGtBtCEoaUWRP","itt_fullspec_bn_employed_treat_HD","treat_HD",53,0.0299435028248588,"Decrease",790,1616,790
"06_UHGtBtCEoaUWRP","itt_fullspec_bn_employed_treat_HD","treat_HD",53,0.0299435028248588,"Decrease",1507,3085,1507
"06_UHGtBtCEoaUWRP","itt_fullspec_bn_employed_treat_HD","treat_HD",53,0.0299435028248588,"Decrease",1568,3207,1568
"06_UHGtBtCEoaUWRP","itt_fullspec_bn_employed_treat_HD","treat_HD",53,0.0299435028248588,"Decrease",246,505,246
"06_UHGtBtCEoaUWRP","itt_fullspec_bn_employed_treat_HD","treat_HD",53,0.0299435028248588,"Decrease",1097,2242,1097
"06_UHGtBtCEoaUWRP","itt_fullspec_bn_employed_treat_HD","treat_HD",54,0.0305084745762712,"Decrease",1691,3458,1691
"06_UHGtBtCEoaUWRP","itt_fullspec_bn_employed_treat_HD","treat_HD",54,0.0305084745762712,"Decrease",1679,3434,1679
"06_UHGtBtCEoaUWRP","itt_fullspec_bn_employed_treat_HD","treat_HD",54,0.0305084745762712,"Decrease",932,1903,932
"06_UHGtBtCEoaUWRP","itt_fullspec_bn_employed_treat_HD","treat_HD",54,0.0305084745762712,"Decrease",1053,2152,1053
"06_UHGtBtCEoaUWRP","itt_fullspec_bn_employed_treat_HD","treat_HD",54,0.0305084745762712,"Decrease",1655,3386,1655
"06_UHGtBtCEoaUWRP","itt_fullspec_bn_employed_treat_HD","treat_HD",54,0.0305084745762712,"Decrease",1712,3500,1712
"06_UHGtBtCEoaUWRP","itt_fullspec_bn_employed_treat_HD","treat_HD",54,0.0305084745762712,"Decrease",1591,3255,1591
"06_UHGtBtCEoaUWRP","itt_fullspec_bn_employed_treat_HD","treat_HD",54,0.0305084745762712,"Decrease",836,1708,836
"06_UHGtBtCEoaUWRP","itt_fullspec_bn_employed_treat_HD","treat_HD",54,0.0305084745762712,"Decrease",995,2032,995
"06_UHGtBtCEoaUWRP","itt_fullspec_bn_employed_treat_HD","treat_HD",54,0.0305084745762712,"Decrease",1531,3133,1531
"06_UHGtBtCEoaUWRP","itt_fullspec_bn_employed_treat_HD","treat_HD",54,0.0305084745762712,"Decrease",74,151,74
"06_UHGtBtCEoaUWRP","itt_fullspec_bn_employed_treat_HD","treat_HD",54,0.0305084745762712,"Decrease",942,1923,942
"06_UHGtBtCEoaUWRP","itt_fullspec_bn_employed_treat_HD","treat_HD",54,0.0305084745762712,"Decrease",1496,3063,1496
"06_UHGtBtCEoaUWRP","itt_fullspec_bn_employed_treat_HD","treat_HD",54,0.0305084745762712,"Decrease",1678,3432,1678
"06_UHGtBtCEoaUWRP","itt_fullspec_bn_employed_treat_HD","treat_HD",54,0.0305084745762712,"Decrease",565,1159,565
"06_UHGtBtCEoaUWRP","itt_fullspec_bn_employed_treat_HD","treat_HD",54,0.0305084745762712,"Decrease",1389,2844,1389
"06_UHGtBtCEoaUWRP","itt_fullspec_bn_employed_treat_HD","treat_HD",54,0.0305084745762712,"Decrease",78,159,78
"06_UHGtBtCEoaUWRP","itt_fullspec_bn_employed_treat_HD","treat_HD",54,0.0305084745762712,"Decrease",1641,3356,1641
"06_UHGtBtCEoaUWRP","itt_fullspec_bn_employed_treat_HD","treat_HD",54,0.0305084745762712,"Decrease",172,356,172
"06_UHGtBtCEoaUWRP","itt_fullspec_bn_employed_treat_HD","treat_HD",54,0.0305084745762712,"Decrease",940,1919,940
"06_UHGtBtCEoaUWRP","itt_fullspec_bn_employed_treat_HD","treat_HD",54,0.0305084745762712,"Decrease",1073,2194,1073
"06_UHGtBtCEoaUWRP","itt_fullspec_bn_employed_treat_HD","treat_HD",54,0.0305084745762712,"Decrease",1095,2238,1095
"06_UHGtBtCEoaUWRP","itt_fullspec_bn_employed_treat_HD","treat_HD",54,0.0305084745762712,"Decrease",1708,3492,1708
"06_UHGtBtCEoaUWRP","itt_fullspec_bn_employed_treat_HD","treat_HD",54,0.0305084745762712,"Decrease",444,912,444
"06_UHGtBtCEoaUWRP","itt_fullspec_bn_employed_treat_HD","treat_HD",54,0.0305084745762712,"Decrease",489,1004,489
"06_UHGtBtCEoaUWRP","itt_fullspec_bn_employed_treat_HD","treat_HD",54,0.0305084745762712,"Decrease",971,1983,971
"06_UHGtBtCEoaUWRP","itt_fullspec_bn_employed_treat_HD","treat_HD",54,0.0305084745762712,"Decrease",616,1264,616
"06_UHGtBtCEoaUWRP","itt_fullspec_bn_employed_treat_HD","treat_HD",54,0.0305084745762712,"Decrease",686,1405,686
"06_UHGtBtCEoaUWRP","itt_fullspec_bn_employed_treat_HD","treat_HD",54,0.0305084745762712,"Decrease",1715,3506,1715
"06_UHGtBtCEoaUWRP","itt_fullspec_bn_employed_treat_HD","treat_HD",54,0.0305084745762712,"Decrease",3,6,3
"06_UHGtBtCEoaUWRP","itt_fullspec_bn_employed_treat_HD","treat_HD",54,0.0305084745762712,"Decrease",658,1349,658
"06_UHGtBtCEoaUWRP","itt_fullspec_bn_employed_treat_HD","treat_HD",54,0.0305084745762712,"Decrease",656,1345,656
"06_UHGtBtCEoaUWRP","itt_fullspec_bn_employed_treat_HD","treat_HD",54,0.0305084745762712,"Decrease",925,1889,925
"06_UHGtBtCEoaUWRP","itt_fullspec_bn_employed_treat_HD","treat_HD",54,0.0305084745762712,"Decrease",1380,2826,1380
"06_UHGtBtCEoaUWRP","itt_fullspec_bn_employed_treat_HD","treat_HD",54,0.0305084745762712,"Decrease",1112,2273,1112
"06_UHGtBtCEoaUWRP","itt_fullspec_bn_employed_treat_HD","treat_HD",54,0.0305084745762712,"Decrease",1459,2987,1459
"06_UHGtBtCEoaUWRP","itt_fullspec_bn_employed_treat_HD","treat_HD",54,0.0305084745762712,"Decrease",84,173,84
"06_UHGtBtCEoaUWRP","itt_fullspec_bn_employed_treat_HD","treat_HD",54,0.0305084745762712,"Decrease",579,1188,579
"06_UHGtBtCEoaUWRP","itt_fullspec_bn_employed_treat_HD","treat_HD",54,0.0305084745762712,"Decrease",1219,2492,1219
"06_UHGtBtCEoaUWRP","itt_fullspec_bn_employed_treat_HD","treat_HD",54,0.0305084745762712,"Decrease",1754,3586,1754
"06_UHGtBtCEoaUWRP","itt_fullspec_bn_employed_treat_HD","treat_HD",54,0.0305084745762712,"Decrease",22,45,22
"06_UHGtBtCEoaUWRP","itt_fullspec_bn_employed_treat_HD","treat_HD",54,0.0305084745762712,"Decrease",59,120,59
"06_UHGtBtCEoaUWRP","itt_fullspec_bn_employed_treat_HD","treat_HD",54,0.0305084745762712,"Decrease",905,1849,905
"06_UHGtBtCEoaUWRP","itt_fullspec_bn_employed_treat_HD","treat_HD",54,0.0305084745762712,"Decrease",824,1684,824
"06_UHGtBtCEoaUWRP","itt_fullspec_bn_employed_treat_HD","treat_HD",54,0.0305084745762712,"Decrease",862,1762,862
"06_UHGtBtCEoaUWRP","itt_fullspec_bn_employed_treat_HD","treat_HD",54,0.0305084745762712,"Decrease",1228,2511,1228
"06_UHGtBtCEoaUWRP","itt_fullspec_bn_employed_treat_HD","treat_HD",54,0.0305084745762712,"Decrease",790,1616,790
"06_UHGtBtCEoaUWRP","itt_fullspec_bn_employed_treat_HD","treat_HD",54,0.0305084745762712,"Decrease",289,594,289
"06_UHGtBtCEoaUWRP","itt_fullspec_bn_employed_treat_HD","treat_HD",54,0.0305084745762712,"Decrease",1492,3055,1492
"06_UHGtBtCEoaUWRP","itt_fullspec_bn_employed_treat_HD","treat_HD",54,0.0305084745762712,"Decrease",1507,3085,1507
"06_UHGtBtCEoaUWRP","itt_fullspec_bn_employed_treat_HD","treat_HD",54,0.0305084745762712,"Decrease",1568,3207,1568
"06_UHGtBtCEoaUWRP","itt_fullspec_bn_employed_treat_HD","treat_HD",54,0.0305084745762712,"Decrease",246,505,246
"06_UHGtBtCEoaUWRP","itt_fullspec_bn_employed_treat_HD","treat_HD",54,0.0305084745762712,"Decrease",1097,2242,1097
"06_UHGtBtCEoaUWRP","itt_fullspec_bn_employed_treat_HD","treat_HD",54,0.0305084745762712,"Decrease",1629,3332,1629
"06_UHGtBtCEoaUWRP","itt_fullspec_bn_employed_treat_HD","treat_HD",55,0.0310734463276836,"Decrease",1691,3458,1691
"06_UHGtBtCEoaUWRP","itt_fullspec_bn_employed_treat_HD","treat_HD",55,0.0310734463276836,"Decrease",1679,3434,1679
"06_UHGtBtCEoaUWRP","itt_fullspec_bn_employed_treat_HD","treat_HD",55,0.0310734463276836,"Decrease",932,1903,932
"06_UHGtBtCEoaUWRP","itt_fullspec_bn_employed_treat_HD","treat_HD",55,0.0310734463276836,"Decrease",1053,2152,1053
"06_UHGtBtCEoaUWRP","itt_fullspec_bn_employed_treat_HD","treat_HD",55,0.0310734463276836,"Decrease",1655,3386,1655
"06_UHGtBtCEoaUWRP","itt_fullspec_bn_employed_treat_HD","treat_HD",55,0.0310734463276836,"Decrease",1712,3500,1712
"06_UHGtBtCEoaUWRP","itt_fullspec_bn_employed_treat_HD","treat_HD",55,0.0310734463276836,"Decrease",1591,3255,1591
"06_UHGtBtCEoaUWRP","itt_fullspec_bn_employed_treat_HD","treat_HD",55,0.0310734463276836,"Decrease",836,1708,836
"06_UHGtBtCEoaUWRP","itt_fullspec_bn_employed_treat_HD","treat_HD",55,0.0310734463276836,"Decrease",995,2032,995
"06_UHGtBtCEoaUWRP","itt_fullspec_bn_employed_treat_HD","treat_HD",55,0.0310734463276836,"Decrease",1531,3133,1531
"06_UHGtBtCEoaUWRP","itt_fullspec_bn_employed_treat_HD","treat_HD",55,0.0310734463276836,"Decrease",74,151,74
"06_UHGtBtCEoaUWRP","itt_fullspec_bn_employed_treat_HD","treat_HD",55,0.0310734463276836,"Decrease",942,1923,942
"06_UHGtBtCEoaUWRP","itt_fullspec_bn_employed_treat_HD","treat_HD",55,0.0310734463276836,"Decrease",1496,3063,1496
"06_UHGtBtCEoaUWRP","itt_fullspec_bn_employed_treat_HD","treat_HD",55,0.0310734463276836,"Decrease",1678,3432,1678
"06_UHGtBtCEoaUWRP","itt_fullspec_bn_employed_treat_HD","treat_HD",55,0.0310734463276836,"Decrease",565,1159,565
"06_UHGtBtCEoaUWRP","itt_fullspec_bn_employed_treat_HD","treat_HD",55,0.0310734463276836,"Decrease",1389,2844,1389
"06_UHGtBtCEoaUWRP","itt_fullspec_bn_employed_treat_HD","treat_HD",55,0.0310734463276836,"Decrease",78,159,78
"06_UHGtBtCEoaUWRP","itt_fullspec_bn_employed_treat_HD","treat_HD",55,0.0310734463276836,"Decrease",1641,3356,1641
"06_UHGtBtCEoaUWRP","itt_fullspec_bn_employed_treat_HD","treat_HD",55,0.0310734463276836,"Decrease",172,356,172
"06_UHGtBtCEoaUWRP","itt_fullspec_bn_employed_treat_HD","treat_HD",55,0.0310734463276836,"Decrease",940,1919,940
"06_UHGtBtCEoaUWRP","itt_fullspec_bn_employed_treat_HD","treat_HD",55,0.0310734463276836,"Decrease",1073,2194,1073
"06_UHGtBtCEoaUWRP","itt_fullspec_bn_employed_treat_HD","treat_HD",55,0.0310734463276836,"Decrease",1095,2238,1095
"06_UHGtBtCEoaUWRP","itt_fullspec_bn_employed_treat_HD","treat_HD",55,0.0310734463276836,"Decrease",1708,3492,1708
"06_UHGtBtCEoaUWRP","itt_fullspec_bn_employed_treat_HD","treat_HD",55,0.0310734463276836,"Decrease",444,912,444
"06_UHGtBtCEoaUWRP","itt_fullspec_bn_employed_treat_HD","treat_HD",55,0.0310734463276836,"Decrease",489,1004,489
"06_UHGtBtCEoaUWRP","itt_fullspec_bn_employed_treat_HD","treat_HD",55,0.0310734463276836,"Decrease",971,1983,971
"06_UHGtBtCEoaUWRP","itt_fullspec_bn_employed_treat_HD","treat_HD",55,0.0310734463276836,"Decrease",616,1264,616
"06_UHGtBtCEoaUWRP","itt_fullspec_bn_employed_treat_HD","treat_HD",55,0.0310734463276836,"Decrease",686,1405,686
"06_UHGtBtCEoaUWRP","itt_fullspec_bn_employed_treat_HD","treat_HD",55,0.0310734463276836,"Decrease",1715,3506,1715
"06_UHGtBtCEoaUWRP","itt_fullspec_bn_employed_treat_HD","treat_HD",55,0.0310734463276836,"Decrease",658,1349,658
"06_UHGtBtCEoaUWRP","itt_fullspec_bn_employed_treat_HD","treat_HD",55,0.0310734463276836,"Decrease",3,6,3
"06_UHGtBtCEoaUWRP","itt_fullspec_bn_employed_treat_HD","treat_HD",55,0.0310734463276836,"Decrease",656,1345,656
"06_UHGtBtCEoaUWRP","itt_fullspec_bn_employed_treat_HD","treat_HD",55,0.0310734463276836,"Decrease",925,1889,925
"06_UHGtBtCEoaUWRP","itt_fullspec_bn_employed_treat_HD","treat_HD",55,0.0310734463276836,"Decrease",1380,2826,1380
"06_UHGtBtCEoaUWRP","itt_fullspec_bn_employed_treat_HD","treat_HD",55,0.0310734463276836,"Decrease",1112,2273,1112
"06_UHGtBtCEoaUWRP","itt_fullspec_bn_employed_treat_HD","treat_HD",55,0.0310734463276836,"Decrease",1459,2987,1459
"06_UHGtBtCEoaUWRP","itt_fullspec_bn_employed_treat_HD","treat_HD",55,0.0310734463276836,"Decrease",84,173,84
"06_UHGtBtCEoaUWRP","itt_fullspec_bn_employed_treat_HD","treat_HD",55,0.0310734463276836,"Decrease",579,1188,579
"06_UHGtBtCEoaUWRP","itt_fullspec_bn_employed_treat_HD","treat_HD",55,0.0310734463276836,"Decrease",1219,2492,1219
"06_UHGtBtCEoaUWRP","itt_fullspec_bn_employed_treat_HD","treat_HD",55,0.0310734463276836,"Decrease",1754,3586,1754
"06_UHGtBtCEoaUWRP","itt_fullspec_bn_employed_treat_HD","treat_HD",55,0.0310734463276836,"Decrease",22,45,22
"06_UHGtBtCEoaUWRP","itt_fullspec_bn_employed_treat_HD","treat_HD",55,0.0310734463276836,"Decrease",59,120,59
"06_UHGtBtCEoaUWRP","itt_fullspec_bn_employed_treat_HD","treat_HD",55,0.0310734463276836,"Decrease",905,1849,905
"06_UHGtBtCEoaUWRP","itt_fullspec_bn_employed_treat_HD","treat_HD",55,0.0310734463276836,"Decrease",824,1684,824
"06_UHGtBtCEoaUWRP","itt_fullspec_bn_employed_treat_HD","treat_HD",55,0.0310734463276836,"Decrease",862,1762,862
"06_UHGtBtCEoaUWRP","itt_fullspec_bn_employed_treat_HD","treat_HD",55,0.0310734463276836,"Decrease",1228,2511,1228
"06_UHGtBtCEoaUWRP","itt_fullspec_bn_employed_treat_HD","treat_HD",55,0.0310734463276836,"Decrease",790,1616,790
"06_UHGtBtCEoaUWRP","itt_fullspec_bn_employed_treat_HD","treat_HD",55,0.0310734463276836,"Decrease",289,594,289
"06_UHGtBtCEoaUWRP","itt_fullspec_bn_employed_treat_HD","treat_HD",55,0.0310734463276836,"Decrease",1492,3055,1492
"06_UHGtBtCEoaUWRP","itt_fullspec_bn_employed_treat_HD","treat_HD",55,0.0310734463276836,"Decrease",1507,3085,1507
"06_UHGtBtCEoaUWRP","itt_fullspec_bn_employed_treat_HD","treat_HD",55,0.0310734463276836,"Decrease",1568,3207,1568
"06_UHGtBtCEoaUWRP","itt_fullspec_bn_employed_treat_HD","treat_HD",55,0.0310734463276836,"Decrease",246,505,246
"06_UHGtBtCEoaUWRP","itt_fullspec_bn_employed_treat_HD","treat_HD",55,0.0310734463276836,"Decrease",1097,2242,1097
"06_UHGtBtCEoaUWRP","itt_fullspec_bn_employed_treat_HD","treat_HD",55,0.0310734463276836,"Decrease",1629,3332,1629
"06_UHGtBtCEoaUWRP","itt_fullspec_bn_employed_treat_HD","treat_HD",55,0.0310734463276836,"Decrease",61,124,61
"06_UHGtBtCEoaUWRP","itt_fullspec_bn_employed_treat_HD","treat_HD",56,0.031638418079096,"Decrease",1691,3458,1691
"06_UHGtBtCEoaUWRP","itt_fullspec_bn_employed_treat_HD","treat_HD",56,0.031638418079096,"Decrease",1679,3434,1679
"06_UHGtBtCEoaUWRP","itt_fullspec_bn_employed_treat_HD","treat_HD",56,0.031638418079096,"Decrease",932,1903,932
"06_UHGtBtCEoaUWRP","itt_fullspec_bn_employed_treat_HD","treat_HD",56,0.031638418079096,"Decrease",1053,2152,1053
"06_UHGtBtCEoaUWRP","itt_fullspec_bn_employed_treat_HD","treat_HD",56,0.031638418079096,"Decrease",1655,3386,1655
"06_UHGtBtCEoaUWRP","itt_fullspec_bn_employed_treat_HD","treat_HD",56,0.031638418079096,"Decrease",1712,3500,1712
"06_UHGtBtCEoaUWRP","itt_fullspec_bn_employed_treat_HD","treat_HD",56,0.031638418079096,"Decrease",1591,3255,1591
"06_UHGtBtCEoaUWRP","itt_fullspec_bn_employed_treat_HD","treat_HD",56,0.031638418079096,"Decrease",836,1708,836
"06_UHGtBtCEoaUWRP","itt_fullspec_bn_employed_treat_HD","treat_HD",56,0.031638418079096,"Decrease",995,2032,995
"06_UHGtBtCEoaUWRP","itt_fullspec_bn_employed_treat_HD","treat_HD",56,0.031638418079096,"Decrease",1531,3133,1531
"06_UHGtBtCEoaUWRP","itt_fullspec_bn_employed_treat_HD","treat_HD",56,0.031638418079096,"Decrease",74,151,74
"06_UHGtBtCEoaUWRP","itt_fullspec_bn_employed_treat_HD","treat_HD",56,0.031638418079096,"Decrease",942,1923,942
"06_UHGtBtCEoaUWRP","itt_fullspec_bn_employed_treat_HD","treat_HD",56,0.031638418079096,"Decrease",1496,3063,1496
"06_UHGtBtCEoaUWRP","itt_fullspec_bn_employed_treat_HD","treat_HD",56,0.031638418079096,"Decrease",1678,3432,1678
"06_UHGtBtCEoaUWRP","itt_fullspec_bn_employed_treat_HD","treat_HD",56,0.031638418079096,"Decrease",565,1159,565
"06_UHGtBtCEoaUWRP","itt_fullspec_bn_employed_treat_HD","treat_HD",56,0.031638418079096,"Decrease",1389,2844,1389
"06_UHGtBtCEoaUWRP","itt_fullspec_bn_employed_treat_HD","treat_HD",56,0.031638418079096,"Decrease",78,159,78
"06_UHGtBtCEoaUWRP","itt_fullspec_bn_employed_treat_HD","treat_HD",56,0.031638418079096,"Decrease",1641,3356,1641
"06_UHGtBtCEoaUWRP","itt_fullspec_bn_employed_treat_HD","treat_HD",56,0.031638418079096,"Decrease",172,356,172
"06_UHGtBtCEoaUWRP","itt_fullspec_bn_employed_treat_HD","treat_HD",56,0.031638418079096,"Decrease",940,1919,940
"06_UHGtBtCEoaUWRP","itt_fullspec_bn_employed_treat_HD","treat_HD",56,0.031638418079096,"Decrease",1073,2194,1073
"06_UHGtBtCEoaUWRP","itt_fullspec_bn_employed_treat_HD","treat_HD",56,0.031638418079096,"Decrease",1095,2238,1095
"06_UHGtBtCEoaUWRP","itt_fullspec_bn_employed_treat_HD","treat_HD",56,0.031638418079096,"Decrease",1708,3492,1708
"06_UHGtBtCEoaUWRP","itt_fullspec_bn_employed_treat_HD","treat_HD",56,0.031638418079096,"Decrease",444,912,444
"06_UHGtBtCEoaUWRP","itt_fullspec_bn_employed_treat_HD","treat_HD",56,0.031638418079096,"Decrease",489,1004,489
"06_UHGtBtCEoaUWRP","itt_fullspec_bn_employed_treat_HD","treat_HD",56,0.031638418079096,"Decrease",971,1983,971
"06_UHGtBtCEoaUWRP","itt_fullspec_bn_employed_treat_HD","treat_HD",56,0.031638418079096,"Decrease",616,1264,616
"06_UHGtBtCEoaUWRP","itt_fullspec_bn_employed_treat_HD","treat_HD",56,0.031638418079096,"Decrease",686,1405,686
"06_UHGtBtCEoaUWRP","itt_fullspec_bn_employed_treat_HD","treat_HD",56,0.031638418079096,"Decrease",1715,3506,1715
"06_UHGtBtCEoaUWRP","itt_fullspec_bn_employed_treat_HD","treat_HD",56,0.031638418079096,"Decrease",658,1349,658
"06_UHGtBtCEoaUWRP","itt_fullspec_bn_employed_treat_HD","treat_HD",56,0.031638418079096,"Decrease",3,6,3
"06_UHGtBtCEoaUWRP","itt_fullspec_bn_employed_treat_HD","treat_HD",56,0.031638418079096,"Decrease",656,1345,656
"06_UHGtBtCEoaUWRP","itt_fullspec_bn_employed_treat_HD","treat_HD",56,0.031638418079096,"Decrease",925,1889,925
"06_UHGtBtCEoaUWRP","itt_fullspec_bn_employed_treat_HD","treat_HD",56,0.031638418079096,"Decrease",1380,2826,1380
"06_UHGtBtCEoaUWRP","itt_fullspec_bn_employed_treat_HD","treat_HD",56,0.031638418079096,"Decrease",1112,2273,1112
"06_UHGtBtCEoaUWRP","itt_fullspec_bn_employed_treat_HD","treat_HD",56,0.031638418079096,"Decrease",1459,2987,1459
"06_UHGtBtCEoaUWRP","itt_fullspec_bn_employed_treat_HD","treat_HD",56,0.031638418079096,"Decrease",579,1188,579
"06_UHGtBtCEoaUWRP","itt_fullspec_bn_employed_treat_HD","treat_HD",56,0.031638418079096,"Decrease",84,173,84
"06_UHGtBtCEoaUWRP","itt_fullspec_bn_employed_treat_HD","treat_HD",56,0.031638418079096,"Decrease",1219,2492,1219
"06_UHGtBtCEoaUWRP","itt_fullspec_bn_employed_treat_HD","treat_HD",56,0.031638418079096,"Decrease",1754,3586,1754
"06_UHGtBtCEoaUWRP","itt_fullspec_bn_employed_treat_HD","treat_HD",56,0.031638418079096,"Decrease",59,120,59
"06_UHGtBtCEoaUWRP","itt_fullspec_bn_employed_treat_HD","treat_HD",56,0.031638418079096,"Decrease",22,45,22
"06_UHGtBtCEoaUWRP","itt_fullspec_bn_employed_treat_HD","treat_HD",56,0.031638418079096,"Decrease",905,1849,905
"06_UHGtBtCEoaUWRP","itt_fullspec_bn_employed_treat_HD","treat_HD",56,0.031638418079096,"Decrease",862,1762,862
"06_UHGtBtCEoaUWRP","itt_fullspec_bn_employed_treat_HD","treat_HD",56,0.031638418079096,"Decrease",824,1684,824
"06_UHGtBtCEoaUWRP","itt_fullspec_bn_employed_treat_HD","treat_HD",56,0.031638418079096,"Decrease",1228,2511,1228
"06_UHGtBtCEoaUWRP","itt_fullspec_bn_employed_treat_HD","treat_HD",56,0.031638418079096,"Decrease",790,1616,790
"06_UHGtBtCEoaUWRP","itt_fullspec_bn_employed_treat_HD","treat_HD",56,0.031638418079096,"Decrease",289,594,289
"06_UHGtBtCEoaUWRP","itt_fullspec_bn_employed_treat_HD","treat_HD",56,0.031638418079096,"Decrease",1507,3085,1507
"06_UHGtBtCEoaUWRP","itt_fullspec_bn_employed_treat_HD","treat_HD",56,0.031638418079096,"Decrease",1492,3055,1492
"06_UHGtBtCEoaUWRP","itt_fullspec_bn_employed_treat_HD","treat_HD",56,0.031638418079096,"Decrease",1568,3207,1568
"06_UHGtBtCEoaUWRP","itt_fullspec_bn_employed_treat_HD","treat_HD",56,0.031638418079096,"Decrease",246,505,246
"06_UHGtBtCEoaUWRP","itt_fullspec_bn_employed_treat_HD","treat_HD",56,0.031638418079096,"Decrease",1097,2242,1097
"06_UHGtBtCEoaUWRP","itt_fullspec_bn_employed_treat_HD","treat_HD",56,0.031638418079096,"Decrease",1629,3332,1629
"06_UHGtBtCEoaUWRP","itt_fullspec_bn_employed_treat_HD","treat_HD",56,0.031638418079096,"Decrease",61,124,61
"06_UHGtBtCEoaUWRP","itt_fullspec_bn_employed_treat_HD","treat_HD",56,0.031638418079096,"Decrease",114,237,114
"06_UHGtBtCEoaUWRP","itt_fullspec_bn_employed_treat_HD","treat_HD",57,0.0322033898305085,"Decrease",1691,3458,1691
"06_UHGtBtCEoaUWRP","itt_fullspec_bn_employed_treat_HD","treat_HD",57,0.0322033898305085,"Decrease",1679,3434,1679
"06_UHGtBtCEoaUWRP","itt_fullspec_bn_employed_treat_HD","treat_HD",57,0.0322033898305085,"Decrease",932,1903,932
"06_UHGtBtCEoaUWRP","itt_fullspec_bn_employed_treat_HD","treat_HD",57,0.0322033898305085,"Decrease",1053,2152,1053
"06_UHGtBtCEoaUWRP","itt_fullspec_bn_employed_treat_HD","treat_HD",57,0.0322033898305085,"Decrease",1655,3386,1655
"06_UHGtBtCEoaUWRP","itt_fullspec_bn_employed_treat_HD","treat_HD",57,0.0322033898305085,"Decrease",1712,3500,1712
"06_UHGtBtCEoaUWRP","itt_fullspec_bn_employed_treat_HD","treat_HD",57,0.0322033898305085,"Decrease",1591,3255,1591
"06_UHGtBtCEoaUWRP","itt_fullspec_bn_employed_treat_HD","treat_HD",57,0.0322033898305085,"Decrease",836,1708,836
"06_UHGtBtCEoaUWRP","itt_fullspec_bn_employed_treat_HD","treat_HD",57,0.0322033898305085,"Decrease",995,2032,995
"06_UHGtBtCEoaUWRP","itt_fullspec_bn_employed_treat_HD","treat_HD",57,0.0322033898305085,"Decrease",1531,3133,1531
"06_UHGtBtCEoaUWRP","itt_fullspec_bn_employed_treat_HD","treat_HD",57,0.0322033898305085,"Decrease",74,151,74
"06_UHGtBtCEoaUWRP","itt_fullspec_bn_employed_treat_HD","treat_HD",57,0.0322033898305085,"Decrease",942,1923,942
"06_UHGtBtCEoaUWRP","itt_fullspec_bn_employed_treat_HD","treat_HD",57,0.0322033898305085,"Decrease",1496,3063,1496
"06_UHGtBtCEoaUWRP","itt_fullspec_bn_employed_treat_HD","treat_HD",57,0.0322033898305085,"Decrease",1678,3432,1678
"06_UHGtBtCEoaUWRP","itt_fullspec_bn_employed_treat_HD","treat_HD",57,0.0322033898305085,"Decrease",565,1159,565
"06_UHGtBtCEoaUWRP","itt_fullspec_bn_employed_treat_HD","treat_HD",57,0.0322033898305085,"Decrease",1389,2844,1389
"06_UHGtBtCEoaUWRP","itt_fullspec_bn_employed_treat_HD","treat_HD",57,0.0322033898305085,"Decrease",78,159,78
"06_UHGtBtCEoaUWRP","itt_fullspec_bn_employed_treat_HD","treat_HD",57,0.0322033898305085,"Decrease",1641,3356,1641
"06_UHGtBtCEoaUWRP","itt_fullspec_bn_employed_treat_HD","treat_HD",57,0.0322033898305085,"Decrease",172,356,172
"06_UHGtBtCEoaUWRP","itt_fullspec_bn_employed_treat_HD","treat_HD",57,0.0322033898305085,"Decrease",940,1919,940
"06_UHGtBtCEoaUWRP","itt_fullspec_bn_employed_treat_HD","treat_HD",57,0.0322033898305085,"Decrease",1073,2194,1073
"06_UHGtBtCEoaUWRP","itt_fullspec_bn_employed_treat_HD","treat_HD",57,0.0322033898305085,"Decrease",1095,2238,1095
"06_UHGtBtCEoaUWRP","itt_fullspec_bn_employed_treat_HD","treat_HD",57,0.0322033898305085,"Decrease",1708,3492,1708
"06_UHGtBtCEoaUWRP","itt_fullspec_bn_employed_treat_HD","treat_HD",57,0.0322033898305085,"Decrease",444,912,444
"06_UHGtBtCEoaUWRP","itt_fullspec_bn_employed_treat_HD","treat_HD",57,0.0322033898305085,"Decrease",489,1004,489
"06_UHGtBtCEoaUWRP","itt_fullspec_bn_employed_treat_HD","treat_HD",57,0.0322033898305085,"Decrease",971,1983,971
"06_UHGtBtCEoaUWRP","itt_fullspec_bn_employed_treat_HD","treat_HD",57,0.0322033898305085,"Decrease",616,1264,616
"06_UHGtBtCEoaUWRP","itt_fullspec_bn_employed_treat_HD","treat_HD",57,0.0322033898305085,"Decrease",686,1405,686
"06_UHGtBtCEoaUWRP","itt_fullspec_bn_employed_treat_HD","treat_HD",57,0.0322033898305085,"Decrease",1715,3506,1715
"06_UHGtBtCEoaUWRP","itt_fullspec_bn_employed_treat_HD","treat_HD",57,0.0322033898305085,"Decrease",658,1349,658
"06_UHGtBtCEoaUWRP","itt_fullspec_bn_employed_treat_HD","treat_HD",57,0.0322033898305085,"Decrease",3,6,3
"06_UHGtBtCEoaUWRP","itt_fullspec_bn_employed_treat_HD","treat_HD",57,0.0322033898305085,"Decrease",656,1345,656
"06_UHGtBtCEoaUWRP","itt_fullspec_bn_employed_treat_HD","treat_HD",57,0.0322033898305085,"Decrease",925,1889,925
"06_UHGtBtCEoaUWRP","itt_fullspec_bn_employed_treat_HD","treat_HD",57,0.0322033898305085,"Decrease",1380,2826,1380
"06_UHGtBtCEoaUWRP","itt_fullspec_bn_employed_treat_HD","treat_HD",57,0.0322033898305085,"Decrease",1112,2273,1112
"06_UHGtBtCEoaUWRP","itt_fullspec_bn_employed_treat_HD","treat_HD",57,0.0322033898305085,"Decrease",1459,2987,1459
"06_UHGtBtCEoaUWRP","itt_fullspec_bn_employed_treat_HD","treat_HD",57,0.0322033898305085,"Decrease",579,1188,579
"06_UHGtBtCEoaUWRP","itt_fullspec_bn_employed_treat_HD","treat_HD",57,0.0322033898305085,"Decrease",84,173,84
"06_UHGtBtCEoaUWRP","itt_fullspec_bn_employed_treat_HD","treat_HD",57,0.0322033898305085,"Decrease",1219,2492,1219
"06_UHGtBtCEoaUWRP","itt_fullspec_bn_employed_treat_HD","treat_HD",57,0.0322033898305085,"Decrease",1754,3586,1754
"06_UHGtBtCEoaUWRP","itt_fullspec_bn_employed_treat_HD","treat_HD",57,0.0322033898305085,"Decrease",59,120,59
"06_UHGtBtCEoaUWRP","itt_fullspec_bn_employed_treat_HD","treat_HD",57,0.0322033898305085,"Decrease",22,45,22
"06_UHGtBtCEoaUWRP","itt_fullspec_bn_employed_treat_HD","treat_HD",57,0.0322033898305085,"Decrease",905,1849,905
"06_UHGtBtCEoaUWRP","itt_fullspec_bn_employed_treat_HD","treat_HD",57,0.0322033898305085,"Decrease",862,1762,862
"06_UHGtBtCEoaUWRP","itt_fullspec_bn_employed_treat_HD","treat_HD",57,0.0322033898305085,"Decrease",824,1684,824
"06_UHGtBtCEoaUWRP","itt_fullspec_bn_employed_treat_HD","treat_HD",57,0.0322033898305085,"Decrease",1228,2511,1228
"06_UHGtBtCEoaUWRP","itt_fullspec_bn_employed_treat_HD","treat_HD",57,0.0322033898305085,"Decrease",790,1616,790
"06_UHGtBtCEoaUWRP","itt_fullspec_bn_employed_treat_HD","treat_HD",57,0.0322033898305085,"Decrease",289,594,289
"06_UHGtBtCEoaUWRP","itt_fullspec_bn_employed_treat_HD","treat_HD",57,0.0322033898305085,"Decrease",1507,3085,1507
"06_UHGtBtCEoaUWRP","itt_fullspec_bn_employed_treat_HD","treat_HD",57,0.0322033898305085,"Decrease",1492,3055,1492
"06_UHGtBtCEoaUWRP","itt_fullspec_bn_employed_treat_HD","treat_HD",57,0.0322033898305085,"Decrease",1568,3207,1568
"06_UHGtBtCEoaUWRP","itt_fullspec_bn_employed_treat_HD","treat_HD",57,0.0322033898305085,"Decrease",246,505,246
"06_UHGtBtCEoaUWRP","itt_fullspec_bn_employed_treat_HD","treat_HD",57,0.0322033898305085,"Decrease",1097,2242,1097
"06_UHGtBtCEoaUWRP","itt_fullspec_bn_employed_treat_HD","treat_HD",57,0.0322033898305085,"Decrease",1629,3332,1629
"06_UHGtBtCEoaUWRP","itt_fullspec_bn_employed_treat_HD","treat_HD",57,0.0322033898305085,"Decrease",61,124,61
"06_UHGtBtCEoaUWRP","itt_fullspec_bn_employed_treat_HD","treat_HD",57,0.0322033898305085,"Decrease",634,1300,634
"06_UHGtBtCEoaUWRP","itt_fullspec_bn_employed_treat_HD","treat_HD",57,0.0322033898305085,"Decrease",114,237,114
"06_UHGtBtCEoaUWRP","itt_fullspec_bn_employed_treat_HD","treat_HD",58,0.0327683615819209,"Decrease",1691,3458,1691
"06_UHGtBtCEoaUWRP","itt_fullspec_bn_employed_treat_HD","treat_HD",58,0.0327683615819209,"Decrease",1679,3434,1679
"06_UHGtBtCEoaUWRP","itt_fullspec_bn_employed_treat_HD","treat_HD",58,0.0327683615819209,"Decrease",932,1903,932
"06_UHGtBtCEoaUWRP","itt_fullspec_bn_employed_treat_HD","treat_HD",58,0.0327683615819209,"Decrease",1053,2152,1053
"06_UHGtBtCEoaUWRP","itt_fullspec_bn_employed_treat_HD","treat_HD",58,0.0327683615819209,"Decrease",1655,3386,1655
"06_UHGtBtCEoaUWRP","itt_fullspec_bn_employed_treat_HD","treat_HD",58,0.0327683615819209,"Decrease",1712,3500,1712
"06_UHGtBtCEoaUWRP","itt_fullspec_bn_employed_treat_HD","treat_HD",58,0.0327683615819209,"Decrease",1591,3255,1591
"06_UHGtBtCEoaUWRP","itt_fullspec_bn_employed_treat_HD","treat_HD",58,0.0327683615819209,"Decrease",836,1708,836
"06_UHGtBtCEoaUWRP","itt_fullspec_bn_employed_treat_HD","treat_HD",58,0.0327683615819209,"Decrease",1531,3133,1531
"06_UHGtBtCEoaUWRP","itt_fullspec_bn_employed_treat_HD","treat_HD",58,0.0327683615819209,"Decrease",995,2032,995
"06_UHGtBtCEoaUWRP","itt_fullspec_bn_employed_treat_HD","treat_HD",58,0.0327683615819209,"Decrease",74,151,74
"06_UHGtBtCEoaUWRP","itt_fullspec_bn_employed_treat_HD","treat_HD",58,0.0327683615819209,"Decrease",942,1923,942
"06_UHGtBtCEoaUWRP","itt_fullspec_bn_employed_treat_HD","treat_HD",58,0.0327683615819209,"Decrease",1496,3063,1496
"06_UHGtBtCEoaUWRP","itt_fullspec_bn_employed_treat_HD","treat_HD",58,0.0327683615819209,"Decrease",1678,3432,1678
"06_UHGtBtCEoaUWRP","itt_fullspec_bn_employed_treat_HD","treat_HD",58,0.0327683615819209,"Decrease",565,1159,565
"06_UHGtBtCEoaUWRP","itt_fullspec_bn_employed_treat_HD","treat_HD",58,0.0327683615819209,"Decrease",1389,2844,1389
"06_UHGtBtCEoaUWRP","itt_fullspec_bn_employed_treat_HD","treat_HD",58,0.0327683615819209,"Decrease",78,159,78
"06_UHGtBtCEoaUWRP","itt_fullspec_bn_employed_treat_HD","treat_HD",58,0.0327683615819209,"Decrease",1641,3356,1641
"06_UHGtBtCEoaUWRP","itt_fullspec_bn_employed_treat_HD","treat_HD",58,0.0327683615819209,"Decrease",172,356,172
"06_UHGtBtCEoaUWRP","itt_fullspec_bn_employed_treat_HD","treat_HD",58,0.0327683615819209,"Decrease",940,1919,940
"06_UHGtBtCEoaUWRP","itt_fullspec_bn_employed_treat_HD","treat_HD",58,0.0327683615819209,"Decrease",1073,2194,1073
"06_UHGtBtCEoaUWRP","itt_fullspec_bn_employed_treat_HD","treat_HD",58,0.0327683615819209,"Decrease",1095,2238,1095
"06_UHGtBtCEoaUWRP","itt_fullspec_bn_employed_treat_HD","treat_HD",58,0.0327683615819209,"Decrease",1708,3492,1708
"06_UHGtBtCEoaUWRP","itt_fullspec_bn_employed_treat_HD","treat_HD",58,0.0327683615819209,"Decrease",444,912,444
"06_UHGtBtCEoaUWRP","itt_fullspec_bn_employed_treat_HD","treat_HD",58,0.0327683615819209,"Decrease",489,1004,489
"06_UHGtBtCEoaUWRP","itt_fullspec_bn_employed_treat_HD","treat_HD",58,0.0327683615819209,"Decrease",971,1983,971
"06_UHGtBtCEoaUWRP","itt_fullspec_bn_employed_treat_HD","treat_HD",58,0.0327683615819209,"Decrease",616,1264,616
"06_UHGtBtCEoaUWRP","itt_fullspec_bn_employed_treat_HD","treat_HD",58,0.0327683615819209,"Decrease",686,1405,686
"06_UHGtBtCEoaUWRP","itt_fullspec_bn_employed_treat_HD","treat_HD",58,0.0327683615819209,"Decrease",1715,3506,1715
"06_UHGtBtCEoaUWRP","itt_fullspec_bn_employed_treat_HD","treat_HD",58,0.0327683615819209,"Decrease",658,1349,658
"06_UHGtBtCEoaUWRP","itt_fullspec_bn_employed_treat_HD","treat_HD",58,0.0327683615819209,"Decrease",3,6,3
"06_UHGtBtCEoaUWRP","itt_fullspec_bn_employed_treat_HD","treat_HD",58,0.0327683615819209,"Decrease",656,1345,656
"06_UHGtBtCEoaUWRP","itt_fullspec_bn_employed_treat_HD","treat_HD",58,0.0327683615819209,"Decrease",925,1889,925
"06_UHGtBtCEoaUWRP","itt_fullspec_bn_employed_treat_HD","treat_HD",58,0.0327683615819209,"Decrease",1380,2826,1380
"06_UHGtBtCEoaUWRP","itt_fullspec_bn_employed_treat_HD","treat_HD",58,0.0327683615819209,"Decrease",1112,2273,1112
"06_UHGtBtCEoaUWRP","itt_fullspec_bn_employed_treat_HD","treat_HD",58,0.0327683615819209,"Decrease",1459,2987,1459
"06_UHGtBtCEoaUWRP","itt_fullspec_bn_employed_treat_HD","treat_HD",58,0.0327683615819209,"Decrease",579,1188,579
"06_UHGtBtCEoaUWRP","itt_fullspec_bn_employed_treat_HD","treat_HD",58,0.0327683615819209,"Decrease",84,173,84
"06_UHGtBtCEoaUWRP","itt_fullspec_bn_employed_treat_HD","treat_HD",58,0.0327683615819209,"Decrease",1219,2492,1219
"06_UHGtBtCEoaUWRP","itt_fullspec_bn_employed_treat_HD","treat_HD",58,0.0327683615819209,"Decrease",1754,3586,1754
"06_UHGtBtCEoaUWRP","itt_fullspec_bn_employed_treat_HD","treat_HD",58,0.0327683615819209,"Decrease",59,120,59
"06_UHGtBtCEoaUWRP","itt_fullspec_bn_employed_treat_HD","treat_HD",58,0.0327683615819209,"Decrease",22,45,22
"06_UHGtBtCEoaUWRP","itt_fullspec_bn_employed_treat_HD","treat_HD",58,0.0327683615819209,"Decrease",905,1849,905
"06_UHGtBtCEoaUWRP","itt_fullspec_bn_employed_treat_HD","treat_HD",58,0.0327683615819209,"Decrease",862,1762,862
"06_UHGtBtCEoaUWRP","itt_fullspec_bn_employed_treat_HD","treat_HD",58,0.0327683615819209,"Decrease",824,1684,824
"06_UHGtBtCEoaUWRP","itt_fullspec_bn_employed_treat_HD","treat_HD",58,0.0327683615819209,"Decrease",790,1616,790
"06_UHGtBtCEoaUWRP","itt_fullspec_bn_employed_treat_HD","treat_HD",58,0.0327683615819209,"Decrease",1228,2511,1228
"06_UHGtBtCEoaUWRP","itt_fullspec_bn_employed_treat_HD","treat_HD",58,0.0327683615819209,"Decrease",289,594,289
"06_UHGtBtCEoaUWRP","itt_fullspec_bn_employed_treat_HD","treat_HD",58,0.0327683615819209,"Decrease",1507,3085,1507
"06_UHGtBtCEoaUWRP","itt_fullspec_bn_employed_treat_HD","treat_HD",58,0.0327683615819209,"Decrease",1492,3055,1492
"06_UHGtBtCEoaUWRP","itt_fullspec_bn_employed_treat_HD","treat_HD",58,0.0327683615819209,"Decrease",1568,3207,1568
"06_UHGtBtCEoaUWRP","itt_fullspec_bn_employed_treat_HD","treat_HD",58,0.0327683615819209,"Decrease",246,505,246
"06_UHGtBtCEoaUWRP","itt_fullspec_bn_employed_treat_HD","treat_HD",58,0.0327683615819209,"Decrease",1097,2242,1097
"06_UHGtBtCEoaUWRP","itt_fullspec_bn_employed_treat_HD","treat_HD",58,0.0327683615819209,"Decrease",1629,3332,1629
"06_UHGtBtCEoaUWRP","itt_fullspec_bn_employed_treat_HD","treat_HD",58,0.0327683615819209,"Decrease",61,124,61
"06_UHGtBtCEoaUWRP","itt_fullspec_bn_employed_treat_HD","treat_HD",58,0.0327683615819209,"Decrease",634,1300,634
"06_UHGtBtCEoaUWRP","itt_fullspec_bn_employed_treat_HD","treat_HD",58,0.0327683615819209,"Decrease",114,237,114
"06_UHGtBtCEoaUWRP","itt_fullspec_bn_employed_treat_HD","treat_HD",58,0.0327683615819209,"Decrease",350,719,350
"06_UHGtBtCEoaUWRP","itt_fullspec_bn_employed_treat_HD","treat_HD",59,0.0333333333333333,"Decrease",1691,3458,1691
"06_UHGtBtCEoaUWRP","itt_fullspec_bn_employed_treat_HD","treat_HD",59,0.0333333333333333,"Decrease",1679,3434,1679
"06_UHGtBtCEoaUWRP","itt_fullspec_bn_employed_treat_HD","treat_HD",59,0.0333333333333333,"Decrease",932,1903,932
"06_UHGtBtCEoaUWRP","itt_fullspec_bn_employed_treat_HD","treat_HD",59,0.0333333333333333,"Decrease",1053,2152,1053
"06_UHGtBtCEoaUWRP","itt_fullspec_bn_employed_treat_HD","treat_HD",59,0.0333333333333333,"Decrease",1655,3386,1655
"06_UHGtBtCEoaUWRP","itt_fullspec_bn_employed_treat_HD","treat_HD",59,0.0333333333333333,"Decrease",1712,3500,1712
"06_UHGtBtCEoaUWRP","itt_fullspec_bn_employed_treat_HD","treat_HD",59,0.0333333333333333,"Decrease",1591,3255,1591
"06_UHGtBtCEoaUWRP","itt_fullspec_bn_employed_treat_HD","treat_HD",59,0.0333333333333333,"Decrease",836,1708,836
"06_UHGtBtCEoaUWRP","itt_fullspec_bn_employed_treat_HD","treat_HD",59,0.0333333333333333,"Decrease",1531,3133,1531
"06_UHGtBtCEoaUWRP","itt_fullspec_bn_employed_treat_HD","treat_HD",59,0.0333333333333333,"Decrease",995,2032,995
"06_UHGtBtCEoaUWRP","itt_fullspec_bn_employed_treat_HD","treat_HD",59,0.0333333333333333,"Decrease",74,151,74
"06_UHGtBtCEoaUWRP","itt_fullspec_bn_employed_treat_HD","treat_HD",59,0.0333333333333333,"Decrease",942,1923,942
"06_UHGtBtCEoaUWRP","itt_fullspec_bn_employed_treat_HD","treat_HD",59,0.0333333333333333,"Decrease",1496,3063,1496
"06_UHGtBtCEoaUWRP","itt_fullspec_bn_employed_treat_HD","treat_HD",59,0.0333333333333333,"Decrease",1678,3432,1678
"06_UHGtBtCEoaUWRP","itt_fullspec_bn_employed_treat_HD","treat_HD",59,0.0333333333333333,"Decrease",565,1159,565
"06_UHGtBtCEoaUWRP","itt_fullspec_bn_employed_treat_HD","treat_HD",59,0.0333333333333333,"Decrease",1389,2844,1389
"06_UHGtBtCEoaUWRP","itt_fullspec_bn_employed_treat_HD","treat_HD",59,0.0333333333333333,"Decrease",78,159,78
"06_UHGtBtCEoaUWRP","itt_fullspec_bn_employed_treat_HD","treat_HD",59,0.0333333333333333,"Decrease",1641,3356,1641
"06_UHGtBtCEoaUWRP","itt_fullspec_bn_employed_treat_HD","treat_HD",59,0.0333333333333333,"Decrease",172,356,172
"06_UHGtBtCEoaUWRP","itt_fullspec_bn_employed_treat_HD","treat_HD",59,0.0333333333333333,"Decrease",940,1919,940
"06_UHGtBtCEoaUWRP","itt_fullspec_bn_employed_treat_HD","treat_HD",59,0.0333333333333333,"Decrease",1073,2194,1073
"06_UHGtBtCEoaUWRP","itt_fullspec_bn_employed_treat_HD","treat_HD",59,0.0333333333333333,"Decrease",1095,2238,1095
"06_UHGtBtCEoaUWRP","itt_fullspec_bn_employed_treat_HD","treat_HD",59,0.0333333333333333,"Decrease",1708,3492,1708
"06_UHGtBtCEoaUWRP","itt_fullspec_bn_employed_treat_HD","treat_HD",59,0.0333333333333333,"Decrease",444,912,444
"06_UHGtBtCEoaUWRP","itt_fullspec_bn_employed_treat_HD","treat_HD",59,0.0333333333333333,"Decrease",489,1004,489
"06_UHGtBtCEoaUWRP","itt_fullspec_bn_employed_treat_HD","treat_HD",59,0.0333333333333333,"Decrease",971,1983,971
"06_UHGtBtCEoaUWRP","itt_fullspec_bn_employed_treat_HD","treat_HD",59,0.0333333333333333,"Decrease",616,1264,616
"06_UHGtBtCEoaUWRP","itt_fullspec_bn_employed_treat_HD","treat_HD",59,0.0333333333333333,"Decrease",686,1405,686
"06_UHGtBtCEoaUWRP","itt_fullspec_bn_employed_treat_HD","treat_HD",59,0.0333333333333333,"Decrease",1715,3506,1715
"06_UHGtBtCEoaUWRP","itt_fullspec_bn_employed_treat_HD","treat_HD",59,0.0333333333333333,"Decrease",658,1349,658
"06_UHGtBtCEoaUWRP","itt_fullspec_bn_employed_treat_HD","treat_HD",59,0.0333333333333333,"Decrease",3,6,3
"06_UHGtBtCEoaUWRP","itt_fullspec_bn_employed_treat_HD","treat_HD",59,0.0333333333333333,"Decrease",656,1345,656
"06_UHGtBtCEoaUWRP","itt_fullspec_bn_employed_treat_HD","treat_HD",59,0.0333333333333333,"Decrease",925,1889,925
"06_UHGtBtCEoaUWRP","itt_fullspec_bn_employed_treat_HD","treat_HD",59,0.0333333333333333,"Decrease",1380,2826,1380
"06_UHGtBtCEoaUWRP","itt_fullspec_bn_employed_treat_HD","treat_HD",59,0.0333333333333333,"Decrease",1112,2273,1112
"06_UHGtBtCEoaUWRP","itt_fullspec_bn_employed_treat_HD","treat_HD",59,0.0333333333333333,"Decrease",1459,2987,1459
"06_UHGtBtCEoaUWRP","itt_fullspec_bn_employed_treat_HD","treat_HD",59,0.0333333333333333,"Decrease",579,1188,579
"06_UHGtBtCEoaUWRP","itt_fullspec_bn_employed_treat_HD","treat_HD",59,0.0333333333333333,"Decrease",84,173,84
"06_UHGtBtCEoaUWRP","itt_fullspec_bn_employed_treat_HD","treat_HD",59,0.0333333333333333,"Decrease",1219,2492,1219
"06_UHGtBtCEoaUWRP","itt_fullspec_bn_employed_treat_HD","treat_HD",59,0.0333333333333333,"Decrease",1754,3586,1754
"06_UHGtBtCEoaUWRP","itt_fullspec_bn_employed_treat_HD","treat_HD",59,0.0333333333333333,"Decrease",59,120,59
"06_UHGtBtCEoaUWRP","itt_fullspec_bn_employed_treat_HD","treat_HD",59,0.0333333333333333,"Decrease",905,1849,905
"06_UHGtBtCEoaUWRP","itt_fullspec_bn_employed_treat_HD","treat_HD",59,0.0333333333333333,"Decrease",22,45,22
"06_UHGtBtCEoaUWRP","itt_fullspec_bn_employed_treat_HD","treat_HD",59,0.0333333333333333,"Decrease",862,1762,862
"06_UHGtBtCEoaUWRP","itt_fullspec_bn_employed_treat_HD","treat_HD",59,0.0333333333333333,"Decrease",790,1616,790
"06_UHGtBtCEoaUWRP","itt_fullspec_bn_employed_treat_HD","treat_HD",59,0.0333333333333333,"Decrease",824,1684,824
"06_UHGtBtCEoaUWRP","itt_fullspec_bn_employed_treat_HD","treat_HD",59,0.0333333333333333,"Decrease",1228,2511,1228
"06_UHGtBtCEoaUWRP","itt_fullspec_bn_employed_treat_HD","treat_HD",59,0.0333333333333333,"Decrease",289,594,289
"06_UHGtBtCEoaUWRP","itt_fullspec_bn_employed_treat_HD","treat_HD",59,0.0333333333333333,"Decrease",1507,3085,1507
"06_UHGtBtCEoaUWRP","itt_fullspec_bn_employed_treat_HD","treat_HD",59,0.0333333333333333,"Decrease",1492,3055,1492
"06_UHGtBtCEoaUWRP","itt_fullspec_bn_employed_treat_HD","treat_HD",59,0.0333333333333333,"Decrease",1568,3207,1568
"06_UHGtBtCEoaUWRP","itt_fullspec_bn_employed_treat_HD","treat_HD",59,0.0333333333333333,"Decrease",246,505,246
"06_UHGtBtCEoaUWRP","itt_fullspec_bn_employed_treat_HD","treat_HD",59,0.0333333333333333,"Decrease",1097,2242,1097
"06_UHGtBtCEoaUWRP","itt_fullspec_bn_employed_treat_HD","treat_HD",59,0.0333333333333333,"Decrease",1629,3332,1629
"06_UHGtBtCEoaUWRP","itt_fullspec_bn_employed_treat_HD","treat_HD",59,0.0333333333333333,"Decrease",61,124,61
"06_UHGtBtCEoaUWRP","itt_fullspec_bn_employed_treat_HD","treat_HD",59,0.0333333333333333,"Decrease",634,1300,634
"06_UHGtBtCEoaUWRP","itt_fullspec_bn_employed_treat_HD","treat_HD",59,0.0333333333333333,"Decrease",114,237,114
"06_UHGtBtCEoaUWRP","itt_fullspec_bn_employed_treat_HD","treat_HD",59,0.0333333333333333,"Decrease",350,719,350
"06_UHGtBtCEoaUWRP","itt_fullspec_bn_employed_treat_HD","treat_HD",59,0.0333333333333333,"Decrease",538,1104,538
"06_UHGtBtCEoaUWRP","itt_fullspec_bn_employed_treat_HD","treat_HD",60,0.0338983050847458,"Decrease",1691,3458,1691
"06_UHGtBtCEoaUWRP","itt_fullspec_bn_employed_treat_HD","treat_HD",60,0.0338983050847458,"Decrease",1679,3434,1679
"06_UHGtBtCEoaUWRP","itt_fullspec_bn_employed_treat_HD","treat_HD",60,0.0338983050847458,"Decrease",932,1903,932
"06_UHGtBtCEoaUWRP","itt_fullspec_bn_employed_treat_HD","treat_HD",60,0.0338983050847458,"Decrease",1053,2152,1053
"06_UHGtBtCEoaUWRP","itt_fullspec_bn_employed_treat_HD","treat_HD",60,0.0338983050847458,"Decrease",1655,3386,1655
"06_UHGtBtCEoaUWRP","itt_fullspec_bn_employed_treat_HD","treat_HD",60,0.0338983050847458,"Decrease",1712,3500,1712
"06_UHGtBtCEoaUWRP","itt_fullspec_bn_employed_treat_HD","treat_HD",60,0.0338983050847458,"Decrease",1591,3255,1591
"06_UHGtBtCEoaUWRP","itt_fullspec_bn_employed_treat_HD","treat_HD",60,0.0338983050847458,"Decrease",836,1708,836
"06_UHGtBtCEoaUWRP","itt_fullspec_bn_employed_treat_HD","treat_HD",60,0.0338983050847458,"Decrease",1531,3133,1531
"06_UHGtBtCEoaUWRP","itt_fullspec_bn_employed_treat_HD","treat_HD",60,0.0338983050847458,"Decrease",995,2032,995
"06_UHGtBtCEoaUWRP","itt_fullspec_bn_employed_treat_HD","treat_HD",60,0.0338983050847458,"Decrease",74,151,74
"06_UHGtBtCEoaUWRP","itt_fullspec_bn_employed_treat_HD","treat_HD",60,0.0338983050847458,"Decrease",942,1923,942
"06_UHGtBtCEoaUWRP","itt_fullspec_bn_employed_treat_HD","treat_HD",60,0.0338983050847458,"Decrease",1496,3063,1496
"06_UHGtBtCEoaUWRP","itt_fullspec_bn_employed_treat_HD","treat_HD",60,0.0338983050847458,"Decrease",1678,3432,1678
"06_UHGtBtCEoaUWRP","itt_fullspec_bn_employed_treat_HD","treat_HD",60,0.0338983050847458,"Decrease",565,1159,565
"06_UHGtBtCEoaUWRP","itt_fullspec_bn_employed_treat_HD","treat_HD",60,0.0338983050847458,"Decrease",1389,2844,1389
"06_UHGtBtCEoaUWRP","itt_fullspec_bn_employed_treat_HD","treat_HD",60,0.0338983050847458,"Decrease",78,159,78
"06_UHGtBtCEoaUWRP","itt_fullspec_bn_employed_treat_HD","treat_HD",60,0.0338983050847458,"Decrease",1641,3356,1641
"06_UHGtBtCEoaUWRP","itt_fullspec_bn_employed_treat_HD","treat_HD",60,0.0338983050847458,"Decrease",172,356,172
"06_UHGtBtCEoaUWRP","itt_fullspec_bn_employed_treat_HD","treat_HD",60,0.0338983050847458,"Decrease",940,1919,940
"06_UHGtBtCEoaUWRP","itt_fullspec_bn_employed_treat_HD","treat_HD",60,0.0338983050847458,"Decrease",1073,2194,1073
"06_UHGtBtCEoaUWRP","itt_fullspec_bn_employed_treat_HD","treat_HD",60,0.0338983050847458,"Decrease",1095,2238,1095
"06_UHGtBtCEoaUWRP","itt_fullspec_bn_employed_treat_HD","treat_HD",60,0.0338983050847458,"Decrease",1708,3492,1708
"06_UHGtBtCEoaUWRP","itt_fullspec_bn_employed_treat_HD","treat_HD",60,0.0338983050847458,"Decrease",444,912,444
"06_UHGtBtCEoaUWRP","itt_fullspec_bn_employed_treat_HD","treat_HD",60,0.0338983050847458,"Decrease",489,1004,489
"06_UHGtBtCEoaUWRP","itt_fullspec_bn_employed_treat_HD","treat_HD",60,0.0338983050847458,"Decrease",971,1983,971
"06_UHGtBtCEoaUWRP","itt_fullspec_bn_employed_treat_HD","treat_HD",60,0.0338983050847458,"Decrease",616,1264,616
"06_UHGtBtCEoaUWRP","itt_fullspec_bn_employed_treat_HD","treat_HD",60,0.0338983050847458,"Decrease",686,1405,686
"06_UHGtBtCEoaUWRP","itt_fullspec_bn_employed_treat_HD","treat_HD",60,0.0338983050847458,"Decrease",1715,3506,1715
"06_UHGtBtCEoaUWRP","itt_fullspec_bn_employed_treat_HD","treat_HD",60,0.0338983050847458,"Decrease",658,1349,658
"06_UHGtBtCEoaUWRP","itt_fullspec_bn_employed_treat_HD","treat_HD",60,0.0338983050847458,"Decrease",3,6,3
"06_UHGtBtCEoaUWRP","itt_fullspec_bn_employed_treat_HD","treat_HD",60,0.0338983050847458,"Decrease",656,1345,656
"06_UHGtBtCEoaUWRP","itt_fullspec_bn_employed_treat_HD","treat_HD",60,0.0338983050847458,"Decrease",925,1889,925
"06_UHGtBtCEoaUWRP","itt_fullspec_bn_employed_treat_HD","treat_HD",60,0.0338983050847458,"Decrease",1380,2826,1380
"06_UHGtBtCEoaUWRP","itt_fullspec_bn_employed_treat_HD","treat_HD",60,0.0338983050847458,"Decrease",1112,2273,1112
"06_UHGtBtCEoaUWRP","itt_fullspec_bn_employed_treat_HD","treat_HD",60,0.0338983050847458,"Decrease",1459,2987,1459
"06_UHGtBtCEoaUWRP","itt_fullspec_bn_employed_treat_HD","treat_HD",60,0.0338983050847458,"Decrease",579,1188,579
"06_UHGtBtCEoaUWRP","itt_fullspec_bn_employed_treat_HD","treat_HD",60,0.0338983050847458,"Decrease",84,173,84
"06_UHGtBtCEoaUWRP","itt_fullspec_bn_employed_treat_HD","treat_HD",60,0.0338983050847458,"Decrease",1219,2492,1219
"06_UHGtBtCEoaUWRP","itt_fullspec_bn_employed_treat_HD","treat_HD",60,0.0338983050847458,"Decrease",1754,3586,1754
"06_UHGtBtCEoaUWRP","itt_fullspec_bn_employed_treat_HD","treat_HD",60,0.0338983050847458,"Decrease",59,120,59
"06_UHGtBtCEoaUWRP","itt_fullspec_bn_employed_treat_HD","treat_HD",60,0.0338983050847458,"Decrease",905,1849,905
"06_UHGtBtCEoaUWRP","itt_fullspec_bn_employed_treat_HD","treat_HD",60,0.0338983050847458,"Decrease",22,45,22
"06_UHGtBtCEoaUWRP","itt_fullspec_bn_employed_treat_HD","treat_HD",60,0.0338983050847458,"Decrease",862,1762,862
"06_UHGtBtCEoaUWRP","itt_fullspec_bn_employed_treat_HD","treat_HD",60,0.0338983050847458,"Decrease",790,1616,790
"06_UHGtBtCEoaUWRP","itt_fullspec_bn_employed_treat_HD","treat_HD",60,0.0338983050847458,"Decrease",1228,2511,1228
"06_UHGtBtCEoaUWRP","itt_fullspec_bn_employed_treat_HD","treat_HD",60,0.0338983050847458,"Decrease",824,1684,824
"06_UHGtBtCEoaUWRP","itt_fullspec_bn_employed_treat_HD","treat_HD",60,0.0338983050847458,"Decrease",289,594,289
"06_UHGtBtCEoaUWRP","itt_fullspec_bn_employed_treat_HD","treat_HD",60,0.0338983050847458,"Decrease",1507,3085,1507
"06_UHGtBtCEoaUWRP","itt_fullspec_bn_employed_treat_HD","treat_HD",60,0.0338983050847458,"Decrease",1492,3055,1492
"06_UHGtBtCEoaUWRP","itt_fullspec_bn_employed_treat_HD","treat_HD",60,0.0338983050847458,"Decrease",1568,3207,1568
"06_UHGtBtCEoaUWRP","itt_fullspec_bn_employed_treat_HD","treat_HD",60,0.0338983050847458,"Decrease",246,505,246
"06_UHGtBtCEoaUWRP","itt_fullspec_bn_employed_treat_HD","treat_HD",60,0.0338983050847458,"Decrease",1097,2242,1097
"06_UHGtBtCEoaUWRP","itt_fullspec_bn_employed_treat_HD","treat_HD",60,0.0338983050847458,"Decrease",1629,3332,1629
"06_UHGtBtCEoaUWRP","itt_fullspec_bn_employed_treat_HD","treat_HD",60,0.0338983050847458,"Decrease",61,124,61
"06_UHGtBtCEoaUWRP","itt_fullspec_bn_employed_treat_HD","treat_HD",60,0.0338983050847458,"Decrease",634,1300,634
"06_UHGtBtCEoaUWRP","itt_fullspec_bn_employed_treat_HD","treat_HD",60,0.0338983050847458,"Decrease",114,237,114
"06_UHGtBtCEoaUWRP","itt_fullspec_bn_employed_treat_HD","treat_HD",60,0.0338983050847458,"Decrease",350,719,350
"06_UHGtBtCEoaUWRP","itt_fullspec_bn_employed_treat_HD","treat_HD",60,0.0338983050847458,"Decrease",538,1104,538
"06_UHGtBtCEoaUWRP","itt_fullspec_bn_employed_treat_HD","treat_HD",60,0.0338983050847458,"Decrease",171,354,171
"06_UHGtBtCEoaUWRP","itt_fullspec_bn_employed_treat_HD","treat_HD",61,0.0344632768361582,"Decrease",1691,3458,1691
"06_UHGtBtCEoaUWRP","itt_fullspec_bn_employed_treat_HD","treat_HD",61,0.0344632768361582,"Decrease",1679,3434,1679
"06_UHGtBtCEoaUWRP","itt_fullspec_bn_employed_treat_HD","treat_HD",61,0.0344632768361582,"Decrease",932,1903,932
"06_UHGtBtCEoaUWRP","itt_fullspec_bn_employed_treat_HD","treat_HD",61,0.0344632768361582,"Decrease",1053,2152,1053
"06_UHGtBtCEoaUWRP","itt_fullspec_bn_employed_treat_HD","treat_HD",61,0.0344632768361582,"Decrease",1655,3386,1655
"06_UHGtBtCEoaUWRP","itt_fullspec_bn_employed_treat_HD","treat_HD",61,0.0344632768361582,"Decrease",1712,3500,1712
"06_UHGtBtCEoaUWRP","itt_fullspec_bn_employed_treat_HD","treat_HD",61,0.0344632768361582,"Decrease",1591,3255,1591
"06_UHGtBtCEoaUWRP","itt_fullspec_bn_employed_treat_HD","treat_HD",61,0.0344632768361582,"Decrease",836,1708,836
"06_UHGtBtCEoaUWRP","itt_fullspec_bn_employed_treat_HD","treat_HD",61,0.0344632768361582,"Decrease",1531,3133,1531
"06_UHGtBtCEoaUWRP","itt_fullspec_bn_employed_treat_HD","treat_HD",61,0.0344632768361582,"Decrease",995,2032,995
"06_UHGtBtCEoaUWRP","itt_fullspec_bn_employed_treat_HD","treat_HD",61,0.0344632768361582,"Decrease",74,151,74
"06_UHGtBtCEoaUWRP","itt_fullspec_bn_employed_treat_HD","treat_HD",61,0.0344632768361582,"Decrease",942,1923,942
"06_UHGtBtCEoaUWRP","itt_fullspec_bn_employed_treat_HD","treat_HD",61,0.0344632768361582,"Decrease",1496,3063,1496
"06_UHGtBtCEoaUWRP","itt_fullspec_bn_employed_treat_HD","treat_HD",61,0.0344632768361582,"Decrease",1678,3432,1678
"06_UHGtBtCEoaUWRP","itt_fullspec_bn_employed_treat_HD","treat_HD",61,0.0344632768361582,"Decrease",565,1159,565
"06_UHGtBtCEoaUWRP","itt_fullspec_bn_employed_treat_HD","treat_HD",61,0.0344632768361582,"Decrease",1389,2844,1389
"06_UHGtBtCEoaUWRP","itt_fullspec_bn_employed_treat_HD","treat_HD",61,0.0344632768361582,"Decrease",78,159,78
"06_UHGtBtCEoaUWRP","itt_fullspec_bn_employed_treat_HD","treat_HD",61,0.0344632768361582,"Decrease",1641,3356,1641
"06_UHGtBtCEoaUWRP","itt_fullspec_bn_employed_treat_HD","treat_HD",61,0.0344632768361582,"Decrease",172,356,172
"06_UHGtBtCEoaUWRP","itt_fullspec_bn_employed_treat_HD","treat_HD",61,0.0344632768361582,"Decrease",940,1919,940
"06_UHGtBtCEoaUWRP","itt_fullspec_bn_employed_treat_HD","treat_HD",61,0.0344632768361582,"Decrease",1073,2194,1073
"06_UHGtBtCEoaUWRP","itt_fullspec_bn_employed_treat_HD","treat_HD",61,0.0344632768361582,"Decrease",1095,2238,1095
"06_UHGtBtCEoaUWRP","itt_fullspec_bn_employed_treat_HD","treat_HD",61,0.0344632768361582,"Decrease",1708,3492,1708
"06_UHGtBtCEoaUWRP","itt_fullspec_bn_employed_treat_HD","treat_HD",61,0.0344632768361582,"Decrease",444,912,444
"06_UHGtBtCEoaUWRP","itt_fullspec_bn_employed_treat_HD","treat_HD",61,0.0344632768361582,"Decrease",489,1004,489
"06_UHGtBtCEoaUWRP","itt_fullspec_bn_employed_treat_HD","treat_HD",61,0.0344632768361582,"Decrease",971,1983,971
"06_UHGtBtCEoaUWRP","itt_fullspec_bn_employed_treat_HD","treat_HD",61,0.0344632768361582,"Decrease",616,1264,616
"06_UHGtBtCEoaUWRP","itt_fullspec_bn_employed_treat_HD","treat_HD",61,0.0344632768361582,"Decrease",686,1405,686
"06_UHGtBtCEoaUWRP","itt_fullspec_bn_employed_treat_HD","treat_HD",61,0.0344632768361582,"Decrease",1715,3506,1715
"06_UHGtBtCEoaUWRP","itt_fullspec_bn_employed_treat_HD","treat_HD",61,0.0344632768361582,"Decrease",658,1349,658
"06_UHGtBtCEoaUWRP","itt_fullspec_bn_employed_treat_HD","treat_HD",61,0.0344632768361582,"Decrease",3,6,3
"06_UHGtBtCEoaUWRP","itt_fullspec_bn_employed_treat_HD","treat_HD",61,0.0344632768361582,"Decrease",656,1345,656
"06_UHGtBtCEoaUWRP","itt_fullspec_bn_employed_treat_HD","treat_HD",61,0.0344632768361582,"Decrease",925,1889,925
"06_UHGtBtCEoaUWRP","itt_fullspec_bn_employed_treat_HD","treat_HD",61,0.0344632768361582,"Decrease",1380,2826,1380
"06_UHGtBtCEoaUWRP","itt_fullspec_bn_employed_treat_HD","treat_HD",61,0.0344632768361582,"Decrease",1112,2273,1112
"06_UHGtBtCEoaUWRP","itt_fullspec_bn_employed_treat_HD","treat_HD",61,0.0344632768361582,"Decrease",579,1188,579
"06_UHGtBtCEoaUWRP","itt_fullspec_bn_employed_treat_HD","treat_HD",61,0.0344632768361582,"Decrease",1459,2987,1459
"06_UHGtBtCEoaUWRP","itt_fullspec_bn_employed_treat_HD","treat_HD",61,0.0344632768361582,"Decrease",84,173,84
"06_UHGtBtCEoaUWRP","itt_fullspec_bn_employed_treat_HD","treat_HD",61,0.0344632768361582,"Decrease",1219,2492,1219
"06_UHGtBtCEoaUWRP","itt_fullspec_bn_employed_treat_HD","treat_HD",61,0.0344632768361582,"Decrease",1754,3586,1754
"06_UHGtBtCEoaUWRP","itt_fullspec_bn_employed_treat_HD","treat_HD",61,0.0344632768361582,"Decrease",59,120,59
"06_UHGtBtCEoaUWRP","itt_fullspec_bn_employed_treat_HD","treat_HD",61,0.0344632768361582,"Decrease",905,1849,905
"06_UHGtBtCEoaUWRP","itt_fullspec_bn_employed_treat_HD","treat_HD",61,0.0344632768361582,"Decrease",22,45,22
"06_UHGtBtCEoaUWRP","itt_fullspec_bn_employed_treat_HD","treat_HD",61,0.0344632768361582,"Decrease",790,1616,790
"06_UHGtBtCEoaUWRP","itt_fullspec_bn_employed_treat_HD","treat_HD",61,0.0344632768361582,"Decrease",862,1762,862
"06_UHGtBtCEoaUWRP","itt_fullspec_bn_employed_treat_HD","treat_HD",61,0.0344632768361582,"Decrease",1228,2511,1228
"06_UHGtBtCEoaUWRP","itt_fullspec_bn_employed_treat_HD","treat_HD",61,0.0344632768361582,"Decrease",824,1684,824
"06_UHGtBtCEoaUWRP","itt_fullspec_bn_employed_treat_HD","treat_HD",61,0.0344632768361582,"Decrease",289,594,289
"06_UHGtBtCEoaUWRP","itt_fullspec_bn_employed_treat_HD","treat_HD",61,0.0344632768361582,"Decrease",1507,3085,1507
"06_UHGtBtCEoaUWRP","itt_fullspec_bn_employed_treat_HD","treat_HD",61,0.0344632768361582,"Decrease",1492,3055,1492
"06_UHGtBtCEoaUWRP","itt_fullspec_bn_employed_treat_HD","treat_HD",61,0.0344632768361582,"Decrease",1568,3207,1568
"06_UHGtBtCEoaUWRP","itt_fullspec_bn_employed_treat_HD","treat_HD",61,0.0344632768361582,"Decrease",246,505,246
"06_UHGtBtCEoaUWRP","itt_fullspec_bn_employed_treat_HD","treat_HD",61,0.0344632768361582,"Decrease",1097,2242,1097
"06_UHGtBtCEoaUWRP","itt_fullspec_bn_employed_treat_HD","treat_HD",61,0.0344632768361582,"Decrease",1629,3332,1629
"06_UHGtBtCEoaUWRP","itt_fullspec_bn_employed_treat_HD","treat_HD",61,0.0344632768361582,"Decrease",61,124,61
"06_UHGtBtCEoaUWRP","itt_fullspec_bn_employed_treat_HD","treat_HD",61,0.0344632768361582,"Decrease",634,1300,634
"06_UHGtBtCEoaUWRP","itt_fullspec_bn_employed_treat_HD","treat_HD",61,0.0344632768361582,"Decrease",114,237,114
"06_UHGtBtCEoaUWRP","itt_fullspec_bn_employed_treat_HD","treat_HD",61,0.0344632768361582,"Decrease",350,719,350
"06_UHGtBtCEoaUWRP","itt_fullspec_bn_employed_treat_HD","treat_HD",61,0.0344632768361582,"Decrease",538,1104,538
"06_UHGtBtCEoaUWRP","itt_fullspec_bn_employed_treat_HD","treat_HD",61,0.0344632768361582,"Decrease",384,788,384
"06_UHGtBtCEoaUWRP","itt_fullspec_bn_employed_treat_HD","treat_HD",61,0.0344632768361582,"Decrease",171,354,171
"06_UHGtBtCEoaUWRP","itt_fullspec_bn_employed_treat_HD","treat_HD",62,0.0350282485875706,"Decrease",1691,3458,1691
"06_UHGtBtCEoaUWRP","itt_fullspec_bn_employed_treat_HD","treat_HD",62,0.0350282485875706,"Decrease",1679,3434,1679
"06_UHGtBtCEoaUWRP","itt_fullspec_bn_employed_treat_HD","treat_HD",62,0.0350282485875706,"Decrease",932,1903,932
"06_UHGtBtCEoaUWRP","itt_fullspec_bn_employed_treat_HD","treat_HD",62,0.0350282485875706,"Decrease",1053,2152,1053
"06_UHGtBtCEoaUWRP","itt_fullspec_bn_employed_treat_HD","treat_HD",62,0.0350282485875706,"Decrease",1655,3386,1655
"06_UHGtBtCEoaUWRP","itt_fullspec_bn_employed_treat_HD","treat_HD",62,0.0350282485875706,"Decrease",1712,3500,1712
"06_UHGtBtCEoaUWRP","itt_fullspec_bn_employed_treat_HD","treat_HD",62,0.0350282485875706,"Decrease",1591,3255,1591
"06_UHGtBtCEoaUWRP","itt_fullspec_bn_employed_treat_HD","treat_HD",62,0.0350282485875706,"Decrease",836,1708,836
"06_UHGtBtCEoaUWRP","itt_fullspec_bn_employed_treat_HD","treat_HD",62,0.0350282485875706,"Decrease",1531,3133,1531
"06_UHGtBtCEoaUWRP","itt_fullspec_bn_employed_treat_HD","treat_HD",62,0.0350282485875706,"Decrease",995,2032,995
"06_UHGtBtCEoaUWRP","itt_fullspec_bn_employed_treat_HD","treat_HD",62,0.0350282485875706,"Decrease",74,151,74
"06_UHGtBtCEoaUWRP","itt_fullspec_bn_employed_treat_HD","treat_HD",62,0.0350282485875706,"Decrease",942,1923,942
"06_UHGtBtCEoaUWRP","itt_fullspec_bn_employed_treat_HD","treat_HD",62,0.0350282485875706,"Decrease",1496,3063,1496
"06_UHGtBtCEoaUWRP","itt_fullspec_bn_employed_treat_HD","treat_HD",62,0.0350282485875706,"Decrease",1678,3432,1678
"06_UHGtBtCEoaUWRP","itt_fullspec_bn_employed_treat_HD","treat_HD",62,0.0350282485875706,"Decrease",565,1159,565
"06_UHGtBtCEoaUWRP","itt_fullspec_bn_employed_treat_HD","treat_HD",62,0.0350282485875706,"Decrease",1389,2844,1389
"06_UHGtBtCEoaUWRP","itt_fullspec_bn_employed_treat_HD","treat_HD",62,0.0350282485875706,"Decrease",78,159,78
"06_UHGtBtCEoaUWRP","itt_fullspec_bn_employed_treat_HD","treat_HD",62,0.0350282485875706,"Decrease",1641,3356,1641
"06_UHGtBtCEoaUWRP","itt_fullspec_bn_employed_treat_HD","treat_HD",62,0.0350282485875706,"Decrease",172,356,172
"06_UHGtBtCEoaUWRP","itt_fullspec_bn_employed_treat_HD","treat_HD",62,0.0350282485875706,"Decrease",940,1919,940
"06_UHGtBtCEoaUWRP","itt_fullspec_bn_employed_treat_HD","treat_HD",62,0.0350282485875706,"Decrease",1073,2194,1073
"06_UHGtBtCEoaUWRP","itt_fullspec_bn_employed_treat_HD","treat_HD",62,0.0350282485875706,"Decrease",1095,2238,1095
"06_UHGtBtCEoaUWRP","itt_fullspec_bn_employed_treat_HD","treat_HD",62,0.0350282485875706,"Decrease",1708,3492,1708
"06_UHGtBtCEoaUWRP","itt_fullspec_bn_employed_treat_HD","treat_HD",62,0.0350282485875706,"Decrease",444,912,444
"06_UHGtBtCEoaUWRP","itt_fullspec_bn_employed_treat_HD","treat_HD",62,0.0350282485875706,"Decrease",489,1004,489
"06_UHGtBtCEoaUWRP","itt_fullspec_bn_employed_treat_HD","treat_HD",62,0.0350282485875706,"Decrease",971,1983,971
"06_UHGtBtCEoaUWRP","itt_fullspec_bn_employed_treat_HD","treat_HD",62,0.0350282485875706,"Decrease",616,1264,616
"06_UHGtBtCEoaUWRP","itt_fullspec_bn_employed_treat_HD","treat_HD",62,0.0350282485875706,"Decrease",686,1405,686
"06_UHGtBtCEoaUWRP","itt_fullspec_bn_employed_treat_HD","treat_HD",62,0.0350282485875706,"Decrease",1715,3506,1715
"06_UHGtBtCEoaUWRP","itt_fullspec_bn_employed_treat_HD","treat_HD",62,0.0350282485875706,"Decrease",658,1349,658
"06_UHGtBtCEoaUWRP","itt_fullspec_bn_employed_treat_HD","treat_HD",62,0.0350282485875706,"Decrease",3,6,3
"06_UHGtBtCEoaUWRP","itt_fullspec_bn_employed_treat_HD","treat_HD",62,0.0350282485875706,"Decrease",656,1345,656
"06_UHGtBtCEoaUWRP","itt_fullspec_bn_employed_treat_HD","treat_HD",62,0.0350282485875706,"Decrease",925,1889,925
"06_UHGtBtCEoaUWRP","itt_fullspec_bn_employed_treat_HD","treat_HD",62,0.0350282485875706,"Decrease",1380,2826,1380
"06_UHGtBtCEoaUWRP","itt_fullspec_bn_employed_treat_HD","treat_HD",62,0.0350282485875706,"Decrease",1112,2273,1112
"06_UHGtBtCEoaUWRP","itt_fullspec_bn_employed_treat_HD","treat_HD",62,0.0350282485875706,"Decrease",579,1188,579
"06_UHGtBtCEoaUWRP","itt_fullspec_bn_employed_treat_HD","treat_HD",62,0.0350282485875706,"Decrease",1459,2987,1459
"06_UHGtBtCEoaUWRP","itt_fullspec_bn_employed_treat_HD","treat_HD",62,0.0350282485875706,"Decrease",84,173,84
"06_UHGtBtCEoaUWRP","itt_fullspec_bn_employed_treat_HD","treat_HD",62,0.0350282485875706,"Decrease",1219,2492,1219
"06_UHGtBtCEoaUWRP","itt_fullspec_bn_employed_treat_HD","treat_HD",62,0.0350282485875706,"Decrease",1754,3586,1754
"06_UHGtBtCEoaUWRP","itt_fullspec_bn_employed_treat_HD","treat_HD",62,0.0350282485875706,"Decrease",59,120,59
"06_UHGtBtCEoaUWRP","itt_fullspec_bn_employed_treat_HD","treat_HD",62,0.0350282485875706,"Decrease",905,1849,905
"06_UHGtBtCEoaUWRP","itt_fullspec_bn_employed_treat_HD","treat_HD",62,0.0350282485875706,"Decrease",790,1616,790
"06_UHGtBtCEoaUWRP","itt_fullspec_bn_employed_treat_HD","treat_HD",62,0.0350282485875706,"Decrease",22,45,22
"06_UHGtBtCEoaUWRP","itt_fullspec_bn_employed_treat_HD","treat_HD",62,0.0350282485875706,"Decrease",862,1762,862
"06_UHGtBtCEoaUWRP","itt_fullspec_bn_employed_treat_HD","treat_HD",62,0.0350282485875706,"Decrease",1228,2511,1228
"06_UHGtBtCEoaUWRP","itt_fullspec_bn_employed_treat_HD","treat_HD",62,0.0350282485875706,"Decrease",824,1684,824
"06_UHGtBtCEoaUWRP","itt_fullspec_bn_employed_treat_HD","treat_HD",62,0.0350282485875706,"Decrease",289,594,289
"06_UHGtBtCEoaUWRP","itt_fullspec_bn_employed_treat_HD","treat_HD",62,0.0350282485875706,"Decrease",1507,3085,1507
"06_UHGtBtCEoaUWRP","itt_fullspec_bn_employed_treat_HD","treat_HD",62,0.0350282485875706,"Decrease",1568,3207,1568
"06_UHGtBtCEoaUWRP","itt_fullspec_bn_employed_treat_HD","treat_HD",62,0.0350282485875706,"Decrease",1492,3055,1492
"06_UHGtBtCEoaUWRP","itt_fullspec_bn_employed_treat_HD","treat_HD",62,0.0350282485875706,"Decrease",246,505,246
"06_UHGtBtCEoaUWRP","itt_fullspec_bn_employed_treat_HD","treat_HD",62,0.0350282485875706,"Decrease",1629,3332,1629
"06_UHGtBtCEoaUWRP","itt_fullspec_bn_employed_treat_HD","treat_HD",62,0.0350282485875706,"Decrease",1097,2242,1097
"06_UHGtBtCEoaUWRP","itt_fullspec_bn_employed_treat_HD","treat_HD",62,0.0350282485875706,"Decrease",61,124,61
"06_UHGtBtCEoaUWRP","itt_fullspec_bn_employed_treat_HD","treat_HD",62,0.0350282485875706,"Decrease",634,1300,634
"06_UHGtBtCEoaUWRP","itt_fullspec_bn_employed_treat_HD","treat_HD",62,0.0350282485875706,"Decrease",114,237,114
"06_UHGtBtCEoaUWRP","itt_fullspec_bn_employed_treat_HD","treat_HD",62,0.0350282485875706,"Decrease",350,719,350
"06_UHGtBtCEoaUWRP","itt_fullspec_bn_employed_treat_HD","treat_HD",62,0.0350282485875706,"Decrease",538,1104,538
"06_UHGtBtCEoaUWRP","itt_fullspec_bn_employed_treat_HD","treat_HD",62,0.0350282485875706,"Decrease",384,788,384
"06_UHGtBtCEoaUWRP","itt_fullspec_bn_employed_treat_HD","treat_HD",62,0.0350282485875706,"Decrease",171,354,171
"06_UHGtBtCEoaUWRP","itt_fullspec_bn_employed_treat_HD","treat_HD",62,0.0350282485875706,"Decrease",1191,2434,1191
"06_UHGtBtCEoaUWRP","itt_fullspec_bn_employed_treat_HD","treat_HD",63,0.0355932203389831,"Decrease",1691,3458,1691
"06_UHGtBtCEoaUWRP","itt_fullspec_bn_employed_treat_HD","treat_HD",63,0.0355932203389831,"Decrease",1679,3434,1679
"06_UHGtBtCEoaUWRP","itt_fullspec_bn_employed_treat_HD","treat_HD",63,0.0355932203389831,"Decrease",1053,2152,1053
"06_UHGtBtCEoaUWRP","itt_fullspec_bn_employed_treat_HD","treat_HD",63,0.0355932203389831,"Decrease",932,1903,932
"06_UHGtBtCEoaUWRP","itt_fullspec_bn_employed_treat_HD","treat_HD",63,0.0355932203389831,"Decrease",1655,3386,1655
"06_UHGtBtCEoaUWRP","itt_fullspec_bn_employed_treat_HD","treat_HD",63,0.0355932203389831,"Decrease",1712,3500,1712
"06_UHGtBtCEoaUWRP","itt_fullspec_bn_employed_treat_HD","treat_HD",63,0.0355932203389831,"Decrease",1591,3255,1591
"06_UHGtBtCEoaUWRP","itt_fullspec_bn_employed_treat_HD","treat_HD",63,0.0355932203389831,"Decrease",836,1708,836
"06_UHGtBtCEoaUWRP","itt_fullspec_bn_employed_treat_HD","treat_HD",63,0.0355932203389831,"Decrease",1531,3133,1531
"06_UHGtBtCEoaUWRP","itt_fullspec_bn_employed_treat_HD","treat_HD",63,0.0355932203389831,"Decrease",995,2032,995
"06_UHGtBtCEoaUWRP","itt_fullspec_bn_employed_treat_HD","treat_HD",63,0.0355932203389831,"Decrease",74,151,74
"06_UHGtBtCEoaUWRP","itt_fullspec_bn_employed_treat_HD","treat_HD",63,0.0355932203389831,"Decrease",942,1923,942
"06_UHGtBtCEoaUWRP","itt_fullspec_bn_employed_treat_HD","treat_HD",63,0.0355932203389831,"Decrease",1496,3063,1496
"06_UHGtBtCEoaUWRP","itt_fullspec_bn_employed_treat_HD","treat_HD",63,0.0355932203389831,"Decrease",1678,3432,1678
"06_UHGtBtCEoaUWRP","itt_fullspec_bn_employed_treat_HD","treat_HD",63,0.0355932203389831,"Decrease",565,1159,565
"06_UHGtBtCEoaUWRP","itt_fullspec_bn_employed_treat_HD","treat_HD",63,0.0355932203389831,"Decrease",1389,2844,1389
"06_UHGtBtCEoaUWRP","itt_fullspec_bn_employed_treat_HD","treat_HD",63,0.0355932203389831,"Decrease",78,159,78
"06_UHGtBtCEoaUWRP","itt_fullspec_bn_employed_treat_HD","treat_HD",63,0.0355932203389831,"Decrease",1641,3356,1641
"06_UHGtBtCEoaUWRP","itt_fullspec_bn_employed_treat_HD","treat_HD",63,0.0355932203389831,"Decrease",172,356,172
"06_UHGtBtCEoaUWRP","itt_fullspec_bn_employed_treat_HD","treat_HD",63,0.0355932203389831,"Decrease",940,1919,940
"06_UHGtBtCEoaUWRP","itt_fullspec_bn_employed_treat_HD","treat_HD",63,0.0355932203389831,"Decrease",1073,2194,1073
"06_UHGtBtCEoaUWRP","itt_fullspec_bn_employed_treat_HD","treat_HD",63,0.0355932203389831,"Decrease",1095,2238,1095
"06_UHGtBtCEoaUWRP","itt_fullspec_bn_employed_treat_HD","treat_HD",63,0.0355932203389831,"Decrease",1708,3492,1708
"06_UHGtBtCEoaUWRP","itt_fullspec_bn_employed_treat_HD","treat_HD",63,0.0355932203389831,"Decrease",444,912,444
"06_UHGtBtCEoaUWRP","itt_fullspec_bn_employed_treat_HD","treat_HD",63,0.0355932203389831,"Decrease",489,1004,489
"06_UHGtBtCEoaUWRP","itt_fullspec_bn_employed_treat_HD","treat_HD",63,0.0355932203389831,"Decrease",971,1983,971
"06_UHGtBtCEoaUWRP","itt_fullspec_bn_employed_treat_HD","treat_HD",63,0.0355932203389831,"Decrease",616,1264,616
"06_UHGtBtCEoaUWRP","itt_fullspec_bn_employed_treat_HD","treat_HD",63,0.0355932203389831,"Decrease",686,1405,686
"06_UHGtBtCEoaUWRP","itt_fullspec_bn_employed_treat_HD","treat_HD",63,0.0355932203389831,"Decrease",1715,3506,1715
"06_UHGtBtCEoaUWRP","itt_fullspec_bn_employed_treat_HD","treat_HD",63,0.0355932203389831,"Decrease",658,1349,658
"06_UHGtBtCEoaUWRP","itt_fullspec_bn_employed_treat_HD","treat_HD",63,0.0355932203389831,"Decrease",3,6,3
"06_UHGtBtCEoaUWRP","itt_fullspec_bn_employed_treat_HD","treat_HD",63,0.0355932203389831,"Decrease",656,1345,656
"06_UHGtBtCEoaUWRP","itt_fullspec_bn_employed_treat_HD","treat_HD",63,0.0355932203389831,"Decrease",925,1889,925
"06_UHGtBtCEoaUWRP","itt_fullspec_bn_employed_treat_HD","treat_HD",63,0.0355932203389831,"Decrease",1380,2826,1380
"06_UHGtBtCEoaUWRP","itt_fullspec_bn_employed_treat_HD","treat_HD",63,0.0355932203389831,"Decrease",1112,2273,1112
"06_UHGtBtCEoaUWRP","itt_fullspec_bn_employed_treat_HD","treat_HD",63,0.0355932203389831,"Decrease",579,1188,579
"06_UHGtBtCEoaUWRP","itt_fullspec_bn_employed_treat_HD","treat_HD",63,0.0355932203389831,"Decrease",1459,2987,1459
"06_UHGtBtCEoaUWRP","itt_fullspec_bn_employed_treat_HD","treat_HD",63,0.0355932203389831,"Decrease",84,173,84
"06_UHGtBtCEoaUWRP","itt_fullspec_bn_employed_treat_HD","treat_HD",63,0.0355932203389831,"Decrease",1219,2492,1219
"06_UHGtBtCEoaUWRP","itt_fullspec_bn_employed_treat_HD","treat_HD",63,0.0355932203389831,"Decrease",1754,3586,1754
"06_UHGtBtCEoaUWRP","itt_fullspec_bn_employed_treat_HD","treat_HD",63,0.0355932203389831,"Decrease",59,120,59
"06_UHGtBtCEoaUWRP","itt_fullspec_bn_employed_treat_HD","treat_HD",63,0.0355932203389831,"Decrease",905,1849,905
"06_UHGtBtCEoaUWRP","itt_fullspec_bn_employed_treat_HD","treat_HD",63,0.0355932203389831,"Decrease",790,1616,790
"06_UHGtBtCEoaUWRP","itt_fullspec_bn_employed_treat_HD","treat_HD",63,0.0355932203389831,"Decrease",862,1762,862
"06_UHGtBtCEoaUWRP","itt_fullspec_bn_employed_treat_HD","treat_HD",63,0.0355932203389831,"Decrease",22,45,22
"06_UHGtBtCEoaUWRP","itt_fullspec_bn_employed_treat_HD","treat_HD",63,0.0355932203389831,"Decrease",1228,2511,1228
"06_UHGtBtCEoaUWRP","itt_fullspec_bn_employed_treat_HD","treat_HD",63,0.0355932203389831,"Decrease",824,1684,824
"06_UHGtBtCEoaUWRP","itt_fullspec_bn_employed_treat_HD","treat_HD",63,0.0355932203389831,"Decrease",289,594,289
"06_UHGtBtCEoaUWRP","itt_fullspec_bn_employed_treat_HD","treat_HD",63,0.0355932203389831,"Decrease",1507,3085,1507
"06_UHGtBtCEoaUWRP","itt_fullspec_bn_employed_treat_HD","treat_HD",63,0.0355932203389831,"Decrease",1568,3207,1568
"06_UHGtBtCEoaUWRP","itt_fullspec_bn_employed_treat_HD","treat_HD",63,0.0355932203389831,"Decrease",1492,3055,1492
"06_UHGtBtCEoaUWRP","itt_fullspec_bn_employed_treat_HD","treat_HD",63,0.0355932203389831,"Decrease",246,505,246
"06_UHGtBtCEoaUWRP","itt_fullspec_bn_employed_treat_HD","treat_HD",63,0.0355932203389831,"Decrease",1629,3332,1629
"06_UHGtBtCEoaUWRP","itt_fullspec_bn_employed_treat_HD","treat_HD",63,0.0355932203389831,"Decrease",1097,2242,1097
"06_UHGtBtCEoaUWRP","itt_fullspec_bn_employed_treat_HD","treat_HD",63,0.0355932203389831,"Decrease",61,124,61
"06_UHGtBtCEoaUWRP","itt_fullspec_bn_employed_treat_HD","treat_HD",63,0.0355932203389831,"Decrease",634,1300,634
"06_UHGtBtCEoaUWRP","itt_fullspec_bn_employed_treat_HD","treat_HD",63,0.0355932203389831,"Decrease",114,237,114
"06_UHGtBtCEoaUWRP","itt_fullspec_bn_employed_treat_HD","treat_HD",63,0.0355932203389831,"Decrease",350,719,350
"06_UHGtBtCEoaUWRP","itt_fullspec_bn_employed_treat_HD","treat_HD",63,0.0355932203389831,"Decrease",538,1104,538
"06_UHGtBtCEoaUWRP","itt_fullspec_bn_employed_treat_HD","treat_HD",63,0.0355932203389831,"Decrease",384,788,384
"06_UHGtBtCEoaUWRP","itt_fullspec_bn_employed_treat_HD","treat_HD",63,0.0355932203389831,"Decrease",171,354,171
"06_UHGtBtCEoaUWRP","itt_fullspec_bn_employed_treat_HD","treat_HD",63,0.0355932203389831,"Decrease",1191,2434,1191
"06_UHGtBtCEoaUWRP","itt_fullspec_bn_employed_treat_HD","treat_HD",63,0.0355932203389831,"Decrease",1518,3107,1518
"06_UHGtBtCEoaUWRP","itt_fullspec_bn_employed_treat_HD","treat_HD",64,0.0361581920903955,"Decrease",1691,3458,1691
"06_UHGtBtCEoaUWRP","itt_fullspec_bn_employed_treat_HD","treat_HD",64,0.0361581920903955,"Decrease",1679,3434,1679
"06_UHGtBtCEoaUWRP","itt_fullspec_bn_employed_treat_HD","treat_HD",64,0.0361581920903955,"Decrease",1053,2152,1053
"06_UHGtBtCEoaUWRP","itt_fullspec_bn_employed_treat_HD","treat_HD",64,0.0361581920903955,"Decrease",932,1903,932
"06_UHGtBtCEoaUWRP","itt_fullspec_bn_employed_treat_HD","treat_HD",64,0.0361581920903955,"Decrease",1655,3386,1655
"06_UHGtBtCEoaUWRP","itt_fullspec_bn_employed_treat_HD","treat_HD",64,0.0361581920903955,"Decrease",1712,3500,1712
"06_UHGtBtCEoaUWRP","itt_fullspec_bn_employed_treat_HD","treat_HD",64,0.0361581920903955,"Decrease",1591,3255,1591
"06_UHGtBtCEoaUWRP","itt_fullspec_bn_employed_treat_HD","treat_HD",64,0.0361581920903955,"Decrease",836,1708,836
"06_UHGtBtCEoaUWRP","itt_fullspec_bn_employed_treat_HD","treat_HD",64,0.0361581920903955,"Decrease",1531,3133,1531
"06_UHGtBtCEoaUWRP","itt_fullspec_bn_employed_treat_HD","treat_HD",64,0.0361581920903955,"Decrease",995,2032,995
"06_UHGtBtCEoaUWRP","itt_fullspec_bn_employed_treat_HD","treat_HD",64,0.0361581920903955,"Decrease",74,151,74
"06_UHGtBtCEoaUWRP","itt_fullspec_bn_employed_treat_HD","treat_HD",64,0.0361581920903955,"Decrease",942,1923,942
"06_UHGtBtCEoaUWRP","itt_fullspec_bn_employed_treat_HD","treat_HD",64,0.0361581920903955,"Decrease",1496,3063,1496
"06_UHGtBtCEoaUWRP","itt_fullspec_bn_employed_treat_HD","treat_HD",64,0.0361581920903955,"Decrease",1678,3432,1678
"06_UHGtBtCEoaUWRP","itt_fullspec_bn_employed_treat_HD","treat_HD",64,0.0361581920903955,"Decrease",565,1159,565
"06_UHGtBtCEoaUWRP","itt_fullspec_bn_employed_treat_HD","treat_HD",64,0.0361581920903955,"Decrease",1389,2844,1389
"06_UHGtBtCEoaUWRP","itt_fullspec_bn_employed_treat_HD","treat_HD",64,0.0361581920903955,"Decrease",78,159,78
"06_UHGtBtCEoaUWRP","itt_fullspec_bn_employed_treat_HD","treat_HD",64,0.0361581920903955,"Decrease",1641,3356,1641
"06_UHGtBtCEoaUWRP","itt_fullspec_bn_employed_treat_HD","treat_HD",64,0.0361581920903955,"Decrease",172,356,172
"06_UHGtBtCEoaUWRP","itt_fullspec_bn_employed_treat_HD","treat_HD",64,0.0361581920903955,"Decrease",940,1919,940
"06_UHGtBtCEoaUWRP","itt_fullspec_bn_employed_treat_HD","treat_HD",64,0.0361581920903955,"Decrease",1073,2194,1073
"06_UHGtBtCEoaUWRP","itt_fullspec_bn_employed_treat_HD","treat_HD",64,0.0361581920903955,"Decrease",1095,2238,1095
"06_UHGtBtCEoaUWRP","itt_fullspec_bn_employed_treat_HD","treat_HD",64,0.0361581920903955,"Decrease",1708,3492,1708
"06_UHGtBtCEoaUWRP","itt_fullspec_bn_employed_treat_HD","treat_HD",64,0.0361581920903955,"Decrease",444,912,444
"06_UHGtBtCEoaUWRP","itt_fullspec_bn_employed_treat_HD","treat_HD",64,0.0361581920903955,"Decrease",489,1004,489
"06_UHGtBtCEoaUWRP","itt_fullspec_bn_employed_treat_HD","treat_HD",64,0.0361581920903955,"Decrease",971,1983,971
"06_UHGtBtCEoaUWRP","itt_fullspec_bn_employed_treat_HD","treat_HD",64,0.0361581920903955,"Decrease",616,1264,616
"06_UHGtBtCEoaUWRP","itt_fullspec_bn_employed_treat_HD","treat_HD",64,0.0361581920903955,"Decrease",686,1405,686
"06_UHGtBtCEoaUWRP","itt_fullspec_bn_employed_treat_HD","treat_HD",64,0.0361581920903955,"Decrease",1715,3506,1715
"06_UHGtBtCEoaUWRP","itt_fullspec_bn_employed_treat_HD","treat_HD",64,0.0361581920903955,"Decrease",658,1349,658
"06_UHGtBtCEoaUWRP","itt_fullspec_bn_employed_treat_HD","treat_HD",64,0.0361581920903955,"Decrease",3,6,3
"06_UHGtBtCEoaUWRP","itt_fullspec_bn_employed_treat_HD","treat_HD",64,0.0361581920903955,"Decrease",656,1345,656
"06_UHGtBtCEoaUWRP","itt_fullspec_bn_employed_treat_HD","treat_HD",64,0.0361581920903955,"Decrease",925,1889,925
"06_UHGtBtCEoaUWRP","itt_fullspec_bn_employed_treat_HD","treat_HD",64,0.0361581920903955,"Decrease",1380,2826,1380
"06_UHGtBtCEoaUWRP","itt_fullspec_bn_employed_treat_HD","treat_HD",64,0.0361581920903955,"Decrease",579,1188,579
"06_UHGtBtCEoaUWRP","itt_fullspec_bn_employed_treat_HD","treat_HD",64,0.0361581920903955,"Decrease",1112,2273,1112
"06_UHGtBtCEoaUWRP","itt_fullspec_bn_employed_treat_HD","treat_HD",64,0.0361581920903955,"Decrease",1459,2987,1459
"06_UHGtBtCEoaUWRP","itt_fullspec_bn_employed_treat_HD","treat_HD",64,0.0361581920903955,"Decrease",84,173,84
"06_UHGtBtCEoaUWRP","itt_fullspec_bn_employed_treat_HD","treat_HD",64,0.0361581920903955,"Decrease",1219,2492,1219
"06_UHGtBtCEoaUWRP","itt_fullspec_bn_employed_treat_HD","treat_HD",64,0.0361581920903955,"Decrease",1754,3586,1754
"06_UHGtBtCEoaUWRP","itt_fullspec_bn_employed_treat_HD","treat_HD",64,0.0361581920903955,"Decrease",59,120,59
"06_UHGtBtCEoaUWRP","itt_fullspec_bn_employed_treat_HD","treat_HD",64,0.0361581920903955,"Decrease",905,1849,905
"06_UHGtBtCEoaUWRP","itt_fullspec_bn_employed_treat_HD","treat_HD",64,0.0361581920903955,"Decrease",790,1616,790
"06_UHGtBtCEoaUWRP","itt_fullspec_bn_employed_treat_HD","treat_HD",64,0.0361581920903955,"Decrease",862,1762,862
"06_UHGtBtCEoaUWRP","itt_fullspec_bn_employed_treat_HD","treat_HD",64,0.0361581920903955,"Decrease",22,45,22
"06_UHGtBtCEoaUWRP","itt_fullspec_bn_employed_treat_HD","treat_HD",64,0.0361581920903955,"Decrease",1228,2511,1228
"06_UHGtBtCEoaUWRP","itt_fullspec_bn_employed_treat_HD","treat_HD",64,0.0361581920903955,"Decrease",824,1684,824
"06_UHGtBtCEoaUWRP","itt_fullspec_bn_employed_treat_HD","treat_HD",64,0.0361581920903955,"Decrease",289,594,289
"06_UHGtBtCEoaUWRP","itt_fullspec_bn_employed_treat_HD","treat_HD",64,0.0361581920903955,"Decrease",1507,3085,1507
"06_UHGtBtCEoaUWRP","itt_fullspec_bn_employed_treat_HD","treat_HD",64,0.0361581920903955,"Decrease",1568,3207,1568
"06_UHGtBtCEoaUWRP","itt_fullspec_bn_employed_treat_HD","treat_HD",64,0.0361581920903955,"Decrease",1492,3055,1492
"06_UHGtBtCEoaUWRP","itt_fullspec_bn_employed_treat_HD","treat_HD",64,0.0361581920903955,"Decrease",246,505,246
"06_UHGtBtCEoaUWRP","itt_fullspec_bn_employed_treat_HD","treat_HD",64,0.0361581920903955,"Decrease",1629,3332,1629
"06_UHGtBtCEoaUWRP","itt_fullspec_bn_employed_treat_HD","treat_HD",64,0.0361581920903955,"Decrease",1097,2242,1097
"06_UHGtBtCEoaUWRP","itt_fullspec_bn_employed_treat_HD","treat_HD",64,0.0361581920903955,"Decrease",61,124,61
"06_UHGtBtCEoaUWRP","itt_fullspec_bn_employed_treat_HD","treat_HD",64,0.0361581920903955,"Decrease",634,1300,634
"06_UHGtBtCEoaUWRP","itt_fullspec_bn_employed_treat_HD","treat_HD",64,0.0361581920903955,"Decrease",114,237,114
"06_UHGtBtCEoaUWRP","itt_fullspec_bn_employed_treat_HD","treat_HD",64,0.0361581920903955,"Decrease",350,719,350
"06_UHGtBtCEoaUWRP","itt_fullspec_bn_employed_treat_HD","treat_HD",64,0.0361581920903955,"Decrease",384,788,384
"06_UHGtBtCEoaUWRP","itt_fullspec_bn_employed_treat_HD","treat_HD",64,0.0361581920903955,"Decrease",538,1104,538
"06_UHGtBtCEoaUWRP","itt_fullspec_bn_employed_treat_HD","treat_HD",64,0.0361581920903955,"Decrease",171,354,171
"06_UHGtBtCEoaUWRP","itt_fullspec_bn_employed_treat_HD","treat_HD",64,0.0361581920903955,"Decrease",1191,2434,1191
"06_UHGtBtCEoaUWRP","itt_fullspec_bn_employed_treat_HD","treat_HD",64,0.0361581920903955,"Decrease",1518,3107,1518
"06_UHGtBtCEoaUWRP","itt_fullspec_bn_employed_treat_HD","treat_HD",64,0.0361581920903955,"Decrease",311,640,311
"06_UHGtBtCEoaUWRP","itt_fullspec_bn_employed_treat_HD","treat_HD",65,0.0367231638418079,"Decrease",1691,3458,1691
"06_UHGtBtCEoaUWRP","itt_fullspec_bn_employed_treat_HD","treat_HD",65,0.0367231638418079,"Decrease",1679,3434,1679
"06_UHGtBtCEoaUWRP","itt_fullspec_bn_employed_treat_HD","treat_HD",65,0.0367231638418079,"Decrease",1053,2152,1053
"06_UHGtBtCEoaUWRP","itt_fullspec_bn_employed_treat_HD","treat_HD",65,0.0367231638418079,"Decrease",1655,3386,1655
"06_UHGtBtCEoaUWRP","itt_fullspec_bn_employed_treat_HD","treat_HD",65,0.0367231638418079,"Decrease",932,1903,932
"06_UHGtBtCEoaUWRP","itt_fullspec_bn_employed_treat_HD","treat_HD",65,0.0367231638418079,"Decrease",1712,3500,1712
"06_UHGtBtCEoaUWRP","itt_fullspec_bn_employed_treat_HD","treat_HD",65,0.0367231638418079,"Decrease",1591,3255,1591
"06_UHGtBtCEoaUWRP","itt_fullspec_bn_employed_treat_HD","treat_HD",65,0.0367231638418079,"Decrease",836,1708,836
"06_UHGtBtCEoaUWRP","itt_fullspec_bn_employed_treat_HD","treat_HD",65,0.0367231638418079,"Decrease",1531,3133,1531
"06_UHGtBtCEoaUWRP","itt_fullspec_bn_employed_treat_HD","treat_HD",65,0.0367231638418079,"Decrease",995,2032,995
"06_UHGtBtCEoaUWRP","itt_fullspec_bn_employed_treat_HD","treat_HD",65,0.0367231638418079,"Decrease",74,151,74
"06_UHGtBtCEoaUWRP","itt_fullspec_bn_employed_treat_HD","treat_HD",65,0.0367231638418079,"Decrease",942,1923,942
"06_UHGtBtCEoaUWRP","itt_fullspec_bn_employed_treat_HD","treat_HD",65,0.0367231638418079,"Decrease",1496,3063,1496
"06_UHGtBtCEoaUWRP","itt_fullspec_bn_employed_treat_HD","treat_HD",65,0.0367231638418079,"Decrease",1678,3432,1678
"06_UHGtBtCEoaUWRP","itt_fullspec_bn_employed_treat_HD","treat_HD",65,0.0367231638418079,"Decrease",565,1159,565
"06_UHGtBtCEoaUWRP","itt_fullspec_bn_employed_treat_HD","treat_HD",65,0.0367231638418079,"Decrease",1389,2844,1389
"06_UHGtBtCEoaUWRP","itt_fullspec_bn_employed_treat_HD","treat_HD",65,0.0367231638418079,"Decrease",78,159,78
"06_UHGtBtCEoaUWRP","itt_fullspec_bn_employed_treat_HD","treat_HD",65,0.0367231638418079,"Decrease",1641,3356,1641
"06_UHGtBtCEoaUWRP","itt_fullspec_bn_employed_treat_HD","treat_HD",65,0.0367231638418079,"Decrease",172,356,172
"06_UHGtBtCEoaUWRP","itt_fullspec_bn_employed_treat_HD","treat_HD",65,0.0367231638418079,"Decrease",940,1919,940
"06_UHGtBtCEoaUWRP","itt_fullspec_bn_employed_treat_HD","treat_HD",65,0.0367231638418079,"Decrease",1073,2194,1073
"06_UHGtBtCEoaUWRP","itt_fullspec_bn_employed_treat_HD","treat_HD",65,0.0367231638418079,"Decrease",1095,2238,1095
"06_UHGtBtCEoaUWRP","itt_fullspec_bn_employed_treat_HD","treat_HD",65,0.0367231638418079,"Decrease",1708,3492,1708
"06_UHGtBtCEoaUWRP","itt_fullspec_bn_employed_treat_HD","treat_HD",65,0.0367231638418079,"Decrease",444,912,444
"06_UHGtBtCEoaUWRP","itt_fullspec_bn_employed_treat_HD","treat_HD",65,0.0367231638418079,"Decrease",489,1004,489
"06_UHGtBtCEoaUWRP","itt_fullspec_bn_employed_treat_HD","treat_HD",65,0.0367231638418079,"Decrease",971,1983,971
"06_UHGtBtCEoaUWRP","itt_fullspec_bn_employed_treat_HD","treat_HD",65,0.0367231638418079,"Decrease",616,1264,616
"06_UHGtBtCEoaUWRP","itt_fullspec_bn_employed_treat_HD","treat_HD",65,0.0367231638418079,"Decrease",686,1405,686
"06_UHGtBtCEoaUWRP","itt_fullspec_bn_employed_treat_HD","treat_HD",65,0.0367231638418079,"Decrease",1715,3506,1715
"06_UHGtBtCEoaUWRP","itt_fullspec_bn_employed_treat_HD","treat_HD",65,0.0367231638418079,"Decrease",658,1349,658
"06_UHGtBtCEoaUWRP","itt_fullspec_bn_employed_treat_HD","treat_HD",65,0.0367231638418079,"Decrease",3,6,3
"06_UHGtBtCEoaUWRP","itt_fullspec_bn_employed_treat_HD","treat_HD",65,0.0367231638418079,"Decrease",656,1345,656
"06_UHGtBtCEoaUWRP","itt_fullspec_bn_employed_treat_HD","treat_HD",65,0.0367231638418079,"Decrease",925,1889,925
"06_UHGtBtCEoaUWRP","itt_fullspec_bn_employed_treat_HD","treat_HD",65,0.0367231638418079,"Decrease",1380,2826,1380
"06_UHGtBtCEoaUWRP","itt_fullspec_bn_employed_treat_HD","treat_HD",65,0.0367231638418079,"Decrease",579,1188,579
"06_UHGtBtCEoaUWRP","itt_fullspec_bn_employed_treat_HD","treat_HD",65,0.0367231638418079,"Decrease",1112,2273,1112
"06_UHGtBtCEoaUWRP","itt_fullspec_bn_employed_treat_HD","treat_HD",65,0.0367231638418079,"Decrease",1459,2987,1459
"06_UHGtBtCEoaUWRP","itt_fullspec_bn_employed_treat_HD","treat_HD",65,0.0367231638418079,"Decrease",84,173,84
"06_UHGtBtCEoaUWRP","itt_fullspec_bn_employed_treat_HD","treat_HD",65,0.0367231638418079,"Decrease",1219,2492,1219
"06_UHGtBtCEoaUWRP","itt_fullspec_bn_employed_treat_HD","treat_HD",65,0.0367231638418079,"Decrease",1754,3586,1754
"06_UHGtBtCEoaUWRP","itt_fullspec_bn_employed_treat_HD","treat_HD",65,0.0367231638418079,"Decrease",59,120,59
"06_UHGtBtCEoaUWRP","itt_fullspec_bn_employed_treat_HD","treat_HD",65,0.0367231638418079,"Decrease",790,1616,790
"06_UHGtBtCEoaUWRP","itt_fullspec_bn_employed_treat_HD","treat_HD",65,0.0367231638418079,"Decrease",905,1849,905
"06_UHGtBtCEoaUWRP","itt_fullspec_bn_employed_treat_HD","treat_HD",65,0.0367231638418079,"Decrease",862,1762,862
"06_UHGtBtCEoaUWRP","itt_fullspec_bn_employed_treat_HD","treat_HD",65,0.0367231638418079,"Decrease",22,45,22
"06_UHGtBtCEoaUWRP","itt_fullspec_bn_employed_treat_HD","treat_HD",65,0.0367231638418079,"Decrease",1228,2511,1228
"06_UHGtBtCEoaUWRP","itt_fullspec_bn_employed_treat_HD","treat_HD",65,0.0367231638418079,"Decrease",824,1684,824
"06_UHGtBtCEoaUWRP","itt_fullspec_bn_employed_treat_HD","treat_HD",65,0.0367231638418079,"Decrease",289,594,289
"06_UHGtBtCEoaUWRP","itt_fullspec_bn_employed_treat_HD","treat_HD",65,0.0367231638418079,"Decrease",1507,3085,1507
"06_UHGtBtCEoaUWRP","itt_fullspec_bn_employed_treat_HD","treat_HD",65,0.0367231638418079,"Decrease",1568,3207,1568
"06_UHGtBtCEoaUWRP","itt_fullspec_bn_employed_treat_HD","treat_HD",65,0.0367231638418079,"Decrease",1492,3055,1492
"06_UHGtBtCEoaUWRP","itt_fullspec_bn_employed_treat_HD","treat_HD",65,0.0367231638418079,"Decrease",246,505,246
"06_UHGtBtCEoaUWRP","itt_fullspec_bn_employed_treat_HD","treat_HD",65,0.0367231638418079,"Decrease",1629,3332,1629
"06_UHGtBtCEoaUWRP","itt_fullspec_bn_employed_treat_HD","treat_HD",65,0.0367231638418079,"Decrease",1097,2242,1097
"06_UHGtBtCEoaUWRP","itt_fullspec_bn_employed_treat_HD","treat_HD",65,0.0367231638418079,"Decrease",61,124,61
"06_UHGtBtCEoaUWRP","itt_fullspec_bn_employed_treat_HD","treat_HD",65,0.0367231638418079,"Decrease",634,1300,634
"06_UHGtBtCEoaUWRP","itt_fullspec_bn_employed_treat_HD","treat_HD",65,0.0367231638418079,"Decrease",114,237,114
"06_UHGtBtCEoaUWRP","itt_fullspec_bn_employed_treat_HD","treat_HD",65,0.0367231638418079,"Decrease",384,788,384
"06_UHGtBtCEoaUWRP","itt_fullspec_bn_employed_treat_HD","treat_HD",65,0.0367231638418079,"Decrease",350,719,350
"06_UHGtBtCEoaUWRP","itt_fullspec_bn_employed_treat_HD","treat_HD",65,0.0367231638418079,"Decrease",538,1104,538
"06_UHGtBtCEoaUWRP","itt_fullspec_bn_employed_treat_HD","treat_HD",65,0.0367231638418079,"Decrease",171,354,171
"06_UHGtBtCEoaUWRP","itt_fullspec_bn_employed_treat_HD","treat_HD",65,0.0367231638418079,"Decrease",1191,2434,1191
"06_UHGtBtCEoaUWRP","itt_fullspec_bn_employed_treat_HD","treat_HD",65,0.0367231638418079,"Decrease",1518,3107,1518
"06_UHGtBtCEoaUWRP","itt_fullspec_bn_employed_treat_HD","treat_HD",65,0.0367231638418079,"Decrease",311,640,311
"06_UHGtBtCEoaUWRP","itt_fullspec_bn_employed_treat_HD","treat_HD",65,0.0367231638418079,"Decrease",403,829,403
"06_UHGtBtCEoaUWRP","itt_fullspec_bn_employed_treat_HD","treat_HD",66,0.0372881355932203,"Decrease",1691,3458,1691
"06_UHGtBtCEoaUWRP","itt_fullspec_bn_employed_treat_HD","treat_HD",66,0.0372881355932203,"Decrease",1679,3434,1679
"06_UHGtBtCEoaUWRP","itt_fullspec_bn_employed_treat_HD","treat_HD",66,0.0372881355932203,"Decrease",1053,2152,1053
"06_UHGtBtCEoaUWRP","itt_fullspec_bn_employed_treat_HD","treat_HD",66,0.0372881355932203,"Decrease",1655,3386,1655
"06_UHGtBtCEoaUWRP","itt_fullspec_bn_employed_treat_HD","treat_HD",66,0.0372881355932203,"Decrease",932,1903,932
"06_UHGtBtCEoaUWRP","itt_fullspec_bn_employed_treat_HD","treat_HD",66,0.0372881355932203,"Decrease",1712,3500,1712
"06_UHGtBtCEoaUWRP","itt_fullspec_bn_employed_treat_HD","treat_HD",66,0.0372881355932203,"Decrease",1591,3255,1591
"06_UHGtBtCEoaUWRP","itt_fullspec_bn_employed_treat_HD","treat_HD",66,0.0372881355932203,"Decrease",1531,3133,1531
"06_UHGtBtCEoaUWRP","itt_fullspec_bn_employed_treat_HD","treat_HD",66,0.0372881355932203,"Decrease",836,1708,836
"06_UHGtBtCEoaUWRP","itt_fullspec_bn_employed_treat_HD","treat_HD",66,0.0372881355932203,"Decrease",995,2032,995
"06_UHGtBtCEoaUWRP","itt_fullspec_bn_employed_treat_HD","treat_HD",66,0.0372881355932203,"Decrease",74,151,74
"06_UHGtBtCEoaUWRP","itt_fullspec_bn_employed_treat_HD","treat_HD",66,0.0372881355932203,"Decrease",942,1923,942
"06_UHGtBtCEoaUWRP","itt_fullspec_bn_employed_treat_HD","treat_HD",66,0.0372881355932203,"Decrease",1496,3063,1496
"06_UHGtBtCEoaUWRP","itt_fullspec_bn_employed_treat_HD","treat_HD",66,0.0372881355932203,"Decrease",1678,3432,1678
"06_UHGtBtCEoaUWRP","itt_fullspec_bn_employed_treat_HD","treat_HD",66,0.0372881355932203,"Decrease",565,1159,565
"06_UHGtBtCEoaUWRP","itt_fullspec_bn_employed_treat_HD","treat_HD",66,0.0372881355932203,"Decrease",1389,2844,1389
"06_UHGtBtCEoaUWRP","itt_fullspec_bn_employed_treat_HD","treat_HD",66,0.0372881355932203,"Decrease",78,159,78
"06_UHGtBtCEoaUWRP","itt_fullspec_bn_employed_treat_HD","treat_HD",66,0.0372881355932203,"Decrease",1641,3356,1641
"06_UHGtBtCEoaUWRP","itt_fullspec_bn_employed_treat_HD","treat_HD",66,0.0372881355932203,"Decrease",172,356,172
"06_UHGtBtCEoaUWRP","itt_fullspec_bn_employed_treat_HD","treat_HD",66,0.0372881355932203,"Decrease",940,1919,940
"06_UHGtBtCEoaUWRP","itt_fullspec_bn_employed_treat_HD","treat_HD",66,0.0372881355932203,"Decrease",1073,2194,1073
"06_UHGtBtCEoaUWRP","itt_fullspec_bn_employed_treat_HD","treat_HD",66,0.0372881355932203,"Decrease",1095,2238,1095
"06_UHGtBtCEoaUWRP","itt_fullspec_bn_employed_treat_HD","treat_HD",66,0.0372881355932203,"Decrease",1708,3492,1708
"06_UHGtBtCEoaUWRP","itt_fullspec_bn_employed_treat_HD","treat_HD",66,0.0372881355932203,"Decrease",444,912,444
"06_UHGtBtCEoaUWRP","itt_fullspec_bn_employed_treat_HD","treat_HD",66,0.0372881355932203,"Decrease",489,1004,489
"06_UHGtBtCEoaUWRP","itt_fullspec_bn_employed_treat_HD","treat_HD",66,0.0372881355932203,"Decrease",971,1983,971
"06_UHGtBtCEoaUWRP","itt_fullspec_bn_employed_treat_HD","treat_HD",66,0.0372881355932203,"Decrease",616,1264,616
"06_UHGtBtCEoaUWRP","itt_fullspec_bn_employed_treat_HD","treat_HD",66,0.0372881355932203,"Decrease",686,1405,686
"06_UHGtBtCEoaUWRP","itt_fullspec_bn_employed_treat_HD","treat_HD",66,0.0372881355932203,"Decrease",1715,3506,1715
"06_UHGtBtCEoaUWRP","itt_fullspec_bn_employed_treat_HD","treat_HD",66,0.0372881355932203,"Decrease",658,1349,658
"06_UHGtBtCEoaUWRP","itt_fullspec_bn_employed_treat_HD","treat_HD",66,0.0372881355932203,"Decrease",3,6,3
"06_UHGtBtCEoaUWRP","itt_fullspec_bn_employed_treat_HD","treat_HD",66,0.0372881355932203,"Decrease",656,1345,656
"06_UHGtBtCEoaUWRP","itt_fullspec_bn_employed_treat_HD","treat_HD",66,0.0372881355932203,"Decrease",925,1889,925
"06_UHGtBtCEoaUWRP","itt_fullspec_bn_employed_treat_HD","treat_HD",66,0.0372881355932203,"Decrease",1380,2826,1380
"06_UHGtBtCEoaUWRP","itt_fullspec_bn_employed_treat_HD","treat_HD",66,0.0372881355932203,"Decrease",579,1188,579
"06_UHGtBtCEoaUWRP","itt_fullspec_bn_employed_treat_HD","treat_HD",66,0.0372881355932203,"Decrease",1112,2273,1112
"06_UHGtBtCEoaUWRP","itt_fullspec_bn_employed_treat_HD","treat_HD",66,0.0372881355932203,"Decrease",1459,2987,1459
"06_UHGtBtCEoaUWRP","itt_fullspec_bn_employed_treat_HD","treat_HD",66,0.0372881355932203,"Decrease",84,173,84
"06_UHGtBtCEoaUWRP","itt_fullspec_bn_employed_treat_HD","treat_HD",66,0.0372881355932203,"Decrease",1219,2492,1219
"06_UHGtBtCEoaUWRP","itt_fullspec_bn_employed_treat_HD","treat_HD",66,0.0372881355932203,"Decrease",1754,3586,1754
"06_UHGtBtCEoaUWRP","itt_fullspec_bn_employed_treat_HD","treat_HD",66,0.0372881355932203,"Decrease",790,1616,790
"06_UHGtBtCEoaUWRP","itt_fullspec_bn_employed_treat_HD","treat_HD",66,0.0372881355932203,"Decrease",59,120,59
"06_UHGtBtCEoaUWRP","itt_fullspec_bn_employed_treat_HD","treat_HD",66,0.0372881355932203,"Decrease",905,1849,905
"06_UHGtBtCEoaUWRP","itt_fullspec_bn_employed_treat_HD","treat_HD",66,0.0372881355932203,"Decrease",862,1762,862
"06_UHGtBtCEoaUWRP","itt_fullspec_bn_employed_treat_HD","treat_HD",66,0.0372881355932203,"Decrease",22,45,22
"06_UHGtBtCEoaUWRP","itt_fullspec_bn_employed_treat_HD","treat_HD",66,0.0372881355932203,"Decrease",1228,2511,1228
"06_UHGtBtCEoaUWRP","itt_fullspec_bn_employed_treat_HD","treat_HD",66,0.0372881355932203,"Decrease",824,1684,824
"06_UHGtBtCEoaUWRP","itt_fullspec_bn_employed_treat_HD","treat_HD",66,0.0372881355932203,"Decrease",289,594,289
"06_UHGtBtCEoaUWRP","itt_fullspec_bn_employed_treat_HD","treat_HD",66,0.0372881355932203,"Decrease",1507,3085,1507
"06_UHGtBtCEoaUWRP","itt_fullspec_bn_employed_treat_HD","treat_HD",66,0.0372881355932203,"Decrease",1568,3207,1568
"06_UHGtBtCEoaUWRP","itt_fullspec_bn_employed_treat_HD","treat_HD",66,0.0372881355932203,"Decrease",1492,3055,1492
"06_UHGtBtCEoaUWRP","itt_fullspec_bn_employed_treat_HD","treat_HD",66,0.0372881355932203,"Decrease",246,505,246
"06_UHGtBtCEoaUWRP","itt_fullspec_bn_employed_treat_HD","treat_HD",66,0.0372881355932203,"Decrease",1629,3332,1629
"06_UHGtBtCEoaUWRP","itt_fullspec_bn_employed_treat_HD","treat_HD",66,0.0372881355932203,"Decrease",1097,2242,1097
"06_UHGtBtCEoaUWRP","itt_fullspec_bn_employed_treat_HD","treat_HD",66,0.0372881355932203,"Decrease",61,124,61
"06_UHGtBtCEoaUWRP","itt_fullspec_bn_employed_treat_HD","treat_HD",66,0.0372881355932203,"Decrease",634,1300,634
"06_UHGtBtCEoaUWRP","itt_fullspec_bn_employed_treat_HD","treat_HD",66,0.0372881355932203,"Decrease",114,237,114
"06_UHGtBtCEoaUWRP","itt_fullspec_bn_employed_treat_HD","treat_HD",66,0.0372881355932203,"Decrease",384,788,384
"06_UHGtBtCEoaUWRP","itt_fullspec_bn_employed_treat_HD","treat_HD",66,0.0372881355932203,"Decrease",350,719,350
"06_UHGtBtCEoaUWRP","itt_fullspec_bn_employed_treat_HD","treat_HD",66,0.0372881355932203,"Decrease",538,1104,538
"06_UHGtBtCEoaUWRP","itt_fullspec_bn_employed_treat_HD","treat_HD",66,0.0372881355932203,"Decrease",171,354,171
"06_UHGtBtCEoaUWRP","itt_fullspec_bn_employed_treat_HD","treat_HD",66,0.0372881355932203,"Decrease",1191,2434,1191
"06_UHGtBtCEoaUWRP","itt_fullspec_bn_employed_treat_HD","treat_HD",66,0.0372881355932203,"Decrease",1518,3107,1518
"06_UHGtBtCEoaUWRP","itt_fullspec_bn_employed_treat_HD","treat_HD",66,0.0372881355932203,"Decrease",311,640,311
"06_UHGtBtCEoaUWRP","itt_fullspec_bn_employed_treat_HD","treat_HD",66,0.0372881355932203,"Decrease",403,829,403
"06_UHGtBtCEoaUWRP","itt_fullspec_bn_employed_treat_HD","treat_HD",66,0.0372881355932203,"Decrease",400,823,400
"06_UHGtBtCEoaUWRP","itt_fullspec_bn_employed_treat_HD","treat_HD",67,0.0378531073446328,"Decrease",1691,3458,1691
"06_UHGtBtCEoaUWRP","itt_fullspec_bn_employed_treat_HD","treat_HD",67,0.0378531073446328,"Decrease",1679,3434,1679
"06_UHGtBtCEoaUWRP","itt_fullspec_bn_employed_treat_HD","treat_HD",67,0.0378531073446328,"Decrease",1053,2152,1053
"06_UHGtBtCEoaUWRP","itt_fullspec_bn_employed_treat_HD","treat_HD",67,0.0378531073446328,"Decrease",1655,3386,1655
"06_UHGtBtCEoaUWRP","itt_fullspec_bn_employed_treat_HD","treat_HD",67,0.0378531073446328,"Decrease",932,1903,932
"06_UHGtBtCEoaUWRP","itt_fullspec_bn_employed_treat_HD","treat_HD",67,0.0378531073446328,"Decrease",1712,3500,1712
"06_UHGtBtCEoaUWRP","itt_fullspec_bn_employed_treat_HD","treat_HD",67,0.0378531073446328,"Decrease",1591,3255,1591
"06_UHGtBtCEoaUWRP","itt_fullspec_bn_employed_treat_HD","treat_HD",67,0.0378531073446328,"Decrease",1531,3133,1531
"06_UHGtBtCEoaUWRP","itt_fullspec_bn_employed_treat_HD","treat_HD",67,0.0378531073446328,"Decrease",836,1708,836
"06_UHGtBtCEoaUWRP","itt_fullspec_bn_employed_treat_HD","treat_HD",67,0.0378531073446328,"Decrease",995,2032,995
"06_UHGtBtCEoaUWRP","itt_fullspec_bn_employed_treat_HD","treat_HD",67,0.0378531073446328,"Decrease",74,151,74
"06_UHGtBtCEoaUWRP","itt_fullspec_bn_employed_treat_HD","treat_HD",67,0.0378531073446328,"Decrease",942,1923,942
"06_UHGtBtCEoaUWRP","itt_fullspec_bn_employed_treat_HD","treat_HD",67,0.0378531073446328,"Decrease",1496,3063,1496
"06_UHGtBtCEoaUWRP","itt_fullspec_bn_employed_treat_HD","treat_HD",67,0.0378531073446328,"Decrease",1678,3432,1678
"06_UHGtBtCEoaUWRP","itt_fullspec_bn_employed_treat_HD","treat_HD",67,0.0378531073446328,"Decrease",565,1159,565
"06_UHGtBtCEoaUWRP","itt_fullspec_bn_employed_treat_HD","treat_HD",67,0.0378531073446328,"Decrease",1389,2844,1389
"06_UHGtBtCEoaUWRP","itt_fullspec_bn_employed_treat_HD","treat_HD",67,0.0378531073446328,"Decrease",78,159,78
"06_UHGtBtCEoaUWRP","itt_fullspec_bn_employed_treat_HD","treat_HD",67,0.0378531073446328,"Decrease",1641,3356,1641
"06_UHGtBtCEoaUWRP","itt_fullspec_bn_employed_treat_HD","treat_HD",67,0.0378531073446328,"Decrease",172,356,172
"06_UHGtBtCEoaUWRP","itt_fullspec_bn_employed_treat_HD","treat_HD",67,0.0378531073446328,"Decrease",940,1919,940
"06_UHGtBtCEoaUWRP","itt_fullspec_bn_employed_treat_HD","treat_HD",67,0.0378531073446328,"Decrease",1073,2194,1073
"06_UHGtBtCEoaUWRP","itt_fullspec_bn_employed_treat_HD","treat_HD",67,0.0378531073446328,"Decrease",1095,2238,1095
"06_UHGtBtCEoaUWRP","itt_fullspec_bn_employed_treat_HD","treat_HD",67,0.0378531073446328,"Decrease",1708,3492,1708
"06_UHGtBtCEoaUWRP","itt_fullspec_bn_employed_treat_HD","treat_HD",67,0.0378531073446328,"Decrease",444,912,444
"06_UHGtBtCEoaUWRP","itt_fullspec_bn_employed_treat_HD","treat_HD",67,0.0378531073446328,"Decrease",489,1004,489
"06_UHGtBtCEoaUWRP","itt_fullspec_bn_employed_treat_HD","treat_HD",67,0.0378531073446328,"Decrease",971,1983,971
"06_UHGtBtCEoaUWRP","itt_fullspec_bn_employed_treat_HD","treat_HD",67,0.0378531073446328,"Decrease",616,1264,616
"06_UHGtBtCEoaUWRP","itt_fullspec_bn_employed_treat_HD","treat_HD",67,0.0378531073446328,"Decrease",686,1405,686
"06_UHGtBtCEoaUWRP","itt_fullspec_bn_employed_treat_HD","treat_HD",67,0.0378531073446328,"Decrease",1715,3506,1715
"06_UHGtBtCEoaUWRP","itt_fullspec_bn_employed_treat_HD","treat_HD",67,0.0378531073446328,"Decrease",658,1349,658
"06_UHGtBtCEoaUWRP","itt_fullspec_bn_employed_treat_HD","treat_HD",67,0.0378531073446328,"Decrease",3,6,3
"06_UHGtBtCEoaUWRP","itt_fullspec_bn_employed_treat_HD","treat_HD",67,0.0378531073446328,"Decrease",656,1345,656
"06_UHGtBtCEoaUWRP","itt_fullspec_bn_employed_treat_HD","treat_HD",67,0.0378531073446328,"Decrease",925,1889,925
"06_UHGtBtCEoaUWRP","itt_fullspec_bn_employed_treat_HD","treat_HD",67,0.0378531073446328,"Decrease",579,1188,579
"06_UHGtBtCEoaUWRP","itt_fullspec_bn_employed_treat_HD","treat_HD",67,0.0378531073446328,"Decrease",1380,2826,1380
"06_UHGtBtCEoaUWRP","itt_fullspec_bn_employed_treat_HD","treat_HD",67,0.0378531073446328,"Decrease",1112,2273,1112
"06_UHGtBtCEoaUWRP","itt_fullspec_bn_employed_treat_HD","treat_HD",67,0.0378531073446328,"Decrease",1459,2987,1459
"06_UHGtBtCEoaUWRP","itt_fullspec_bn_employed_treat_HD","treat_HD",67,0.0378531073446328,"Decrease",84,173,84
"06_UHGtBtCEoaUWRP","itt_fullspec_bn_employed_treat_HD","treat_HD",67,0.0378531073446328,"Decrease",1219,2492,1219
"06_UHGtBtCEoaUWRP","itt_fullspec_bn_employed_treat_HD","treat_HD",67,0.0378531073446328,"Decrease",1754,3586,1754
"06_UHGtBtCEoaUWRP","itt_fullspec_bn_employed_treat_HD","treat_HD",67,0.0378531073446328,"Decrease",790,1616,790
"06_UHGtBtCEoaUWRP","itt_fullspec_bn_employed_treat_HD","treat_HD",67,0.0378531073446328,"Decrease",59,120,59
"06_UHGtBtCEoaUWRP","itt_fullspec_bn_employed_treat_HD","treat_HD",67,0.0378531073446328,"Decrease",905,1849,905
"06_UHGtBtCEoaUWRP","itt_fullspec_bn_employed_treat_HD","treat_HD",67,0.0378531073446328,"Decrease",862,1762,862
"06_UHGtBtCEoaUWRP","itt_fullspec_bn_employed_treat_HD","treat_HD",67,0.0378531073446328,"Decrease",22,45,22
"06_UHGtBtCEoaUWRP","itt_fullspec_bn_employed_treat_HD","treat_HD",67,0.0378531073446328,"Decrease",1228,2511,1228
"06_UHGtBtCEoaUWRP","itt_fullspec_bn_employed_treat_HD","treat_HD",67,0.0378531073446328,"Decrease",824,1684,824
"06_UHGtBtCEoaUWRP","itt_fullspec_bn_employed_treat_HD","treat_HD",67,0.0378531073446328,"Decrease",289,594,289
"06_UHGtBtCEoaUWRP","itt_fullspec_bn_employed_treat_HD","treat_HD",67,0.0378531073446328,"Decrease",1507,3085,1507
"06_UHGtBtCEoaUWRP","itt_fullspec_bn_employed_treat_HD","treat_HD",67,0.0378531073446328,"Decrease",1568,3207,1568
"06_UHGtBtCEoaUWRP","itt_fullspec_bn_employed_treat_HD","treat_HD",67,0.0378531073446328,"Decrease",1492,3055,1492
"06_UHGtBtCEoaUWRP","itt_fullspec_bn_employed_treat_HD","treat_HD",67,0.0378531073446328,"Decrease",1629,3332,1629
"06_UHGtBtCEoaUWRP","itt_fullspec_bn_employed_treat_HD","treat_HD",67,0.0378531073446328,"Decrease",246,505,246
"06_UHGtBtCEoaUWRP","itt_fullspec_bn_employed_treat_HD","treat_HD",67,0.0378531073446328,"Decrease",1097,2242,1097
"06_UHGtBtCEoaUWRP","itt_fullspec_bn_employed_treat_HD","treat_HD",67,0.0378531073446328,"Decrease",61,124,61
"06_UHGtBtCEoaUWRP","itt_fullspec_bn_employed_treat_HD","treat_HD",67,0.0378531073446328,"Decrease",634,1300,634
"06_UHGtBtCEoaUWRP","itt_fullspec_bn_employed_treat_HD","treat_HD",67,0.0378531073446328,"Decrease",384,788,384
"06_UHGtBtCEoaUWRP","itt_fullspec_bn_employed_treat_HD","treat_HD",67,0.0378531073446328,"Decrease",114,237,114
"06_UHGtBtCEoaUWRP","itt_fullspec_bn_employed_treat_HD","treat_HD",67,0.0378531073446328,"Decrease",538,1104,538
"06_UHGtBtCEoaUWRP","itt_fullspec_bn_employed_treat_HD","treat_HD",67,0.0378531073446328,"Decrease",350,719,350
"06_UHGtBtCEoaUWRP","itt_fullspec_bn_employed_treat_HD","treat_HD",67,0.0378531073446328,"Decrease",171,354,171
"06_UHGtBtCEoaUWRP","itt_fullspec_bn_employed_treat_HD","treat_HD",67,0.0378531073446328,"Decrease",1191,2434,1191
"06_UHGtBtCEoaUWRP","itt_fullspec_bn_employed_treat_HD","treat_HD",67,0.0378531073446328,"Decrease",1518,3107,1518
"06_UHGtBtCEoaUWRP","itt_fullspec_bn_employed_treat_HD","treat_HD",67,0.0378531073446328,"Decrease",311,640,311
"06_UHGtBtCEoaUWRP","itt_fullspec_bn_employed_treat_HD","treat_HD",67,0.0378531073446328,"Decrease",403,829,403
"06_UHGtBtCEoaUWRP","itt_fullspec_bn_employed_treat_HD","treat_HD",67,0.0378531073446328,"Decrease",400,823,400
"06_UHGtBtCEoaUWRP","itt_fullspec_bn_employed_treat_HD","treat_HD",67,0.0378531073446328,"Decrease",721,1476,721
"06_UHGtBtCEoaUWRP","itt_fullspec_bn_employed_treat_HD","treat_HD",68,0.0384180790960452,"Decrease",1691,3458,1691
"06_UHGtBtCEoaUWRP","itt_fullspec_bn_employed_treat_HD","treat_HD",68,0.0384180790960452,"Decrease",1679,3434,1679
"06_UHGtBtCEoaUWRP","itt_fullspec_bn_employed_treat_HD","treat_HD",68,0.0384180790960452,"Decrease",1053,2152,1053
"06_UHGtBtCEoaUWRP","itt_fullspec_bn_employed_treat_HD","treat_HD",68,0.0384180790960452,"Decrease",1655,3386,1655
"06_UHGtBtCEoaUWRP","itt_fullspec_bn_employed_treat_HD","treat_HD",68,0.0384180790960452,"Decrease",932,1903,932
"06_UHGtBtCEoaUWRP","itt_fullspec_bn_employed_treat_HD","treat_HD",68,0.0384180790960452,"Decrease",1712,3500,1712
"06_UHGtBtCEoaUWRP","itt_fullspec_bn_employed_treat_HD","treat_HD",68,0.0384180790960452,"Decrease",1591,3255,1591
"06_UHGtBtCEoaUWRP","itt_fullspec_bn_employed_treat_HD","treat_HD",68,0.0384180790960452,"Decrease",1531,3133,1531
"06_UHGtBtCEoaUWRP","itt_fullspec_bn_employed_treat_HD","treat_HD",68,0.0384180790960452,"Decrease",836,1708,836
"06_UHGtBtCEoaUWRP","itt_fullspec_bn_employed_treat_HD","treat_HD",68,0.0384180790960452,"Decrease",995,2032,995
"06_UHGtBtCEoaUWRP","itt_fullspec_bn_employed_treat_HD","treat_HD",68,0.0384180790960452,"Decrease",74,151,74
"06_UHGtBtCEoaUWRP","itt_fullspec_bn_employed_treat_HD","treat_HD",68,0.0384180790960452,"Decrease",942,1923,942
"06_UHGtBtCEoaUWRP","itt_fullspec_bn_employed_treat_HD","treat_HD",68,0.0384180790960452,"Decrease",1496,3063,1496
"06_UHGtBtCEoaUWRP","itt_fullspec_bn_employed_treat_HD","treat_HD",68,0.0384180790960452,"Decrease",1678,3432,1678
"06_UHGtBtCEoaUWRP","itt_fullspec_bn_employed_treat_HD","treat_HD",68,0.0384180790960452,"Decrease",565,1159,565
"06_UHGtBtCEoaUWRP","itt_fullspec_bn_employed_treat_HD","treat_HD",68,0.0384180790960452,"Decrease",1389,2844,1389
"06_UHGtBtCEoaUWRP","itt_fullspec_bn_employed_treat_HD","treat_HD",68,0.0384180790960452,"Decrease",78,159,78
"06_UHGtBtCEoaUWRP","itt_fullspec_bn_employed_treat_HD","treat_HD",68,0.0384180790960452,"Decrease",1641,3356,1641
"06_UHGtBtCEoaUWRP","itt_fullspec_bn_employed_treat_HD","treat_HD",68,0.0384180790960452,"Decrease",172,356,172
"06_UHGtBtCEoaUWRP","itt_fullspec_bn_employed_treat_HD","treat_HD",68,0.0384180790960452,"Decrease",940,1919,940
"06_UHGtBtCEoaUWRP","itt_fullspec_bn_employed_treat_HD","treat_HD",68,0.0384180790960452,"Decrease",1073,2194,1073
"06_UHGtBtCEoaUWRP","itt_fullspec_bn_employed_treat_HD","treat_HD",68,0.0384180790960452,"Decrease",1095,2238,1095
"06_UHGtBtCEoaUWRP","itt_fullspec_bn_employed_treat_HD","treat_HD",68,0.0384180790960452,"Decrease",1708,3492,1708
"06_UHGtBtCEoaUWRP","itt_fullspec_bn_employed_treat_HD","treat_HD",68,0.0384180790960452,"Decrease",444,912,444
"06_UHGtBtCEoaUWRP","itt_fullspec_bn_employed_treat_HD","treat_HD",68,0.0384180790960452,"Decrease",489,1004,489
"06_UHGtBtCEoaUWRP","itt_fullspec_bn_employed_treat_HD","treat_HD",68,0.0384180790960452,"Decrease",971,1983,971
"06_UHGtBtCEoaUWRP","itt_fullspec_bn_employed_treat_HD","treat_HD",68,0.0384180790960452,"Decrease",616,1264,616
"06_UHGtBtCEoaUWRP","itt_fullspec_bn_employed_treat_HD","treat_HD",68,0.0384180790960452,"Decrease",686,1405,686
"06_UHGtBtCEoaUWRP","itt_fullspec_bn_employed_treat_HD","treat_HD",68,0.0384180790960452,"Decrease",1715,3506,1715
"06_UHGtBtCEoaUWRP","itt_fullspec_bn_employed_treat_HD","treat_HD",68,0.0384180790960452,"Decrease",658,1349,658
"06_UHGtBtCEoaUWRP","itt_fullspec_bn_employed_treat_HD","treat_HD",68,0.0384180790960452,"Decrease",3,6,3
"06_UHGtBtCEoaUWRP","itt_fullspec_bn_employed_treat_HD","treat_HD",68,0.0384180790960452,"Decrease",656,1345,656
"06_UHGtBtCEoaUWRP","itt_fullspec_bn_employed_treat_HD","treat_HD",68,0.0384180790960452,"Decrease",925,1889,925
"06_UHGtBtCEoaUWRP","itt_fullspec_bn_employed_treat_HD","treat_HD",68,0.0384180790960452,"Decrease",579,1188,579
"06_UHGtBtCEoaUWRP","itt_fullspec_bn_employed_treat_HD","treat_HD",68,0.0384180790960452,"Decrease",1380,2826,1380
"06_UHGtBtCEoaUWRP","itt_fullspec_bn_employed_treat_HD","treat_HD",68,0.0384180790960452,"Decrease",1112,2273,1112
"06_UHGtBtCEoaUWRP","itt_fullspec_bn_employed_treat_HD","treat_HD",68,0.0384180790960452,"Decrease",1459,2987,1459
"06_UHGtBtCEoaUWRP","itt_fullspec_bn_employed_treat_HD","treat_HD",68,0.0384180790960452,"Decrease",84,173,84
"06_UHGtBtCEoaUWRP","itt_fullspec_bn_employed_treat_HD","treat_HD",68,0.0384180790960452,"Decrease",1219,2492,1219
"06_UHGtBtCEoaUWRP","itt_fullspec_bn_employed_treat_HD","treat_HD",68,0.0384180790960452,"Decrease",1754,3586,1754
"06_UHGtBtCEoaUWRP","itt_fullspec_bn_employed_treat_HD","treat_HD",68,0.0384180790960452,"Decrease",790,1616,790
"06_UHGtBtCEoaUWRP","itt_fullspec_bn_employed_treat_HD","treat_HD",68,0.0384180790960452,"Decrease",59,120,59
"06_UHGtBtCEoaUWRP","itt_fullspec_bn_employed_treat_HD","treat_HD",68,0.0384180790960452,"Decrease",905,1849,905
"06_UHGtBtCEoaUWRP","itt_fullspec_bn_employed_treat_HD","treat_HD",68,0.0384180790960452,"Decrease",862,1762,862
"06_UHGtBtCEoaUWRP","itt_fullspec_bn_employed_treat_HD","treat_HD",68,0.0384180790960452,"Decrease",1228,2511,1228
"06_UHGtBtCEoaUWRP","itt_fullspec_bn_employed_treat_HD","treat_HD",68,0.0384180790960452,"Decrease",22,45,22
"06_UHGtBtCEoaUWRP","itt_fullspec_bn_employed_treat_HD","treat_HD",68,0.0384180790960452,"Decrease",824,1684,824
"06_UHGtBtCEoaUWRP","itt_fullspec_bn_employed_treat_HD","treat_HD",68,0.0384180790960452,"Decrease",1507,3085,1507
"06_UHGtBtCEoaUWRP","itt_fullspec_bn_employed_treat_HD","treat_HD",68,0.0384180790960452,"Decrease",289,594,289
"06_UHGtBtCEoaUWRP","itt_fullspec_bn_employed_treat_HD","treat_HD",68,0.0384180790960452,"Decrease",1568,3207,1568
"06_UHGtBtCEoaUWRP","itt_fullspec_bn_employed_treat_HD","treat_HD",68,0.0384180790960452,"Decrease",1492,3055,1492
"06_UHGtBtCEoaUWRP","itt_fullspec_bn_employed_treat_HD","treat_HD",68,0.0384180790960452,"Decrease",1629,3332,1629
"06_UHGtBtCEoaUWRP","itt_fullspec_bn_employed_treat_HD","treat_HD",68,0.0384180790960452,"Decrease",246,505,246
"06_UHGtBtCEoaUWRP","itt_fullspec_bn_employed_treat_HD","treat_HD",68,0.0384180790960452,"Decrease",1097,2242,1097
"06_UHGtBtCEoaUWRP","itt_fullspec_bn_employed_treat_HD","treat_HD",68,0.0384180790960452,"Decrease",61,124,61
"06_UHGtBtCEoaUWRP","itt_fullspec_bn_employed_treat_HD","treat_HD",68,0.0384180790960452,"Decrease",634,1300,634
"06_UHGtBtCEoaUWRP","itt_fullspec_bn_employed_treat_HD","treat_HD",68,0.0384180790960452,"Decrease",384,788,384
"06_UHGtBtCEoaUWRP","itt_fullspec_bn_employed_treat_HD","treat_HD",68,0.0384180790960452,"Decrease",114,237,114
"06_UHGtBtCEoaUWRP","itt_fullspec_bn_employed_treat_HD","treat_HD",68,0.0384180790960452,"Decrease",538,1104,538
"06_UHGtBtCEoaUWRP","itt_fullspec_bn_employed_treat_HD","treat_HD",68,0.0384180790960452,"Decrease",350,719,350
"06_UHGtBtCEoaUWRP","itt_fullspec_bn_employed_treat_HD","treat_HD",68,0.0384180790960452,"Decrease",171,354,171
"06_UHGtBtCEoaUWRP","itt_fullspec_bn_employed_treat_HD","treat_HD",68,0.0384180790960452,"Decrease",1191,2434,1191
"06_UHGtBtCEoaUWRP","itt_fullspec_bn_employed_treat_HD","treat_HD",68,0.0384180790960452,"Decrease",1518,3107,1518
"06_UHGtBtCEoaUWRP","itt_fullspec_bn_employed_treat_HD","treat_HD",68,0.0384180790960452,"Decrease",311,640,311
"06_UHGtBtCEoaUWRP","itt_fullspec_bn_employed_treat_HD","treat_HD",68,0.0384180790960452,"Decrease",403,829,403
"06_UHGtBtCEoaUWRP","itt_fullspec_bn_employed_treat_HD","treat_HD",68,0.0384180790960452,"Decrease",400,823,400
"06_UHGtBtCEoaUWRP","itt_fullspec_bn_employed_treat_HD","treat_HD",68,0.0384180790960452,"Decrease",721,1476,721
"06_UHGtBtCEoaUWRP","itt_fullspec_bn_employed_treat_HD","treat_HD",68,0.0384180790960452,"Decrease",1318,2699,1318
"06_UHGtBtCEoaUWRP","itt_fullspec_bn_employed_treat_HD","treat_HD",69,0.0389830508474576,"Decrease",1691,3458,1691
"06_UHGtBtCEoaUWRP","itt_fullspec_bn_employed_treat_HD","treat_HD",69,0.0389830508474576,"Decrease",1679,3434,1679
"06_UHGtBtCEoaUWRP","itt_fullspec_bn_employed_treat_HD","treat_HD",69,0.0389830508474576,"Decrease",1655,3386,1655
"06_UHGtBtCEoaUWRP","itt_fullspec_bn_employed_treat_HD","treat_HD",69,0.0389830508474576,"Decrease",1053,2152,1053
"06_UHGtBtCEoaUWRP","itt_fullspec_bn_employed_treat_HD","treat_HD",69,0.0389830508474576,"Decrease",932,1903,932
"06_UHGtBtCEoaUWRP","itt_fullspec_bn_employed_treat_HD","treat_HD",69,0.0389830508474576,"Decrease",1712,3500,1712
"06_UHGtBtCEoaUWRP","itt_fullspec_bn_employed_treat_HD","treat_HD",69,0.0389830508474576,"Decrease",1591,3255,1591
"06_UHGtBtCEoaUWRP","itt_fullspec_bn_employed_treat_HD","treat_HD",69,0.0389830508474576,"Decrease",1531,3133,1531
"06_UHGtBtCEoaUWRP","itt_fullspec_bn_employed_treat_HD","treat_HD",69,0.0389830508474576,"Decrease",836,1708,836
"06_UHGtBtCEoaUWRP","itt_fullspec_bn_employed_treat_HD","treat_HD",69,0.0389830508474576,"Decrease",995,2032,995
"06_UHGtBtCEoaUWRP","itt_fullspec_bn_employed_treat_HD","treat_HD",69,0.0389830508474576,"Decrease",74,151,74
"06_UHGtBtCEoaUWRP","itt_fullspec_bn_employed_treat_HD","treat_HD",69,0.0389830508474576,"Decrease",942,1923,942
"06_UHGtBtCEoaUWRP","itt_fullspec_bn_employed_treat_HD","treat_HD",69,0.0389830508474576,"Decrease",1496,3063,1496
"06_UHGtBtCEoaUWRP","itt_fullspec_bn_employed_treat_HD","treat_HD",69,0.0389830508474576,"Decrease",1678,3432,1678
"06_UHGtBtCEoaUWRP","itt_fullspec_bn_employed_treat_HD","treat_HD",69,0.0389830508474576,"Decrease",565,1159,565
"06_UHGtBtCEoaUWRP","itt_fullspec_bn_employed_treat_HD","treat_HD",69,0.0389830508474576,"Decrease",1389,2844,1389
"06_UHGtBtCEoaUWRP","itt_fullspec_bn_employed_treat_HD","treat_HD",69,0.0389830508474576,"Decrease",78,159,78
"06_UHGtBtCEoaUWRP","itt_fullspec_bn_employed_treat_HD","treat_HD",69,0.0389830508474576,"Decrease",1641,3356,1641
"06_UHGtBtCEoaUWRP","itt_fullspec_bn_employed_treat_HD","treat_HD",69,0.0389830508474576,"Decrease",172,356,172
"06_UHGtBtCEoaUWRP","itt_fullspec_bn_employed_treat_HD","treat_HD",69,0.0389830508474576,"Decrease",940,1919,940
"06_UHGtBtCEoaUWRP","itt_fullspec_bn_employed_treat_HD","treat_HD",69,0.0389830508474576,"Decrease",1073,2194,1073
"06_UHGtBtCEoaUWRP","itt_fullspec_bn_employed_treat_HD","treat_HD",69,0.0389830508474576,"Decrease",1095,2238,1095
"06_UHGtBtCEoaUWRP","itt_fullspec_bn_employed_treat_HD","treat_HD",69,0.0389830508474576,"Decrease",1708,3492,1708
"06_UHGtBtCEoaUWRP","itt_fullspec_bn_employed_treat_HD","treat_HD",69,0.0389830508474576,"Decrease",444,912,444
"06_UHGtBtCEoaUWRP","itt_fullspec_bn_employed_treat_HD","treat_HD",69,0.0389830508474576,"Decrease",489,1004,489
"06_UHGtBtCEoaUWRP","itt_fullspec_bn_employed_treat_HD","treat_HD",69,0.0389830508474576,"Decrease",971,1983,971
"06_UHGtBtCEoaUWRP","itt_fullspec_bn_employed_treat_HD","treat_HD",69,0.0389830508474576,"Decrease",616,1264,616
"06_UHGtBtCEoaUWRP","itt_fullspec_bn_employed_treat_HD","treat_HD",69,0.0389830508474576,"Decrease",686,1405,686
"06_UHGtBtCEoaUWRP","itt_fullspec_bn_employed_treat_HD","treat_HD",69,0.0389830508474576,"Decrease",1715,3506,1715
"06_UHGtBtCEoaUWRP","itt_fullspec_bn_employed_treat_HD","treat_HD",69,0.0389830508474576,"Decrease",658,1349,658
"06_UHGtBtCEoaUWRP","itt_fullspec_bn_employed_treat_HD","treat_HD",69,0.0389830508474576,"Decrease",3,6,3
"06_UHGtBtCEoaUWRP","itt_fullspec_bn_employed_treat_HD","treat_HD",69,0.0389830508474576,"Decrease",656,1345,656
"06_UHGtBtCEoaUWRP","itt_fullspec_bn_employed_treat_HD","treat_HD",69,0.0389830508474576,"Decrease",579,1188,579
"06_UHGtBtCEoaUWRP","itt_fullspec_bn_employed_treat_HD","treat_HD",69,0.0389830508474576,"Decrease",925,1889,925
"06_UHGtBtCEoaUWRP","itt_fullspec_bn_employed_treat_HD","treat_HD",69,0.0389830508474576,"Decrease",1380,2826,1380
"06_UHGtBtCEoaUWRP","itt_fullspec_bn_employed_treat_HD","treat_HD",69,0.0389830508474576,"Decrease",1112,2273,1112
"06_UHGtBtCEoaUWRP","itt_fullspec_bn_employed_treat_HD","treat_HD",69,0.0389830508474576,"Decrease",1459,2987,1459
"06_UHGtBtCEoaUWRP","itt_fullspec_bn_employed_treat_HD","treat_HD",69,0.0389830508474576,"Decrease",84,173,84
"06_UHGtBtCEoaUWRP","itt_fullspec_bn_employed_treat_HD","treat_HD",69,0.0389830508474576,"Decrease",1219,2492,1219
"06_UHGtBtCEoaUWRP","itt_fullspec_bn_employed_treat_HD","treat_HD",69,0.0389830508474576,"Decrease",1754,3586,1754
"06_UHGtBtCEoaUWRP","itt_fullspec_bn_employed_treat_HD","treat_HD",69,0.0389830508474576,"Decrease",790,1616,790
"06_UHGtBtCEoaUWRP","itt_fullspec_bn_employed_treat_HD","treat_HD",69,0.0389830508474576,"Decrease",59,120,59
"06_UHGtBtCEoaUWRP","itt_fullspec_bn_employed_treat_HD","treat_HD",69,0.0389830508474576,"Decrease",905,1849,905
"06_UHGtBtCEoaUWRP","itt_fullspec_bn_employed_treat_HD","treat_HD",69,0.0389830508474576,"Decrease",862,1762,862
"06_UHGtBtCEoaUWRP","itt_fullspec_bn_employed_treat_HD","treat_HD",69,0.0389830508474576,"Decrease",1228,2511,1228
"06_UHGtBtCEoaUWRP","itt_fullspec_bn_employed_treat_HD","treat_HD",69,0.0389830508474576,"Decrease",22,45,22
"06_UHGtBtCEoaUWRP","itt_fullspec_bn_employed_treat_HD","treat_HD",69,0.0389830508474576,"Decrease",824,1684,824
"06_UHGtBtCEoaUWRP","itt_fullspec_bn_employed_treat_HD","treat_HD",69,0.0389830508474576,"Decrease",1507,3085,1507
"06_UHGtBtCEoaUWRP","itt_fullspec_bn_employed_treat_HD","treat_HD",69,0.0389830508474576,"Decrease",289,594,289
"06_UHGtBtCEoaUWRP","itt_fullspec_bn_employed_treat_HD","treat_HD",69,0.0389830508474576,"Decrease",1568,3207,1568
"06_UHGtBtCEoaUWRP","itt_fullspec_bn_employed_treat_HD","treat_HD",69,0.0389830508474576,"Decrease",1492,3055,1492
"06_UHGtBtCEoaUWRP","itt_fullspec_bn_employed_treat_HD","treat_HD",69,0.0389830508474576,"Decrease",1629,3332,1629
"06_UHGtBtCEoaUWRP","itt_fullspec_bn_employed_treat_HD","treat_HD",69,0.0389830508474576,"Decrease",246,505,246
"06_UHGtBtCEoaUWRP","itt_fullspec_bn_employed_treat_HD","treat_HD",69,0.0389830508474576,"Decrease",1097,2242,1097
"06_UHGtBtCEoaUWRP","itt_fullspec_bn_employed_treat_HD","treat_HD",69,0.0389830508474576,"Decrease",61,124,61
"06_UHGtBtCEoaUWRP","itt_fullspec_bn_employed_treat_HD","treat_HD",69,0.0389830508474576,"Decrease",634,1300,634
"06_UHGtBtCEoaUWRP","itt_fullspec_bn_employed_treat_HD","treat_HD",69,0.0389830508474576,"Decrease",384,788,384
"06_UHGtBtCEoaUWRP","itt_fullspec_bn_employed_treat_HD","treat_HD",69,0.0389830508474576,"Decrease",114,237,114
"06_UHGtBtCEoaUWRP","itt_fullspec_bn_employed_treat_HD","treat_HD",69,0.0389830508474576,"Decrease",538,1104,538
"06_UHGtBtCEoaUWRP","itt_fullspec_bn_employed_treat_HD","treat_HD",69,0.0389830508474576,"Decrease",350,719,350
"06_UHGtBtCEoaUWRP","itt_fullspec_bn_employed_treat_HD","treat_HD",69,0.0389830508474576,"Decrease",171,354,171
"06_UHGtBtCEoaUWRP","itt_fullspec_bn_employed_treat_HD","treat_HD",69,0.0389830508474576,"Decrease",1191,2434,1191
"06_UHGtBtCEoaUWRP","itt_fullspec_bn_employed_treat_HD","treat_HD",69,0.0389830508474576,"Decrease",1518,3107,1518
"06_UHGtBtCEoaUWRP","itt_fullspec_bn_employed_treat_HD","treat_HD",69,0.0389830508474576,"Decrease",311,640,311
"06_UHGtBtCEoaUWRP","itt_fullspec_bn_employed_treat_HD","treat_HD",69,0.0389830508474576,"Decrease",403,829,403
"06_UHGtBtCEoaUWRP","itt_fullspec_bn_employed_treat_HD","treat_HD",69,0.0389830508474576,"Decrease",400,823,400
"06_UHGtBtCEoaUWRP","itt_fullspec_bn_employed_treat_HD","treat_HD",69,0.0389830508474576,"Decrease",721,1476,721
"06_UHGtBtCEoaUWRP","itt_fullspec_bn_employed_treat_HD","treat_HD",69,0.0389830508474576,"Decrease",1318,2699,1318
"06_UHGtBtCEoaUWRP","itt_fullspec_bn_employed_treat_HD","treat_HD",69,0.0389830508474576,"Decrease",1525,3121,1525
"06_UHGtBtCEoaUWRP","itt_fullspec_bn_employed_treat_HD","treat_HD",70,0.0395480225988701,"Decrease",1691,3458,1691
"06_UHGtBtCEoaUWRP","itt_fullspec_bn_employed_treat_HD","treat_HD",70,0.0395480225988701,"Decrease",1679,3434,1679
"06_UHGtBtCEoaUWRP","itt_fullspec_bn_employed_treat_HD","treat_HD",70,0.0395480225988701,"Decrease",1655,3386,1655
"06_UHGtBtCEoaUWRP","itt_fullspec_bn_employed_treat_HD","treat_HD",70,0.0395480225988701,"Decrease",1053,2152,1053
"06_UHGtBtCEoaUWRP","itt_fullspec_bn_employed_treat_HD","treat_HD",70,0.0395480225988701,"Decrease",932,1903,932
"06_UHGtBtCEoaUWRP","itt_fullspec_bn_employed_treat_HD","treat_HD",70,0.0395480225988701,"Decrease",1712,3500,1712
"06_UHGtBtCEoaUWRP","itt_fullspec_bn_employed_treat_HD","treat_HD",70,0.0395480225988701,"Decrease",1591,3255,1591
"06_UHGtBtCEoaUWRP","itt_fullspec_bn_employed_treat_HD","treat_HD",70,0.0395480225988701,"Decrease",1531,3133,1531
"06_UHGtBtCEoaUWRP","itt_fullspec_bn_employed_treat_HD","treat_HD",70,0.0395480225988701,"Decrease",836,1708,836
"06_UHGtBtCEoaUWRP","itt_fullspec_bn_employed_treat_HD","treat_HD",70,0.0395480225988701,"Decrease",995,2032,995
"06_UHGtBtCEoaUWRP","itt_fullspec_bn_employed_treat_HD","treat_HD",70,0.0395480225988701,"Decrease",74,151,74
"06_UHGtBtCEoaUWRP","itt_fullspec_bn_employed_treat_HD","treat_HD",70,0.0395480225988701,"Decrease",942,1923,942
"06_UHGtBtCEoaUWRP","itt_fullspec_bn_employed_treat_HD","treat_HD",70,0.0395480225988701,"Decrease",1496,3063,1496
"06_UHGtBtCEoaUWRP","itt_fullspec_bn_employed_treat_HD","treat_HD",70,0.0395480225988701,"Decrease",1678,3432,1678
"06_UHGtBtCEoaUWRP","itt_fullspec_bn_employed_treat_HD","treat_HD",70,0.0395480225988701,"Decrease",565,1159,565
"06_UHGtBtCEoaUWRP","itt_fullspec_bn_employed_treat_HD","treat_HD",70,0.0395480225988701,"Decrease",1389,2844,1389
"06_UHGtBtCEoaUWRP","itt_fullspec_bn_employed_treat_HD","treat_HD",70,0.0395480225988701,"Decrease",78,159,78
"06_UHGtBtCEoaUWRP","itt_fullspec_bn_employed_treat_HD","treat_HD",70,0.0395480225988701,"Decrease",1641,3356,1641
"06_UHGtBtCEoaUWRP","itt_fullspec_bn_employed_treat_HD","treat_HD",70,0.0395480225988701,"Decrease",172,356,172
"06_UHGtBtCEoaUWRP","itt_fullspec_bn_employed_treat_HD","treat_HD",70,0.0395480225988701,"Decrease",940,1919,940
"06_UHGtBtCEoaUWRP","itt_fullspec_bn_employed_treat_HD","treat_HD",70,0.0395480225988701,"Decrease",1073,2194,1073
"06_UHGtBtCEoaUWRP","itt_fullspec_bn_employed_treat_HD","treat_HD",70,0.0395480225988701,"Decrease",1095,2238,1095
"06_UHGtBtCEoaUWRP","itt_fullspec_bn_employed_treat_HD","treat_HD",70,0.0395480225988701,"Decrease",1708,3492,1708
"06_UHGtBtCEoaUWRP","itt_fullspec_bn_employed_treat_HD","treat_HD",70,0.0395480225988701,"Decrease",444,912,444
"06_UHGtBtCEoaUWRP","itt_fullspec_bn_employed_treat_HD","treat_HD",70,0.0395480225988701,"Decrease",489,1004,489
"06_UHGtBtCEoaUWRP","itt_fullspec_bn_employed_treat_HD","treat_HD",70,0.0395480225988701,"Decrease",971,1983,971
"06_UHGtBtCEoaUWRP","itt_fullspec_bn_employed_treat_HD","treat_HD",70,0.0395480225988701,"Decrease",616,1264,616
"06_UHGtBtCEoaUWRP","itt_fullspec_bn_employed_treat_HD","treat_HD",70,0.0395480225988701,"Decrease",686,1405,686
"06_UHGtBtCEoaUWRP","itt_fullspec_bn_employed_treat_HD","treat_HD",70,0.0395480225988701,"Decrease",1715,3506,1715
"06_UHGtBtCEoaUWRP","itt_fullspec_bn_employed_treat_HD","treat_HD",70,0.0395480225988701,"Decrease",658,1349,658
"06_UHGtBtCEoaUWRP","itt_fullspec_bn_employed_treat_HD","treat_HD",70,0.0395480225988701,"Decrease",3,6,3
"06_UHGtBtCEoaUWRP","itt_fullspec_bn_employed_treat_HD","treat_HD",70,0.0395480225988701,"Decrease",656,1345,656
"06_UHGtBtCEoaUWRP","itt_fullspec_bn_employed_treat_HD","treat_HD",70,0.0395480225988701,"Decrease",579,1188,579
"06_UHGtBtCEoaUWRP","itt_fullspec_bn_employed_treat_HD","treat_HD",70,0.0395480225988701,"Decrease",925,1889,925
"06_UHGtBtCEoaUWRP","itt_fullspec_bn_employed_treat_HD","treat_HD",70,0.0395480225988701,"Decrease",1380,2826,1380
"06_UHGtBtCEoaUWRP","itt_fullspec_bn_employed_treat_HD","treat_HD",70,0.0395480225988701,"Decrease",1112,2273,1112
"06_UHGtBtCEoaUWRP","itt_fullspec_bn_employed_treat_HD","treat_HD",70,0.0395480225988701,"Decrease",1459,2987,1459
"06_UHGtBtCEoaUWRP","itt_fullspec_bn_employed_treat_HD","treat_HD",70,0.0395480225988701,"Decrease",84,173,84
"06_UHGtBtCEoaUWRP","itt_fullspec_bn_employed_treat_HD","treat_HD",70,0.0395480225988701,"Decrease",1219,2492,1219
"06_UHGtBtCEoaUWRP","itt_fullspec_bn_employed_treat_HD","treat_HD",70,0.0395480225988701,"Decrease",1754,3586,1754
"06_UHGtBtCEoaUWRP","itt_fullspec_bn_employed_treat_HD","treat_HD",70,0.0395480225988701,"Decrease",790,1616,790
"06_UHGtBtCEoaUWRP","itt_fullspec_bn_employed_treat_HD","treat_HD",70,0.0395480225988701,"Decrease",59,120,59
"06_UHGtBtCEoaUWRP","itt_fullspec_bn_employed_treat_HD","treat_HD",70,0.0395480225988701,"Decrease",905,1849,905
"06_UHGtBtCEoaUWRP","itt_fullspec_bn_employed_treat_HD","treat_HD",70,0.0395480225988701,"Decrease",862,1762,862
"06_UHGtBtCEoaUWRP","itt_fullspec_bn_employed_treat_HD","treat_HD",70,0.0395480225988701,"Decrease",1228,2511,1228
"06_UHGtBtCEoaUWRP","itt_fullspec_bn_employed_treat_HD","treat_HD",70,0.0395480225988701,"Decrease",22,45,22
"06_UHGtBtCEoaUWRP","itt_fullspec_bn_employed_treat_HD","treat_HD",70,0.0395480225988701,"Decrease",824,1684,824
"06_UHGtBtCEoaUWRP","itt_fullspec_bn_employed_treat_HD","treat_HD",70,0.0395480225988701,"Decrease",1507,3085,1507
"06_UHGtBtCEoaUWRP","itt_fullspec_bn_employed_treat_HD","treat_HD",70,0.0395480225988701,"Decrease",289,594,289
"06_UHGtBtCEoaUWRP","itt_fullspec_bn_employed_treat_HD","treat_HD",70,0.0395480225988701,"Decrease",1568,3207,1568
"06_UHGtBtCEoaUWRP","itt_fullspec_bn_employed_treat_HD","treat_HD",70,0.0395480225988701,"Decrease",1492,3055,1492
"06_UHGtBtCEoaUWRP","itt_fullspec_bn_employed_treat_HD","treat_HD",70,0.0395480225988701,"Decrease",1629,3332,1629
"06_UHGtBtCEoaUWRP","itt_fullspec_bn_employed_treat_HD","treat_HD",70,0.0395480225988701,"Decrease",246,505,246
"06_UHGtBtCEoaUWRP","itt_fullspec_bn_employed_treat_HD","treat_HD",70,0.0395480225988701,"Decrease",1097,2242,1097
"06_UHGtBtCEoaUWRP","itt_fullspec_bn_employed_treat_HD","treat_HD",70,0.0395480225988701,"Decrease",61,124,61
"06_UHGtBtCEoaUWRP","itt_fullspec_bn_employed_treat_HD","treat_HD",70,0.0395480225988701,"Decrease",634,1300,634
"06_UHGtBtCEoaUWRP","itt_fullspec_bn_employed_treat_HD","treat_HD",70,0.0395480225988701,"Decrease",384,788,384
"06_UHGtBtCEoaUWRP","itt_fullspec_bn_employed_treat_HD","treat_HD",70,0.0395480225988701,"Decrease",114,237,114
"06_UHGtBtCEoaUWRP","itt_fullspec_bn_employed_treat_HD","treat_HD",70,0.0395480225988701,"Decrease",538,1104,538
"06_UHGtBtCEoaUWRP","itt_fullspec_bn_employed_treat_HD","treat_HD",70,0.0395480225988701,"Decrease",350,719,350
"06_UHGtBtCEoaUWRP","itt_fullspec_bn_employed_treat_HD","treat_HD",70,0.0395480225988701,"Decrease",171,354,171
"06_UHGtBtCEoaUWRP","itt_fullspec_bn_employed_treat_HD","treat_HD",70,0.0395480225988701,"Decrease",1191,2434,1191
"06_UHGtBtCEoaUWRP","itt_fullspec_bn_employed_treat_HD","treat_HD",70,0.0395480225988701,"Decrease",1518,3107,1518
"06_UHGtBtCEoaUWRP","itt_fullspec_bn_employed_treat_HD","treat_HD",70,0.0395480225988701,"Decrease",311,640,311
"06_UHGtBtCEoaUWRP","itt_fullspec_bn_employed_treat_HD","treat_HD",70,0.0395480225988701,"Decrease",403,829,403
"06_UHGtBtCEoaUWRP","itt_fullspec_bn_employed_treat_HD","treat_HD",70,0.0395480225988701,"Decrease",400,823,400
"06_UHGtBtCEoaUWRP","itt_fullspec_bn_employed_treat_HD","treat_HD",70,0.0395480225988701,"Decrease",721,1476,721
"06_UHGtBtCEoaUWRP","itt_fullspec_bn_employed_treat_HD","treat_HD",70,0.0395480225988701,"Decrease",1318,2699,1318
"06_UHGtBtCEoaUWRP","itt_fullspec_bn_employed_treat_HD","treat_HD",70,0.0395480225988701,"Decrease",1525,3121,1525
"06_UHGtBtCEoaUWRP","itt_fullspec_bn_employed_treat_HD","treat_HD",70,0.0395480225988701,"Decrease",623,1278,623
"06_UHGtBtCEoaUWRP","itt_fullspec_bn_employed_treat_HD","treat_HD",71,0.0401129943502825,"Decrease",1691,3458,1691
"06_UHGtBtCEoaUWRP","itt_fullspec_bn_employed_treat_HD","treat_HD",71,0.0401129943502825,"Decrease",1679,3434,1679
"06_UHGtBtCEoaUWRP","itt_fullspec_bn_employed_treat_HD","treat_HD",71,0.0401129943502825,"Decrease",1655,3386,1655
"06_UHGtBtCEoaUWRP","itt_fullspec_bn_employed_treat_HD","treat_HD",71,0.0401129943502825,"Decrease",1053,2152,1053
"06_UHGtBtCEoaUWRP","itt_fullspec_bn_employed_treat_HD","treat_HD",71,0.0401129943502825,"Decrease",932,1903,932
"06_UHGtBtCEoaUWRP","itt_fullspec_bn_employed_treat_HD","treat_HD",71,0.0401129943502825,"Decrease",1712,3500,1712
"06_UHGtBtCEoaUWRP","itt_fullspec_bn_employed_treat_HD","treat_HD",71,0.0401129943502825,"Decrease",1591,3255,1591
"06_UHGtBtCEoaUWRP","itt_fullspec_bn_employed_treat_HD","treat_HD",71,0.0401129943502825,"Decrease",1531,3133,1531
"06_UHGtBtCEoaUWRP","itt_fullspec_bn_employed_treat_HD","treat_HD",71,0.0401129943502825,"Decrease",836,1708,836
"06_UHGtBtCEoaUWRP","itt_fullspec_bn_employed_treat_HD","treat_HD",71,0.0401129943502825,"Decrease",995,2032,995
"06_UHGtBtCEoaUWRP","itt_fullspec_bn_employed_treat_HD","treat_HD",71,0.0401129943502825,"Decrease",74,151,74
"06_UHGtBtCEoaUWRP","itt_fullspec_bn_employed_treat_HD","treat_HD",71,0.0401129943502825,"Decrease",942,1923,942
"06_UHGtBtCEoaUWRP","itt_fullspec_bn_employed_treat_HD","treat_HD",71,0.0401129943502825,"Decrease",1496,3063,1496
"06_UHGtBtCEoaUWRP","itt_fullspec_bn_employed_treat_HD","treat_HD",71,0.0401129943502825,"Decrease",1678,3432,1678
"06_UHGtBtCEoaUWRP","itt_fullspec_bn_employed_treat_HD","treat_HD",71,0.0401129943502825,"Decrease",565,1159,565
"06_UHGtBtCEoaUWRP","itt_fullspec_bn_employed_treat_HD","treat_HD",71,0.0401129943502825,"Decrease",1389,2844,1389
"06_UHGtBtCEoaUWRP","itt_fullspec_bn_employed_treat_HD","treat_HD",71,0.0401129943502825,"Decrease",78,159,78
"06_UHGtBtCEoaUWRP","itt_fullspec_bn_employed_treat_HD","treat_HD",71,0.0401129943502825,"Decrease",1641,3356,1641
"06_UHGtBtCEoaUWRP","itt_fullspec_bn_employed_treat_HD","treat_HD",71,0.0401129943502825,"Decrease",172,356,172
"06_UHGtBtCEoaUWRP","itt_fullspec_bn_employed_treat_HD","treat_HD",71,0.0401129943502825,"Decrease",940,1919,940
"06_UHGtBtCEoaUWRP","itt_fullspec_bn_employed_treat_HD","treat_HD",71,0.0401129943502825,"Decrease",1073,2194,1073
"06_UHGtBtCEoaUWRP","itt_fullspec_bn_employed_treat_HD","treat_HD",71,0.0401129943502825,"Decrease",1095,2238,1095
"06_UHGtBtCEoaUWRP","itt_fullspec_bn_employed_treat_HD","treat_HD",71,0.0401129943502825,"Decrease",1708,3492,1708
"06_UHGtBtCEoaUWRP","itt_fullspec_bn_employed_treat_HD","treat_HD",71,0.0401129943502825,"Decrease",444,912,444
"06_UHGtBtCEoaUWRP","itt_fullspec_bn_employed_treat_HD","treat_HD",71,0.0401129943502825,"Decrease",489,1004,489
"06_UHGtBtCEoaUWRP","itt_fullspec_bn_employed_treat_HD","treat_HD",71,0.0401129943502825,"Decrease",971,1983,971
"06_UHGtBtCEoaUWRP","itt_fullspec_bn_employed_treat_HD","treat_HD",71,0.0401129943502825,"Decrease",616,1264,616
"06_UHGtBtCEoaUWRP","itt_fullspec_bn_employed_treat_HD","treat_HD",71,0.0401129943502825,"Decrease",686,1405,686
"06_UHGtBtCEoaUWRP","itt_fullspec_bn_employed_treat_HD","treat_HD",71,0.0401129943502825,"Decrease",1715,3506,1715
"06_UHGtBtCEoaUWRP","itt_fullspec_bn_employed_treat_HD","treat_HD",71,0.0401129943502825,"Decrease",658,1349,658
"06_UHGtBtCEoaUWRP","itt_fullspec_bn_employed_treat_HD","treat_HD",71,0.0401129943502825,"Decrease",3,6,3
"06_UHGtBtCEoaUWRP","itt_fullspec_bn_employed_treat_HD","treat_HD",71,0.0401129943502825,"Decrease",656,1345,656
"06_UHGtBtCEoaUWRP","itt_fullspec_bn_employed_treat_HD","treat_HD",71,0.0401129943502825,"Decrease",579,1188,579
"06_UHGtBtCEoaUWRP","itt_fullspec_bn_employed_treat_HD","treat_HD",71,0.0401129943502825,"Decrease",925,1889,925
"06_UHGtBtCEoaUWRP","itt_fullspec_bn_employed_treat_HD","treat_HD",71,0.0401129943502825,"Decrease",1380,2826,1380
"06_UHGtBtCEoaUWRP","itt_fullspec_bn_employed_treat_HD","treat_HD",71,0.0401129943502825,"Decrease",1112,2273,1112
"06_UHGtBtCEoaUWRP","itt_fullspec_bn_employed_treat_HD","treat_HD",71,0.0401129943502825,"Decrease",1459,2987,1459
"06_UHGtBtCEoaUWRP","itt_fullspec_bn_employed_treat_HD","treat_HD",71,0.0401129943502825,"Decrease",84,173,84
"06_UHGtBtCEoaUWRP","itt_fullspec_bn_employed_treat_HD","treat_HD",71,0.0401129943502825,"Decrease",1219,2492,1219
"06_UHGtBtCEoaUWRP","itt_fullspec_bn_employed_treat_HD","treat_HD",71,0.0401129943502825,"Decrease",1754,3586,1754
"06_UHGtBtCEoaUWRP","itt_fullspec_bn_employed_treat_HD","treat_HD",71,0.0401129943502825,"Decrease",790,1616,790
"06_UHGtBtCEoaUWRP","itt_fullspec_bn_employed_treat_HD","treat_HD",71,0.0401129943502825,"Decrease",59,120,59
"06_UHGtBtCEoaUWRP","itt_fullspec_bn_employed_treat_HD","treat_HD",71,0.0401129943502825,"Decrease",905,1849,905
"06_UHGtBtCEoaUWRP","itt_fullspec_bn_employed_treat_HD","treat_HD",71,0.0401129943502825,"Decrease",862,1762,862
"06_UHGtBtCEoaUWRP","itt_fullspec_bn_employed_treat_HD","treat_HD",71,0.0401129943502825,"Decrease",1228,2511,1228
"06_UHGtBtCEoaUWRP","itt_fullspec_bn_employed_treat_HD","treat_HD",71,0.0401129943502825,"Decrease",22,45,22
"06_UHGtBtCEoaUWRP","itt_fullspec_bn_employed_treat_HD","treat_HD",71,0.0401129943502825,"Decrease",824,1684,824
"06_UHGtBtCEoaUWRP","itt_fullspec_bn_employed_treat_HD","treat_HD",71,0.0401129943502825,"Decrease",1507,3085,1507
"06_UHGtBtCEoaUWRP","itt_fullspec_bn_employed_treat_HD","treat_HD",71,0.0401129943502825,"Decrease",289,594,289
"06_UHGtBtCEoaUWRP","itt_fullspec_bn_employed_treat_HD","treat_HD",71,0.0401129943502825,"Decrease",1568,3207,1568
"06_UHGtBtCEoaUWRP","itt_fullspec_bn_employed_treat_HD","treat_HD",71,0.0401129943502825,"Decrease",1492,3055,1492
"06_UHGtBtCEoaUWRP","itt_fullspec_bn_employed_treat_HD","treat_HD",71,0.0401129943502825,"Decrease",1629,3332,1629
"06_UHGtBtCEoaUWRP","itt_fullspec_bn_employed_treat_HD","treat_HD",71,0.0401129943502825,"Decrease",246,505,246
"06_UHGtBtCEoaUWRP","itt_fullspec_bn_employed_treat_HD","treat_HD",71,0.0401129943502825,"Decrease",1097,2242,1097
"06_UHGtBtCEoaUWRP","itt_fullspec_bn_employed_treat_HD","treat_HD",71,0.0401129943502825,"Decrease",61,124,61
"06_UHGtBtCEoaUWRP","itt_fullspec_bn_employed_treat_HD","treat_HD",71,0.0401129943502825,"Decrease",634,1300,634
"06_UHGtBtCEoaUWRP","itt_fullspec_bn_employed_treat_HD","treat_HD",71,0.0401129943502825,"Decrease",384,788,384
"06_UHGtBtCEoaUWRP","itt_fullspec_bn_employed_treat_HD","treat_HD",71,0.0401129943502825,"Decrease",538,1104,538
"06_UHGtBtCEoaUWRP","itt_fullspec_bn_employed_treat_HD","treat_HD",71,0.0401129943502825,"Decrease",114,237,114
"06_UHGtBtCEoaUWRP","itt_fullspec_bn_employed_treat_HD","treat_HD",71,0.0401129943502825,"Decrease",350,719,350
"06_UHGtBtCEoaUWRP","itt_fullspec_bn_employed_treat_HD","treat_HD",71,0.0401129943502825,"Decrease",171,354,171
"06_UHGtBtCEoaUWRP","itt_fullspec_bn_employed_treat_HD","treat_HD",71,0.0401129943502825,"Decrease",1191,2434,1191
"06_UHGtBtCEoaUWRP","itt_fullspec_bn_employed_treat_HD","treat_HD",71,0.0401129943502825,"Decrease",1518,3107,1518
"06_UHGtBtCEoaUWRP","itt_fullspec_bn_employed_treat_HD","treat_HD",71,0.0401129943502825,"Decrease",311,640,311
"06_UHGtBtCEoaUWRP","itt_fullspec_bn_employed_treat_HD","treat_HD",71,0.0401129943502825,"Decrease",403,829,403
"06_UHGtBtCEoaUWRP","itt_fullspec_bn_employed_treat_HD","treat_HD",71,0.0401129943502825,"Decrease",400,823,400
"06_UHGtBtCEoaUWRP","itt_fullspec_bn_employed_treat_HD","treat_HD",71,0.0401129943502825,"Decrease",1318,2699,1318
"06_UHGtBtCEoaUWRP","itt_fullspec_bn_employed_treat_HD","treat_HD",71,0.0401129943502825,"Decrease",721,1476,721
"06_UHGtBtCEoaUWRP","itt_fullspec_bn_employed_treat_HD","treat_HD",71,0.0401129943502825,"Decrease",623,1278,623
"06_UHGtBtCEoaUWRP","itt_fullspec_bn_employed_treat_HD","treat_HD",71,0.0401129943502825,"Decrease",1525,3121,1525
"06_UHGtBtCEoaUWRP","itt_fullspec_bn_employed_treat_HD","treat_HD",71,0.0401129943502825,"Decrease",875,1789,875
"06_UHGtBtCEoaUWRP","itt_fullspec_bn_employed_treat_HD","treat_HD",72,0.0406779661016949,"Decrease",1691,3458,1691
"06_UHGtBtCEoaUWRP","itt_fullspec_bn_employed_treat_HD","treat_HD",72,0.0406779661016949,"Decrease",1679,3434,1679
"06_UHGtBtCEoaUWRP","itt_fullspec_bn_employed_treat_HD","treat_HD",72,0.0406779661016949,"Decrease",1655,3386,1655
"06_UHGtBtCEoaUWRP","itt_fullspec_bn_employed_treat_HD","treat_HD",72,0.0406779661016949,"Decrease",1053,2152,1053
"06_UHGtBtCEoaUWRP","itt_fullspec_bn_employed_treat_HD","treat_HD",72,0.0406779661016949,"Decrease",932,1903,932
"06_UHGtBtCEoaUWRP","itt_fullspec_bn_employed_treat_HD","treat_HD",72,0.0406779661016949,"Decrease",1712,3500,1712
"06_UHGtBtCEoaUWRP","itt_fullspec_bn_employed_treat_HD","treat_HD",72,0.0406779661016949,"Decrease",1591,3255,1591
"06_UHGtBtCEoaUWRP","itt_fullspec_bn_employed_treat_HD","treat_HD",72,0.0406779661016949,"Decrease",1531,3133,1531
"06_UHGtBtCEoaUWRP","itt_fullspec_bn_employed_treat_HD","treat_HD",72,0.0406779661016949,"Decrease",836,1708,836
"06_UHGtBtCEoaUWRP","itt_fullspec_bn_employed_treat_HD","treat_HD",72,0.0406779661016949,"Decrease",995,2032,995
"06_UHGtBtCEoaUWRP","itt_fullspec_bn_employed_treat_HD","treat_HD",72,0.0406779661016949,"Decrease",74,151,74
"06_UHGtBtCEoaUWRP","itt_fullspec_bn_employed_treat_HD","treat_HD",72,0.0406779661016949,"Decrease",942,1923,942
"06_UHGtBtCEoaUWRP","itt_fullspec_bn_employed_treat_HD","treat_HD",72,0.0406779661016949,"Decrease",1678,3432,1678
"06_UHGtBtCEoaUWRP","itt_fullspec_bn_employed_treat_HD","treat_HD",72,0.0406779661016949,"Decrease",1496,3063,1496
"06_UHGtBtCEoaUWRP","itt_fullspec_bn_employed_treat_HD","treat_HD",72,0.0406779661016949,"Decrease",565,1159,565
"06_UHGtBtCEoaUWRP","itt_fullspec_bn_employed_treat_HD","treat_HD",72,0.0406779661016949,"Decrease",1389,2844,1389
"06_UHGtBtCEoaUWRP","itt_fullspec_bn_employed_treat_HD","treat_HD",72,0.0406779661016949,"Decrease",78,159,78
"06_UHGtBtCEoaUWRP","itt_fullspec_bn_employed_treat_HD","treat_HD",72,0.0406779661016949,"Decrease",1641,3356,1641
"06_UHGtBtCEoaUWRP","itt_fullspec_bn_employed_treat_HD","treat_HD",72,0.0406779661016949,"Decrease",172,356,172
"06_UHGtBtCEoaUWRP","itt_fullspec_bn_employed_treat_HD","treat_HD",72,0.0406779661016949,"Decrease",940,1919,940
"06_UHGtBtCEoaUWRP","itt_fullspec_bn_employed_treat_HD","treat_HD",72,0.0406779661016949,"Decrease",1073,2194,1073
"06_UHGtBtCEoaUWRP","itt_fullspec_bn_employed_treat_HD","treat_HD",72,0.0406779661016949,"Decrease",1095,2238,1095
"06_UHGtBtCEoaUWRP","itt_fullspec_bn_employed_treat_HD","treat_HD",72,0.0406779661016949,"Decrease",1708,3492,1708
"06_UHGtBtCEoaUWRP","itt_fullspec_bn_employed_treat_HD","treat_HD",72,0.0406779661016949,"Decrease",444,912,444
"06_UHGtBtCEoaUWRP","itt_fullspec_bn_employed_treat_HD","treat_HD",72,0.0406779661016949,"Decrease",489,1004,489
"06_UHGtBtCEoaUWRP","itt_fullspec_bn_employed_treat_HD","treat_HD",72,0.0406779661016949,"Decrease",971,1983,971
"06_UHGtBtCEoaUWRP","itt_fullspec_bn_employed_treat_HD","treat_HD",72,0.0406779661016949,"Decrease",616,1264,616
"06_UHGtBtCEoaUWRP","itt_fullspec_bn_employed_treat_HD","treat_HD",72,0.0406779661016949,"Decrease",686,1405,686
"06_UHGtBtCEoaUWRP","itt_fullspec_bn_employed_treat_HD","treat_HD",72,0.0406779661016949,"Decrease",1715,3506,1715
"06_UHGtBtCEoaUWRP","itt_fullspec_bn_employed_treat_HD","treat_HD",72,0.0406779661016949,"Decrease",658,1349,658
"06_UHGtBtCEoaUWRP","itt_fullspec_bn_employed_treat_HD","treat_HD",72,0.0406779661016949,"Decrease",656,1345,656
"06_UHGtBtCEoaUWRP","itt_fullspec_bn_employed_treat_HD","treat_HD",72,0.0406779661016949,"Decrease",3,6,3
"06_UHGtBtCEoaUWRP","itt_fullspec_bn_employed_treat_HD","treat_HD",72,0.0406779661016949,"Decrease",579,1188,579
"06_UHGtBtCEoaUWRP","itt_fullspec_bn_employed_treat_HD","treat_HD",72,0.0406779661016949,"Decrease",925,1889,925
"06_UHGtBtCEoaUWRP","itt_fullspec_bn_employed_treat_HD","treat_HD",72,0.0406779661016949,"Decrease",1380,2826,1380
"06_UHGtBtCEoaUWRP","itt_fullspec_bn_employed_treat_HD","treat_HD",72,0.0406779661016949,"Decrease",1112,2273,1112
"06_UHGtBtCEoaUWRP","itt_fullspec_bn_employed_treat_HD","treat_HD",72,0.0406779661016949,"Decrease",1459,2987,1459
"06_UHGtBtCEoaUWRP","itt_fullspec_bn_employed_treat_HD","treat_HD",72,0.0406779661016949,"Decrease",84,173,84
"06_UHGtBtCEoaUWRP","itt_fullspec_bn_employed_treat_HD","treat_HD",72,0.0406779661016949,"Decrease",790,1616,790
"06_UHGtBtCEoaUWRP","itt_fullspec_bn_employed_treat_HD","treat_HD",72,0.0406779661016949,"Decrease",1219,2492,1219
"06_UHGtBtCEoaUWRP","itt_fullspec_bn_employed_treat_HD","treat_HD",72,0.0406779661016949,"Decrease",1754,3586,1754
"06_UHGtBtCEoaUWRP","itt_fullspec_bn_employed_treat_HD","treat_HD",72,0.0406779661016949,"Decrease",59,120,59
"06_UHGtBtCEoaUWRP","itt_fullspec_bn_employed_treat_HD","treat_HD",72,0.0406779661016949,"Decrease",905,1849,905
"06_UHGtBtCEoaUWRP","itt_fullspec_bn_employed_treat_HD","treat_HD",72,0.0406779661016949,"Decrease",862,1762,862
"06_UHGtBtCEoaUWRP","itt_fullspec_bn_employed_treat_HD","treat_HD",72,0.0406779661016949,"Decrease",1228,2511,1228
"06_UHGtBtCEoaUWRP","itt_fullspec_bn_employed_treat_HD","treat_HD",72,0.0406779661016949,"Decrease",22,45,22
"06_UHGtBtCEoaUWRP","itt_fullspec_bn_employed_treat_HD","treat_HD",72,0.0406779661016949,"Decrease",1507,3085,1507
"06_UHGtBtCEoaUWRP","itt_fullspec_bn_employed_treat_HD","treat_HD",72,0.0406779661016949,"Decrease",824,1684,824
"06_UHGtBtCEoaUWRP","itt_fullspec_bn_employed_treat_HD","treat_HD",72,0.0406779661016949,"Decrease",289,594,289
"06_UHGtBtCEoaUWRP","itt_fullspec_bn_employed_treat_HD","treat_HD",72,0.0406779661016949,"Decrease",1568,3207,1568
"06_UHGtBtCEoaUWRP","itt_fullspec_bn_employed_treat_HD","treat_HD",72,0.0406779661016949,"Decrease",1492,3055,1492
"06_UHGtBtCEoaUWRP","itt_fullspec_bn_employed_treat_HD","treat_HD",72,0.0406779661016949,"Decrease",1629,3332,1629
"06_UHGtBtCEoaUWRP","itt_fullspec_bn_employed_treat_HD","treat_HD",72,0.0406779661016949,"Decrease",246,505,246
"06_UHGtBtCEoaUWRP","itt_fullspec_bn_employed_treat_HD","treat_HD",72,0.0406779661016949,"Decrease",1097,2242,1097
"06_UHGtBtCEoaUWRP","itt_fullspec_bn_employed_treat_HD","treat_HD",72,0.0406779661016949,"Decrease",61,124,61
"06_UHGtBtCEoaUWRP","itt_fullspec_bn_employed_treat_HD","treat_HD",72,0.0406779661016949,"Decrease",634,1300,634
"06_UHGtBtCEoaUWRP","itt_fullspec_bn_employed_treat_HD","treat_HD",72,0.0406779661016949,"Decrease",384,788,384
"06_UHGtBtCEoaUWRP","itt_fullspec_bn_employed_treat_HD","treat_HD",72,0.0406779661016949,"Decrease",538,1104,538
"06_UHGtBtCEoaUWRP","itt_fullspec_bn_employed_treat_HD","treat_HD",72,0.0406779661016949,"Decrease",114,237,114
"06_UHGtBtCEoaUWRP","itt_fullspec_bn_employed_treat_HD","treat_HD",72,0.0406779661016949,"Decrease",350,719,350
"06_UHGtBtCEoaUWRP","itt_fullspec_bn_employed_treat_HD","treat_HD",72,0.0406779661016949,"Decrease",171,354,171
"06_UHGtBtCEoaUWRP","itt_fullspec_bn_employed_treat_HD","treat_HD",72,0.0406779661016949,"Decrease",1191,2434,1191
"06_UHGtBtCEoaUWRP","itt_fullspec_bn_employed_treat_HD","treat_HD",72,0.0406779661016949,"Decrease",1518,3107,1518
"06_UHGtBtCEoaUWRP","itt_fullspec_bn_employed_treat_HD","treat_HD",72,0.0406779661016949,"Decrease",311,640,311
"06_UHGtBtCEoaUWRP","itt_fullspec_bn_employed_treat_HD","treat_HD",72,0.0406779661016949,"Decrease",403,829,403
"06_UHGtBtCEoaUWRP","itt_fullspec_bn_employed_treat_HD","treat_HD",72,0.0406779661016949,"Decrease",400,823,400
"06_UHGtBtCEoaUWRP","itt_fullspec_bn_employed_treat_HD","treat_HD",72,0.0406779661016949,"Decrease",1318,2699,1318
"06_UHGtBtCEoaUWRP","itt_fullspec_bn_employed_treat_HD","treat_HD",72,0.0406779661016949,"Decrease",721,1476,721
"06_UHGtBtCEoaUWRP","itt_fullspec_bn_employed_treat_HD","treat_HD",72,0.0406779661016949,"Decrease",623,1278,623
"06_UHGtBtCEoaUWRP","itt_fullspec_bn_employed_treat_HD","treat_HD",72,0.0406779661016949,"Decrease",1525,3121,1525
"06_UHGtBtCEoaUWRP","itt_fullspec_bn_employed_treat_HD","treat_HD",72,0.0406779661016949,"Decrease",875,1789,875
"06_UHGtBtCEoaUWRP","itt_fullspec_bn_employed_treat_HD","treat_HD",72,0.0406779661016949,"Decrease",1452,2973,1452
"06_UHGtBtCEoaUWRP","itt_fullspec_bn_employed_treat_HD","treat_HD",73,0.0412429378531073,"Decrease",1691,3458,1691
"06_UHGtBtCEoaUWRP","itt_fullspec_bn_employed_treat_HD","treat_HD",73,0.0412429378531073,"Decrease",1679,3434,1679
"06_UHGtBtCEoaUWRP","itt_fullspec_bn_employed_treat_HD","treat_HD",73,0.0412429378531073,"Decrease",1655,3386,1655
"06_UHGtBtCEoaUWRP","itt_fullspec_bn_employed_treat_HD","treat_HD",73,0.0412429378531073,"Decrease",1053,2152,1053
"06_UHGtBtCEoaUWRP","itt_fullspec_bn_employed_treat_HD","treat_HD",73,0.0412429378531073,"Decrease",932,1903,932
"06_UHGtBtCEoaUWRP","itt_fullspec_bn_employed_treat_HD","treat_HD",73,0.0412429378531073,"Decrease",1712,3500,1712
"06_UHGtBtCEoaUWRP","itt_fullspec_bn_employed_treat_HD","treat_HD",73,0.0412429378531073,"Decrease",1591,3255,1591
"06_UHGtBtCEoaUWRP","itt_fullspec_bn_employed_treat_HD","treat_HD",73,0.0412429378531073,"Decrease",1531,3133,1531
"06_UHGtBtCEoaUWRP","itt_fullspec_bn_employed_treat_HD","treat_HD",73,0.0412429378531073,"Decrease",836,1708,836
"06_UHGtBtCEoaUWRP","itt_fullspec_bn_employed_treat_HD","treat_HD",73,0.0412429378531073,"Decrease",995,2032,995
"06_UHGtBtCEoaUWRP","itt_fullspec_bn_employed_treat_HD","treat_HD",73,0.0412429378531073,"Decrease",74,151,74
"06_UHGtBtCEoaUWRP","itt_fullspec_bn_employed_treat_HD","treat_HD",73,0.0412429378531073,"Decrease",942,1923,942
"06_UHGtBtCEoaUWRP","itt_fullspec_bn_employed_treat_HD","treat_HD",73,0.0412429378531073,"Decrease",1678,3432,1678
"06_UHGtBtCEoaUWRP","itt_fullspec_bn_employed_treat_HD","treat_HD",73,0.0412429378531073,"Decrease",1496,3063,1496
"06_UHGtBtCEoaUWRP","itt_fullspec_bn_employed_treat_HD","treat_HD",73,0.0412429378531073,"Decrease",565,1159,565
"06_UHGtBtCEoaUWRP","itt_fullspec_bn_employed_treat_HD","treat_HD",73,0.0412429378531073,"Decrease",1389,2844,1389
"06_UHGtBtCEoaUWRP","itt_fullspec_bn_employed_treat_HD","treat_HD",73,0.0412429378531073,"Decrease",78,159,78
"06_UHGtBtCEoaUWRP","itt_fullspec_bn_employed_treat_HD","treat_HD",73,0.0412429378531073,"Decrease",1641,3356,1641
"06_UHGtBtCEoaUWRP","itt_fullspec_bn_employed_treat_HD","treat_HD",73,0.0412429378531073,"Decrease",172,356,172
"06_UHGtBtCEoaUWRP","itt_fullspec_bn_employed_treat_HD","treat_HD",73,0.0412429378531073,"Decrease",940,1919,940
"06_UHGtBtCEoaUWRP","itt_fullspec_bn_employed_treat_HD","treat_HD",73,0.0412429378531073,"Decrease",1073,2194,1073
"06_UHGtBtCEoaUWRP","itt_fullspec_bn_employed_treat_HD","treat_HD",73,0.0412429378531073,"Decrease",1095,2238,1095
"06_UHGtBtCEoaUWRP","itt_fullspec_bn_employed_treat_HD","treat_HD",73,0.0412429378531073,"Decrease",1708,3492,1708
"06_UHGtBtCEoaUWRP","itt_fullspec_bn_employed_treat_HD","treat_HD",73,0.0412429378531073,"Decrease",444,912,444
"06_UHGtBtCEoaUWRP","itt_fullspec_bn_employed_treat_HD","treat_HD",73,0.0412429378531073,"Decrease",489,1004,489
"06_UHGtBtCEoaUWRP","itt_fullspec_bn_employed_treat_HD","treat_HD",73,0.0412429378531073,"Decrease",971,1983,971
"06_UHGtBtCEoaUWRP","itt_fullspec_bn_employed_treat_HD","treat_HD",73,0.0412429378531073,"Decrease",616,1264,616
"06_UHGtBtCEoaUWRP","itt_fullspec_bn_employed_treat_HD","treat_HD",73,0.0412429378531073,"Decrease",686,1405,686
"06_UHGtBtCEoaUWRP","itt_fullspec_bn_employed_treat_HD","treat_HD",73,0.0412429378531073,"Decrease",658,1349,658
"06_UHGtBtCEoaUWRP","itt_fullspec_bn_employed_treat_HD","treat_HD",73,0.0412429378531073,"Decrease",1715,3506,1715
"06_UHGtBtCEoaUWRP","itt_fullspec_bn_employed_treat_HD","treat_HD",73,0.0412429378531073,"Decrease",656,1345,656
"06_UHGtBtCEoaUWRP","itt_fullspec_bn_employed_treat_HD","treat_HD",73,0.0412429378531073,"Decrease",3,6,3
"06_UHGtBtCEoaUWRP","itt_fullspec_bn_employed_treat_HD","treat_HD",73,0.0412429378531073,"Decrease",579,1188,579
"06_UHGtBtCEoaUWRP","itt_fullspec_bn_employed_treat_HD","treat_HD",73,0.0412429378531073,"Decrease",925,1889,925
"06_UHGtBtCEoaUWRP","itt_fullspec_bn_employed_treat_HD","treat_HD",73,0.0412429378531073,"Decrease",1380,2826,1380
"06_UHGtBtCEoaUWRP","itt_fullspec_bn_employed_treat_HD","treat_HD",73,0.0412429378531073,"Decrease",1112,2273,1112
"06_UHGtBtCEoaUWRP","itt_fullspec_bn_employed_treat_HD","treat_HD",73,0.0412429378531073,"Decrease",1459,2987,1459
"06_UHGtBtCEoaUWRP","itt_fullspec_bn_employed_treat_HD","treat_HD",73,0.0412429378531073,"Decrease",84,173,84
"06_UHGtBtCEoaUWRP","itt_fullspec_bn_employed_treat_HD","treat_HD",73,0.0412429378531073,"Decrease",790,1616,790
"06_UHGtBtCEoaUWRP","itt_fullspec_bn_employed_treat_HD","treat_HD",73,0.0412429378531073,"Decrease",1219,2492,1219
"06_UHGtBtCEoaUWRP","itt_fullspec_bn_employed_treat_HD","treat_HD",73,0.0412429378531073,"Decrease",1754,3586,1754
"06_UHGtBtCEoaUWRP","itt_fullspec_bn_employed_treat_HD","treat_HD",73,0.0412429378531073,"Decrease",59,120,59
"06_UHGtBtCEoaUWRP","itt_fullspec_bn_employed_treat_HD","treat_HD",73,0.0412429378531073,"Decrease",905,1849,905
"06_UHGtBtCEoaUWRP","itt_fullspec_bn_employed_treat_HD","treat_HD",73,0.0412429378531073,"Decrease",862,1762,862
"06_UHGtBtCEoaUWRP","itt_fullspec_bn_employed_treat_HD","treat_HD",73,0.0412429378531073,"Decrease",1228,2511,1228
"06_UHGtBtCEoaUWRP","itt_fullspec_bn_employed_treat_HD","treat_HD",73,0.0412429378531073,"Decrease",22,45,22
"06_UHGtBtCEoaUWRP","itt_fullspec_bn_employed_treat_HD","treat_HD",73,0.0412429378531073,"Decrease",1507,3085,1507
"06_UHGtBtCEoaUWRP","itt_fullspec_bn_employed_treat_HD","treat_HD",73,0.0412429378531073,"Decrease",824,1684,824
"06_UHGtBtCEoaUWRP","itt_fullspec_bn_employed_treat_HD","treat_HD",73,0.0412429378531073,"Decrease",289,594,289
"06_UHGtBtCEoaUWRP","itt_fullspec_bn_employed_treat_HD","treat_HD",73,0.0412429378531073,"Decrease",1568,3207,1568
"06_UHGtBtCEoaUWRP","itt_fullspec_bn_employed_treat_HD","treat_HD",73,0.0412429378531073,"Decrease",1492,3055,1492
"06_UHGtBtCEoaUWRP","itt_fullspec_bn_employed_treat_HD","treat_HD",73,0.0412429378531073,"Decrease",1629,3332,1629
"06_UHGtBtCEoaUWRP","itt_fullspec_bn_employed_treat_HD","treat_HD",73,0.0412429378531073,"Decrease",246,505,246
"06_UHGtBtCEoaUWRP","itt_fullspec_bn_employed_treat_HD","treat_HD",73,0.0412429378531073,"Decrease",1097,2242,1097
"06_UHGtBtCEoaUWRP","itt_fullspec_bn_employed_treat_HD","treat_HD",73,0.0412429378531073,"Decrease",61,124,61
"06_UHGtBtCEoaUWRP","itt_fullspec_bn_employed_treat_HD","treat_HD",73,0.0412429378531073,"Decrease",634,1300,634
"06_UHGtBtCEoaUWRP","itt_fullspec_bn_employed_treat_HD","treat_HD",73,0.0412429378531073,"Decrease",384,788,384
"06_UHGtBtCEoaUWRP","itt_fullspec_bn_employed_treat_HD","treat_HD",73,0.0412429378531073,"Decrease",538,1104,538
"06_UHGtBtCEoaUWRP","itt_fullspec_bn_employed_treat_HD","treat_HD",73,0.0412429378531073,"Decrease",114,237,114
"06_UHGtBtCEoaUWRP","itt_fullspec_bn_employed_treat_HD","treat_HD",73,0.0412429378531073,"Decrease",350,719,350
"06_UHGtBtCEoaUWRP","itt_fullspec_bn_employed_treat_HD","treat_HD",73,0.0412429378531073,"Decrease",171,354,171
"06_UHGtBtCEoaUWRP","itt_fullspec_bn_employed_treat_HD","treat_HD",73,0.0412429378531073,"Decrease",1191,2434,1191
"06_UHGtBtCEoaUWRP","itt_fullspec_bn_employed_treat_HD","treat_HD",73,0.0412429378531073,"Decrease",1518,3107,1518
"06_UHGtBtCEoaUWRP","itt_fullspec_bn_employed_treat_HD","treat_HD",73,0.0412429378531073,"Decrease",311,640,311
"06_UHGtBtCEoaUWRP","itt_fullspec_bn_employed_treat_HD","treat_HD",73,0.0412429378531073,"Decrease",403,829,403
"06_UHGtBtCEoaUWRP","itt_fullspec_bn_employed_treat_HD","treat_HD",73,0.0412429378531073,"Decrease",400,823,400
"06_UHGtBtCEoaUWRP","itt_fullspec_bn_employed_treat_HD","treat_HD",73,0.0412429378531073,"Decrease",1318,2699,1318
"06_UHGtBtCEoaUWRP","itt_fullspec_bn_employed_treat_HD","treat_HD",73,0.0412429378531073,"Decrease",721,1476,721
"06_UHGtBtCEoaUWRP","itt_fullspec_bn_employed_treat_HD","treat_HD",73,0.0412429378531073,"Decrease",623,1278,623
"06_UHGtBtCEoaUWRP","itt_fullspec_bn_employed_treat_HD","treat_HD",73,0.0412429378531073,"Decrease",875,1789,875
"06_UHGtBtCEoaUWRP","itt_fullspec_bn_employed_treat_HD","treat_HD",73,0.0412429378531073,"Decrease",1525,3121,1525
"06_UHGtBtCEoaUWRP","itt_fullspec_bn_employed_treat_HD","treat_HD",73,0.0412429378531073,"Decrease",1452,2973,1452
"06_UHGtBtCEoaUWRP","itt_fullspec_bn_employed_treat_HD","treat_HD",73,0.0412429378531073,"Decrease",874,1787,874
"06_UHGtBtCEoaUWRP","itt_fullspec_bn_employed_treat_HD","treat_HD",74,0.0418079096045198,"Decrease",1691,3458,1691
"06_UHGtBtCEoaUWRP","itt_fullspec_bn_employed_treat_HD","treat_HD",74,0.0418079096045198,"Decrease",1679,3434,1679
"06_UHGtBtCEoaUWRP","itt_fullspec_bn_employed_treat_HD","treat_HD",74,0.0418079096045198,"Decrease",1655,3386,1655
"06_UHGtBtCEoaUWRP","itt_fullspec_bn_employed_treat_HD","treat_HD",74,0.0418079096045198,"Decrease",1053,2152,1053
"06_UHGtBtCEoaUWRP","itt_fullspec_bn_employed_treat_HD","treat_HD",74,0.0418079096045198,"Decrease",932,1903,932
"06_UHGtBtCEoaUWRP","itt_fullspec_bn_employed_treat_HD","treat_HD",74,0.0418079096045198,"Decrease",1712,3500,1712
"06_UHGtBtCEoaUWRP","itt_fullspec_bn_employed_treat_HD","treat_HD",74,0.0418079096045198,"Decrease",1591,3255,1591
"06_UHGtBtCEoaUWRP","itt_fullspec_bn_employed_treat_HD","treat_HD",74,0.0418079096045198,"Decrease",1531,3133,1531
"06_UHGtBtCEoaUWRP","itt_fullspec_bn_employed_treat_HD","treat_HD",74,0.0418079096045198,"Decrease",836,1708,836
"06_UHGtBtCEoaUWRP","itt_fullspec_bn_employed_treat_HD","treat_HD",74,0.0418079096045198,"Decrease",995,2032,995
"06_UHGtBtCEoaUWRP","itt_fullspec_bn_employed_treat_HD","treat_HD",74,0.0418079096045198,"Decrease",74,151,74
"06_UHGtBtCEoaUWRP","itt_fullspec_bn_employed_treat_HD","treat_HD",74,0.0418079096045198,"Decrease",942,1923,942
"06_UHGtBtCEoaUWRP","itt_fullspec_bn_employed_treat_HD","treat_HD",74,0.0418079096045198,"Decrease",1678,3432,1678
"06_UHGtBtCEoaUWRP","itt_fullspec_bn_employed_treat_HD","treat_HD",74,0.0418079096045198,"Decrease",1496,3063,1496
"06_UHGtBtCEoaUWRP","itt_fullspec_bn_employed_treat_HD","treat_HD",74,0.0418079096045198,"Decrease",565,1159,565
"06_UHGtBtCEoaUWRP","itt_fullspec_bn_employed_treat_HD","treat_HD",74,0.0418079096045198,"Decrease",1389,2844,1389
"06_UHGtBtCEoaUWRP","itt_fullspec_bn_employed_treat_HD","treat_HD",74,0.0418079096045198,"Decrease",78,159,78
"06_UHGtBtCEoaUWRP","itt_fullspec_bn_employed_treat_HD","treat_HD",74,0.0418079096045198,"Decrease",1641,3356,1641
"06_UHGtBtCEoaUWRP","itt_fullspec_bn_employed_treat_HD","treat_HD",74,0.0418079096045198,"Decrease",172,356,172
"06_UHGtBtCEoaUWRP","itt_fullspec_bn_employed_treat_HD","treat_HD",74,0.0418079096045198,"Decrease",940,1919,940
"06_UHGtBtCEoaUWRP","itt_fullspec_bn_employed_treat_HD","treat_HD",74,0.0418079096045198,"Decrease",1073,2194,1073
"06_UHGtBtCEoaUWRP","itt_fullspec_bn_employed_treat_HD","treat_HD",74,0.0418079096045198,"Decrease",1095,2238,1095
"06_UHGtBtCEoaUWRP","itt_fullspec_bn_employed_treat_HD","treat_HD",74,0.0418079096045198,"Decrease",1708,3492,1708
"06_UHGtBtCEoaUWRP","itt_fullspec_bn_employed_treat_HD","treat_HD",74,0.0418079096045198,"Decrease",444,912,444
"06_UHGtBtCEoaUWRP","itt_fullspec_bn_employed_treat_HD","treat_HD",74,0.0418079096045198,"Decrease",489,1004,489
"06_UHGtBtCEoaUWRP","itt_fullspec_bn_employed_treat_HD","treat_HD",74,0.0418079096045198,"Decrease",971,1983,971
"06_UHGtBtCEoaUWRP","itt_fullspec_bn_employed_treat_HD","treat_HD",74,0.0418079096045198,"Decrease",616,1264,616
"06_UHGtBtCEoaUWRP","itt_fullspec_bn_employed_treat_HD","treat_HD",74,0.0418079096045198,"Decrease",686,1405,686
"06_UHGtBtCEoaUWRP","itt_fullspec_bn_employed_treat_HD","treat_HD",74,0.0418079096045198,"Decrease",656,1345,656
"06_UHGtBtCEoaUWRP","itt_fullspec_bn_employed_treat_HD","treat_HD",74,0.0418079096045198,"Decrease",658,1349,658
"06_UHGtBtCEoaUWRP","itt_fullspec_bn_employed_treat_HD","treat_HD",74,0.0418079096045198,"Decrease",1715,3506,1715
"06_UHGtBtCEoaUWRP","itt_fullspec_bn_employed_treat_HD","treat_HD",74,0.0418079096045198,"Decrease",3,6,3
"06_UHGtBtCEoaUWRP","itt_fullspec_bn_employed_treat_HD","treat_HD",74,0.0418079096045198,"Decrease",579,1188,579
"06_UHGtBtCEoaUWRP","itt_fullspec_bn_employed_treat_HD","treat_HD",74,0.0418079096045198,"Decrease",925,1889,925
"06_UHGtBtCEoaUWRP","itt_fullspec_bn_employed_treat_HD","treat_HD",74,0.0418079096045198,"Decrease",1380,2826,1380
"06_UHGtBtCEoaUWRP","itt_fullspec_bn_employed_treat_HD","treat_HD",74,0.0418079096045198,"Decrease",1112,2273,1112
"06_UHGtBtCEoaUWRP","itt_fullspec_bn_employed_treat_HD","treat_HD",74,0.0418079096045198,"Decrease",1459,2987,1459
"06_UHGtBtCEoaUWRP","itt_fullspec_bn_employed_treat_HD","treat_HD",74,0.0418079096045198,"Decrease",84,173,84
"06_UHGtBtCEoaUWRP","itt_fullspec_bn_employed_treat_HD","treat_HD",74,0.0418079096045198,"Decrease",790,1616,790
"06_UHGtBtCEoaUWRP","itt_fullspec_bn_employed_treat_HD","treat_HD",74,0.0418079096045198,"Decrease",1219,2492,1219
"06_UHGtBtCEoaUWRP","itt_fullspec_bn_employed_treat_HD","treat_HD",74,0.0418079096045198,"Decrease",1754,3586,1754
"06_UHGtBtCEoaUWRP","itt_fullspec_bn_employed_treat_HD","treat_HD",74,0.0418079096045198,"Decrease",59,120,59
"06_UHGtBtCEoaUWRP","itt_fullspec_bn_employed_treat_HD","treat_HD",74,0.0418079096045198,"Decrease",905,1849,905
"06_UHGtBtCEoaUWRP","itt_fullspec_bn_employed_treat_HD","treat_HD",74,0.0418079096045198,"Decrease",862,1762,862
"06_UHGtBtCEoaUWRP","itt_fullspec_bn_employed_treat_HD","treat_HD",74,0.0418079096045198,"Decrease",1228,2511,1228
"06_UHGtBtCEoaUWRP","itt_fullspec_bn_employed_treat_HD","treat_HD",74,0.0418079096045198,"Decrease",22,45,22
"06_UHGtBtCEoaUWRP","itt_fullspec_bn_employed_treat_HD","treat_HD",74,0.0418079096045198,"Decrease",1507,3085,1507
"06_UHGtBtCEoaUWRP","itt_fullspec_bn_employed_treat_HD","treat_HD",74,0.0418079096045198,"Decrease",289,594,289
"06_UHGtBtCEoaUWRP","itt_fullspec_bn_employed_treat_HD","treat_HD",74,0.0418079096045198,"Decrease",824,1684,824
"06_UHGtBtCEoaUWRP","itt_fullspec_bn_employed_treat_HD","treat_HD",74,0.0418079096045198,"Decrease",1568,3207,1568
"06_UHGtBtCEoaUWRP","itt_fullspec_bn_employed_treat_HD","treat_HD",74,0.0418079096045198,"Decrease",1492,3055,1492
"06_UHGtBtCEoaUWRP","itt_fullspec_bn_employed_treat_HD","treat_HD",74,0.0418079096045198,"Decrease",1629,3332,1629
"06_UHGtBtCEoaUWRP","itt_fullspec_bn_employed_treat_HD","treat_HD",74,0.0418079096045198,"Decrease",246,505,246
"06_UHGtBtCEoaUWRP","itt_fullspec_bn_employed_treat_HD","treat_HD",74,0.0418079096045198,"Decrease",1097,2242,1097
"06_UHGtBtCEoaUWRP","itt_fullspec_bn_employed_treat_HD","treat_HD",74,0.0418079096045198,"Decrease",61,124,61
"06_UHGtBtCEoaUWRP","itt_fullspec_bn_employed_treat_HD","treat_HD",74,0.0418079096045198,"Decrease",634,1300,634
"06_UHGtBtCEoaUWRP","itt_fullspec_bn_employed_treat_HD","treat_HD",74,0.0418079096045198,"Decrease",384,788,384
"06_UHGtBtCEoaUWRP","itt_fullspec_bn_employed_treat_HD","treat_HD",74,0.0418079096045198,"Decrease",538,1104,538
"06_UHGtBtCEoaUWRP","itt_fullspec_bn_employed_treat_HD","treat_HD",74,0.0418079096045198,"Decrease",114,237,114
"06_UHGtBtCEoaUWRP","itt_fullspec_bn_employed_treat_HD","treat_HD",74,0.0418079096045198,"Decrease",350,719,350
"06_UHGtBtCEoaUWRP","itt_fullspec_bn_employed_treat_HD","treat_HD",74,0.0418079096045198,"Decrease",171,354,171
"06_UHGtBtCEoaUWRP","itt_fullspec_bn_employed_treat_HD","treat_HD",74,0.0418079096045198,"Decrease",1191,2434,1191
"06_UHGtBtCEoaUWRP","itt_fullspec_bn_employed_treat_HD","treat_HD",74,0.0418079096045198,"Decrease",1518,3107,1518
"06_UHGtBtCEoaUWRP","itt_fullspec_bn_employed_treat_HD","treat_HD",74,0.0418079096045198,"Decrease",311,640,311
"06_UHGtBtCEoaUWRP","itt_fullspec_bn_employed_treat_HD","treat_HD",74,0.0418079096045198,"Decrease",403,829,403
"06_UHGtBtCEoaUWRP","itt_fullspec_bn_employed_treat_HD","treat_HD",74,0.0418079096045198,"Decrease",400,823,400
"06_UHGtBtCEoaUWRP","itt_fullspec_bn_employed_treat_HD","treat_HD",74,0.0418079096045198,"Decrease",1318,2699,1318
"06_UHGtBtCEoaUWRP","itt_fullspec_bn_employed_treat_HD","treat_HD",74,0.0418079096045198,"Decrease",721,1476,721
"06_UHGtBtCEoaUWRP","itt_fullspec_bn_employed_treat_HD","treat_HD",74,0.0418079096045198,"Decrease",623,1278,623
"06_UHGtBtCEoaUWRP","itt_fullspec_bn_employed_treat_HD","treat_HD",74,0.0418079096045198,"Decrease",875,1789,875
"06_UHGtBtCEoaUWRP","itt_fullspec_bn_employed_treat_HD","treat_HD",74,0.0418079096045198,"Decrease",1525,3121,1525
"06_UHGtBtCEoaUWRP","itt_fullspec_bn_employed_treat_HD","treat_HD",74,0.0418079096045198,"Decrease",1452,2973,1452
"06_UHGtBtCEoaUWRP","itt_fullspec_bn_employed_treat_HD","treat_HD",74,0.0418079096045198,"Decrease",874,1787,874
"06_UHGtBtCEoaUWRP","itt_fullspec_bn_employed_treat_HD","treat_HD",74,0.0418079096045198,"Decrease",481,988,481
"06_UHGtBtCEoaUWRP","itt_fullspec_bn_employed_treat_HD","treat_HD",75,0.0423728813559322,"Decrease",1691,3458,1691
"06_UHGtBtCEoaUWRP","itt_fullspec_bn_employed_treat_HD","treat_HD",75,0.0423728813559322,"Decrease",1679,3434,1679
"06_UHGtBtCEoaUWRP","itt_fullspec_bn_employed_treat_HD","treat_HD",75,0.0423728813559322,"Decrease",1655,3386,1655
"06_UHGtBtCEoaUWRP","itt_fullspec_bn_employed_treat_HD","treat_HD",75,0.0423728813559322,"Decrease",1053,2152,1053
"06_UHGtBtCEoaUWRP","itt_fullspec_bn_employed_treat_HD","treat_HD",75,0.0423728813559322,"Decrease",932,1903,932
"06_UHGtBtCEoaUWRP","itt_fullspec_bn_employed_treat_HD","treat_HD",75,0.0423728813559322,"Decrease",1712,3500,1712
"06_UHGtBtCEoaUWRP","itt_fullspec_bn_employed_treat_HD","treat_HD",75,0.0423728813559322,"Decrease",1591,3255,1591
"06_UHGtBtCEoaUWRP","itt_fullspec_bn_employed_treat_HD","treat_HD",75,0.0423728813559322,"Decrease",1531,3133,1531
"06_UHGtBtCEoaUWRP","itt_fullspec_bn_employed_treat_HD","treat_HD",75,0.0423728813559322,"Decrease",836,1708,836
"06_UHGtBtCEoaUWRP","itt_fullspec_bn_employed_treat_HD","treat_HD",75,0.0423728813559322,"Decrease",995,2032,995
"06_UHGtBtCEoaUWRP","itt_fullspec_bn_employed_treat_HD","treat_HD",75,0.0423728813559322,"Decrease",74,151,74
"06_UHGtBtCEoaUWRP","itt_fullspec_bn_employed_treat_HD","treat_HD",75,0.0423728813559322,"Decrease",942,1923,942
"06_UHGtBtCEoaUWRP","itt_fullspec_bn_employed_treat_HD","treat_HD",75,0.0423728813559322,"Decrease",1678,3432,1678
"06_UHGtBtCEoaUWRP","itt_fullspec_bn_employed_treat_HD","treat_HD",75,0.0423728813559322,"Decrease",1496,3063,1496
"06_UHGtBtCEoaUWRP","itt_fullspec_bn_employed_treat_HD","treat_HD",75,0.0423728813559322,"Decrease",565,1159,565
"06_UHGtBtCEoaUWRP","itt_fullspec_bn_employed_treat_HD","treat_HD",75,0.0423728813559322,"Decrease",1389,2844,1389
"06_UHGtBtCEoaUWRP","itt_fullspec_bn_employed_treat_HD","treat_HD",75,0.0423728813559322,"Decrease",78,159,78
"06_UHGtBtCEoaUWRP","itt_fullspec_bn_employed_treat_HD","treat_HD",75,0.0423728813559322,"Decrease",1641,3356,1641
"06_UHGtBtCEoaUWRP","itt_fullspec_bn_employed_treat_HD","treat_HD",75,0.0423728813559322,"Decrease",172,356,172
"06_UHGtBtCEoaUWRP","itt_fullspec_bn_employed_treat_HD","treat_HD",75,0.0423728813559322,"Decrease",940,1919,940
"06_UHGtBtCEoaUWRP","itt_fullspec_bn_employed_treat_HD","treat_HD",75,0.0423728813559322,"Decrease",1073,2194,1073
"06_UHGtBtCEoaUWRP","itt_fullspec_bn_employed_treat_HD","treat_HD",75,0.0423728813559322,"Decrease",1095,2238,1095
"06_UHGtBtCEoaUWRP","itt_fullspec_bn_employed_treat_HD","treat_HD",75,0.0423728813559322,"Decrease",1708,3492,1708
"06_UHGtBtCEoaUWRP","itt_fullspec_bn_employed_treat_HD","treat_HD",75,0.0423728813559322,"Decrease",444,912,444
"06_UHGtBtCEoaUWRP","itt_fullspec_bn_employed_treat_HD","treat_HD",75,0.0423728813559322,"Decrease",489,1004,489
"06_UHGtBtCEoaUWRP","itt_fullspec_bn_employed_treat_HD","treat_HD",75,0.0423728813559322,"Decrease",971,1983,971
"06_UHGtBtCEoaUWRP","itt_fullspec_bn_employed_treat_HD","treat_HD",75,0.0423728813559322,"Decrease",616,1264,616
"06_UHGtBtCEoaUWRP","itt_fullspec_bn_employed_treat_HD","treat_HD",75,0.0423728813559322,"Decrease",686,1405,686
"06_UHGtBtCEoaUWRP","itt_fullspec_bn_employed_treat_HD","treat_HD",75,0.0423728813559322,"Decrease",656,1345,656
"06_UHGtBtCEoaUWRP","itt_fullspec_bn_employed_treat_HD","treat_HD",75,0.0423728813559322,"Decrease",658,1349,658
"06_UHGtBtCEoaUWRP","itt_fullspec_bn_employed_treat_HD","treat_HD",75,0.0423728813559322,"Decrease",1715,3506,1715
"06_UHGtBtCEoaUWRP","itt_fullspec_bn_employed_treat_HD","treat_HD",75,0.0423728813559322,"Decrease",3,6,3
"06_UHGtBtCEoaUWRP","itt_fullspec_bn_employed_treat_HD","treat_HD",75,0.0423728813559322,"Decrease",579,1188,579
"06_UHGtBtCEoaUWRP","itt_fullspec_bn_employed_treat_HD","treat_HD",75,0.0423728813559322,"Decrease",925,1889,925
"06_UHGtBtCEoaUWRP","itt_fullspec_bn_employed_treat_HD","treat_HD",75,0.0423728813559322,"Decrease",1380,2826,1380
"06_UHGtBtCEoaUWRP","itt_fullspec_bn_employed_treat_HD","treat_HD",75,0.0423728813559322,"Decrease",1112,2273,1112
"06_UHGtBtCEoaUWRP","itt_fullspec_bn_employed_treat_HD","treat_HD",75,0.0423728813559322,"Decrease",1459,2987,1459
"06_UHGtBtCEoaUWRP","itt_fullspec_bn_employed_treat_HD","treat_HD",75,0.0423728813559322,"Decrease",84,173,84
"06_UHGtBtCEoaUWRP","itt_fullspec_bn_employed_treat_HD","treat_HD",75,0.0423728813559322,"Decrease",790,1616,790
"06_UHGtBtCEoaUWRP","itt_fullspec_bn_employed_treat_HD","treat_HD",75,0.0423728813559322,"Decrease",1219,2492,1219
"06_UHGtBtCEoaUWRP","itt_fullspec_bn_employed_treat_HD","treat_HD",75,0.0423728813559322,"Decrease",1754,3586,1754
"06_UHGtBtCEoaUWRP","itt_fullspec_bn_employed_treat_HD","treat_HD",75,0.0423728813559322,"Decrease",59,120,59
"06_UHGtBtCEoaUWRP","itt_fullspec_bn_employed_treat_HD","treat_HD",75,0.0423728813559322,"Decrease",905,1849,905
"06_UHGtBtCEoaUWRP","itt_fullspec_bn_employed_treat_HD","treat_HD",75,0.0423728813559322,"Decrease",862,1762,862
"06_UHGtBtCEoaUWRP","itt_fullspec_bn_employed_treat_HD","treat_HD",75,0.0423728813559322,"Decrease",1228,2511,1228
"06_UHGtBtCEoaUWRP","itt_fullspec_bn_employed_treat_HD","treat_HD",75,0.0423728813559322,"Decrease",22,45,22
"06_UHGtBtCEoaUWRP","itt_fullspec_bn_employed_treat_HD","treat_HD",75,0.0423728813559322,"Decrease",1507,3085,1507
"06_UHGtBtCEoaUWRP","itt_fullspec_bn_employed_treat_HD","treat_HD",75,0.0423728813559322,"Decrease",289,594,289
"06_UHGtBtCEoaUWRP","itt_fullspec_bn_employed_treat_HD","treat_HD",75,0.0423728813559322,"Decrease",824,1684,824
"06_UHGtBtCEoaUWRP","itt_fullspec_bn_employed_treat_HD","treat_HD",75,0.0423728813559322,"Decrease",1568,3207,1568
"06_UHGtBtCEoaUWRP","itt_fullspec_bn_employed_treat_HD","treat_HD",75,0.0423728813559322,"Decrease",1492,3055,1492
"06_UHGtBtCEoaUWRP","itt_fullspec_bn_employed_treat_HD","treat_HD",75,0.0423728813559322,"Decrease",1629,3332,1629
"06_UHGtBtCEoaUWRP","itt_fullspec_bn_employed_treat_HD","treat_HD",75,0.0423728813559322,"Decrease",246,505,246
"06_UHGtBtCEoaUWRP","itt_fullspec_bn_employed_treat_HD","treat_HD",75,0.0423728813559322,"Decrease",1097,2242,1097
"06_UHGtBtCEoaUWRP","itt_fullspec_bn_employed_treat_HD","treat_HD",75,0.0423728813559322,"Decrease",61,124,61
"06_UHGtBtCEoaUWRP","itt_fullspec_bn_employed_treat_HD","treat_HD",75,0.0423728813559322,"Decrease",634,1300,634
"06_UHGtBtCEoaUWRP","itt_fullspec_bn_employed_treat_HD","treat_HD",75,0.0423728813559322,"Decrease",384,788,384
"06_UHGtBtCEoaUWRP","itt_fullspec_bn_employed_treat_HD","treat_HD",75,0.0423728813559322,"Decrease",538,1104,538
"06_UHGtBtCEoaUWRP","itt_fullspec_bn_employed_treat_HD","treat_HD",75,0.0423728813559322,"Decrease",114,237,114
"06_UHGtBtCEoaUWRP","itt_fullspec_bn_employed_treat_HD","treat_HD",75,0.0423728813559322,"Decrease",350,719,350
"06_UHGtBtCEoaUWRP","itt_fullspec_bn_employed_treat_HD","treat_HD",75,0.0423728813559322,"Decrease",171,354,171
"06_UHGtBtCEoaUWRP","itt_fullspec_bn_employed_treat_HD","treat_HD",75,0.0423728813559322,"Decrease",1191,2434,1191
"06_UHGtBtCEoaUWRP","itt_fullspec_bn_employed_treat_HD","treat_HD",75,0.0423728813559322,"Decrease",1518,3107,1518
"06_UHGtBtCEoaUWRP","itt_fullspec_bn_employed_treat_HD","treat_HD",75,0.0423728813559322,"Decrease",311,640,311
"06_UHGtBtCEoaUWRP","itt_fullspec_bn_employed_treat_HD","treat_HD",75,0.0423728813559322,"Decrease",403,829,403
"06_UHGtBtCEoaUWRP","itt_fullspec_bn_employed_treat_HD","treat_HD",75,0.0423728813559322,"Decrease",400,823,400
"06_UHGtBtCEoaUWRP","itt_fullspec_bn_employed_treat_HD","treat_HD",75,0.0423728813559322,"Decrease",1318,2699,1318
"06_UHGtBtCEoaUWRP","itt_fullspec_bn_employed_treat_HD","treat_HD",75,0.0423728813559322,"Decrease",721,1476,721
"06_UHGtBtCEoaUWRP","itt_fullspec_bn_employed_treat_HD","treat_HD",75,0.0423728813559322,"Decrease",623,1278,623
"06_UHGtBtCEoaUWRP","itt_fullspec_bn_employed_treat_HD","treat_HD",75,0.0423728813559322,"Decrease",875,1789,875
"06_UHGtBtCEoaUWRP","itt_fullspec_bn_employed_treat_HD","treat_HD",75,0.0423728813559322,"Decrease",1525,3121,1525
"06_UHGtBtCEoaUWRP","itt_fullspec_bn_employed_treat_HD","treat_HD",75,0.0423728813559322,"Decrease",1452,2973,1452
"06_UHGtBtCEoaUWRP","itt_fullspec_bn_employed_treat_HD","treat_HD",75,0.0423728813559322,"Decrease",874,1787,874
"06_UHGtBtCEoaUWRP","itt_fullspec_bn_employed_treat_HD","treat_HD",75,0.0423728813559322,"Decrease",481,988,481
"06_UHGtBtCEoaUWRP","itt_fullspec_bn_employed_treat_HD","treat_HD",75,0.0423728813559322,"Decrease",548,1124,548
"06_UHGtBtCEoaUWRP","itt_fullspec_bn_employed_treat_HD","treat_HD",76,0.0429378531073446,"Decrease",1691,3458,1691
"06_UHGtBtCEoaUWRP","itt_fullspec_bn_employed_treat_HD","treat_HD",76,0.0429378531073446,"Decrease",1679,3434,1679
"06_UHGtBtCEoaUWRP","itt_fullspec_bn_employed_treat_HD","treat_HD",76,0.0429378531073446,"Decrease",1655,3386,1655
"06_UHGtBtCEoaUWRP","itt_fullspec_bn_employed_treat_HD","treat_HD",76,0.0429378531073446,"Decrease",1053,2152,1053
"06_UHGtBtCEoaUWRP","itt_fullspec_bn_employed_treat_HD","treat_HD",76,0.0429378531073446,"Decrease",932,1903,932
"06_UHGtBtCEoaUWRP","itt_fullspec_bn_employed_treat_HD","treat_HD",76,0.0429378531073446,"Decrease",1712,3500,1712
"06_UHGtBtCEoaUWRP","itt_fullspec_bn_employed_treat_HD","treat_HD",76,0.0429378531073446,"Decrease",1591,3255,1591
"06_UHGtBtCEoaUWRP","itt_fullspec_bn_employed_treat_HD","treat_HD",76,0.0429378531073446,"Decrease",1531,3133,1531
"06_UHGtBtCEoaUWRP","itt_fullspec_bn_employed_treat_HD","treat_HD",76,0.0429378531073446,"Decrease",836,1708,836
"06_UHGtBtCEoaUWRP","itt_fullspec_bn_employed_treat_HD","treat_HD",76,0.0429378531073446,"Decrease",995,2032,995
"06_UHGtBtCEoaUWRP","itt_fullspec_bn_employed_treat_HD","treat_HD",76,0.0429378531073446,"Decrease",74,151,74
"06_UHGtBtCEoaUWRP","itt_fullspec_bn_employed_treat_HD","treat_HD",76,0.0429378531073446,"Decrease",942,1923,942
"06_UHGtBtCEoaUWRP","itt_fullspec_bn_employed_treat_HD","treat_HD",76,0.0429378531073446,"Decrease",1678,3432,1678
"06_UHGtBtCEoaUWRP","itt_fullspec_bn_employed_treat_HD","treat_HD",76,0.0429378531073446,"Decrease",1496,3063,1496
"06_UHGtBtCEoaUWRP","itt_fullspec_bn_employed_treat_HD","treat_HD",76,0.0429378531073446,"Decrease",565,1159,565
"06_UHGtBtCEoaUWRP","itt_fullspec_bn_employed_treat_HD","treat_HD",76,0.0429378531073446,"Decrease",1389,2844,1389
"06_UHGtBtCEoaUWRP","itt_fullspec_bn_employed_treat_HD","treat_HD",76,0.0429378531073446,"Decrease",78,159,78
"06_UHGtBtCEoaUWRP","itt_fullspec_bn_employed_treat_HD","treat_HD",76,0.0429378531073446,"Decrease",1641,3356,1641
"06_UHGtBtCEoaUWRP","itt_fullspec_bn_employed_treat_HD","treat_HD",76,0.0429378531073446,"Decrease",172,356,172
"06_UHGtBtCEoaUWRP","itt_fullspec_bn_employed_treat_HD","treat_HD",76,0.0429378531073446,"Decrease",940,1919,940
"06_UHGtBtCEoaUWRP","itt_fullspec_bn_employed_treat_HD","treat_HD",76,0.0429378531073446,"Decrease",1073,2194,1073
"06_UHGtBtCEoaUWRP","itt_fullspec_bn_employed_treat_HD","treat_HD",76,0.0429378531073446,"Decrease",1095,2238,1095
"06_UHGtBtCEoaUWRP","itt_fullspec_bn_employed_treat_HD","treat_HD",76,0.0429378531073446,"Decrease",1708,3492,1708
"06_UHGtBtCEoaUWRP","itt_fullspec_bn_employed_treat_HD","treat_HD",76,0.0429378531073446,"Decrease",444,912,444
"06_UHGtBtCEoaUWRP","itt_fullspec_bn_employed_treat_HD","treat_HD",76,0.0429378531073446,"Decrease",489,1004,489
"06_UHGtBtCEoaUWRP","itt_fullspec_bn_employed_treat_HD","treat_HD",76,0.0429378531073446,"Decrease",971,1983,971
"06_UHGtBtCEoaUWRP","itt_fullspec_bn_employed_treat_HD","treat_HD",76,0.0429378531073446,"Decrease",616,1264,616
"06_UHGtBtCEoaUWRP","itt_fullspec_bn_employed_treat_HD","treat_HD",76,0.0429378531073446,"Decrease",686,1405,686
"06_UHGtBtCEoaUWRP","itt_fullspec_bn_employed_treat_HD","treat_HD",76,0.0429378531073446,"Decrease",656,1345,656
"06_UHGtBtCEoaUWRP","itt_fullspec_bn_employed_treat_HD","treat_HD",76,0.0429378531073446,"Decrease",658,1349,658
"06_UHGtBtCEoaUWRP","itt_fullspec_bn_employed_treat_HD","treat_HD",76,0.0429378531073446,"Decrease",1715,3506,1715
"06_UHGtBtCEoaUWRP","itt_fullspec_bn_employed_treat_HD","treat_HD",76,0.0429378531073446,"Decrease",3,6,3
"06_UHGtBtCEoaUWRP","itt_fullspec_bn_employed_treat_HD","treat_HD",76,0.0429378531073446,"Decrease",579,1188,579
"06_UHGtBtCEoaUWRP","itt_fullspec_bn_employed_treat_HD","treat_HD",76,0.0429378531073446,"Decrease",925,1889,925
"06_UHGtBtCEoaUWRP","itt_fullspec_bn_employed_treat_HD","treat_HD",76,0.0429378531073446,"Decrease",1380,2826,1380
"06_UHGtBtCEoaUWRP","itt_fullspec_bn_employed_treat_HD","treat_HD",76,0.0429378531073446,"Decrease",1112,2273,1112
"06_UHGtBtCEoaUWRP","itt_fullspec_bn_employed_treat_HD","treat_HD",76,0.0429378531073446,"Decrease",1459,2987,1459
"06_UHGtBtCEoaUWRP","itt_fullspec_bn_employed_treat_HD","treat_HD",76,0.0429378531073446,"Decrease",790,1616,790
"06_UHGtBtCEoaUWRP","itt_fullspec_bn_employed_treat_HD","treat_HD",76,0.0429378531073446,"Decrease",84,173,84
"06_UHGtBtCEoaUWRP","itt_fullspec_bn_employed_treat_HD","treat_HD",76,0.0429378531073446,"Decrease",1219,2492,1219
"06_UHGtBtCEoaUWRP","itt_fullspec_bn_employed_treat_HD","treat_HD",76,0.0429378531073446,"Decrease",1754,3586,1754
"06_UHGtBtCEoaUWRP","itt_fullspec_bn_employed_treat_HD","treat_HD",76,0.0429378531073446,"Decrease",59,120,59
"06_UHGtBtCEoaUWRP","itt_fullspec_bn_employed_treat_HD","treat_HD",76,0.0429378531073446,"Decrease",905,1849,905
"06_UHGtBtCEoaUWRP","itt_fullspec_bn_employed_treat_HD","treat_HD",76,0.0429378531073446,"Decrease",862,1762,862
"06_UHGtBtCEoaUWRP","itt_fullspec_bn_employed_treat_HD","treat_HD",76,0.0429378531073446,"Decrease",1228,2511,1228
"06_UHGtBtCEoaUWRP","itt_fullspec_bn_employed_treat_HD","treat_HD",76,0.0429378531073446,"Decrease",22,45,22
"06_UHGtBtCEoaUWRP","itt_fullspec_bn_employed_treat_HD","treat_HD",76,0.0429378531073446,"Decrease",1507,3085,1507
"06_UHGtBtCEoaUWRP","itt_fullspec_bn_employed_treat_HD","treat_HD",76,0.0429378531073446,"Decrease",289,594,289
"06_UHGtBtCEoaUWRP","itt_fullspec_bn_employed_treat_HD","treat_HD",76,0.0429378531073446,"Decrease",824,1684,824
"06_UHGtBtCEoaUWRP","itt_fullspec_bn_employed_treat_HD","treat_HD",76,0.0429378531073446,"Decrease",1568,3207,1568
"06_UHGtBtCEoaUWRP","itt_fullspec_bn_employed_treat_HD","treat_HD",76,0.0429378531073446,"Decrease",1492,3055,1492
"06_UHGtBtCEoaUWRP","itt_fullspec_bn_employed_treat_HD","treat_HD",76,0.0429378531073446,"Decrease",1629,3332,1629
"06_UHGtBtCEoaUWRP","itt_fullspec_bn_employed_treat_HD","treat_HD",76,0.0429378531073446,"Decrease",246,505,246
"06_UHGtBtCEoaUWRP","itt_fullspec_bn_employed_treat_HD","treat_HD",76,0.0429378531073446,"Decrease",1097,2242,1097
"06_UHGtBtCEoaUWRP","itt_fullspec_bn_employed_treat_HD","treat_HD",76,0.0429378531073446,"Decrease",61,124,61
"06_UHGtBtCEoaUWRP","itt_fullspec_bn_employed_treat_HD","treat_HD",76,0.0429378531073446,"Decrease",634,1300,634
"06_UHGtBtCEoaUWRP","itt_fullspec_bn_employed_treat_HD","treat_HD",76,0.0429378531073446,"Decrease",384,788,384
"06_UHGtBtCEoaUWRP","itt_fullspec_bn_employed_treat_HD","treat_HD",76,0.0429378531073446,"Decrease",538,1104,538
"06_UHGtBtCEoaUWRP","itt_fullspec_bn_employed_treat_HD","treat_HD",76,0.0429378531073446,"Decrease",114,237,114
"06_UHGtBtCEoaUWRP","itt_fullspec_bn_employed_treat_HD","treat_HD",76,0.0429378531073446,"Decrease",350,719,350
"06_UHGtBtCEoaUWRP","itt_fullspec_bn_employed_treat_HD","treat_HD",76,0.0429378531073446,"Decrease",171,354,171
"06_UHGtBtCEoaUWRP","itt_fullspec_bn_employed_treat_HD","treat_HD",76,0.0429378531073446,"Decrease",1191,2434,1191
"06_UHGtBtCEoaUWRP","itt_fullspec_bn_employed_treat_HD","treat_HD",76,0.0429378531073446,"Decrease",1518,3107,1518
"06_UHGtBtCEoaUWRP","itt_fullspec_bn_employed_treat_HD","treat_HD",76,0.0429378531073446,"Decrease",311,640,311
"06_UHGtBtCEoaUWRP","itt_fullspec_bn_employed_treat_HD","treat_HD",76,0.0429378531073446,"Decrease",403,829,403
"06_UHGtBtCEoaUWRP","itt_fullspec_bn_employed_treat_HD","treat_HD",76,0.0429378531073446,"Decrease",400,823,400
"06_UHGtBtCEoaUWRP","itt_fullspec_bn_employed_treat_HD","treat_HD",76,0.0429378531073446,"Decrease",1318,2699,1318
"06_UHGtBtCEoaUWRP","itt_fullspec_bn_employed_treat_HD","treat_HD",76,0.0429378531073446,"Decrease",721,1476,721
"06_UHGtBtCEoaUWRP","itt_fullspec_bn_employed_treat_HD","treat_HD",76,0.0429378531073446,"Decrease",623,1278,623
"06_UHGtBtCEoaUWRP","itt_fullspec_bn_employed_treat_HD","treat_HD",76,0.0429378531073446,"Decrease",875,1789,875
"06_UHGtBtCEoaUWRP","itt_fullspec_bn_employed_treat_HD","treat_HD",76,0.0429378531073446,"Decrease",1452,2973,1452
"06_UHGtBtCEoaUWRP","itt_fullspec_bn_employed_treat_HD","treat_HD",76,0.0429378531073446,"Decrease",1525,3121,1525
"06_UHGtBtCEoaUWRP","itt_fullspec_bn_employed_treat_HD","treat_HD",76,0.0429378531073446,"Decrease",874,1787,874
"06_UHGtBtCEoaUWRP","itt_fullspec_bn_employed_treat_HD","treat_HD",76,0.0429378531073446,"Decrease",481,988,481
"06_UHGtBtCEoaUWRP","itt_fullspec_bn_employed_treat_HD","treat_HD",76,0.0429378531073446,"Decrease",548,1124,548
"06_UHGtBtCEoaUWRP","itt_fullspec_bn_employed_treat_HD","treat_HD",76,0.0429378531073446,"Decrease",601,1234,601
"06_UHGtBtCEoaUWRP","itt_fullspec_bn_employed_treat_HD","treat_HD",77,0.0435028248587571,"Decrease",1691,3458,1691
"06_UHGtBtCEoaUWRP","itt_fullspec_bn_employed_treat_HD","treat_HD",77,0.0435028248587571,"Decrease",1679,3434,1679
"06_UHGtBtCEoaUWRP","itt_fullspec_bn_employed_treat_HD","treat_HD",77,0.0435028248587571,"Decrease",1655,3386,1655
"06_UHGtBtCEoaUWRP","itt_fullspec_bn_employed_treat_HD","treat_HD",77,0.0435028248587571,"Decrease",1053,2152,1053
"06_UHGtBtCEoaUWRP","itt_fullspec_bn_employed_treat_HD","treat_HD",77,0.0435028248587571,"Decrease",932,1903,932
"06_UHGtBtCEoaUWRP","itt_fullspec_bn_employed_treat_HD","treat_HD",77,0.0435028248587571,"Decrease",1712,3500,1712
"06_UHGtBtCEoaUWRP","itt_fullspec_bn_employed_treat_HD","treat_HD",77,0.0435028248587571,"Decrease",1591,3255,1591
"06_UHGtBtCEoaUWRP","itt_fullspec_bn_employed_treat_HD","treat_HD",77,0.0435028248587571,"Decrease",1531,3133,1531
"06_UHGtBtCEoaUWRP","itt_fullspec_bn_employed_treat_HD","treat_HD",77,0.0435028248587571,"Decrease",836,1708,836
"06_UHGtBtCEoaUWRP","itt_fullspec_bn_employed_treat_HD","treat_HD",77,0.0435028248587571,"Decrease",995,2032,995
"06_UHGtBtCEoaUWRP","itt_fullspec_bn_employed_treat_HD","treat_HD",77,0.0435028248587571,"Decrease",74,151,74
"06_UHGtBtCEoaUWRP","itt_fullspec_bn_employed_treat_HD","treat_HD",77,0.0435028248587571,"Decrease",942,1923,942
"06_UHGtBtCEoaUWRP","itt_fullspec_bn_employed_treat_HD","treat_HD",77,0.0435028248587571,"Decrease",1678,3432,1678
"06_UHGtBtCEoaUWRP","itt_fullspec_bn_employed_treat_HD","treat_HD",77,0.0435028248587571,"Decrease",1496,3063,1496
"06_UHGtBtCEoaUWRP","itt_fullspec_bn_employed_treat_HD","treat_HD",77,0.0435028248587571,"Decrease",565,1159,565
"06_UHGtBtCEoaUWRP","itt_fullspec_bn_employed_treat_HD","treat_HD",77,0.0435028248587571,"Decrease",1389,2844,1389
"06_UHGtBtCEoaUWRP","itt_fullspec_bn_employed_treat_HD","treat_HD",77,0.0435028248587571,"Decrease",78,159,78
"06_UHGtBtCEoaUWRP","itt_fullspec_bn_employed_treat_HD","treat_HD",77,0.0435028248587571,"Decrease",1641,3356,1641
"06_UHGtBtCEoaUWRP","itt_fullspec_bn_employed_treat_HD","treat_HD",77,0.0435028248587571,"Decrease",172,356,172
"06_UHGtBtCEoaUWRP","itt_fullspec_bn_employed_treat_HD","treat_HD",77,0.0435028248587571,"Decrease",940,1919,940
"06_UHGtBtCEoaUWRP","itt_fullspec_bn_employed_treat_HD","treat_HD",77,0.0435028248587571,"Decrease",1073,2194,1073
"06_UHGtBtCEoaUWRP","itt_fullspec_bn_employed_treat_HD","treat_HD",77,0.0435028248587571,"Decrease",1095,2238,1095
"06_UHGtBtCEoaUWRP","itt_fullspec_bn_employed_treat_HD","treat_HD",77,0.0435028248587571,"Decrease",1708,3492,1708
"06_UHGtBtCEoaUWRP","itt_fullspec_bn_employed_treat_HD","treat_HD",77,0.0435028248587571,"Decrease",444,912,444
"06_UHGtBtCEoaUWRP","itt_fullspec_bn_employed_treat_HD","treat_HD",77,0.0435028248587571,"Decrease",489,1004,489
"06_UHGtBtCEoaUWRP","itt_fullspec_bn_employed_treat_HD","treat_HD",77,0.0435028248587571,"Decrease",971,1983,971
"06_UHGtBtCEoaUWRP","itt_fullspec_bn_employed_treat_HD","treat_HD",77,0.0435028248587571,"Decrease",616,1264,616
"06_UHGtBtCEoaUWRP","itt_fullspec_bn_employed_treat_HD","treat_HD",77,0.0435028248587571,"Decrease",686,1405,686
"06_UHGtBtCEoaUWRP","itt_fullspec_bn_employed_treat_HD","treat_HD",77,0.0435028248587571,"Decrease",656,1345,656
"06_UHGtBtCEoaUWRP","itt_fullspec_bn_employed_treat_HD","treat_HD",77,0.0435028248587571,"Decrease",658,1349,658
"06_UHGtBtCEoaUWRP","itt_fullspec_bn_employed_treat_HD","treat_HD",77,0.0435028248587571,"Decrease",1715,3506,1715
"06_UHGtBtCEoaUWRP","itt_fullspec_bn_employed_treat_HD","treat_HD",77,0.0435028248587571,"Decrease",3,6,3
"06_UHGtBtCEoaUWRP","itt_fullspec_bn_employed_treat_HD","treat_HD",77,0.0435028248587571,"Decrease",579,1188,579
"06_UHGtBtCEoaUWRP","itt_fullspec_bn_employed_treat_HD","treat_HD",77,0.0435028248587571,"Decrease",925,1889,925
"06_UHGtBtCEoaUWRP","itt_fullspec_bn_employed_treat_HD","treat_HD",77,0.0435028248587571,"Decrease",1380,2826,1380
"06_UHGtBtCEoaUWRP","itt_fullspec_bn_employed_treat_HD","treat_HD",77,0.0435028248587571,"Decrease",1112,2273,1112
"06_UHGtBtCEoaUWRP","itt_fullspec_bn_employed_treat_HD","treat_HD",77,0.0435028248587571,"Decrease",1459,2987,1459
"06_UHGtBtCEoaUWRP","itt_fullspec_bn_employed_treat_HD","treat_HD",77,0.0435028248587571,"Decrease",790,1616,790
"06_UHGtBtCEoaUWRP","itt_fullspec_bn_employed_treat_HD","treat_HD",77,0.0435028248587571,"Decrease",84,173,84
"06_UHGtBtCEoaUWRP","itt_fullspec_bn_employed_treat_HD","treat_HD",77,0.0435028248587571,"Decrease",1219,2492,1219
"06_UHGtBtCEoaUWRP","itt_fullspec_bn_employed_treat_HD","treat_HD",77,0.0435028248587571,"Decrease",1754,3586,1754
"06_UHGtBtCEoaUWRP","itt_fullspec_bn_employed_treat_HD","treat_HD",77,0.0435028248587571,"Decrease",59,120,59
"06_UHGtBtCEoaUWRP","itt_fullspec_bn_employed_treat_HD","treat_HD",77,0.0435028248587571,"Decrease",905,1849,905
"06_UHGtBtCEoaUWRP","itt_fullspec_bn_employed_treat_HD","treat_HD",77,0.0435028248587571,"Decrease",862,1762,862
"06_UHGtBtCEoaUWRP","itt_fullspec_bn_employed_treat_HD","treat_HD",77,0.0435028248587571,"Decrease",1228,2511,1228
"06_UHGtBtCEoaUWRP","itt_fullspec_bn_employed_treat_HD","treat_HD",77,0.0435028248587571,"Decrease",22,45,22
"06_UHGtBtCEoaUWRP","itt_fullspec_bn_employed_treat_HD","treat_HD",77,0.0435028248587571,"Decrease",1507,3085,1507
"06_UHGtBtCEoaUWRP","itt_fullspec_bn_employed_treat_HD","treat_HD",77,0.0435028248587571,"Decrease",289,594,289
"06_UHGtBtCEoaUWRP","itt_fullspec_bn_employed_treat_HD","treat_HD",77,0.0435028248587571,"Decrease",824,1684,824
"06_UHGtBtCEoaUWRP","itt_fullspec_bn_employed_treat_HD","treat_HD",77,0.0435028248587571,"Decrease",1568,3207,1568
"06_UHGtBtCEoaUWRP","itt_fullspec_bn_employed_treat_HD","treat_HD",77,0.0435028248587571,"Decrease",1629,3332,1629
"06_UHGtBtCEoaUWRP","itt_fullspec_bn_employed_treat_HD","treat_HD",77,0.0435028248587571,"Decrease",1492,3055,1492
"06_UHGtBtCEoaUWRP","itt_fullspec_bn_employed_treat_HD","treat_HD",77,0.0435028248587571,"Decrease",246,505,246
"06_UHGtBtCEoaUWRP","itt_fullspec_bn_employed_treat_HD","treat_HD",77,0.0435028248587571,"Decrease",1097,2242,1097
"06_UHGtBtCEoaUWRP","itt_fullspec_bn_employed_treat_HD","treat_HD",77,0.0435028248587571,"Decrease",61,124,61
"06_UHGtBtCEoaUWRP","itt_fullspec_bn_employed_treat_HD","treat_HD",77,0.0435028248587571,"Decrease",384,788,384
"06_UHGtBtCEoaUWRP","itt_fullspec_bn_employed_treat_HD","treat_HD",77,0.0435028248587571,"Decrease",634,1300,634
"06_UHGtBtCEoaUWRP","itt_fullspec_bn_employed_treat_HD","treat_HD",77,0.0435028248587571,"Decrease",538,1104,538
"06_UHGtBtCEoaUWRP","itt_fullspec_bn_employed_treat_HD","treat_HD",77,0.0435028248587571,"Decrease",114,237,114
"06_UHGtBtCEoaUWRP","itt_fullspec_bn_employed_treat_HD","treat_HD",77,0.0435028248587571,"Decrease",350,719,350
"06_UHGtBtCEoaUWRP","itt_fullspec_bn_employed_treat_HD","treat_HD",77,0.0435028248587571,"Decrease",171,354,171
"06_UHGtBtCEoaUWRP","itt_fullspec_bn_employed_treat_HD","treat_HD",77,0.0435028248587571,"Decrease",1191,2434,1191
"06_UHGtBtCEoaUWRP","itt_fullspec_bn_employed_treat_HD","treat_HD",77,0.0435028248587571,"Decrease",1518,3107,1518
"06_UHGtBtCEoaUWRP","itt_fullspec_bn_employed_treat_HD","treat_HD",77,0.0435028248587571,"Decrease",311,640,311
"06_UHGtBtCEoaUWRP","itt_fullspec_bn_employed_treat_HD","treat_HD",77,0.0435028248587571,"Decrease",403,829,403
"06_UHGtBtCEoaUWRP","itt_fullspec_bn_employed_treat_HD","treat_HD",77,0.0435028248587571,"Decrease",400,823,400
"06_UHGtBtCEoaUWRP","itt_fullspec_bn_employed_treat_HD","treat_HD",77,0.0435028248587571,"Decrease",1318,2699,1318
"06_UHGtBtCEoaUWRP","itt_fullspec_bn_employed_treat_HD","treat_HD",77,0.0435028248587571,"Decrease",721,1476,721
"06_UHGtBtCEoaUWRP","itt_fullspec_bn_employed_treat_HD","treat_HD",77,0.0435028248587571,"Decrease",623,1278,623
"06_UHGtBtCEoaUWRP","itt_fullspec_bn_employed_treat_HD","treat_HD",77,0.0435028248587571,"Decrease",1452,2973,1452
"06_UHGtBtCEoaUWRP","itt_fullspec_bn_employed_treat_HD","treat_HD",77,0.0435028248587571,"Decrease",875,1789,875
"06_UHGtBtCEoaUWRP","itt_fullspec_bn_employed_treat_HD","treat_HD",77,0.0435028248587571,"Decrease",1525,3121,1525
"06_UHGtBtCEoaUWRP","itt_fullspec_bn_employed_treat_HD","treat_HD",77,0.0435028248587571,"Decrease",874,1787,874
"06_UHGtBtCEoaUWRP","itt_fullspec_bn_employed_treat_HD","treat_HD",77,0.0435028248587571,"Decrease",481,988,481
"06_UHGtBtCEoaUWRP","itt_fullspec_bn_employed_treat_HD","treat_HD",77,0.0435028248587571,"Decrease",548,1124,548
"06_UHGtBtCEoaUWRP","itt_fullspec_bn_employed_treat_HD","treat_HD",77,0.0435028248587571,"Decrease",601,1234,601
"06_UHGtBtCEoaUWRP","itt_fullspec_bn_employed_treat_HD","treat_HD",77,0.0435028248587571,"Decrease",1126,2302,1126
"06_UHGtBtCEoaUWRP","itt_fullspec_bn_employed_treat_HD","treat_HD",78,0.0440677966101695,"Decrease",1691,3458,1691
"06_UHGtBtCEoaUWRP","itt_fullspec_bn_employed_treat_HD","treat_HD",78,0.0440677966101695,"Decrease",1679,3434,1679
"06_UHGtBtCEoaUWRP","itt_fullspec_bn_employed_treat_HD","treat_HD",78,0.0440677966101695,"Decrease",1655,3386,1655
"06_UHGtBtCEoaUWRP","itt_fullspec_bn_employed_treat_HD","treat_HD",78,0.0440677966101695,"Decrease",1053,2152,1053
"06_UHGtBtCEoaUWRP","itt_fullspec_bn_employed_treat_HD","treat_HD",78,0.0440677966101695,"Decrease",932,1903,932
"06_UHGtBtCEoaUWRP","itt_fullspec_bn_employed_treat_HD","treat_HD",78,0.0440677966101695,"Decrease",1712,3500,1712
"06_UHGtBtCEoaUWRP","itt_fullspec_bn_employed_treat_HD","treat_HD",78,0.0440677966101695,"Decrease",1591,3255,1591
"06_UHGtBtCEoaUWRP","itt_fullspec_bn_employed_treat_HD","treat_HD",78,0.0440677966101695,"Decrease",1531,3133,1531
"06_UHGtBtCEoaUWRP","itt_fullspec_bn_employed_treat_HD","treat_HD",78,0.0440677966101695,"Decrease",836,1708,836
"06_UHGtBtCEoaUWRP","itt_fullspec_bn_employed_treat_HD","treat_HD",78,0.0440677966101695,"Decrease",995,2032,995
"06_UHGtBtCEoaUWRP","itt_fullspec_bn_employed_treat_HD","treat_HD",78,0.0440677966101695,"Decrease",74,151,74
"06_UHGtBtCEoaUWRP","itt_fullspec_bn_employed_treat_HD","treat_HD",78,0.0440677966101695,"Decrease",942,1923,942
"06_UHGtBtCEoaUWRP","itt_fullspec_bn_employed_treat_HD","treat_HD",78,0.0440677966101695,"Decrease",1678,3432,1678
"06_UHGtBtCEoaUWRP","itt_fullspec_bn_employed_treat_HD","treat_HD",78,0.0440677966101695,"Decrease",1496,3063,1496
"06_UHGtBtCEoaUWRP","itt_fullspec_bn_employed_treat_HD","treat_HD",78,0.0440677966101695,"Decrease",1389,2844,1389
"06_UHGtBtCEoaUWRP","itt_fullspec_bn_employed_treat_HD","treat_HD",78,0.0440677966101695,"Decrease",565,1159,565
"06_UHGtBtCEoaUWRP","itt_fullspec_bn_employed_treat_HD","treat_HD",78,0.0440677966101695,"Decrease",78,159,78
"06_UHGtBtCEoaUWRP","itt_fullspec_bn_employed_treat_HD","treat_HD",78,0.0440677966101695,"Decrease",1641,3356,1641
"06_UHGtBtCEoaUWRP","itt_fullspec_bn_employed_treat_HD","treat_HD",78,0.0440677966101695,"Decrease",172,356,172
"06_UHGtBtCEoaUWRP","itt_fullspec_bn_employed_treat_HD","treat_HD",78,0.0440677966101695,"Decrease",1073,2194,1073
"06_UHGtBtCEoaUWRP","itt_fullspec_bn_employed_treat_HD","treat_HD",78,0.0440677966101695,"Decrease",940,1919,940
"06_UHGtBtCEoaUWRP","itt_fullspec_bn_employed_treat_HD","treat_HD",78,0.0440677966101695,"Decrease",1095,2238,1095
"06_UHGtBtCEoaUWRP","itt_fullspec_bn_employed_treat_HD","treat_HD",78,0.0440677966101695,"Decrease",1708,3492,1708
"06_UHGtBtCEoaUWRP","itt_fullspec_bn_employed_treat_HD","treat_HD",78,0.0440677966101695,"Decrease",444,912,444
"06_UHGtBtCEoaUWRP","itt_fullspec_bn_employed_treat_HD","treat_HD",78,0.0440677966101695,"Decrease",489,1004,489
"06_UHGtBtCEoaUWRP","itt_fullspec_bn_employed_treat_HD","treat_HD",78,0.0440677966101695,"Decrease",971,1983,971
"06_UHGtBtCEoaUWRP","itt_fullspec_bn_employed_treat_HD","treat_HD",78,0.0440677966101695,"Decrease",616,1264,616
"06_UHGtBtCEoaUWRP","itt_fullspec_bn_employed_treat_HD","treat_HD",78,0.0440677966101695,"Decrease",686,1405,686
"06_UHGtBtCEoaUWRP","itt_fullspec_bn_employed_treat_HD","treat_HD",78,0.0440677966101695,"Decrease",656,1345,656
"06_UHGtBtCEoaUWRP","itt_fullspec_bn_employed_treat_HD","treat_HD",78,0.0440677966101695,"Decrease",658,1349,658
"06_UHGtBtCEoaUWRP","itt_fullspec_bn_employed_treat_HD","treat_HD",78,0.0440677966101695,"Decrease",1715,3506,1715
"06_UHGtBtCEoaUWRP","itt_fullspec_bn_employed_treat_HD","treat_HD",78,0.0440677966101695,"Decrease",3,6,3
"06_UHGtBtCEoaUWRP","itt_fullspec_bn_employed_treat_HD","treat_HD",78,0.0440677966101695,"Decrease",579,1188,579
"06_UHGtBtCEoaUWRP","itt_fullspec_bn_employed_treat_HD","treat_HD",78,0.0440677966101695,"Decrease",925,1889,925
"06_UHGtBtCEoaUWRP","itt_fullspec_bn_employed_treat_HD","treat_HD",78,0.0440677966101695,"Decrease",1380,2826,1380
"06_UHGtBtCEoaUWRP","itt_fullspec_bn_employed_treat_HD","treat_HD",78,0.0440677966101695,"Decrease",1112,2273,1112
"06_UHGtBtCEoaUWRP","itt_fullspec_bn_employed_treat_HD","treat_HD",78,0.0440677966101695,"Decrease",1459,2987,1459
"06_UHGtBtCEoaUWRP","itt_fullspec_bn_employed_treat_HD","treat_HD",78,0.0440677966101695,"Decrease",790,1616,790
"06_UHGtBtCEoaUWRP","itt_fullspec_bn_employed_treat_HD","treat_HD",78,0.0440677966101695,"Decrease",84,173,84
"06_UHGtBtCEoaUWRP","itt_fullspec_bn_employed_treat_HD","treat_HD",78,0.0440677966101695,"Decrease",1219,2492,1219
"06_UHGtBtCEoaUWRP","itt_fullspec_bn_employed_treat_HD","treat_HD",78,0.0440677966101695,"Decrease",1754,3586,1754
"06_UHGtBtCEoaUWRP","itt_fullspec_bn_employed_treat_HD","treat_HD",78,0.0440677966101695,"Decrease",59,120,59
"06_UHGtBtCEoaUWRP","itt_fullspec_bn_employed_treat_HD","treat_HD",78,0.0440677966101695,"Decrease",905,1849,905
"06_UHGtBtCEoaUWRP","itt_fullspec_bn_employed_treat_HD","treat_HD",78,0.0440677966101695,"Decrease",862,1762,862
"06_UHGtBtCEoaUWRP","itt_fullspec_bn_employed_treat_HD","treat_HD",78,0.0440677966101695,"Decrease",1228,2511,1228
"06_UHGtBtCEoaUWRP","itt_fullspec_bn_employed_treat_HD","treat_HD",78,0.0440677966101695,"Decrease",22,45,22
"06_UHGtBtCEoaUWRP","itt_fullspec_bn_employed_treat_HD","treat_HD",78,0.0440677966101695,"Decrease",1507,3085,1507
"06_UHGtBtCEoaUWRP","itt_fullspec_bn_employed_treat_HD","treat_HD",78,0.0440677966101695,"Decrease",289,594,289
"06_UHGtBtCEoaUWRP","itt_fullspec_bn_employed_treat_HD","treat_HD",78,0.0440677966101695,"Decrease",824,1684,824
"06_UHGtBtCEoaUWRP","itt_fullspec_bn_employed_treat_HD","treat_HD",78,0.0440677966101695,"Decrease",1568,3207,1568
"06_UHGtBtCEoaUWRP","itt_fullspec_bn_employed_treat_HD","treat_HD",78,0.0440677966101695,"Decrease",1629,3332,1629
"06_UHGtBtCEoaUWRP","itt_fullspec_bn_employed_treat_HD","treat_HD",78,0.0440677966101695,"Decrease",1492,3055,1492
"06_UHGtBtCEoaUWRP","itt_fullspec_bn_employed_treat_HD","treat_HD",78,0.0440677966101695,"Decrease",246,505,246
"06_UHGtBtCEoaUWRP","itt_fullspec_bn_employed_treat_HD","treat_HD",78,0.0440677966101695,"Decrease",1097,2242,1097
"06_UHGtBtCEoaUWRP","itt_fullspec_bn_employed_treat_HD","treat_HD",78,0.0440677966101695,"Decrease",384,788,384
"06_UHGtBtCEoaUWRP","itt_fullspec_bn_employed_treat_HD","treat_HD",78,0.0440677966101695,"Decrease",634,1300,634
"06_UHGtBtCEoaUWRP","itt_fullspec_bn_employed_treat_HD","treat_HD",78,0.0440677966101695,"Decrease",61,124,61
"06_UHGtBtCEoaUWRP","itt_fullspec_bn_employed_treat_HD","treat_HD",78,0.0440677966101695,"Decrease",538,1104,538
"06_UHGtBtCEoaUWRP","itt_fullspec_bn_employed_treat_HD","treat_HD",78,0.0440677966101695,"Decrease",114,237,114
"06_UHGtBtCEoaUWRP","itt_fullspec_bn_employed_treat_HD","treat_HD",78,0.0440677966101695,"Decrease",350,719,350
"06_UHGtBtCEoaUWRP","itt_fullspec_bn_employed_treat_HD","treat_HD",78,0.0440677966101695,"Decrease",171,354,171
"06_UHGtBtCEoaUWRP","itt_fullspec_bn_employed_treat_HD","treat_HD",78,0.0440677966101695,"Decrease",1191,2434,1191
"06_UHGtBtCEoaUWRP","itt_fullspec_bn_employed_treat_HD","treat_HD",78,0.0440677966101695,"Decrease",1518,3107,1518
"06_UHGtBtCEoaUWRP","itt_fullspec_bn_employed_treat_HD","treat_HD",78,0.0440677966101695,"Decrease",311,640,311
"06_UHGtBtCEoaUWRP","itt_fullspec_bn_employed_treat_HD","treat_HD",78,0.0440677966101695,"Decrease",403,829,403
"06_UHGtBtCEoaUWRP","itt_fullspec_bn_employed_treat_HD","treat_HD",78,0.0440677966101695,"Decrease",400,823,400
"06_UHGtBtCEoaUWRP","itt_fullspec_bn_employed_treat_HD","treat_HD",78,0.0440677966101695,"Decrease",1318,2699,1318
"06_UHGtBtCEoaUWRP","itt_fullspec_bn_employed_treat_HD","treat_HD",78,0.0440677966101695,"Decrease",721,1476,721
"06_UHGtBtCEoaUWRP","itt_fullspec_bn_employed_treat_HD","treat_HD",78,0.0440677966101695,"Decrease",623,1278,623
"06_UHGtBtCEoaUWRP","itt_fullspec_bn_employed_treat_HD","treat_HD",78,0.0440677966101695,"Decrease",1452,2973,1452
"06_UHGtBtCEoaUWRP","itt_fullspec_bn_employed_treat_HD","treat_HD",78,0.0440677966101695,"Decrease",875,1789,875
"06_UHGtBtCEoaUWRP","itt_fullspec_bn_employed_treat_HD","treat_HD",78,0.0440677966101695,"Decrease",1525,3121,1525
"06_UHGtBtCEoaUWRP","itt_fullspec_bn_employed_treat_HD","treat_HD",78,0.0440677966101695,"Decrease",874,1787,874
"06_UHGtBtCEoaUWRP","itt_fullspec_bn_employed_treat_HD","treat_HD",78,0.0440677966101695,"Decrease",481,988,481
"06_UHGtBtCEoaUWRP","itt_fullspec_bn_employed_treat_HD","treat_HD",78,0.0440677966101695,"Decrease",548,1124,548
"06_UHGtBtCEoaUWRP","itt_fullspec_bn_employed_treat_HD","treat_HD",78,0.0440677966101695,"Decrease",601,1234,601
"06_UHGtBtCEoaUWRP","itt_fullspec_bn_employed_treat_HD","treat_HD",78,0.0440677966101695,"Decrease",1126,2302,1126
"06_UHGtBtCEoaUWRP","itt_fullspec_bn_employed_treat_HD","treat_HD",78,0.0440677966101695,"Decrease",430,883,430
"06_UHGtBtCEoaUWRP","itt_fullspec_bn_employed_treat_HD","treat_HD",79,0.0446327683615819,"Decrease",1691,3458,1691
"06_UHGtBtCEoaUWRP","itt_fullspec_bn_employed_treat_HD","treat_HD",79,0.0446327683615819,"Decrease",1679,3434,1679
"06_UHGtBtCEoaUWRP","itt_fullspec_bn_employed_treat_HD","treat_HD",79,0.0446327683615819,"Decrease",1655,3386,1655
"06_UHGtBtCEoaUWRP","itt_fullspec_bn_employed_treat_HD","treat_HD",79,0.0446327683615819,"Decrease",1053,2152,1053
"06_UHGtBtCEoaUWRP","itt_fullspec_bn_employed_treat_HD","treat_HD",79,0.0446327683615819,"Decrease",932,1903,932
"06_UHGtBtCEoaUWRP","itt_fullspec_bn_employed_treat_HD","treat_HD",79,0.0446327683615819,"Decrease",1712,3500,1712
"06_UHGtBtCEoaUWRP","itt_fullspec_bn_employed_treat_HD","treat_HD",79,0.0446327683615819,"Decrease",1591,3255,1591
"06_UHGtBtCEoaUWRP","itt_fullspec_bn_employed_treat_HD","treat_HD",79,0.0446327683615819,"Decrease",1531,3133,1531
"06_UHGtBtCEoaUWRP","itt_fullspec_bn_employed_treat_HD","treat_HD",79,0.0446327683615819,"Decrease",836,1708,836
"06_UHGtBtCEoaUWRP","itt_fullspec_bn_employed_treat_HD","treat_HD",79,0.0446327683615819,"Decrease",995,2032,995
"06_UHGtBtCEoaUWRP","itt_fullspec_bn_employed_treat_HD","treat_HD",79,0.0446327683615819,"Decrease",74,151,74
"06_UHGtBtCEoaUWRP","itt_fullspec_bn_employed_treat_HD","treat_HD",79,0.0446327683615819,"Decrease",942,1923,942
"06_UHGtBtCEoaUWRP","itt_fullspec_bn_employed_treat_HD","treat_HD",79,0.0446327683615819,"Decrease",1678,3432,1678
"06_UHGtBtCEoaUWRP","itt_fullspec_bn_employed_treat_HD","treat_HD",79,0.0446327683615819,"Decrease",1496,3063,1496
"06_UHGtBtCEoaUWRP","itt_fullspec_bn_employed_treat_HD","treat_HD",79,0.0446327683615819,"Decrease",1389,2844,1389
"06_UHGtBtCEoaUWRP","itt_fullspec_bn_employed_treat_HD","treat_HD",79,0.0446327683615819,"Decrease",565,1159,565
"06_UHGtBtCEoaUWRP","itt_fullspec_bn_employed_treat_HD","treat_HD",79,0.0446327683615819,"Decrease",78,159,78
"06_UHGtBtCEoaUWRP","itt_fullspec_bn_employed_treat_HD","treat_HD",79,0.0446327683615819,"Decrease",1641,3356,1641
"06_UHGtBtCEoaUWRP","itt_fullspec_bn_employed_treat_HD","treat_HD",79,0.0446327683615819,"Decrease",1073,2194,1073
"06_UHGtBtCEoaUWRP","itt_fullspec_bn_employed_treat_HD","treat_HD",79,0.0446327683615819,"Decrease",172,356,172
"06_UHGtBtCEoaUWRP","itt_fullspec_bn_employed_treat_HD","treat_HD",79,0.0446327683615819,"Decrease",940,1919,940
"06_UHGtBtCEoaUWRP","itt_fullspec_bn_employed_treat_HD","treat_HD",79,0.0446327683615819,"Decrease",1095,2238,1095
"06_UHGtBtCEoaUWRP","itt_fullspec_bn_employed_treat_HD","treat_HD",79,0.0446327683615819,"Decrease",1708,3492,1708
"06_UHGtBtCEoaUWRP","itt_fullspec_bn_employed_treat_HD","treat_HD",79,0.0446327683615819,"Decrease",444,912,444
"06_UHGtBtCEoaUWRP","itt_fullspec_bn_employed_treat_HD","treat_HD",79,0.0446327683615819,"Decrease",489,1004,489
"06_UHGtBtCEoaUWRP","itt_fullspec_bn_employed_treat_HD","treat_HD",79,0.0446327683615819,"Decrease",971,1983,971
"06_UHGtBtCEoaUWRP","itt_fullspec_bn_employed_treat_HD","treat_HD",79,0.0446327683615819,"Decrease",616,1264,616
"06_UHGtBtCEoaUWRP","itt_fullspec_bn_employed_treat_HD","treat_HD",79,0.0446327683615819,"Decrease",686,1405,686
"06_UHGtBtCEoaUWRP","itt_fullspec_bn_employed_treat_HD","treat_HD",79,0.0446327683615819,"Decrease",656,1345,656
"06_UHGtBtCEoaUWRP","itt_fullspec_bn_employed_treat_HD","treat_HD",79,0.0446327683615819,"Decrease",658,1349,658
"06_UHGtBtCEoaUWRP","itt_fullspec_bn_employed_treat_HD","treat_HD",79,0.0446327683615819,"Decrease",1715,3506,1715
"06_UHGtBtCEoaUWRP","itt_fullspec_bn_employed_treat_HD","treat_HD",79,0.0446327683615819,"Decrease",3,6,3
"06_UHGtBtCEoaUWRP","itt_fullspec_bn_employed_treat_HD","treat_HD",79,0.0446327683615819,"Decrease",579,1188,579
"06_UHGtBtCEoaUWRP","itt_fullspec_bn_employed_treat_HD","treat_HD",79,0.0446327683615819,"Decrease",925,1889,925
"06_UHGtBtCEoaUWRP","itt_fullspec_bn_employed_treat_HD","treat_HD",79,0.0446327683615819,"Decrease",1380,2826,1380
"06_UHGtBtCEoaUWRP","itt_fullspec_bn_employed_treat_HD","treat_HD",79,0.0446327683615819,"Decrease",1112,2273,1112
"06_UHGtBtCEoaUWRP","itt_fullspec_bn_employed_treat_HD","treat_HD",79,0.0446327683615819,"Decrease",1459,2987,1459
"06_UHGtBtCEoaUWRP","itt_fullspec_bn_employed_treat_HD","treat_HD",79,0.0446327683615819,"Decrease",790,1616,790
"06_UHGtBtCEoaUWRP","itt_fullspec_bn_employed_treat_HD","treat_HD",79,0.0446327683615819,"Decrease",84,173,84
"06_UHGtBtCEoaUWRP","itt_fullspec_bn_employed_treat_HD","treat_HD",79,0.0446327683615819,"Decrease",1219,2492,1219
"06_UHGtBtCEoaUWRP","itt_fullspec_bn_employed_treat_HD","treat_HD",79,0.0446327683615819,"Decrease",1754,3586,1754
"06_UHGtBtCEoaUWRP","itt_fullspec_bn_employed_treat_HD","treat_HD",79,0.0446327683615819,"Decrease",59,120,59
"06_UHGtBtCEoaUWRP","itt_fullspec_bn_employed_treat_HD","treat_HD",79,0.0446327683615819,"Decrease",905,1849,905
"06_UHGtBtCEoaUWRP","itt_fullspec_bn_employed_treat_HD","treat_HD",79,0.0446327683615819,"Decrease",862,1762,862
"06_UHGtBtCEoaUWRP","itt_fullspec_bn_employed_treat_HD","treat_HD",79,0.0446327683615819,"Decrease",1228,2511,1228
"06_UHGtBtCEoaUWRP","itt_fullspec_bn_employed_treat_HD","treat_HD",79,0.0446327683615819,"Decrease",22,45,22
"06_UHGtBtCEoaUWRP","itt_fullspec_bn_employed_treat_HD","treat_HD",79,0.0446327683615819,"Decrease",1507,3085,1507
"06_UHGtBtCEoaUWRP","itt_fullspec_bn_employed_treat_HD","treat_HD",79,0.0446327683615819,"Decrease",289,594,289
"06_UHGtBtCEoaUWRP","itt_fullspec_bn_employed_treat_HD","treat_HD",79,0.0446327683615819,"Decrease",824,1684,824
"06_UHGtBtCEoaUWRP","itt_fullspec_bn_employed_treat_HD","treat_HD",79,0.0446327683615819,"Decrease",1568,3207,1568
"06_UHGtBtCEoaUWRP","itt_fullspec_bn_employed_treat_HD","treat_HD",79,0.0446327683615819,"Decrease",1629,3332,1629
"06_UHGtBtCEoaUWRP","itt_fullspec_bn_employed_treat_HD","treat_HD",79,0.0446327683615819,"Decrease",1492,3055,1492
"06_UHGtBtCEoaUWRP","itt_fullspec_bn_employed_treat_HD","treat_HD",79,0.0446327683615819,"Decrease",246,505,246
"06_UHGtBtCEoaUWRP","itt_fullspec_bn_employed_treat_HD","treat_HD",79,0.0446327683615819,"Decrease",1097,2242,1097
"06_UHGtBtCEoaUWRP","itt_fullspec_bn_employed_treat_HD","treat_HD",79,0.0446327683615819,"Decrease",384,788,384
"06_UHGtBtCEoaUWRP","itt_fullspec_bn_employed_treat_HD","treat_HD",79,0.0446327683615819,"Decrease",634,1300,634
"06_UHGtBtCEoaUWRP","itt_fullspec_bn_employed_treat_HD","treat_HD",79,0.0446327683615819,"Decrease",61,124,61
"06_UHGtBtCEoaUWRP","itt_fullspec_bn_employed_treat_HD","treat_HD",79,0.0446327683615819,"Decrease",538,1104,538
"06_UHGtBtCEoaUWRP","itt_fullspec_bn_employed_treat_HD","treat_HD",79,0.0446327683615819,"Decrease",114,237,114
"06_UHGtBtCEoaUWRP","itt_fullspec_bn_employed_treat_HD","treat_HD",79,0.0446327683615819,"Decrease",350,719,350
"06_UHGtBtCEoaUWRP","itt_fullspec_bn_employed_treat_HD","treat_HD",79,0.0446327683615819,"Decrease",171,354,171
"06_UHGtBtCEoaUWRP","itt_fullspec_bn_employed_treat_HD","treat_HD",79,0.0446327683615819,"Decrease",1191,2434,1191
"06_UHGtBtCEoaUWRP","itt_fullspec_bn_employed_treat_HD","treat_HD",79,0.0446327683615819,"Decrease",1518,3107,1518
"06_UHGtBtCEoaUWRP","itt_fullspec_bn_employed_treat_HD","treat_HD",79,0.0446327683615819,"Decrease",311,640,311
"06_UHGtBtCEoaUWRP","itt_fullspec_bn_employed_treat_HD","treat_HD",79,0.0446327683615819,"Decrease",403,829,403
"06_UHGtBtCEoaUWRP","itt_fullspec_bn_employed_treat_HD","treat_HD",79,0.0446327683615819,"Decrease",400,823,400
"06_UHGtBtCEoaUWRP","itt_fullspec_bn_employed_treat_HD","treat_HD",79,0.0446327683615819,"Decrease",1318,2699,1318
"06_UHGtBtCEoaUWRP","itt_fullspec_bn_employed_treat_HD","treat_HD",79,0.0446327683615819,"Decrease",721,1476,721
"06_UHGtBtCEoaUWRP","itt_fullspec_bn_employed_treat_HD","treat_HD",79,0.0446327683615819,"Decrease",623,1278,623
"06_UHGtBtCEoaUWRP","itt_fullspec_bn_employed_treat_HD","treat_HD",79,0.0446327683615819,"Decrease",1452,2973,1452
"06_UHGtBtCEoaUWRP","itt_fullspec_bn_employed_treat_HD","treat_HD",79,0.0446327683615819,"Decrease",875,1789,875
"06_UHGtBtCEoaUWRP","itt_fullspec_bn_employed_treat_HD","treat_HD",79,0.0446327683615819,"Decrease",1525,3121,1525
"06_UHGtBtCEoaUWRP","itt_fullspec_bn_employed_treat_HD","treat_HD",79,0.0446327683615819,"Decrease",874,1787,874
"06_UHGtBtCEoaUWRP","itt_fullspec_bn_employed_treat_HD","treat_HD",79,0.0446327683615819,"Decrease",481,988,481
"06_UHGtBtCEoaUWRP","itt_fullspec_bn_employed_treat_HD","treat_HD",79,0.0446327683615819,"Decrease",548,1124,548
"06_UHGtBtCEoaUWRP","itt_fullspec_bn_employed_treat_HD","treat_HD",79,0.0446327683615819,"Decrease",601,1234,601
"06_UHGtBtCEoaUWRP","itt_fullspec_bn_employed_treat_HD","treat_HD",79,0.0446327683615819,"Decrease",1126,2302,1126
"06_UHGtBtCEoaUWRP","itt_fullspec_bn_employed_treat_HD","treat_HD",79,0.0446327683615819,"Decrease",430,883,430
"06_UHGtBtCEoaUWRP","itt_fullspec_bn_employed_treat_HD","treat_HD",79,0.0446327683615819,"Decrease",1300,2662,1300
"06_UHGtBtCEoaUWRP","itt_fullspec_bn_employed_treat_HD","treat_HD",80,0.0451977401129944,"Decrease",1691,3458,1691
"06_UHGtBtCEoaUWRP","itt_fullspec_bn_employed_treat_HD","treat_HD",80,0.0451977401129944,"Decrease",1679,3434,1679
"06_UHGtBtCEoaUWRP","itt_fullspec_bn_employed_treat_HD","treat_HD",80,0.0451977401129944,"Decrease",1655,3386,1655
"06_UHGtBtCEoaUWRP","itt_fullspec_bn_employed_treat_HD","treat_HD",80,0.0451977401129944,"Decrease",1053,2152,1053
"06_UHGtBtCEoaUWRP","itt_fullspec_bn_employed_treat_HD","treat_HD",80,0.0451977401129944,"Decrease",932,1903,932
"06_UHGtBtCEoaUWRP","itt_fullspec_bn_employed_treat_HD","treat_HD",80,0.0451977401129944,"Decrease",1712,3500,1712
"06_UHGtBtCEoaUWRP","itt_fullspec_bn_employed_treat_HD","treat_HD",80,0.0451977401129944,"Decrease",1591,3255,1591
"06_UHGtBtCEoaUWRP","itt_fullspec_bn_employed_treat_HD","treat_HD",80,0.0451977401129944,"Decrease",1531,3133,1531
"06_UHGtBtCEoaUWRP","itt_fullspec_bn_employed_treat_HD","treat_HD",80,0.0451977401129944,"Decrease",836,1708,836
"06_UHGtBtCEoaUWRP","itt_fullspec_bn_employed_treat_HD","treat_HD",80,0.0451977401129944,"Decrease",995,2032,995
"06_UHGtBtCEoaUWRP","itt_fullspec_bn_employed_treat_HD","treat_HD",80,0.0451977401129944,"Decrease",74,151,74
"06_UHGtBtCEoaUWRP","itt_fullspec_bn_employed_treat_HD","treat_HD",80,0.0451977401129944,"Decrease",942,1923,942
"06_UHGtBtCEoaUWRP","itt_fullspec_bn_employed_treat_HD","treat_HD",80,0.0451977401129944,"Decrease",1678,3432,1678
"06_UHGtBtCEoaUWRP","itt_fullspec_bn_employed_treat_HD","treat_HD",80,0.0451977401129944,"Decrease",1496,3063,1496
"06_UHGtBtCEoaUWRP","itt_fullspec_bn_employed_treat_HD","treat_HD",80,0.0451977401129944,"Decrease",1389,2844,1389
"06_UHGtBtCEoaUWRP","itt_fullspec_bn_employed_treat_HD","treat_HD",80,0.0451977401129944,"Decrease",565,1159,565
"06_UHGtBtCEoaUWRP","itt_fullspec_bn_employed_treat_HD","treat_HD",80,0.0451977401129944,"Decrease",78,159,78
"06_UHGtBtCEoaUWRP","itt_fullspec_bn_employed_treat_HD","treat_HD",80,0.0451977401129944,"Decrease",1641,3356,1641
"06_UHGtBtCEoaUWRP","itt_fullspec_bn_employed_treat_HD","treat_HD",80,0.0451977401129944,"Decrease",1073,2194,1073
"06_UHGtBtCEoaUWRP","itt_fullspec_bn_employed_treat_HD","treat_HD",80,0.0451977401129944,"Decrease",172,356,172
"06_UHGtBtCEoaUWRP","itt_fullspec_bn_employed_treat_HD","treat_HD",80,0.0451977401129944,"Decrease",940,1919,940
"06_UHGtBtCEoaUWRP","itt_fullspec_bn_employed_treat_HD","treat_HD",80,0.0451977401129944,"Decrease",1095,2238,1095
"06_UHGtBtCEoaUWRP","itt_fullspec_bn_employed_treat_HD","treat_HD",80,0.0451977401129944,"Decrease",1708,3492,1708
"06_UHGtBtCEoaUWRP","itt_fullspec_bn_employed_treat_HD","treat_HD",80,0.0451977401129944,"Decrease",444,912,444
"06_UHGtBtCEoaUWRP","itt_fullspec_bn_employed_treat_HD","treat_HD",80,0.0451977401129944,"Decrease",489,1004,489
"06_UHGtBtCEoaUWRP","itt_fullspec_bn_employed_treat_HD","treat_HD",80,0.0451977401129944,"Decrease",971,1983,971
"06_UHGtBtCEoaUWRP","itt_fullspec_bn_employed_treat_HD","treat_HD",80,0.0451977401129944,"Decrease",616,1264,616
"06_UHGtBtCEoaUWRP","itt_fullspec_bn_employed_treat_HD","treat_HD",80,0.0451977401129944,"Decrease",686,1405,686
"06_UHGtBtCEoaUWRP","itt_fullspec_bn_employed_treat_HD","treat_HD",80,0.0451977401129944,"Decrease",656,1345,656
"06_UHGtBtCEoaUWRP","itt_fullspec_bn_employed_treat_HD","treat_HD",80,0.0451977401129944,"Decrease",658,1349,658
"06_UHGtBtCEoaUWRP","itt_fullspec_bn_employed_treat_HD","treat_HD",80,0.0451977401129944,"Decrease",1715,3506,1715
"06_UHGtBtCEoaUWRP","itt_fullspec_bn_employed_treat_HD","treat_HD",80,0.0451977401129944,"Decrease",3,6,3
"06_UHGtBtCEoaUWRP","itt_fullspec_bn_employed_treat_HD","treat_HD",80,0.0451977401129944,"Decrease",579,1188,579
"06_UHGtBtCEoaUWRP","itt_fullspec_bn_employed_treat_HD","treat_HD",80,0.0451977401129944,"Decrease",925,1889,925
"06_UHGtBtCEoaUWRP","itt_fullspec_bn_employed_treat_HD","treat_HD",80,0.0451977401129944,"Decrease",1380,2826,1380
"06_UHGtBtCEoaUWRP","itt_fullspec_bn_employed_treat_HD","treat_HD",80,0.0451977401129944,"Decrease",1112,2273,1112
"06_UHGtBtCEoaUWRP","itt_fullspec_bn_employed_treat_HD","treat_HD",80,0.0451977401129944,"Decrease",1459,2987,1459
"06_UHGtBtCEoaUWRP","itt_fullspec_bn_employed_treat_HD","treat_HD",80,0.0451977401129944,"Decrease",790,1616,790
"06_UHGtBtCEoaUWRP","itt_fullspec_bn_employed_treat_HD","treat_HD",80,0.0451977401129944,"Decrease",84,173,84
"06_UHGtBtCEoaUWRP","itt_fullspec_bn_employed_treat_HD","treat_HD",80,0.0451977401129944,"Decrease",1219,2492,1219
"06_UHGtBtCEoaUWRP","itt_fullspec_bn_employed_treat_HD","treat_HD",80,0.0451977401129944,"Decrease",1754,3586,1754
"06_UHGtBtCEoaUWRP","itt_fullspec_bn_employed_treat_HD","treat_HD",80,0.0451977401129944,"Decrease",59,120,59
"06_UHGtBtCEoaUWRP","itt_fullspec_bn_employed_treat_HD","treat_HD",80,0.0451977401129944,"Decrease",905,1849,905
"06_UHGtBtCEoaUWRP","itt_fullspec_bn_employed_treat_HD","treat_HD",80,0.0451977401129944,"Decrease",862,1762,862
"06_UHGtBtCEoaUWRP","itt_fullspec_bn_employed_treat_HD","treat_HD",80,0.0451977401129944,"Decrease",1228,2511,1228
"06_UHGtBtCEoaUWRP","itt_fullspec_bn_employed_treat_HD","treat_HD",80,0.0451977401129944,"Decrease",22,45,22
"06_UHGtBtCEoaUWRP","itt_fullspec_bn_employed_treat_HD","treat_HD",80,0.0451977401129944,"Decrease",1507,3085,1507
"06_UHGtBtCEoaUWRP","itt_fullspec_bn_employed_treat_HD","treat_HD",80,0.0451977401129944,"Decrease",289,594,289
"06_UHGtBtCEoaUWRP","itt_fullspec_bn_employed_treat_HD","treat_HD",80,0.0451977401129944,"Decrease",1568,3207,1568
"06_UHGtBtCEoaUWRP","itt_fullspec_bn_employed_treat_HD","treat_HD",80,0.0451977401129944,"Decrease",824,1684,824
"06_UHGtBtCEoaUWRP","itt_fullspec_bn_employed_treat_HD","treat_HD",80,0.0451977401129944,"Decrease",1629,3332,1629
"06_UHGtBtCEoaUWRP","itt_fullspec_bn_employed_treat_HD","treat_HD",80,0.0451977401129944,"Decrease",1492,3055,1492
"06_UHGtBtCEoaUWRP","itt_fullspec_bn_employed_treat_HD","treat_HD",80,0.0451977401129944,"Decrease",246,505,246
"06_UHGtBtCEoaUWRP","itt_fullspec_bn_employed_treat_HD","treat_HD",80,0.0451977401129944,"Decrease",1097,2242,1097
"06_UHGtBtCEoaUWRP","itt_fullspec_bn_employed_treat_HD","treat_HD",80,0.0451977401129944,"Decrease",384,788,384
"06_UHGtBtCEoaUWRP","itt_fullspec_bn_employed_treat_HD","treat_HD",80,0.0451977401129944,"Decrease",634,1300,634
"06_UHGtBtCEoaUWRP","itt_fullspec_bn_employed_treat_HD","treat_HD",80,0.0451977401129944,"Decrease",61,124,61
"06_UHGtBtCEoaUWRP","itt_fullspec_bn_employed_treat_HD","treat_HD",80,0.0451977401129944,"Decrease",538,1104,538
"06_UHGtBtCEoaUWRP","itt_fullspec_bn_employed_treat_HD","treat_HD",80,0.0451977401129944,"Decrease",114,237,114
"06_UHGtBtCEoaUWRP","itt_fullspec_bn_employed_treat_HD","treat_HD",80,0.0451977401129944,"Decrease",350,719,350
"06_UHGtBtCEoaUWRP","itt_fullspec_bn_employed_treat_HD","treat_HD",80,0.0451977401129944,"Decrease",171,354,171
"06_UHGtBtCEoaUWRP","itt_fullspec_bn_employed_treat_HD","treat_HD",80,0.0451977401129944,"Decrease",1191,2434,1191
"06_UHGtBtCEoaUWRP","itt_fullspec_bn_employed_treat_HD","treat_HD",80,0.0451977401129944,"Decrease",1518,3107,1518
"06_UHGtBtCEoaUWRP","itt_fullspec_bn_employed_treat_HD","treat_HD",80,0.0451977401129944,"Decrease",403,829,403
"06_UHGtBtCEoaUWRP","itt_fullspec_bn_employed_treat_HD","treat_HD",80,0.0451977401129944,"Decrease",311,640,311
"06_UHGtBtCEoaUWRP","itt_fullspec_bn_employed_treat_HD","treat_HD",80,0.0451977401129944,"Decrease",400,823,400
"06_UHGtBtCEoaUWRP","itt_fullspec_bn_employed_treat_HD","treat_HD",80,0.0451977401129944,"Decrease",1318,2699,1318
"06_UHGtBtCEoaUWRP","itt_fullspec_bn_employed_treat_HD","treat_HD",80,0.0451977401129944,"Decrease",1452,2973,1452
"06_UHGtBtCEoaUWRP","itt_fullspec_bn_employed_treat_HD","treat_HD",80,0.0451977401129944,"Decrease",623,1278,623
"06_UHGtBtCEoaUWRP","itt_fullspec_bn_employed_treat_HD","treat_HD",80,0.0451977401129944,"Decrease",721,1476,721
"06_UHGtBtCEoaUWRP","itt_fullspec_bn_employed_treat_HD","treat_HD",80,0.0451977401129944,"Decrease",875,1789,875
"06_UHGtBtCEoaUWRP","itt_fullspec_bn_employed_treat_HD","treat_HD",80,0.0451977401129944,"Decrease",1525,3121,1525
"06_UHGtBtCEoaUWRP","itt_fullspec_bn_employed_treat_HD","treat_HD",80,0.0451977401129944,"Decrease",874,1787,874
"06_UHGtBtCEoaUWRP","itt_fullspec_bn_employed_treat_HD","treat_HD",80,0.0451977401129944,"Decrease",481,988,481
"06_UHGtBtCEoaUWRP","itt_fullspec_bn_employed_treat_HD","treat_HD",80,0.0451977401129944,"Decrease",548,1124,548
"06_UHGtBtCEoaUWRP","itt_fullspec_bn_employed_treat_HD","treat_HD",80,0.0451977401129944,"Decrease",1126,2302,1126
"06_UHGtBtCEoaUWRP","itt_fullspec_bn_employed_treat_HD","treat_HD",80,0.0451977401129944,"Decrease",601,1234,601
"06_UHGtBtCEoaUWRP","itt_fullspec_bn_employed_treat_HD","treat_HD",80,0.0451977401129944,"Decrease",430,883,430
"06_UHGtBtCEoaUWRP","itt_fullspec_bn_employed_treat_HD","treat_HD",80,0.0451977401129944,"Decrease",1300,2662,1300
"06_UHGtBtCEoaUWRP","itt_fullspec_bn_employed_treat_HD","treat_HD",80,0.0451977401129944,"Decrease",1482,3035,1482
"06_UHGtBtCEoaUWRP","itt_fullspec_bn_employed_treat_HD","treat_HD",81,0.0457627118644068,"Decrease",1691,3458,1691
"06_UHGtBtCEoaUWRP","itt_fullspec_bn_employed_treat_HD","treat_HD",81,0.0457627118644068,"Decrease",1679,3434,1679
"06_UHGtBtCEoaUWRP","itt_fullspec_bn_employed_treat_HD","treat_HD",81,0.0457627118644068,"Decrease",1655,3386,1655
"06_UHGtBtCEoaUWRP","itt_fullspec_bn_employed_treat_HD","treat_HD",81,0.0457627118644068,"Decrease",1053,2152,1053
"06_UHGtBtCEoaUWRP","itt_fullspec_bn_employed_treat_HD","treat_HD",81,0.0457627118644068,"Decrease",932,1903,932
"06_UHGtBtCEoaUWRP","itt_fullspec_bn_employed_treat_HD","treat_HD",81,0.0457627118644068,"Decrease",1712,3500,1712
"06_UHGtBtCEoaUWRP","itt_fullspec_bn_employed_treat_HD","treat_HD",81,0.0457627118644068,"Decrease",1591,3255,1591
"06_UHGtBtCEoaUWRP","itt_fullspec_bn_employed_treat_HD","treat_HD",81,0.0457627118644068,"Decrease",1531,3133,1531
"06_UHGtBtCEoaUWRP","itt_fullspec_bn_employed_treat_HD","treat_HD",81,0.0457627118644068,"Decrease",836,1708,836
"06_UHGtBtCEoaUWRP","itt_fullspec_bn_employed_treat_HD","treat_HD",81,0.0457627118644068,"Decrease",995,2032,995
"06_UHGtBtCEoaUWRP","itt_fullspec_bn_employed_treat_HD","treat_HD",81,0.0457627118644068,"Decrease",74,151,74
"06_UHGtBtCEoaUWRP","itt_fullspec_bn_employed_treat_HD","treat_HD",81,0.0457627118644068,"Decrease",942,1923,942
"06_UHGtBtCEoaUWRP","itt_fullspec_bn_employed_treat_HD","treat_HD",81,0.0457627118644068,"Decrease",1678,3432,1678
"06_UHGtBtCEoaUWRP","itt_fullspec_bn_employed_treat_HD","treat_HD",81,0.0457627118644068,"Decrease",1496,3063,1496
"06_UHGtBtCEoaUWRP","itt_fullspec_bn_employed_treat_HD","treat_HD",81,0.0457627118644068,"Decrease",1389,2844,1389
"06_UHGtBtCEoaUWRP","itt_fullspec_bn_employed_treat_HD","treat_HD",81,0.0457627118644068,"Decrease",565,1159,565
"06_UHGtBtCEoaUWRP","itt_fullspec_bn_employed_treat_HD","treat_HD",81,0.0457627118644068,"Decrease",78,159,78
"06_UHGtBtCEoaUWRP","itt_fullspec_bn_employed_treat_HD","treat_HD",81,0.0457627118644068,"Decrease",1073,2194,1073
"06_UHGtBtCEoaUWRP","itt_fullspec_bn_employed_treat_HD","treat_HD",81,0.0457627118644068,"Decrease",1641,3356,1641
"06_UHGtBtCEoaUWRP","itt_fullspec_bn_employed_treat_HD","treat_HD",81,0.0457627118644068,"Decrease",172,356,172
"06_UHGtBtCEoaUWRP","itt_fullspec_bn_employed_treat_HD","treat_HD",81,0.0457627118644068,"Decrease",940,1919,940
"06_UHGtBtCEoaUWRP","itt_fullspec_bn_employed_treat_HD","treat_HD",81,0.0457627118644068,"Decrease",1095,2238,1095
"06_UHGtBtCEoaUWRP","itt_fullspec_bn_employed_treat_HD","treat_HD",81,0.0457627118644068,"Decrease",1708,3492,1708
"06_UHGtBtCEoaUWRP","itt_fullspec_bn_employed_treat_HD","treat_HD",81,0.0457627118644068,"Decrease",444,912,444
"06_UHGtBtCEoaUWRP","itt_fullspec_bn_employed_treat_HD","treat_HD",81,0.0457627118644068,"Decrease",489,1004,489
"06_UHGtBtCEoaUWRP","itt_fullspec_bn_employed_treat_HD","treat_HD",81,0.0457627118644068,"Decrease",971,1983,971
"06_UHGtBtCEoaUWRP","itt_fullspec_bn_employed_treat_HD","treat_HD",81,0.0457627118644068,"Decrease",616,1264,616
"06_UHGtBtCEoaUWRP","itt_fullspec_bn_employed_treat_HD","treat_HD",81,0.0457627118644068,"Decrease",686,1405,686
"06_UHGtBtCEoaUWRP","itt_fullspec_bn_employed_treat_HD","treat_HD",81,0.0457627118644068,"Decrease",656,1345,656
"06_UHGtBtCEoaUWRP","itt_fullspec_bn_employed_treat_HD","treat_HD",81,0.0457627118644068,"Decrease",658,1349,658
"06_UHGtBtCEoaUWRP","itt_fullspec_bn_employed_treat_HD","treat_HD",81,0.0457627118644068,"Decrease",3,6,3
"06_UHGtBtCEoaUWRP","itt_fullspec_bn_employed_treat_HD","treat_HD",81,0.0457627118644068,"Decrease",1715,3506,1715
"06_UHGtBtCEoaUWRP","itt_fullspec_bn_employed_treat_HD","treat_HD",81,0.0457627118644068,"Decrease",579,1188,579
"06_UHGtBtCEoaUWRP","itt_fullspec_bn_employed_treat_HD","treat_HD",81,0.0457627118644068,"Decrease",925,1889,925
"06_UHGtBtCEoaUWRP","itt_fullspec_bn_employed_treat_HD","treat_HD",81,0.0457627118644068,"Decrease",1380,2826,1380
"06_UHGtBtCEoaUWRP","itt_fullspec_bn_employed_treat_HD","treat_HD",81,0.0457627118644068,"Decrease",1112,2273,1112
"06_UHGtBtCEoaUWRP","itt_fullspec_bn_employed_treat_HD","treat_HD",81,0.0457627118644068,"Decrease",1459,2987,1459
"06_UHGtBtCEoaUWRP","itt_fullspec_bn_employed_treat_HD","treat_HD",81,0.0457627118644068,"Decrease",790,1616,790
"06_UHGtBtCEoaUWRP","itt_fullspec_bn_employed_treat_HD","treat_HD",81,0.0457627118644068,"Decrease",84,173,84
"06_UHGtBtCEoaUWRP","itt_fullspec_bn_employed_treat_HD","treat_HD",81,0.0457627118644068,"Decrease",1219,2492,1219
"06_UHGtBtCEoaUWRP","itt_fullspec_bn_employed_treat_HD","treat_HD",81,0.0457627118644068,"Decrease",1754,3586,1754
"06_UHGtBtCEoaUWRP","itt_fullspec_bn_employed_treat_HD","treat_HD",81,0.0457627118644068,"Decrease",59,120,59
"06_UHGtBtCEoaUWRP","itt_fullspec_bn_employed_treat_HD","treat_HD",81,0.0457627118644068,"Decrease",862,1762,862
"06_UHGtBtCEoaUWRP","itt_fullspec_bn_employed_treat_HD","treat_HD",81,0.0457627118644068,"Decrease",905,1849,905
"06_UHGtBtCEoaUWRP","itt_fullspec_bn_employed_treat_HD","treat_HD",81,0.0457627118644068,"Decrease",1228,2511,1228
"06_UHGtBtCEoaUWRP","itt_fullspec_bn_employed_treat_HD","treat_HD",81,0.0457627118644068,"Decrease",1507,3085,1507
"06_UHGtBtCEoaUWRP","itt_fullspec_bn_employed_treat_HD","treat_HD",81,0.0457627118644068,"Decrease",22,45,22
"06_UHGtBtCEoaUWRP","itt_fullspec_bn_employed_treat_HD","treat_HD",81,0.0457627118644068,"Decrease",289,594,289
"06_UHGtBtCEoaUWRP","itt_fullspec_bn_employed_treat_HD","treat_HD",81,0.0457627118644068,"Decrease",1568,3207,1568
"06_UHGtBtCEoaUWRP","itt_fullspec_bn_employed_treat_HD","treat_HD",81,0.0457627118644068,"Decrease",824,1684,824
"06_UHGtBtCEoaUWRP","itt_fullspec_bn_employed_treat_HD","treat_HD",81,0.0457627118644068,"Decrease",1629,3332,1629
"06_UHGtBtCEoaUWRP","itt_fullspec_bn_employed_treat_HD","treat_HD",81,0.0457627118644068,"Decrease",1492,3055,1492
"06_UHGtBtCEoaUWRP","itt_fullspec_bn_employed_treat_HD","treat_HD",81,0.0457627118644068,"Decrease",246,505,246
"06_UHGtBtCEoaUWRP","itt_fullspec_bn_employed_treat_HD","treat_HD",81,0.0457627118644068,"Decrease",384,788,384
"06_UHGtBtCEoaUWRP","itt_fullspec_bn_employed_treat_HD","treat_HD",81,0.0457627118644068,"Decrease",1097,2242,1097
"06_UHGtBtCEoaUWRP","itt_fullspec_bn_employed_treat_HD","treat_HD",81,0.0457627118644068,"Decrease",634,1300,634
"06_UHGtBtCEoaUWRP","itt_fullspec_bn_employed_treat_HD","treat_HD",81,0.0457627118644068,"Decrease",61,124,61
"06_UHGtBtCEoaUWRP","itt_fullspec_bn_employed_treat_HD","treat_HD",81,0.0457627118644068,"Decrease",538,1104,538
"06_UHGtBtCEoaUWRP","itt_fullspec_bn_employed_treat_HD","treat_HD",81,0.0457627118644068,"Decrease",114,237,114
"06_UHGtBtCEoaUWRP","itt_fullspec_bn_employed_treat_HD","treat_HD",81,0.0457627118644068,"Decrease",350,719,350
"06_UHGtBtCEoaUWRP","itt_fullspec_bn_employed_treat_HD","treat_HD",81,0.0457627118644068,"Decrease",171,354,171
"06_UHGtBtCEoaUWRP","itt_fullspec_bn_employed_treat_HD","treat_HD",81,0.0457627118644068,"Decrease",1191,2434,1191
"06_UHGtBtCEoaUWRP","itt_fullspec_bn_employed_treat_HD","treat_HD",81,0.0457627118644068,"Decrease",403,829,403
"06_UHGtBtCEoaUWRP","itt_fullspec_bn_employed_treat_HD","treat_HD",81,0.0457627118644068,"Decrease",1518,3107,1518
"06_UHGtBtCEoaUWRP","itt_fullspec_bn_employed_treat_HD","treat_HD",81,0.0457627118644068,"Decrease",311,640,311
"06_UHGtBtCEoaUWRP","itt_fullspec_bn_employed_treat_HD","treat_HD",81,0.0457627118644068,"Decrease",400,823,400
"06_UHGtBtCEoaUWRP","itt_fullspec_bn_employed_treat_HD","treat_HD",81,0.0457627118644068,"Decrease",1318,2699,1318
"06_UHGtBtCEoaUWRP","itt_fullspec_bn_employed_treat_HD","treat_HD",81,0.0457627118644068,"Decrease",1452,2973,1452
"06_UHGtBtCEoaUWRP","itt_fullspec_bn_employed_treat_HD","treat_HD",81,0.0457627118644068,"Decrease",623,1278,623
"06_UHGtBtCEoaUWRP","itt_fullspec_bn_employed_treat_HD","treat_HD",81,0.0457627118644068,"Decrease",721,1476,721
"06_UHGtBtCEoaUWRP","itt_fullspec_bn_employed_treat_HD","treat_HD",81,0.0457627118644068,"Decrease",875,1789,875
"06_UHGtBtCEoaUWRP","itt_fullspec_bn_employed_treat_HD","treat_HD",81,0.0457627118644068,"Decrease",1525,3121,1525
"06_UHGtBtCEoaUWRP","itt_fullspec_bn_employed_treat_HD","treat_HD",81,0.0457627118644068,"Decrease",874,1787,874
"06_UHGtBtCEoaUWRP","itt_fullspec_bn_employed_treat_HD","treat_HD",81,0.0457627118644068,"Decrease",481,988,481
"06_UHGtBtCEoaUWRP","itt_fullspec_bn_employed_treat_HD","treat_HD",81,0.0457627118644068,"Decrease",548,1124,548
"06_UHGtBtCEoaUWRP","itt_fullspec_bn_employed_treat_HD","treat_HD",81,0.0457627118644068,"Decrease",1126,2302,1126
"06_UHGtBtCEoaUWRP","itt_fullspec_bn_employed_treat_HD","treat_HD",81,0.0457627118644068,"Decrease",601,1234,601
"06_UHGtBtCEoaUWRP","itt_fullspec_bn_employed_treat_HD","treat_HD",81,0.0457627118644068,"Decrease",430,883,430
"06_UHGtBtCEoaUWRP","itt_fullspec_bn_employed_treat_HD","treat_HD",81,0.0457627118644068,"Decrease",1300,2662,1300
"06_UHGtBtCEoaUWRP","itt_fullspec_bn_employed_treat_HD","treat_HD",81,0.0457627118644068,"Decrease",1482,3035,1482
"06_UHGtBtCEoaUWRP","itt_fullspec_bn_employed_treat_HD","treat_HD",81,0.0457627118644068,"Decrease",671,1375,671
"06_UHGtBtCEoaUWRP","itt_fullspec_bn_employed_treat_HD","treat_HD",82,0.0463276836158192,"Decrease",1691,3458,1691
"06_UHGtBtCEoaUWRP","itt_fullspec_bn_employed_treat_HD","treat_HD",82,0.0463276836158192,"Decrease",1679,3434,1679
"06_UHGtBtCEoaUWRP","itt_fullspec_bn_employed_treat_HD","treat_HD",82,0.0463276836158192,"Decrease",1655,3386,1655
"06_UHGtBtCEoaUWRP","itt_fullspec_bn_employed_treat_HD","treat_HD",82,0.0463276836158192,"Decrease",1053,2152,1053
"06_UHGtBtCEoaUWRP","itt_fullspec_bn_employed_treat_HD","treat_HD",82,0.0463276836158192,"Decrease",932,1903,932
"06_UHGtBtCEoaUWRP","itt_fullspec_bn_employed_treat_HD","treat_HD",82,0.0463276836158192,"Decrease",1712,3500,1712
"06_UHGtBtCEoaUWRP","itt_fullspec_bn_employed_treat_HD","treat_HD",82,0.0463276836158192,"Decrease",1591,3255,1591
"06_UHGtBtCEoaUWRP","itt_fullspec_bn_employed_treat_HD","treat_HD",82,0.0463276836158192,"Decrease",1531,3133,1531
"06_UHGtBtCEoaUWRP","itt_fullspec_bn_employed_treat_HD","treat_HD",82,0.0463276836158192,"Decrease",836,1708,836
"06_UHGtBtCEoaUWRP","itt_fullspec_bn_employed_treat_HD","treat_HD",82,0.0463276836158192,"Decrease",995,2032,995
"06_UHGtBtCEoaUWRP","itt_fullspec_bn_employed_treat_HD","treat_HD",82,0.0463276836158192,"Decrease",74,151,74
"06_UHGtBtCEoaUWRP","itt_fullspec_bn_employed_treat_HD","treat_HD",82,0.0463276836158192,"Decrease",942,1923,942
"06_UHGtBtCEoaUWRP","itt_fullspec_bn_employed_treat_HD","treat_HD",82,0.0463276836158192,"Decrease",1678,3432,1678
"06_UHGtBtCEoaUWRP","itt_fullspec_bn_employed_treat_HD","treat_HD",82,0.0463276836158192,"Decrease",1496,3063,1496
"06_UHGtBtCEoaUWRP","itt_fullspec_bn_employed_treat_HD","treat_HD",82,0.0463276836158192,"Decrease",1389,2844,1389
"06_UHGtBtCEoaUWRP","itt_fullspec_bn_employed_treat_HD","treat_HD",82,0.0463276836158192,"Decrease",565,1159,565
"06_UHGtBtCEoaUWRP","itt_fullspec_bn_employed_treat_HD","treat_HD",82,0.0463276836158192,"Decrease",78,159,78
"06_UHGtBtCEoaUWRP","itt_fullspec_bn_employed_treat_HD","treat_HD",82,0.0463276836158192,"Decrease",1073,2194,1073
"06_UHGtBtCEoaUWRP","itt_fullspec_bn_employed_treat_HD","treat_HD",82,0.0463276836158192,"Decrease",1641,3356,1641
"06_UHGtBtCEoaUWRP","itt_fullspec_bn_employed_treat_HD","treat_HD",82,0.0463276836158192,"Decrease",172,356,172
"06_UHGtBtCEoaUWRP","itt_fullspec_bn_employed_treat_HD","treat_HD",82,0.0463276836158192,"Decrease",940,1919,940
"06_UHGtBtCEoaUWRP","itt_fullspec_bn_employed_treat_HD","treat_HD",82,0.0463276836158192,"Decrease",1095,2238,1095
"06_UHGtBtCEoaUWRP","itt_fullspec_bn_employed_treat_HD","treat_HD",82,0.0463276836158192,"Decrease",1708,3492,1708
"06_UHGtBtCEoaUWRP","itt_fullspec_bn_employed_treat_HD","treat_HD",82,0.0463276836158192,"Decrease",444,912,444
"06_UHGtBtCEoaUWRP","itt_fullspec_bn_employed_treat_HD","treat_HD",82,0.0463276836158192,"Decrease",489,1004,489
"06_UHGtBtCEoaUWRP","itt_fullspec_bn_employed_treat_HD","treat_HD",82,0.0463276836158192,"Decrease",971,1983,971
"06_UHGtBtCEoaUWRP","itt_fullspec_bn_employed_treat_HD","treat_HD",82,0.0463276836158192,"Decrease",616,1264,616
"06_UHGtBtCEoaUWRP","itt_fullspec_bn_employed_treat_HD","treat_HD",82,0.0463276836158192,"Decrease",686,1405,686
"06_UHGtBtCEoaUWRP","itt_fullspec_bn_employed_treat_HD","treat_HD",82,0.0463276836158192,"Decrease",656,1345,656
"06_UHGtBtCEoaUWRP","itt_fullspec_bn_employed_treat_HD","treat_HD",82,0.0463276836158192,"Decrease",658,1349,658
"06_UHGtBtCEoaUWRP","itt_fullspec_bn_employed_treat_HD","treat_HD",82,0.0463276836158192,"Decrease",3,6,3
"06_UHGtBtCEoaUWRP","itt_fullspec_bn_employed_treat_HD","treat_HD",82,0.0463276836158192,"Decrease",1715,3506,1715
"06_UHGtBtCEoaUWRP","itt_fullspec_bn_employed_treat_HD","treat_HD",82,0.0463276836158192,"Decrease",579,1188,579
"06_UHGtBtCEoaUWRP","itt_fullspec_bn_employed_treat_HD","treat_HD",82,0.0463276836158192,"Decrease",925,1889,925
"06_UHGtBtCEoaUWRP","itt_fullspec_bn_employed_treat_HD","treat_HD",82,0.0463276836158192,"Decrease",1380,2826,1380
"06_UHGtBtCEoaUWRP","itt_fullspec_bn_employed_treat_HD","treat_HD",82,0.0463276836158192,"Decrease",1112,2273,1112
"06_UHGtBtCEoaUWRP","itt_fullspec_bn_employed_treat_HD","treat_HD",82,0.0463276836158192,"Decrease",1459,2987,1459
"06_UHGtBtCEoaUWRP","itt_fullspec_bn_employed_treat_HD","treat_HD",82,0.0463276836158192,"Decrease",790,1616,790
"06_UHGtBtCEoaUWRP","itt_fullspec_bn_employed_treat_HD","treat_HD",82,0.0463276836158192,"Decrease",84,173,84
"06_UHGtBtCEoaUWRP","itt_fullspec_bn_employed_treat_HD","treat_HD",82,0.0463276836158192,"Decrease",1219,2492,1219
"06_UHGtBtCEoaUWRP","itt_fullspec_bn_employed_treat_HD","treat_HD",82,0.0463276836158192,"Decrease",1754,3586,1754
"06_UHGtBtCEoaUWRP","itt_fullspec_bn_employed_treat_HD","treat_HD",82,0.0463276836158192,"Decrease",59,120,59
"06_UHGtBtCEoaUWRP","itt_fullspec_bn_employed_treat_HD","treat_HD",82,0.0463276836158192,"Decrease",862,1762,862
"06_UHGtBtCEoaUWRP","itt_fullspec_bn_employed_treat_HD","treat_HD",82,0.0463276836158192,"Decrease",905,1849,905
"06_UHGtBtCEoaUWRP","itt_fullspec_bn_employed_treat_HD","treat_HD",82,0.0463276836158192,"Decrease",1228,2511,1228
"06_UHGtBtCEoaUWRP","itt_fullspec_bn_employed_treat_HD","treat_HD",82,0.0463276836158192,"Decrease",1507,3085,1507
"06_UHGtBtCEoaUWRP","itt_fullspec_bn_employed_treat_HD","treat_HD",82,0.0463276836158192,"Decrease",22,45,22
"06_UHGtBtCEoaUWRP","itt_fullspec_bn_employed_treat_HD","treat_HD",82,0.0463276836158192,"Decrease",289,594,289
"06_UHGtBtCEoaUWRP","itt_fullspec_bn_employed_treat_HD","treat_HD",82,0.0463276836158192,"Decrease",1568,3207,1568
"06_UHGtBtCEoaUWRP","itt_fullspec_bn_employed_treat_HD","treat_HD",82,0.0463276836158192,"Decrease",824,1684,824
"06_UHGtBtCEoaUWRP","itt_fullspec_bn_employed_treat_HD","treat_HD",82,0.0463276836158192,"Decrease",1629,3332,1629
"06_UHGtBtCEoaUWRP","itt_fullspec_bn_employed_treat_HD","treat_HD",82,0.0463276836158192,"Decrease",1492,3055,1492
"06_UHGtBtCEoaUWRP","itt_fullspec_bn_employed_treat_HD","treat_HD",82,0.0463276836158192,"Decrease",384,788,384
"06_UHGtBtCEoaUWRP","itt_fullspec_bn_employed_treat_HD","treat_HD",82,0.0463276836158192,"Decrease",246,505,246
"06_UHGtBtCEoaUWRP","itt_fullspec_bn_employed_treat_HD","treat_HD",82,0.0463276836158192,"Decrease",1097,2242,1097
"06_UHGtBtCEoaUWRP","itt_fullspec_bn_employed_treat_HD","treat_HD",82,0.0463276836158192,"Decrease",634,1300,634
"06_UHGtBtCEoaUWRP","itt_fullspec_bn_employed_treat_HD","treat_HD",82,0.0463276836158192,"Decrease",61,124,61
"06_UHGtBtCEoaUWRP","itt_fullspec_bn_employed_treat_HD","treat_HD",82,0.0463276836158192,"Decrease",538,1104,538
"06_UHGtBtCEoaUWRP","itt_fullspec_bn_employed_treat_HD","treat_HD",82,0.0463276836158192,"Decrease",114,237,114
"06_UHGtBtCEoaUWRP","itt_fullspec_bn_employed_treat_HD","treat_HD",82,0.0463276836158192,"Decrease",350,719,350
"06_UHGtBtCEoaUWRP","itt_fullspec_bn_employed_treat_HD","treat_HD",82,0.0463276836158192,"Decrease",171,354,171
"06_UHGtBtCEoaUWRP","itt_fullspec_bn_employed_treat_HD","treat_HD",82,0.0463276836158192,"Decrease",1191,2434,1191
"06_UHGtBtCEoaUWRP","itt_fullspec_bn_employed_treat_HD","treat_HD",82,0.0463276836158192,"Decrease",403,829,403
"06_UHGtBtCEoaUWRP","itt_fullspec_bn_employed_treat_HD","treat_HD",82,0.0463276836158192,"Decrease",1518,3107,1518
"06_UHGtBtCEoaUWRP","itt_fullspec_bn_employed_treat_HD","treat_HD",82,0.0463276836158192,"Decrease",311,640,311
"06_UHGtBtCEoaUWRP","itt_fullspec_bn_employed_treat_HD","treat_HD",82,0.0463276836158192,"Decrease",400,823,400
"06_UHGtBtCEoaUWRP","itt_fullspec_bn_employed_treat_HD","treat_HD",82,0.0463276836158192,"Decrease",1318,2699,1318
"06_UHGtBtCEoaUWRP","itt_fullspec_bn_employed_treat_HD","treat_HD",82,0.0463276836158192,"Decrease",1452,2973,1452
"06_UHGtBtCEoaUWRP","itt_fullspec_bn_employed_treat_HD","treat_HD",82,0.0463276836158192,"Decrease",623,1278,623
"06_UHGtBtCEoaUWRP","itt_fullspec_bn_employed_treat_HD","treat_HD",82,0.0463276836158192,"Decrease",875,1789,875
"06_UHGtBtCEoaUWRP","itt_fullspec_bn_employed_treat_HD","treat_HD",82,0.0463276836158192,"Decrease",721,1476,721
"06_UHGtBtCEoaUWRP","itt_fullspec_bn_employed_treat_HD","treat_HD",82,0.0463276836158192,"Decrease",1525,3121,1525
"06_UHGtBtCEoaUWRP","itt_fullspec_bn_employed_treat_HD","treat_HD",82,0.0463276836158192,"Decrease",481,988,481
"06_UHGtBtCEoaUWRP","itt_fullspec_bn_employed_treat_HD","treat_HD",82,0.0463276836158192,"Decrease",874,1787,874
"06_UHGtBtCEoaUWRP","itt_fullspec_bn_employed_treat_HD","treat_HD",82,0.0463276836158192,"Decrease",548,1124,548
"06_UHGtBtCEoaUWRP","itt_fullspec_bn_employed_treat_HD","treat_HD",82,0.0463276836158192,"Decrease",1126,2302,1126
"06_UHGtBtCEoaUWRP","itt_fullspec_bn_employed_treat_HD","treat_HD",82,0.0463276836158192,"Decrease",601,1234,601
"06_UHGtBtCEoaUWRP","itt_fullspec_bn_employed_treat_HD","treat_HD",82,0.0463276836158192,"Decrease",430,883,430
"06_UHGtBtCEoaUWRP","itt_fullspec_bn_employed_treat_HD","treat_HD",82,0.0463276836158192,"Decrease",1300,2662,1300
"06_UHGtBtCEoaUWRP","itt_fullspec_bn_employed_treat_HD","treat_HD",82,0.0463276836158192,"Decrease",1482,3035,1482
"06_UHGtBtCEoaUWRP","itt_fullspec_bn_employed_treat_HD","treat_HD",82,0.0463276836158192,"Decrease",671,1375,671
"06_UHGtBtCEoaUWRP","itt_fullspec_bn_employed_treat_HD","treat_HD",82,0.0463276836158192,"Decrease",1049,2144,1049
"06_UHGtBtCEoaUWRP","itt_fullspec_bn_employed_treat_HD","treat_HD",83,0.0468926553672316,"Decrease",1691,3458,1691
"06_UHGtBtCEoaUWRP","itt_fullspec_bn_employed_treat_HD","treat_HD",83,0.0468926553672316,"Decrease",1679,3434,1679
"06_UHGtBtCEoaUWRP","itt_fullspec_bn_employed_treat_HD","treat_HD",83,0.0468926553672316,"Decrease",1655,3386,1655
"06_UHGtBtCEoaUWRP","itt_fullspec_bn_employed_treat_HD","treat_HD",83,0.0468926553672316,"Decrease",1053,2152,1053
"06_UHGtBtCEoaUWRP","itt_fullspec_bn_employed_treat_HD","treat_HD",83,0.0468926553672316,"Decrease",932,1903,932
"06_UHGtBtCEoaUWRP","itt_fullspec_bn_employed_treat_HD","treat_HD",83,0.0468926553672316,"Decrease",1712,3500,1712
"06_UHGtBtCEoaUWRP","itt_fullspec_bn_employed_treat_HD","treat_HD",83,0.0468926553672316,"Decrease",1591,3255,1591
"06_UHGtBtCEoaUWRP","itt_fullspec_bn_employed_treat_HD","treat_HD",83,0.0468926553672316,"Decrease",1531,3133,1531
"06_UHGtBtCEoaUWRP","itt_fullspec_bn_employed_treat_HD","treat_HD",83,0.0468926553672316,"Decrease",836,1708,836
"06_UHGtBtCEoaUWRP","itt_fullspec_bn_employed_treat_HD","treat_HD",83,0.0468926553672316,"Decrease",995,2032,995
"06_UHGtBtCEoaUWRP","itt_fullspec_bn_employed_treat_HD","treat_HD",83,0.0468926553672316,"Decrease",74,151,74
"06_UHGtBtCEoaUWRP","itt_fullspec_bn_employed_treat_HD","treat_HD",83,0.0468926553672316,"Decrease",942,1923,942
"06_UHGtBtCEoaUWRP","itt_fullspec_bn_employed_treat_HD","treat_HD",83,0.0468926553672316,"Decrease",1678,3432,1678
"06_UHGtBtCEoaUWRP","itt_fullspec_bn_employed_treat_HD","treat_HD",83,0.0468926553672316,"Decrease",1496,3063,1496
"06_UHGtBtCEoaUWRP","itt_fullspec_bn_employed_treat_HD","treat_HD",83,0.0468926553672316,"Decrease",1389,2844,1389
"06_UHGtBtCEoaUWRP","itt_fullspec_bn_employed_treat_HD","treat_HD",83,0.0468926553672316,"Decrease",565,1159,565
"06_UHGtBtCEoaUWRP","itt_fullspec_bn_employed_treat_HD","treat_HD",83,0.0468926553672316,"Decrease",78,159,78
"06_UHGtBtCEoaUWRP","itt_fullspec_bn_employed_treat_HD","treat_HD",83,0.0468926553672316,"Decrease",1073,2194,1073
"06_UHGtBtCEoaUWRP","itt_fullspec_bn_employed_treat_HD","treat_HD",83,0.0468926553672316,"Decrease",172,356,172
"06_UHGtBtCEoaUWRP","itt_fullspec_bn_employed_treat_HD","treat_HD",83,0.0468926553672316,"Decrease",1641,3356,1641
"06_UHGtBtCEoaUWRP","itt_fullspec_bn_employed_treat_HD","treat_HD",83,0.0468926553672316,"Decrease",940,1919,940
"06_UHGtBtCEoaUWRP","itt_fullspec_bn_employed_treat_HD","treat_HD",83,0.0468926553672316,"Decrease",1095,2238,1095
"06_UHGtBtCEoaUWRP","itt_fullspec_bn_employed_treat_HD","treat_HD",83,0.0468926553672316,"Decrease",1708,3492,1708
"06_UHGtBtCEoaUWRP","itt_fullspec_bn_employed_treat_HD","treat_HD",83,0.0468926553672316,"Decrease",444,912,444
"06_UHGtBtCEoaUWRP","itt_fullspec_bn_employed_treat_HD","treat_HD",83,0.0468926553672316,"Decrease",489,1004,489
"06_UHGtBtCEoaUWRP","itt_fullspec_bn_employed_treat_HD","treat_HD",83,0.0468926553672316,"Decrease",971,1983,971
"06_UHGtBtCEoaUWRP","itt_fullspec_bn_employed_treat_HD","treat_HD",83,0.0468926553672316,"Decrease",616,1264,616
"06_UHGtBtCEoaUWRP","itt_fullspec_bn_employed_treat_HD","treat_HD",83,0.0468926553672316,"Decrease",686,1405,686
"06_UHGtBtCEoaUWRP","itt_fullspec_bn_employed_treat_HD","treat_HD",83,0.0468926553672316,"Decrease",656,1345,656
"06_UHGtBtCEoaUWRP","itt_fullspec_bn_employed_treat_HD","treat_HD",83,0.0468926553672316,"Decrease",658,1349,658
"06_UHGtBtCEoaUWRP","itt_fullspec_bn_employed_treat_HD","treat_HD",83,0.0468926553672316,"Decrease",3,6,3
"06_UHGtBtCEoaUWRP","itt_fullspec_bn_employed_treat_HD","treat_HD",83,0.0468926553672316,"Decrease",1715,3506,1715
"06_UHGtBtCEoaUWRP","itt_fullspec_bn_employed_treat_HD","treat_HD",83,0.0468926553672316,"Decrease",579,1188,579
"06_UHGtBtCEoaUWRP","itt_fullspec_bn_employed_treat_HD","treat_HD",83,0.0468926553672316,"Decrease",925,1889,925
"06_UHGtBtCEoaUWRP","itt_fullspec_bn_employed_treat_HD","treat_HD",83,0.0468926553672316,"Decrease",1380,2826,1380
"06_UHGtBtCEoaUWRP","itt_fullspec_bn_employed_treat_HD","treat_HD",83,0.0468926553672316,"Decrease",1112,2273,1112
"06_UHGtBtCEoaUWRP","itt_fullspec_bn_employed_treat_HD","treat_HD",83,0.0468926553672316,"Decrease",1459,2987,1459
"06_UHGtBtCEoaUWRP","itt_fullspec_bn_employed_treat_HD","treat_HD",83,0.0468926553672316,"Decrease",790,1616,790
"06_UHGtBtCEoaUWRP","itt_fullspec_bn_employed_treat_HD","treat_HD",83,0.0468926553672316,"Decrease",84,173,84
"06_UHGtBtCEoaUWRP","itt_fullspec_bn_employed_treat_HD","treat_HD",83,0.0468926553672316,"Decrease",1219,2492,1219
"06_UHGtBtCEoaUWRP","itt_fullspec_bn_employed_treat_HD","treat_HD",83,0.0468926553672316,"Decrease",1754,3586,1754
"06_UHGtBtCEoaUWRP","itt_fullspec_bn_employed_treat_HD","treat_HD",83,0.0468926553672316,"Decrease",59,120,59
"06_UHGtBtCEoaUWRP","itt_fullspec_bn_employed_treat_HD","treat_HD",83,0.0468926553672316,"Decrease",862,1762,862
"06_UHGtBtCEoaUWRP","itt_fullspec_bn_employed_treat_HD","treat_HD",83,0.0468926553672316,"Decrease",905,1849,905
"06_UHGtBtCEoaUWRP","itt_fullspec_bn_employed_treat_HD","treat_HD",83,0.0468926553672316,"Decrease",1228,2511,1228
"06_UHGtBtCEoaUWRP","itt_fullspec_bn_employed_treat_HD","treat_HD",83,0.0468926553672316,"Decrease",1507,3085,1507
"06_UHGtBtCEoaUWRP","itt_fullspec_bn_employed_treat_HD","treat_HD",83,0.0468926553672316,"Decrease",22,45,22
"06_UHGtBtCEoaUWRP","itt_fullspec_bn_employed_treat_HD","treat_HD",83,0.0468926553672316,"Decrease",289,594,289
"06_UHGtBtCEoaUWRP","itt_fullspec_bn_employed_treat_HD","treat_HD",83,0.0468926553672316,"Decrease",1568,3207,1568
"06_UHGtBtCEoaUWRP","itt_fullspec_bn_employed_treat_HD","treat_HD",83,0.0468926553672316,"Decrease",824,1684,824
"06_UHGtBtCEoaUWRP","itt_fullspec_bn_employed_treat_HD","treat_HD",83,0.0468926553672316,"Decrease",1629,3332,1629
"06_UHGtBtCEoaUWRP","itt_fullspec_bn_employed_treat_HD","treat_HD",83,0.0468926553672316,"Decrease",1492,3055,1492
"06_UHGtBtCEoaUWRP","itt_fullspec_bn_employed_treat_HD","treat_HD",83,0.0468926553672316,"Decrease",384,788,384
"06_UHGtBtCEoaUWRP","itt_fullspec_bn_employed_treat_HD","treat_HD",83,0.0468926553672316,"Decrease",246,505,246
"06_UHGtBtCEoaUWRP","itt_fullspec_bn_employed_treat_HD","treat_HD",83,0.0468926553672316,"Decrease",1097,2242,1097
"06_UHGtBtCEoaUWRP","itt_fullspec_bn_employed_treat_HD","treat_HD",83,0.0468926553672316,"Decrease",634,1300,634
"06_UHGtBtCEoaUWRP","itt_fullspec_bn_employed_treat_HD","treat_HD",83,0.0468926553672316,"Decrease",61,124,61
"06_UHGtBtCEoaUWRP","itt_fullspec_bn_employed_treat_HD","treat_HD",83,0.0468926553672316,"Decrease",538,1104,538
"06_UHGtBtCEoaUWRP","itt_fullspec_bn_employed_treat_HD","treat_HD",83,0.0468926553672316,"Decrease",114,237,114
"06_UHGtBtCEoaUWRP","itt_fullspec_bn_employed_treat_HD","treat_HD",83,0.0468926553672316,"Decrease",350,719,350
"06_UHGtBtCEoaUWRP","itt_fullspec_bn_employed_treat_HD","treat_HD",83,0.0468926553672316,"Decrease",171,354,171
"06_UHGtBtCEoaUWRP","itt_fullspec_bn_employed_treat_HD","treat_HD",83,0.0468926553672316,"Decrease",1191,2434,1191
"06_UHGtBtCEoaUWRP","itt_fullspec_bn_employed_treat_HD","treat_HD",83,0.0468926553672316,"Decrease",403,829,403
"06_UHGtBtCEoaUWRP","itt_fullspec_bn_employed_treat_HD","treat_HD",83,0.0468926553672316,"Decrease",1518,3107,1518
"06_UHGtBtCEoaUWRP","itt_fullspec_bn_employed_treat_HD","treat_HD",83,0.0468926553672316,"Decrease",311,640,311
"06_UHGtBtCEoaUWRP","itt_fullspec_bn_employed_treat_HD","treat_HD",83,0.0468926553672316,"Decrease",400,823,400
"06_UHGtBtCEoaUWRP","itt_fullspec_bn_employed_treat_HD","treat_HD",83,0.0468926553672316,"Decrease",1452,2973,1452
"06_UHGtBtCEoaUWRP","itt_fullspec_bn_employed_treat_HD","treat_HD",83,0.0468926553672316,"Decrease",1318,2699,1318
"06_UHGtBtCEoaUWRP","itt_fullspec_bn_employed_treat_HD","treat_HD",83,0.0468926553672316,"Decrease",623,1278,623
"06_UHGtBtCEoaUWRP","itt_fullspec_bn_employed_treat_HD","treat_HD",83,0.0468926553672316,"Decrease",875,1789,875
"06_UHGtBtCEoaUWRP","itt_fullspec_bn_employed_treat_HD","treat_HD",83,0.0468926553672316,"Decrease",721,1476,721
"06_UHGtBtCEoaUWRP","itt_fullspec_bn_employed_treat_HD","treat_HD",83,0.0468926553672316,"Decrease",1525,3121,1525
"06_UHGtBtCEoaUWRP","itt_fullspec_bn_employed_treat_HD","treat_HD",83,0.0468926553672316,"Decrease",481,988,481
"06_UHGtBtCEoaUWRP","itt_fullspec_bn_employed_treat_HD","treat_HD",83,0.0468926553672316,"Decrease",874,1787,874
"06_UHGtBtCEoaUWRP","itt_fullspec_bn_employed_treat_HD","treat_HD",83,0.0468926553672316,"Decrease",548,1124,548
"06_UHGtBtCEoaUWRP","itt_fullspec_bn_employed_treat_HD","treat_HD",83,0.0468926553672316,"Decrease",1126,2302,1126
"06_UHGtBtCEoaUWRP","itt_fullspec_bn_employed_treat_HD","treat_HD",83,0.0468926553672316,"Decrease",601,1234,601
"06_UHGtBtCEoaUWRP","itt_fullspec_bn_employed_treat_HD","treat_HD",83,0.0468926553672316,"Decrease",430,883,430
"06_UHGtBtCEoaUWRP","itt_fullspec_bn_employed_treat_HD","treat_HD",83,0.0468926553672316,"Decrease",1300,2662,1300
"06_UHGtBtCEoaUWRP","itt_fullspec_bn_employed_treat_HD","treat_HD",83,0.0468926553672316,"Decrease",1482,3035,1482
"06_UHGtBtCEoaUWRP","itt_fullspec_bn_employed_treat_HD","treat_HD",83,0.0468926553672316,"Decrease",671,1375,671
"06_UHGtBtCEoaUWRP","itt_fullspec_bn_employed_treat_HD","treat_HD",83,0.0468926553672316,"Decrease",1049,2144,1049
"06_UHGtBtCEoaUWRP","itt_fullspec_bn_employed_treat_HD","treat_HD",83,0.0468926553672316,"Decrease",1747,3572,1747
"06_UHGtBtCEoaUWRP","itt_fullspec_bn_employed_treat_HD","treat_HD",84,0.0474576271186441,"Decrease",1691,3458,1691
"06_UHGtBtCEoaUWRP","itt_fullspec_bn_employed_treat_HD","treat_HD",84,0.0474576271186441,"Decrease",1679,3434,1679
"06_UHGtBtCEoaUWRP","itt_fullspec_bn_employed_treat_HD","treat_HD",84,0.0474576271186441,"Decrease",1655,3386,1655
"06_UHGtBtCEoaUWRP","itt_fullspec_bn_employed_treat_HD","treat_HD",84,0.0474576271186441,"Decrease",1053,2152,1053
"06_UHGtBtCEoaUWRP","itt_fullspec_bn_employed_treat_HD","treat_HD",84,0.0474576271186441,"Decrease",932,1903,932
"06_UHGtBtCEoaUWRP","itt_fullspec_bn_employed_treat_HD","treat_HD",84,0.0474576271186441,"Decrease",1712,3500,1712
"06_UHGtBtCEoaUWRP","itt_fullspec_bn_employed_treat_HD","treat_HD",84,0.0474576271186441,"Decrease",1591,3255,1591
"06_UHGtBtCEoaUWRP","itt_fullspec_bn_employed_treat_HD","treat_HD",84,0.0474576271186441,"Decrease",1531,3133,1531
"06_UHGtBtCEoaUWRP","itt_fullspec_bn_employed_treat_HD","treat_HD",84,0.0474576271186441,"Decrease",836,1708,836
"06_UHGtBtCEoaUWRP","itt_fullspec_bn_employed_treat_HD","treat_HD",84,0.0474576271186441,"Decrease",995,2032,995
"06_UHGtBtCEoaUWRP","itt_fullspec_bn_employed_treat_HD","treat_HD",84,0.0474576271186441,"Decrease",74,151,74
"06_UHGtBtCEoaUWRP","itt_fullspec_bn_employed_treat_HD","treat_HD",84,0.0474576271186441,"Decrease",942,1923,942
"06_UHGtBtCEoaUWRP","itt_fullspec_bn_employed_treat_HD","treat_HD",84,0.0474576271186441,"Decrease",1678,3432,1678
"06_UHGtBtCEoaUWRP","itt_fullspec_bn_employed_treat_HD","treat_HD",84,0.0474576271186441,"Decrease",1496,3063,1496
"06_UHGtBtCEoaUWRP","itt_fullspec_bn_employed_treat_HD","treat_HD",84,0.0474576271186441,"Decrease",1389,2844,1389
"06_UHGtBtCEoaUWRP","itt_fullspec_bn_employed_treat_HD","treat_HD",84,0.0474576271186441,"Decrease",565,1159,565
"06_UHGtBtCEoaUWRP","itt_fullspec_bn_employed_treat_HD","treat_HD",84,0.0474576271186441,"Decrease",78,159,78
"06_UHGtBtCEoaUWRP","itt_fullspec_bn_employed_treat_HD","treat_HD",84,0.0474576271186441,"Decrease",1073,2194,1073
"06_UHGtBtCEoaUWRP","itt_fullspec_bn_employed_treat_HD","treat_HD",84,0.0474576271186441,"Decrease",172,356,172
"06_UHGtBtCEoaUWRP","itt_fullspec_bn_employed_treat_HD","treat_HD",84,0.0474576271186441,"Decrease",940,1919,940
"06_UHGtBtCEoaUWRP","itt_fullspec_bn_employed_treat_HD","treat_HD",84,0.0474576271186441,"Decrease",1641,3356,1641
"06_UHGtBtCEoaUWRP","itt_fullspec_bn_employed_treat_HD","treat_HD",84,0.0474576271186441,"Decrease",1095,2238,1095
"06_UHGtBtCEoaUWRP","itt_fullspec_bn_employed_treat_HD","treat_HD",84,0.0474576271186441,"Decrease",1708,3492,1708
"06_UHGtBtCEoaUWRP","itt_fullspec_bn_employed_treat_HD","treat_HD",84,0.0474576271186441,"Decrease",444,912,444
"06_UHGtBtCEoaUWRP","itt_fullspec_bn_employed_treat_HD","treat_HD",84,0.0474576271186441,"Decrease",489,1004,489
"06_UHGtBtCEoaUWRP","itt_fullspec_bn_employed_treat_HD","treat_HD",84,0.0474576271186441,"Decrease",971,1983,971
"06_UHGtBtCEoaUWRP","itt_fullspec_bn_employed_treat_HD","treat_HD",84,0.0474576271186441,"Decrease",616,1264,616
"06_UHGtBtCEoaUWRP","itt_fullspec_bn_employed_treat_HD","treat_HD",84,0.0474576271186441,"Decrease",686,1405,686
"06_UHGtBtCEoaUWRP","itt_fullspec_bn_employed_treat_HD","treat_HD",84,0.0474576271186441,"Decrease",656,1345,656
"06_UHGtBtCEoaUWRP","itt_fullspec_bn_employed_treat_HD","treat_HD",84,0.0474576271186441,"Decrease",658,1349,658
"06_UHGtBtCEoaUWRP","itt_fullspec_bn_employed_treat_HD","treat_HD",84,0.0474576271186441,"Decrease",3,6,3
"06_UHGtBtCEoaUWRP","itt_fullspec_bn_employed_treat_HD","treat_HD",84,0.0474576271186441,"Decrease",1715,3506,1715
"06_UHGtBtCEoaUWRP","itt_fullspec_bn_employed_treat_HD","treat_HD",84,0.0474576271186441,"Decrease",579,1188,579
"06_UHGtBtCEoaUWRP","itt_fullspec_bn_employed_treat_HD","treat_HD",84,0.0474576271186441,"Decrease",925,1889,925
"06_UHGtBtCEoaUWRP","itt_fullspec_bn_employed_treat_HD","treat_HD",84,0.0474576271186441,"Decrease",1380,2826,1380
"06_UHGtBtCEoaUWRP","itt_fullspec_bn_employed_treat_HD","treat_HD",84,0.0474576271186441,"Decrease",1112,2273,1112
"06_UHGtBtCEoaUWRP","itt_fullspec_bn_employed_treat_HD","treat_HD",84,0.0474576271186441,"Decrease",790,1616,790
"06_UHGtBtCEoaUWRP","itt_fullspec_bn_employed_treat_HD","treat_HD",84,0.0474576271186441,"Decrease",1459,2987,1459
"06_UHGtBtCEoaUWRP","itt_fullspec_bn_employed_treat_HD","treat_HD",84,0.0474576271186441,"Decrease",84,173,84
"06_UHGtBtCEoaUWRP","itt_fullspec_bn_employed_treat_HD","treat_HD",84,0.0474576271186441,"Decrease",1219,2492,1219
"06_UHGtBtCEoaUWRP","itt_fullspec_bn_employed_treat_HD","treat_HD",84,0.0474576271186441,"Decrease",1754,3586,1754
"06_UHGtBtCEoaUWRP","itt_fullspec_bn_employed_treat_HD","treat_HD",84,0.0474576271186441,"Decrease",59,120,59
"06_UHGtBtCEoaUWRP","itt_fullspec_bn_employed_treat_HD","treat_HD",84,0.0474576271186441,"Decrease",862,1762,862
"06_UHGtBtCEoaUWRP","itt_fullspec_bn_employed_treat_HD","treat_HD",84,0.0474576271186441,"Decrease",905,1849,905
"06_UHGtBtCEoaUWRP","itt_fullspec_bn_employed_treat_HD","treat_HD",84,0.0474576271186441,"Decrease",1228,2511,1228
"06_UHGtBtCEoaUWRP","itt_fullspec_bn_employed_treat_HD","treat_HD",84,0.0474576271186441,"Decrease",1507,3085,1507
"06_UHGtBtCEoaUWRP","itt_fullspec_bn_employed_treat_HD","treat_HD",84,0.0474576271186441,"Decrease",22,45,22
"06_UHGtBtCEoaUWRP","itt_fullspec_bn_employed_treat_HD","treat_HD",84,0.0474576271186441,"Decrease",289,594,289
"06_UHGtBtCEoaUWRP","itt_fullspec_bn_employed_treat_HD","treat_HD",84,0.0474576271186441,"Decrease",1568,3207,1568
"06_UHGtBtCEoaUWRP","itt_fullspec_bn_employed_treat_HD","treat_HD",84,0.0474576271186441,"Decrease",824,1684,824
"06_UHGtBtCEoaUWRP","itt_fullspec_bn_employed_treat_HD","treat_HD",84,0.0474576271186441,"Decrease",1629,3332,1629
"06_UHGtBtCEoaUWRP","itt_fullspec_bn_employed_treat_HD","treat_HD",84,0.0474576271186441,"Decrease",1492,3055,1492
"06_UHGtBtCEoaUWRP","itt_fullspec_bn_employed_treat_HD","treat_HD",84,0.0474576271186441,"Decrease",384,788,384
"06_UHGtBtCEoaUWRP","itt_fullspec_bn_employed_treat_HD","treat_HD",84,0.0474576271186441,"Decrease",246,505,246
"06_UHGtBtCEoaUWRP","itt_fullspec_bn_employed_treat_HD","treat_HD",84,0.0474576271186441,"Decrease",1097,2242,1097
"06_UHGtBtCEoaUWRP","itt_fullspec_bn_employed_treat_HD","treat_HD",84,0.0474576271186441,"Decrease",634,1300,634
"06_UHGtBtCEoaUWRP","itt_fullspec_bn_employed_treat_HD","treat_HD",84,0.0474576271186441,"Decrease",61,124,61
"06_UHGtBtCEoaUWRP","itt_fullspec_bn_employed_treat_HD","treat_HD",84,0.0474576271186441,"Decrease",538,1104,538
"06_UHGtBtCEoaUWRP","itt_fullspec_bn_employed_treat_HD","treat_HD",84,0.0474576271186441,"Decrease",114,237,114
"06_UHGtBtCEoaUWRP","itt_fullspec_bn_employed_treat_HD","treat_HD",84,0.0474576271186441,"Decrease",350,719,350
"06_UHGtBtCEoaUWRP","itt_fullspec_bn_employed_treat_HD","treat_HD",84,0.0474576271186441,"Decrease",171,354,171
"06_UHGtBtCEoaUWRP","itt_fullspec_bn_employed_treat_HD","treat_HD",84,0.0474576271186441,"Decrease",1191,2434,1191
"06_UHGtBtCEoaUWRP","itt_fullspec_bn_employed_treat_HD","treat_HD",84,0.0474576271186441,"Decrease",403,829,403
"06_UHGtBtCEoaUWRP","itt_fullspec_bn_employed_treat_HD","treat_HD",84,0.0474576271186441,"Decrease",1518,3107,1518
"06_UHGtBtCEoaUWRP","itt_fullspec_bn_employed_treat_HD","treat_HD",84,0.0474576271186441,"Decrease",311,640,311
"06_UHGtBtCEoaUWRP","itt_fullspec_bn_employed_treat_HD","treat_HD",84,0.0474576271186441,"Decrease",400,823,400
"06_UHGtBtCEoaUWRP","itt_fullspec_bn_employed_treat_HD","treat_HD",84,0.0474576271186441,"Decrease",1452,2973,1452
"06_UHGtBtCEoaUWRP","itt_fullspec_bn_employed_treat_HD","treat_HD",84,0.0474576271186441,"Decrease",1318,2699,1318
"06_UHGtBtCEoaUWRP","itt_fullspec_bn_employed_treat_HD","treat_HD",84,0.0474576271186441,"Decrease",623,1278,623
"06_UHGtBtCEoaUWRP","itt_fullspec_bn_employed_treat_HD","treat_HD",84,0.0474576271186441,"Decrease",875,1789,875
"06_UHGtBtCEoaUWRP","itt_fullspec_bn_employed_treat_HD","treat_HD",84,0.0474576271186441,"Decrease",721,1476,721
"06_UHGtBtCEoaUWRP","itt_fullspec_bn_employed_treat_HD","treat_HD",84,0.0474576271186441,"Decrease",1525,3121,1525
"06_UHGtBtCEoaUWRP","itt_fullspec_bn_employed_treat_HD","treat_HD",84,0.0474576271186441,"Decrease",481,988,481
"06_UHGtBtCEoaUWRP","itt_fullspec_bn_employed_treat_HD","treat_HD",84,0.0474576271186441,"Decrease",874,1787,874
"06_UHGtBtCEoaUWRP","itt_fullspec_bn_employed_treat_HD","treat_HD",84,0.0474576271186441,"Decrease",548,1124,548
"06_UHGtBtCEoaUWRP","itt_fullspec_bn_employed_treat_HD","treat_HD",84,0.0474576271186441,"Decrease",1126,2302,1126
"06_UHGtBtCEoaUWRP","itt_fullspec_bn_employed_treat_HD","treat_HD",84,0.0474576271186441,"Decrease",601,1234,601
"06_UHGtBtCEoaUWRP","itt_fullspec_bn_employed_treat_HD","treat_HD",84,0.0474576271186441,"Decrease",430,883,430
"06_UHGtBtCEoaUWRP","itt_fullspec_bn_employed_treat_HD","treat_HD",84,0.0474576271186441,"Decrease",1300,2662,1300
"06_UHGtBtCEoaUWRP","itt_fullspec_bn_employed_treat_HD","treat_HD",84,0.0474576271186441,"Decrease",1482,3035,1482
"06_UHGtBtCEoaUWRP","itt_fullspec_bn_employed_treat_HD","treat_HD",84,0.0474576271186441,"Decrease",1049,2144,1049
"06_UHGtBtCEoaUWRP","itt_fullspec_bn_employed_treat_HD","treat_HD",84,0.0474576271186441,"Decrease",671,1375,671
"06_UHGtBtCEoaUWRP","itt_fullspec_bn_employed_treat_HD","treat_HD",84,0.0474576271186441,"Decrease",1747,3572,1747
"06_UHGtBtCEoaUWRP","itt_fullspec_bn_employed_treat_HD","treat_HD",84,0.0474576271186441,"Decrease",659,1351,659
"06_UHGtBtCEoaUWRP","itt_fullspec_bn_employed_treat_HD","treat_HD",85,0.0480225988700565,"Decrease",1691,3458,1691
"06_UHGtBtCEoaUWRP","itt_fullspec_bn_employed_treat_HD","treat_HD",85,0.0480225988700565,"Decrease",1679,3434,1679
"06_UHGtBtCEoaUWRP","itt_fullspec_bn_employed_treat_HD","treat_HD",85,0.0480225988700565,"Decrease",1655,3386,1655
"06_UHGtBtCEoaUWRP","itt_fullspec_bn_employed_treat_HD","treat_HD",85,0.0480225988700565,"Decrease",1053,2152,1053
"06_UHGtBtCEoaUWRP","itt_fullspec_bn_employed_treat_HD","treat_HD",85,0.0480225988700565,"Decrease",932,1903,932
"06_UHGtBtCEoaUWRP","itt_fullspec_bn_employed_treat_HD","treat_HD",85,0.0480225988700565,"Decrease",1712,3500,1712
"06_UHGtBtCEoaUWRP","itt_fullspec_bn_employed_treat_HD","treat_HD",85,0.0480225988700565,"Decrease",1591,3255,1591
"06_UHGtBtCEoaUWRP","itt_fullspec_bn_employed_treat_HD","treat_HD",85,0.0480225988700565,"Decrease",1531,3133,1531
"06_UHGtBtCEoaUWRP","itt_fullspec_bn_employed_treat_HD","treat_HD",85,0.0480225988700565,"Decrease",836,1708,836
"06_UHGtBtCEoaUWRP","itt_fullspec_bn_employed_treat_HD","treat_HD",85,0.0480225988700565,"Decrease",995,2032,995
"06_UHGtBtCEoaUWRP","itt_fullspec_bn_employed_treat_HD","treat_HD",85,0.0480225988700565,"Decrease",74,151,74
"06_UHGtBtCEoaUWRP","itt_fullspec_bn_employed_treat_HD","treat_HD",85,0.0480225988700565,"Decrease",942,1923,942
"06_UHGtBtCEoaUWRP","itt_fullspec_bn_employed_treat_HD","treat_HD",85,0.0480225988700565,"Decrease",1678,3432,1678
"06_UHGtBtCEoaUWRP","itt_fullspec_bn_employed_treat_HD","treat_HD",85,0.0480225988700565,"Decrease",1496,3063,1496
"06_UHGtBtCEoaUWRP","itt_fullspec_bn_employed_treat_HD","treat_HD",85,0.0480225988700565,"Decrease",1389,2844,1389
"06_UHGtBtCEoaUWRP","itt_fullspec_bn_employed_treat_HD","treat_HD",85,0.0480225988700565,"Decrease",565,1159,565
"06_UHGtBtCEoaUWRP","itt_fullspec_bn_employed_treat_HD","treat_HD",85,0.0480225988700565,"Decrease",78,159,78
"06_UHGtBtCEoaUWRP","itt_fullspec_bn_employed_treat_HD","treat_HD",85,0.0480225988700565,"Decrease",1073,2194,1073
"06_UHGtBtCEoaUWRP","itt_fullspec_bn_employed_treat_HD","treat_HD",85,0.0480225988700565,"Decrease",172,356,172
"06_UHGtBtCEoaUWRP","itt_fullspec_bn_employed_treat_HD","treat_HD",85,0.0480225988700565,"Decrease",940,1919,940
"06_UHGtBtCEoaUWRP","itt_fullspec_bn_employed_treat_HD","treat_HD",85,0.0480225988700565,"Decrease",1641,3356,1641
"06_UHGtBtCEoaUWRP","itt_fullspec_bn_employed_treat_HD","treat_HD",85,0.0480225988700565,"Decrease",1095,2238,1095
"06_UHGtBtCEoaUWRP","itt_fullspec_bn_employed_treat_HD","treat_HD",85,0.0480225988700565,"Decrease",1708,3492,1708
"06_UHGtBtCEoaUWRP","itt_fullspec_bn_employed_treat_HD","treat_HD",85,0.0480225988700565,"Decrease",444,912,444
"06_UHGtBtCEoaUWRP","itt_fullspec_bn_employed_treat_HD","treat_HD",85,0.0480225988700565,"Decrease",489,1004,489
"06_UHGtBtCEoaUWRP","itt_fullspec_bn_employed_treat_HD","treat_HD",85,0.0480225988700565,"Decrease",971,1983,971
"06_UHGtBtCEoaUWRP","itt_fullspec_bn_employed_treat_HD","treat_HD",85,0.0480225988700565,"Decrease",616,1264,616
"06_UHGtBtCEoaUWRP","itt_fullspec_bn_employed_treat_HD","treat_HD",85,0.0480225988700565,"Decrease",686,1405,686
"06_UHGtBtCEoaUWRP","itt_fullspec_bn_employed_treat_HD","treat_HD",85,0.0480225988700565,"Decrease",656,1345,656
"06_UHGtBtCEoaUWRP","itt_fullspec_bn_employed_treat_HD","treat_HD",85,0.0480225988700565,"Decrease",658,1349,658
"06_UHGtBtCEoaUWRP","itt_fullspec_bn_employed_treat_HD","treat_HD",85,0.0480225988700565,"Decrease",3,6,3
"06_UHGtBtCEoaUWRP","itt_fullspec_bn_employed_treat_HD","treat_HD",85,0.0480225988700565,"Decrease",1715,3506,1715
"06_UHGtBtCEoaUWRP","itt_fullspec_bn_employed_treat_HD","treat_HD",85,0.0480225988700565,"Decrease",579,1188,579
"06_UHGtBtCEoaUWRP","itt_fullspec_bn_employed_treat_HD","treat_HD",85,0.0480225988700565,"Decrease",925,1889,925
"06_UHGtBtCEoaUWRP","itt_fullspec_bn_employed_treat_HD","treat_HD",85,0.0480225988700565,"Decrease",1380,2826,1380
"06_UHGtBtCEoaUWRP","itt_fullspec_bn_employed_treat_HD","treat_HD",85,0.0480225988700565,"Decrease",1112,2273,1112
"06_UHGtBtCEoaUWRP","itt_fullspec_bn_employed_treat_HD","treat_HD",85,0.0480225988700565,"Decrease",790,1616,790
"06_UHGtBtCEoaUWRP","itt_fullspec_bn_employed_treat_HD","treat_HD",85,0.0480225988700565,"Decrease",1459,2987,1459
"06_UHGtBtCEoaUWRP","itt_fullspec_bn_employed_treat_HD","treat_HD",85,0.0480225988700565,"Decrease",84,173,84
"06_UHGtBtCEoaUWRP","itt_fullspec_bn_employed_treat_HD","treat_HD",85,0.0480225988700565,"Decrease",1219,2492,1219
"06_UHGtBtCEoaUWRP","itt_fullspec_bn_employed_treat_HD","treat_HD",85,0.0480225988700565,"Decrease",1754,3586,1754
"06_UHGtBtCEoaUWRP","itt_fullspec_bn_employed_treat_HD","treat_HD",85,0.0480225988700565,"Decrease",59,120,59
"06_UHGtBtCEoaUWRP","itt_fullspec_bn_employed_treat_HD","treat_HD",85,0.0480225988700565,"Decrease",862,1762,862
"06_UHGtBtCEoaUWRP","itt_fullspec_bn_employed_treat_HD","treat_HD",85,0.0480225988700565,"Decrease",905,1849,905
"06_UHGtBtCEoaUWRP","itt_fullspec_bn_employed_treat_HD","treat_HD",85,0.0480225988700565,"Decrease",1228,2511,1228
"06_UHGtBtCEoaUWRP","itt_fullspec_bn_employed_treat_HD","treat_HD",85,0.0480225988700565,"Decrease",1507,3085,1507
"06_UHGtBtCEoaUWRP","itt_fullspec_bn_employed_treat_HD","treat_HD",85,0.0480225988700565,"Decrease",289,594,289
"06_UHGtBtCEoaUWRP","itt_fullspec_bn_employed_treat_HD","treat_HD",85,0.0480225988700565,"Decrease",22,45,22
"06_UHGtBtCEoaUWRP","itt_fullspec_bn_employed_treat_HD","treat_HD",85,0.0480225988700565,"Decrease",1568,3207,1568
"06_UHGtBtCEoaUWRP","itt_fullspec_bn_employed_treat_HD","treat_HD",85,0.0480225988700565,"Decrease",1629,3332,1629
"06_UHGtBtCEoaUWRP","itt_fullspec_bn_employed_treat_HD","treat_HD",85,0.0480225988700565,"Decrease",824,1684,824
"06_UHGtBtCEoaUWRP","itt_fullspec_bn_employed_treat_HD","treat_HD",85,0.0480225988700565,"Decrease",384,788,384
"06_UHGtBtCEoaUWRP","itt_fullspec_bn_employed_treat_HD","treat_HD",85,0.0480225988700565,"Decrease",1492,3055,1492
"06_UHGtBtCEoaUWRP","itt_fullspec_bn_employed_treat_HD","treat_HD",85,0.0480225988700565,"Decrease",246,505,246
"06_UHGtBtCEoaUWRP","itt_fullspec_bn_employed_treat_HD","treat_HD",85,0.0480225988700565,"Decrease",634,1300,634
"06_UHGtBtCEoaUWRP","itt_fullspec_bn_employed_treat_HD","treat_HD",85,0.0480225988700565,"Decrease",1097,2242,1097
"06_UHGtBtCEoaUWRP","itt_fullspec_bn_employed_treat_HD","treat_HD",85,0.0480225988700565,"Decrease",61,124,61
"06_UHGtBtCEoaUWRP","itt_fullspec_bn_employed_treat_HD","treat_HD",85,0.0480225988700565,"Decrease",538,1104,538
"06_UHGtBtCEoaUWRP","itt_fullspec_bn_employed_treat_HD","treat_HD",85,0.0480225988700565,"Decrease",114,237,114
"06_UHGtBtCEoaUWRP","itt_fullspec_bn_employed_treat_HD","treat_HD",85,0.0480225988700565,"Decrease",350,719,350
"06_UHGtBtCEoaUWRP","itt_fullspec_bn_employed_treat_HD","treat_HD",85,0.0480225988700565,"Decrease",171,354,171
"06_UHGtBtCEoaUWRP","itt_fullspec_bn_employed_treat_HD","treat_HD",85,0.0480225988700565,"Decrease",1191,2434,1191
"06_UHGtBtCEoaUWRP","itt_fullspec_bn_employed_treat_HD","treat_HD",85,0.0480225988700565,"Decrease",403,829,403
"06_UHGtBtCEoaUWRP","itt_fullspec_bn_employed_treat_HD","treat_HD",85,0.0480225988700565,"Decrease",1518,3107,1518
"06_UHGtBtCEoaUWRP","itt_fullspec_bn_employed_treat_HD","treat_HD",85,0.0480225988700565,"Decrease",311,640,311
"06_UHGtBtCEoaUWRP","itt_fullspec_bn_employed_treat_HD","treat_HD",85,0.0480225988700565,"Decrease",400,823,400
"06_UHGtBtCEoaUWRP","itt_fullspec_bn_employed_treat_HD","treat_HD",85,0.0480225988700565,"Decrease",1452,2973,1452
"06_UHGtBtCEoaUWRP","itt_fullspec_bn_employed_treat_HD","treat_HD",85,0.0480225988700565,"Decrease",623,1278,623
"06_UHGtBtCEoaUWRP","itt_fullspec_bn_employed_treat_HD","treat_HD",85,0.0480225988700565,"Decrease",1318,2699,1318
"06_UHGtBtCEoaUWRP","itt_fullspec_bn_employed_treat_HD","treat_HD",85,0.0480225988700565,"Decrease",875,1789,875
"06_UHGtBtCEoaUWRP","itt_fullspec_bn_employed_treat_HD","treat_HD",85,0.0480225988700565,"Decrease",1525,3121,1525
"06_UHGtBtCEoaUWRP","itt_fullspec_bn_employed_treat_HD","treat_HD",85,0.0480225988700565,"Decrease",721,1476,721
"06_UHGtBtCEoaUWRP","itt_fullspec_bn_employed_treat_HD","treat_HD",85,0.0480225988700565,"Decrease",481,988,481
"06_UHGtBtCEoaUWRP","itt_fullspec_bn_employed_treat_HD","treat_HD",85,0.0480225988700565,"Decrease",874,1787,874
"06_UHGtBtCEoaUWRP","itt_fullspec_bn_employed_treat_HD","treat_HD",85,0.0480225988700565,"Decrease",548,1124,548
"06_UHGtBtCEoaUWRP","itt_fullspec_bn_employed_treat_HD","treat_HD",85,0.0480225988700565,"Decrease",1126,2302,1126
"06_UHGtBtCEoaUWRP","itt_fullspec_bn_employed_treat_HD","treat_HD",85,0.0480225988700565,"Decrease",430,883,430
"06_UHGtBtCEoaUWRP","itt_fullspec_bn_employed_treat_HD","treat_HD",85,0.0480225988700565,"Decrease",601,1234,601
"06_UHGtBtCEoaUWRP","itt_fullspec_bn_employed_treat_HD","treat_HD",85,0.0480225988700565,"Decrease",1300,2662,1300
"06_UHGtBtCEoaUWRP","itt_fullspec_bn_employed_treat_HD","treat_HD",85,0.0480225988700565,"Decrease",1482,3035,1482
"06_UHGtBtCEoaUWRP","itt_fullspec_bn_employed_treat_HD","treat_HD",85,0.0480225988700565,"Decrease",1049,2144,1049
"06_UHGtBtCEoaUWRP","itt_fullspec_bn_employed_treat_HD","treat_HD",85,0.0480225988700565,"Decrease",1747,3572,1747
"06_UHGtBtCEoaUWRP","itt_fullspec_bn_employed_treat_HD","treat_HD",85,0.0480225988700565,"Decrease",671,1375,671
"06_UHGtBtCEoaUWRP","itt_fullspec_bn_employed_treat_HD","treat_HD",85,0.0480225988700565,"Decrease",659,1351,659
"06_UHGtBtCEoaUWRP","itt_fullspec_bn_employed_treat_HD","treat_HD",85,0.0480225988700565,"Decrease",1180,2412,1180
"06_UHGtBtCEoaUWRP","itt_fullspec_bn_employed_treat_HD","treat_HD",86,0.0485875706214689,"Decrease",1691,3458,1691
"06_UHGtBtCEoaUWRP","itt_fullspec_bn_employed_treat_HD","treat_HD",86,0.0485875706214689,"Decrease",1679,3434,1679
"06_UHGtBtCEoaUWRP","itt_fullspec_bn_employed_treat_HD","treat_HD",86,0.0485875706214689,"Decrease",1655,3386,1655
"06_UHGtBtCEoaUWRP","itt_fullspec_bn_employed_treat_HD","treat_HD",86,0.0485875706214689,"Decrease",1053,2152,1053
"06_UHGtBtCEoaUWRP","itt_fullspec_bn_employed_treat_HD","treat_HD",86,0.0485875706214689,"Decrease",932,1903,932
"06_UHGtBtCEoaUWRP","itt_fullspec_bn_employed_treat_HD","treat_HD",86,0.0485875706214689,"Decrease",1712,3500,1712
"06_UHGtBtCEoaUWRP","itt_fullspec_bn_employed_treat_HD","treat_HD",86,0.0485875706214689,"Decrease",1591,3255,1591
"06_UHGtBtCEoaUWRP","itt_fullspec_bn_employed_treat_HD","treat_HD",86,0.0485875706214689,"Decrease",1531,3133,1531
"06_UHGtBtCEoaUWRP","itt_fullspec_bn_employed_treat_HD","treat_HD",86,0.0485875706214689,"Decrease",836,1708,836
"06_UHGtBtCEoaUWRP","itt_fullspec_bn_employed_treat_HD","treat_HD",86,0.0485875706214689,"Decrease",995,2032,995
"06_UHGtBtCEoaUWRP","itt_fullspec_bn_employed_treat_HD","treat_HD",86,0.0485875706214689,"Decrease",74,151,74
"06_UHGtBtCEoaUWRP","itt_fullspec_bn_employed_treat_HD","treat_HD",86,0.0485875706214689,"Decrease",942,1923,942
"06_UHGtBtCEoaUWRP","itt_fullspec_bn_employed_treat_HD","treat_HD",86,0.0485875706214689,"Decrease",1678,3432,1678
"06_UHGtBtCEoaUWRP","itt_fullspec_bn_employed_treat_HD","treat_HD",86,0.0485875706214689,"Decrease",1389,2844,1389
"06_UHGtBtCEoaUWRP","itt_fullspec_bn_employed_treat_HD","treat_HD",86,0.0485875706214689,"Decrease",1496,3063,1496
"06_UHGtBtCEoaUWRP","itt_fullspec_bn_employed_treat_HD","treat_HD",86,0.0485875706214689,"Decrease",565,1159,565
"06_UHGtBtCEoaUWRP","itt_fullspec_bn_employed_treat_HD","treat_HD",86,0.0485875706214689,"Decrease",78,159,78
"06_UHGtBtCEoaUWRP","itt_fullspec_bn_employed_treat_HD","treat_HD",86,0.0485875706214689,"Decrease",1073,2194,1073
"06_UHGtBtCEoaUWRP","itt_fullspec_bn_employed_treat_HD","treat_HD",86,0.0485875706214689,"Decrease",172,356,172
"06_UHGtBtCEoaUWRP","itt_fullspec_bn_employed_treat_HD","treat_HD",86,0.0485875706214689,"Decrease",940,1919,940
"06_UHGtBtCEoaUWRP","itt_fullspec_bn_employed_treat_HD","treat_HD",86,0.0485875706214689,"Decrease",1641,3356,1641
"06_UHGtBtCEoaUWRP","itt_fullspec_bn_employed_treat_HD","treat_HD",86,0.0485875706214689,"Decrease",1095,2238,1095
"06_UHGtBtCEoaUWRP","itt_fullspec_bn_employed_treat_HD","treat_HD",86,0.0485875706214689,"Decrease",1708,3492,1708
"06_UHGtBtCEoaUWRP","itt_fullspec_bn_employed_treat_HD","treat_HD",86,0.0485875706214689,"Decrease",444,912,444
"06_UHGtBtCEoaUWRP","itt_fullspec_bn_employed_treat_HD","treat_HD",86,0.0485875706214689,"Decrease",489,1004,489
"06_UHGtBtCEoaUWRP","itt_fullspec_bn_employed_treat_HD","treat_HD",86,0.0485875706214689,"Decrease",971,1983,971
"06_UHGtBtCEoaUWRP","itt_fullspec_bn_employed_treat_HD","treat_HD",86,0.0485875706214689,"Decrease",616,1264,616
"06_UHGtBtCEoaUWRP","itt_fullspec_bn_employed_treat_HD","treat_HD",86,0.0485875706214689,"Decrease",686,1405,686
"06_UHGtBtCEoaUWRP","itt_fullspec_bn_employed_treat_HD","treat_HD",86,0.0485875706214689,"Decrease",656,1345,656
"06_UHGtBtCEoaUWRP","itt_fullspec_bn_employed_treat_HD","treat_HD",86,0.0485875706214689,"Decrease",658,1349,658
"06_UHGtBtCEoaUWRP","itt_fullspec_bn_employed_treat_HD","treat_HD",86,0.0485875706214689,"Decrease",3,6,3
"06_UHGtBtCEoaUWRP","itt_fullspec_bn_employed_treat_HD","treat_HD",86,0.0485875706214689,"Decrease",1715,3506,1715
"06_UHGtBtCEoaUWRP","itt_fullspec_bn_employed_treat_HD","treat_HD",86,0.0485875706214689,"Decrease",579,1188,579
"06_UHGtBtCEoaUWRP","itt_fullspec_bn_employed_treat_HD","treat_HD",86,0.0485875706214689,"Decrease",925,1889,925
"06_UHGtBtCEoaUWRP","itt_fullspec_bn_employed_treat_HD","treat_HD",86,0.0485875706214689,"Decrease",1380,2826,1380
"06_UHGtBtCEoaUWRP","itt_fullspec_bn_employed_treat_HD","treat_HD",86,0.0485875706214689,"Decrease",790,1616,790
"06_UHGtBtCEoaUWRP","itt_fullspec_bn_employed_treat_HD","treat_HD",86,0.0485875706214689,"Decrease",1112,2273,1112
"06_UHGtBtCEoaUWRP","itt_fullspec_bn_employed_treat_HD","treat_HD",86,0.0485875706214689,"Decrease",1459,2987,1459
"06_UHGtBtCEoaUWRP","itt_fullspec_bn_employed_treat_HD","treat_HD",86,0.0485875706214689,"Decrease",84,173,84
"06_UHGtBtCEoaUWRP","itt_fullspec_bn_employed_treat_HD","treat_HD",86,0.0485875706214689,"Decrease",1219,2492,1219
"06_UHGtBtCEoaUWRP","itt_fullspec_bn_employed_treat_HD","treat_HD",86,0.0485875706214689,"Decrease",59,120,59
"06_UHGtBtCEoaUWRP","itt_fullspec_bn_employed_treat_HD","treat_HD",86,0.0485875706214689,"Decrease",1754,3586,1754
"06_UHGtBtCEoaUWRP","itt_fullspec_bn_employed_treat_HD","treat_HD",86,0.0485875706214689,"Decrease",862,1762,862
"06_UHGtBtCEoaUWRP","itt_fullspec_bn_employed_treat_HD","treat_HD",86,0.0485875706214689,"Decrease",905,1849,905
"06_UHGtBtCEoaUWRP","itt_fullspec_bn_employed_treat_HD","treat_HD",86,0.0485875706214689,"Decrease",1228,2511,1228
"06_UHGtBtCEoaUWRP","itt_fullspec_bn_employed_treat_HD","treat_HD",86,0.0485875706214689,"Decrease",1507,3085,1507
"06_UHGtBtCEoaUWRP","itt_fullspec_bn_employed_treat_HD","treat_HD",86,0.0485875706214689,"Decrease",289,594,289
"06_UHGtBtCEoaUWRP","itt_fullspec_bn_employed_treat_HD","treat_HD",86,0.0485875706214689,"Decrease",22,45,22
"06_UHGtBtCEoaUWRP","itt_fullspec_bn_employed_treat_HD","treat_HD",86,0.0485875706214689,"Decrease",1568,3207,1568
"06_UHGtBtCEoaUWRP","itt_fullspec_bn_employed_treat_HD","treat_HD",86,0.0485875706214689,"Decrease",1629,3332,1629
"06_UHGtBtCEoaUWRP","itt_fullspec_bn_employed_treat_HD","treat_HD",86,0.0485875706214689,"Decrease",824,1684,824
"06_UHGtBtCEoaUWRP","itt_fullspec_bn_employed_treat_HD","treat_HD",86,0.0485875706214689,"Decrease",384,788,384
"06_UHGtBtCEoaUWRP","itt_fullspec_bn_employed_treat_HD","treat_HD",86,0.0485875706214689,"Decrease",1492,3055,1492
"06_UHGtBtCEoaUWRP","itt_fullspec_bn_employed_treat_HD","treat_HD",86,0.0485875706214689,"Decrease",246,505,246
"06_UHGtBtCEoaUWRP","itt_fullspec_bn_employed_treat_HD","treat_HD",86,0.0485875706214689,"Decrease",634,1300,634
"06_UHGtBtCEoaUWRP","itt_fullspec_bn_employed_treat_HD","treat_HD",86,0.0485875706214689,"Decrease",1097,2242,1097
"06_UHGtBtCEoaUWRP","itt_fullspec_bn_employed_treat_HD","treat_HD",86,0.0485875706214689,"Decrease",61,124,61
"06_UHGtBtCEoaUWRP","itt_fullspec_bn_employed_treat_HD","treat_HD",86,0.0485875706214689,"Decrease",538,1104,538
"06_UHGtBtCEoaUWRP","itt_fullspec_bn_employed_treat_HD","treat_HD",86,0.0485875706214689,"Decrease",114,237,114
"06_UHGtBtCEoaUWRP","itt_fullspec_bn_employed_treat_HD","treat_HD",86,0.0485875706214689,"Decrease",350,719,350
"06_UHGtBtCEoaUWRP","itt_fullspec_bn_employed_treat_HD","treat_HD",86,0.0485875706214689,"Decrease",171,354,171
"06_UHGtBtCEoaUWRP","itt_fullspec_bn_employed_treat_HD","treat_HD",86,0.0485875706214689,"Decrease",1191,2434,1191
"06_UHGtBtCEoaUWRP","itt_fullspec_bn_employed_treat_HD","treat_HD",86,0.0485875706214689,"Decrease",403,829,403
"06_UHGtBtCEoaUWRP","itt_fullspec_bn_employed_treat_HD","treat_HD",86,0.0485875706214689,"Decrease",1518,3107,1518
"06_UHGtBtCEoaUWRP","itt_fullspec_bn_employed_treat_HD","treat_HD",86,0.0485875706214689,"Decrease",311,640,311
"06_UHGtBtCEoaUWRP","itt_fullspec_bn_employed_treat_HD","treat_HD",86,0.0485875706214689,"Decrease",400,823,400
"06_UHGtBtCEoaUWRP","itt_fullspec_bn_employed_treat_HD","treat_HD",86,0.0485875706214689,"Decrease",1452,2973,1452
"06_UHGtBtCEoaUWRP","itt_fullspec_bn_employed_treat_HD","treat_HD",86,0.0485875706214689,"Decrease",623,1278,623
"06_UHGtBtCEoaUWRP","itt_fullspec_bn_employed_treat_HD","treat_HD",86,0.0485875706214689,"Decrease",1318,2699,1318
"06_UHGtBtCEoaUWRP","itt_fullspec_bn_employed_treat_HD","treat_HD",86,0.0485875706214689,"Decrease",875,1789,875
"06_UHGtBtCEoaUWRP","itt_fullspec_bn_employed_treat_HD","treat_HD",86,0.0485875706214689,"Decrease",1525,3121,1525
"06_UHGtBtCEoaUWRP","itt_fullspec_bn_employed_treat_HD","treat_HD",86,0.0485875706214689,"Decrease",721,1476,721
"06_UHGtBtCEoaUWRP","itt_fullspec_bn_employed_treat_HD","treat_HD",86,0.0485875706214689,"Decrease",481,988,481
"06_UHGtBtCEoaUWRP","itt_fullspec_bn_employed_treat_HD","treat_HD",86,0.0485875706214689,"Decrease",548,1124,548
"06_UHGtBtCEoaUWRP","itt_fullspec_bn_employed_treat_HD","treat_HD",86,0.0485875706214689,"Decrease",874,1787,874
"06_UHGtBtCEoaUWRP","itt_fullspec_bn_employed_treat_HD","treat_HD",86,0.0485875706214689,"Decrease",1126,2302,1126
"06_UHGtBtCEoaUWRP","itt_fullspec_bn_employed_treat_HD","treat_HD",86,0.0485875706214689,"Decrease",430,883,430
"06_UHGtBtCEoaUWRP","itt_fullspec_bn_employed_treat_HD","treat_HD",86,0.0485875706214689,"Decrease",601,1234,601
"06_UHGtBtCEoaUWRP","itt_fullspec_bn_employed_treat_HD","treat_HD",86,0.0485875706214689,"Decrease",1300,2662,1300
"06_UHGtBtCEoaUWRP","itt_fullspec_bn_employed_treat_HD","treat_HD",86,0.0485875706214689,"Decrease",1482,3035,1482
"06_UHGtBtCEoaUWRP","itt_fullspec_bn_employed_treat_HD","treat_HD",86,0.0485875706214689,"Decrease",1747,3572,1747
"06_UHGtBtCEoaUWRP","itt_fullspec_bn_employed_treat_HD","treat_HD",86,0.0485875706214689,"Decrease",1049,2144,1049
"06_UHGtBtCEoaUWRP","itt_fullspec_bn_employed_treat_HD","treat_HD",86,0.0485875706214689,"Decrease",671,1375,671
"06_UHGtBtCEoaUWRP","itt_fullspec_bn_employed_treat_HD","treat_HD",86,0.0485875706214689,"Decrease",659,1351,659
"06_UHGtBtCEoaUWRP","itt_fullspec_bn_employed_treat_HD","treat_HD",86,0.0485875706214689,"Decrease",1180,2412,1180
"06_UHGtBtCEoaUWRP","itt_fullspec_bn_employed_treat_HD","treat_HD",86,0.0485875706214689,"Decrease",1497,3065,1497
"06_UHGtBtCEoaUWRP","itt_fullspec_bn_employed_treat_HD","treat_HD",87,0.0491525423728814,"Decrease",1691,3458,1691
"06_UHGtBtCEoaUWRP","itt_fullspec_bn_employed_treat_HD","treat_HD",87,0.0491525423728814,"Decrease",1679,3434,1679
"06_UHGtBtCEoaUWRP","itt_fullspec_bn_employed_treat_HD","treat_HD",87,0.0491525423728814,"Decrease",1655,3386,1655
"06_UHGtBtCEoaUWRP","itt_fullspec_bn_employed_treat_HD","treat_HD",87,0.0491525423728814,"Decrease",1053,2152,1053
"06_UHGtBtCEoaUWRP","itt_fullspec_bn_employed_treat_HD","treat_HD",87,0.0491525423728814,"Decrease",932,1903,932
"06_UHGtBtCEoaUWRP","itt_fullspec_bn_employed_treat_HD","treat_HD",87,0.0491525423728814,"Decrease",1712,3500,1712
"06_UHGtBtCEoaUWRP","itt_fullspec_bn_employed_treat_HD","treat_HD",87,0.0491525423728814,"Decrease",1591,3255,1591
"06_UHGtBtCEoaUWRP","itt_fullspec_bn_employed_treat_HD","treat_HD",87,0.0491525423728814,"Decrease",1531,3133,1531
"06_UHGtBtCEoaUWRP","itt_fullspec_bn_employed_treat_HD","treat_HD",87,0.0491525423728814,"Decrease",836,1708,836
"06_UHGtBtCEoaUWRP","itt_fullspec_bn_employed_treat_HD","treat_HD",87,0.0491525423728814,"Decrease",995,2032,995
"06_UHGtBtCEoaUWRP","itt_fullspec_bn_employed_treat_HD","treat_HD",87,0.0491525423728814,"Decrease",74,151,74
"06_UHGtBtCEoaUWRP","itt_fullspec_bn_employed_treat_HD","treat_HD",87,0.0491525423728814,"Decrease",942,1923,942
"06_UHGtBtCEoaUWRP","itt_fullspec_bn_employed_treat_HD","treat_HD",87,0.0491525423728814,"Decrease",1678,3432,1678
"06_UHGtBtCEoaUWRP","itt_fullspec_bn_employed_treat_HD","treat_HD",87,0.0491525423728814,"Decrease",1389,2844,1389
"06_UHGtBtCEoaUWRP","itt_fullspec_bn_employed_treat_HD","treat_HD",87,0.0491525423728814,"Decrease",1496,3063,1496
"06_UHGtBtCEoaUWRP","itt_fullspec_bn_employed_treat_HD","treat_HD",87,0.0491525423728814,"Decrease",565,1159,565
"06_UHGtBtCEoaUWRP","itt_fullspec_bn_employed_treat_HD","treat_HD",87,0.0491525423728814,"Decrease",78,159,78
"06_UHGtBtCEoaUWRP","itt_fullspec_bn_employed_treat_HD","treat_HD",87,0.0491525423728814,"Decrease",1073,2194,1073
"06_UHGtBtCEoaUWRP","itt_fullspec_bn_employed_treat_HD","treat_HD",87,0.0491525423728814,"Decrease",172,356,172
"06_UHGtBtCEoaUWRP","itt_fullspec_bn_employed_treat_HD","treat_HD",87,0.0491525423728814,"Decrease",940,1919,940
"06_UHGtBtCEoaUWRP","itt_fullspec_bn_employed_treat_HD","treat_HD",87,0.0491525423728814,"Decrease",1641,3356,1641
"06_UHGtBtCEoaUWRP","itt_fullspec_bn_employed_treat_HD","treat_HD",87,0.0491525423728814,"Decrease",1095,2238,1095
"06_UHGtBtCEoaUWRP","itt_fullspec_bn_employed_treat_HD","treat_HD",87,0.0491525423728814,"Decrease",1708,3492,1708
"06_UHGtBtCEoaUWRP","itt_fullspec_bn_employed_treat_HD","treat_HD",87,0.0491525423728814,"Decrease",444,912,444
"06_UHGtBtCEoaUWRP","itt_fullspec_bn_employed_treat_HD","treat_HD",87,0.0491525423728814,"Decrease",489,1004,489
"06_UHGtBtCEoaUWRP","itt_fullspec_bn_employed_treat_HD","treat_HD",87,0.0491525423728814,"Decrease",971,1983,971
"06_UHGtBtCEoaUWRP","itt_fullspec_bn_employed_treat_HD","treat_HD",87,0.0491525423728814,"Decrease",616,1264,616
"06_UHGtBtCEoaUWRP","itt_fullspec_bn_employed_treat_HD","treat_HD",87,0.0491525423728814,"Decrease",686,1405,686
"06_UHGtBtCEoaUWRP","itt_fullspec_bn_employed_treat_HD","treat_HD",87,0.0491525423728814,"Decrease",656,1345,656
"06_UHGtBtCEoaUWRP","itt_fullspec_bn_employed_treat_HD","treat_HD",87,0.0491525423728814,"Decrease",658,1349,658
"06_UHGtBtCEoaUWRP","itt_fullspec_bn_employed_treat_HD","treat_HD",87,0.0491525423728814,"Decrease",3,6,3
"06_UHGtBtCEoaUWRP","itt_fullspec_bn_employed_treat_HD","treat_HD",87,0.0491525423728814,"Decrease",1715,3506,1715
"06_UHGtBtCEoaUWRP","itt_fullspec_bn_employed_treat_HD","treat_HD",87,0.0491525423728814,"Decrease",579,1188,579
"06_UHGtBtCEoaUWRP","itt_fullspec_bn_employed_treat_HD","treat_HD",87,0.0491525423728814,"Decrease",925,1889,925
"06_UHGtBtCEoaUWRP","itt_fullspec_bn_employed_treat_HD","treat_HD",87,0.0491525423728814,"Decrease",1380,2826,1380
"06_UHGtBtCEoaUWRP","itt_fullspec_bn_employed_treat_HD","treat_HD",87,0.0491525423728814,"Decrease",790,1616,790
"06_UHGtBtCEoaUWRP","itt_fullspec_bn_employed_treat_HD","treat_HD",87,0.0491525423728814,"Decrease",1112,2273,1112
"06_UHGtBtCEoaUWRP","itt_fullspec_bn_employed_treat_HD","treat_HD",87,0.0491525423728814,"Decrease",1459,2987,1459
"06_UHGtBtCEoaUWRP","itt_fullspec_bn_employed_treat_HD","treat_HD",87,0.0491525423728814,"Decrease",84,173,84
"06_UHGtBtCEoaUWRP","itt_fullspec_bn_employed_treat_HD","treat_HD",87,0.0491525423728814,"Decrease",59,120,59
"06_UHGtBtCEoaUWRP","itt_fullspec_bn_employed_treat_HD","treat_HD",87,0.0491525423728814,"Decrease",862,1762,862
"06_UHGtBtCEoaUWRP","itt_fullspec_bn_employed_treat_HD","treat_HD",87,0.0491525423728814,"Decrease",1219,2492,1219
"06_UHGtBtCEoaUWRP","itt_fullspec_bn_employed_treat_HD","treat_HD",87,0.0491525423728814,"Decrease",1754,3586,1754
"06_UHGtBtCEoaUWRP","itt_fullspec_bn_employed_treat_HD","treat_HD",87,0.0491525423728814,"Decrease",905,1849,905
"06_UHGtBtCEoaUWRP","itt_fullspec_bn_employed_treat_HD","treat_HD",87,0.0491525423728814,"Decrease",1228,2511,1228
"06_UHGtBtCEoaUWRP","itt_fullspec_bn_employed_treat_HD","treat_HD",87,0.0491525423728814,"Decrease",1507,3085,1507
"06_UHGtBtCEoaUWRP","itt_fullspec_bn_employed_treat_HD","treat_HD",87,0.0491525423728814,"Decrease",289,594,289
"06_UHGtBtCEoaUWRP","itt_fullspec_bn_employed_treat_HD","treat_HD",87,0.0491525423728814,"Decrease",22,45,22
"06_UHGtBtCEoaUWRP","itt_fullspec_bn_employed_treat_HD","treat_HD",87,0.0491525423728814,"Decrease",1568,3207,1568
"06_UHGtBtCEoaUWRP","itt_fullspec_bn_employed_treat_HD","treat_HD",87,0.0491525423728814,"Decrease",1629,3332,1629
"06_UHGtBtCEoaUWRP","itt_fullspec_bn_employed_treat_HD","treat_HD",87,0.0491525423728814,"Decrease",384,788,384
"06_UHGtBtCEoaUWRP","itt_fullspec_bn_employed_treat_HD","treat_HD",87,0.0491525423728814,"Decrease",824,1684,824
"06_UHGtBtCEoaUWRP","itt_fullspec_bn_employed_treat_HD","treat_HD",87,0.0491525423728814,"Decrease",1492,3055,1492
"06_UHGtBtCEoaUWRP","itt_fullspec_bn_employed_treat_HD","treat_HD",87,0.0491525423728814,"Decrease",246,505,246
"06_UHGtBtCEoaUWRP","itt_fullspec_bn_employed_treat_HD","treat_HD",87,0.0491525423728814,"Decrease",634,1300,634
"06_UHGtBtCEoaUWRP","itt_fullspec_bn_employed_treat_HD","treat_HD",87,0.0491525423728814,"Decrease",1097,2242,1097
"06_UHGtBtCEoaUWRP","itt_fullspec_bn_employed_treat_HD","treat_HD",87,0.0491525423728814,"Decrease",61,124,61
"06_UHGtBtCEoaUWRP","itt_fullspec_bn_employed_treat_HD","treat_HD",87,0.0491525423728814,"Decrease",538,1104,538
"06_UHGtBtCEoaUWRP","itt_fullspec_bn_employed_treat_HD","treat_HD",87,0.0491525423728814,"Decrease",114,237,114
"06_UHGtBtCEoaUWRP","itt_fullspec_bn_employed_treat_HD","treat_HD",87,0.0491525423728814,"Decrease",350,719,350
"06_UHGtBtCEoaUWRP","itt_fullspec_bn_employed_treat_HD","treat_HD",87,0.0491525423728814,"Decrease",171,354,171
"06_UHGtBtCEoaUWRP","itt_fullspec_bn_employed_treat_HD","treat_HD",87,0.0491525423728814,"Decrease",1191,2434,1191
"06_UHGtBtCEoaUWRP","itt_fullspec_bn_employed_treat_HD","treat_HD",87,0.0491525423728814,"Decrease",403,829,403
"06_UHGtBtCEoaUWRP","itt_fullspec_bn_employed_treat_HD","treat_HD",87,0.0491525423728814,"Decrease",1518,3107,1518
"06_UHGtBtCEoaUWRP","itt_fullspec_bn_employed_treat_HD","treat_HD",87,0.0491525423728814,"Decrease",311,640,311
"06_UHGtBtCEoaUWRP","itt_fullspec_bn_employed_treat_HD","treat_HD",87,0.0491525423728814,"Decrease",400,823,400
"06_UHGtBtCEoaUWRP","itt_fullspec_bn_employed_treat_HD","treat_HD",87,0.0491525423728814,"Decrease",1452,2973,1452
"06_UHGtBtCEoaUWRP","itt_fullspec_bn_employed_treat_HD","treat_HD",87,0.0491525423728814,"Decrease",623,1278,623
"06_UHGtBtCEoaUWRP","itt_fullspec_bn_employed_treat_HD","treat_HD",87,0.0491525423728814,"Decrease",1318,2699,1318
"06_UHGtBtCEoaUWRP","itt_fullspec_bn_employed_treat_HD","treat_HD",87,0.0491525423728814,"Decrease",875,1789,875
"06_UHGtBtCEoaUWRP","itt_fullspec_bn_employed_treat_HD","treat_HD",87,0.0491525423728814,"Decrease",1525,3121,1525
"06_UHGtBtCEoaUWRP","itt_fullspec_bn_employed_treat_HD","treat_HD",87,0.0491525423728814,"Decrease",721,1476,721
"06_UHGtBtCEoaUWRP","itt_fullspec_bn_employed_treat_HD","treat_HD",87,0.0491525423728814,"Decrease",481,988,481
"06_UHGtBtCEoaUWRP","itt_fullspec_bn_employed_treat_HD","treat_HD",87,0.0491525423728814,"Decrease",548,1124,548
"06_UHGtBtCEoaUWRP","itt_fullspec_bn_employed_treat_HD","treat_HD",87,0.0491525423728814,"Decrease",874,1787,874
"06_UHGtBtCEoaUWRP","itt_fullspec_bn_employed_treat_HD","treat_HD",87,0.0491525423728814,"Decrease",1126,2302,1126
"06_UHGtBtCEoaUWRP","itt_fullspec_bn_employed_treat_HD","treat_HD",87,0.0491525423728814,"Decrease",430,883,430
"06_UHGtBtCEoaUWRP","itt_fullspec_bn_employed_treat_HD","treat_HD",87,0.0491525423728814,"Decrease",1300,2662,1300
"06_UHGtBtCEoaUWRP","itt_fullspec_bn_employed_treat_HD","treat_HD",87,0.0491525423728814,"Decrease",601,1234,601
"06_UHGtBtCEoaUWRP","itt_fullspec_bn_employed_treat_HD","treat_HD",87,0.0491525423728814,"Decrease",1747,3572,1747
"06_UHGtBtCEoaUWRP","itt_fullspec_bn_employed_treat_HD","treat_HD",87,0.0491525423728814,"Decrease",1482,3035,1482
"06_UHGtBtCEoaUWRP","itt_fullspec_bn_employed_treat_HD","treat_HD",87,0.0491525423728814,"Decrease",1049,2144,1049
"06_UHGtBtCEoaUWRP","itt_fullspec_bn_employed_treat_HD","treat_HD",87,0.0491525423728814,"Decrease",671,1375,671
"06_UHGtBtCEoaUWRP","itt_fullspec_bn_employed_treat_HD","treat_HD",87,0.0491525423728814,"Decrease",659,1351,659
"06_UHGtBtCEoaUWRP","itt_fullspec_bn_employed_treat_HD","treat_HD",87,0.0491525423728814,"Decrease",1180,2412,1180
"06_UHGtBtCEoaUWRP","itt_fullspec_bn_employed_treat_HD","treat_HD",87,0.0491525423728814,"Decrease",1497,3065,1497
"06_UHGtBtCEoaUWRP","itt_fullspec_bn_employed_treat_HD","treat_HD",87,0.0491525423728814,"Decrease",1240,2535,1240
"06_UHGtBtCEoaUWRP","itt_fullspec_bn_employed_treat_HD","treat_HD",88,0.0497175141242938,"Decrease",1691,3458,1691
"06_UHGtBtCEoaUWRP","itt_fullspec_bn_employed_treat_HD","treat_HD",88,0.0497175141242938,"Decrease",1679,3434,1679
"06_UHGtBtCEoaUWRP","itt_fullspec_bn_employed_treat_HD","treat_HD",88,0.0497175141242938,"Decrease",1655,3386,1655
"06_UHGtBtCEoaUWRP","itt_fullspec_bn_employed_treat_HD","treat_HD",88,0.0497175141242938,"Decrease",1053,2152,1053
"06_UHGtBtCEoaUWRP","itt_fullspec_bn_employed_treat_HD","treat_HD",88,0.0497175141242938,"Decrease",932,1903,932
"06_UHGtBtCEoaUWRP","itt_fullspec_bn_employed_treat_HD","treat_HD",88,0.0497175141242938,"Decrease",1712,3500,1712
"06_UHGtBtCEoaUWRP","itt_fullspec_bn_employed_treat_HD","treat_HD",88,0.0497175141242938,"Decrease",1591,3255,1591
"06_UHGtBtCEoaUWRP","itt_fullspec_bn_employed_treat_HD","treat_HD",88,0.0497175141242938,"Decrease",1531,3133,1531
"06_UHGtBtCEoaUWRP","itt_fullspec_bn_employed_treat_HD","treat_HD",88,0.0497175141242938,"Decrease",836,1708,836
"06_UHGtBtCEoaUWRP","itt_fullspec_bn_employed_treat_HD","treat_HD",88,0.0497175141242938,"Decrease",995,2032,995
"06_UHGtBtCEoaUWRP","itt_fullspec_bn_employed_treat_HD","treat_HD",88,0.0497175141242938,"Decrease",74,151,74
"06_UHGtBtCEoaUWRP","itt_fullspec_bn_employed_treat_HD","treat_HD",88,0.0497175141242938,"Decrease",942,1923,942
"06_UHGtBtCEoaUWRP","itt_fullspec_bn_employed_treat_HD","treat_HD",88,0.0497175141242938,"Decrease",1678,3432,1678
"06_UHGtBtCEoaUWRP","itt_fullspec_bn_employed_treat_HD","treat_HD",88,0.0497175141242938,"Decrease",1389,2844,1389
"06_UHGtBtCEoaUWRP","itt_fullspec_bn_employed_treat_HD","treat_HD",88,0.0497175141242938,"Decrease",1496,3063,1496
"06_UHGtBtCEoaUWRP","itt_fullspec_bn_employed_treat_HD","treat_HD",88,0.0497175141242938,"Decrease",565,1159,565
"06_UHGtBtCEoaUWRP","itt_fullspec_bn_employed_treat_HD","treat_HD",88,0.0497175141242938,"Decrease",78,159,78
"06_UHGtBtCEoaUWRP","itt_fullspec_bn_employed_treat_HD","treat_HD",88,0.0497175141242938,"Decrease",1073,2194,1073
"06_UHGtBtCEoaUWRP","itt_fullspec_bn_employed_treat_HD","treat_HD",88,0.0497175141242938,"Decrease",172,356,172
"06_UHGtBtCEoaUWRP","itt_fullspec_bn_employed_treat_HD","treat_HD",88,0.0497175141242938,"Decrease",940,1919,940
"06_UHGtBtCEoaUWRP","itt_fullspec_bn_employed_treat_HD","treat_HD",88,0.0497175141242938,"Decrease",1641,3356,1641
"06_UHGtBtCEoaUWRP","itt_fullspec_bn_employed_treat_HD","treat_HD",88,0.0497175141242938,"Decrease",1095,2238,1095
"06_UHGtBtCEoaUWRP","itt_fullspec_bn_employed_treat_HD","treat_HD",88,0.0497175141242938,"Decrease",1708,3492,1708
"06_UHGtBtCEoaUWRP","itt_fullspec_bn_employed_treat_HD","treat_HD",88,0.0497175141242938,"Decrease",444,912,444
"06_UHGtBtCEoaUWRP","itt_fullspec_bn_employed_treat_HD","treat_HD",88,0.0497175141242938,"Decrease",489,1004,489
"06_UHGtBtCEoaUWRP","itt_fullspec_bn_employed_treat_HD","treat_HD",88,0.0497175141242938,"Decrease",971,1983,971
"06_UHGtBtCEoaUWRP","itt_fullspec_bn_employed_treat_HD","treat_HD",88,0.0497175141242938,"Decrease",616,1264,616
"06_UHGtBtCEoaUWRP","itt_fullspec_bn_employed_treat_HD","treat_HD",88,0.0497175141242938,"Decrease",686,1405,686
"06_UHGtBtCEoaUWRP","itt_fullspec_bn_employed_treat_HD","treat_HD",88,0.0497175141242938,"Decrease",656,1345,656
"06_UHGtBtCEoaUWRP","itt_fullspec_bn_employed_treat_HD","treat_HD",88,0.0497175141242938,"Decrease",658,1349,658
"06_UHGtBtCEoaUWRP","itt_fullspec_bn_employed_treat_HD","treat_HD",88,0.0497175141242938,"Decrease",3,6,3
"06_UHGtBtCEoaUWRP","itt_fullspec_bn_employed_treat_HD","treat_HD",88,0.0497175141242938,"Decrease",1715,3506,1715
"06_UHGtBtCEoaUWRP","itt_fullspec_bn_employed_treat_HD","treat_HD",88,0.0497175141242938,"Decrease",579,1188,579
"06_UHGtBtCEoaUWRP","itt_fullspec_bn_employed_treat_HD","treat_HD",88,0.0497175141242938,"Decrease",925,1889,925
"06_UHGtBtCEoaUWRP","itt_fullspec_bn_employed_treat_HD","treat_HD",88,0.0497175141242938,"Decrease",790,1616,790
"06_UHGtBtCEoaUWRP","itt_fullspec_bn_employed_treat_HD","treat_HD",88,0.0497175141242938,"Decrease",1380,2826,1380
"06_UHGtBtCEoaUWRP","itt_fullspec_bn_employed_treat_HD","treat_HD",88,0.0497175141242938,"Decrease",1112,2273,1112
"06_UHGtBtCEoaUWRP","itt_fullspec_bn_employed_treat_HD","treat_HD",88,0.0497175141242938,"Decrease",1459,2987,1459
"06_UHGtBtCEoaUWRP","itt_fullspec_bn_employed_treat_HD","treat_HD",88,0.0497175141242938,"Decrease",84,173,84
"06_UHGtBtCEoaUWRP","itt_fullspec_bn_employed_treat_HD","treat_HD",88,0.0497175141242938,"Decrease",862,1762,862
"06_UHGtBtCEoaUWRP","itt_fullspec_bn_employed_treat_HD","treat_HD",88,0.0497175141242938,"Decrease",59,120,59
"06_UHGtBtCEoaUWRP","itt_fullspec_bn_employed_treat_HD","treat_HD",88,0.0497175141242938,"Decrease",1219,2492,1219
"06_UHGtBtCEoaUWRP","itt_fullspec_bn_employed_treat_HD","treat_HD",88,0.0497175141242938,"Decrease",1754,3586,1754
"06_UHGtBtCEoaUWRP","itt_fullspec_bn_employed_treat_HD","treat_HD",88,0.0497175141242938,"Decrease",905,1849,905
"06_UHGtBtCEoaUWRP","itt_fullspec_bn_employed_treat_HD","treat_HD",88,0.0497175141242938,"Decrease",1228,2511,1228
"06_UHGtBtCEoaUWRP","itt_fullspec_bn_employed_treat_HD","treat_HD",88,0.0497175141242938,"Decrease",1507,3085,1507
"06_UHGtBtCEoaUWRP","itt_fullspec_bn_employed_treat_HD","treat_HD",88,0.0497175141242938,"Decrease",289,594,289
"06_UHGtBtCEoaUWRP","itt_fullspec_bn_employed_treat_HD","treat_HD",88,0.0497175141242938,"Decrease",22,45,22
"06_UHGtBtCEoaUWRP","itt_fullspec_bn_employed_treat_HD","treat_HD",88,0.0497175141242938,"Decrease",1568,3207,1568
"06_UHGtBtCEoaUWRP","itt_fullspec_bn_employed_treat_HD","treat_HD",88,0.0497175141242938,"Decrease",1629,3332,1629
"06_UHGtBtCEoaUWRP","itt_fullspec_bn_employed_treat_HD","treat_HD",88,0.0497175141242938,"Decrease",384,788,384
"06_UHGtBtCEoaUWRP","itt_fullspec_bn_employed_treat_HD","treat_HD",88,0.0497175141242938,"Decrease",824,1684,824
"06_UHGtBtCEoaUWRP","itt_fullspec_bn_employed_treat_HD","treat_HD",88,0.0497175141242938,"Decrease",1492,3055,1492
"06_UHGtBtCEoaUWRP","itt_fullspec_bn_employed_treat_HD","treat_HD",88,0.0497175141242938,"Decrease",634,1300,634
"06_UHGtBtCEoaUWRP","itt_fullspec_bn_employed_treat_HD","treat_HD",88,0.0497175141242938,"Decrease",246,505,246
"06_UHGtBtCEoaUWRP","itt_fullspec_bn_employed_treat_HD","treat_HD",88,0.0497175141242938,"Decrease",1097,2242,1097
"06_UHGtBtCEoaUWRP","itt_fullspec_bn_employed_treat_HD","treat_HD",88,0.0497175141242938,"Decrease",61,124,61
"06_UHGtBtCEoaUWRP","itt_fullspec_bn_employed_treat_HD","treat_HD",88,0.0497175141242938,"Decrease",538,1104,538
"06_UHGtBtCEoaUWRP","itt_fullspec_bn_employed_treat_HD","treat_HD",88,0.0497175141242938,"Decrease",114,237,114
"06_UHGtBtCEoaUWRP","itt_fullspec_bn_employed_treat_HD","treat_HD",88,0.0497175141242938,"Decrease",350,719,350
"06_UHGtBtCEoaUWRP","itt_fullspec_bn_employed_treat_HD","treat_HD",88,0.0497175141242938,"Decrease",171,354,171
"06_UHGtBtCEoaUWRP","itt_fullspec_bn_employed_treat_HD","treat_HD",88,0.0497175141242938,"Decrease",1191,2434,1191
"06_UHGtBtCEoaUWRP","itt_fullspec_bn_employed_treat_HD","treat_HD",88,0.0497175141242938,"Decrease",403,829,403
"06_UHGtBtCEoaUWRP","itt_fullspec_bn_employed_treat_HD","treat_HD",88,0.0497175141242938,"Decrease",1518,3107,1518
"06_UHGtBtCEoaUWRP","itt_fullspec_bn_employed_treat_HD","treat_HD",88,0.0497175141242938,"Decrease",311,640,311
"06_UHGtBtCEoaUWRP","itt_fullspec_bn_employed_treat_HD","treat_HD",88,0.0497175141242938,"Decrease",400,823,400
"06_UHGtBtCEoaUWRP","itt_fullspec_bn_employed_treat_HD","treat_HD",88,0.0497175141242938,"Decrease",1452,2973,1452
"06_UHGtBtCEoaUWRP","itt_fullspec_bn_employed_treat_HD","treat_HD",88,0.0497175141242938,"Decrease",623,1278,623
"06_UHGtBtCEoaUWRP","itt_fullspec_bn_employed_treat_HD","treat_HD",88,0.0497175141242938,"Decrease",1318,2699,1318
"06_UHGtBtCEoaUWRP","itt_fullspec_bn_employed_treat_HD","treat_HD",88,0.0497175141242938,"Decrease",875,1789,875
"06_UHGtBtCEoaUWRP","itt_fullspec_bn_employed_treat_HD","treat_HD",88,0.0497175141242938,"Decrease",1525,3121,1525
"06_UHGtBtCEoaUWRP","itt_fullspec_bn_employed_treat_HD","treat_HD",88,0.0497175141242938,"Decrease",481,988,481
"06_UHGtBtCEoaUWRP","itt_fullspec_bn_employed_treat_HD","treat_HD",88,0.0497175141242938,"Decrease",721,1476,721
"06_UHGtBtCEoaUWRP","itt_fullspec_bn_employed_treat_HD","treat_HD",88,0.0497175141242938,"Decrease",548,1124,548
"06_UHGtBtCEoaUWRP","itt_fullspec_bn_employed_treat_HD","treat_HD",88,0.0497175141242938,"Decrease",874,1787,874
"06_UHGtBtCEoaUWRP","itt_fullspec_bn_employed_treat_HD","treat_HD",88,0.0497175141242938,"Decrease",1126,2302,1126
"06_UHGtBtCEoaUWRP","itt_fullspec_bn_employed_treat_HD","treat_HD",88,0.0497175141242938,"Decrease",430,883,430
"06_UHGtBtCEoaUWRP","itt_fullspec_bn_employed_treat_HD","treat_HD",88,0.0497175141242938,"Decrease",1300,2662,1300
"06_UHGtBtCEoaUWRP","itt_fullspec_bn_employed_treat_HD","treat_HD",88,0.0497175141242938,"Decrease",601,1234,601
"06_UHGtBtCEoaUWRP","itt_fullspec_bn_employed_treat_HD","treat_HD",88,0.0497175141242938,"Decrease",1747,3572,1747
"06_UHGtBtCEoaUWRP","itt_fullspec_bn_employed_treat_HD","treat_HD",88,0.0497175141242938,"Decrease",1482,3035,1482
"06_UHGtBtCEoaUWRP","itt_fullspec_bn_employed_treat_HD","treat_HD",88,0.0497175141242938,"Decrease",1049,2144,1049
"06_UHGtBtCEoaUWRP","itt_fullspec_bn_employed_treat_HD","treat_HD",88,0.0497175141242938,"Decrease",671,1375,671
"06_UHGtBtCEoaUWRP","itt_fullspec_bn_employed_treat_HD","treat_HD",88,0.0497175141242938,"Decrease",1180,2412,1180
"06_UHGtBtCEoaUWRP","itt_fullspec_bn_employed_treat_HD","treat_HD",88,0.0497175141242938,"Decrease",659,1351,659
"06_UHGtBtCEoaUWRP","itt_fullspec_bn_employed_treat_HD","treat_HD",88,0.0497175141242938,"Decrease",1497,3065,1497
"06_UHGtBtCEoaUWRP","itt_fullspec_bn_employed_treat_HD","treat_HD",88,0.0497175141242938,"Decrease",1240,2535,1240
"06_UHGtBtCEoaUWRP","itt_fullspec_bn_employed_treat_HD","treat_HD",88,0.0497175141242938,"Decrease",1326,2715,1326
