"study_id","estimand_id","target","k","removal_fraction","direction","beta_original","beta_mis","delta_mis","abs_delta_mis","relative_change_mis","valid_mis","refit_error_mis","nested_mis","mis_positions","mis_ids","N","beta_after","delta_beta","abs_delta_beta","relative_change","nested","valid_refit","refit_error"
"01_RSPitHUMM","table1_capital_mobile_disburse","treatment3",1,0.000378931413414172,"Increase",69.2071674949056,66.4422169778092,-2.76495051709645,2.76495051709645,0.0399517942603269,TRUE,,,"2269","2556",2639,66.4422169778092,-2.76495051709645,2.76495051709645,0.0399517942603269,,TRUE,
"01_RSPitHUMM","table1_capital_mobile_disburse","treatment3",2,0.000757862826828344,"Increase",69.2071674949056,63.2447684834546,-5.96239901145096,5.96239901145096,0.086152912007125,TRUE,,TRUE,"2269;2464","2556;2764",2639,63.2447684834546,-5.96239901145096,5.96239901145096,0.086152912007125,TRUE,TRUE,
"01_RSPitHUMM","table1_capital_mobile_disburse","treatment3",3,0.00113679424024252,"Increase",69.2071674949056,60.6356396135761,-8.57152788132952,8.57152788132952,0.123853181564763,TRUE,,TRUE,"2269;2464;1566","2556;2764;1765",2639,60.6356396135761,-8.57152788132952,8.57152788132952,0.123853181564763,TRUE,TRUE,
"01_RSPitHUMM","table1_capital_mobile_disburse","treatment3",4,0.00151572565365669,"Increase",69.2071674949056,57.0720810092871,-12.1350864856185,12.1350864856185,0.17534435991058,TRUE,,TRUE,"2269;2464;1566;2072","2556;2764;1765;2330",2639,57.0720810092871,-12.1350864856185,12.1350864856185,0.17534435991058,TRUE,TRUE,
"01_RSPitHUMM","table1_capital_mobile_disburse","treatment3",5,0.00189465706707086,"Increase",69.2071674949056,53.5215404224,-15.6856270725056,15.6856270725056,0.226647436100607,TRUE,,TRUE,"2269;2464;1566;2072;1353","2556;2764;1765;2330;1521",2639,53.5215404224,-15.6856270725056,15.6856270725056,0.226647436100607,TRUE,TRUE,
"01_RSPitHUMM","table1_capital_mobile_disburse","treatment3",6,0.00227358848048503,"Increase",69.2071674949056,50.2428550003135,-18.9643124945921,18.9643124945921,0.274022376309333,TRUE,,TRUE,"2269;2464;1566;2072;1353;530","2556;2764;1765;2330;1521;579",2639,50.2428550003135,-18.9643124945921,18.9643124945921,0.274022376309333,TRUE,TRUE,
"01_RSPitHUMM","table1_capital_mobile_disburse","treatment3",7,0.0026525198938992,"Increase",69.2071674949056,48.0382976931681,-21.1688698017375,21.1688698017375,0.305876841488936,TRUE,,TRUE,"2269;2464;1566;2072;1353;530;1494","2556;2764;1765;2330;1521;579;1678",2639,48.0382976931681,-21.1688698017375,21.1688698017375,0.305876841488936,TRUE,TRUE,
"01_RSPitHUMM","table1_capital_mobile_disburse","treatment3",8,0.00303145130731338,"Increase",69.2071674949056,45.0218208079198,-24.1853466869858,24.1853466869858,0.349463033417256,TRUE,,TRUE,"2269;2464;1566;2072;1353;530;1494;1780","2556;2764;1765;2330;1521;579;1678;2001",2639,45.0218208079198,-24.1853466869858,24.1853466869858,0.349463033417256,TRUE,TRUE,
"01_RSPitHUMM","table1_capital_mobile_disburse","treatment3",9,0.00341038272072755,"Increase",69.2071674949056,43.1735473763684,-26.0336201185372,26.0336201185372,0.376169420897822,TRUE,,TRUE,"2269;2464;1566;2072;1353;530;1494;1780;999","2556;2764;1765;2330;1521;579;1678;2001;1116",2639,43.1735473763684,-26.0336201185372,26.0336201185372,0.376169420897822,TRUE,TRUE,
"01_RSPitHUMM","table1_capital_mobile_disburse","treatment3",10,0.00378931413414172,"Increase",69.2071674949056,41.3282905837492,-27.8788769111564,27.8788769111564,0.402832219844984,TRUE,,TRUE,"2269;2464;1566;2072;1353;530;1494;1780;999;272","2556;2764;1765;2330;1521;579;1678;2001;1116;305",2639,41.3282905837492,-27.8788769111564,27.8788769111564,0.402832219844984,TRUE,TRUE,
"01_RSPitHUMM","table1_capital_mobile_disburse","treatment3",11,0.00416824554755589,"Increase",69.2071674949056,39.120681802175,-30.0864856927306,30.0864856927306,0.434730776908986,TRUE,,TRUE,"2269;2464;1566;2072;1353;530;1494;1780;999;272;353","2556;2764;1765;2330;1521;579;1678;2001;1116;305;390",2639,39.120681802175,-30.0864856927306,30.0864856927306,0.434730776908986,TRUE,TRUE,
"01_RSPitHUMM","table1_capital_mobile_disburse","treatment3",12,0.00454717696097006,"Increase",69.2071674949056,37.2168777730947,-31.9902897218109,31.9902897218109,0.462239546563812,TRUE,,TRUE,"2269;2464;1566;2072;1353;530;1494;1780;999;272;353;1212","2556;2764;1765;2330;1521;579;1678;2001;1116;305;390;1368",2639,37.2168777730947,-31.9902897218109,31.9902897218109,0.462239546563812,TRUE,TRUE,
"01_RSPitHUMM","table1_capital_mobile_disburse","treatment3",13,0.00492610837438424,"Increase",69.2071674949056,35.161791671598,-34.0453758233077,34.0453758233077,0.491934246923395,TRUE,,TRUE,"2269;2464;1566;2072;1353;530;1494;1780;999;272;353;1212;1251","2556;2764;1765;2330;1521;579;1678;2001;1116;305;390;1368;1412",2639,35.161791671598,-34.0453758233077,34.0453758233077,0.491934246923395,TRUE,TRUE,
"01_RSPitHUMM","table1_capital_mobile_disburse","treatment3",14,0.00530503978779841,"Increase",69.2071674949056,34.5242213261677,-34.6829461687379,34.6829461687379,0.501146737023892,TRUE,,TRUE,"2269;2464;1566;2072;1353;530;1494;1780;999;272;353;1212;1251;1748","2556;2764;1765;2330;1521;579;1678;2001;1116;305;390;1368;1412;1967",2639,34.5242213261677,-34.6829461687379,34.6829461687379,0.501146737023892,TRUE,TRUE,
"01_RSPitHUMM","table1_capital_mobile_disburse","treatment3",15,0.00568397120121258,"Increase",69.2071674949056,32.7399971053258,-36.4671703895798,36.4671703895798,0.526927653732746,TRUE,,TRUE,"2269;2464;1566;2072;1353;530;1494;1780;999;272;353;1212;1251;1748;2231","2556;2764;1765;2330;1521;579;1678;2001;1116;305;390;1368;1412;1967;2513",2639,32.7399971053258,-36.4671703895798,36.4671703895798,0.526927653732746,TRUE,TRUE,
"01_RSPitHUMM","table1_capital_mobile_disburse","treatment3",16,0.00606290261462675,"Increase",69.2071674949056,31.098065461833,-38.1091020330726,38.1091020330726,0.550652532281108,TRUE,,TRUE,"2269;2464;1566;2072;1353;530;1494;1780;999;272;353;1212;1251;1748;2231;437","2556;2764;1765;2330;1521;579;1678;2001;1116;305;390;1368;1412;1967;2513;481",2639,31.098065461833,-38.1091020330726,38.1091020330726,0.550652532281108,TRUE,TRUE,
"01_RSPitHUMM","table1_capital_mobile_disburse","treatment3",17,0.00644183402804092,"Increase",69.2071674949056,29.1214828729086,-40.085684621997,40.085684621997,0.579212906306962,TRUE,,TRUE,"2269;2464;1566;2072;1353;530;1494;1780;999;272;353;1212;1251;1748;2231;437;1048","2556;2764;1765;2330;1521;579;1678;2001;1116;305;390;1368;1412;1967;2513;481;1169",2639,29.1214828729086,-40.085684621997,40.085684621997,0.579212906306962,TRUE,TRUE,
"01_RSPitHUMM","table1_capital_mobile_disburse","treatment3",18,0.0068207654414551,"Increase",69.2071674949056,28.8132822884391,-40.3938852064665,40.3938852064665,0.583666210720731,TRUE,,TRUE,"2269;2464;1566;2072;1353;530;1494;1780;999;272;353;1212;1251;1748;2231;437;1048;2057","2556;2764;1765;2330;1521;579;1678;2001;1116;305;390;1368;1412;1967;2513;481;1169;2314",2639,28.8132822884391,-40.3938852064665,40.3938852064665,0.583666210720731,TRUE,TRUE,
"01_RSPitHUMM","table1_capital_mobile_disburse","treatment3",19,0.00719969685486927,"Increase",69.2071674949056,26.6404698107435,-42.5666976841621,42.5666976841621,0.615061983100167,TRUE,,TRUE,"2269;2464;1566;2072;1353;530;1494;1780;999;272;353;1212;1251;1748;2231;437;1048;2057;478","2556;2764;1765;2330;1521;579;1678;2001;1116;305;390;1368;1412;1967;2513;481;1169;2314;524",2639,26.6404698107435,-42.5666976841621,42.5666976841621,0.615061983100167,TRUE,TRUE,
"01_RSPitHUMM","table1_capital_mobile_disburse","treatment3",20,0.00757862826828344,"Increase",69.2071674949056,25.2309479848134,-43.9762195100922,43.9762195100922,0.63542868610147,TRUE,,TRUE,"2269;2464;1566;2072;1353;530;1494;1780;999;272;353;1212;1251;1748;2231;437;1048;2057;478;1782","2556;2764;1765;2330;1521;579;1678;2001;1116;305;390;1368;1412;1967;2513;481;1169;2314;524;2003",2639,25.2309479848134,-43.9762195100922,43.9762195100922,0.63542868610147,TRUE,TRUE,
"01_RSPitHUMM","table1_capital_mobile_disburse","treatment3",21,0.00795755968169761,"Increase",69.2071674949056,23.8010237749697,-45.4061437199359,45.4061437199359,0.656090190705728,TRUE,,TRUE,"2269;2464;1566;2072;1353;530;1494;1780;999;272;353;1212;1251;1748;2231;437;1048;2057;478;1782;388","2556;2764;1765;2330;1521;579;1678;2001;1116;305;390;1368;1412;1967;2513;481;1169;2314;524;2003;428",2639,23.8010237749697,-45.4061437199359,45.4061437199359,0.656090190705728,TRUE,TRUE,
"01_RSPitHUMM","table1_capital_mobile_disburse","treatment3",22,0.00833649109511178,"Increase",69.2071674949056,22.3188432112747,-46.888324283631,46.888324283631,0.67750676672445,TRUE,,TRUE,"2269;2464;1566;2072;1353;530;1494;1780;999;272;353;1212;1251;1748;2231;437;1048;2057;478;1782;388;802","2556;2764;1765;2330;1521;579;1678;2001;1116;305;390;1368;1412;1967;2513;481;1169;2314;524;2003;428;882",2639,22.3188432112747,-46.888324283631,46.888324283631,0.67750676672445,TRUE,TRUE,
"01_RSPitHUMM","table1_capital_mobile_disburse","treatment3",23,0.00871542250852596,"Increase",69.2071674949056,22.0916468307714,-47.1155206641342,47.1155206641342,0.68078961138819,TRUE,,TRUE,"2269;2464;1566;2072;1353;530;1494;1780;999;272;353;1212;1251;1748;2231;437;1048;2057;478;1782;388;802;630","2556;2764;1765;2330;1521;579;1678;2001;1116;305;390;1368;1412;1967;2513;481;1169;2314;524;2003;428;882;690",2639,22.0916468307714,-47.1155206641342,47.1155206641342,0.68078961138819,TRUE,TRUE,
"01_RSPitHUMM","table1_capital_mobile_disburse","treatment3",24,0.00909435392194013,"Increase",69.2071674949056,20.0565540730163,-49.1506134218893,49.1506134218893,0.710195420517786,TRUE,,TRUE,"2269;2464;1566;2072;1353;530;1494;1780;999;272;353;1212;1251;1748;2231;437;1048;2057;478;1782;388;802;630;2138","2556;2764;1765;2330;1521;579;1678;2001;1116;305;390;1368;1412;1967;2513;481;1169;2314;524;2003;428;882;690;2400",2639,20.0565540730163,-49.1506134218893,49.1506134218893,0.710195420517786,TRUE,TRUE,
"01_RSPitHUMM","table1_capital_mobile_disburse","treatment3",25,0.0094732853353543,"Increase",69.2071674949056,18.7631787352279,-50.4439887596777,50.4439887596777,0.728883879887021,TRUE,,TRUE,"2269;2464;1566;2072;1353;530;1494;1780;999;272;353;1212;1251;1748;2231;437;1048;2057;478;1782;388;802;630;2138;1712","2556;2764;1765;2330;1521;579;1678;2001;1116;305;390;1368;1412;1967;2513;481;1169;2314;524;2003;428;882;690;2400;1929",2639,18.7631787352279,-50.4439887596777,50.4439887596777,0.728883879887021,TRUE,TRUE,
"01_RSPitHUMM","table1_capital_mobile_disburse","treatment3",26,0.00985221674876847,"Increase",69.2071674949056,16.9008450310744,-52.3063224638312,52.3063224638312,0.755793429454855,TRUE,,TRUE,"2269;2464;1566;2072;1353;530;1494;1780;999;272;353;1212;1251;1748;2231;437;1048;2057;478;1782;388;802;630;2138;1712;684","2556;2764;1765;2330;1521;579;1678;2001;1116;305;390;1368;1412;1967;2513;481;1169;2314;524;2003;428;882;690;2400;1929;750",2639,16.9008450310744,-52.3063224638312,52.3063224638312,0.755793429454855,TRUE,TRUE,
"01_RSPitHUMM","table1_capital_mobile_disburse","treatment3",27,0.0102311481621826,"Increase",69.2071674949056,16.105902462265,-53.1012650326406,53.1012650326406,0.767279849107384,TRUE,,TRUE,"2269;2464;1566;2072;1353;530;1494;1780;999;272;353;1212;1251;1748;2231;437;1048;2057;478;1782;388;802;630;2138;1712;684;745","2556;2764;1765;2330;1521;579;1678;2001;1116;305;390;1368;1412;1967;2513;481;1169;2314;524;2003;428;882;690;2400;1929;750;817",2639,16.105902462265,-53.1012650326406,53.1012650326406,0.767279849107384,TRUE,TRUE,
"01_RSPitHUMM","table1_capital_mobile_disburse","treatment3",28,0.0106100795755968,"Increase",69.2071674949056,16.0735728832637,-53.1335946116419,53.1335946116419,0.767746991170432,TRUE,,TRUE,"2269;2464;1566;2072;1353;530;1494;1780;999;272;353;1212;1251;1748;2231;437;1048;2057;478;1782;388;802;630;2138;1712;684;745;1343","2556;2764;1765;2330;1521;579;1678;2001;1116;305;390;1368;1412;1967;2513;481;1169;2314;524;2003;428;882;690;2400;1929;750;817;1511",2639,16.0735728832637,-53.1335946116419,53.1335946116419,0.767746991170432,TRUE,TRUE,
"01_RSPitHUMM","table1_capital_mobile_disburse","treatment3",29,0.010989010989011,"Increase",69.2071674949056,14.8524387495084,-54.3547287453972,54.3547287453972,0.785391610621809,TRUE,,TRUE,"2269;2464;1566;2072;1353;530;1494;1780;999;272;353;1212;1251;1748;2231;437;1048;2057;478;1782;388;802;630;2138;1712;684;745;1343;289","2556;2764;1765;2330;1521;579;1678;2001;1116;305;390;1368;1412;1967;2513;481;1169;2314;524;2003;428;882;690;2400;1929;750;817;1511;323",2639,14.8524387495084,-54.3547287453972,54.3547287453972,0.785391610621809,TRUE,TRUE,
"01_RSPitHUMM","table1_capital_mobile_disburse","treatment3",30,0.0113679424024252,"Increase",69.2071674949056,13.6432262295188,-55.5639412653868,55.5639412653868,0.802863970259682,TRUE,,TRUE,"2269;2464;1566;2072;1353;530;1494;1780;999;272;353;1212;1251;1748;2231;437;1048;2057;478;1782;388;802;630;2138;1712;684;745;1343;289;1451","2556;2764;1765;2330;1521;579;1678;2001;1116;305;390;1368;1412;1967;2513;481;1169;2314;524;2003;428;882;690;2400;1929;750;817;1511;323;1631",2639,13.6432262295188,-55.5639412653868,55.5639412653868,0.802863970259682,TRUE,TRUE,
"01_RSPitHUMM","table1_capital_mobile_disburse","treatment3",31,0.0117468738158393,"Increase",69.2071674949056,11.8341292446823,-57.3730382502233,57.3730382502233,0.829004282749277,TRUE,,TRUE,"2269;2464;1566;2072;1353;530;1494;1780;999;272;353;1212;1251;1748;2231;437;1048;2057;478;1782;388;802;630;2138;1712;684;745;1343;289;1451;1222","2556;2764;1765;2330;1521;579;1678;2001;1116;305;390;1368;1412;1967;2513;481;1169;2314;524;2003;428;882;690;2400;1929;750;817;1511;323;1631;1378",2639,11.8341292446823,-57.3730382502233,57.3730382502233,0.829004282749277,TRUE,TRUE,
"01_RSPitHUMM","table1_capital_mobile_disburse","treatment3",32,0.0121258052292535,"Increase",69.2071674949056,10.2881326362802,-58.9190348586254,58.9190348586254,0.851342960437768,TRUE,,TRUE,"2269;2464;1566;2072;1353;530;1494;1780;999;272;353;1212;1251;1748;2231;437;1048;2057;478;1782;388;802;630;2138;1712;684;745;1343;289;1451;1222;1529","2556;2764;1765;2330;1521;579;1678;2001;1116;305;390;1368;1412;1967;2513;481;1169;2314;524;2003;428;882;690;2400;1929;750;817;1511;323;1631;1378;1718",2639,10.2881326362802,-58.9190348586254,58.9190348586254,0.851342960437768,TRUE,TRUE,
"01_RSPitHUMM","table1_capital_mobile_disburse","treatment3",33,0.0125047366426677,"Increase",69.2071674949056,9.2323760938257,-59.9747914010799,59.9747914010799,0.866597977810531,TRUE,,TRUE,"2269;2464;1566;2072;1353;530;1494;1780;999;272;353;1251;1212;1748;2231;437;1048;2057;478;1782;388;802;630;2138;1712;684;745;1343;289;1451;1222;1529;1987","2556;2764;1765;2330;1521;579;1678;2001;1116;305;390;1412;1368;1967;2513;481;1169;2314;524;2003;428;882;690;2400;1929;750;817;1511;323;1631;1378;1718;2241",2639,9.2323760938257,-59.9747914010799,59.9747914010799,0.866597977810531,TRUE,TRUE,
"01_RSPitHUMM","table1_capital_mobile_disburse","treatment3",34,0.0128836680560818,"Increase",69.2071674949056,8.18306505517306,-61.0241024397325,61.0241024397325,0.88175986171121,TRUE,,TRUE,"2269;2464;1566;2072;1353;530;1494;1780;999;272;353;1251;1212;1748;2231;437;1048;2057;478;1782;388;802;630;2138;1712;684;745;1343;289;1451;1222;1529;1987;1394","2556;2764;1765;2330;1521;579;1678;2001;1116;305;390;1412;1368;1967;2513;481;1169;2314;524;2003;428;882;690;2400;1929;750;817;1511;323;1631;1378;1718;2241;1568",2639,8.18306505517306,-61.0241024397325,61.0241024397325,0.88175986171121,TRUE,TRUE,
"01_RSPitHUMM","table1_capital_mobile_disburse","treatment3",35,0.013262599469496,"Increase",69.2071674949056,6.58168356348812,-62.6254839314175,62.6254839314175,0.904898816094841,TRUE,,TRUE,"2269;2464;1566;2072;1353;530;1494;1780;999;272;353;1251;1212;1748;2231;437;1048;2057;478;1782;388;802;630;2138;1712;684;745;1343;289;1451;1222;1529;1987;1394;431","2556;2764;1765;2330;1521;579;1678;2001;1116;305;390;1412;1368;1967;2513;481;1169;2314;524;2003;428;882;690;2400;1929;750;817;1511;323;1631;1378;1718;2241;1568;475",2639,6.58168356348812,-62.6254839314175,62.6254839314175,0.904898816094841,TRUE,TRUE,
"01_RSPitHUMM","table1_capital_mobile_disburse","treatment3",36,0.0136415308829102,"Increase",69.2071674949056,5.52875487543913,-63.6784126194665,63.6784126194665,0.920112972751759,TRUE,,TRUE,"2269;2464;1566;2072;1353;530;1494;1780;999;272;353;1251;1212;1748;2231;437;1048;2057;478;1782;388;802;630;2138;1712;684;745;1343;289;1451;1222;1529;1987;1394;431;1277","2556;2764;1765;2330;1521;579;1678;2001;1116;305;390;1412;1368;1967;2513;481;1169;2314;524;2003;428;882;690;2400;1929;750;817;1511;323;1631;1378;1718;2241;1568;475;1440",2639,5.52875487543913,-63.6784126194665,63.6784126194665,0.920112972751759,TRUE,TRUE,
"01_RSPitHUMM","table1_capital_mobile_disburse","treatment3",37,0.0140204622963244,"Increase",69.2071674949056,4.26741453473228,-64.9397529601733,64.9397529601733,0.938338546581228,TRUE,,TRUE,"2269;2464;1566;2072;1353;530;1494;1780;999;272;353;1251;1212;1748;2231;437;1048;2057;478;1782;388;802;630;2138;1712;684;745;1343;289;1451;1222;1529;1987;1394;431;1277;1843","2556;2764;1765;2330;1521;579;1678;2001;1116;305;390;1412;1368;1967;2513;481;1169;2314;524;2003;428;882;690;2400;1929;750;817;1511;323;1631;1378;1718;2241;1568;475;1440;2075",2639,4.26741453473228,-64.9397529601733,64.9397529601733,0.938338546581228,TRUE,TRUE,
"01_RSPitHUMM","table1_capital_mobile_disburse","treatment3",38,0.0143993937097385,"Increase",69.2071674949056,3.188590565208,-66.0185769296976,66.0185769296976,0.953926873752741,TRUE,,TRUE,"2269;2464;1566;2072;1353;530;1494;1780;999;272;353;1251;1212;1748;2231;437;1048;2057;478;1782;388;802;630;2138;1712;684;745;1343;289;1451;1222;1529;1987;1394;431;1277;1843;78","2556;2764;1765;2330;1521;579;1678;2001;1116;305;390;1412;1368;1967;2513;481;1169;2314;524;2003;428;882;690;2400;1929;750;817;1511;323;1631;1378;1718;2241;1568;475;1440;2075;88",2639,3.188590565208,-66.0185769296976,66.0185769296976,0.953926873752741,TRUE,TRUE,
"01_RSPitHUMM","table1_capital_mobile_disburse","treatment3",39,0.0147783251231527,"Increase",69.2071674949056,2.13558871145652,-67.0715787834491,67.0715787834491,0.969142087607996,TRUE,,TRUE,"2269;2464;1566;2072;1353;530;1494;1780;999;272;353;1251;1212;1748;2231;437;1048;2057;478;1782;388;802;630;2138;1712;684;745;1343;289;1451;1222;1529;1987;1394;431;1277;1843;78;2104","2556;2764;1765;2330;1521;579;1678;2001;1116;305;390;1412;1368;1967;2513;481;1169;2314;524;2003;428;882;690;2400;1929;750;817;1511;323;1631;1378;1718;2241;1568;475;1440;2075;88;2364",2639,2.13558871145652,-67.0715787834491,67.0715787834491,0.969142087607996,TRUE,TRUE,
"01_RSPitHUMM","table1_capital_mobile_disburse","treatment3",40,0.0151572565365669,"Increase",69.2071674949056,1.11846031562468,-68.0887071792809,68.0887071792809,0.98383895258093,TRUE,,TRUE,"2269;2464;1566;2072;1353;530;1494;1780;999;272;353;1251;1212;1748;2231;437;1048;2057;478;1782;388;802;630;2138;1712;684;745;1343;289;1451;1222;1529;1987;1394;431;1277;1843;78;2104;1062","2556;2764;1765;2330;1521;579;1678;2001;1116;305;390;1412;1368;1967;2513;481;1169;2314;524;2003;428;882;690;2400;1929;750;817;1511;323;1631;1378;1718;2241;1568;475;1440;2075;88;2364;1189",2639,1.11846031562468,-68.0887071792809,68.0887071792809,0.98383895258093,TRUE,TRUE,
"01_RSPitHUMM","table1_capital_mobile_disburse","treatment3",41,0.0155361879499811,"Increase",69.2071674949056,-0.380052098042164,-69.5872195929478,69.5872195929478,1.00549151354981,TRUE,,TRUE,"2269;2464;1566;2072;1353;530;1494;1780;999;272;353;1251;1212;1748;2231;437;1048;2057;478;1782;388;802;630;2138;1712;684;745;1343;289;1451;1222;1529;1987;1394;431;1277;1843;78;2104;1062;1331","2556;2764;1765;2330;1521;579;1678;2001;1116;305;390;1412;1368;1967;2513;481;1169;2314;524;2003;428;882;690;2400;1929;750;817;1511;323;1631;1378;1718;2241;1568;475;1440;2075;88;2364;1189;1497",2639,-0.380052098042164,-69.5872195929478,69.5872195929478,1.00549151354981,TRUE,TRUE,
"01_RSPitHUMM","table1_capital_mobile_disburse","treatment3",42,0.0159151193633952,"Increase",69.2071674949056,-1.82891038301823,-71.0360778779238,71.0360778779238,1.02642660361953,TRUE,,TRUE,"2269;2464;1566;2072;1353;530;1494;1780;999;272;353;1251;1212;1748;2231;437;1048;2057;478;1782;388;802;630;2138;1712;684;745;1343;289;1451;1222;1529;1987;1394;431;1277;1843;78;2104;1062;1331;1680","2556;2764;1765;2330;1521;579;1678;2001;1116;305;390;1412;1368;1967;2513;481;1169;2314;524;2003;428;882;690;2400;1929;750;817;1511;323;1631;1378;1718;2241;1568;475;1440;2075;88;2364;1189;1497;1894",2639,-1.82891038301823,-71.0360778779238,71.0360778779238,1.02642660361953,TRUE,TRUE,
"01_RSPitHUMM","table1_capital_mobile_disburse","treatment3",43,0.0162940507768094,"Increase",69.2071674949056,-2.85504227694383,-72.0622097718494,72.0622097718494,1.04125356347164,TRUE,,TRUE,"2269;2464;1566;2072;1353;530;1494;1780;999;272;353;1251;1212;1748;2231;437;1048;2057;478;1782;388;802;630;2138;1712;684;745;1343;289;1451;1222;1529;1987;1394;431;1277;1843;78;2104;1062;1331;1680;2624","2556;2764;1765;2330;1521;579;1678;2001;1116;305;390;1412;1368;1967;2513;481;1169;2314;524;2003;428;882;690;2400;1929;750;817;1511;323;1631;1378;1718;2241;1568;475;1440;2075;88;2364;1189;1497;1894;2944",2639,-2.85504227694383,-72.0622097718494,72.0622097718494,1.04125356347164,TRUE,TRUE,
"01_RSPitHUMM","table1_capital_mobile_disburse","treatment3",44,0.0166729821902236,"Increase",69.2071674949056,-3.90171901169119,-73.1088865065968,73.1088865065968,1.05637738333935,TRUE,,TRUE,"2269;2464;1566;2072;1353;530;1494;1780;999;272;353;1251;1212;1748;2231;437;1048;2057;478;1782;388;802;630;2138;1712;684;745;1343;289;1451;1222;1529;1987;1394;431;1277;1843;78;2104;1062;1331;1680;2624;2160","2556;2764;1765;2330;1521;579;1678;2001;1116;305;390;1412;1368;1967;2513;481;1169;2314;524;2003;428;882;690;2400;1929;750;817;1511;323;1631;1378;1718;2241;1568;475;1440;2075;88;2364;1189;1497;1894;2944;2430",2639,-3.90171901169119,-73.1088865065968,73.1088865065968,1.05637738333935,TRUE,TRUE,
"01_RSPitHUMM","table1_capital_mobile_disburse","treatment3",45,0.0170519136036377,"Increase",69.2071674949056,-4.88500386547634,-74.092171360382,74.092171360382,1.07058523043637,TRUE,,TRUE,"2269;2464;1566;2072;1353;530;1494;1780;999;272;353;1251;1212;1748;2231;437;1048;2057;478;1782;388;802;630;2138;1712;684;745;1343;289;1451;1222;1529;1987;431;1394;1277;1843;78;2104;1062;1331;1680;2624;2160;1792","2556;2764;1765;2330;1521;579;1678;2001;1116;305;390;1412;1368;1967;2513;481;1169;2314;524;2003;428;882;690;2400;1929;750;817;1511;323;1631;1378;1718;2241;475;1568;1440;2075;88;2364;1189;1497;1894;2944;2430;2016",2639,-4.88500386547634,-74.092171360382,74.092171360382,1.07058523043637,TRUE,TRUE,
"01_RSPitHUMM","table1_capital_mobile_disburse","treatment3",46,0.0174308450170519,"Increase",69.2071674949056,-5.91412967679292,-75.1212971716985,75.1212971716985,1.08545545050992,TRUE,,TRUE,"2269;2464;1566;2072;1353;530;1494;1780;999;272;353;1251;1212;1748;2231;437;1048;2057;478;1782;388;802;630;2138;1712;684;745;1343;289;1451;1222;1529;1987;431;1394;1277;1843;78;2104;1062;1331;1680;2624;2160;1792;625","2556;2764;1765;2330;1521;579;1678;2001;1116;305;390;1412;1368;1967;2513;481;1169;2314;524;2003;428;882;690;2400;1929;750;817;1511;323;1631;1378;1718;2241;475;1568;1440;2075;88;2364;1189;1497;1894;2944;2430;2016;684",2639,-5.91412967679292,-75.1212971716985,75.1212971716985,1.08545545050992,TRUE,TRUE,
"01_RSPitHUMM","table1_capital_mobile_disburse","treatment3",47,0.0178097764304661,"Increase",69.2071674949056,-7.43142354793042,-76.638591042836,76.638591042836,1.10737939171513,TRUE,,TRUE,"2269;2464;1566;2072;1353;530;1494;1780;999;272;353;1251;1212;1748;2231;437;1048;2057;478;1782;388;802;630;2138;1712;684;745;1343;289;1451;1222;1529;1987;431;1394;1277;1843;78;2104;1062;1331;1680;2624;2160;1792;625;711","2556;2764;1765;2330;1521;579;1678;2001;1116;305;390;1412;1368;1967;2513;481;1169;2314;524;2003;428;882;690;2400;1929;750;817;1511;323;1631;1378;1718;2241;475;1568;1440;2075;88;2364;1189;1497;1894;2944;2430;2016;684;780",2639,-7.43142354793042,-76.638591042836,76.638591042836,1.10737939171513,TRUE,TRUE,
"01_RSPitHUMM","table1_capital_mobile_disburse","treatment3",48,0.0181887078438803,"Increase",69.2071674949056,-8.45962144867237,-77.666788943578,77.666788943578,1.12223620406506,TRUE,,TRUE,"2269;2464;1566;2072;1353;530;1494;1780;999;272;353;1251;1212;1748;2231;437;1048;2057;478;1782;388;802;630;2138;1712;684;745;1343;289;1451;1222;1529;1987;431;1394;1277;1843;78;2104;1062;1331;1680;2624;2160;1792;625;711;1590","2556;2764;1765;2330;1521;579;1678;2001;1116;305;390;1412;1368;1967;2513;481;1169;2314;524;2003;428;882;690;2400;1929;750;817;1511;323;1631;1378;1718;2241;475;1568;1440;2075;88;2364;1189;1497;1894;2944;2430;2016;684;780;1791",2639,-8.45962144867237,-77.666788943578,77.666788943578,1.12223620406506,TRUE,TRUE,
"01_RSPitHUMM","table1_capital_mobile_disburse","treatment3",49,0.0185676392572944,"Increase",69.2071674949056,-9.37259464782738,-78.579762142733,78.579762142733,1.13542809201832,TRUE,,TRUE,"2269;2464;1566;2072;1353;530;1494;1780;999;272;353;1251;1212;1748;2231;437;1048;2057;478;1782;388;802;630;2138;1712;684;745;1343;289;1451;1222;1529;1987;431;1394;1277;1843;78;2104;1062;1331;1680;2624;2160;1792;625;711;1590;1282","2556;2764;1765;2330;1521;579;1678;2001;1116;305;390;1412;1368;1967;2513;481;1169;2314;524;2003;428;882;690;2400;1929;750;817;1511;323;1631;1378;1718;2241;475;1568;1440;2075;88;2364;1189;1497;1894;2944;2430;2016;684;780;1791;1445",2639,-9.37259464782738,-78.579762142733,78.579762142733,1.13542809201832,TRUE,TRUE,
"01_RSPitHUMM","table1_capital_mobile_disburse","treatment3",50,0.0189465706707086,"Increase",69.2071674949056,-10.7437954790206,-79.9509629739262,79.9509629739262,1.15524108077117,TRUE,,TRUE,"2269;2464;1566;2072;1353;530;1494;1780;999;272;353;1251;1212;1748;2231;437;1048;2057;478;1782;388;802;630;2138;1712;684;745;1343;289;1451;1222;1529;1987;431;1394;1277;1843;78;2104;1062;1331;1680;2624;2160;1792;625;711;1590;1282;24","2556;2764;1765;2330;1521;579;1678;2001;1116;305;390;1412;1368;1967;2513;481;1169;2314;524;2003;428;882;690;2400;1929;750;817;1511;323;1631;1378;1718;2241;475;1568;1440;2075;88;2364;1189;1497;1894;2944;2430;2016;684;780;1791;1445;26",2639,-10.7437954790206,-79.9509629739262,79.9509629739262,1.15524108077117,TRUE,TRUE,
"01_RSPitHUMM","table1_capital_mobile_disburse","treatment3",51,0.0193255020841228,"Increase",69.2071674949056,-11.7305925804609,-80.9377600753665,80.9377600753665,1.16949967763562,TRUE,,TRUE,"2269;2464;1566;2072;1353;530;1494;1780;999;272;353;1251;1212;1748;2231;437;1048;2057;478;1782;388;802;630;2138;1712;684;745;1343;289;1451;1222;1529;1987;431;1394;1277;1843;78;2104;1062;1331;1680;2624;2160;1792;625;711;1590;1282;24;1930","2556;2764;1765;2330;1521;579;1678;2001;1116;305;390;1412;1368;1967;2513;481;1169;2314;524;2003;428;882;690;2400;1929;750;817;1511;323;1631;1378;1718;2241;475;1568;1440;2075;88;2364;1189;1497;1894;2944;2430;2016;684;780;1791;1445;26;2178",2639,-11.7305925804609,-80.9377600753665,80.9377600753665,1.16949967763562,TRUE,TRUE,
"01_RSPitHUMM","table1_capital_mobile_disburse","treatment3",52,0.0197044334975369,"Increase",69.2071674949056,-13.1475109499926,-82.3546784448982,82.3546784448982,1.18997325603537,TRUE,,TRUE,"2269;2464;1566;2072;1353;530;1494;1780;999;272;353;1251;1212;1748;2231;437;1048;2057;478;1782;388;802;630;2138;1712;684;745;1343;289;1451;1222;1529;1987;431;1394;1277;1843;78;2104;1062;1331;1680;2624;2160;1792;625;711;1590;1282;24;1930;2598","2556;2764;1765;2330;1521;579;1678;2001;1116;305;390;1412;1368;1967;2513;481;1169;2314;524;2003;428;882;690;2400;1929;750;817;1511;323;1631;1378;1718;2241;475;1568;1440;2075;88;2364;1189;1497;1894;2944;2430;2016;684;780;1791;1445;26;2178;2915",2639,-13.1475109499926,-82.3546784448982,82.3546784448982,1.18997325603537,TRUE,TRUE,
"01_RSPitHUMM","table1_capital_mobile_disburse","treatment3",53,0.0200833649109511,"Increase",69.2071674949056,-14.1122892053111,-83.3194567002167,83.3194567002167,1.20391369443562,TRUE,,TRUE,"2269;2464;1566;2072;1353;530;1494;1780;999;272;353;1251;1212;1748;2231;437;1048;2057;478;1782;388;802;630;2138;1712;684;745;1343;289;1451;1222;1529;1987;431;1394;1277;1843;78;2104;1062;1331;1680;2624;2160;1792;625;711;1590;1282;24;1930;2598;2513","2556;2764;1765;2330;1521;579;1678;2001;1116;305;390;1412;1368;1967;2513;481;1169;2314;524;2003;428;882;690;2400;1929;750;817;1511;323;1631;1378;1718;2241;475;1568;1440;2075;88;2364;1189;1497;1894;2944;2430;2016;684;780;1791;1445;26;2178;2915;2820",2639,-14.1122892053111,-83.3194567002167,83.3194567002167,1.20391369443562,TRUE,TRUE,
"01_RSPitHUMM","table1_capital_mobile_disburse","treatment3",54,0.0204622963243653,"Increase",69.2071674949056,-15.5571578257265,-84.7643253206321,84.7643253206321,1.22479113636419,TRUE,,TRUE,"2269;2464;1566;2072;1353;530;1494;1780;999;272;353;1251;1212;1748;2231;437;1048;2057;478;1782;388;802;630;2138;1712;684;745;1343;289;1451;1222;1529;1987;431;1394;1277;1843;78;2104;1062;1331;1680;2624;2160;1792;625;711;1590;1282;24;1930;2598;2513;230","2556;2764;1765;2330;1521;579;1678;2001;1116;305;390;1412;1368;1967;2513;481;1169;2314;524;2003;428;882;690;2400;1929;750;817;1511;323;1631;1378;1718;2241;475;1568;1440;2075;88;2364;1189;1497;1894;2944;2430;2016;684;780;1791;1445;26;2178;2915;2820;259",2639,-15.5571578257265,-84.7643253206321,84.7643253206321,1.22479113636419,TRUE,TRUE,
"01_RSPitHUMM","table1_capital_mobile_disburse","treatment3",55,0.0208412277377795,"Increase",69.2071674949056,-16.5398128268334,-85.746980321739,85.746980321739,1.23898988248654,TRUE,,TRUE,"2269;2464;1566;2072;1353;530;1494;1780;999;272;353;1251;1212;1748;2231;437;1048;2057;478;1782;388;802;630;2138;1712;684;745;1343;289;1451;1222;1529;1987;431;1394;1277;1843;78;2104;1062;1331;1680;2624;2160;1792;625;711;1590;1282;24;1930;2598;2513;230;2617","2556;2764;1765;2330;1521;579;1678;2001;1116;305;390;1412;1368;1967;2513;481;1169;2314;524;2003;428;882;690;2400;1929;750;817;1511;323;1631;1378;1718;2241;475;1568;1440;2075;88;2364;1189;1497;1894;2944;2430;2016;684;780;1791;1445;26;2178;2915;2820;259;2936",2639,-16.5398128268334,-85.746980321739,85.746980321739,1.23898988248654,TRUE,TRUE,
"01_RSPitHUMM","table1_capital_mobile_disburse","treatment3",56,0.0212201591511936,"Increase",69.2071674949056,-17.4627384848028,-86.6699059797084,86.6699059797084,1.25232557720395,TRUE,,TRUE,"2269;2464;1566;2072;1353;530;1494;1780;999;272;353;1251;1212;1748;2231;437;1048;2057;478;1782;388;802;630;2138;1712;684;745;1343;289;1451;1222;1529;1987;431;1394;1277;1843;78;2104;1062;1331;1680;2624;2160;1792;625;711;1590;1282;24;1930;2598;2513;230;2617;779","2556;2764;1765;2330;1521;579;1678;2001;1116;305;390;1412;1368;1967;2513;481;1169;2314;524;2003;428;882;690;2400;1929;750;817;1511;323;1631;1378;1718;2241;475;1568;1440;2075;88;2364;1189;1497;1894;2944;2430;2016;684;780;1791;1445;26;2178;2915;2820;259;2936;856",2639,-17.4627384848028,-86.6699059797084,86.6699059797084,1.25232557720395,TRUE,TRUE,
"01_RSPitHUMM","table1_capital_mobile_disburse","treatment3",57,0.0215990905646078,"Increase",69.2071674949056,-18.5899166297816,-87.7970841246872,87.7970841246872,1.26861259176876,TRUE,,TRUE,"2269;2464;1566;2072;1353;530;1494;1780;999;272;353;1251;1212;1748;2231;437;1048;2057;478;1782;388;802;630;2138;1712;684;745;1343;289;1451;1222;1529;1987;431;1394;1277;1843;78;2104;1062;1331;1680;2624;2160;1792;625;711;1590;1282;24;1930;2598;2513;230;2617;779;879","2556;2764;1765;2330;1521;579;1678;2001;1116;305;390;1412;1368;1967;2513;481;1169;2314;524;2003;428;882;690;2400;1929;750;817;1511;323;1631;1378;1718;2241;475;1568;1440;2075;88;2364;1189;1497;1894;2944;2430;2016;684;780;1791;1445;26;2178;2915;2820;259;2936;856;975",2639,-18.5899166297816,-87.7970841246872,87.7970841246872,1.26861259176876,TRUE,TRUE,
"01_RSPitHUMM","table1_capital_mobile_disburse","treatment3",58,0.021978021978022,"Increase",69.2071674949056,-20.0004105448707,-89.2075780397763,89.2075780397763,1.28899334084642,TRUE,,TRUE,"2269;2464;1566;2072;1353;530;1494;1780;999;272;353;1251;1212;1748;2231;437;1048;2057;478;1782;388;802;630;2138;1712;684;745;1343;289;1451;1222;1529;1987;431;1394;1277;1843;78;2104;1062;1331;1680;2624;2160;1792;625;711;1590;1282;24;1930;2598;2513;230;2617;779;879;462","2556;2764;1765;2330;1521;579;1678;2001;1116;305;390;1412;1368;1967;2513;481;1169;2314;524;2003;428;882;690;2400;1929;750;817;1511;323;1631;1378;1718;2241;475;1568;1440;2075;88;2364;1189;1497;1894;2944;2430;2016;684;780;1791;1445;26;2178;2915;2820;259;2936;856;975;507",2639,-20.0004105448707,-89.2075780397763,89.2075780397763,1.28899334084642,TRUE,TRUE,
"01_RSPitHUMM","table1_capital_mobile_disburse","treatment3",59,0.0223569533914361,"Increase",69.2071674949056,-20.9812266932381,-90.1883941881437,90.1883941881437,1.30316551670436,TRUE,,TRUE,"2269;2464;1566;2072;1353;530;1494;1780;999;272;353;1251;1212;1748;2231;437;1048;2057;478;1782;388;802;630;2138;1712;684;745;1343;289;1451;1222;1529;1987;431;1394;1277;1843;78;2104;1062;1331;1680;2624;2160;1792;625;711;1590;1282;24;1930;2513;2598;230;2617;779;879;462;1860","2556;2764;1765;2330;1521;579;1678;2001;1116;305;390;1412;1368;1967;2513;481;1169;2314;524;2003;428;882;690;2400;1929;750;817;1511;323;1631;1378;1718;2241;475;1568;1440;2075;88;2364;1189;1497;1894;2944;2430;2016;684;780;1791;1445;26;2178;2820;2915;259;2936;856;975;507;2094",2639,-20.9812266932381,-90.1883941881437,90.1883941881437,1.30316551670436,TRUE,TRUE,
"01_RSPitHUMM","table1_capital_mobile_disburse","treatment3",60,0.0227358848048503,"Increase",69.2071674949056,-21.9417773783094,-91.148944873215,91.148944873215,1.31704486937606,TRUE,,TRUE,"2269;2464;1566;2072;1353;530;1494;1780;999;272;353;1251;1212;1748;2231;437;1048;2057;478;1782;388;802;630;2138;1712;684;745;1343;289;1451;1222;1529;1987;431;1394;1277;1843;78;2104;1062;1331;1680;2624;2160;1792;625;711;1590;1282;24;1930;2513;2598;230;2617;779;879;462;1860;2058","2556;2764;1765;2330;1521;579;1678;2001;1116;305;390;1412;1368;1967;2513;481;1169;2314;524;2003;428;882;690;2400;1929;750;817;1511;323;1631;1378;1718;2241;475;1568;1440;2075;88;2364;1189;1497;1894;2944;2430;2016;684;780;1791;1445;26;2178;2820;2915;259;2936;856;975;507;2094;2315",2639,-21.9417773783094,-91.148944873215,91.148944873215,1.31704486937606,TRUE,TRUE,
"01_RSPitHUMM","table1_capital_mobile_disburse","treatment3",61,0.0231148162182645,"Increase",69.2071674949056,-22.3336483454601,-91.5408158403657,91.5408158403657,1.32270715814376,TRUE,,TRUE,"2269;2464;1566;2072;1353;530;1494;1780;999;272;353;1251;1212;1748;2231;437;1048;2057;478;1782;388;802;630;2138;1712;684;745;1343;289;1451;1222;1529;1987;431;1394;1277;1843;78;2104;1062;1331;1680;2624;2160;1792;625;711;1590;1282;24;1930;2513;2598;230;2617;779;879;462;1860;2058;1315","2556;2764;1765;2330;1521;579;1678;2001;1116;305;390;1412;1368;1967;2513;481;1169;2314;524;2003;428;882;690;2400;1929;750;817;1511;323;1631;1378;1718;2241;475;1568;1440;2075;88;2364;1189;1497;1894;2944;2430;2016;684;780;1791;1445;26;2178;2820;2915;259;2936;856;975;507;2094;2315;1481",2639,-22.3336483454601,-91.5408158403657,91.5408158403657,1.32270715814376,TRUE,TRUE,
"01_RSPitHUMM","table1_capital_mobile_disburse","treatment3",62,0.0234937476316787,"Increase",69.2071674949056,-23.269912479359,-92.4770799742646,92.4770799742646,1.33623558544094,TRUE,,TRUE,"2269;2464;1566;2072;1353;530;1494;1780;999;272;353;1251;1212;1748;2231;437;1048;2057;478;1782;388;802;630;2138;684;1712;745;1343;289;1451;1222;1529;1987;431;1394;1277;1843;78;2104;1062;1331;1680;2160;2624;1792;625;711;1590;1282;24;1930;2513;2598;230;2617;779;879;462;1860;2058;1315;1943","2556;2764;1765;2330;1521;579;1678;2001;1116;305;390;1412;1368;1967;2513;481;1169;2314;524;2003;428;882;690;2400;750;1929;817;1511;323;1631;1378;1718;2241;475;1568;1440;2075;88;2364;1189;1497;1894;2430;2944;2016;684;780;1791;1445;26;2178;2820;2915;259;2936;856;975;507;2094;2315;1481;2191",2639,-23.269912479359,-92.4770799742646,92.4770799742646,1.33623558544094,TRUE,TRUE,
"01_RSPitHUMM","table1_capital_mobile_disburse","treatment3",63,0.0238726790450928,"Increase",69.2071674949056,-24.5350786971976,-93.7422461921032,93.7422461921032,1.35451644078633,TRUE,,TRUE,"2269;2464;1566;2072;1353;530;1494;1780;999;272;353;1251;1212;1748;2231;437;1048;2057;478;1782;388;802;630;2138;745;684;1712;1343;289;1451;1222;1529;1987;431;1394;1277;1843;78;2104;1062;1331;1680;2160;2624;1792;625;711;1590;1282;24;1930;2513;2598;230;2617;779;879;462;1860;2058;1315;1943;1417","2556;2764;1765;2330;1521;579;1678;2001;1116;305;390;1412;1368;1967;2513;481;1169;2314;524;2003;428;882;690;2400;817;750;1929;1511;323;1631;1378;1718;2241;475;1568;1440;2075;88;2364;1189;1497;1894;2430;2944;2016;684;780;1791;1445;26;2178;2820;2915;259;2936;856;975;507;2094;2315;1481;2191;1592",2639,-24.5350786971976,-93.7422461921032,93.7422461921032,1.35451644078633,TRUE,TRUE,
"01_RSPitHUMM","table1_capital_mobile_disburse","treatment3",64,0.024251610458507,"Increase",69.2071674949056,-25.4887046542737,-94.6958721491793,94.6958721491793,1.36829573549806,TRUE,,TRUE,"2269;2464;1566;2072;1353;530;1494;1780;999;272;353;1251;1212;1748;2231;437;1048;2057;478;1782;388;802;630;2138;745;684;1712;1343;289;1451;1222;1529;1987;431;1394;1277;1843;78;2104;1062;1331;1680;2160;2624;1792;625;711;1590;1282;24;1930;2513;2598;230;2617;779;879;462;1860;2058;1315;1943;1417;417","2556;2764;1765;2330;1521;579;1678;2001;1116;305;390;1412;1368;1967;2513;481;1169;2314;524;2003;428;882;690;2400;817;750;1929;1511;323;1631;1378;1718;2241;475;1568;1440;2075;88;2364;1189;1497;1894;2430;2944;2016;684;780;1791;1445;26;2178;2820;2915;259;2936;856;975;507;2094;2315;1481;2191;1592;460",2639,-25.4887046542737,-94.6958721491793,94.6958721491793,1.36829573549806,TRUE,TRUE,
"01_RSPitHUMM","table1_capital_mobile_disburse","treatment3",65,0.0246305418719212,"Increase",69.2071674949056,-26.3868051733962,-95.5939726683018,95.5939726683018,1.38127272258814,TRUE,,TRUE,"2269;2464;1566;2072;1353;530;1494;1780;999;272;353;1251;1212;1748;2231;437;1048;2057;478;1782;388;802;630;2138;745;684;1712;1343;289;1451;1222;1529;1987;431;1394;1277;1843;78;2104;1062;1331;1680;2160;2624;1792;625;711;1590;1282;24;1930;2513;2598;230;2617;779;879;462;1860;2058;1315;1943;1417;417;374","2556;2764;1765;2330;1521;579;1678;2001;1116;305;390;1412;1368;1967;2513;481;1169;2314;524;2003;428;882;690;2400;817;750;1929;1511;323;1631;1378;1718;2241;475;1568;1440;2075;88;2364;1189;1497;1894;2430;2944;2016;684;780;1791;1445;26;2178;2820;2915;259;2936;856;975;507;2094;2315;1481;2191;1592;460;414",2639,-26.3868051733962,-95.5939726683018,95.5939726683018,1.38127272258814,TRUE,TRUE,
"01_RSPitHUMM","table1_capital_mobile_disburse","treatment3",66,0.0250094732853354,"Increase",69.2071674949056,-26.6786152985709,-95.8857827934766,95.8857827934766,1.38548919518393,TRUE,,TRUE,"2269;2464;1566;2072;1353;530;1494;1780;999;272;353;1251;1212;1748;2231;437;1048;2057;478;1782;388;802;630;2138;745;684;1712;1343;289;1451;1222;1529;1987;431;1394;1277;1843;78;2104;1062;1331;1680;2160;2624;1792;625;711;1590;1282;24;1930;2513;2598;230;2617;779;879;462;1860;2058;1315;1943;1417;417;374;1216","2556;2764;1765;2330;1521;579;1678;2001;1116;305;390;1412;1368;1967;2513;481;1169;2314;524;2003;428;882;690;2400;817;750;1929;1511;323;1631;1378;1718;2241;475;1568;1440;2075;88;2364;1189;1497;1894;2430;2944;2016;684;780;1791;1445;26;2178;2820;2915;259;2936;856;975;507;2094;2315;1481;2191;1592;460;414;1372",2639,-26.6786152985709,-95.8857827934766,95.8857827934766,1.38548919518393,TRUE,TRUE,
"01_RSPitHUMM","table1_capital_mobile_disburse","treatment3",67,0.0253884046987495,"Increase",69.2071674949056,-27.5866085268926,-96.7937760217982,96.7937760217982,1.39860912569386,TRUE,,TRUE,"2269;2464;1566;2072;1353;530;1494;1780;999;272;353;1251;1212;1748;2231;437;1048;2057;478;1782;388;802;630;2138;745;684;1712;1343;289;1451;1222;1529;1987;431;1394;1277;1843;78;2104;1062;1331;1680;2160;2624;1792;625;711;1590;1282;24;1930;2513;2598;230;2617;779;879;462;1860;2058;1315;1943;1417;417;374;1216;1937","2556;2764;1765;2330;1521;579;1678;2001;1116;305;390;1412;1368;1967;2513;481;1169;2314;524;2003;428;882;690;2400;817;750;1929;1511;323;1631;1378;1718;2241;475;1568;1440;2075;88;2364;1189;1497;1894;2430;2944;2016;684;780;1791;1445;26;2178;2820;2915;259;2936;856;975;507;2094;2315;1481;2191;1592;460;414;1372;2185",2639,-27.5866085268926,-96.7937760217982,96.7937760217982,1.39860912569386,TRUE,TRUE,
"01_RSPitHUMM","table1_capital_mobile_disburse","treatment3",68,0.0257673361121637,"Increase",69.2071674949056,-28.4672745559028,-97.6744420508084,97.6744420508084,1.41133419537793,TRUE,,TRUE,"2269;2464;1566;2072;1353;530;1494;1780;999;272;353;1251;1212;1748;2231;437;1048;2057;478;1782;388;802;630;2138;745;684;1712;1343;289;1451;1222;1529;1987;431;1394;1277;1843;78;2104;1062;1331;1680;2160;2624;1792;625;711;1590;1282;24;1930;2513;2598;230;2617;779;879;462;1860;2058;1315;1943;1417;417;374;1216;1937;1490","2556;2764;1765;2330;1521;579;1678;2001;1116;305;390;1412;1368;1967;2513;481;1169;2314;524;2003;428;882;690;2400;817;750;1929;1511;323;1631;1378;1718;2241;475;1568;1440;2075;88;2364;1189;1497;1894;2430;2944;2016;684;780;1791;1445;26;2178;2820;2915;259;2936;856;975;507;2094;2315;1481;2191;1592;460;414;1372;2185;1673",2639,-28.4672745559028,-97.6744420508084,97.6744420508084,1.41133419537793,TRUE,TRUE,
"01_RSPitHUMM","table1_capital_mobile_disburse","treatment3",69,0.0261462675255779,"Increase",69.2071674949056,-29.3675950363996,-98.5747625313053,98.5747625313053,1.42434325951227,TRUE,,TRUE,"2269;2464;1566;2072;1353;530;1494;1780;999;272;353;1251;1212;1748;2231;437;1048;2057;478;1782;388;802;630;2138;745;684;1712;1343;289;1451;1222;1529;1987;431;1394;1277;1843;78;2104;1062;1331;1680;2160;2624;1792;625;711;1590;1282;24;1930;2513;2598;230;2617;779;879;462;1860;2058;1315;1943;1417;417;374;1216;1937;1490;194","2556;2764;1765;2330;1521;579;1678;2001;1116;305;390;1412;1368;1967;2513;481;1169;2314;524;2003;428;882;690;2400;817;750;1929;1511;323;1631;1378;1718;2241;475;1568;1440;2075;88;2364;1189;1497;1894;2430;2944;2016;684;780;1791;1445;26;2178;2820;2915;259;2936;856;975;507;2094;2315;1481;2191;1592;460;414;1372;2185;1673;217",2639,-29.3675950363996,-98.5747625313053,98.5747625313053,1.42434325951227,TRUE,TRUE,
"01_RSPitHUMM","table1_capital_mobile_disburse","treatment3",70,0.026525198938992,"Increase",69.2071674949056,-30.6855685095484,-99.892736004454,99.892736004454,1.44338714645137,TRUE,,TRUE,"2269;2464;1566;2072;1353;530;1494;1780;999;272;353;1251;1212;1748;2231;437;1048;2057;478;1782;388;802;630;2138;745;684;1712;1343;289;1451;1222;1529;1987;431;1394;1277;1843;78;2104;1062;1331;1680;2160;1792;2624;625;711;1590;1282;24;1930;2513;2598;230;2617;779;879;462;1860;2058;1315;1417;1943;417;374;1216;1937;1490;194;1974","2556;2764;1765;2330;1521;579;1678;2001;1116;305;390;1412;1368;1967;2513;481;1169;2314;524;2003;428;882;690;2400;817;750;1929;1511;323;1631;1378;1718;2241;475;1568;1440;2075;88;2364;1189;1497;1894;2430;2016;2944;684;780;1791;1445;26;2178;2820;2915;259;2936;856;975;507;2094;2315;1481;1592;2191;460;414;1372;2185;1673;217;2226",2639,-30.6855685095484,-99.892736004454,99.892736004454,1.44338714645137,TRUE,TRUE,
"01_RSPitHUMM","table1_capital_mobile_disburse","treatment3",71,0.0269041303524062,"Increase",69.2071674949056,-31.5203523434973,-100.727519838403,100.727519838403,1.45544924730256,TRUE,,TRUE,"2269;2464;1566;2072;1353;530;1494;1780;999;272;353;1251;1212;1748;2231;437;1048;2057;478;1782;388;802;630;2138;745;684;1712;1343;289;1451;1222;1529;1987;431;1394;1277;1843;78;2104;1062;1331;1680;2160;1792;2624;625;711;1590;1282;24;1930;2513;2598;230;2617;779;879;462;1860;2058;1315;1417;1943;374;417;1216;1937;1490;194;1974;258","2556;2764;1765;2330;1521;579;1678;2001;1116;305;390;1412;1368;1967;2513;481;1169;2314;524;2003;428;882;690;2400;817;750;1929;1511;323;1631;1378;1718;2241;475;1568;1440;2075;88;2364;1189;1497;1894;2430;2016;2944;684;780;1791;1445;26;2178;2820;2915;259;2936;856;975;507;2094;2315;1481;1592;2191;414;460;1372;2185;1673;217;2226;290",2639,-31.5203523434973,-100.727519838403,100.727519838403,1.45544924730256,TRUE,TRUE,
"01_RSPitHUMM","table1_capital_mobile_disburse","treatment3",72,0.0272830617658204,"Increase",69.2071674949056,-32.4297247259087,-101.636892220814,101.636892220814,1.46858910572082,TRUE,,TRUE,"2269;2464;1566;2072;1353;530;1494;1780;999;272;353;1251;1212;1748;2231;437;1048;2057;478;1782;388;802;630;2138;745;684;1712;1343;289;1451;1222;1529;1987;431;1394;1277;1843;78;2104;1062;1331;1680;2160;1792;2624;625;711;1590;1282;24;1930;2513;2598;230;2617;779;879;462;1860;2058;1315;1417;1943;374;417;1216;1937;1490;194;1974;258;785","2556;2764;1765;2330;1521;579;1678;2001;1116;305;390;1412;1368;1967;2513;481;1169;2314;524;2003;428;882;690;2400;817;750;1929;1511;323;1631;1378;1718;2241;475;1568;1440;2075;88;2364;1189;1497;1894;2430;2016;2944;684;780;1791;1445;26;2178;2820;2915;259;2936;856;975;507;2094;2315;1481;1592;2191;414;460;1372;2185;1673;217;2226;290;862",2639,-32.4297247259087,-101.636892220814,101.636892220814,1.46858910572082,TRUE,TRUE,
"01_RSPitHUMM","table1_capital_mobile_disburse","treatment3",73,0.0276619931792346,"Increase",69.2071674949056,-34.2007150447726,-103.407882539678,103.407882539678,1.49417880087767,TRUE,,TRUE,"2269;2464;1566;2072;1353;530;1494;1780;999;272;353;1251;1212;1748;2231;437;1048;2057;478;1782;388;802;630;2138;745;684;1712;1343;289;1451;1222;1529;1987;431;1394;1277;1843;78;2104;1062;1331;1680;2160;1792;2624;625;711;1590;1282;24;1930;2513;2598;230;2617;779;879;462;1860;2058;1315;1417;1943;374;417;1216;1937;1490;194;1974;258;785;899","2556;2764;1765;2330;1521;579;1678;2001;1116;305;390;1412;1368;1967;2513;481;1169;2314;524;2003;428;882;690;2400;817;750;1929;1511;323;1631;1378;1718;2241;475;1568;1440;2075;88;2364;1189;1497;1894;2430;2016;2944;684;780;1791;1445;26;2178;2820;2915;259;2936;856;975;507;2094;2315;1481;1592;2191;414;460;1372;2185;1673;217;2226;290;862;998",2639,-34.2007150447726,-103.407882539678,103.407882539678,1.49417880087767,TRUE,TRUE,
"01_RSPitHUMM","table1_capital_mobile_disburse","treatment3",74,0.0280409245926487,"Increase",69.2071674949056,-34.2007150447726,-103.407882539678,103.407882539678,1.49417880087767,TRUE,,TRUE,"2269;2464;1566;2072;1353;530;1494;1780;999;272;353;1251;1212;1748;2231;437;1048;2057;478;1782;388;802;630;2138;745;684;1712;1343;289;1451;1222;1529;1987;431;1394;1277;1843;78;2104;1062;1331;1680;2160;1792;2624;625;711;1590;1282;24;1930;2513;2598;230;2617;779;879;462;1860;2058;1315;1417;1943;374;417;1216;1937;1490;194;1974;258;785;899;1123","2556;2764;1765;2330;1521;579;1678;2001;1116;305;390;1412;1368;1967;2513;481;1169;2314;524;2003;428;882;690;2400;817;750;1929;1511;323;1631;1378;1718;2241;475;1568;1440;2075;88;2364;1189;1497;1894;2430;2016;2944;684;780;1791;1445;26;2178;2820;2915;259;2936;856;975;507;2094;2315;1481;1592;2191;414;460;1372;2185;1673;217;2226;290;862;998;1259",2639,-34.2007150447726,-103.407882539678,103.407882539678,1.49417880087767,TRUE,TRUE,
"01_RSPitHUMM","table1_capital_mobile_disburse","treatment3",75,0.0284198560060629,"Increase",69.2071674949056,-35.3302275345866,-104.537395029492,104.537395029492,1.51049954525573,TRUE,,TRUE,"2269;2464;1566;2072;1353;530;1494;1780;999;272;353;1251;1212;1748;2231;437;1048;2057;478;1782;388;802;630;2138;745;684;1712;1343;289;1451;1222;1529;1987;431;1394;1277;1843;78;2104;1062;1331;1680;2160;1792;2624;625;711;1590;1282;24;1930;2513;2598;230;2617;779;879;462;1860;2058;1315;1417;1943;374;417;1216;1937;1490;194;1974;258;785;899;1123;1641","2556;2764;1765;2330;1521;579;1678;2001;1116;305;390;1412;1368;1967;2513;481;1169;2314;524;2003;428;882;690;2400;817;750;1929;1511;323;1631;1378;1718;2241;475;1568;1440;2075;88;2364;1189;1497;1894;2430;2016;2944;684;780;1791;1445;26;2178;2820;2915;259;2936;856;975;507;2094;2315;1481;1592;2191;414;460;1372;2185;1673;217;2226;290;862;998;1259;1851",2639,-35.3302275345866,-104.537395029492,104.537395029492,1.51049954525573,TRUE,TRUE,
"01_RSPitHUMM","table1_capital_mobile_disburse","treatment3",76,0.0287987874194771,"Increase",69.2071674949056,-36.3023202853741,-105.50948778028,105.50948778028,1.52454567351057,TRUE,,TRUE,"2269;2464;1566;2072;1353;530;1494;1780;999;272;353;1251;1212;1748;2231;437;1048;2057;478;1782;388;802;630;2138;745;684;1712;1343;289;1451;1222;1529;1987;431;1394;1277;1843;78;2104;1062;1331;1680;2160;1792;2624;625;711;1590;1282;24;1930;2513;2598;230;2617;779;879;462;1860;2058;1315;1417;1943;374;417;1216;1937;1490;194;1974;258;785;899;1123;1641;2538","2556;2764;1765;2330;1521;579;1678;2001;1116;305;390;1412;1368;1967;2513;481;1169;2314;524;2003;428;882;690;2400;817;750;1929;1511;323;1631;1378;1718;2241;475;1568;1440;2075;88;2364;1189;1497;1894;2430;2016;2944;684;780;1791;1445;26;2178;2820;2915;259;2936;856;975;507;2094;2315;1481;1592;2191;414;460;1372;2185;1673;217;2226;290;862;998;1259;1851;2846",2639,-36.3023202853741,-105.50948778028,105.50948778028,1.52454567351057,TRUE,TRUE,
"01_RSPitHUMM","table1_capital_mobile_disburse","treatment3",77,0.0291777188328912,"Increase",69.2071674949056,-37.1189083206087,-106.326075815514,106.326075815514,1.53634485652575,TRUE,,TRUE,"2269;2464;1566;2072;1353;530;1494;1780;999;272;353;1251;1212;1748;2231;437;1048;2057;478;1782;388;802;630;2138;745;684;1712;1343;289;1451;1222;1529;1987;431;1394;1277;1843;78;2104;1062;1331;1680;2160;1792;2624;625;711;1590;1282;24;1930;2513;2598;230;2617;779;879;462;1860;2058;1315;1417;1943;374;417;1216;1937;1490;194;1974;258;785;1641;899;1123;2538;2095","2556;2764;1765;2330;1521;579;1678;2001;1116;305;390;1412;1368;1967;2513;481;1169;2314;524;2003;428;882;690;2400;817;750;1929;1511;323;1631;1378;1718;2241;475;1568;1440;2075;88;2364;1189;1497;1894;2430;2016;2944;684;780;1791;1445;26;2178;2820;2915;259;2936;856;975;507;2094;2315;1481;1592;2191;414;460;1372;2185;1673;217;2226;290;862;1851;998;1259;2846;2354",2639,-37.1189083206087,-106.326075815514,106.326075815514,1.53634485652575,TRUE,TRUE,
"01_RSPitHUMM","table1_capital_mobile_disburse","treatment3",78,0.0295566502463054,"Increase",69.2071674949056,-37.9793292544761,-107.186496749382,107.186496749382,1.54877739733058,TRUE,,TRUE,"2269;2464;1566;2072;1353;530;1494;1780;999;272;353;1251;1212;1748;2231;437;1048;2057;478;1782;388;802;630;2138;745;684;1712;1343;289;1451;1222;1529;1987;431;1394;1277;1843;78;2104;1062;1331;1680;2160;1792;2624;625;711;1590;1282;24;1930;2513;2598;230;2617;779;879;462;1860;2058;1315;1417;1943;374;417;1216;1937;1490;194;1974;258;785;1641;899;1123;2538;2095;1085","2556;2764;1765;2330;1521;579;1678;2001;1116;305;390;1412;1368;1967;2513;481;1169;2314;524;2003;428;882;690;2400;817;750;1929;1511;323;1631;1378;1718;2241;475;1568;1440;2075;88;2364;1189;1497;1894;2430;2016;2944;684;780;1791;1445;26;2178;2820;2915;259;2936;856;975;507;2094;2315;1481;1592;2191;414;460;1372;2185;1673;217;2226;290;862;1851;998;1259;2846;2354;1218",2639,-37.9793292544761,-107.186496749382,107.186496749382,1.54877739733058,TRUE,TRUE,
"01_RSPitHUMM","table1_capital_mobile_disburse","treatment3",79,0.0299355816597196,"Increase",69.2071674949056,-38.9013311038739,-108.108498598779,108.108498598779,1.56209974359574,TRUE,,TRUE,"2269;2464;1566;2072;1353;530;1494;1780;999;272;353;1251;1212;1748;2231;437;1048;2057;478;1782;388;802;630;2138;745;684;1712;1343;289;1451;1222;1529;1987;431;1394;1277;1843;78;2104;1062;1331;1680;2160;1792;2624;625;711;1590;1282;24;1930;2513;2598;230;2617;779;879;462;1860;2058;1315;1417;1943;374;417;1216;1937;1490;194;1974;258;785;1641;899;1123;2538;2095;1085;2168","2556;2764;1765;2330;1521;579;1678;2001;1116;305;390;1412;1368;1967;2513;481;1169;2314;524;2003;428;882;690;2400;817;750;1929;1511;323;1631;1378;1718;2241;475;1568;1440;2075;88;2364;1189;1497;1894;2430;2016;2944;684;780;1791;1445;26;2178;2820;2915;259;2936;856;975;507;2094;2315;1481;1592;2191;414;460;1372;2185;1673;217;2226;290;862;1851;998;1259;2846;2354;1218;2439",2639,-38.9013311038739,-108.108498598779,108.108498598779,1.56209974359574,TRUE,TRUE,
"01_RSPitHUMM","table1_capital_mobile_disburse","treatment3",80,0.0303145130731338,"Increase",69.2071674949056,-39.7066838818468,-108.913851376752,108.913851376752,1.57373658421679,TRUE,,TRUE,"2269;2464;1566;2072;1353;530;1494;1780;999;272;353;1251;1212;1748;2231;437;1048;2057;478;1782;388;802;630;2138;745;684;1712;1343;289;1451;1222;1529;1987;431;1394;1277;1843;78;2104;1062;1331;1680;2160;1792;2624;625;711;1590;1282;24;1930;2513;2598;230;2617;779;879;462;1860;2058;1315;1417;1943;374;417;1216;1937;1490;194;1974;258;785;1641;899;1123;2538;1085;2095;2168;1149","2556;2764;1765;2330;1521;579;1678;2001;1116;305;390;1412;1368;1967;2513;481;1169;2314;524;2003;428;882;690;2400;817;750;1929;1511;323;1631;1378;1718;2241;475;1568;1440;2075;88;2364;1189;1497;1894;2430;2016;2944;684;780;1791;1445;26;2178;2820;2915;259;2936;856;975;507;2094;2315;1481;1592;2191;414;460;1372;2185;1673;217;2226;290;862;1851;998;1259;2846;1218;2354;2439;1290",2639,-39.7066838818468,-108.913851376752,108.913851376752,1.57373658421679,TRUE,TRUE,
"01_RSPitHUMM","table1_capital_mobile_disburse","treatment3",81,0.0306934444865479,"Increase",69.2071674949056,-40.5546452718165,-109.761812766722,109.761812766722,1.58598909245638,TRUE,,TRUE,"2269;2464;1566;2072;1353;530;1494;1780;999;272;353;1251;1212;1748;2231;437;1048;2057;478;1782;388;802;630;2138;745;684;1712;1343;289;1451;1222;1529;1987;431;1394;1277;1843;78;2104;1062;1331;1680;2160;1792;2624;625;711;1590;1282;24;1930;2513;2598;230;2617;779;879;462;1860;2058;1315;1417;1943;374;417;1216;1937;1490;194;1974;258;785;1641;899;1123;2538;1085;2095;2168;1149;2191","2556;2764;1765;2330;1521;579;1678;2001;1116;305;390;1412;1368;1967;2513;481;1169;2314;524;2003;428;882;690;2400;817;750;1929;1511;323;1631;1378;1718;2241;475;1568;1440;2075;88;2364;1189;1497;1894;2430;2016;2944;684;780;1791;1445;26;2178;2820;2915;259;2936;856;975;507;2094;2315;1481;1592;2191;414;460;1372;2185;1673;217;2226;290;862;1851;998;1259;2846;1218;2354;2439;1290;2466",2639,-40.5546452718165,-109.761812766722,109.761812766722,1.58598909245638,TRUE,TRUE,
"01_RSPitHUMM","table1_capital_mobile_disburse","treatment3",82,0.0310723758999621,"Increase",69.2071674949056,-41.7467296024962,-110.953897097402,110.953897097402,1.60321396054201,TRUE,,TRUE,"2269;2464;1566;2072;1353;530;1494;1780;999;272;353;1251;1212;1748;2231;437;1048;2057;478;1782;388;802;630;2138;745;684;1712;1343;289;1451;1222;1529;1987;431;1394;1277;1843;78;2104;1062;1331;1680;2160;1792;2624;625;711;1590;1282;24;1930;2513;2598;230;2617;779;879;462;1860;2058;1315;1417;1943;374;417;1216;1937;1490;194;1974;258;785;1641;899;1123;2538;1085;2095;2168;1149;2191;2253","2556;2764;1765;2330;1521;579;1678;2001;1116;305;390;1412;1368;1967;2513;481;1169;2314;524;2003;428;882;690;2400;817;750;1929;1511;323;1631;1378;1718;2241;475;1568;1440;2075;88;2364;1189;1497;1894;2430;2016;2944;684;780;1791;1445;26;2178;2820;2915;259;2936;856;975;507;2094;2315;1481;1592;2191;414;460;1372;2185;1673;217;2226;290;862;1851;998;1259;2846;1218;2354;2439;1290;2466;2538",2639,-41.7467296024962,-110.953897097402,110.953897097402,1.60321396054201,TRUE,TRUE,
"01_RSPitHUMM","table1_capital_mobile_disburse","treatment3",83,0.0314513073133763,"Increase",69.2071674949056,-42.5490676017817,-111.756235096687,111.756235096687,1.61480723950903,TRUE,,TRUE,"2269;2464;1566;2072;1353;530;1494;1780;999;272;353;1251;1212;1748;2231;437;1048;2057;478;1782;388;802;630;2138;745;684;1712;1343;289;1451;1222;1529;1987;431;1394;1277;1843;78;2104;1062;1331;1680;2160;1792;2624;625;711;1590;1282;24;1930;2513;2598;230;2617;779;879;462;1860;2058;1315;1417;1943;374;417;1216;1937;1490;194;1974;258;785;1641;899;1123;2538;1085;2095;2168;1149;2191;2253;342","2556;2764;1765;2330;1521;579;1678;2001;1116;305;390;1412;1368;1967;2513;481;1169;2314;524;2003;428;882;690;2400;817;750;1929;1511;323;1631;1378;1718;2241;475;1568;1440;2075;88;2364;1189;1497;1894;2430;2016;2944;684;780;1791;1445;26;2178;2820;2915;259;2936;856;975;507;2094;2315;1481;1592;2191;414;460;1372;2185;1673;217;2226;290;862;1851;998;1259;2846;1218;2354;2439;1290;2466;2538;379",2639,-42.5490676017817,-111.756235096687,111.756235096687,1.61480723950903,TRUE,TRUE,
"01_RSPitHUMM","table1_capital_mobile_disburse","treatment3",84,0.0318302387267905,"Increase",69.2071674949056,-43.4046476190722,-112.611815113978,112.611815113978,1.62716983211699,TRUE,,TRUE,"2269;2464;1566;2072;1353;530;1494;1780;999;272;353;1251;1212;1748;2231;437;1048;2057;478;1782;388;802;630;2138;745;684;1712;1343;289;1451;1222;1529;1987;431;1394;1277;1843;78;2104;1062;1331;1680;2160;1792;2624;625;711;1590;1282;24;1930;2513;2598;230;2617;779;879;462;1860;2058;1315;1417;1943;374;417;1216;1937;1490;194;1974;258;785;1641;899;1123;2538;1085;2095;1149;2168;2191;2253;342;1814","2556;2764;1765;2330;1521;579;1678;2001;1116;305;390;1412;1368;1967;2513;481;1169;2314;524;2003;428;882;690;2400;817;750;1929;1511;323;1631;1378;1718;2241;475;1568;1440;2075;88;2364;1189;1497;1894;2430;2016;2944;684;780;1791;1445;26;2178;2820;2915;259;2936;856;975;507;2094;2315;1481;1592;2191;414;460;1372;2185;1673;217;2226;290;862;1851;998;1259;2846;1218;2354;1290;2439;2466;2538;379;2043",2639,-43.4046476190722,-112.611815113978,112.611815113978,1.62716983211699,TRUE,TRUE,
"01_RSPitHUMM","table1_capital_mobile_disburse","treatment3",85,0.0322091701402046,"Increase",69.2071674949056,-44.2816811666935,-113.488848661599,113.488848661599,1.63984241473187,TRUE,,TRUE,"2269;2464;1566;2072;1353;530;1494;1780;999;272;353;1251;1212;1748;2231;437;1048;2057;478;1782;388;802;630;2138;745;684;1712;1343;289;1451;1222;1529;1987;431;1394;1277;1843;78;2104;1062;1331;1680;2160;1792;2624;625;711;1590;1282;24;1930;2513;2598;230;2617;779;879;462;1860;2058;1315;1417;1943;374;417;1216;1937;1490;194;1974;258;785;1641;899;1123;2538;1085;2095;1149;2168;2191;2253;342;1814;2417","2556;2764;1765;2330;1521;579;1678;2001;1116;305;390;1412;1368;1967;2513;481;1169;2314;524;2003;428;882;690;2400;817;750;1929;1511;323;1631;1378;1718;2241;475;1568;1440;2075;88;2364;1189;1497;1894;2430;2016;2944;684;780;1791;1445;26;2178;2820;2915;259;2936;856;975;507;2094;2315;1481;1592;2191;414;460;1372;2185;1673;217;2226;290;862;1851;998;1259;2846;1218;2354;1290;2439;2466;2538;379;2043;2715",2639,-44.2816811666935,-113.488848661599,113.488848661599,1.63984241473187,TRUE,TRUE,
"01_RSPitHUMM","table1_capital_mobile_disburse","treatment3",86,0.0325881015536188,"Increase",69.2071674949056,-45.2079830518187,-114.415150546724,114.415150546724,1.65322689380614,TRUE,,TRUE,"2269;2464;1566;2072;1353;530;1494;1780;999;272;353;1251;1212;1748;2231;437;1048;2057;478;1782;388;802;630;2138;745;684;1712;1343;289;1451;1222;1529;1987;431;1394;1277;1843;78;2104;1062;1331;1680;2160;1792;2624;625;711;1590;1282;24;1930;2513;2598;230;2617;779;879;462;1860;2058;1315;1417;1943;374;417;1216;1937;1490;194;1974;258;785;1641;899;1123;2538;1085;2095;1149;2168;2191;2253;342;2417;1814;2437","2556;2764;1765;2330;1521;579;1678;2001;1116;305;390;1412;1368;1967;2513;481;1169;2314;524;2003;428;882;690;2400;817;750;1929;1511;323;1631;1378;1718;2241;475;1568;1440;2075;88;2364;1189;1497;1894;2430;2016;2944;684;780;1791;1445;26;2178;2820;2915;259;2936;856;975;507;2094;2315;1481;1592;2191;414;460;1372;2185;1673;217;2226;290;862;1851;998;1259;2846;1218;2354;1290;2439;2466;2538;379;2715;2043;2735",2639,-45.2079830518187,-114.415150546724,114.415150546724,1.65322689380614,TRUE,TRUE,
"01_RSPitHUMM","table1_capital_mobile_disburse","treatment3",87,0.032967032967033,"Increase",69.2071674949056,-46.1138579777755,-115.321025472681,115.321025472681,1.6663162161805,TRUE,,TRUE,"2269;2464;1566;2072;1353;530;1494;1780;999;272;353;1251;1212;1748;2231;437;1048;2057;478;1782;388;802;630;2138;745;684;1712;1343;289;1451;1222;1529;1987;431;1394;1277;1843;78;2104;1062;1331;1680;2160;1792;2624;625;711;1590;1282;24;1930;2513;2598;230;2617;779;879;462;1860;2058;1315;1417;1943;374;417;1216;1937;1490;194;1974;258;785;1641;899;1123;2538;1085;2095;1149;2168;2191;2253;342;2417;1814;2437;2610","2556;2764;1765;2330;1521;579;1678;2001;1116;305;390;1412;1368;1967;2513;481;1169;2314;524;2003;428;882;690;2400;817;750;1929;1511;323;1631;1378;1718;2241;475;1568;1440;2075;88;2364;1189;1497;1894;2430;2016;2944;684;780;1791;1445;26;2178;2820;2915;259;2936;856;975;507;2094;2315;1481;1592;2191;414;460;1372;2185;1673;217;2226;290;862;1851;998;1259;2846;1218;2354;1290;2439;2466;2538;379;2715;2043;2735;2929",2639,-46.1138579777755,-115.321025472681,115.321025472681,1.6663162161805,TRUE,TRUE,
"01_RSPitHUMM","table1_capital_mobile_disburse","treatment3",88,0.0333459643804471,"Increase",69.2071674949056,-46.9118999262771,-116.119067421183,116.119067421183,1.67784741991833,TRUE,,TRUE,"2269;2464;1566;2072;1353;530;1494;1780;999;272;353;1251;1212;1748;2231;437;1048;2057;478;1782;388;802;630;2138;745;684;1712;1343;289;1451;1222;1529;1987;431;1394;1277;1843;78;2104;1062;1331;1680;2160;1792;2624;625;711;1590;1282;24;1930;2513;2598;230;2617;779;879;462;1860;2058;1315;1417;1943;374;417;1216;1937;1490;194;1974;258;785;1641;899;1123;2538;1085;2095;1149;2168;2191;2253;342;2417;1814;2437;2610;1342","2556;2764;1765;2330;1521;579;1678;2001;1116;305;390;1412;1368;1967;2513;481;1169;2314;524;2003;428;882;690;2400;817;750;1929;1511;323;1631;1378;1718;2241;475;1568;1440;2075;88;2364;1189;1497;1894;2430;2016;2944;684;780;1791;1445;26;2178;2820;2915;259;2936;856;975;507;2094;2315;1481;1592;2191;414;460;1372;2185;1673;217;2226;290;862;1851;998;1259;2846;1218;2354;1290;2439;2466;2538;379;2715;2043;2735;2929;1510",2639,-46.9118999262771,-116.119067421183,116.119067421183,1.67784741991833,TRUE,TRUE,
"01_RSPitHUMM","table1_capital_mobile_disburse","treatment3",89,0.0337248957938613,"Increase",69.2071674949056,-48.1135442278201,-117.320711722726,117.320711722726,1.69521042356432,TRUE,,TRUE,"2269;2464;1566;2072;1353;530;1494;1780;999;272;353;1251;1212;1748;2231;437;1048;2057;478;1782;388;802;630;2138;745;684;1712;1343;289;1451;1222;1529;1987;431;1394;1277;1843;78;2104;1062;1331;1680;2160;1792;2624;625;711;1590;1282;24;1930;2513;2598;230;2617;779;879;462;1860;2058;1315;1417;374;1943;417;1216;1937;1490;194;1974;258;785;1641;899;1123;1085;2538;2095;1149;2168;2191;2253;342;2417;1814;2437;2610;1342;1970","2556;2764;1765;2330;1521;579;1678;2001;1116;305;390;1412;1368;1967;2513;481;1169;2314;524;2003;428;882;690;2400;817;750;1929;1511;323;1631;1378;1718;2241;475;1568;1440;2075;88;2364;1189;1497;1894;2430;2016;2944;684;780;1791;1445;26;2178;2820;2915;259;2936;856;975;507;2094;2315;1481;1592;414;2191;460;1372;2185;1673;217;2226;290;862;1851;998;1259;1218;2846;2354;1290;2439;2466;2538;379;2715;2043;2735;2929;1510;2222",2639,-48.1135442278201,-117.320711722726,117.320711722726,1.69521042356432,TRUE,TRUE,
"01_RSPitHUMM","table1_capital_mobile_disburse","treatment3",90,0.0341038272072755,"Increase",69.2071674949056,-49.062231140744,-118.26939863565,118.26939863565,1.70891835219749,TRUE,,TRUE,"2269;2464;1566;2072;1353;530;1494;1780;999;272;353;1251;1212;1748;2231;437;1048;2057;478;1782;388;802;630;2138;745;684;1712;1343;289;1451;1222;1529;1987;431;1394;1277;1843;78;2104;1062;1331;1680;2160;1792;2624;625;711;1590;1282;24;1930;2513;2598;230;2617;779;879;462;1860;2058;1315;1417;374;1943;417;1216;1937;1490;194;1974;258;785;1641;899;1123;1085;2538;1149;2095;2168;2191;2253;342;2417;1814;2437;2610;1342;1970;1868","2556;2764;1765;2330;1521;579;1678;2001;1116;305;390;1412;1368;1967;2513;481;1169;2314;524;2003;428;882;690;2400;817;750;1929;1511;323;1631;1378;1718;2241;475;1568;1440;2075;88;2364;1189;1497;1894;2430;2016;2944;684;780;1791;1445;26;2178;2820;2915;259;2936;856;975;507;2094;2315;1481;1592;414;2191;460;1372;2185;1673;217;2226;290;862;1851;998;1259;1218;2846;1290;2354;2439;2466;2538;379;2715;2043;2735;2929;1510;2222;2103",2639,-49.062231140744,-118.26939863565,118.26939863565,1.70891835219749,TRUE,TRUE,
"01_RSPitHUMM","table1_capital_mobile_disburse","treatment3",91,0.0344827586206897,"Increase",69.2071674949056,-49.8608654191253,-119.068032914031,119.068032914031,1.72045811472917,TRUE,,TRUE,"2269;2464;1566;2072;1353;530;1494;1780;999;272;353;1251;1212;1748;2231;437;1048;2057;478;1782;388;802;630;2138;745;684;1712;1343;289;1451;1222;1529;1987;431;1394;1277;1843;78;2104;1062;1331;1680;2160;1792;2624;625;711;1590;1282;24;1930;2513;2598;230;2617;779;879;462;1860;2058;1315;1417;374;1943;417;1216;1937;1490;194;1974;258;785;1641;899;1123;1085;2538;1149;2095;2168;2191;2253;342;2417;1814;2437;2610;1342;1970;1868;1957","2556;2764;1765;2330;1521;579;1678;2001;1116;305;390;1412;1368;1967;2513;481;1169;2314;524;2003;428;882;690;2400;817;750;1929;1511;323;1631;1378;1718;2241;475;1568;1440;2075;88;2364;1189;1497;1894;2430;2016;2944;684;780;1791;1445;26;2178;2820;2915;259;2936;856;975;507;2094;2315;1481;1592;414;2191;460;1372;2185;1673;217;2226;290;862;1851;998;1259;1218;2846;1290;2354;2439;2466;2538;379;2715;2043;2735;2929;1510;2222;2103;2206",2639,-49.8608654191253,-119.068032914031,119.068032914031,1.72045811472917,TRUE,TRUE,
"01_RSPitHUMM","table1_capital_mobile_disburse","treatment3",92,0.0348616900341038,"Increase",69.2071674949056,-50.5053358858852,-119.712503380791,119.712503380791,1.72977030723881,TRUE,,TRUE,"2269;2464;1566;2072;1353;530;1494;1780;999;272;353;1251;1212;1748;2231;437;1048;2057;478;1782;388;802;630;2138;745;684;1712;1343;289;1451;1222;1529;1987;431;1394;1277;1843;78;2104;1062;1331;1680;2160;1792;2624;625;711;1590;1282;24;1930;2513;2598;230;2617;779;879;462;1860;2058;1315;1417;374;1943;417;1216;1937;1490;194;1974;258;785;1641;899;1123;1085;2538;1149;2095;2168;2191;2253;2417;342;1814;2437;2610;1342;1970;1868;1957;1433","2556;2764;1765;2330;1521;579;1678;2001;1116;305;390;1412;1368;1967;2513;481;1169;2314;524;2003;428;882;690;2400;817;750;1929;1511;323;1631;1378;1718;2241;475;1568;1440;2075;88;2364;1189;1497;1894;2430;2016;2944;684;780;1791;1445;26;2178;2820;2915;259;2936;856;975;507;2094;2315;1481;1592;414;2191;460;1372;2185;1673;217;2226;290;862;1851;998;1259;1218;2846;1290;2354;2439;2466;2538;2715;379;2043;2735;2929;1510;2222;2103;2206;1611",2639,-50.5053358858852,-119.712503380791,119.712503380791,1.72977030723881,TRUE,TRUE,
"01_RSPitHUMM","table1_capital_mobile_disburse","treatment3",93,0.035240621447518,"Increase",69.2071674949056,-51.7818223677503,-120.988989862656,120.988989862656,1.74821473327256,TRUE,,TRUE,"2269;2464;1566;2072;1353;530;1494;1780;999;272;353;1251;1212;1748;2231;437;1048;2057;478;1782;388;802;630;2138;745;684;1712;1343;289;1451;1222;1529;1987;431;1394;1277;1843;78;2104;1062;1331;1680;2160;1792;2624;625;711;1590;1282;24;1930;2513;2598;230;2617;779;879;462;1860;2058;1315;1417;374;1943;417;1216;1937;1490;194;1974;258;785;1641;899;1123;1085;2538;1149;2095;2168;2191;2253;2417;342;1814;2437;2610;1342;1970;1868;1957;1433;211","2556;2764;1765;2330;1521;579;1678;2001;1116;305;390;1412;1368;1967;2513;481;1169;2314;524;2003;428;882;690;2400;817;750;1929;1511;323;1631;1378;1718;2241;475;1568;1440;2075;88;2364;1189;1497;1894;2430;2016;2944;684;780;1791;1445;26;2178;2820;2915;259;2936;856;975;507;2094;2315;1481;1592;414;2191;460;1372;2185;1673;217;2226;290;862;1851;998;1259;1218;2846;1290;2354;2439;2466;2538;2715;379;2043;2735;2929;1510;2222;2103;2206;1611;240",2639,-51.7818223677503,-120.988989862656,120.988989862656,1.74821473327256,TRUE,TRUE,
"01_RSPitHUMM","table1_capital_mobile_disburse","treatment3",94,0.0356195528609322,"Increase",69.2071674949056,-53.4195871785862,-122.626754673492,122.626754673492,1.77187940371232,TRUE,,TRUE,"2269;2464;1566;2072;1353;530;1494;1780;999;272;353;1251;1212;1748;2231;437;1048;2057;478;1782;388;802;630;2138;745;684;1712;1343;289;1451;1222;1529;1987;431;1394;1277;1843;78;2104;1062;1331;1680;2160;1792;2624;625;711;1590;1282;24;1930;2513;2598;230;2617;779;879;462;1860;2058;1315;1417;374;1943;417;1216;1937;1490;194;1974;258;785;1641;899;1123;1085;2538;1149;2095;2168;2191;2253;2417;342;1814;2437;2610;1342;1970;1868;1957;1433;211;1871","2556;2764;1765;2330;1521;579;1678;2001;1116;305;390;1412;1368;1967;2513;481;1169;2314;524;2003;428;882;690;2400;817;750;1929;1511;323;1631;1378;1718;2241;475;1568;1440;2075;88;2364;1189;1497;1894;2430;2016;2944;684;780;1791;1445;26;2178;2820;2915;259;2936;856;975;507;2094;2315;1481;1592;414;2191;460;1372;2185;1673;217;2226;290;862;1851;998;1259;1218;2846;1290;2354;2439;2466;2538;2715;379;2043;2735;2929;1510;2222;2103;2206;1611;240;2108",2639,-53.4195871785862,-122.626754673492,122.626754673492,1.77187940371232,TRUE,TRUE,
"01_RSPitHUMM","table1_capital_mobile_disburse","treatment3",95,0.0359984842743463,"Increase",69.2071674949056,-53.4195871785862,-122.626754673492,122.626754673492,1.77187940371232,TRUE,,TRUE,"2269;2464;1566;2072;1353;530;1494;1780;999;272;353;1251;1212;1748;2231;437;1048;2057;478;1782;388;802;630;2138;745;684;1712;1343;289;1451;1222;1529;1987;431;1394;1277;1843;78;2104;1062;1331;1680;2160;1792;2624;625;711;1590;1282;24;1930;2513;2598;230;2617;779;879;462;1860;2058;1315;1417;374;1943;417;1216;1937;1490;194;1974;258;785;1641;899;1123;1085;2538;1149;2095;2168;2191;2253;2417;342;1814;2437;2610;1342;1970;1868;1957;1433;211;1871;1730","2556;2764;1765;2330;1521;579;1678;2001;1116;305;390;1412;1368;1967;2513;481;1169;2314;524;2003;428;882;690;2400;817;750;1929;1511;323;1631;1378;1718;2241;475;1568;1440;2075;88;2364;1189;1497;1894;2430;2016;2944;684;780;1791;1445;26;2178;2820;2915;259;2936;856;975;507;2094;2315;1481;1592;414;2191;460;1372;2185;1673;217;2226;290;862;1851;998;1259;1218;2846;1290;2354;2439;2466;2538;2715;379;2043;2735;2929;1510;2222;2103;2206;1611;240;2108;1949",2639,-53.4195871785862,-122.626754673492,122.626754673492,1.77187940371232,TRUE,TRUE,
"01_RSPitHUMM","table1_capital_mobile_disburse","treatment3",96,0.0363774156877605,"Increase",69.2071674949056,-54.2450052492706,-123.452172744176,123.452172744176,1.78380617518068,TRUE,,TRUE,"2269;2464;1566;2072;1353;530;1494;1780;999;272;353;1251;1212;1748;2231;437;1048;2057;478;1782;388;802;630;2138;745;684;1712;1343;289;1451;1222;1529;1987;431;1394;1277;1843;78;2104;1062;1331;1680;2160;1792;2624;625;711;1590;1282;24;1930;2513;2598;230;2617;779;879;462;1860;2058;1315;1417;374;1943;417;1216;1937;1490;258;1974;194;785;1641;899;1123;1085;2538;1149;2095;2168;2191;2253;2417;342;1814;2437;2610;1342;1970;1868;1957;1433;211;1871;1730;2460","2556;2764;1765;2330;1521;579;1678;2001;1116;305;390;1412;1368;1967;2513;481;1169;2314;524;2003;428;882;690;2400;817;750;1929;1511;323;1631;1378;1718;2241;475;1568;1440;2075;88;2364;1189;1497;1894;2430;2016;2944;684;780;1791;1445;26;2178;2820;2915;259;2936;856;975;507;2094;2315;1481;1592;414;2191;460;1372;2185;1673;290;2226;217;862;1851;998;1259;1218;2846;1290;2354;2439;2466;2538;2715;379;2043;2735;2929;1510;2222;2103;2206;1611;240;2108;1949;2760",2639,-54.2450052492706,-123.452172744176,123.452172744176,1.78380617518068,TRUE,TRUE,
"01_RSPitHUMM","table1_capital_mobile_disburse","treatment3",97,0.0367563471011747,"Increase",69.2071674949056,-55.1794082647646,-124.38657575967,124.38657575967,1.79730771048861,TRUE,,TRUE,"2269;2464;1566;2072;1353;530;1494;1780;999;272;353;1251;1212;1748;2231;437;1048;2057;478;1782;388;802;630;2138;745;684;1712;1343;289;1451;1222;1529;1987;431;1394;1277;1843;78;2104;1062;1331;1680;2160;1792;2624;625;711;1590;1282;24;1930;2513;2598;230;2617;779;879;462;1860;2058;1315;1417;374;1943;417;1216;1937;1490;258;1974;194;785;1641;899;1123;1085;2538;1149;2095;2168;2191;2253;2417;342;1814;2437;2610;1342;1970;1868;1957;1433;211;1871;1730;2460;1148","2556;2764;1765;2330;1521;579;1678;2001;1116;305;390;1412;1368;1967;2513;481;1169;2314;524;2003;428;882;690;2400;817;750;1929;1511;323;1631;1378;1718;2241;475;1568;1440;2075;88;2364;1189;1497;1894;2430;2016;2944;684;780;1791;1445;26;2178;2820;2915;259;2936;856;975;507;2094;2315;1481;1592;414;2191;460;1372;2185;1673;290;2226;217;862;1851;998;1259;1218;2846;1290;2354;2439;2466;2538;2715;379;2043;2735;2929;1510;2222;2103;2206;1611;240;2108;1949;2760;1289",2639,-55.1794082647646,-124.38657575967,124.38657575967,1.79730771048861,TRUE,TRUE,
"01_RSPitHUMM","table1_capital_mobile_disburse","treatment3",98,0.0371352785145889,"Increase",69.2071674949056,-56.4198747704262,-125.627042265332,125.627042265332,1.81523167054307,TRUE,,TRUE,"2269;2464;1566;2072;1353;530;1494;1780;999;272;353;1251;1212;1748;2231;437;1048;2057;478;1782;388;802;630;2138;745;684;1712;1343;289;1451;1222;1529;1987;431;1394;1277;1843;78;2104;1062;1331;1680;2160;1792;2624;625;711;1590;1282;24;1930;2513;2598;230;2617;779;879;462;1860;2058;1315;1417;374;1943;417;1216;1937;1490;258;1974;194;785;1641;899;1123;1085;2538;1149;2095;2168;2191;2253;2417;342;1814;2437;2610;1342;1970;1868;1957;1433;211;1871;1730;2460;1148;774","2556;2764;1765;2330;1521;579;1678;2001;1116;305;390;1412;1368;1967;2513;481;1169;2314;524;2003;428;882;690;2400;817;750;1929;1511;323;1631;1378;1718;2241;475;1568;1440;2075;88;2364;1189;1497;1894;2430;2016;2944;684;780;1791;1445;26;2178;2820;2915;259;2936;856;975;507;2094;2315;1481;1592;414;2191;460;1372;2185;1673;290;2226;217;862;1851;998;1259;1218;2846;1290;2354;2439;2466;2538;2715;379;2043;2735;2929;1510;2222;2103;2206;1611;240;2108;1949;2760;1289;851",2639,-56.4198747704262,-125.627042265332,125.627042265332,1.81523167054307,TRUE,TRUE,
"01_RSPitHUMM","table1_capital_mobile_disburse","treatment3",99,0.037514209928003,"Increase",69.2071674949056,-57.3528145479287,-126.559982042834,126.559982042834,1.82871206298322,TRUE,,TRUE,"2269;2464;1566;2072;1353;530;1494;1780;999;272;353;1251;1212;1748;2231;437;1048;2057;478;1782;388;802;630;2138;745;684;1712;1343;289;1451;1222;1529;1987;431;1394;1277;1843;78;2104;1062;1331;1680;2160;1792;2624;625;711;1590;1282;24;1930;2513;2598;230;2617;779;879;462;1860;2058;1315;1417;374;417;1943;1216;1937;1490;258;1974;194;785;1641;899;1123;1085;1149;2538;2095;2168;2191;2253;2417;342;1814;2437;2610;1342;1970;1868;1957;1433;211;1871;1730;2460;1148;774;1742","2556;2764;1765;2330;1521;579;1678;2001;1116;305;390;1412;1368;1967;2513;481;1169;2314;524;2003;428;882;690;2400;817;750;1929;1511;323;1631;1378;1718;2241;475;1568;1440;2075;88;2364;1189;1497;1894;2430;2016;2944;684;780;1791;1445;26;2178;2820;2915;259;2936;856;975;507;2094;2315;1481;1592;414;460;2191;1372;2185;1673;290;2226;217;862;1851;998;1259;1218;1290;2846;2354;2439;2466;2538;2715;379;2043;2735;2929;1510;2222;2103;2206;1611;240;2108;1949;2760;1289;851;1961",2639,-57.3528145479287,-126.559982042834,126.559982042834,1.82871206298322,TRUE,TRUE,
"01_RSPitHUMM","table1_capital_mobile_disburse","treatment3",100,0.0378931413414172,"Increase",69.2071674949056,-58.118387964229,-127.325555459135,127.325555459135,1.83977411687174,TRUE,,TRUE,"2269;2464;1566;2072;1353;530;1494;1780;999;272;353;1251;1212;1748;2231;437;1048;2057;478;1782;388;802;630;2138;745;684;1712;1343;289;1451;1222;1529;1987;431;1394;1277;1843;78;2104;1062;1331;1680;2160;1792;2624;625;711;1590;1282;24;1930;2513;2598;230;2617;779;879;462;1860;2058;1315;1417;374;417;1943;1216;1937;1490;258;1974;194;785;1641;899;1123;1085;1149;2538;2095;2168;2191;2253;2417;1814;342;2437;2610;1342;1970;1868;1957;1433;211;1871;1730;2460;1148;774;1742;2453","2556;2764;1765;2330;1521;579;1678;2001;1116;305;390;1412;1368;1967;2513;481;1169;2314;524;2003;428;882;690;2400;817;750;1929;1511;323;1631;1378;1718;2241;475;1568;1440;2075;88;2364;1189;1497;1894;2430;2016;2944;684;780;1791;1445;26;2178;2820;2915;259;2936;856;975;507;2094;2315;1481;1592;414;460;2191;1372;2185;1673;290;2226;217;862;1851;998;1259;1218;1290;2846;2354;2439;2466;2538;2715;2043;379;2735;2929;1510;2222;2103;2206;1611;240;2108;1949;2760;1289;851;1961;2751",2639,-58.118387964229,-127.325555459135,127.325555459135,1.83977411687174,TRUE,TRUE,
"01_RSPitHUMM","table1_capital_mobile_disburse","treatment3",101,0.0382720727548314,"Increase",69.2071674949056,-58.9438122296287,-128.150979724534,128.150979724534,1.85170097784984,TRUE,,TRUE,"2269;2464;1566;2072;1353;530;1494;1780;999;272;353;1251;1212;1748;2231;437;1048;2057;478;1782;388;802;630;2138;745;684;1712;1343;289;1451;1222;1529;1987;431;1394;1277;1843;78;2104;1062;1331;1680;2160;1792;2624;625;711;1590;1282;24;1930;2513;2598;230;2617;779;879;462;1860;2058;1315;1417;374;417;1943;1216;1937;1490;258;1974;194;785;1641;899;1123;1085;1149;2538;2095;2168;2191;2253;2417;1814;342;2437;2610;1342;1970;1868;1957;1433;211;1871;1730;2460;1148;774;1742;2453;1715","2556;2764;1765;2330;1521;579;1678;2001;1116;305;390;1412;1368;1967;2513;481;1169;2314;524;2003;428;882;690;2400;817;750;1929;1511;323;1631;1378;1718;2241;475;1568;1440;2075;88;2364;1189;1497;1894;2430;2016;2944;684;780;1791;1445;26;2178;2820;2915;259;2936;856;975;507;2094;2315;1481;1592;414;460;2191;1372;2185;1673;290;2226;217;862;1851;998;1259;1218;1290;2846;2354;2439;2466;2538;2715;2043;379;2735;2929;1510;2222;2103;2206;1611;240;2108;1949;2760;1289;851;1961;2751;1932",2639,-58.9438122296287,-128.150979724534,128.150979724534,1.85170097784984,TRUE,TRUE,
"01_RSPitHUMM","table1_capital_mobile_disburse","treatment3",102,0.0386510041682455,"Increase",69.2071674949056,-59.8605305428328,-129.067698037738,129.067698037738,1.86494698034332,TRUE,,TRUE,"2269;2464;1566;2072;1353;530;1494;1780;999;272;353;1251;1212;1748;2231;437;1048;2057;478;1782;388;802;630;2138;745;684;1712;1343;289;1451;1222;1529;1987;431;1394;1277;1843;78;2104;1062;1331;1680;2160;1792;2624;625;711;1590;1282;24;1930;2513;2598;230;2617;779;879;462;1860;2058;1315;1417;374;417;1943;1216;1937;1490;258;1974;194;785;1641;899;1123;1085;1149;2538;2095;2168;2191;2253;2417;1814;342;2437;2610;1342;1970;1868;1957;1433;211;1871;1730;2460;1148;774;2453;1742;1715;32","2556;2764;1765;2330;1521;579;1678;2001;1116;305;390;1412;1368;1967;2513;481;1169;2314;524;2003;428;882;690;2400;817;750;1929;1511;323;1631;1378;1718;2241;475;1568;1440;2075;88;2364;1189;1497;1894;2430;2016;2944;684;780;1791;1445;26;2178;2820;2915;259;2936;856;975;507;2094;2315;1481;1592;414;460;2191;1372;2185;1673;290;2226;217;862;1851;998;1259;1218;1290;2846;2354;2439;2466;2538;2715;2043;379;2735;2929;1510;2222;2103;2206;1611;240;2108;1949;2760;1289;851;2751;1961;1932;35",2639,-59.8605305428328,-129.067698037738,129.067698037738,1.86494698034332,TRUE,TRUE,
"01_RSPitHUMM","table1_capital_mobile_disburse","treatment3",103,0.0390299355816597,"Increase",69.2071674949056,-60.684930706586,-129.892098201492,129.892098201492,1.87685904369736,TRUE,,TRUE,"2269;2464;1566;2072;1353;530;1494;1780;999;272;353;1251;1212;1748;2231;437;1048;2057;478;1782;388;802;630;2138;745;684;1712;1343;289;1451;1222;1529;1987;431;1394;1277;1843;78;2104;1062;1331;1680;2160;1792;2624;625;711;1590;1282;24;1930;2513;2598;230;2617;779;879;462;1860;2058;1315;374;1417;417;1943;1216;1937;1490;258;1974;194;785;1641;899;1123;1085;1149;2538;2095;2168;2191;2253;2417;1814;342;2437;2610;1342;1970;1868;1957;1433;211;1871;1730;2460;1148;774;2453;1742;1715;32;758","2556;2764;1765;2330;1521;579;1678;2001;1116;305;390;1412;1368;1967;2513;481;1169;2314;524;2003;428;882;690;2400;817;750;1929;1511;323;1631;1378;1718;2241;475;1568;1440;2075;88;2364;1189;1497;1894;2430;2016;2944;684;780;1791;1445;26;2178;2820;2915;259;2936;856;975;507;2094;2315;1481;414;1592;460;2191;1372;2185;1673;290;2226;217;862;1851;998;1259;1218;1290;2846;2354;2439;2466;2538;2715;2043;379;2735;2929;1510;2222;2103;2206;1611;240;2108;1949;2760;1289;851;2751;1961;1932;35;834",2639,-60.684930706586,-129.892098201492,129.892098201492,1.87685904369736,TRUE,TRUE,
"01_RSPitHUMM","table1_capital_mobile_disburse","treatment3",104,0.0394088669950739,"Increase",69.2071674949056,-61.4480214020602,-130.655188896966,130.655188896966,1.88788522383297,TRUE,,TRUE,"2269;2464;1566;2072;1353;530;1494;1780;999;272;353;1251;1212;1748;2231;437;1048;2057;478;1782;388;802;630;2138;745;684;1712;1343;289;1451;1222;1529;1987;431;1394;1277;1843;78;2104;1062;1331;1680;2160;1792;2624;625;711;1590;1282;24;1930;2513;2598;230;2617;779;879;462;1860;2058;1315;374;1417;417;1943;1216;1937;1490;258;1974;194;785;1641;899;1123;1085;1149;2538;2095;2168;2191;2253;2417;1814;342;2437;2610;1342;1970;1868;1957;1433;211;1871;1730;2460;1148;774;2453;1742;1715;32;758;1850","2556;2764;1765;2330;1521;579;1678;2001;1116;305;390;1412;1368;1967;2513;481;1169;2314;524;2003;428;882;690;2400;817;750;1929;1511;323;1631;1378;1718;2241;475;1568;1440;2075;88;2364;1189;1497;1894;2430;2016;2944;684;780;1791;1445;26;2178;2820;2915;259;2936;856;975;507;2094;2315;1481;414;1592;460;2191;1372;2185;1673;290;2226;217;862;1851;998;1259;1218;1290;2846;2354;2439;2466;2538;2715;2043;379;2735;2929;1510;2222;2103;2206;1611;240;2108;1949;2760;1289;851;2751;1961;1932;35;834;2083",2639,-61.4480214020602,-130.655188896966,130.655188896966,1.88788522383297,TRUE,TRUE,
"01_RSPitHUMM","table1_capital_mobile_disburse","treatment3",105,0.0397877984084881,"Increase",69.2071674949056,-62.2644400486143,-131.47160754352,131.47160754352,1.89968195928836,TRUE,,TRUE,"2269;2464;1566;2072;1353;530;1494;1780;999;272;353;1251;1212;1748;2231;437;1048;2057;478;1782;388;802;630;2138;745;684;1712;1343;289;1451;1222;1529;1987;431;1394;1277;1843;78;2104;1062;1331;1680;2160;1792;2624;625;711;1590;1282;24;1930;2513;2598;230;2617;779;879;462;1860;2058;1315;374;1417;417;1943;1216;1937;1490;258;1974;194;785;1641;899;1123;1085;1149;2538;2095;2168;2191;2253;2417;1814;342;2437;2610;1342;1970;1868;1957;1433;211;1871;1730;2460;1148;774;2453;1742;1715;32;758;1850;2627","2556;2764;1765;2330;1521;579;1678;2001;1116;305;390;1412;1368;1967;2513;481;1169;2314;524;2003;428;882;690;2400;817;750;1929;1511;323;1631;1378;1718;2241;475;1568;1440;2075;88;2364;1189;1497;1894;2430;2016;2944;684;780;1791;1445;26;2178;2820;2915;259;2936;856;975;507;2094;2315;1481;414;1592;460;2191;1372;2185;1673;290;2226;217;862;1851;998;1259;1218;1290;2846;2354;2439;2466;2538;2715;2043;379;2735;2929;1510;2222;2103;2206;1611;240;2108;1949;2760;1289;851;2751;1961;1932;35;834;2083;2947",2639,-62.2644400486143,-131.47160754352,131.47160754352,1.89968195928836,TRUE,TRUE,
"01_RSPitHUMM","table1_capital_mobile_disburse","treatment3",106,0.0401667298219022,"Increase",69.2071674949056,-63.3125668986778,-132.519734393583,132.519734393583,1.91482673240945,TRUE,,TRUE,"2269;2464;1566;2072;1353;530;1494;1780;999;272;353;1251;1212;1748;2231;437;1048;2057;478;1782;388;802;630;2138;745;684;1712;1343;289;1451;1222;1529;1987;431;1394;1277;1843;78;2104;1062;1331;1680;2160;1792;2624;625;711;1590;1282;24;1930;2513;2598;230;2617;779;879;462;1860;2058;1315;374;1417;417;1943;1216;1937;1490;258;1974;194;785;1641;899;1123;1085;1149;2538;2095;2168;2191;2253;2417;1814;342;2437;2610;1342;1970;1868;1957;1433;211;1871;1730;2460;1148;774;2453;1742;1715;32;758;1850;2627;1512","2556;2764;1765;2330;1521;579;1678;2001;1116;305;390;1412;1368;1967;2513;481;1169;2314;524;2003;428;882;690;2400;817;750;1929;1511;323;1631;1378;1718;2241;475;1568;1440;2075;88;2364;1189;1497;1894;2430;2016;2944;684;780;1791;1445;26;2178;2820;2915;259;2936;856;975;507;2094;2315;1481;414;1592;460;2191;1372;2185;1673;290;2226;217;862;1851;998;1259;1218;1290;2846;2354;2439;2466;2538;2715;2043;379;2735;2929;1510;2222;2103;2206;1611;240;2108;1949;2760;1289;851;2751;1961;1932;35;834;2083;2947;1699",2639,-63.3125668986778,-132.519734393583,132.519734393583,1.91482673240945,TRUE,TRUE,
"01_RSPitHUMM","table1_capital_mobile_disburse","treatment3",107,0.0405456612353164,"Increase",69.2071674949056,-64.2842712801897,-133.491438775095,133.491438775095,1.92886724897276,TRUE,,TRUE,"2269;2464;1566;2072;1353;530;1494;1780;999;272;353;1251;1212;1748;2231;437;1048;2057;478;1782;388;802;630;2138;745;684;1712;1343;289;1451;1222;1529;1987;431;1394;1277;1843;78;2104;1062;1331;1680;2160;1792;2624;625;711;1590;1282;24;1930;2513;2598;230;2617;779;879;462;1860;2058;1315;374;1417;417;1943;1216;1937;1490;258;1974;194;785;1641;899;1123;1085;1149;2538;2095;2191;2168;2253;2417;1814;342;2437;2610;1342;1970;1868;1957;1433;211;1871;1730;2460;1148;774;2453;1742;1715;32;758;1850;2627;1512;751","2556;2764;1765;2330;1521;579;1678;2001;1116;305;390;1412;1368;1967;2513;481;1169;2314;524;2003;428;882;690;2400;817;750;1929;1511;323;1631;1378;1718;2241;475;1568;1440;2075;88;2364;1189;1497;1894;2430;2016;2944;684;780;1791;1445;26;2178;2820;2915;259;2936;856;975;507;2094;2315;1481;414;1592;460;2191;1372;2185;1673;290;2226;217;862;1851;998;1259;1218;1290;2846;2354;2466;2439;2538;2715;2043;379;2735;2929;1510;2222;2103;2206;1611;240;2108;1949;2760;1289;851;2751;1961;1932;35;834;2083;2947;1699;824",2639,-64.2842712801897,-133.491438775095,133.491438775095,1.92886724897276,TRUE,TRUE,
"01_RSPitHUMM","table1_capital_mobile_disburse","treatment3",108,0.0409245926487306,"Increase",69.2071674949056,-65.4764655686206,-134.683633063526,134.683633063526,1.94609370587866,TRUE,,TRUE,"2269;2464;1566;2072;1353;530;1494;1780;999;272;353;1251;1212;1748;2231;437;1048;2057;478;1782;388;802;630;2138;745;684;1712;1343;289;1451;1222;1529;1987;431;1394;1277;1843;78;2104;1062;1331;1680;2160;1792;2624;625;711;1590;1282;24;1930;2513;2598;230;2617;779;879;462;1860;2058;1315;374;1417;417;1943;1216;1937;1490;258;1974;194;785;1641;899;1123;1085;1149;2538;2191;2095;2168;2253;2417;1814;342;2437;2610;1342;1970;1868;1957;1433;211;1871;1730;2460;1148;774;2453;1742;1715;32;758;1850;2627;1512;751;1060","2556;2764;1765;2330;1521;579;1678;2001;1116;305;390;1412;1368;1967;2513;481;1169;2314;524;2003;428;882;690;2400;817;750;1929;1511;323;1631;1378;1718;2241;475;1568;1440;2075;88;2364;1189;1497;1894;2430;2016;2944;684;780;1791;1445;26;2178;2820;2915;259;2936;856;975;507;2094;2315;1481;414;1592;460;2191;1372;2185;1673;290;2226;217;862;1851;998;1259;1218;1290;2846;2466;2354;2439;2538;2715;2043;379;2735;2929;1510;2222;2103;2206;1611;240;2108;1949;2760;1289;851;2751;1961;1932;35;834;2083;2947;1699;824;1185",2639,-65.4764655686206,-134.683633063526,134.683633063526,1.94609370587866,TRUE,TRUE,
"01_RSPitHUMM","table1_capital_mobile_disburse","treatment3",109,0.0413035240621447,"Increase",69.2071674949056,-66.035982275782,-135.243149770688,135.243149770688,1.95417837004589,TRUE,,TRUE,"2269;2464;1566;2072;1353;530;1494;1780;999;272;353;1251;1212;1748;2231;437;1048;2057;478;1782;388;802;630;2138;745;684;1712;1343;289;1451;1222;1529;1987;431;1394;1277;1843;78;2104;1062;1331;1680;2160;1792;2624;625;711;1590;1282;24;1930;2513;2598;230;2617;779;879;462;1860;2058;1315;374;1417;417;1943;1216;1937;258;1490;1974;194;785;1641;899;1123;1085;1149;2538;2191;2095;2168;2253;2417;1814;342;2437;2610;1342;1970;1868;1957;1433;211;1871;1730;2460;1148;774;2453;1742;1715;32;758;1850;2627;1512;751;1060;1027","2556;2764;1765;2330;1521;579;1678;2001;1116;305;390;1412;1368;1967;2513;481;1169;2314;524;2003;428;882;690;2400;817;750;1929;1511;323;1631;1378;1718;2241;475;1568;1440;2075;88;2364;1189;1497;1894;2430;2016;2944;684;780;1791;1445;26;2178;2820;2915;259;2936;856;975;507;2094;2315;1481;414;1592;460;2191;1372;2185;290;1673;2226;217;862;1851;998;1259;1218;1290;2846;2466;2354;2439;2538;2715;2043;379;2735;2929;1510;2222;2103;2206;1611;240;2108;1949;2760;1289;851;2751;1961;1932;35;834;2083;2947;1699;824;1185;1147",2639,-66.035982275782,-135.243149770688,135.243149770688,1.95417837004589,TRUE,TRUE,
"01_RSPitHUMM","table1_capital_mobile_disburse","treatment3",110,0.0416824554755589,"Increase",69.2071674949056,-66.8590177493079,-136.066185244214,136.066185244214,1.96607071448531,TRUE,,TRUE,"2269;2464;1566;2072;1353;530;1494;1780;999;272;353;1251;1212;1748;2231;437;1048;2057;478;1782;388;802;630;2138;745;684;1712;1343;289;1451;1222;1529;1987;431;1394;1277;1843;78;2104;1062;1331;1680;2160;1792;2624;625;711;1590;1282;24;1930;2513;2598;230;2617;779;879;462;1860;2058;1315;374;1417;417;1943;1216;1937;258;1490;1974;194;785;1641;899;1123;1085;1149;2538;2191;2095;2168;2253;2417;1814;342;2437;2610;1342;1970;1868;1957;1433;211;1871;1730;2460;774;1148;2453;1742;1715;32;758;1850;2627;1512;751;1060;1027;2027","2556;2764;1765;2330;1521;579;1678;2001;1116;305;390;1412;1368;1967;2513;481;1169;2314;524;2003;428;882;690;2400;817;750;1929;1511;323;1631;1378;1718;2241;475;1568;1440;2075;88;2364;1189;1497;1894;2430;2016;2944;684;780;1791;1445;26;2178;2820;2915;259;2936;856;975;507;2094;2315;1481;414;1592;460;2191;1372;2185;290;1673;2226;217;862;1851;998;1259;1218;1290;2846;2466;2354;2439;2538;2715;2043;379;2735;2929;1510;2222;2103;2206;1611;240;2108;1949;2760;851;1289;2751;1961;1932;35;834;2083;2947;1699;824;1185;1147;2284",2639,-66.8590177493079,-136.066185244214,136.066185244214,1.96607071448531,TRUE,TRUE,
"01_RSPitHUMM","table1_capital_mobile_disburse","treatment3",111,0.0420613868889731,"Increase",69.2071674949056,-68.0441849893412,-137.251352484247,137.251352484247,1.98319563496584,TRUE,,TRUE,"2269;2464;1566;2072;1353;530;1494;1780;999;272;353;1251;1212;1748;2231;437;1048;2057;478;1782;388;802;630;2138;745;684;1712;1343;289;1451;1222;1529;1987;431;1394;1277;1843;78;2104;1062;1331;1680;2160;1792;2624;625;711;1590;1282;24;1930;2513;2598;230;2617;779;879;462;1860;2058;1315;374;1417;417;1943;1216;1937;258;1490;1974;194;785;1641;899;1123;1085;1149;2538;2191;2095;2168;2253;2417;1814;342;2437;2610;1342;1970;1868;1957;1433;211;1871;1730;2460;774;1148;2453;1742;1715;32;758;1850;2627;1512;751;1060;1027;2027;2505","2556;2764;1765;2330;1521;579;1678;2001;1116;305;390;1412;1368;1967;2513;481;1169;2314;524;2003;428;882;690;2400;817;750;1929;1511;323;1631;1378;1718;2241;475;1568;1440;2075;88;2364;1189;1497;1894;2430;2016;2944;684;780;1791;1445;26;2178;2820;2915;259;2936;856;975;507;2094;2315;1481;414;1592;460;2191;1372;2185;290;1673;2226;217;862;1851;998;1259;1218;1290;2846;2466;2354;2439;2538;2715;2043;379;2735;2929;1510;2222;2103;2206;1611;240;2108;1949;2760;851;1289;2751;1961;1932;35;834;2083;2947;1699;824;1185;1147;2284;2810",2639,-68.0441849893412,-137.251352484247,137.251352484247,1.98319563496584,TRUE,TRUE,
"01_RSPitHUMM","table1_capital_mobile_disburse","treatment3",112,0.0424403183023873,"Increase",69.2071674949056,-68.5895698493506,-137.796737344256,137.796737344256,1.99107610283862,TRUE,,TRUE,"2269;2464;1566;2072;1353;530;1494;1780;999;272;353;1251;1212;1748;2231;437;1048;2057;478;1782;388;802;630;2138;745;684;1712;1343;289;1451;1222;1529;1987;431;1394;1277;1843;78;2104;1062;1331;1680;2160;1792;2624;625;711;1590;1282;24;1930;2513;2598;230;2617;779;879;462;1860;2058;1315;374;1417;417;1943;1216;1937;258;1490;1974;194;785;1641;899;1123;1085;1149;2538;2191;2168;2095;2253;2417;1814;342;2437;2610;1342;1970;1868;1957;1433;211;1871;1730;2460;774;1148;2453;1742;1715;32;758;1850;2627;1512;751;1060;1027;2027;2505;1635","2556;2764;1765;2330;1521;579;1678;2001;1116;305;390;1412;1368;1967;2513;481;1169;2314;524;2003;428;882;690;2400;817;750;1929;1511;323;1631;1378;1718;2241;475;1568;1440;2075;88;2364;1189;1497;1894;2430;2016;2944;684;780;1791;1445;26;2178;2820;2915;259;2936;856;975;507;2094;2315;1481;414;1592;460;2191;1372;2185;290;1673;2226;217;862;1851;998;1259;1218;1290;2846;2466;2439;2354;2538;2715;2043;379;2735;2929;1510;2222;2103;2206;1611;240;2108;1949;2760;851;1289;2751;1961;1932;35;834;2083;2947;1699;824;1185;1147;2284;2810;1844",2639,-68.5895698493506,-137.796737344256,137.796737344256,1.99107610283862,TRUE,TRUE,
"01_RSPitHUMM","table1_capital_mobile_disburse","treatment3",113,0.0428192497158014,"Increase",69.2071674949056,-69.0787080613161,-138.285875556222,138.285875556222,1.99814384205799,TRUE,,TRUE,"2269;2464;1566;2072;1353;530;1494;1780;999;272;353;1251;1212;1748;2231;437;1048;2057;478;1782;388;802;630;2138;745;684;1712;1343;289;1451;1222;1529;1987;431;1394;1277;1843;78;2104;1062;1331;1680;2160;1792;2624;625;711;1590;1282;24;1930;2513;2598;230;2617;779;879;462;1860;2058;1315;374;1417;417;1943;1216;1937;258;1490;1974;194;785;1641;899;1123;1085;1149;2538;2191;2168;2095;2253;2417;1814;342;2437;2610;1342;1970;1868;1957;1433;211;1871;1730;2460;774;1148;2453;1742;1715;32;758;1850;2627;1512;751;1060;1027;2027;2505;1635;2251","2556;2764;1765;2330;1521;579;1678;2001;1116;305;390;1412;1368;1967;2513;481;1169;2314;524;2003;428;882;690;2400;817;750;1929;1511;323;1631;1378;1718;2241;475;1568;1440;2075;88;2364;1189;1497;1894;2430;2016;2944;684;780;1791;1445;26;2178;2820;2915;259;2936;856;975;507;2094;2315;1481;414;1592;460;2191;1372;2185;290;1673;2226;217;862;1851;998;1259;1218;1290;2846;2466;2439;2354;2538;2715;2043;379;2735;2929;1510;2222;2103;2206;1611;240;2108;1949;2760;851;1289;2751;1961;1932;35;834;2083;2947;1699;824;1185;1147;2284;2810;1844;2535",2639,-69.0787080613161,-138.285875556222,138.285875556222,1.99814384205799,TRUE,TRUE,
"01_RSPitHUMM","table1_capital_mobile_disburse","treatment3",114,0.0431981811292156,"Increase",69.2071674949056,-69.9197228675025,-139.126890362408,139.126890362408,2.01029597653522,TRUE,,TRUE,"2269;2464;1566;2072;1353;530;1494;1780;999;272;353;1251;1212;1748;2231;437;1048;2057;478;1782;388;802;630;2138;745;684;1712;1343;289;1451;1222;1529;1987;431;1394;1277;1843;78;2104;1062;1331;1680;2160;1792;2624;625;711;1590;1282;24;1930;2513;2598;230;2617;779;879;462;1860;2058;1315;374;1417;417;1943;1216;1937;258;1490;1974;194;785;1641;899;1123;1085;1149;2538;2191;2168;2095;2253;2417;1814;342;2437;2610;1342;1970;1868;1957;1433;211;1871;1730;2460;774;1148;2453;1742;1715;32;758;1850;2627;1512;751;1060;1027;2027;2505;1635;2251;1808","2556;2764;1765;2330;1521;579;1678;2001;1116;305;390;1412;1368;1967;2513;481;1169;2314;524;2003;428;882;690;2400;817;750;1929;1511;323;1631;1378;1718;2241;475;1568;1440;2075;88;2364;1189;1497;1894;2430;2016;2944;684;780;1791;1445;26;2178;2820;2915;259;2936;856;975;507;2094;2315;1481;414;1592;460;2191;1372;2185;290;1673;2226;217;862;1851;998;1259;1218;1290;2846;2466;2439;2354;2538;2715;2043;379;2735;2929;1510;2222;2103;2206;1611;240;2108;1949;2760;851;1289;2751;1961;1932;35;834;2083;2947;1699;824;1185;1147;2284;2810;1844;2535;2036",2639,-69.9197228675025,-139.126890362408,139.126890362408,2.01029597653522,TRUE,TRUE,
"01_RSPitHUMM","table1_capital_mobile_disburse","treatment3",115,0.0435771125426298,"Increase",69.2071674949056,-71.3642333893845,-140.57140088429,140.57140088429,2.03116824416543,TRUE,,TRUE,"2269;2464;1566;2072;1353;530;1494;1780;999;272;353;1251;1212;1748;2231;437;1048;2057;478;1782;388;802;630;2138;745;684;1712;1343;289;1451;1222;1529;1987;431;1394;1277;1843;78;2104;1062;1331;1680;2160;1792;2624;625;711;1590;1282;24;1930;2513;2598;230;2617;779;879;462;1860;2058;1315;374;1417;417;1943;1216;1937;258;1490;1974;194;785;1641;899;1123;1085;1149;2538;2191;2168;2095;2417;2253;1814;342;2437;2610;1342;1970;1868;1433;1957;211;1871;1730;2460;774;1148;2453;1742;1715;32;758;1850;2627;1512;751;1060;1027;2027;2505;1635;2251;1808;426","2556;2764;1765;2330;1521;579;1678;2001;1116;305;390;1412;1368;1967;2513;481;1169;2314;524;2003;428;882;690;2400;817;750;1929;1511;323;1631;1378;1718;2241;475;1568;1440;2075;88;2364;1189;1497;1894;2430;2016;2944;684;780;1791;1445;26;2178;2820;2915;259;2936;856;975;507;2094;2315;1481;414;1592;460;2191;1372;2185;290;1673;2226;217;862;1851;998;1259;1218;1290;2846;2466;2439;2354;2715;2538;2043;379;2735;2929;1510;2222;2103;1611;2206;240;2108;1949;2760;851;1289;2751;1961;1932;35;834;2083;2947;1699;824;1185;1147;2284;2810;1844;2535;2036;469",2639,-71.3642333893845,-140.57140088429,140.57140088429,2.03116824416543,TRUE,TRUE,
"01_RSPitHUMM","table1_capital_mobile_disburse","treatment3",116,0.043956043956044,"Increase",69.2071674949056,-71.3642333893845,-140.57140088429,140.57140088429,2.03116824416543,TRUE,,TRUE,"2269;2464;1566;2072;1353;530;1494;1780;999;272;353;1251;1212;1748;2231;437;1048;2057;478;1782;388;802;630;2138;745;684;1712;1343;289;1451;1222;1529;1987;431;1394;1277;78;1843;2104;1062;1331;1680;2160;1792;2624;625;711;1590;1282;24;1930;2513;2598;230;2617;779;879;462;1860;2058;1315;374;1417;417;1943;1216;1937;258;1490;1974;194;785;1641;899;1123;1085;1149;2538;2191;2168;2095;2417;2253;1814;342;2610;2437;1342;1970;1868;1433;1957;211;1871;1730;774;2460;2453;1148;1742;1715;32;758;1850;2627;1512;751;1060;1027;2027;2505;1635;2251;1808;426;370","2556;2764;1765;2330;1521;579;1678;2001;1116;305;390;1412;1368;1967;2513;481;1169;2314;524;2003;428;882;690;2400;817;750;1929;1511;323;1631;1378;1718;2241;475;1568;1440;88;2075;2364;1189;1497;1894;2430;2016;2944;684;780;1791;1445;26;2178;2820;2915;259;2936;856;975;507;2094;2315;1481;414;1592;460;2191;1372;2185;290;1673;2226;217;862;1851;998;1259;1218;1290;2846;2466;2439;2354;2715;2538;2043;379;2929;2735;1510;2222;2103;1611;2206;240;2108;1949;851;2760;2751;1289;1961;1932;35;834;2083;2947;1699;824;1185;1147;2284;2810;1844;2535;2036;469;409",2639,-71.3642333893845,-140.57140088429,140.57140088429,2.03116824416543,TRUE,TRUE,
"01_RSPitHUMM","table1_capital_mobile_disburse","treatment3",117,0.0443349753694581,"Increase",69.2071674949056,-72.2977222989601,-141.504889793866,141.504889793866,2.04465657121832,TRUE,,TRUE,"2269;2464;1566;2072;1353;530;1494;1780;999;272;353;1251;1212;1748;2231;437;1048;2057;478;1782;388;802;630;2138;745;684;1712;1343;289;1451;1222;1529;1987;431;1394;1277;78;1843;2104;1062;1331;1680;2160;1792;2624;625;711;1590;1282;24;1930;2513;2598;230;2617;779;879;462;1860;2058;1315;374;1417;417;1943;1216;1937;258;1490;1974;194;785;1641;899;1123;1085;1149;2538;2191;2168;2095;2417;2253;1814;342;2610;2437;1342;1970;1868;1433;1957;211;1871;1730;774;2460;2453;1148;1742;1715;32;758;1850;2627;1512;751;1060;1027;2027;2505;1635;2251;1808;426;370;422","2556;2764;1765;2330;1521;579;1678;2001;1116;305;390;1412;1368;1967;2513;481;1169;2314;524;2003;428;882;690;2400;817;750;1929;1511;323;1631;1378;1718;2241;475;1568;1440;88;2075;2364;1189;1497;1894;2430;2016;2944;684;780;1791;1445;26;2178;2820;2915;259;2936;856;975;507;2094;2315;1481;414;1592;460;2191;1372;2185;290;1673;2226;217;862;1851;998;1259;1218;1290;2846;2466;2439;2354;2715;2538;2043;379;2929;2735;1510;2222;2103;1611;2206;240;2108;1949;851;2760;2751;1289;1961;1932;35;834;2083;2947;1699;824;1185;1147;2284;2810;1844;2535;2036;469;409;465",2639,-72.2977222989601,-141.504889793866,141.504889793866,2.04465657121832,TRUE,TRUE,
"01_RSPitHUMM","table1_capital_mobile_disburse","treatment3",118,0.0447139067828723,"Increase",69.2071674949056,-73.0322758088611,-142.239443303767,142.239443303767,2.05527040698837,TRUE,,TRUE,"2269;2464;1566;2072;1353;530;1494;1780;999;272;353;1251;1212;1748;2231;437;1048;2057;478;1782;388;802;630;2138;745;684;1712;1343;289;1451;1222;1529;1987;431;1394;1277;78;1843;2104;1062;1331;1680;2160;1792;2624;625;711;1590;1282;24;1930;2513;2598;230;2617;779;879;462;1860;2058;1315;374;1417;417;1943;1216;1937;258;1490;1974;194;785;1641;899;1123;1085;1149;2538;2191;2168;2095;2417;2253;1814;342;2610;2437;1342;1970;1868;1433;1957;211;1871;1730;774;2460;2453;1148;1742;1715;32;758;1850;2627;1512;751;1060;1027;2027;2505;1635;2251;1808;426;370;422;722","2556;2764;1765;2330;1521;579;1678;2001;1116;305;390;1412;1368;1967;2513;481;1169;2314;524;2003;428;882;690;2400;817;750;1929;1511;323;1631;1378;1718;2241;475;1568;1440;88;2075;2364;1189;1497;1894;2430;2016;2944;684;780;1791;1445;26;2178;2820;2915;259;2936;856;975;507;2094;2315;1481;414;1592;460;2191;1372;2185;290;1673;2226;217;862;1851;998;1259;1218;1290;2846;2466;2439;2354;2715;2538;2043;379;2929;2735;1510;2222;2103;1611;2206;240;2108;1949;851;2760;2751;1289;1961;1932;35;834;2083;2947;1699;824;1185;1147;2284;2810;1844;2535;2036;469;409;465;791",2639,-73.0322758088611,-142.239443303767,142.239443303767,2.05527040698837,TRUE,TRUE,
"01_RSPitHUMM","table1_capital_mobile_disburse","treatment3",119,0.0450928381962865,"Increase",69.2071674949056,-73.7906210434631,-142.997788538369,142.997788538369,2.06622801820194,TRUE,,TRUE,"2269;2464;1566;2072;1353;530;1494;1780;999;272;353;1251;1212;1748;2231;437;1048;2057;478;1782;388;802;630;2138;745;684;1712;1343;289;1451;1222;1529;1987;431;1394;1277;78;1843;2104;1062;1331;1680;2160;1792;2624;625;711;1590;1282;24;1930;2513;2598;230;2617;779;879;462;1860;2058;1315;374;1417;417;1943;1216;1937;258;1490;1974;194;785;1641;899;1123;1085;1149;2191;2538;2168;2095;2417;2253;1814;342;2610;2437;1342;1970;1433;1868;1957;211;1871;1730;774;2460;2453;1148;1742;1715;32;758;1850;2627;1512;751;1060;1027;2027;2505;1635;2251;1808;426;370;422;722;2240","2556;2764;1765;2330;1521;579;1678;2001;1116;305;390;1412;1368;1967;2513;481;1169;2314;524;2003;428;882;690;2400;817;750;1929;1511;323;1631;1378;1718;2241;475;1568;1440;88;2075;2364;1189;1497;1894;2430;2016;2944;684;780;1791;1445;26;2178;2820;2915;259;2936;856;975;507;2094;2315;1481;414;1592;460;2191;1372;2185;290;1673;2226;217;862;1851;998;1259;1218;1290;2466;2846;2439;2354;2715;2538;2043;379;2929;2735;1510;2222;1611;2103;2206;240;2108;1949;851;2760;2751;1289;1961;1932;35;834;2083;2947;1699;824;1185;1147;2284;2810;1844;2535;2036;469;409;465;791;2523",2639,-73.7906210434631,-142.997788538369,142.997788538369,2.06622801820194,TRUE,TRUE,
"01_RSPitHUMM","table1_capital_mobile_disburse","treatment3",120,0.0454717696097006,"Increase",69.2071674949056,-74.5692853398257,-143.776452834731,143.776452834731,2.07747922706582,TRUE,,TRUE,"2269;2464;1566;2072;1353;530;1494;1780;999;272;353;1251;1212;1748;2231;437;1048;2057;478;1782;388;802;630;2138;745;684;1712;1343;289;1451;1222;1529;1987;431;1394;1277;78;1843;2104;1062;1331;1680;2160;1792;2624;625;711;1590;1282;24;2513;1930;2598;230;2617;779;879;462;1860;2058;1315;374;1417;417;1943;1216;1937;258;1490;1974;194;785;1641;899;1123;1085;1149;2191;2538;2168;2095;2417;2253;1814;342;2610;2437;1342;1970;1433;1868;1957;211;1871;1730;774;2453;2460;1148;1742;1715;32;758;1850;2627;1512;751;1060;1027;2027;2505;2251;1635;1808;426;370;422;722;2240;2288","2556;2764;1765;2330;1521;579;1678;2001;1116;305;390;1412;1368;1967;2513;481;1169;2314;524;2003;428;882;690;2400;817;750;1929;1511;323;1631;1378;1718;2241;475;1568;1440;88;2075;2364;1189;1497;1894;2430;2016;2944;684;780;1791;1445;26;2820;2178;2915;259;2936;856;975;507;2094;2315;1481;414;1592;460;2191;1372;2185;290;1673;2226;217;862;1851;998;1259;1218;1290;2466;2846;2439;2354;2715;2538;2043;379;2929;2735;1510;2222;1611;2103;2206;240;2108;1949;851;2751;2760;1289;1961;1932;35;834;2083;2947;1699;824;1185;1147;2284;2810;2535;1844;2036;469;409;465;791;2523;2577",2639,-74.5692853398257,-143.776452834731,143.776452834731,2.07747922706582,TRUE,TRUE,
"01_RSPitHUMM","table1_capital_mobile_disburse","treatment3",121,0.0458507010231148,"Increase",69.2071674949056,-75.2851831278934,-144.492350622799,144.492350622799,2.08782349940034,TRUE,,TRUE,"2269;2464;1566;2072;1353;530;1494;1780;999;272;353;1251;1212;1748;2231;437;1048;2057;478;1782;388;802;630;2138;745;684;1712;1343;289;1451;1222;1529;1987;431;1394;1277;78;1843;2104;1062;1331;2160;1680;1792;2624;625;711;1590;1282;24;2513;1930;2598;230;2617;779;879;462;1860;2058;1315;374;1417;417;1943;1216;1937;258;1490;1974;194;785;1641;899;1123;1085;1149;2191;2538;2168;2095;2417;2253;1814;342;2610;2437;1342;1970;1433;1957;1868;211;1871;1730;774;2453;2460;1148;1742;1715;32;758;1850;2627;1512;751;1060;1027;2027;2505;2251;1635;1808;426;370;422;722;2240;2288;1756","2556;2764;1765;2330;1521;579;1678;2001;1116;305;390;1412;1368;1967;2513;481;1169;2314;524;2003;428;882;690;2400;817;750;1929;1511;323;1631;1378;1718;2241;475;1568;1440;88;2075;2364;1189;1497;2430;1894;2016;2944;684;780;1791;1445;26;2820;2178;2915;259;2936;856;975;507;2094;2315;1481;414;1592;460;2191;1372;2185;290;1673;2226;217;862;1851;998;1259;1218;1290;2466;2846;2439;2354;2715;2538;2043;379;2929;2735;1510;2222;1611;2206;2103;240;2108;1949;851;2751;2760;1289;1961;1932;35;834;2083;2947;1699;824;1185;1147;2284;2810;2535;1844;2036;469;409;465;791;2523;2577;1975",2639,-75.2851831278934,-144.492350622799,144.492350622799,2.08782349940034,TRUE,TRUE,
"01_RSPitHUMM","table1_capital_mobile_disburse","treatment3",122,0.046229632436529,"Increase",69.2071674949056,-75.5744386805744,-144.78160617548,144.78160617548,2.09200306003186,TRUE,,TRUE,"2269;2464;1566;2072;1353;530;1494;1780;999;272;353;1251;1212;1748;2231;437;1048;2057;478;1782;388;802;630;2138;745;684;1712;1343;289;1451;1222;1529;1987;431;1394;1277;78;1843;2104;1062;1331;2160;1680;1792;2624;625;711;1590;1282;24;2513;1930;2598;230;2617;779;879;462;1860;2058;1315;374;1417;417;1943;1216;1937;258;1490;1974;194;785;1641;899;1123;1085;1149;2191;2538;2168;2095;2417;2253;1814;342;2610;2437;1342;1970;1433;1957;1868;211;1871;1730;774;2453;2460;1742;1148;1715;32;758;1850;2627;1512;751;1060;1027;2027;2505;2251;1635;1808;426;370;422;722;2240;2288;1756;2572","2556;2764;1765;2330;1521;579;1678;2001;1116;305;390;1412;1368;1967;2513;481;1169;2314;524;2003;428;882;690;2400;817;750;1929;1511;323;1631;1378;1718;2241;475;1568;1440;88;2075;2364;1189;1497;2430;1894;2016;2944;684;780;1791;1445;26;2820;2178;2915;259;2936;856;975;507;2094;2315;1481;414;1592;460;2191;1372;2185;290;1673;2226;217;862;1851;998;1259;1218;1290;2466;2846;2439;2354;2715;2538;2043;379;2929;2735;1510;2222;1611;2206;2103;240;2108;1949;851;2751;2760;1961;1289;1932;35;834;2083;2947;1699;824;1185;1147;2284;2810;2535;1844;2036;469;409;465;791;2523;2577;1975;2886",2639,-75.5744386805744,-144.78160617548,144.78160617548,2.09200306003186,TRUE,TRUE,
"01_RSPitHUMM","table1_capital_mobile_disburse","treatment3",123,0.0466085638499432,"Increase",69.2071674949056,-76.3221337084318,-145.529301203337,145.529301203337,2.10280678246296,TRUE,,TRUE,"2269;2464;1566;2072;1353;530;1494;1780;999;272;353;1251;1212;1748;2231;437;1048;2057;478;1782;388;802;630;2138;745;684;1712;1343;289;1451;1222;1529;1987;431;1394;1277;78;1843;2104;1062;1331;2160;1680;1792;2624;625;711;1590;1282;24;2513;1930;2598;230;2617;779;879;462;1860;2058;1315;374;1417;417;1943;1216;1937;258;1490;1974;194;785;1641;899;1123;1085;1149;2191;2538;2168;2095;2417;2253;1814;342;2610;2437;1342;1970;1433;1957;1868;211;1871;1730;774;2453;2460;1742;1148;1715;32;758;1850;2627;1512;751;1060;1027;2027;2505;2251;1635;1808;426;370;422;722;2240;2288;1756;2572;1111","2556;2764;1765;2330;1521;579;1678;2001;1116;305;390;1412;1368;1967;2513;481;1169;2314;524;2003;428;882;690;2400;817;750;1929;1511;323;1631;1378;1718;2241;475;1568;1440;88;2075;2364;1189;1497;2430;1894;2016;2944;684;780;1791;1445;26;2820;2178;2915;259;2936;856;975;507;2094;2315;1481;414;1592;460;2191;1372;2185;290;1673;2226;217;862;1851;998;1259;1218;1290;2466;2846;2439;2354;2715;2538;2043;379;2929;2735;1510;2222;1611;2206;2103;240;2108;1949;851;2751;2760;1961;1289;1932;35;834;2083;2947;1699;824;1185;1147;2284;2810;2535;1844;2036;469;409;465;791;2523;2577;1975;2886;1247",2639,-76.3221337084318,-145.529301203337,145.529301203337,2.10280678246296,TRUE,TRUE,
"01_RSPitHUMM","table1_capital_mobile_disburse","treatment3",124,0.0469874952633573,"Increase",69.2071674949056,-77.0948593887628,-146.302026883668,146.302026883668,2.11397218206391,TRUE,,TRUE,"2269;2464;1566;2072;1353;530;1494;1780;999;272;353;1251;1212;1748;2231;437;1048;2057;478;1782;388;802;630;2138;745;684;1712;1343;289;1451;1222;1529;1987;431;1394;1277;78;1843;2104;1062;1331;2160;1680;1792;2624;625;711;1590;1282;24;2513;1930;2598;230;2617;779;879;462;1860;2058;1315;374;1417;417;1943;1216;1937;258;1490;1974;194;785;1641;899;1123;1085;1149;2191;2538;2168;2095;2417;2253;1814;342;2610;2437;1342;1970;1433;1957;1868;211;1871;1730;2453;774;2460;1742;1148;1715;32;758;1850;2627;1512;751;1060;1027;2027;2505;2251;1635;1808;426;370;422;722;2240;2288;1756;2572;1111;2346","2556;2764;1765;2330;1521;579;1678;2001;1116;305;390;1412;1368;1967;2513;481;1169;2314;524;2003;428;882;690;2400;817;750;1929;1511;323;1631;1378;1718;2241;475;1568;1440;88;2075;2364;1189;1497;2430;1894;2016;2944;684;780;1791;1445;26;2820;2178;2915;259;2936;856;975;507;2094;2315;1481;414;1592;460;2191;1372;2185;290;1673;2226;217;862;1851;998;1259;1218;1290;2466;2846;2439;2354;2715;2538;2043;379;2929;2735;1510;2222;1611;2206;2103;240;2108;1949;2751;851;2760;1961;1289;1932;35;834;2083;2947;1699;824;1185;1147;2284;2810;2535;1844;2036;469;409;465;791;2523;2577;1975;2886;1247;2640",2639,-77.0948593887628,-146.302026883668,146.302026883668,2.11397218206391,TRUE,TRUE,
"01_RSPitHUMM","table1_capital_mobile_disburse","treatment3",125,0.0473664266767715,"Increase",69.2071674949056,-77.4261760435458,-146.633343538451,146.633343538451,2.11875949914068,TRUE,,TRUE,"2269;2464;1566;2072;1353;530;1494;1780;999;272;353;1251;1212;1748;2231;437;1048;2057;478;1782;388;802;630;2138;745;684;1712;1343;289;1451;1222;1529;1987;431;1394;1277;78;1843;2104;1062;1331;2160;1680;1792;2624;625;711;1590;1282;24;2513;1930;2598;230;2617;779;879;462;1860;2058;1315;374;1417;417;1943;1216;1937;258;1490;1974;194;785;1641;899;1123;1085;1149;2191;2538;2168;2095;2417;2253;1814;342;2610;2437;1342;1970;1433;1957;1868;211;1871;1730;2453;774;2460;1742;1148;1715;32;758;1850;2627;1512;751;1060;1027;2027;2505;2251;1635;1808;426;370;422;722;2240;2288;1756;2572;1111;2346;1471","2556;2764;1765;2330;1521;579;1678;2001;1116;305;390;1412;1368;1967;2513;481;1169;2314;524;2003;428;882;690;2400;817;750;1929;1511;323;1631;1378;1718;2241;475;1568;1440;88;2075;2364;1189;1497;2430;1894;2016;2944;684;780;1791;1445;26;2820;2178;2915;259;2936;856;975;507;2094;2315;1481;414;1592;460;2191;1372;2185;290;1673;2226;217;862;1851;998;1259;1218;1290;2466;2846;2439;2354;2715;2538;2043;379;2929;2735;1510;2222;1611;2206;2103;240;2108;1949;2751;851;2760;1961;1289;1932;35;834;2083;2947;1699;824;1185;1147;2284;2810;2535;1844;2036;469;409;465;791;2523;2577;1975;2886;1247;2640;1653",2639,-77.4261760435458,-146.633343538451,146.633343538451,2.11875949914068,TRUE,TRUE,
"01_RSPitHUMM","table1_capital_mobile_disburse","treatment3",126,0.0477453580901857,"Increase",69.2071674949056,-78.2020183420059,-147.409185836911,147.409185836911,2.12996993191149,TRUE,,TRUE,"2269;2464;1566;2072;1353;530;1494;1780;999;272;353;1251;1212;1748;2231;437;1048;2057;478;1782;388;802;630;2138;745;684;1712;1343;289;1451;1222;1529;1987;431;1394;1277;78;1843;2104;1062;1331;2160;1680;1792;2624;625;711;1590;1282;24;2513;1930;2598;230;2617;779;879;462;1860;2058;1315;374;1417;417;1943;1216;1937;258;1490;1974;194;785;1641;899;1123;1085;1149;2191;2538;2168;2095;2417;2253;1814;342;2610;2437;1342;1970;1433;1957;1868;211;1871;1730;2453;774;2460;1742;1148;1715;32;758;1850;2627;1512;751;1060;1027;2027;2505;2251;1635;1808;426;370;422;722;2240;2288;1756;2572;1111;2346;1471;2244","2556;2764;1765;2330;1521;579;1678;2001;1116;305;390;1412;1368;1967;2513;481;1169;2314;524;2003;428;882;690;2400;817;750;1929;1511;323;1631;1378;1718;2241;475;1568;1440;88;2075;2364;1189;1497;2430;1894;2016;2944;684;780;1791;1445;26;2820;2178;2915;259;2936;856;975;507;2094;2315;1481;414;1592;460;2191;1372;2185;290;1673;2226;217;862;1851;998;1259;1218;1290;2466;2846;2439;2354;2715;2538;2043;379;2929;2735;1510;2222;1611;2206;2103;240;2108;1949;2751;851;2760;1961;1289;1932;35;834;2083;2947;1699;824;1185;1147;2284;2810;2535;1844;2036;469;409;465;791;2523;2577;1975;2886;1247;2640;1653;2528",2639,-78.2020183420059,-147.409185836911,147.409185836911,2.12996993191149,TRUE,TRUE,
"01_RSPitHUMM","table1_capital_mobile_disburse","treatment3",127,0.0481242895035998,"Increase",69.2071674949056,-78.5357202499293,-147.742887744835,147.742887744835,2.13479171439447,TRUE,,TRUE,"2269;2464;1566;2072;1353;530;1494;1780;999;272;353;1251;1212;1748;2231;437;1048;2057;478;1782;388;802;630;2138;745;684;1712;1343;289;1451;1222;1529;1987;431;1394;1277;78;1843;2104;1062;1331;2160;1680;1792;2624;625;711;1590;1282;24;2513;1930;2598;230;2617;779;879;462;1860;2058;1315;374;1417;417;1943;1216;1937;258;1490;1974;194;785;1641;899;1123;1085;1149;2191;2538;2168;2095;2417;2253;1814;342;2610;2437;1342;1970;1433;1957;1868;1871;1730;211;2453;774;2460;1742;1148;1715;32;758;1850;2627;1512;751;1060;1027;2027;2505;2251;1635;1808;426;370;422;722;2240;2288;1756;2572;1111;2346;1471;2244;1024","2556;2764;1765;2330;1521;579;1678;2001;1116;305;390;1412;1368;1967;2513;481;1169;2314;524;2003;428;882;690;2400;817;750;1929;1511;323;1631;1378;1718;2241;475;1568;1440;88;2075;2364;1189;1497;2430;1894;2016;2944;684;780;1791;1445;26;2820;2178;2915;259;2936;856;975;507;2094;2315;1481;414;1592;460;2191;1372;2185;290;1673;2226;217;862;1851;998;1259;1218;1290;2466;2846;2439;2354;2715;2538;2043;379;2929;2735;1510;2222;1611;2206;2103;2108;1949;240;2751;851;2760;1961;1289;1932;35;834;2083;2947;1699;824;1185;1147;2284;2810;2535;1844;2036;469;409;465;791;2523;2577;1975;2886;1247;2640;1653;2528;1144",2639,-78.5357202499293,-147.742887744835,147.742887744835,2.13479171439447,TRUE,TRUE,
"01_RSPitHUMM","table1_capital_mobile_disburse","treatment3",128,0.048503220917014,"Increase",69.2071674949056,-79.414075679102,-148.621243174008,148.621243174008,2.14748339736557,TRUE,,TRUE,"2269;2464;1566;2072;1353;530;1494;1780;999;272;353;1251;1212;1748;2231;437;1048;2057;478;1782;388;802;630;2138;745;684;1712;1343;289;1451;1222;1529;1987;431;1394;1277;78;1843;2104;1062;1331;2160;1680;1792;2624;625;711;1590;1282;24;2513;1930;2598;230;2617;779;879;462;1860;2058;1315;374;1417;417;1943;1216;1937;258;1490;1974;194;785;1641;1085;899;1123;1149;2191;2538;2168;2095;2417;2253;1814;342;2610;2437;1342;1970;1433;1957;1868;1871;1730;211;2453;774;2460;1742;1148;1715;32;758;1850;2627;1512;751;1060;1027;2027;2505;2251;1635;1808;426;370;422;722;2240;2288;1756;2572;1111;2346;1471;2244;1024;1522","2556;2764;1765;2330;1521;579;1678;2001;1116;305;390;1412;1368;1967;2513;481;1169;2314;524;2003;428;882;690;2400;817;750;1929;1511;323;1631;1378;1718;2241;475;1568;1440;88;2075;2364;1189;1497;2430;1894;2016;2944;684;780;1791;1445;26;2820;2178;2915;259;2936;856;975;507;2094;2315;1481;414;1592;460;2191;1372;2185;290;1673;2226;217;862;1851;1218;998;1259;1290;2466;2846;2439;2354;2715;2538;2043;379;2929;2735;1510;2222;1611;2206;2103;2108;1949;240;2751;851;2760;1961;1289;1932;35;834;2083;2947;1699;824;1185;1147;2284;2810;2535;1844;2036;469;409;465;791;2523;2577;1975;2886;1247;2640;1653;2528;1144;1711",2639,-79.414075679102,-148.621243174008,148.621243174008,2.14748339736557,TRUE,TRUE,
"01_RSPitHUMM","table1_capital_mobile_disburse","treatment3",129,0.0488821523304282,"Increase",69.2071674949056,-80.2318967465933,-149.439064241499,149.439064241499,2.15930039692058,TRUE,,TRUE,"2269;2464;1566;2072;1353;530;1494;1780;999;272;353;1251;1212;1748;2231;437;1048;2057;478;1782;388;802;630;2138;745;684;1712;1343;289;1451;1222;1529;1987;431;1394;1277;78;1843;2104;1062;1331;2160;1680;1792;2624;625;711;1590;1282;24;2513;1930;2598;230;2617;779;879;462;1860;2058;1315;374;1417;417;1943;1216;1937;258;1490;1974;194;785;1641;1085;899;1123;1149;2191;2538;2168;2095;2417;2253;1814;342;2610;2437;1342;1970;1433;1957;1868;1871;1730;211;2453;774;1742;2460;1148;1715;32;758;1850;2627;1512;751;1060;1027;2027;2505;2251;1635;1808;426;370;422;722;2240;2288;1756;2572;1111;2346;1471;2244;1024;1522;2177","2556;2764;1765;2330;1521;579;1678;2001;1116;305;390;1412;1368;1967;2513;481;1169;2314;524;2003;428;882;690;2400;817;750;1929;1511;323;1631;1378;1718;2241;475;1568;1440;88;2075;2364;1189;1497;2430;1894;2016;2944;684;780;1791;1445;26;2820;2178;2915;259;2936;856;975;507;2094;2315;1481;414;1592;460;2191;1372;2185;290;1673;2226;217;862;1851;1218;998;1259;1290;2466;2846;2439;2354;2715;2538;2043;379;2929;2735;1510;2222;1611;2206;2103;2108;1949;240;2751;851;1961;2760;1289;1932;35;834;2083;2947;1699;824;1185;1147;2284;2810;2535;1844;2036;469;409;465;791;2523;2577;1975;2886;1247;2640;1653;2528;1144;1711;2451",2639,-80.2318967465933,-149.439064241499,149.439064241499,2.15930039692058,TRUE,TRUE,
"01_RSPitHUMM","table1_capital_mobile_disburse","treatment3",130,0.0492610837438424,"Increase",69.2071674949056,-80.3636610652429,-149.570828560148,149.570828560148,2.16120430837107,TRUE,,TRUE,"2269;2464;1566;2072;1353;530;1494;1780;999;272;353;1251;1212;1748;2231;437;1048;2057;478;1782;388;802;630;2138;745;684;1712;1343;289;1451;1222;1529;1987;431;1394;1277;78;1843;2104;1062;1331;2160;1680;1792;2624;625;711;1590;1282;24;2513;1930;2598;230;2617;779;879;462;1860;1315;2058;374;1417;417;1943;1216;1937;258;1490;1974;194;785;1641;1085;899;1123;1149;2191;2538;2168;2095;2417;2253;1814;342;2610;2437;1342;1970;1433;1957;1868;1871;1730;211;2453;774;1742;2460;1148;1715;32;758;1850;2627;1512;751;1060;1027;2027;2505;2251;1635;1808;426;370;422;722;2240;2288;1756;2572;1111;2346;1471;2244;1024;1522;2177;39","2556;2764;1765;2330;1521;579;1678;2001;1116;305;390;1412;1368;1967;2513;481;1169;2314;524;2003;428;882;690;2400;817;750;1929;1511;323;1631;1378;1718;2241;475;1568;1440;88;2075;2364;1189;1497;2430;1894;2016;2944;684;780;1791;1445;26;2820;2178;2915;259;2936;856;975;507;2094;1481;2315;414;1592;460;2191;1372;2185;290;1673;2226;217;862;1851;1218;998;1259;1290;2466;2846;2439;2354;2715;2538;2043;379;2929;2735;1510;2222;1611;2206;2103;2108;1949;240;2751;851;1961;2760;1289;1932;35;834;2083;2947;1699;824;1185;1147;2284;2810;2535;1844;2036;469;409;465;791;2523;2577;1975;2886;1247;2640;1653;2528;1144;1711;2451;42",2639,-80.3636610652429,-149.570828560148,149.570828560148,2.16120430837107,TRUE,TRUE,
"01_RSPitHUMM","table1_capital_mobile_disburse","treatment3",131,0.0496400151572565,"Increase",69.2071674949056,-81.4688346026161,-150.676002097522,150.676002097522,2.17717337020928,TRUE,,TRUE,"2269;2464;1566;2072;1353;530;1494;1780;999;272;353;1251;1212;1748;2231;437;1048;2057;478;1782;388;802;630;2138;745;684;1712;1343;289;1451;1222;1529;1987;431;1394;1277;78;1843;2104;1062;1331;2160;1680;1792;2624;625;711;1590;1282;24;2513;1930;2598;230;2617;779;879;462;1860;1315;2058;374;1417;417;1943;1216;1937;258;1490;1974;194;785;1641;1085;899;1123;1149;2191;2538;2168;2095;2417;2253;1814;342;2610;2437;1342;1970;1433;1957;1868;1871;1730;211;2453;774;1742;2460;1148;1715;32;758;1850;2627;1512;751;1060;1027;2027;2505;2251;1635;1808;426;370;422;722;2240;2288;1756;2572;1111;2346;1471;2244;1024;2177;1522;39;1340","2556;2764;1765;2330;1521;579;1678;2001;1116;305;390;1412;1368;1967;2513;481;1169;2314;524;2003;428;882;690;2400;817;750;1929;1511;323;1631;1378;1718;2241;475;1568;1440;88;2075;2364;1189;1497;2430;1894;2016;2944;684;780;1791;1445;26;2820;2178;2915;259;2936;856;975;507;2094;1481;2315;414;1592;460;2191;1372;2185;290;1673;2226;217;862;1851;1218;998;1259;1290;2466;2846;2439;2354;2715;2538;2043;379;2929;2735;1510;2222;1611;2206;2103;2108;1949;240;2751;851;1961;2760;1289;1932;35;834;2083;2947;1699;824;1185;1147;2284;2810;2535;1844;2036;469;409;465;791;2523;2577;1975;2886;1247;2640;1653;2528;1144;2451;1711;42;1506",2639,-81.4688346026161,-150.676002097522,150.676002097522,2.17717337020928,TRUE,TRUE,
"01_RSPitHUMM","table1_capital_mobile_disburse","treatment3",1,0.000378931413414172,"Decrease",69.2071674949056,72.8474810346022,3.64031353969656,3.64031353969656,0.0526002388403561,TRUE,,,"84","95",2639,72.8474810346022,3.64031353969656,3.64031353969656,0.0526002388403561,,TRUE,
"01_RSPitHUMM","table1_capital_mobile_disburse","treatment3",2,0.000757862826828344,"Decrease",69.2071674949056,76.2261783788443,7.01901088393869,7.01901088393869,0.101420288360384,TRUE,,TRUE,"84;1945","95;2193",2639,76.2261783788443,7.01901088393869,7.01901088393869,0.101420288360384,TRUE,TRUE,
"01_RSPitHUMM","table1_capital_mobile_disburse","treatment3",3,0.00113679424024252,"Decrease",69.2071674949056,79.0301616769556,9.82299418204997,9.82299418204997,0.141936081732763,TRUE,,TRUE,"84;1945;1012","95;2193;1130",2639,79.0301616769556,9.82299418204997,9.82299418204997,0.141936081732763,TRUE,TRUE,
"01_RSPitHUMM","table1_capital_mobile_disburse","treatment3",4,0.00151572565365669,"Decrease",69.2071674949056,81.725296298451,12.5181288035454,12.5181288035454,0.18087908025519,TRUE,,TRUE,"84;1945;1012;1847","95;2193;1130;2079",2639,81.725296298451,12.5181288035454,12.5181288035454,0.18087908025519,TRUE,TRUE,
"01_RSPitHUMM","table1_capital_mobile_disburse","treatment3",5,0.00189465706707086,"Decrease",69.2071674949056,84.179220121323,14.9720526264174,14.9720526264174,0.216336734595004,TRUE,,TRUE,"84;1945;1012;1847;1786","95;2193;1130;2079;2009",2639,84.179220121323,14.9720526264174,14.9720526264174,0.216336734595004,TRUE,TRUE,
"01_RSPitHUMM","table1_capital_mobile_disburse","treatment3",6,0.00227358848048503,"Decrease",69.2071674949056,86.6549806117449,17.4478131168393,17.4478131168393,0.252109915033348,TRUE,,TRUE,"84;1945;1012;1847;1786;1217","95;2193;1130;2079;2009;1373",2639,86.6549806117449,17.4478131168393,17.4478131168393,0.252109915033348,TRUE,TRUE,
"01_RSPitHUMM","table1_capital_mobile_disburse","treatment3",7,0.0026525198938992,"Decrease",69.2071674949056,89.4610147040011,20.2538472090955,20.2538472090955,0.292655341090017,TRUE,,TRUE,"84;1945;1012;1847;1786;1217;1144","95;2193;1130;2079;2009;1373;1285",2639,89.4610147040011,20.2538472090955,20.2538472090955,0.292655341090017,TRUE,TRUE,
"01_RSPitHUMM","table1_capital_mobile_disburse","treatment3",8,0.00303145130731338,"Decrease",69.2071674949056,92.7581701802762,23.5510026853706,23.5510026853706,0.340297161953698,TRUE,,TRUE,"84;1945;1012;1847;1786;1217;1144;2235","95;2193;1130;2079;2009;1373;1285;2517",2639,92.7581701802762,23.5510026853706,23.5510026853706,0.340297161953698,TRUE,TRUE,
"01_RSPitHUMM","table1_capital_mobile_disburse","treatment3",9,0.00341038272072755,"Decrease",69.2071674949056,95.0571860829116,25.850018588006,25.850018588006,0.373516494370455,TRUE,,TRUE,"84;1945;1012;1847;1786;1217;1144;2235;2338","95;2193;1130;2079;2009;1373;1285;2517;2631",2639,95.0571860829116,25.850018588006,25.850018588006,0.373516494370455,TRUE,TRUE,
"01_RSPitHUMM","table1_capital_mobile_disburse","treatment3",10,0.00378931413414172,"Decrease",69.2071674949056,97.1932898205558,27.9861223256502,27.9861223256502,0.404381848566628,TRUE,,TRUE,"84;1945;1012;1847;1786;1217;1144;2235;2338;2326","95;2193;1130;2079;2009;1373;1285;2517;2631;2617",2639,97.1932898205558,27.9861223256502,27.9861223256502,0.404381848566628,TRUE,TRUE,
"01_RSPitHUMM","table1_capital_mobile_disburse","treatment3",11,0.00416824554755589,"Decrease",69.2071674949056,99.5585095653116,30.351342070406,30.351342070406,0.438557784822506,TRUE,,TRUE,"84;1945;1012;1847;1786;1217;1144;2235;2338;2326;459","95;2193;1130;2079;2009;1373;1285;2517;2631;2617;504",2639,99.5585095653116,30.351342070406,30.351342070406,0.438557784822506,TRUE,TRUE,
"01_RSPitHUMM","table1_capital_mobile_disburse","treatment3",12,0.00454717696097006,"Decrease",69.2071674949056,101.529702355163,32.3225348602573,32.3225348602573,0.467040279644975,TRUE,,TRUE,"84;1945;1012;1847;1786;1217;1144;2235;2338;2326;459;1763","95;2193;1130;2079;2009;1373;1285;2517;2631;2617;504;1982",2639,101.529702355163,32.3225348602573,32.3225348602573,0.467040279644975,TRUE,TRUE,
"01_RSPitHUMM","table1_capital_mobile_disburse","treatment3",13,0.00492610837438424,"Decrease",69.2071674949056,104.45146061734,35.244293122434,35.244293122434,0.509257847101291,TRUE,,TRUE,"84;1945;1012;1847;1786;1217;1144;2235;2338;2326;459;1763;491","95;2193;1130;2079;2009;1373;1285;2517;2631;2617;504;1982;537",2639,104.45146061734,35.244293122434,35.244293122434,0.509257847101291,TRUE,TRUE,
"01_RSPitHUMM","table1_capital_mobile_disburse","treatment3",14,0.00530503978779841,"Decrease",69.2071674949056,106.275705552651,37.0685380577451,37.0685380577451,0.535617037938646,TRUE,,TRUE,"84;1945;1012;1847;1786;1217;1144;2235;2338;2326;459;1763;491;1052","95;2193;1130;2079;2009;1373;1285;2517;2631;2617;504;1982;537;1176",2639,106.275705552651,37.0685380577451,37.0685380577451,0.535617037938646,TRUE,TRUE,
"01_RSPitHUMM","table1_capital_mobile_disburse","treatment3",15,0.00568397120121258,"Decrease",69.2071674949056,108.167356044418,38.9601885495128,38.9601885495128,0.562950196630728,TRUE,,TRUE,"84;1945;1012;1847;1786;1217;1144;2235;2338;2326;459;1763;491;1052;1938","95;2193;1130;2079;2009;1373;1285;2517;2631;2617;504;1982;537;1176;2186",2639,108.167356044418,38.9601885495128,38.9601885495128,0.562950196630728,TRUE,TRUE,
"01_RSPitHUMM","table1_capital_mobile_disburse","treatment3",16,0.00606290261462675,"Decrease",69.2071674949056,109.93386082158,40.7266933266743,40.7266933266743,0.588475078533914,TRUE,,TRUE,"84;1945;1012;1847;1786;1217;1144;2235;2338;2326;459;1763;491;1052;1938;2330","95;2193;1130;2079;2009;1373;1285;2517;2631;2617;504;1982;537;1176;2186;2621",2639,109.93386082158,40.7266933266743,40.7266933266743,0.588475078533914,TRUE,TRUE,
"01_RSPitHUMM","table1_capital_mobile_disburse","treatment3",17,0.00644183402804092,"Decrease",69.2071674949056,111.679919317409,42.4727518225039,42.4727518225039,0.613704524544085,TRUE,,TRUE,"84;1945;1012;1847;1786;1217;1144;2235;2338;2326;459;1763;491;1052;1938;2330;1645","95;2193;1130;2079;2009;1373;1285;2517;2631;2617;504;1982;537;1176;2186;2621;1856",2639,111.679919317409,42.4727518225039,42.4727518225039,0.613704524544085,TRUE,TRUE,
"01_RSPitHUMM","table1_capital_mobile_disburse","treatment3",18,0.0068207654414551,"Decrease",69.2071674949056,113.526164717822,44.3189972229166,44.3189972229166,0.640381608251471,TRUE,,TRUE,"84;1945;1012;1847;1786;1217;1144;2235;2338;2326;459;1763;491;1052;1938;2330;1645;13","95;2193;1130;2079;2009;1373;1285;2517;2631;2617;504;1982;537;1176;2186;2621;1856;13",2639,113.526164717822,44.3189972229166,44.3189972229166,0.640381608251471,TRUE,TRUE,
"01_RSPitHUMM","table1_capital_mobile_disburse","treatment3",19,0.00719969685486927,"Decrease",69.2071674949056,115.246615417866,46.0394479229607,46.0394479229607,0.665241037734274,TRUE,,TRUE,"84;1945;1012;1847;1786;1217;1144;2235;2338;2326;459;1763;491;1052;1938;2330;1645;13;2270","95;2193;1130;2079;2009;1373;1285;2517;2631;2617;504;1982;537;1176;2186;2621;1856;13;2558",2639,115.246615417866,46.0394479229607,46.0394479229607,0.665241037734274,TRUE,TRUE,
"01_RSPitHUMM","table1_capital_mobile_disburse","treatment3",20,0.00757862826828344,"Decrease",69.2071674949056,116.953569810924,47.7464023160181,47.7464023160181,0.6899054540779,TRUE,,TRUE,"84;1945;1012;1847;1786;1217;1144;2235;2338;2326;459;1763;491;1052;1938;2330;1645;13;2270;1174","95;2193;1130;2079;2009;1373;1285;2517;2631;2617;504;1982;537;1176;2186;2621;1856;13;2558;1323",2639,116.953569810924,47.7464023160181,47.7464023160181,0.6899054540779,TRUE,TRUE,
"01_RSPitHUMM","table1_capital_mobile_disburse","treatment3",21,0.00795755968169761,"Decrease",69.2071674949056,118.476276375734,49.2691088808286,49.2691088808286,0.711907605299051,TRUE,,TRUE,"84;1945;1012;1847;1786;1217;1144;2235;2338;2326;459;1763;491;1052;1938;2330;1645;13;2270;1174;1903","95;2193;1130;2079;2009;1373;1285;2517;2631;2617;504;1982;537;1176;2186;2621;1856;13;2558;1323;2146",2639,118.476276375734,49.2691088808286,49.2691088808286,0.711907605299051,TRUE,TRUE,
"01_RSPitHUMM","table1_capital_mobile_disburse","treatment3",22,0.00833649109511178,"Decrease",69.2071674949056,120.103450356005,50.8962828610995,50.8962828610995,0.735419244904743,TRUE,,TRUE,"84;1945;1012;1847;1786;1217;1144;2235;2338;2326;459;1763;491;1052;1938;2330;1645;13;2270;1174;1903;1463","95;2193;1130;2079;2009;1373;1285;2517;2631;2617;504;1982;537;1176;2186;2621;1856;13;2558;1323;2146;1645",2639,120.103450356005,50.8962828610995,50.8962828610995,0.735419244904743,TRUE,TRUE,
"01_RSPitHUMM","table1_capital_mobile_disburse","treatment3",23,0.00871542250852596,"Decrease",69.2071674949056,121.661535455596,52.4543679606907,52.4543679606907,0.757932593680444,TRUE,,TRUE,"84;1945;1012;1847;1786;1217;1144;2235;2338;2326;459;1763;491;1052;1938;2330;1645;13;2270;1174;1903;1463;1708","95;2193;1130;2079;2009;1373;1285;2517;2631;2617;504;1982;537;1176;2186;2621;1856;13;2558;1323;2146;1645;1924",2639,121.661535455596,52.4543679606907,52.4543679606907,0.757932593680444,TRUE,TRUE,
"01_RSPitHUMM","table1_capital_mobile_disburse","treatment3",24,0.00909435392194013,"Decrease",69.2071674949056,123.255762098189,54.0485946032833,54.0485946032833,0.780968164999122,TRUE,,TRUE,"84;1945;1012;1847;1786;1217;1144;2235;2338;2326;459;1763;491;1052;1938;2330;1645;13;2270;1174;1903;1463;1708;271","95;2193;1130;2079;2009;1373;1285;2517;2631;2617;504;1982;537;1176;2186;2621;1856;13;2558;1323;2146;1645;1924;304",2639,123.255762098189,54.0485946032833,54.0485946032833,0.780968164999122,TRUE,TRUE,
"01_RSPitHUMM","table1_capital_mobile_disburse","treatment3",25,0.0094732853353543,"Decrease",69.2071674949056,124.80107669496,55.593909200054,55.593909200054,0.803296988048908,TRUE,,TRUE,"84;1945;1012;1847;1786;1217;1144;2235;2338;2326;459;1763;491;1052;1938;2330;1645;13;2270;1174;1903;1463;1708;271;1036","95;2193;1130;2079;2009;1373;1285;2517;2631;2617;504;1982;537;1176;2186;2621;1856;13;2558;1323;2146;1645;1924;304;1156",2639,124.80107669496,55.593909200054,55.593909200054,0.803296988048908,TRUE,TRUE,
"01_RSPitHUMM","table1_capital_mobile_disburse","treatment3",26,0.00985221674876847,"Decrease",69.2071674949056,127.051236858394,57.8440693634882,57.8440693634882,0.835810385791993,TRUE,,TRUE,"84;1945;1012;1847;1786;1217;1144;2235;2338;2326;459;1763;491;1052;1938;2330;1645;13;2270;1174;1903;1463;1708;271;1036;35","95;2193;1130;2079;2009;1373;1285;2517;2631;2617;504;1982;537;1176;2186;2621;1856;13;2558;1323;2146;1645;1924;304;1156;38",2639,127.051236858394,57.8440693634882,57.8440693634882,0.835810385791993,TRUE,TRUE,
"01_RSPitHUMM","table1_capital_mobile_disburse","treatment3",27,0.0102311481621826,"Decrease",69.2071674949056,128.618713508077,59.4115460131711,59.4115460131711,0.858459436553945,TRUE,,TRUE,"84;1945;1012;1847;1786;1217;1144;2235;2338;2326;459;1763;491;1052;1938;2330;1645;13;2270;1174;1903;1463;1708;271;1036;35;1540","95;2193;1130;2079;2009;1373;1285;2517;2631;2617;504;1982;537;1176;2186;2621;1856;13;2558;1323;2146;1645;1924;304;1156;38;1731",2639,128.618713508077,59.4115460131711,59.4115460131711,0.858459436553945,TRUE,TRUE,
"01_RSPitHUMM","table1_capital_mobile_disburse","treatment3",28,0.0106100795755968,"Decrease",69.2071674949056,130.827308627704,61.6201411327982,61.6201411327982,0.890372245581849,TRUE,,TRUE,"84;1945;1012;1847;1786;1217;1144;2235;2338;2326;459;1763;491;1052;1938;2330;1645;13;2270;1174;1903;1463;1708;271;1036;35;1540;308","95;2193;1130;2079;2009;1373;1285;2517;2631;2617;504;1982;537;1176;2186;2621;1856;13;2558;1323;2146;1645;1924;304;1156;38;1731;343",2639,130.827308627704,61.6201411327982,61.6201411327982,0.890372245581849,TRUE,TRUE,
"01_RSPitHUMM","table1_capital_mobile_disburse","treatment3",29,0.010989010989011,"Decrease",69.2071674949056,132.458409252874,63.2512417579687,63.2512417579687,0.913940622734266,TRUE,,TRUE,"84;1945;1012;1847;1786;1217;1144;2235;2338;2326;459;1763;491;1052;1938;2330;1645;13;2270;1174;1903;1463;1708;271;1036;35;1540;308;1219","95;2193;1130;2079;2009;1373;1285;2517;2631;2617;504;1982;537;1176;2186;2621;1856;13;2558;1323;2146;1645;1924;304;1156;38;1731;343;1375",2639,132.458409252874,63.2512417579687,63.2512417579687,0.913940622734266,TRUE,TRUE,
"01_RSPitHUMM","table1_capital_mobile_disburse","treatment3",30,0.0113679424024252,"Decrease",69.2071674949056,134.13702760496,64.9298601100546,64.9298601100546,0.938195601125189,TRUE,,TRUE,"84;1945;1012;1847;1786;1217;1144;2235;2338;2326;459;1763;491;1052;1938;2330;1645;13;2270;1174;1903;1463;1708;271;1036;35;1540;308;1219;699","95;2193;1130;2079;2009;1373;1285;2517;2631;2617;504;1982;537;1176;2186;2621;1856;13;2558;1323;2146;1645;1924;304;1156;38;1731;343;1375;767",2639,134.13702760496,64.9298601100546,64.9298601100546,0.938195601125189,TRUE,TRUE,
"01_RSPitHUMM","table1_capital_mobile_disburse","treatment3",31,0.0117468738158393,"Decrease",69.2071674949056,136.2398532329,67.0326857379943,67.0326857379943,0.968580107586813,TRUE,,TRUE,"84;1945;1012;1847;1786;1217;1144;2235;2338;2326;459;1763;491;1052;1938;2330;1645;13;2270;1174;1903;1463;1708;271;1036;35;1540;308;1219;699;1677","95;2193;1130;2079;2009;1373;1285;2517;2631;2617;504;1982;537;1176;2186;2621;1856;13;2558;1323;2146;1645;1924;304;1156;38;1731;343;1375;767;1891",2639,136.2398532329,67.0326857379943,67.0326857379943,0.968580107586813,TRUE,TRUE,
"01_RSPitHUMM","table1_capital_mobile_disburse","treatment3",32,0.0121258052292535,"Decrease",69.2071674949056,138.302209763879,69.095042268973,69.095042268973,0.998379861075215,TRUE,,TRUE,"84;1945;1012;1847;1786;1217;1144;2235;2338;2326;459;1763;491;1052;1938;2330;1645;13;2270;1174;1903;1463;1708;271;1036;35;1540;308;1219;699;1677;568","95;2193;1130;2079;2009;1373;1285;2517;2631;2617;504;1982;537;1176;2186;2621;1856;13;2558;1323;2146;1645;1924;304;1156;38;1731;343;1375;767;1891;619",2639,138.302209763879,69.095042268973,69.095042268973,0.998379861075215,TRUE,TRUE,
"01_RSPitHUMM","table1_capital_mobile_disburse","treatment3",33,0.0125047366426677,"Decrease",69.2071674949056,140.014867142642,70.8076996477362,70.8076996477362,1.0231266819719,TRUE,,TRUE,"84;1945;1012;1847;1786;1217;1144;2235;2338;2326;459;1763;491;1052;1938;2330;1645;13;2270;1174;1903;1463;1708;271;1036;35;1540;308;1219;699;1677;568;855","95;2193;1130;2079;2009;1373;1285;2517;2631;2617;504;1982;537;1176;2186;2621;1856;13;2558;1323;2146;1645;1924;304;1156;38;1731;343;1375;767;1891;619;946",2639,140.014867142642,70.8076996477362,70.8076996477362,1.0231266819719,TRUE,TRUE,
"01_RSPitHUMM","table1_capital_mobile_disburse","treatment3",34,0.0128836680560818,"Decrease",69.2071674949056,141.513180276081,72.3060127811758,72.3060127811758,1.04477636346695,TRUE,,TRUE,"84;1945;1012;1847;1786;1217;1144;2235;2338;2326;459;1763;491;1052;1938;2330;1645;13;2270;1174;1903;1463;1708;271;1036;35;1540;308;1219;699;1677;568;855;2086","95;2193;1130;2079;2009;1373;1285;2517;2631;2617;504;1982;537;1176;2186;2621;1856;13;2558;1323;2146;1645;1924;304;1156;38;1731;343;1375;767;1891;619;946;2345",2639,141.513180276081,72.3060127811758,72.3060127811758,1.04477636346695,TRUE,TRUE,
"01_RSPitHUMM","table1_capital_mobile_disburse","treatment3",35,0.013262599469496,"Decrease",69.2071674949056,142.898072480752,73.6909049858465,73.6909049858465,1.06478718394696,TRUE,,TRUE,"84;1945;1012;1847;1786;1217;1144;2235;2338;2326;459;1763;491;1052;1938;2330;1645;13;2270;1174;1903;1463;1708;271;1036;35;1540;308;1219;699;1677;568;855;2086;1654","95;2193;1130;2079;2009;1373;1285;2517;2631;2617;504;1982;537;1176;2186;2621;1856;13;2558;1323;2146;1645;1924;304;1156;38;1731;343;1375;767;1891;619;946;2345;1867",2639,142.898072480752,73.6909049858465,73.6909049858465,1.06478718394696,TRUE,TRUE,
"01_RSPitHUMM","table1_capital_mobile_disburse","treatment3",36,0.0136415308829102,"Decrease",69.2071674949056,144.26642462473,75.0592571298241,75.0592571298241,1.08455901096298,TRUE,,TRUE,"84;1945;1012;1847;1786;1217;1144;2235;2338;2326;459;1763;491;1052;1938;2330;1645;13;2270;1174;1903;1463;1708;271;1036;35;1540;308;1219;699;1677;568;855;2086;1654;525","95;2193;1130;2079;2009;1373;1285;2517;2631;2617;504;1982;537;1176;2186;2621;1856;13;2558;1323;2146;1645;1924;304;1156;38;1731;343;1375;767;1891;619;946;2345;1867;574",2639,144.26642462473,75.0592571298241,75.0592571298241,1.08455901096298,TRUE,TRUE,
"01_RSPitHUMM","table1_capital_mobile_disburse","treatment3",37,0.0140204622963244,"Decrease",69.2071674949056,145.854774829448,76.6476073345427,76.6476073345427,1.10750967145397,TRUE,,TRUE,"84;1945;1012;1847;1786;1217;1144;2235;2338;2326;459;1763;491;1052;1938;2330;1645;13;2270;1174;1903;1463;1708;271;1036;35;308;1540;1219;699;1677;568;855;2086;1654;525;1126","95;2193;1130;2079;2009;1373;1285;2517;2631;2617;504;1982;537;1176;2186;2621;1856;13;2558;1323;2146;1645;1924;304;1156;38;343;1731;1375;767;1891;619;946;2345;1867;574;1265",2639,145.854774829448,76.6476073345427,76.6476073345427,1.10750967145397,TRUE,TRUE,
"01_RSPitHUMM","table1_capital_mobile_disburse","treatment3",38,0.0143993937097385,"Decrease",69.2071674949056,147.187591891668,77.9804243967627,77.9804243967627,1.12676803891017,TRUE,,TRUE,"84;1945;1012;1847;1786;1217;1144;2235;2338;2326;459;1763;491;1052;1938;2330;1645;13;2270;1174;1903;1463;1708;271;1036;35;308;1540;1219;699;1677;568;855;2086;1654;525;1126;1823","95;2193;1130;2079;2009;1373;1285;2517;2631;2617;504;1982;537;1176;2186;2621;1856;13;2558;1323;2146;1645;1924;304;1156;38;343;1731;1375;767;1891;619;946;2345;1867;574;1265;2052",2639,147.187591891668,77.9804243967627,77.9804243967627,1.12676803891017,TRUE,TRUE,
"01_RSPitHUMM","table1_capital_mobile_disburse","treatment3",39,0.0147783251231527,"Decrease",69.2071674949056,148.466157867703,79.2589903727975,79.2589903727975,1.1452425123255,TRUE,,TRUE,"84;1945;1012;1847;1786;1217;1144;2235;2338;2326;459;1763;491;1052;1938;2330;1645;13;2270;1174;1903;1463;1708;271;1036;35;308;1540;1219;699;1677;568;855;2086;1654;525;1126;1823;2164","95;2193;1130;2079;2009;1373;1285;2517;2631;2617;504;1982;537;1176;2186;2621;1856;13;2558;1323;2146;1645;1924;304;1156;38;343;1731;1375;767;1891;619;946;2345;1867;574;1265;2052;2434",2639,148.466157867703,79.2589903727975,79.2589903727975,1.1452425123255,TRUE,TRUE,
"01_RSPitHUMM","table1_capital_mobile_disburse","treatment3",40,0.0151572565365669,"Decrease",69.2071674949056,149.728267194831,80.5210996999259,80.5210996999259,1.16347919752464,TRUE,,TRUE,"84;1945;1012;1847;1786;1217;1144;2235;2338;2326;459;1763;491;1052;1938;2330;1645;13;2270;1174;1903;1463;1708;271;1036;35;308;1540;1219;699;1677;568;855;2086;1654;525;1126;1823;2164;1777","95;2193;1130;2079;2009;1373;1285;2517;2631;2617;504;1982;537;1176;2186;2621;1856;13;2558;1323;2146;1645;1924;304;1156;38;343;1731;1375;767;1891;619;946;2345;1867;574;1265;2052;2434;1998",2639,149.728267194831,80.5210996999259,80.5210996999259,1.16347919752464,TRUE,TRUE,
"01_RSPitHUMM","table1_capital_mobile_disburse","treatment3",41,0.0155361879499811,"Decrease",69.2071674949056,151.562479600141,82.3553121052352,82.3553121052352,1.18998241202831,TRUE,,TRUE,"84;1945;1012;1847;1786;1217;1144;2235;2338;2326;459;1763;491;1052;1938;2330;1645;13;2270;1174;1903;1463;1708;271;1036;35;308;1540;1219;699;1677;568;855;2086;1654;525;1126;1823;2164;1777;472","95;2193;1130;2079;2009;1373;1285;2517;2631;2617;504;1982;537;1176;2186;2621;1856;13;2558;1323;2146;1645;1924;304;1156;38;343;1731;1375;767;1891;619;946;2345;1867;574;1265;2052;2434;1998;518",2639,151.562479600141,82.3553121052352,82.3553121052352,1.18998241202831,TRUE,TRUE,
"01_RSPitHUMM","table1_capital_mobile_disburse","treatment3",42,0.0159151193633952,"Decrease",69.2071674949056,153.1131183168,83.9059508218944,83.9059508218944,1.21238816525862,TRUE,,TRUE,"84;1945;1012;1847;1786;1217;1144;2235;2338;2326;459;1763;491;1052;1938;2330;1645;13;2270;1174;1903;1463;1708;271;1036;35;308;1540;1219;699;1677;568;855;2086;1654;525;1126;1823;2164;1777;472;131","95;2193;1130;2079;2009;1373;1285;2517;2631;2617;504;1982;537;1176;2186;2621;1856;13;2558;1323;2146;1645;1924;304;1156;38;343;1731;1375;767;1891;619;946;2345;1867;574;1265;2052;2434;1998;518;145",2639,153.1131183168,83.9059508218944,83.9059508218944,1.21238816525862,TRUE,TRUE,
"01_RSPitHUMM","table1_capital_mobile_disburse","treatment3",43,0.0162940507768094,"Decrease",69.2071674949056,154.904504748539,85.6973372536332,85.6973372536332,1.23827257140586,TRUE,,TRUE,"84;1945;1012;1847;1786;1217;1144;2235;2338;2326;459;1763;491;1052;1938;2330;1645;13;2270;1174;1903;1463;1708;271;1036;35;308;1540;1219;699;1677;568;855;2086;1654;525;1126;1823;2164;1777;472;131;466","95;2193;1130;2079;2009;1373;1285;2517;2631;2617;504;1982;537;1176;2186;2621;1856;13;2558;1323;2146;1645;1924;304;1156;38;343;1731;1375;767;1891;619;946;2345;1867;574;1265;2052;2434;1998;518;145;512",2639,154.904504748539,85.6973372536332,85.6973372536332,1.23827257140586,TRUE,TRUE,
"01_RSPitHUMM","table1_capital_mobile_disburse","treatment3",44,0.0166729821902236,"Decrease",69.2071674949056,156.195387144843,86.9882196499374,86.9882196499374,1.25692500934012,TRUE,,TRUE,"84;1945;1012;1847;1786;1217;1144;2235;2338;2326;459;1763;491;1052;1938;2330;1645;13;2270;1174;1903;1463;1708;271;1036;35;308;1540;1219;699;1677;568;855;2086;1654;525;1126;1823;2164;1777;472;131;466;2321","95;2193;1130;2079;2009;1373;1285;2517;2631;2617;504;1982;537;1176;2186;2621;1856;13;2558;1323;2146;1645;1924;304;1156;38;343;1731;1375;767;1891;619;946;2345;1867;574;1265;2052;2434;1998;518;145;512;2612",2639,156.195387144843,86.9882196499374,86.9882196499374,1.25692500934012,TRUE,TRUE,
"01_RSPitHUMM","table1_capital_mobile_disburse","treatment3",45,0.0170519136036377,"Decrease",69.2071674949056,157.543104306354,88.3359368114487,88.3359368114487,1.27639867385053,TRUE,,TRUE,"84;1945;1012;1847;1786;1217;1144;2235;2338;2326;459;1763;491;1052;1938;2330;1645;13;2270;1174;1903;1463;1708;271;1036;35;308;1540;1219;699;1677;568;855;2086;1654;525;1126;1823;2164;1777;472;131;466;2321;1008","95;2193;1130;2079;2009;1373;1285;2517;2631;2617;504;1982;537;1176;2186;2621;1856;13;2558;1323;2146;1645;1924;304;1156;38;343;1731;1375;767;1891;619;946;2345;1867;574;1265;2052;2434;1998;518;145;512;2612;1125",2639,157.543104306354,88.3359368114487,88.3359368114487,1.27639867385053,TRUE,TRUE,
"01_RSPitHUMM","table1_capital_mobile_disburse","treatment3",46,0.0174308450170519,"Decrease",69.2071674949056,159.170824184222,89.9636566893162,89.9636566893162,1.29991820133281,TRUE,,TRUE,"84;1945;1012;1847;1786;1217;1144;2235;2338;2326;459;1763;491;1052;1938;2330;1645;13;2270;1174;1903;1463;1708;271;1036;35;308;1540;1219;699;1677;568;855;2086;1654;525;1126;1823;2164;1777;472;131;466;2321;1008;2255","95;2193;1130;2079;2009;1373;1285;2517;2631;2617;504;1982;537;1176;2186;2621;1856;13;2558;1323;2146;1645;1924;304;1156;38;343;1731;1375;767;1891;619;946;2345;1867;574;1265;2052;2434;1998;518;145;512;2612;1125;2540",2639,159.170824184222,89.9636566893162,89.9636566893162,1.29991820133281,TRUE,TRUE,
"01_RSPitHUMM","table1_capital_mobile_disburse","treatment3",47,0.0178097764304661,"Decrease",69.2071674949056,160.492308541766,91.2851410468607,91.2851410468607,1.31901281834111,TRUE,,TRUE,"84;1945;1012;1847;1786;1217;1144;2235;2338;2326;459;1763;491;1052;1938;2330;1645;13;2270;1174;1903;1463;1708;271;1036;35;308;1540;1219;699;1677;568;855;2086;1654;525;1126;1823;2164;1777;472;131;466;2321;1008;2255;1703","95;2193;1130;2079;2009;1373;1285;2517;2631;2617;504;1982;537;1176;2186;2621;1856;13;2558;1323;2146;1645;1924;304;1156;38;343;1731;1375;767;1891;619;946;2345;1867;574;1265;2052;2434;1998;518;145;512;2612;1125;2540;1919",2639,160.492308541766,91.2851410468607,91.2851410468607,1.31901281834111,TRUE,TRUE,
"01_RSPitHUMM","table1_capital_mobile_disburse","treatment3",48,0.0181887078438803,"Decrease",69.2071674949056,161.717357730637,92.5101902357319,92.5101902357319,1.33671400787414,TRUE,,TRUE,"84;1945;1012;1847;1786;1217;1144;2235;2338;2326;459;1763;491;1052;1938;2330;1645;13;2270;1174;1903;1463;1708;271;1036;35;308;1540;1219;699;1677;568;855;2086;1654;525;1126;1823;2164;1777;472;131;466;2321;1008;2255;1703;945","95;2193;1130;2079;2009;1373;1285;2517;2631;2617;504;1982;537;1176;2186;2621;1856;13;2558;1323;2146;1645;1924;304;1156;38;343;1731;1375;767;1891;619;946;2345;1867;574;1265;2052;2434;1998;518;145;512;2612;1125;2540;1919;1052",2639,161.717357730637,92.5101902357319,92.5101902357319,1.33671400787414,TRUE,TRUE,
"01_RSPitHUMM","table1_capital_mobile_disburse","treatment3",49,0.0185676392572944,"Decrease",69.2071674949056,163.066309396104,93.8591419011989,93.8591419011989,1.3562055101895,TRUE,,TRUE,"84;1945;1012;1847;1786;1217;1144;2235;2338;2326;459;1763;491;1052;1938;2330;1645;13;2270;1174;1903;1463;1708;271;1036;35;308;1540;1219;699;1677;568;855;2086;1654;525;1126;1823;2164;1777;472;131;466;2321;1008;2255;1703;945;176","95;2193;1130;2079;2009;1373;1285;2517;2631;2617;504;1982;537;1176;2186;2621;1856;13;2558;1323;2146;1645;1924;304;1156;38;343;1731;1375;767;1891;619;946;2345;1867;574;1265;2052;2434;1998;518;145;512;2612;1125;2540;1919;1052;196",2639,163.066309396104,93.8591419011989,93.8591419011989,1.3562055101895,TRUE,TRUE,
"01_RSPitHUMM","table1_capital_mobile_disburse","treatment3",50,0.0189465706707086,"Decrease",69.2071674949056,164.14881371422,94.9416462193141,94.9416462193141,1.37184701608114,TRUE,,TRUE,"84;1945;1012;1847;1786;1217;1144;2235;2338;2326;459;1763;491;1052;1938;2330;1645;13;2270;1174;1903;1463;1708;271;1036;35;308;1540;1219;699;1677;568;855;2086;1654;525;1126;1823;2164;1777;472;131;466;2321;1008;2255;1703;945;176;389","95;2193;1130;2079;2009;1373;1285;2517;2631;2617;504;1982;537;1176;2186;2621;1856;13;2558;1323;2146;1645;1924;304;1156;38;343;1731;1375;767;1891;619;946;2345;1867;574;1265;2052;2434;1998;518;145;512;2612;1125;2540;1919;1052;196;429",2639,164.14881371422,94.9416462193141,94.9416462193141,1.37184701608114,TRUE,TRUE,
"01_RSPitHUMM","table1_capital_mobile_disburse","treatment3",51,0.0193255020841228,"Decrease",69.2071674949056,165.358848552568,96.151681057662,96.151681057662,1.38933125770159,TRUE,,TRUE,"84;1945;1012;1847;1786;1217;1144;2235;2338;2326;459;1763;491;1052;1938;2330;1645;13;2270;1174;1903;1463;1708;271;1036;35;308;1540;1219;699;1677;568;855;2086;1654;525;1126;1823;2164;1777;472;131;466;2321;1008;2255;1703;945;176;389;1192","95;2193;1130;2079;2009;1373;1285;2517;2631;2617;504;1982;537;1176;2186;2621;1856;13;2558;1323;2146;1645;1924;304;1156;38;343;1731;1375;767;1891;619;946;2345;1867;574;1265;2052;2434;1998;518;145;512;2612;1125;2540;1919;1052;196;429;1345",2639,165.358848552568,96.151681057662,96.151681057662,1.38933125770159,TRUE,TRUE,
"01_RSPitHUMM","table1_capital_mobile_disburse","treatment3",52,0.0197044334975369,"Decrease",69.2071674949056,166.819899447283,97.6127319523775,97.6127319523775,1.41044252330603,TRUE,,TRUE,"84;1945;1012;1847;1786;1217;1144;2235;2338;2326;459;1763;491;1052;1938;2330;1645;13;2270;1174;1903;1463;1708;271;1036;35;308;1540;1219;699;1677;568;855;2086;1654;525;1126;1823;2164;1777;472;131;466;2321;1008;2255;1703;945;176;389;1192;1631","95;2193;1130;2079;2009;1373;1285;2517;2631;2617;504;1982;537;1176;2186;2621;1856;13;2558;1323;2146;1645;1924;304;1156;38;343;1731;1375;767;1891;619;946;2345;1867;574;1265;2052;2434;1998;518;145;512;2612;1125;2540;1919;1052;196;429;1345;1839",2639,166.819899447283,97.6127319523775,97.6127319523775,1.41044252330603,TRUE,TRUE,
"01_RSPitHUMM","table1_capital_mobile_disburse","treatment3",53,0.0200833649109511,"Decrease",69.2071674949056,168.508654985666,99.3014874907601,99.3014874907601,1.43484397765693,TRUE,,TRUE,"84;1945;1012;1847;1786;1217;1144;2235;2338;2326;459;1763;491;1052;1938;2330;1645;13;2270;1174;1903;1463;1708;271;1036;35;308;1540;1219;699;1677;568;855;2086;1654;525;1126;1823;2164;1777;472;131;466;2321;1008;2255;1703;945;176;389;1192;1631;795","95;2193;1130;2079;2009;1373;1285;2517;2631;2617;504;1982;537;1176;2186;2621;1856;13;2558;1323;2146;1645;1924;304;1156;38;343;1731;1375;767;1891;619;946;2345;1867;574;1265;2052;2434;1998;518;145;512;2612;1125;2540;1919;1052;196;429;1345;1839;874",2639,168.508654985666,99.3014874907601,99.3014874907601,1.43484397765693,TRUE,TRUE,
"01_RSPitHUMM","table1_capital_mobile_disburse","treatment3",54,0.0204622963243653,"Decrease",69.2071674949056,169.672564205328,100.465396710422,100.465396710422,1.45166173312638,TRUE,,TRUE,"84;1945;1012;1847;1786;1217;1144;2235;2338;2326;459;1763;491;1052;1938;2330;1645;13;2270;1174;1903;1463;1708;271;1036;35;308;1540;1219;699;1677;568;855;2086;1654;525;1126;1823;2164;1777;472;131;466;2321;1008;2255;1703;945;176;389;1192;795;1631;2182","95;2193;1130;2079;2009;1373;1285;2517;2631;2617;504;1982;537;1176;2186;2621;1856;13;2558;1323;2146;1645;1924;304;1156;38;343;1731;1375;767;1891;619;946;2345;1867;574;1265;2052;2434;1998;518;145;512;2612;1125;2540;1919;1052;196;429;1345;874;1839;2457",2639,169.672564205328,100.465396710422,100.465396710422,1.45166173312638,TRUE,TRUE,
"01_RSPitHUMM","table1_capital_mobile_disburse","treatment3",55,0.0208412277377795,"Decrease",69.2071674949056,170.662989775424,101.455822280519,101.455822280519,1.46597275907856,TRUE,,TRUE,"84;1945;1012;1847;1786;1217;1144;2235;2338;2326;459;1763;491;1052;1938;2330;1645;13;2270;1174;1903;1463;1708;271;1036;35;308;1540;1219;699;1677;568;855;2086;1654;525;1126;1823;2164;1777;472;131;466;2321;1008;2255;1703;945;176;389;1192;795;1631;2182;1669","95;2193;1130;2079;2009;1373;1285;2517;2631;2617;504;1982;537;1176;2186;2621;1856;13;2558;1323;2146;1645;1924;304;1156;38;343;1731;1375;767;1891;619;946;2345;1867;574;1265;2052;2434;1998;518;145;512;2612;1125;2540;1919;1052;196;429;1345;874;1839;2457;1882",2639,170.662989775424,101.455822280519,101.455822280519,1.46597275907856,TRUE,TRUE,
"01_RSPitHUMM","table1_capital_mobile_disburse","treatment3",56,0.0212201591511936,"Decrease",69.2071674949056,172.299207542376,103.09204004747,103.09204004747,1.48961507570814,TRUE,,TRUE,"84;1945;1012;1847;1786;1217;1144;2235;2338;2326;459;1763;491;1052;1938;2330;1645;13;2270;1174;1903;1463;1708;271;1036;35;308;1540;1219;699;1677;568;855;2086;1654;525;1126;1823;2164;1777;472;131;466;2321;1008;2255;1703;945;176;389;1192;795;1631;2182;1669;1546","95;2193;1130;2079;2009;1373;1285;2517;2631;2617;504;1982;537;1176;2186;2621;1856;13;2558;1323;2146;1645;1924;304;1156;38;343;1731;1375;767;1891;619;946;2345;1867;574;1265;2052;2434;1998;518;145;512;2612;1125;2540;1919;1052;196;429;1345;874;1839;2457;1882;1737",2639,172.299207542376,103.09204004747,103.09204004747,1.48961507570814,TRUE,TRUE,
"01_RSPitHUMM","table1_capital_mobile_disburse","treatment3",57,0.0215990905646078,"Decrease",69.2071674949056,173.458661993775,104.25149449887,104.25149449887,1.50636846258075,TRUE,,TRUE,"84;1945;1012;1847;1786;1217;1144;2235;2338;2326;459;1763;491;1052;1938;2330;1645;13;2270;1174;1903;1463;1708;271;1036;35;308;1540;1219;699;1677;568;855;2086;1654;525;1126;1823;2164;1777;472;131;466;2321;1008;2255;1703;945;176;389;1192;795;1631;2182;1669;1546;1117","95;2193;1130;2079;2009;1373;1285;2517;2631;2617;504;1982;537;1176;2186;2621;1856;13;2558;1323;2146;1645;1924;304;1156;38;343;1731;1375;767;1891;619;946;2345;1867;574;1265;2052;2434;1998;518;145;512;2612;1125;2540;1919;1052;196;429;1345;874;1839;2457;1882;1737;1253",2639,173.458661993775,104.25149449887,104.25149449887,1.50636846258075,TRUE,TRUE,
"01_RSPitHUMM","table1_capital_mobile_disburse","treatment3",58,0.021978021978022,"Decrease",69.2071674949056,175.154708800146,105.94754130524,105.94754130524,1.53087527116377,TRUE,,TRUE,"84;1945;1012;1847;1786;1217;1144;2235;2338;2326;459;1763;491;1052;1938;2330;1645;13;2270;1174;1903;1463;1708;271;1036;35;308;1540;1219;699;1677;568;855;2086;1654;525;1126;1823;2164;1777;472;131;466;2321;1008;2255;1703;945;176;389;1192;795;1631;2182;1669;1546;1117;1110","95;2193;1130;2079;2009;1373;1285;2517;2631;2617;504;1982;537;1176;2186;2621;1856;13;2558;1323;2146;1645;1924;304;1156;38;343;1731;1375;767;1891;619;946;2345;1867;574;1265;2052;2434;1998;518;145;512;2612;1125;2540;1919;1052;196;429;1345;874;1839;2457;1882;1737;1253;1246",2639,175.154708800146,105.94754130524,105.94754130524,1.53087527116377,TRUE,TRUE,
"01_RSPitHUMM","table1_capital_mobile_disburse","treatment3",59,0.0223569533914361,"Decrease",69.2071674949056,176.344517040303,107.137349545397,107.137349545397,1.54806725117429,TRUE,,TRUE,"84;1945;1012;1847;1786;1217;1144;2235;2338;2326;459;1763;491;1052;1938;2330;1645;13;2270;1174;1903;1463;1708;271;1036;35;308;1540;1219;699;1677;568;855;2086;1654;525;1126;1823;2164;1777;472;131;466;2321;1008;2255;1703;945;176;389;1192;795;1631;2182;1669;1546;1117;1110;2313","95;2193;1130;2079;2009;1373;1285;2517;2631;2617;504;1982;537;1176;2186;2621;1856;13;2558;1323;2146;1645;1924;304;1156;38;343;1731;1375;767;1891;619;946;2345;1867;574;1265;2052;2434;1998;518;145;512;2612;1125;2540;1919;1052;196;429;1345;874;1839;2457;1882;1737;1253;1246;2603",2639,176.344517040303,107.137349545397,107.137349545397,1.54806725117429,TRUE,TRUE,
"01_RSPitHUMM","table1_capital_mobile_disburse","treatment3",60,0.0227358848048503,"Decrease",69.2071674949056,177.572356437447,108.365188942541,108.365188942541,1.56580875746025,TRUE,,TRUE,"84;1945;1012;1847;1786;1217;1144;2235;2338;2326;459;1763;491;1052;1938;2330;1645;13;2270;1174;1903;1463;1708;271;1036;35;308;1540;1219;699;1677;568;855;2086;1654;525;1126;1823;2164;1777;472;131;466;2321;1008;2255;1703;945;176;389;1192;795;1631;2182;1669;1546;1117;1110;2313;854","95;2193;1130;2079;2009;1373;1285;2517;2631;2617;504;1982;537;1176;2186;2621;1856;13;2558;1323;2146;1645;1924;304;1156;38;343;1731;1375;767;1891;619;946;2345;1867;574;1265;2052;2434;1998;518;145;512;2612;1125;2540;1919;1052;196;429;1345;874;1839;2457;1882;1737;1253;1246;2603;945",2639,177.572356437447,108.365188942541,108.365188942541,1.56580875746025,TRUE,TRUE,
"01_RSPitHUMM","table1_capital_mobile_disburse","treatment3",61,0.0231148162182645,"Decrease",69.2071674949056,178.643830547749,109.436663052843,109.436663052843,1.5812908837932,TRUE,,TRUE,"84;1945;1012;1847;1786;1217;1144;2235;2338;2326;459;1763;491;1052;1938;2330;1645;13;2270;1174;1903;1463;1708;271;1036;35;308;1540;1219;699;1677;568;855;2086;1654;525;1126;1823;2164;1777;472;131;466;2321;1008;2255;1703;945;176;389;1192;795;1631;2182;1669;1546;1117;1110;2313;854;769","95;2193;1130;2079;2009;1373;1285;2517;2631;2617;504;1982;537;1176;2186;2621;1856;13;2558;1323;2146;1645;1924;304;1156;38;343;1731;1375;767;1891;619;946;2345;1867;574;1265;2052;2434;1998;518;145;512;2612;1125;2540;1919;1052;196;429;1345;874;1839;2457;1882;1737;1253;1246;2603;945;846",2639,178.643830547749,109.436663052843,109.436663052843,1.5812908837932,TRUE,TRUE,
"01_RSPitHUMM","table1_capital_mobile_disburse","treatment3",62,0.0234937476316787,"Decrease",69.2071674949056,179.673816893678,110.466649398772,110.466649398772,1.59617353805014,TRUE,,TRUE,"84;1945;1012;1847;1786;1217;1144;2235;2338;2326;459;1763;491;1052;1938;2330;1645;13;2270;1174;1903;1463;1708;271;1036;35;308;1540;1219;699;1677;568;855;2086;1654;525;1126;1823;2164;1777;472;131;466;2321;1008;2255;1703;945;176;389;1192;795;1631;2182;1669;1546;1117;1110;2313;854;769;1721","95;2193;1130;2079;2009;1373;1285;2517;2631;2617;504;1982;537;1176;2186;2621;1856;13;2558;1323;2146;1645;1924;304;1156;38;343;1731;1375;767;1891;619;946;2345;1867;574;1265;2052;2434;1998;518;145;512;2612;1125;2540;1919;1052;196;429;1345;874;1839;2457;1882;1737;1253;1246;2603;945;846;1939",2639,179.673816893678,110.466649398772,110.466649398772,1.59617353805014,TRUE,TRUE,
"01_RSPitHUMM","table1_capital_mobile_disburse","treatment3",63,0.0238726790450928,"Decrease",69.2071674949056,181.015515321403,111.808347826497,111.808347826497,1.61556023564651,TRUE,,TRUE,"84;1945;1012;1847;1786;1217;1144;2235;2338;2326;459;1763;491;1052;1938;2330;1645;13;2270;1174;1903;1463;1708;271;1036;35;308;1540;1219;699;1677;568;855;2086;1654;525;1126;1823;2164;1777;472;131;466;2321;1008;2255;1703;945;176;389;1192;795;1631;2182;1669;1546;1117;1110;2313;854;769;1721;1614","95;2193;1130;2079;2009;1373;1285;2517;2631;2617;504;1982;537;1176;2186;2621;1856;13;2558;1323;2146;1645;1924;304;1156;38;343;1731;1375;767;1891;619;946;2345;1867;574;1265;2052;2434;1998;518;145;512;2612;1125;2540;1919;1052;196;429;1345;874;1839;2457;1882;1737;1253;1246;2603;945;846;1939;1819",2639,181.015515321403,111.808347826497,111.808347826497,1.61556023564651,TRUE,TRUE,
"01_RSPitHUMM","table1_capital_mobile_disburse","treatment3",64,0.024251610458507,"Decrease",69.2071674949056,182.232148351616,113.02498085671,113.02498085671,1.63313981698543,TRUE,,TRUE,"84;1945;1012;1847;1786;1217;1144;2235;2338;2326;459;1763;491;1052;1938;2330;1645;13;2270;1174;1903;1463;1708;271;1036;35;308;1540;1219;699;1677;568;855;2086;1654;525;1126;1823;2164;1777;472;131;466;2321;1008;2255;1703;945;176;389;795;1192;1631;2182;1669;1546;1117;1110;2313;854;769;1721;1614;1545","95;2193;1130;2079;2009;1373;1285;2517;2631;2617;504;1982;537;1176;2186;2621;1856;13;2558;1323;2146;1645;1924;304;1156;38;343;1731;1375;767;1891;619;946;2345;1867;574;1265;2052;2434;1998;518;145;512;2612;1125;2540;1919;1052;196;429;874;1345;1839;2457;1882;1737;1253;1246;2603;945;846;1939;1819;1736",2639,182.232148351616,113.02498085671,113.02498085671,1.63313981698543,TRUE,TRUE,
"01_RSPitHUMM","table1_capital_mobile_disburse","treatment3",65,0.0246305418719212,"Decrease",69.2071674949056,183.041030850857,113.833863355951,113.833863355951,1.64482765985663,TRUE,,TRUE,"84;1945;1012;1847;1786;1217;1144;2235;2338;2326;459;1763;491;1052;1938;2330;1645;13;2270;1174;1903;1463;1708;271;1036;35;308;1540;1219;699;1677;568;855;2086;1654;525;1126;1823;2164;1777;472;131;466;2321;1008;2255;1703;945;176;389;795;1192;1631;2182;1669;1546;1117;1110;2313;854;769;1721;1614;1125;1545","95;2193;1130;2079;2009;1373;1285;2517;2631;2617;504;1982;537;1176;2186;2621;1856;13;2558;1323;2146;1645;1924;304;1156;38;343;1731;1375;767;1891;619;946;2345;1867;574;1265;2052;2434;1998;518;145;512;2612;1125;2540;1919;1052;196;429;874;1345;1839;2457;1882;1737;1253;1246;2603;945;846;1939;1819;1263;1736",2639,183.041030850857,113.833863355951,113.833863355951,1.64482765985663,TRUE,TRUE,
"01_RSPitHUMM","table1_capital_mobile_disburse","treatment3",66,0.0250094732853354,"Decrease",69.2071674949056,184.673605827593,115.466438332687,115.466438332687,1.66841734046097,TRUE,,TRUE,"84;1945;1012;1847;1786;1217;1144;2235;2338;2326;459;1763;491;1052;1938;2330;1645;13;2270;1174;1903;1463;1708;271;1036;35;308;1540;1219;699;1677;568;855;2086;1654;525;1126;1823;2164;1777;472;131;466;2321;1008;2255;1703;945;176;389;795;1192;1631;2182;1669;1546;1117;1110;2313;854;769;1721;1614;1125;1545;355","95;2193;1130;2079;2009;1373;1285;2517;2631;2617;504;1982;537;1176;2186;2621;1856;13;2558;1323;2146;1645;1924;304;1156;38;343;1731;1375;767;1891;619;946;2345;1867;574;1265;2052;2434;1998;518;145;512;2612;1125;2540;1919;1052;196;429;874;1345;1839;2457;1882;1737;1253;1246;2603;945;846;1939;1819;1263;1736;392",2639,184.673605827593,115.466438332687,115.466438332687,1.66841734046097,TRUE,TRUE,
"01_RSPitHUMM","table1_capital_mobile_disburse","treatment3",67,0.0253884046987495,"Decrease",69.2071674949056,185.995138983176,116.787971488271,116.787971488271,1.68751266257021,TRUE,,TRUE,"84;1945;1012;1847;1786;1144;1217;2235;2338;2326;459;1763;491;1052;1938;2330;1645;13;2270;1174;1903;1463;1708;271;1036;35;308;1540;1219;699;1677;568;855;2086;1654;525;1126;1823;2164;1777;472;131;466;2321;1008;2255;1703;945;176;389;795;1192;1631;2182;1669;1546;1117;1110;2313;854;769;1721;1125;1614;1545;355;149","95;2193;1130;2079;2009;1285;1373;2517;2631;2617;504;1982;537;1176;2186;2621;1856;13;2558;1323;2146;1645;1924;304;1156;38;343;1731;1375;767;1891;619;946;2345;1867;574;1265;2052;2434;1998;518;145;512;2612;1125;2540;1919;1052;196;429;874;1345;1839;2457;1882;1737;1253;1246;2603;945;846;1939;1263;1819;1736;392;164",2639,185.995138983176,116.787971488271,116.787971488271,1.68751266257021,TRUE,TRUE,
"01_RSPitHUMM","table1_capital_mobile_disburse","treatment3",68,0.0257673361121637,"Decrease",69.2071674949056,187.125714706579,117.918547211674,117.918547211674,1.70384877000426,TRUE,,TRUE,"84;1945;1012;1847;1786;1144;1217;2235;2338;2326;459;1763;491;1052;1938;2330;1645;13;2270;1174;1903;1463;1708;271;1036;35;308;1540;1219;699;1677;568;855;2086;1654;525;1126;1823;2164;1777;472;131;466;2321;1008;2255;1703;945;176;389;795;1192;1631;2182;1669;1546;1117;1110;2313;854;769;1721;1125;1545;1614;355;149;1686","95;2193;1130;2079;2009;1285;1373;2517;2631;2617;504;1982;537;1176;2186;2621;1856;13;2558;1323;2146;1645;1924;304;1156;38;343;1731;1375;767;1891;619;946;2345;1867;574;1265;2052;2434;1998;518;145;512;2612;1125;2540;1919;1052;196;429;874;1345;1839;2457;1882;1737;1253;1246;2603;945;846;1939;1263;1736;1819;392;164;1900",2639,187.125714706579,117.918547211674,117.918547211674,1.70384877000426,TRUE,TRUE,
"01_RSPitHUMM","table1_capital_mobile_disburse","treatment3",69,0.0261462675255779,"Decrease",69.2071674949056,188.367390693206,119.1602231983,119.1602231983,1.72179020629723,TRUE,,TRUE,"84;1945;1012;1847;1786;1144;1217;2235;2338;2326;459;1763;491;1052;1938;2330;1645;13;2270;1174;1903;1463;1708;271;1036;35;308;1540;1219;699;1677;568;855;2086;1654;525;1126;1823;2164;1777;472;131;466;2321;1008;2255;1703;945;176;389;795;1192;1631;1669;2182;1546;1117;1110;2313;854;769;1721;1125;1545;1614;355;149;1686;1288","95;2193;1130;2079;2009;1285;1373;2517;2631;2617;504;1982;537;1176;2186;2621;1856;13;2558;1323;2146;1645;1924;304;1156;38;343;1731;1375;767;1891;619;946;2345;1867;574;1265;2052;2434;1998;518;145;512;2612;1125;2540;1919;1052;196;429;874;1345;1839;1882;2457;1737;1253;1246;2603;945;846;1939;1263;1736;1819;392;164;1900;1451",2639,188.367390693206,119.1602231983,119.1602231983,1.72179020629723,TRUE,TRUE,
"01_RSPitHUMM","table1_capital_mobile_disburse","treatment3",70,0.026525198938992,"Decrease",69.2071674949056,189.809226138012,120.602058643107,120.602058643107,1.74262382074782,TRUE,,TRUE,"84;1945;1012;1847;1786;1144;1217;2235;2338;2326;459;1763;491;1052;1938;2330;1645;13;2270;1174;1903;1463;1708;271;1036;35;308;1540;1219;699;1677;568;855;2086;1654;525;1126;1823;2164;1777;472;131;466;2321;1008;2255;1703;945;176;389;795;1192;1631;1669;2182;1546;1117;1110;2313;854;769;1721;1125;1545;1614;355;149;1686;1288;846","95;2193;1130;2079;2009;1285;1373;2517;2631;2617;504;1982;537;1176;2186;2621;1856;13;2558;1323;2146;1645;1924;304;1156;38;343;1731;1375;767;1891;619;946;2345;1867;574;1265;2052;2434;1998;518;145;512;2612;1125;2540;1919;1052;196;429;874;1345;1839;1882;2457;1737;1253;1246;2603;945;846;1939;1263;1736;1819;392;164;1900;1451;935",2639,189.809226138012,120.602058643107,120.602058643107,1.74262382074782,TRUE,TRUE,
"01_RSPitHUMM","table1_capital_mobile_disburse","treatment3",71,0.0269041303524062,"Decrease",69.2071674949056,190.722626609161,121.515459114256,121.515459114256,1.7558218825124,TRUE,,TRUE,"84;1945;1012;1847;1786;1144;1217;2235;2338;2326;459;1763;491;1052;1938;2330;1645;13;2270;1174;1903;1463;1708;271;1036;35;308;1540;1219;699;1677;568;855;2086;1654;525;1126;2164;1823;1777;472;131;466;2321;2255;1008;1703;945;176;389;795;1192;1631;1669;2182;1546;1117;1110;2313;854;769;1721;1125;1545;1614;355;149;1686;1288;846;2105","95;2193;1130;2079;2009;1285;1373;2517;2631;2617;504;1982;537;1176;2186;2621;1856;13;2558;1323;2146;1645;1924;304;1156;38;343;1731;1375;767;1891;619;946;2345;1867;574;1265;2434;2052;1998;518;145;512;2612;2540;1125;1919;1052;196;429;874;1345;1839;1882;2457;1737;1253;1246;2603;945;846;1939;1263;1736;1819;392;164;1900;1451;935;2365",2639,190.722626609161,121.515459114256,121.515459114256,1.7558218825124,TRUE,TRUE,
"01_RSPitHUMM","table1_capital_mobile_disburse","treatment3",72,0.0272830617658204,"Decrease",69.2071674949056,191.821077328989,122.613909834083,122.613909834083,1.7716938038695,TRUE,,TRUE,"84;1945;1012;1847;1786;1144;1217;2235;2338;2326;459;1763;491;1052;1938;2330;1645;13;2270;1174;1903;1463;1708;271;1036;35;308;1540;1219;699;1677;568;855;2086;1654;525;1126;2164;1823;1777;472;131;466;2321;2255;1008;1703;945;176;389;795;1192;1631;1669;2182;1546;1117;1110;2313;854;769;1721;1125;1545;1614;355;149;1686;1288;846;2105;853","95;2193;1130;2079;2009;1285;1373;2517;2631;2617;504;1982;537;1176;2186;2621;1856;13;2558;1323;2146;1645;1924;304;1156;38;343;1731;1375;767;1891;619;946;2345;1867;574;1265;2434;2052;1998;518;145;512;2612;2540;1125;1919;1052;196;429;874;1345;1839;1882;2457;1737;1253;1246;2603;945;846;1939;1263;1736;1819;392;164;1900;1451;935;2365;943",2639,191.821077328989,122.613909834083,122.613909834083,1.7716938038695,TRUE,TRUE,
"01_RSPitHUMM","table1_capital_mobile_disburse","treatment3",73,0.0276619931792346,"Decrease",69.2071674949056,193.001487656512,123.794320161607,123.794320161607,1.78874998995905,TRUE,,TRUE,"84;1945;1012;1847;1786;1144;1217;2235;2338;2326;459;1763;491;1052;1938;2330;1645;13;2270;1174;1903;1463;1708;271;1036;35;308;1540;1219;699;1677;568;855;2086;1654;525;1126;2164;1823;1777;472;131;466;2321;2255;1008;1703;945;176;389;795;1192;1631;1669;2182;1546;1117;1110;2313;854;769;1721;1125;1545;1614;355;149;1686;1288;846;2105;853;851","95;2193;1130;2079;2009;1285;1373;2517;2631;2617;504;1982;537;1176;2186;2621;1856;13;2558;1323;2146;1645;1924;304;1156;38;343;1731;1375;767;1891;619;946;2345;1867;574;1265;2434;2052;1998;518;145;512;2612;2540;1125;1919;1052;196;429;874;1345;1839;1882;2457;1737;1253;1246;2603;945;846;1939;1263;1736;1819;392;164;1900;1451;935;2365;943;941",2639,193.001487656512,123.794320161607,123.794320161607,1.78874998995905,TRUE,TRUE,
"01_RSPitHUMM","table1_capital_mobile_disburse","treatment3",74,0.0280409245926487,"Decrease",69.2071674949056,194.552605526296,125.34543803139,125.34543803139,1.81116266665035,TRUE,,TRUE,"84;1945;1012;1847;1786;1144;1217;2235;2338;2326;459;1763;491;1052;1938;2330;1645;13;2270;1174;1903;1463;1708;271;1036;35;308;1540;1219;699;1677;568;855;2086;1654;525;1126;2164;1823;1777;472;131;466;2321;2255;1008;1703;945;176;389;795;1192;1631;1669;2182;1546;1117;1110;2313;854;769;1721;1125;1545;1614;355;149;1686;1288;846;2105;853;851;888","95;2193;1130;2079;2009;1285;1373;2517;2631;2617;504;1982;537;1176;2186;2621;1856;13;2558;1323;2146;1645;1924;304;1156;38;343;1731;1375;767;1891;619;946;2345;1867;574;1265;2434;2052;1998;518;145;512;2612;2540;1125;1919;1052;196;429;874;1345;1839;1882;2457;1737;1253;1246;2603;945;846;1939;1263;1736;1819;392;164;1900;1451;935;2365;943;941;985",2639,194.552605526296,125.34543803139,125.34543803139,1.81116266665035,TRUE,TRUE,
"01_RSPitHUMM","table1_capital_mobile_disburse","treatment3",75,0.0284198560060629,"Decrease",69.2071674949056,195.67879983205,126.471632337145,126.471632337145,1.82743546535775,TRUE,,TRUE,"84;1945;1012;1847;1786;1144;1217;2235;2338;2326;459;1763;491;1052;1938;2330;1645;13;2270;1174;1903;1463;1708;271;1036;35;308;1540;1219;699;1677;568;855;2086;1654;525;1126;2164;1823;1777;472;131;466;2321;2255;1008;1703;945;176;389;795;1192;1631;1669;2182;1546;1117;1110;2313;854;769;1721;1125;1545;1614;355;149;1686;846;1288;2105;853;851;888;589","95;2193;1130;2079;2009;1285;1373;2517;2631;2617;504;1982;537;1176;2186;2621;1856;13;2558;1323;2146;1645;1924;304;1156;38;343;1731;1375;767;1891;619;946;2345;1867;574;1265;2434;2052;1998;518;145;512;2612;2540;1125;1919;1052;196;429;874;1345;1839;1882;2457;1737;1253;1246;2603;945;846;1939;1263;1736;1819;392;164;1900;935;1451;2365;943;941;985;642",2639,195.67879983205,126.471632337145,126.471632337145,1.82743546535775,TRUE,TRUE,
"01_RSPitHUMM","table1_capital_mobile_disburse","treatment3",76,0.0287987874194771,"Decrease",69.2071674949056,196.750816491192,127.543648996286,127.543648996286,1.84292543117987,TRUE,,TRUE,"84;1945;1012;1847;1786;1144;1217;2235;2338;2326;459;1763;491;1052;1938;2330;1645;13;2270;1174;1903;1463;1708;271;1036;35;308;1540;1219;699;1677;568;855;2086;1654;525;1126;2164;1823;1777;472;131;466;2321;2255;1008;1703;945;176;389;795;1192;1631;1669;2182;1546;1117;1110;2313;854;769;1125;1721;1545;1614;355;149;1686;846;1288;2105;853;851;888;589;2289","95;2193;1130;2079;2009;1285;1373;2517;2631;2617;504;1982;537;1176;2186;2621;1856;13;2558;1323;2146;1645;1924;304;1156;38;343;1731;1375;767;1891;619;946;2345;1867;574;1265;2434;2052;1998;518;145;512;2612;2540;1125;1919;1052;196;429;874;1345;1839;1882;2457;1737;1253;1246;2603;945;846;1263;1939;1736;1819;392;164;1900;935;1451;2365;943;941;985;642;2578",2639,196.750816491192,127.543648996286,127.543648996286,1.84292543117987,TRUE,TRUE,
"01_RSPitHUMM","table1_capital_mobile_disburse","treatment3",77,0.0291777188328912,"Decrease",69.2071674949056,198.351918135068,129.144750640162,129.144750640162,1.86606034193884,TRUE,,TRUE,"84;1945;1012;1847;1786;1144;1217;2235;2338;2326;459;1763;491;1052;1938;2330;1645;13;2270;1174;1903;1463;1708;271;1036;35;308;1540;1219;699;1677;568;855;2086;1654;525;1126;2164;1823;1777;472;131;466;2321;2255;1008;1703;945;176;389;795;1192;1631;1669;2182;1546;1117;1110;2313;854;769;1125;1721;1545;1614;355;149;1686;846;1288;2105;853;851;888;589;2289;1303","95;2193;1130;2079;2009;1285;1373;2517;2631;2617;504;1982;537;1176;2186;2621;1856;13;2558;1323;2146;1645;1924;304;1156;38;343;1731;1375;767;1891;619;946;2345;1867;574;1265;2434;2052;1998;518;145;512;2612;2540;1125;1919;1052;196;429;874;1345;1839;1882;2457;1737;1253;1246;2603;945;846;1263;1939;1736;1819;392;164;1900;935;1451;2365;943;941;985;642;2578;1466",2639,198.351918135068,129.144750640162,129.144750640162,1.86606034193884,TRUE,TRUE,
"01_RSPitHUMM","table1_capital_mobile_disburse","treatment3",78,0.0295566502463054,"Decrease",69.2071674949056,199.333277240351,130.126109745445,130.126109745445,1.88024036318238,TRUE,,TRUE,"84;1945;1012;1847;1786;1144;1217;2235;2338;2326;459;1763;491;1052;1938;2330;1645;13;2270;1174;1903;1463;1708;271;1036;35;308;1540;1219;699;1677;568;855;2086;1654;525;1126;2164;1823;1777;472;131;466;2321;2255;1008;1703;945;176;389;795;1192;1631;1669;2182;1546;1117;1110;2313;854;769;1125;1721;1545;1614;355;149;1686;846;1288;2105;853;851;888;589;2289;1303;919","95;2193;1130;2079;2009;1285;1373;2517;2631;2617;504;1982;537;1176;2186;2621;1856;13;2558;1323;2146;1645;1924;304;1156;38;343;1731;1375;767;1891;619;946;2345;1867;574;1265;2434;2052;1998;518;145;512;2612;2540;1125;1919;1052;196;429;874;1345;1839;1882;2457;1737;1253;1246;2603;945;846;1263;1939;1736;1819;392;164;1900;935;1451;2365;943;941;985;642;2578;1466;1019",2639,199.333277240351,130.126109745445,130.126109745445,1.88024036318238,TRUE,TRUE,
"01_RSPitHUMM","table1_capital_mobile_disburse","treatment3",79,0.0299355816597196,"Decrease",69.2071674949056,199.518690071647,130.311522576742,130.311522576742,1.88291946186548,TRUE,,TRUE,"84;1945;1012;1847;1786;1144;1217;2235;2338;2326;459;1763;491;1052;1938;2330;1645;13;2270;1174;1903;1463;1708;271;1036;35;308;1540;1219;699;1677;568;855;2086;1654;525;1126;2164;1823;1777;472;131;466;2321;2255;1008;1703;945;176;389;795;1192;1631;1669;2182;1546;1117;1110;2313;854;769;1125;1721;1545;1614;355;149;1686;846;1288;2105;853;851;888;589;2289;1303;919;559","95;2193;1130;2079;2009;1285;1373;2517;2631;2617;504;1982;537;1176;2186;2621;1856;13;2558;1323;2146;1645;1924;304;1156;38;343;1731;1375;767;1891;619;946;2345;1867;574;1265;2434;2052;1998;518;145;512;2612;2540;1125;1919;1052;196;429;874;1345;1839;1882;2457;1737;1253;1246;2603;945;846;1263;1939;1736;1819;392;164;1900;935;1451;2365;943;941;985;642;2578;1466;1019;608",2639,199.518690071647,130.311522576742,130.311522576742,1.88291946186548,TRUE,TRUE,
"01_RSPitHUMM","table1_capital_mobile_disburse","treatment3",80,0.0303145130731338,"Decrease",69.2071674949056,200.40952246914,131.202354974235,131.202354974235,1.89579142917375,TRUE,,TRUE,"84;1945;1012;1847;1786;1144;1217;2235;2338;2326;459;1763;491;1052;1938;2330;1645;13;2270;1174;1903;1463;1708;271;1036;35;308;1540;1219;699;1677;568;855;2086;1654;525;1126;2164;1823;1777;472;131;466;2321;2255;1008;1703;945;176;389;795;1192;1631;1669;2182;1546;1117;2313;1110;854;769;1125;1721;1545;1614;355;149;1686;846;1288;2105;853;851;888;589;2289;1303;919;559;611","95;2193;1130;2079;2009;1285;1373;2517;2631;2617;504;1982;537;1176;2186;2621;1856;13;2558;1323;2146;1645;1924;304;1156;38;343;1731;1375;767;1891;619;946;2345;1867;574;1265;2434;2052;1998;518;145;512;2612;2540;1125;1919;1052;196;429;874;1345;1839;1882;2457;1737;1253;2603;1246;945;846;1263;1939;1736;1819;392;164;1900;935;1451;2365;943;941;985;642;2578;1466;1019;608;668",2639,200.40952246914,131.202354974235,131.202354974235,1.89579142917375,TRUE,TRUE,
"01_RSPitHUMM","table1_capital_mobile_disburse","treatment3",81,0.0306934444865479,"Decrease",69.2071674949056,201.950223185947,132.743055691041,132.743055691041,1.9180535845628,TRUE,,TRUE,"84;1945;1012;1847;1786;1144;1217;2235;2338;2326;459;1763;491;1052;1938;2330;1645;13;2270;1174;1903;1463;1708;271;1036;35;308;1540;1219;699;1677;568;855;2086;1654;525;1126;2164;1823;1777;472;131;466;2321;2255;1008;1703;945;176;389;795;1192;1631;1669;2182;1546;1117;2313;1110;854;769;1125;1721;1545;1614;355;149;1686;846;1288;2105;853;851;888;589;2289;1303;919;559;611;74","95;2193;1130;2079;2009;1285;1373;2517;2631;2617;504;1982;537;1176;2186;2621;1856;13;2558;1323;2146;1645;1924;304;1156;38;343;1731;1375;767;1891;619;946;2345;1867;574;1265;2434;2052;1998;518;145;512;2612;2540;1125;1919;1052;196;429;874;1345;1839;1882;2457;1737;1253;2603;1246;945;846;1263;1939;1736;1819;392;164;1900;935;1451;2365;943;941;985;642;2578;1466;1019;608;668;83",2639,201.950223185947,132.743055691041,132.743055691041,1.9180535845628,TRUE,TRUE,
"01_RSPitHUMM","table1_capital_mobile_disburse","treatment3",82,0.0310723758999621,"Decrease",69.2071674949056,203.168559109868,133.961391614962,133.961391614962,1.93565777164371,TRUE,,TRUE,"84;1945;1012;1847;1144;1786;1217;2235;2338;2326;459;1763;491;1052;1938;2330;1645;13;2270;1174;1903;1463;1708;271;1036;35;308;1540;1219;699;1677;568;855;2086;1654;525;1126;2164;1823;1777;472;131;466;2321;2255;1008;1703;945;176;389;795;1192;1631;1669;2182;1546;1117;2313;1110;854;769;1125;1545;1721;1614;355;149;1686;846;1288;2105;853;851;888;589;2289;1303;919;559;611;74;1097","95;2193;1130;2079;1285;2009;1373;2517;2631;2617;504;1982;537;1176;2186;2621;1856;13;2558;1323;2146;1645;1924;304;1156;38;343;1731;1375;767;1891;619;946;2345;1867;574;1265;2434;2052;1998;518;145;512;2612;2540;1125;1919;1052;196;429;874;1345;1839;1882;2457;1737;1253;2603;1246;945;846;1263;1736;1939;1819;392;164;1900;935;1451;2365;943;941;985;642;2578;1466;1019;608;668;83;1232",2639,203.168559109868,133.961391614962,133.961391614962,1.93565777164371,TRUE,TRUE,
"01_RSPitHUMM","table1_capital_mobile_disburse","treatment3",83,0.0314513073133763,"Decrease",69.2071674949056,204.307098428342,135.099930933436,135.099930933436,1.95210894801295,TRUE,,TRUE,"84;1945;1012;1847;1144;1786;1217;2235;2338;2326;459;1763;491;1052;1938;2330;1645;13;2270;1174;1903;1463;1708;271;1036;35;308;1540;1219;699;1677;568;855;2086;1654;525;1126;2164;1823;1777;472;131;466;2321;2255;1008;1703;945;176;389;795;1192;1631;1669;2182;1546;1117;2313;1110;854;769;1125;1545;1721;1614;355;149;1686;846;1288;2105;853;851;888;589;2289;1303;919;559;611;74;1097;2532","95;2193;1130;2079;1285;2009;1373;2517;2631;2617;504;1982;537;1176;2186;2621;1856;13;2558;1323;2146;1645;1924;304;1156;38;343;1731;1375;767;1891;619;946;2345;1867;574;1265;2434;2052;1998;518;145;512;2612;2540;1125;1919;1052;196;429;874;1345;1839;1882;2457;1737;1253;2603;1246;945;846;1263;1736;1939;1819;392;164;1900;935;1451;2365;943;941;985;642;2578;1466;1019;608;668;83;1232;2839",2639,204.307098428342,135.099930933436,135.099930933436,1.95210894801295,TRUE,TRUE,
"01_RSPitHUMM","table1_capital_mobile_disburse","treatment3",84,0.0318302387267905,"Decrease",69.2071674949056,205.135921728808,135.928754233903,135.928754233903,1.96408492290786,TRUE,,TRUE,"84;1945;1012;1847;1144;1786;1217;2235;2338;2326;459;1763;491;1052;1938;2330;1645;13;2270;1174;1903;1463;1708;271;1036;35;308;1540;1219;699;1677;568;855;2086;1654;525;1126;2164;1823;1777;472;131;466;2321;2255;1008;1703;945;176;389;795;1192;1631;1669;2182;1546;1117;2313;1110;854;769;1125;1545;1721;1614;355;149;1686;846;1288;2105;853;851;888;589;2289;1303;919;559;611;74;1097;2532;2559","95;2193;1130;2079;1285;2009;1373;2517;2631;2617;504;1982;537;1176;2186;2621;1856;13;2558;1323;2146;1645;1924;304;1156;38;343;1731;1375;767;1891;619;946;2345;1867;574;1265;2434;2052;1998;518;145;512;2612;2540;1125;1919;1052;196;429;874;1345;1839;1882;2457;1737;1253;2603;1246;945;846;1263;1736;1939;1819;392;164;1900;935;1451;2365;943;941;985;642;2578;1466;1019;608;668;83;1232;2839;2871",2639,205.135921728808,135.928754233903,135.928754233903,1.96408492290786,TRUE,TRUE,
"01_RSPitHUMM","table1_capital_mobile_disburse","treatment3",85,0.0322091701402046,"Decrease",69.2071674949056,206.271467180327,137.064299685422,137.064299685422,1.98049283978442,TRUE,,TRUE,"84;1945;1012;1847;1144;1786;1217;2235;2338;2326;459;1763;491;1052;1938;2330;1645;13;2270;1174;1903;1463;1708;271;35;1036;308;1540;1219;699;1677;568;855;2086;1654;525;1126;2164;1823;1777;472;131;466;2321;2255;1008;1703;945;176;389;795;1192;1631;1669;2182;1546;1117;2313;1110;854;769;1125;1545;1721;1614;355;149;1686;846;1288;2105;851;853;888;589;2289;1303;919;559;611;74;1097;2532;2559;276","95;2193;1130;2079;1285;2009;1373;2517;2631;2617;504;1982;537;1176;2186;2621;1856;13;2558;1323;2146;1645;1924;304;38;1156;343;1731;1375;767;1891;619;946;2345;1867;574;1265;2434;2052;1998;518;145;512;2612;2540;1125;1919;1052;196;429;874;1345;1839;1882;2457;1737;1253;2603;1246;945;846;1263;1736;1939;1819;392;164;1900;935;1451;2365;941;943;985;642;2578;1466;1019;608;668;83;1232;2839;2871;309",2639,206.271467180327,137.064299685422,137.064299685422,1.98049283978442,TRUE,TRUE,
"01_RSPitHUMM","table1_capital_mobile_disburse","treatment3",86,0.0325881015536188,"Decrease",69.2071674949056,207.240521437391,138.033353942485,138.033353942485,1.99449506371787,TRUE,,TRUE,"84;1945;1012;1847;1144;1786;1217;2235;2338;2326;459;1763;491;1052;1938;2330;1645;13;2270;1174;1903;1463;1708;271;35;1036;308;1540;1219;699;1677;568;855;2086;1654;525;1126;2164;1823;1777;472;131;466;2321;2255;1008;1703;945;176;389;795;1192;1631;1669;2182;1546;1117;2313;1110;854;769;1125;1545;1721;1614;355;149;846;1686;1288;2105;851;853;888;2289;589;1303;919;559;611;74;1097;2532;2559;276;2478","95;2193;1130;2079;1285;2009;1373;2517;2631;2617;504;1982;537;1176;2186;2621;1856;13;2558;1323;2146;1645;1924;304;38;1156;343;1731;1375;767;1891;619;946;2345;1867;574;1265;2434;2052;1998;518;145;512;2612;2540;1125;1919;1052;196;429;874;1345;1839;1882;2457;1737;1253;2603;1246;945;846;1263;1736;1939;1819;392;164;935;1900;1451;2365;941;943;985;2578;642;1466;1019;608;668;83;1232;2839;2871;309;2782",2639,207.240521437391,138.033353942485,138.033353942485,1.99449506371787,TRUE,TRUE,
"01_RSPitHUMM","table1_capital_mobile_disburse","treatment3",87,0.032967032967033,"Decrease",69.2071674949056,207.697759112108,138.490591617203,138.490591617203,2.00110186025742,TRUE,,TRUE,"84;1945;1012;1847;1144;1786;1217;2235;2338;2326;459;1763;491;1052;1938;2330;1645;13;2270;1174;1903;1463;1708;271;35;1036;308;1540;1219;699;1677;568;855;2086;1654;525;1126;2164;1823;1777;472;131;466;2321;2255;1008;1703;945;176;389;795;1192;1631;1669;2182;1546;1117;2313;1110;854;769;1125;1545;1721;355;1614;149;846;1686;1288;2105;851;853;888;2289;589;1303;919;559;611;74;1097;2532;2559;276;2478;666","95;2193;1130;2079;1285;2009;1373;2517;2631;2617;504;1982;537;1176;2186;2621;1856;13;2558;1323;2146;1645;1924;304;38;1156;343;1731;1375;767;1891;619;946;2345;1867;574;1265;2434;2052;1998;518;145;512;2612;2540;1125;1919;1052;196;429;874;1345;1839;1882;2457;1737;1253;2603;1246;945;846;1263;1736;1939;392;1819;164;935;1900;1451;2365;941;943;985;2578;642;1466;1019;608;668;83;1232;2839;2871;309;2782;729",2639,207.697759112108,138.490591617203,138.490591617203,2.00110186025742,TRUE,TRUE,
"01_RSPitHUMM","table1_capital_mobile_disburse","treatment3",88,0.0333459643804471,"Decrease",69.2071674949056,209.60671656842,140.399549073514,140.399549073514,2.02868509369133,TRUE,,TRUE,"84;1945;1012;1847;1144;1786;1217;2235;2338;2326;459;1763;491;1052;1938;2330;1645;13;2270;1174;1903;1463;1708;271;35;1036;308;1540;1219;699;1677;568;855;2086;1654;525;1126;2164;1823;1777;472;131;466;2321;2255;1008;1703;945;176;389;795;1192;1631;1669;2182;1546;1117;2313;1110;854;769;1125;1545;1721;355;1614;149;846;1686;1288;2105;851;853;888;2289;589;1303;919;559;611;74;1097;2532;2559;276;2478;666;1177","95;2193;1130;2079;1285;2009;1373;2517;2631;2617;504;1982;537;1176;2186;2621;1856;13;2558;1323;2146;1645;1924;304;38;1156;343;1731;1375;767;1891;619;946;2345;1867;574;1265;2434;2052;1998;518;145;512;2612;2540;1125;1919;1052;196;429;874;1345;1839;1882;2457;1737;1253;2603;1246;945;846;1263;1736;1939;392;1819;164;935;1900;1451;2365;941;943;985;2578;642;1466;1019;608;668;83;1232;2839;2871;309;2782;729;1327",2639,209.60671656842,140.399549073514,140.399549073514,2.02868509369133,TRUE,TRUE,
"01_RSPitHUMM","table1_capital_mobile_disburse","treatment3",89,0.0337248957938613,"Decrease",69.2071674949056,209.60671656842,140.399549073514,140.399549073514,2.02868509369133,TRUE,,TRUE,"84;1945;1012;1847;1144;1786;1217;2235;2338;2326;459;1763;491;1052;1938;2330;1645;13;2270;1174;1903;1463;1708;271;35;1036;308;1540;1219;699;1677;568;855;2086;1654;525;1126;2164;1823;1777;472;131;466;2321;2255;1008;1703;945;176;389;795;1192;1631;1669;2182;1546;1117;2313;1110;854;769;1125;1545;1721;355;1614;149;846;1686;1288;2105;851;853;888;2289;589;1303;919;559;611;74;1097;2532;2559;276;2478;666;1177;771","95;2193;1130;2079;1285;2009;1373;2517;2631;2617;504;1982;537;1176;2186;2621;1856;13;2558;1323;2146;1645;1924;304;38;1156;343;1731;1375;767;1891;619;946;2345;1867;574;1265;2434;2052;1998;518;145;512;2612;2540;1125;1919;1052;196;429;874;1345;1839;1882;2457;1737;1253;2603;1246;945;846;1263;1736;1939;392;1819;164;935;1900;1451;2365;941;943;985;2578;642;1466;1019;608;668;83;1232;2839;2871;309;2782;729;1327;848",2639,209.60671656842,140.399549073514,140.399549073514,2.02868509369133,TRUE,TRUE,
"01_RSPitHUMM","table1_capital_mobile_disburse","treatment3",90,0.0341038272072755,"Decrease",69.2071674949056,210.469191215472,141.262023720567,141.262023720567,2.04114730935875,TRUE,,TRUE,"84;1945;1012;1847;1144;1786;1217;2235;2338;2326;459;1763;491;1052;1938;2330;1645;13;2270;1174;1903;1463;1708;271;35;1036;308;1540;1219;699;1677;568;855;2086;1654;525;1126;2164;1823;1777;472;131;466;2321;2255;1008;1703;945;176;389;795;1192;1631;1669;2182;1546;1117;2313;1110;769;854;1125;1545;1721;355;1614;846;149;1686;1288;2105;851;853;888;2289;589;1303;919;559;611;74;1097;2532;2559;276;2478;666;1177;771;2306","95;2193;1130;2079;1285;2009;1373;2517;2631;2617;504;1982;537;1176;2186;2621;1856;13;2558;1323;2146;1645;1924;304;38;1156;343;1731;1375;767;1891;619;946;2345;1867;574;1265;2434;2052;1998;518;145;512;2612;2540;1125;1919;1052;196;429;874;1345;1839;1882;2457;1737;1253;2603;1246;846;945;1263;1736;1939;392;1819;935;164;1900;1451;2365;941;943;985;2578;642;1466;1019;608;668;83;1232;2839;2871;309;2782;729;1327;848;2595",2639,210.469191215472,141.262023720567,141.262023720567,2.04114730935875,TRUE,TRUE,
"01_RSPitHUMM","table1_capital_mobile_disburse","treatment3",91,0.0344827586206897,"Decrease",69.2071674949056,210.96327847895,141.756110984045,141.756110984045,2.04828655925673,TRUE,,TRUE,"84;1945;1012;1847;1144;1786;1217;2235;2338;2326;459;1763;491;1052;1938;2330;1645;13;2270;1174;1903;1463;1708;271;35;1036;308;1540;1219;699;1677;568;855;2086;1654;525;1126;2164;1823;1777;472;131;466;2321;2255;1008;1703;176;945;389;795;1192;1631;1669;2182;1546;1117;2313;1110;769;854;1125;1545;355;1721;1614;846;149;1686;1288;2105;851;853;888;2289;589;1303;919;559;611;74;1097;2532;2559;2478;276;666;1177;771;2306;1859","95;2193;1130;2079;1285;2009;1373;2517;2631;2617;504;1982;537;1176;2186;2621;1856;13;2558;1323;2146;1645;1924;304;38;1156;343;1731;1375;767;1891;619;946;2345;1867;574;1265;2434;2052;1998;518;145;512;2612;2540;1125;1919;196;1052;429;874;1345;1839;1882;2457;1737;1253;2603;1246;846;945;1263;1736;392;1939;1819;935;164;1900;1451;2365;941;943;985;2578;642;1466;1019;608;668;83;1232;2839;2871;2782;309;729;1327;848;2595;2093",2639,210.96327847895,141.756110984045,141.756110984045,2.04828655925673,TRUE,TRUE,
"01_RSPitHUMM","table1_capital_mobile_disburse","treatment3",92,0.0348616900341038,"Decrease",69.2071674949056,212.365540852854,143.158373357949,143.158373357949,2.06854836774655,TRUE,,TRUE,"84;1945;1012;1847;1144;1786;1217;2235;2338;2326;459;1763;491;1052;1938;2330;1645;13;2270;1174;1903;1463;1708;271;35;1036;308;1540;1219;699;1677;568;855;2086;1654;525;1126;2164;1823;1777;472;131;466;2321;2255;1008;1703;176;945;389;795;1192;1631;1669;2182;1546;1117;2313;1110;769;854;1125;1545;355;1721;1614;846;149;1686;1288;2105;851;853;888;2289;589;1303;919;559;611;74;1097;2532;2559;2478;276;666;1177;771;2306;1859;2509","95;2193;1130;2079;1285;2009;1373;2517;2631;2617;504;1982;537;1176;2186;2621;1856;13;2558;1323;2146;1645;1924;304;38;1156;343;1731;1375;767;1891;619;946;2345;1867;574;1265;2434;2052;1998;518;145;512;2612;2540;1125;1919;196;1052;429;874;1345;1839;1882;2457;1737;1253;2603;1246;846;945;1263;1736;392;1939;1819;935;164;1900;1451;2365;941;943;985;2578;642;1466;1019;608;668;83;1232;2839;2871;2782;309;729;1327;848;2595;2093;2814",2639,212.365540852854,143.158373357949,143.158373357949,2.06854836774655,TRUE,TRUE,
"01_RSPitHUMM","table1_capital_mobile_disburse","treatment3",93,0.035240621447518,"Decrease",69.2071674949056,213.687687489323,144.480519994417,144.480519994417,2.08765255426835,TRUE,,TRUE,"84;1945;1012;1847;1144;1786;1217;2235;2338;2326;459;1763;491;1052;1938;2330;1645;13;2270;1174;1903;1463;1708;271;35;1036;308;1540;1219;699;1677;568;855;2086;1654;525;1126;2164;1823;1777;472;131;466;2321;2255;1008;1703;176;945;389;795;1192;1631;1669;2182;1546;1117;2313;1110;769;854;1125;1545;355;1721;1614;846;149;1686;1288;2105;851;853;888;2289;589;1303;919;559;611;74;1097;2532;2559;2478;276;666;1177;771;2306;1859;2509;1671","95;2193;1130;2079;1285;2009;1373;2517;2631;2617;504;1982;537;1176;2186;2621;1856;13;2558;1323;2146;1645;1924;304;38;1156;343;1731;1375;767;1891;619;946;2345;1867;574;1265;2434;2052;1998;518;145;512;2612;2540;1125;1919;196;1052;429;874;1345;1839;1882;2457;1737;1253;2603;1246;846;945;1263;1736;392;1939;1819;935;164;1900;1451;2365;941;943;985;2578;642;1466;1019;608;668;83;1232;2839;2871;2782;309;729;1327;848;2595;2093;2814;1884",2639,213.687687489323,144.480519994417,144.480519994417,2.08765255426835,TRUE,TRUE,
"01_RSPitHUMM","table1_capital_mobile_disburse","treatment3",94,0.0356195528609322,"Decrease",69.2071674949056,215.024183707579,145.817016212673,145.817016212673,2.10696408321302,TRUE,,TRUE,"84;1945;1012;1847;1144;1786;1217;2235;2338;2326;459;1763;491;1052;1938;2330;1645;13;2270;1174;1903;1463;1708;271;35;1036;308;1540;1219;699;1677;568;855;2086;1654;525;1126;2164;1823;1777;472;131;466;2321;2255;1008;1703;176;945;389;795;1192;1631;1669;1546;2182;1117;2313;1110;769;854;1125;1545;355;1721;1614;846;149;1686;1288;2105;851;853;888;2289;589;1303;919;559;611;74;1097;2532;2559;2478;276;666;1177;771;2306;1859;2509;1671;917","95;2193;1130;2079;1285;2009;1373;2517;2631;2617;504;1982;537;1176;2186;2621;1856;13;2558;1323;2146;1645;1924;304;38;1156;343;1731;1375;767;1891;619;946;2345;1867;574;1265;2434;2052;1998;518;145;512;2612;2540;1125;1919;196;1052;429;874;1345;1839;1882;1737;2457;1253;2603;1246;846;945;1263;1736;392;1939;1819;935;164;1900;1451;2365;941;943;985;2578;642;1466;1019;608;668;83;1232;2839;2871;2782;309;729;1327;848;2595;2093;2814;1884;1016",2639,215.024183707579,145.817016212673,145.817016212673,2.10696408321302,TRUE,TRUE,
"01_RSPitHUMM","table1_capital_mobile_disburse","treatment3",95,0.0359984842743463,"Decrease",69.2071674949056,215.993406855488,146.786239360582,146.786239360582,2.12096874751286,TRUE,,TRUE,"84;1945;1012;1847;1144;1786;1217;2235;2338;2326;459;1763;491;1052;1938;2330;1645;13;2270;1174;1903;1463;1708;271;35;1036;308;1540;1219;699;1677;568;855;2086;1654;525;1126;2164;1823;1777;472;131;466;2321;2255;1008;1703;176;945;389;795;1192;1631;1669;1546;2182;1117;2313;1110;769;854;1125;355;1545;1721;1614;846;149;1686;1288;2105;851;853;888;2289;589;1303;919;559;611;74;1097;2532;2559;2478;276;666;1177;771;2306;1859;2509;1671;917;90","95;2193;1130;2079;1285;2009;1373;2517;2631;2617;504;1982;537;1176;2186;2621;1856;13;2558;1323;2146;1645;1924;304;38;1156;343;1731;1375;767;1891;619;946;2345;1867;574;1265;2434;2052;1998;518;145;512;2612;2540;1125;1919;196;1052;429;874;1345;1839;1882;1737;2457;1253;2603;1246;846;945;1263;392;1736;1939;1819;935;164;1900;1451;2365;941;943;985;2578;642;1466;1019;608;668;83;1232;2839;2871;2782;309;729;1327;848;2595;2093;2814;1884;1016;101",2639,215.993406855488,146.786239360582,146.786239360582,2.12096874751286,TRUE,TRUE,
"01_RSPitHUMM","table1_capital_mobile_disburse","treatment3",96,0.0363774156877605,"Decrease",69.2071674949056,216.884109076442,147.676941581537,147.676941581537,2.1338388338521,TRUE,,TRUE,"84;1945;1012;1847;1144;1786;1217;2235;2338;2326;459;1763;491;1052;1938;2330;1645;13;2270;1174;1903;1463;1708;271;35;1036;308;1540;1219;699;1677;568;855;2086;1654;525;1126;2164;1823;1777;472;131;466;2321;2255;1008;1703;176;945;389;795;1192;1631;1669;1546;2182;1117;2313;1110;769;854;1125;355;1545;1721;1614;846;149;1686;1288;2105;851;853;888;2289;589;1303;919;559;611;74;1097;2532;2559;2478;276;666;1177;771;2306;1859;2509;1671;917;90;2141","95;2193;1130;2079;1285;2009;1373;2517;2631;2617;504;1982;537;1176;2186;2621;1856;13;2558;1323;2146;1645;1924;304;38;1156;343;1731;1375;767;1891;619;946;2345;1867;574;1265;2434;2052;1998;518;145;512;2612;2540;1125;1919;196;1052;429;874;1345;1839;1882;1737;2457;1253;2603;1246;846;945;1263;392;1736;1939;1819;935;164;1900;1451;2365;941;943;985;2578;642;1466;1019;608;668;83;1232;2839;2871;2782;309;729;1327;848;2595;2093;2814;1884;1016;101;2403",2639,216.884109076442,147.676941581537,147.676941581537,2.1338388338521,TRUE,TRUE,
"01_RSPitHUMM","table1_capital_mobile_disburse","treatment3",97,0.0367563471011747,"Decrease",69.2071674949056,218.269384673628,149.062217178723,149.062217178723,2.15385519411259,TRUE,,TRUE,"84;1945;1012;1847;1144;1786;1217;2235;2338;2326;459;1763;491;1052;1938;2330;1645;13;2270;1174;1903;1463;1708;271;35;1036;308;1540;1219;699;1677;568;855;2086;1654;525;1126;2164;1823;1777;472;131;466;2321;2255;1008;1703;176;945;389;795;1192;1631;1669;1546;2182;1117;2313;1110;769;854;1125;355;1545;1721;1614;846;149;1686;1288;2105;851;853;888;2289;589;1303;919;559;611;74;1097;2532;2559;2478;276;666;1177;771;2306;1859;2509;1671;917;90;2141;1056","95;2193;1130;2079;1285;2009;1373;2517;2631;2617;504;1982;537;1176;2186;2621;1856;13;2558;1323;2146;1645;1924;304;38;1156;343;1731;1375;767;1891;619;946;2345;1867;574;1265;2434;2052;1998;518;145;512;2612;2540;1125;1919;196;1052;429;874;1345;1839;1882;1737;2457;1253;2603;1246;846;945;1263;392;1736;1939;1819;935;164;1900;1451;2365;941;943;985;2578;642;1466;1019;608;668;83;1232;2839;2871;2782;309;729;1327;848;2595;2093;2814;1884;1016;101;2403;1180",2639,218.269384673628,149.062217178723,149.062217178723,2.15385519411259,TRUE,TRUE,
"01_RSPitHUMM","table1_capital_mobile_disburse","treatment3",98,0.0371352785145889,"Decrease",69.2071674949056,220.064022025914,150.856854531008,150.856854531008,2.17978657401508,TRUE,,TRUE,"84;1945;1012;1847;1144;1786;1217;2235;2338;2326;459;1763;491;1052;1938;2330;1645;13;2270;1174;1903;1463;1708;271;35;1036;308;1540;1219;699;1677;568;855;2086;1654;525;1126;2164;1823;1777;472;131;466;2321;2255;1008;1703;176;945;389;795;1192;1631;1669;1546;2182;1117;2313;1110;769;854;1125;355;1545;1721;1614;846;149;1686;1288;2105;851;853;888;2289;589;1303;919;559;611;74;1097;2532;2559;2478;276;666;1177;771;2306;1859;2509;1671;917;90;2141;1056;301","95;2193;1130;2079;1285;2009;1373;2517;2631;2617;504;1982;537;1176;2186;2621;1856;13;2558;1323;2146;1645;1924;304;38;1156;343;1731;1375;767;1891;619;946;2345;1867;574;1265;2434;2052;1998;518;145;512;2612;2540;1125;1919;196;1052;429;874;1345;1839;1882;1737;2457;1253;2603;1246;846;945;1263;392;1736;1939;1819;935;164;1900;1451;2365;941;943;985;2578;642;1466;1019;608;668;83;1232;2839;2871;2782;309;729;1327;848;2595;2093;2814;1884;1016;101;2403;1180;336",2639,220.064022025914,150.856854531008,150.856854531008,2.17978657401508,TRUE,TRUE,
"01_RSPitHUMM","table1_capital_mobile_disburse","treatment3",99,0.037514209928003,"Decrease",69.2071674949056,220.064022025914,150.856854531008,150.856854531008,2.17978657401508,TRUE,,TRUE,"84;1945;1012;1847;1144;1786;1217;2235;2338;2326;459;1763;491;1052;1938;2330;1645;13;2270;1174;1903;1463;1708;271;35;1036;308;1540;1219;699;1677;568;855;2086;1654;525;1126;2164;1823;1777;472;131;466;2321;2255;1008;1703;176;945;389;795;1192;1631;1669;1546;2182;1117;2313;1110;769;854;1125;355;1545;1721;1614;846;149;1686;1288;2105;851;853;888;2289;589;1303;919;559;611;74;1097;2532;2559;2478;276;666;1177;771;2306;1859;2509;1671;917;90;2141;1056;301;20","95;2193;1130;2079;1285;2009;1373;2517;2631;2617;504;1982;537;1176;2186;2621;1856;13;2558;1323;2146;1645;1924;304;38;1156;343;1731;1375;767;1891;619;946;2345;1867;574;1265;2434;2052;1998;518;145;512;2612;2540;1125;1919;196;1052;429;874;1345;1839;1882;1737;2457;1253;2603;1246;846;945;1263;392;1736;1939;1819;935;164;1900;1451;2365;941;943;985;2578;642;1466;1019;608;668;83;1232;2839;2871;2782;309;729;1327;848;2595;2093;2814;1884;1016;101;2403;1180;336;20",2639,220.064022025914,150.856854531008,150.856854531008,2.17978657401508,TRUE,TRUE,
"01_RSPitHUMM","table1_capital_mobile_disburse","treatment3",100,0.0378931413414172,"Decrease",69.2071674949056,220.936640545548,151.729473050642,151.729473050642,2.19239536225509,TRUE,,TRUE,"84;1945;1012;1847;1144;1786;1217;2235;2338;2326;459;1763;491;1052;1938;2330;1645;13;2270;1174;1903;1463;1708;271;35;1036;308;1540;1219;699;1677;568;855;2086;1654;525;1126;2164;1823;1777;472;131;466;2321;2255;1008;1703;176;945;389;795;1192;1631;1669;1546;2182;1117;2313;1110;769;854;1125;355;1545;1721;1614;846;149;1686;1288;2105;851;853;888;2289;589;1303;919;559;611;74;1097;2532;2559;2478;276;666;1177;771;2306;1859;2509;1671;917;90;2141;1056;301;20;1007","95;2193;1130;2079;1285;2009;1373;2517;2631;2617;504;1982;537;1176;2186;2621;1856;13;2558;1323;2146;1645;1924;304;38;1156;343;1731;1375;767;1891;619;946;2345;1867;574;1265;2434;2052;1998;518;145;512;2612;2540;1125;1919;196;1052;429;874;1345;1839;1882;1737;2457;1253;2603;1246;846;945;1263;392;1736;1939;1819;935;164;1900;1451;2365;941;943;985;2578;642;1466;1019;608;668;83;1232;2839;2871;2782;309;729;1327;848;2595;2093;2814;1884;1016;101;2403;1180;336;20;1124",2639,220.936640545548,151.729473050642,151.729473050642,2.19239536225509,TRUE,TRUE,
"01_RSPitHUMM","table1_capital_mobile_disburse","treatment3",101,0.0382720727548314,"Decrease",69.2071674949056,221.95774996461,152.750582469704,152.750582469704,2.20714975050739,TRUE,,TRUE,"84;1945;1012;1847;1144;1786;1217;2235;2338;2326;459;1763;491;1052;1938;2330;1645;13;2270;1174;1903;1463;1708;271;35;1036;308;1540;1219;699;1677;568;855;2086;1654;525;1126;2164;1823;1777;472;131;466;2321;2255;1008;1703;176;945;389;795;1192;1631;1669;1546;2182;1117;2313;1110;769;854;1125;355;1545;1721;1614;846;149;1686;1288;851;2105;853;888;2289;589;1303;919;559;611;74;1097;2532;2559;2478;276;666;1177;771;2306;1859;2509;1671;917;90;2141;1056;301;20;1007;759","95;2193;1130;2079;1285;2009;1373;2517;2631;2617;504;1982;537;1176;2186;2621;1856;13;2558;1323;2146;1645;1924;304;38;1156;343;1731;1375;767;1891;619;946;2345;1867;574;1265;2434;2052;1998;518;145;512;2612;2540;1125;1919;196;1052;429;874;1345;1839;1882;1737;2457;1253;2603;1246;846;945;1263;392;1736;1939;1819;935;164;1900;1451;941;2365;943;985;2578;642;1466;1019;608;668;83;1232;2839;2871;2782;309;729;1327;848;2595;2093;2814;1884;1016;101;2403;1180;336;20;1124;835",2639,221.95774996461,152.750582469704,152.750582469704,2.20714975050739,TRUE,TRUE,
"01_RSPitHUMM","table1_capital_mobile_disburse","treatment3",102,0.0386510041682455,"Decrease",69.2071674949056,223.06071385766,153.853546362754,153.853546362754,2.22308688437624,TRUE,,TRUE,"84;1945;1012;1847;1144;1786;1217;2235;2338;2326;459;1763;491;1052;1938;2330;1645;13;2270;1174;1903;1463;1708;271;35;1036;308;1540;1219;699;1677;568;855;2086;1654;525;1126;2164;1823;1777;472;131;466;2321;2255;1008;1703;176;945;389;795;1192;1631;1669;1546;2182;1117;2313;1110;769;854;355;1125;1545;1721;1614;846;149;1686;1288;851;2105;853;888;2289;589;1303;919;559;611;74;1097;2532;2559;2478;276;666;1177;771;2306;1859;2509;1671;917;90;2141;1056;301;20;1007;759;2473","95;2193;1130;2079;1285;2009;1373;2517;2631;2617;504;1982;537;1176;2186;2621;1856;13;2558;1323;2146;1645;1924;304;38;1156;343;1731;1375;767;1891;619;946;2345;1867;574;1265;2434;2052;1998;518;145;512;2612;2540;1125;1919;196;1052;429;874;1345;1839;1882;1737;2457;1253;2603;1246;846;945;392;1263;1736;1939;1819;935;164;1900;1451;941;2365;943;985;2578;642;1466;1019;608;668;83;1232;2839;2871;2782;309;729;1327;848;2595;2093;2814;1884;1016;101;2403;1180;336;20;1124;835;2777",2639,223.06071385766,153.853546362754,153.853546362754,2.22308688437624,TRUE,TRUE,
"01_RSPitHUMM","table1_capital_mobile_disburse","treatment3",103,0.0390299355816597,"Decrease",69.2071674949056,223.941203964607,154.734036469702,154.734036469702,2.23580941209726,TRUE,,TRUE,"84;1945;1012;1847;1144;1786;1217;2235;2338;2326;459;1763;491;1052;1938;2330;1645;13;2270;1174;1903;1463;1708;271;35;1036;308;1540;1219;699;1677;568;855;2086;1654;525;1126;2164;1823;1777;472;131;466;2321;2255;1008;1703;176;945;389;795;1192;1631;1669;1546;2182;1117;2313;1110;769;854;355;1125;1545;1721;846;1614;149;1686;1288;851;2105;853;888;2289;589;1303;919;559;611;74;1097;2532;2559;2478;276;666;1177;771;2306;1859;2509;1671;917;90;2141;1056;301;20;1007;759;2473;2450","95;2193;1130;2079;1285;2009;1373;2517;2631;2617;504;1982;537;1176;2186;2621;1856;13;2558;1323;2146;1645;1924;304;38;1156;343;1731;1375;767;1891;619;946;2345;1867;574;1265;2434;2052;1998;518;145;512;2612;2540;1125;1919;196;1052;429;874;1345;1839;1882;1737;2457;1253;2603;1246;846;945;392;1263;1736;1939;935;1819;164;1900;1451;941;2365;943;985;2578;642;1466;1019;608;668;83;1232;2839;2871;2782;309;729;1327;848;2595;2093;2814;1884;1016;101;2403;1180;336;20;1124;835;2777;2748",2639,223.941203964607,154.734036469702,154.734036469702,2.23580941209726,TRUE,TRUE,
"01_RSPitHUMM","table1_capital_mobile_disburse","treatment3",104,0.0394088669950739,"Decrease",69.2071674949056,224.961225252375,155.754057757469,155.754057757469,2.25054807753741,TRUE,,TRUE,"84;1945;1012;1847;1144;1786;1217;2235;2338;2326;459;1763;491;1052;1938;2330;1645;13;2270;1174;1903;1463;1708;271;35;1036;308;1540;1219;699;1677;568;855;2086;1654;525;1126;2164;1823;1777;472;131;466;2321;2255;1008;1703;176;945;389;795;1192;1631;1669;1546;2182;1117;2313;1110;769;854;355;1125;1545;1721;846;1614;149;1686;1288;851;2105;853;888;2289;589;1303;919;559;611;74;1097;2532;2559;2478;276;666;1177;771;2306;1859;2509;1671;917;90;2141;1056;301;20;1007;759;2473;2450;1759","95;2193;1130;2079;1285;2009;1373;2517;2631;2617;504;1982;537;1176;2186;2621;1856;13;2558;1323;2146;1645;1924;304;38;1156;343;1731;1375;767;1891;619;946;2345;1867;574;1265;2434;2052;1998;518;145;512;2612;2540;1125;1919;196;1052;429;874;1345;1839;1882;1737;2457;1253;2603;1246;846;945;392;1263;1736;1939;935;1819;164;1900;1451;941;2365;943;985;2578;642;1466;1019;608;668;83;1232;2839;2871;2782;309;729;1327;848;2595;2093;2814;1884;1016;101;2403;1180;336;20;1124;835;2777;2748;1978",2639,224.961225252375,155.754057757469,155.754057757469,2.25054807753741,TRUE,TRUE,
"01_RSPitHUMM","table1_capital_mobile_disburse","treatment3",105,0.0397877984084881,"Decrease",69.2071674949056,226.016231398347,156.809063903442,156.809063903442,2.26579225215343,TRUE,,TRUE,"84;1945;1012;1847;1144;1786;1217;2235;2338;2326;459;1763;491;1052;1938;2330;1645;13;2270;1174;1903;1463;1708;271;35;1036;308;1540;1219;699;1677;568;855;2086;1654;525;1126;2164;1823;1777;472;131;466;2255;2321;1008;1703;176;945;389;795;1192;1631;1669;1546;2182;1117;2313;1110;769;854;355;1125;1545;1721;846;1614;149;1686;1288;851;2105;853;888;2289;589;1303;919;559;611;74;1097;2532;2559;2478;276;666;1177;771;2306;1859;2509;1671;917;90;2141;1056;301;20;759;1007;2473;2450;1759;534","95;2193;1130;2079;1285;2009;1373;2517;2631;2617;504;1982;537;1176;2186;2621;1856;13;2558;1323;2146;1645;1924;304;38;1156;343;1731;1375;767;1891;619;946;2345;1867;574;1265;2434;2052;1998;518;145;512;2540;2612;1125;1919;196;1052;429;874;1345;1839;1882;1737;2457;1253;2603;1246;846;945;392;1263;1736;1939;935;1819;164;1900;1451;941;2365;943;985;2578;642;1466;1019;608;668;83;1232;2839;2871;2782;309;729;1327;848;2595;2093;2814;1884;1016;101;2403;1180;336;20;835;1124;2777;2748;1978;583",2639,226.016231398347,156.809063903442,156.809063903442,2.26579225215343,TRUE,TRUE,
"01_RSPitHUMM","table1_capital_mobile_disburse","treatment3",106,0.0401667298219022,"Decrease",69.2071674949056,227.397682904123,158.190515409217,158.190515409217,2.28575335670054,TRUE,,TRUE,"84;1945;1012;1847;1144;1786;1217;2235;2338;2326;459;1763;491;1052;1938;2330;1645;13;2270;1174;1903;1463;1708;271;35;1036;308;1540;1219;699;1677;568;855;2086;1654;525;1126;2164;1823;1777;472;131;466;2255;2321;1008;1703;176;945;389;795;1192;1631;1669;1546;2182;1117;2313;1110;769;355;854;1125;1545;846;1721;1614;149;1686;1288;851;2105;853;888;2289;589;1303;919;559;611;74;1097;2532;2559;2478;276;666;1177;771;2306;1859;2509;1671;917;90;2141;1056;301;20;759;1007;2473;2450;1759;534;583","95;2193;1130;2079;1285;2009;1373;2517;2631;2617;504;1982;537;1176;2186;2621;1856;13;2558;1323;2146;1645;1924;304;38;1156;343;1731;1375;767;1891;619;946;2345;1867;574;1265;2434;2052;1998;518;145;512;2540;2612;1125;1919;196;1052;429;874;1345;1839;1882;1737;2457;1253;2603;1246;846;392;945;1263;1736;935;1939;1819;164;1900;1451;941;2365;943;985;2578;642;1466;1019;608;668;83;1232;2839;2871;2782;309;729;1327;848;2595;2093;2814;1884;1016;101;2403;1180;336;20;835;1124;2777;2748;1978;583;636",2639,227.397682904123,158.190515409217,158.190515409217,2.28575335670054,TRUE,TRUE,
"01_RSPitHUMM","table1_capital_mobile_disburse","treatment3",107,0.0405456612353164,"Decrease",69.2071674949056,227.662918339318,158.455750844413,158.455750844413,2.28958584175659,TRUE,,TRUE,"84;1945;1012;1847;1144;1786;1217;2235;2338;2326;459;1763;491;1052;1938;2330;1645;13;2270;1174;1903;1463;1708;271;35;1036;308;1540;1219;699;1677;568;855;2086;1654;525;1126;2164;1823;1777;472;131;466;2255;2321;1008;1703;176;945;389;795;1192;1631;1669;1546;2182;1117;2313;1110;769;355;854;1125;1545;846;1721;1614;149;1686;1288;851;2105;853;888;2289;589;1303;919;559;611;74;1097;2532;2559;2478;276;666;1177;771;2306;1859;2509;1671;917;90;2141;1056;301;20;759;1007;2473;2450;1759;534;583;834","95;2193;1130;2079;1285;2009;1373;2517;2631;2617;504;1982;537;1176;2186;2621;1856;13;2558;1323;2146;1645;1924;304;38;1156;343;1731;1375;767;1891;619;946;2345;1867;574;1265;2434;2052;1998;518;145;512;2540;2612;1125;1919;196;1052;429;874;1345;1839;1882;1737;2457;1253;2603;1246;846;392;945;1263;1736;935;1939;1819;164;1900;1451;941;2365;943;985;2578;642;1466;1019;608;668;83;1232;2839;2871;2782;309;729;1327;848;2595;2093;2814;1884;1016;101;2403;1180;336;20;835;1124;2777;2748;1978;583;636;920",2639,227.662918339318,158.455750844413,158.455750844413,2.28958584175659,TRUE,TRUE,
"01_RSPitHUMM","table1_capital_mobile_disburse","treatment3",108,0.0409245926487306,"Decrease",69.2071674949056,228.965716400677,159.758548905772,159.758548905772,2.30841045354922,TRUE,,TRUE,"84;1945;1012;1847;1144;1786;1217;2235;2338;2326;459;1763;491;1052;1938;2330;1645;13;2270;1174;1903;1463;1708;271;35;1036;308;1540;1219;699;1677;568;855;2086;1654;525;1126;2164;1823;1777;472;131;2255;466;2321;1008;1703;176;945;389;795;1192;1631;1669;1546;2182;1117;2313;1110;769;355;854;1125;1545;846;1721;1614;149;1686;1288;851;2105;853;888;2289;589;1303;919;559;611;74;1097;2532;2559;2478;276;666;1177;771;2306;1859;2509;1671;917;90;2141;1056;301;20;759;1007;2473;2450;1759;534;583;834;1678","95;2193;1130;2079;1285;2009;1373;2517;2631;2617;504;1982;537;1176;2186;2621;1856;13;2558;1323;2146;1645;1924;304;38;1156;343;1731;1375;767;1891;619;946;2345;1867;574;1265;2434;2052;1998;518;145;2540;512;2612;1125;1919;196;1052;429;874;1345;1839;1882;1737;2457;1253;2603;1246;846;392;945;1263;1736;935;1939;1819;164;1900;1451;941;2365;943;985;2578;642;1466;1019;608;668;83;1232;2839;2871;2782;309;729;1327;848;2595;2093;2814;1884;1016;101;2403;1180;336;20;835;1124;2777;2748;1978;583;636;920;1892",2639,228.965716400677,159.758548905772,159.758548905772,2.30841045354922,TRUE,TRUE,
"01_RSPitHUMM","table1_capital_mobile_disburse","treatment3",109,0.0413035240621447,"Decrease",69.2071674949056,229.009725393954,159.802557899048,159.802557899048,2.30904635579561,TRUE,,TRUE,"84;1945;1012;1847;1144;1786;1217;2235;2338;2326;459;1763;491;1052;1938;2330;1645;13;2270;1174;1903;1463;1708;271;35;1036;308;1540;1219;699;1677;568;855;2086;1654;525;1126;2164;1823;1777;472;131;2255;466;2321;1008;1703;176;945;389;795;1192;1631;1669;1546;2182;1117;2313;1110;769;355;854;1125;1545;846;1721;1614;149;1686;1288;851;2105;853;888;2289;589;1303;919;559;611;74;1097;2532;2559;2478;276;666;1177;771;2306;1859;2509;1671;917;90;2141;1056;301;20;759;1007;2473;2450;1759;534;583;834;1678;553","95;2193;1130;2079;1285;2009;1373;2517;2631;2617;504;1982;537;1176;2186;2621;1856;13;2558;1323;2146;1645;1924;304;38;1156;343;1731;1375;767;1891;619;946;2345;1867;574;1265;2434;2052;1998;518;145;2540;512;2612;1125;1919;196;1052;429;874;1345;1839;1882;1737;2457;1253;2603;1246;846;392;945;1263;1736;935;1939;1819;164;1900;1451;941;2365;943;985;2578;642;1466;1019;608;668;83;1232;2839;2871;2782;309;729;1327;848;2595;2093;2814;1884;1016;101;2403;1180;336;20;835;1124;2777;2748;1978;583;636;920;1892;602",2639,229.009725393954,159.802557899048,159.802557899048,2.30904635579561,TRUE,TRUE,
"01_RSPitHUMM","table1_capital_mobile_disburse","treatment3",110,0.0416824554755589,"Decrease",69.2071674949056,230.226561116717,161.019393621811,161.019393621811,2.32662886591427,TRUE,,TRUE,"84;1945;1012;1847;1144;1786;1217;2235;2338;2326;459;1763;491;1052;1938;2330;1645;13;2270;1174;1903;1463;1708;271;35;1036;308;1540;1219;699;1677;568;855;2086;1654;525;1126;2164;1823;1777;472;131;2255;466;2321;1008;1703;176;945;389;795;1192;1631;1669;1546;2182;1117;2313;1110;769;355;1125;854;1545;846;1721;1614;149;1686;1288;851;2105;853;888;2289;589;1303;919;559;611;74;1097;2532;2559;2478;276;666;1177;771;2306;1859;2509;1671;917;90;2141;1056;301;20;759;1007;2473;2450;1759;534;583;834;1678;553;2512","95;2193;1130;2079;1285;2009;1373;2517;2631;2617;504;1982;537;1176;2186;2621;1856;13;2558;1323;2146;1645;1924;304;38;1156;343;1731;1375;767;1891;619;946;2345;1867;574;1265;2434;2052;1998;518;145;2540;512;2612;1125;1919;196;1052;429;874;1345;1839;1882;1737;2457;1253;2603;1246;846;392;1263;945;1736;935;1939;1819;164;1900;1451;941;2365;943;985;2578;642;1466;1019;608;668;83;1232;2839;2871;2782;309;729;1327;848;2595;2093;2814;1884;1016;101;2403;1180;336;20;835;1124;2777;2748;1978;583;636;920;1892;602;2819",2639,230.226561116717,161.019393621811,161.019393621811,2.32662886591427,TRUE,TRUE,
"01_RSPitHUMM","table1_capital_mobile_disburse","treatment3",111,0.0420613868889731,"Decrease",69.2071674949056,231.374563306489,162.167395811584,162.167395811584,2.34321677481629,TRUE,,TRUE,"84;1945;1012;1847;1144;1786;1217;2235;2338;2326;459;1763;491;1052;1938;2330;1645;13;2270;1174;1903;1463;1708;271;35;1036;308;1540;1219;699;1677;568;855;2086;1654;525;1126;2164;1823;1777;472;131;2255;466;2321;1008;1703;176;945;795;389;1192;1631;1669;1546;2182;1117;2313;1110;769;355;1125;854;1545;846;1721;1614;149;1686;1288;851;2105;853;888;2289;589;1303;919;559;611;74;1097;2532;2559;2478;276;666;1177;771;2306;1859;2509;1671;917;90;2141;1056;301;20;759;1007;2473;2450;1759;534;583;834;1678;553;2512;2626","95;2193;1130;2079;1285;2009;1373;2517;2631;2617;504;1982;537;1176;2186;2621;1856;13;2558;1323;2146;1645;1924;304;38;1156;343;1731;1375;767;1891;619;946;2345;1867;574;1265;2434;2052;1998;518;145;2540;512;2612;1125;1919;196;1052;874;429;1345;1839;1882;1737;2457;1253;2603;1246;846;392;1263;945;1736;935;1939;1819;164;1900;1451;941;2365;943;985;2578;642;1466;1019;608;668;83;1232;2839;2871;2782;309;729;1327;848;2595;2093;2814;1884;1016;101;2403;1180;336;20;835;1124;2777;2748;1978;583;636;920;1892;602;2819;2946",2639,231.374563306489,162.167395811584,162.167395811584,2.34321677481629,TRUE,TRUE,
"01_RSPitHUMM","table1_capital_mobile_disburse","treatment3",112,0.0424403183023873,"Decrease",69.2071674949056,232.264059819407,163.056892324502,163.056892324502,2.35606943943348,TRUE,,TRUE,"84;1945;1012;1847;1144;1786;1217;2235;2338;2326;459;1763;491;1052;1938;2330;1645;13;2270;1174;1903;1463;1708;271;35;1036;308;1540;1219;699;1677;568;855;2086;1654;525;1126;2164;1823;1777;472;131;2255;466;2321;1008;1703;176;945;795;389;1192;1631;1669;1546;2182;1117;2313;1110;769;355;1125;854;1545;846;1721;1614;149;1686;1288;851;2105;853;888;2289;589;1303;919;559;611;74;1097;2532;2559;2478;276;666;1177;771;2306;1859;2509;1671;917;90;2141;1056;301;20;759;1007;2473;2450;1759;534;583;834;1678;553;2512;2626;1462","95;2193;1130;2079;1285;2009;1373;2517;2631;2617;504;1982;537;1176;2186;2621;1856;13;2558;1323;2146;1645;1924;304;38;1156;343;1731;1375;767;1891;619;946;2345;1867;574;1265;2434;2052;1998;518;145;2540;512;2612;1125;1919;196;1052;874;429;1345;1839;1882;1737;2457;1253;2603;1246;846;392;1263;945;1736;935;1939;1819;164;1900;1451;941;2365;943;985;2578;642;1466;1019;608;668;83;1232;2839;2871;2782;309;729;1327;848;2595;2093;2814;1884;1016;101;2403;1180;336;20;835;1124;2777;2748;1978;583;636;920;1892;602;2819;2946;1644",2639,232.264059819407,163.056892324502,163.056892324502,2.35606943943348,TRUE,TRUE,
"01_RSPitHUMM","table1_capital_mobile_disburse","treatment3",113,0.0428192497158014,"Decrease",69.2071674949056,232.925104468962,163.717936974056,163.717936974056,2.36562111845001,TRUE,,TRUE,"84;1945;1012;1847;1144;1786;1217;2235;2338;2326;459;1763;491;1052;1938;2330;1645;13;2270;1174;1903;1463;1708;271;35;1036;308;1540;1219;699;1677;568;855;2086;1654;525;1126;2164;1823;1777;472;131;2255;466;2321;1008;1703;176;945;795;389;1192;1631;1669;1546;2182;1117;2313;1110;769;355;1125;854;846;1545;1721;1614;149;1686;1288;851;2105;853;888;2289;589;1303;919;559;611;74;1097;2532;2559;2478;276;666;1177;771;2306;1859;2509;1671;917;90;2141;1056;301;20;759;1007;2473;2450;1759;534;583;834;1678;553;2512;2626;1462;2385","95;2193;1130;2079;1285;2009;1373;2517;2631;2617;504;1982;537;1176;2186;2621;1856;13;2558;1323;2146;1645;1924;304;38;1156;343;1731;1375;767;1891;619;946;2345;1867;574;1265;2434;2052;1998;518;145;2540;512;2612;1125;1919;196;1052;874;429;1345;1839;1882;1737;2457;1253;2603;1246;846;392;1263;945;935;1736;1939;1819;164;1900;1451;941;2365;943;985;2578;642;1466;1019;608;668;83;1232;2839;2871;2782;309;729;1327;848;2595;2093;2814;1884;1016;101;2403;1180;336;20;835;1124;2777;2748;1978;583;636;920;1892;602;2819;2946;1644;2681",2639,232.925104468962,163.717936974056,163.717936974056,2.36562111845001,TRUE,TRUE,
"01_RSPitHUMM","table1_capital_mobile_disburse","treatment3",114,0.0431981811292156,"Decrease",69.2071674949056,234.270595269976,165.063427775071,165.063427775071,2.38506261345288,TRUE,,TRUE,"84;1945;1012;1847;1144;1786;1217;2235;2338;2326;459;1763;491;1052;1938;2330;1645;13;2270;1174;1903;1463;1708;271;35;1036;308;1540;1219;699;1677;568;855;2086;1654;525;1126;2164;1823;1777;472;131;2255;466;2321;1008;1703;176;945;795;389;1192;1631;1669;1546;2182;1117;2313;1110;769;355;1125;854;846;1545;1721;1614;149;1686;1288;851;2105;853;888;2289;589;1303;919;559;611;74;1097;2532;2559;2478;276;666;1177;771;2306;1859;2509;1671;917;90;2141;1056;301;20;759;1007;2473;2450;1759;534;583;834;1678;2512;553;2626;1462;2385;808","95;2193;1130;2079;1285;2009;1373;2517;2631;2617;504;1982;537;1176;2186;2621;1856;13;2558;1323;2146;1645;1924;304;38;1156;343;1731;1375;767;1891;619;946;2345;1867;574;1265;2434;2052;1998;518;145;2540;512;2612;1125;1919;196;1052;874;429;1345;1839;1882;1737;2457;1253;2603;1246;846;392;1263;945;935;1736;1939;1819;164;1900;1451;941;2365;943;985;2578;642;1466;1019;608;668;83;1232;2839;2871;2782;309;729;1327;848;2595;2093;2814;1884;1016;101;2403;1180;336;20;835;1124;2777;2748;1978;583;636;920;1892;2819;602;2946;1644;2681;888",2639,234.270595269976,165.063427775071,165.063427775071,2.38506261345288,TRUE,TRUE,
"01_RSPitHUMM","table1_capital_mobile_disburse","treatment3",115,0.0435771125426298,"Decrease",69.2071674949056,234.911989130119,165.704821635213,165.704821635213,2.39433035093383,TRUE,,TRUE,"84;1945;1012;1847;1144;1786;1217;2235;2338;2326;459;1763;491;1052;1938;2330;1645;13;2270;1174;1903;1463;1708;271;35;1036;308;1540;1219;699;1677;568;855;2086;1654;525;1126;2164;1823;1777;472;131;2255;466;2321;1008;1703;176;945;795;389;1192;1631;1669;1546;2182;1117;2313;1110;769;355;1125;854;846;1545;1721;1614;149;1686;1288;851;2105;853;2289;888;589;1303;919;559;611;74;1097;2532;2559;2478;276;666;1177;771;2306;1859;2509;1671;917;90;2141;1056;301;20;759;1007;2473;2450;1759;534;583;834;1678;2512;553;2626;1462;2385;1722;808","95;2193;1130;2079;1285;2009;1373;2517;2631;2617;504;1982;537;1176;2186;2621;1856;13;2558;1323;2146;1645;1924;304;38;1156;343;1731;1375;767;1891;619;946;2345;1867;574;1265;2434;2052;1998;518;145;2540;512;2612;1125;1919;196;1052;874;429;1345;1839;1882;1737;2457;1253;2603;1246;846;392;1263;945;935;1736;1939;1819;164;1900;1451;941;2365;943;2578;985;642;1466;1019;608;668;83;1232;2839;2871;2782;309;729;1327;848;2595;2093;2814;1884;1016;101;2403;1180;336;20;835;1124;2777;2748;1978;583;636;920;1892;2819;602;2946;1644;2681;1940;888",2639,234.911989130119,165.704821635213,165.704821635213,2.39433035093383,TRUE,TRUE,
"01_RSPitHUMM","table1_capital_mobile_disburse","treatment3",116,0.043956043956044,"Decrease",69.2071674949056,234.664481450509,165.457313955603,165.457313955603,2.39075402078524,TRUE,,TRUE,"84;1945;1012;1847;1144;1786;1217;2235;2338;2326;459;1763;491;1052;1938;2330;1645;13;2270;1174;1903;1463;1708;271;35;1036;308;1540;1219;699;1677;568;855;2086;1654;525;1126;2164;1823;1777;472;131;2255;466;2321;1008;1703;176;945;795;389;1192;1631;1669;1546;2182;1117;2313;1110;769;355;1125;846;854;1545;1721;1614;149;1686;1288;851;2105;853;2289;888;589;1303;919;559;611;74;1097;2532;2559;2478;276;666;1177;771;2306;1859;2509;1671;917;90;2141;1056;301;20;759;1007;2473;2450;1759;534;583;834;1678;2512;553;2626;1462;2385;1722;808;639","95;2193;1130;2079;1285;2009;1373;2517;2631;2617;504;1982;537;1176;2186;2621;1856;13;2558;1323;2146;1645;1924;304;38;1156;343;1731;1375;767;1891;619;946;2345;1867;574;1265;2434;2052;1998;518;145;2540;512;2612;1125;1919;196;1052;874;429;1345;1839;1882;1737;2457;1253;2603;1246;846;392;1263;935;945;1736;1939;1819;164;1900;1451;941;2365;943;2578;985;642;1466;1019;608;668;83;1232;2839;2871;2782;309;729;1327;848;2595;2093;2814;1884;1016;101;2403;1180;336;20;835;1124;2777;2748;1978;583;636;920;1892;2819;602;2946;1644;2681;1940;888;701",2639,234.664481450509,165.457313955603,165.457313955603,2.39075402078524,TRUE,TRUE,
"01_RSPitHUMM","table1_capital_mobile_disburse","treatment3",117,0.0443349753694581,"Decrease",69.2071674949056,235.878401091167,166.671233596262,166.671233596262,2.40829439535335,TRUE,,TRUE,"84;1945;1012;1847;1144;1786;1217;2235;2338;2326;459;1763;491;1052;1938;2330;1645;13;2270;1174;1903;1463;1708;271;35;1036;308;1540;1219;699;1677;568;855;2086;1654;525;1126;2164;1823;1777;472;131;2255;466;2321;1008;1703;176;945;795;389;1192;1631;1669;1546;2182;1117;2313;1110;769;355;1125;846;854;1545;1721;1614;149;1686;1288;851;2105;853;2289;888;589;1303;919;559;611;74;1097;2532;2559;2478;276;666;1177;771;2306;1859;2509;1671;917;90;2141;1056;301;20;759;1007;2473;2450;1759;534;583;834;1678;2512;553;2626;1462;2385;1722;808;639;694","95;2193;1130;2079;1285;2009;1373;2517;2631;2617;504;1982;537;1176;2186;2621;1856;13;2558;1323;2146;1645;1924;304;38;1156;343;1731;1375;767;1891;619;946;2345;1867;574;1265;2434;2052;1998;518;145;2540;512;2612;1125;1919;196;1052;874;429;1345;1839;1882;1737;2457;1253;2603;1246;846;392;1263;935;945;1736;1939;1819;164;1900;1451;941;2365;943;2578;985;642;1466;1019;608;668;83;1232;2839;2871;2782;309;729;1327;848;2595;2093;2814;1884;1016;101;2403;1180;336;20;835;1124;2777;2748;1978;583;636;920;1892;2819;602;2946;1644;2681;1940;888;701;761",2639,235.878401091167,166.671233596262,166.671233596262,2.40829439535335,TRUE,TRUE,
"01_RSPitHUMM","table1_capital_mobile_disburse","treatment3",118,0.0447139067828723,"Decrease",69.2071674949056,237.039430076347,167.832262581442,167.832262581442,2.42507053324781,TRUE,,TRUE,"84;1945;1012;1847;1144;1786;1217;2235;2338;2326;459;1763;491;1052;1938;2330;1645;13;2270;1174;1903;1463;1708;271;35;1036;308;1540;1219;699;1677;568;855;2086;1654;525;1126;2164;1823;1777;472;131;2255;466;2321;1008;1703;176;945;795;389;1192;1631;1669;1546;2182;1117;2313;1110;769;355;1125;846;854;1545;1721;1614;149;1686;1288;851;2105;853;2289;888;589;1303;919;559;611;74;1097;2532;2559;2478;276;666;1177;771;2306;1859;2509;1671;917;90;2141;1056;301;20;759;1007;2473;2450;1759;534;583;834;1678;2512;553;2626;1462;2385;1722;808;639;694;1620","95;2193;1130;2079;1285;2009;1373;2517;2631;2617;504;1982;537;1176;2186;2621;1856;13;2558;1323;2146;1645;1924;304;38;1156;343;1731;1375;767;1891;619;946;2345;1867;574;1265;2434;2052;1998;518;145;2540;512;2612;1125;1919;196;1052;874;429;1345;1839;1882;1737;2457;1253;2603;1246;846;392;1263;935;945;1736;1939;1819;164;1900;1451;941;2365;943;2578;985;642;1466;1019;608;668;83;1232;2839;2871;2782;309;729;1327;848;2595;2093;2814;1884;1016;101;2403;1180;336;20;835;1124;2777;2748;1978;583;636;920;1892;2819;602;2946;1644;2681;1940;888;701;761;1825",2639,237.039430076347,167.832262581442,167.832262581442,2.42507053324781,TRUE,TRUE,
"01_RSPitHUMM","table1_capital_mobile_disburse","treatment3",119,0.0450928381962865,"Decrease",69.2071674949056,238.076055575544,168.868888080638,168.868888080638,2.44004911908971,TRUE,,TRUE,"84;1945;1012;1847;1144;1786;1217;2235;2338;2326;459;1763;491;1052;1938;2330;13;1645;2270;1174;1903;1463;1708;271;35;1036;308;1540;1219;699;1677;568;855;2086;1654;525;1126;2164;1823;1777;472;131;2255;466;2321;1008;1703;176;945;795;389;1192;1631;1669;1546;1117;2182;2313;1110;769;355;1125;846;854;1545;1721;1614;149;1686;1288;851;2105;853;2289;888;589;1303;919;559;611;74;1097;2532;2559;2478;276;666;1177;771;2306;1859;2509;1671;917;90;2141;1056;301;20;759;2473;1007;2450;1759;534;583;834;1678;2512;553;2626;1462;2385;1722;808;639;694;1620;871","95;2193;1130;2079;1285;2009;1373;2517;2631;2617;504;1982;537;1176;2186;2621;13;1856;2558;1323;2146;1645;1924;304;38;1156;343;1731;1375;767;1891;619;946;2345;1867;574;1265;2434;2052;1998;518;145;2540;512;2612;1125;1919;196;1052;874;429;1345;1839;1882;1737;1253;2457;2603;1246;846;392;1263;935;945;1736;1939;1819;164;1900;1451;941;2365;943;2578;985;642;1466;1019;608;668;83;1232;2839;2871;2782;309;729;1327;848;2595;2093;2814;1884;1016;101;2403;1180;336;20;835;2777;1124;2748;1978;583;636;920;1892;2819;602;2946;1644;2681;1940;888;701;761;1825;964",2639,238.076055575544,168.868888080638,168.868888080638,2.44004911908971,TRUE,TRUE,
"01_RSPitHUMM","table1_capital_mobile_disburse","treatment3",120,0.0454717696097006,"Decrease",69.2071674949056,239.319098825697,170.111931330791,170.111931330791,2.45801031147985,TRUE,,TRUE,"84;1945;1012;1847;1144;1786;1217;2235;2338;2326;459;1763;491;1052;1938;2330;13;1645;2270;1174;1903;1463;1708;271;35;1036;308;1540;1219;699;1677;568;855;2086;1654;525;1126;2164;1823;1777;472;131;2255;466;2321;1008;1703;176;945;795;389;1192;1631;1669;1546;1117;2182;2313;1110;769;355;846;1125;854;1545;1721;1614;149;1686;1288;851;2105;853;2289;888;589;1303;919;559;611;74;1097;2532;2559;2478;276;666;1177;771;2306;1859;2509;1671;917;90;2141;1056;301;20;759;2473;1007;2450;1759;534;583;834;1678;2512;553;2626;1462;2385;1722;808;639;694;1620;871;924","95;2193;1130;2079;1285;2009;1373;2517;2631;2617;504;1982;537;1176;2186;2621;13;1856;2558;1323;2146;1645;1924;304;38;1156;343;1731;1375;767;1891;619;946;2345;1867;574;1265;2434;2052;1998;518;145;2540;512;2612;1125;1919;196;1052;874;429;1345;1839;1882;1737;1253;2457;2603;1246;846;392;935;1263;945;1736;1939;1819;164;1900;1451;941;2365;943;2578;985;642;1466;1019;608;668;83;1232;2839;2871;2782;309;729;1327;848;2595;2093;2814;1884;1016;101;2403;1180;336;20;835;2777;1124;2748;1978;583;636;920;1892;2819;602;2946;1644;2681;1940;888;701;761;1825;964;1024",2639,239.319098825697,170.111931330791,170.111931330791,2.45801031147985,TRUE,TRUE,
"01_RSPitHUMM","table1_capital_mobile_disburse","treatment3",121,0.0458507010231148,"Decrease",69.2071674949056,240.254088925065,171.04692143016,171.04692143016,2.47152032978016,TRUE,,TRUE,"84;1945;1012;1847;1144;1786;1217;2235;2338;2326;459;1763;491;1052;1938;2330;13;1645;2270;1174;1903;1463;1708;271;35;1036;308;1540;1219;699;1677;568;855;2086;1654;525;1126;2164;1823;1777;472;131;2255;466;2321;1008;1703;176;945;795;389;1192;1631;1669;1546;1117;2182;2313;1110;769;355;846;1125;854;1545;1721;1614;149;1686;1288;851;2105;853;2289;888;589;1303;919;559;611;74;1097;2532;2559;2478;276;666;1177;771;2306;1859;2509;1671;917;90;2141;1056;301;20;759;2473;1007;2450;1759;534;583;834;1678;2512;553;2626;1462;2385;1722;808;639;694;1620;871;924;1887","95;2193;1130;2079;1285;2009;1373;2517;2631;2617;504;1982;537;1176;2186;2621;13;1856;2558;1323;2146;1645;1924;304;38;1156;343;1731;1375;767;1891;619;946;2345;1867;574;1265;2434;2052;1998;518;145;2540;512;2612;1125;1919;196;1052;874;429;1345;1839;1882;1737;1253;2457;2603;1246;846;392;935;1263;945;1736;1939;1819;164;1900;1451;941;2365;943;2578;985;642;1466;1019;608;668;83;1232;2839;2871;2782;309;729;1327;848;2595;2093;2814;1884;1016;101;2403;1180;336;20;835;2777;1124;2748;1978;583;636;920;1892;2819;602;2946;1644;2681;1940;888;701;761;1825;964;1024;2130",2639,240.254088925065,171.04692143016,171.04692143016,2.47152032978016,TRUE,TRUE,
"01_RSPitHUMM","table1_capital_mobile_disburse","treatment3",122,0.046229632436529,"Decrease",69.2071674949056,241.065306572855,171.858139077949,171.858139077949,2.48324191407776,TRUE,,TRUE,"84;1945;1012;1847;1144;1786;1217;2235;2338;2326;459;1763;491;1052;1938;2330;13;1645;2270;1174;1903;1463;1708;271;35;1036;308;1540;1219;699;1677;568;855;2086;1654;525;1126;2164;1823;1777;472;131;2255;466;2321;1008;1703;176;945;795;389;1192;1631;1669;1546;1117;2182;2313;1110;769;355;846;1125;854;1545;1721;1614;149;1686;1288;851;2105;853;2289;888;589;1303;919;559;611;74;1097;2532;2559;2478;276;666;1177;771;2306;1859;2509;1671;917;90;2141;1056;301;20;759;2473;1007;2450;1759;534;583;834;1678;2512;553;2626;1462;2385;1722;808;639;694;1620;871;924;1887;2309","95;2193;1130;2079;1285;2009;1373;2517;2631;2617;504;1982;537;1176;2186;2621;13;1856;2558;1323;2146;1645;1924;304;38;1156;343;1731;1375;767;1891;619;946;2345;1867;574;1265;2434;2052;1998;518;145;2540;512;2612;1125;1919;196;1052;874;429;1345;1839;1882;1737;1253;2457;2603;1246;846;392;935;1263;945;1736;1939;1819;164;1900;1451;941;2365;943;2578;985;642;1466;1019;608;668;83;1232;2839;2871;2782;309;729;1327;848;2595;2093;2814;1884;1016;101;2403;1180;336;20;835;2777;1124;2748;1978;583;636;920;1892;2819;602;2946;1644;2681;1940;888;701;761;1825;964;1024;2130;2598",2639,241.065306572855,171.858139077949,171.858139077949,2.48324191407776,TRUE,TRUE,
"01_RSPitHUMM","table1_capital_mobile_disburse","treatment3",123,0.0466085638499432,"Decrease",69.2071674949056,241.826597459612,172.619429964706,172.619429964706,2.4942420881105,TRUE,,TRUE,"84;1945;1012;1847;1144;1786;1217;2235;2338;2326;459;1763;491;1052;1938;2330;13;1645;2270;1174;1903;1463;1708;271;35;1036;308;1540;1219;699;1677;568;855;2086;1654;525;1126;2164;1823;1777;472;131;2255;466;2321;1008;1703;176;945;795;389;1192;1631;1669;1546;1117;2182;2313;1110;769;355;846;1125;1545;854;1721;1614;149;1686;1288;851;2105;853;2289;888;589;1303;919;559;611;74;1097;2532;2559;2478;276;666;1177;771;2306;1859;2509;1671;917;90;2141;1056;301;20;759;2473;1007;2450;1759;534;583;834;1678;2512;553;2626;1462;2385;1722;808;639;694;1620;871;924;1887;2309;782","95;2193;1130;2079;1285;2009;1373;2517;2631;2617;504;1982;537;1176;2186;2621;13;1856;2558;1323;2146;1645;1924;304;38;1156;343;1731;1375;767;1891;619;946;2345;1867;574;1265;2434;2052;1998;518;145;2540;512;2612;1125;1919;196;1052;874;429;1345;1839;1882;1737;1253;2457;2603;1246;846;392;935;1263;1736;945;1939;1819;164;1900;1451;941;2365;943;2578;985;642;1466;1019;608;668;83;1232;2839;2871;2782;309;729;1327;848;2595;2093;2814;1884;1016;101;2403;1180;336;20;835;2777;1124;2748;1978;583;636;920;1892;2819;602;2946;1644;2681;1940;888;701;761;1825;964;1024;2130;2598;859",2639,241.826597459612,172.619429964706,172.619429964706,2.4942420881105,TRUE,TRUE,
"01_RSPitHUMM","table1_capital_mobile_disburse","treatment3",124,0.0469874952633573,"Decrease",69.2071674949056,242.823482706946,173.616315212041,173.616315212041,2.50864645233199,TRUE,,TRUE,"84;1945;1012;1847;1144;1786;1217;2235;2338;2326;459;1763;491;1052;1938;2330;13;1645;2270;1174;1903;1463;1708;271;35;1036;308;1540;1219;699;1677;568;855;2086;1654;525;1126;2164;1823;1777;472;131;2255;466;2321;1008;1703;176;945;795;389;1192;1631;1669;1546;1117;2182;2313;1110;769;355;846;1125;1545;854;1721;1614;149;1686;1288;851;2105;853;2289;888;589;1303;919;559;611;74;1097;2532;2559;2478;276;666;1177;771;2306;1859;2509;1671;917;90;2141;1056;301;20;759;2473;1007;2450;1759;534;583;834;1678;2512;553;2626;1462;2385;1722;808;639;694;1620;871;924;1887;2309;782;2202","95;2193;1130;2079;1285;2009;1373;2517;2631;2617;504;1982;537;1176;2186;2621;13;1856;2558;1323;2146;1645;1924;304;38;1156;343;1731;1375;767;1891;619;946;2345;1867;574;1265;2434;2052;1998;518;145;2540;512;2612;1125;1919;196;1052;874;429;1345;1839;1882;1737;1253;2457;2603;1246;846;392;935;1263;1736;945;1939;1819;164;1900;1451;941;2365;943;2578;985;642;1466;1019;608;668;83;1232;2839;2871;2782;309;729;1327;848;2595;2093;2814;1884;1016;101;2403;1180;336;20;835;2777;1124;2748;1978;583;636;920;1892;2819;602;2946;1644;2681;1940;888;701;761;1825;964;1024;2130;2598;859;2480",2639,242.823482706946,173.616315212041,173.616315212041,2.50864645233199,TRUE,TRUE,
"01_RSPitHUMM","table1_capital_mobile_disburse","treatment3",125,0.0473664266767715,"Decrease",69.2071674949056,243.734376446545,174.527208951639,174.527208951639,2.52180829340381,TRUE,,TRUE,"84;1945;1012;1847;1144;1786;1217;2235;2338;2326;459;1763;491;1052;1938;2330;13;1645;2270;1174;1903;1463;1708;271;35;1036;308;1540;1219;699;1677;568;855;2086;1654;525;1126;2164;1823;1777;472;131;2255;466;2321;1008;1703;176;945;795;389;1192;1631;1669;1546;1117;2182;2313;1110;769;355;846;1125;1545;854;1721;1614;149;1686;1288;851;2105;853;2289;888;589;1303;919;559;611;74;1097;2532;2559;2478;276;666;1177;771;2306;1859;2509;1671;917;90;2141;1056;301;20;759;2473;1007;2450;1759;534;583;834;1678;2512;553;2626;1462;2385;1722;808;639;694;1620;871;924;1887;2309;782;2202;1602","95;2193;1130;2079;1285;2009;1373;2517;2631;2617;504;1982;537;1176;2186;2621;13;1856;2558;1323;2146;1645;1924;304;38;1156;343;1731;1375;767;1891;619;946;2345;1867;574;1265;2434;2052;1998;518;145;2540;512;2612;1125;1919;196;1052;874;429;1345;1839;1882;1737;1253;2457;2603;1246;846;392;935;1263;1736;945;1939;1819;164;1900;1451;941;2365;943;2578;985;642;1466;1019;608;668;83;1232;2839;2871;2782;309;729;1327;848;2595;2093;2814;1884;1016;101;2403;1180;336;20;835;2777;1124;2748;1978;583;636;920;1892;2819;602;2946;1644;2681;1940;888;701;761;1825;964;1024;2130;2598;859;2480;1805",2639,243.734376446545,174.527208951639,174.527208951639,2.52180829340381,TRUE,TRUE,
"01_RSPitHUMM","table1_capital_mobile_disburse","treatment3",126,0.0477453580901857,"Decrease",69.2071674949056,244.80539676137,175.598229266465,175.598229266465,2.53728386267781,TRUE,,TRUE,"84;1945;1012;1847;1144;1786;1217;2235;2338;2326;459;1763;491;1052;1938;2330;13;1645;2270;1174;1903;1463;1708;271;35;1036;308;1540;1219;699;1677;568;855;2086;1654;525;1126;2164;1823;1777;472;131;2255;466;2321;1008;1703;176;945;795;389;1192;1631;1669;1546;1117;2182;2313;1110;769;355;846;1125;1545;854;1721;1614;149;1686;1288;851;2105;853;2289;888;589;1303;919;559;611;74;1097;2532;2559;2478;276;666;1177;771;2306;1859;2509;1671;917;90;2141;1056;301;20;759;2473;1007;2450;1759;534;583;834;1678;2512;553;2626;1462;2385;1722;808;639;694;1620;871;924;1887;2309;782;2202;1602;821","95;2193;1130;2079;1285;2009;1373;2517;2631;2617;504;1982;537;1176;2186;2621;13;1856;2558;1323;2146;1645;1924;304;38;1156;343;1731;1375;767;1891;619;946;2345;1867;574;1265;2434;2052;1998;518;145;2540;512;2612;1125;1919;196;1052;874;429;1345;1839;1882;1737;1253;2457;2603;1246;846;392;935;1263;1736;945;1939;1819;164;1900;1451;941;2365;943;2578;985;642;1466;1019;608;668;83;1232;2839;2871;2782;309;729;1327;848;2595;2093;2814;1884;1016;101;2403;1180;336;20;835;2777;1124;2748;1978;583;636;920;1892;2819;602;2946;1644;2681;1940;888;701;761;1825;964;1024;2130;2598;859;2480;1805;903",2639,244.80539676137,175.598229266465,175.598229266465,2.53728386267781,TRUE,TRUE,
"01_RSPitHUMM","table1_capital_mobile_disburse","treatment3",127,0.0481242895035998,"Decrease",69.2071674949056,245.883467345434,176.676299850528,176.676299850528,2.55286130390373,TRUE,,TRUE,"84;1945;1012;1847;1144;1786;1217;2235;2338;2326;459;1763;491;1052;1938;2330;13;1645;2270;1174;1903;1463;1708;271;35;1036;308;1540;1219;699;1677;568;855;2086;1654;525;1126;2164;1823;1777;472;131;2255;466;2321;1008;1703;176;945;795;389;1192;1631;1669;1546;1117;2182;2313;1110;769;355;846;1125;1545;854;1721;1614;149;1686;1288;851;2105;853;2289;888;589;1303;919;559;611;74;1097;2532;2559;2478;276;666;1177;771;2306;1859;2509;1671;917;90;2141;1056;301;20;759;2473;2450;1007;1759;534;583;834;1678;2512;2626;553;1462;2385;1722;808;639;694;1620;871;924;1887;2309;782;2202;1602;821;1701","95;2193;1130;2079;1285;2009;1373;2517;2631;2617;504;1982;537;1176;2186;2621;13;1856;2558;1323;2146;1645;1924;304;38;1156;343;1731;1375;767;1891;619;946;2345;1867;574;1265;2434;2052;1998;518;145;2540;512;2612;1125;1919;196;1052;874;429;1345;1839;1882;1737;1253;2457;2603;1246;846;392;935;1263;1736;945;1939;1819;164;1900;1451;941;2365;943;2578;985;642;1466;1019;608;668;83;1232;2839;2871;2782;309;729;1327;848;2595;2093;2814;1884;1016;101;2403;1180;336;20;835;2777;2748;1124;1978;583;636;920;1892;2819;2946;602;1644;2681;1940;888;701;761;1825;964;1024;2130;2598;859;2480;1805;903;1917",2639,245.883467345434,176.676299850528,176.676299850528,2.55286130390373,TRUE,TRUE,
"01_RSPitHUMM","table1_capital_mobile_disburse","treatment3",128,0.048503220917014,"Decrease",69.2071674949056,246.797868889203,177.590701394298,177.590701394298,2.56607383053743,TRUE,,TRUE,"84;1945;1012;1847;1144;1786;1217;2235;2338;2326;459;1763;491;1052;1938;2330;13;1645;2270;1174;1903;1463;1708;271;35;1036;308;1540;1219;699;1677;568;855;2086;1654;525;1126;2164;1823;1777;472;131;2255;466;2321;1008;1703;176;945;795;389;1192;1631;1669;1546;1117;2182;2313;1110;769;355;846;1125;1545;854;1721;1614;149;1686;1288;851;2105;853;2289;888;589;1303;919;559;611;74;1097;2532;2559;2478;276;666;1177;771;2306;1859;2509;1671;917;90;2141;1056;301;20;759;2473;2450;1007;1759;534;583;834;1678;2512;2626;553;1462;2385;1722;808;639;694;1620;871;924;1887;2309;782;2202;1602;821;1701;1000","95;2193;1130;2079;1285;2009;1373;2517;2631;2617;504;1982;537;1176;2186;2621;13;1856;2558;1323;2146;1645;1924;304;38;1156;343;1731;1375;767;1891;619;946;2345;1867;574;1265;2434;2052;1998;518;145;2540;512;2612;1125;1919;196;1052;874;429;1345;1839;1882;1737;1253;2457;2603;1246;846;392;935;1263;1736;945;1939;1819;164;1900;1451;941;2365;943;2578;985;642;1466;1019;608;668;83;1232;2839;2871;2782;309;729;1327;848;2595;2093;2814;1884;1016;101;2403;1180;336;20;835;2777;2748;1124;1978;583;636;920;1892;2819;2946;602;1644;2681;1940;888;701;761;1825;964;1024;2130;2598;859;2480;1805;903;1917;1117",2639,246.797868889203,177.590701394298,177.590701394298,2.56607383053743,TRUE,TRUE,
"01_RSPitHUMM","table1_capital_mobile_disburse","treatment3",129,0.0488821523304282,"Decrease",69.2071674949056,247.224882365768,178.017714870862,178.017714870862,2.57224390644172,TRUE,,TRUE,"84;1945;1012;1847;1144;1786;1217;2235;2338;2326;459;1763;491;1052;1938;2330;13;1645;2270;1174;1903;1463;1708;271;35;1036;308;1540;1219;699;1677;568;855;2086;1654;525;1126;2164;1823;1777;472;131;2255;466;2321;1008;1703;176;945;795;389;1192;1631;1669;1546;1117;2182;2313;1110;769;355;846;1125;1545;854;1721;1614;149;1288;1686;851;2105;853;2289;888;589;1303;919;559;611;74;1097;2532;2559;2478;276;666;1177;771;2306;1859;2509;1671;917;90;2141;1056;301;20;759;2473;2450;1007;1759;534;583;834;1678;2512;2626;553;1462;2385;1722;808;639;694;1620;871;924;1887;2309;782;2202;1602;821;1701;1231;1000","95;2193;1130;2079;1285;2009;1373;2517;2631;2617;504;1982;537;1176;2186;2621;13;1856;2558;1323;2146;1645;1924;304;38;1156;343;1731;1375;767;1891;619;946;2345;1867;574;1265;2434;2052;1998;518;145;2540;512;2612;1125;1919;196;1052;874;429;1345;1839;1882;1737;1253;2457;2603;1246;846;392;935;1263;1736;945;1939;1819;164;1451;1900;941;2365;943;2578;985;642;1466;1019;608;668;83;1232;2839;2871;2782;309;729;1327;848;2595;2093;2814;1884;1016;101;2403;1180;336;20;835;2777;2748;1124;1978;583;636;920;1892;2819;2946;602;1644;2681;1940;888;701;761;1825;964;1024;2130;2598;859;2480;1805;903;1917;1389;1117",2639,247.224882365768,178.017714870862,178.017714870862,2.57224390644172,TRUE,TRUE,
"01_RSPitHUMM","table1_capital_mobile_disburse","treatment3",130,0.0492610837438424,"Decrease",69.2071674949056,248.18926808338,178.982100588474,178.982100588474,2.58617867291923,TRUE,,TRUE,"84;1945;1012;1847;1144;1786;1217;2235;2338;2326;459;1763;491;1052;1938;2330;13;1645;2270;1174;1903;1463;1708;271;35;1036;308;1540;1219;699;1677;568;855;2086;1654;525;1126;2164;1823;1777;472;131;2255;466;2321;1008;1703;176;945;795;389;1192;1631;1669;1546;1117;2182;2313;1110;769;355;846;1125;1545;854;1721;1614;149;1288;1686;851;2105;853;2289;888;589;1303;919;559;611;74;1097;2532;2559;2478;276;666;1177;771;2306;1859;2509;1671;917;90;2141;1056;301;20;759;2473;2450;1007;1759;534;583;834;1678;2512;2626;553;1462;1722;2385;808;639;694;1620;871;924;1887;2309;782;2202;1602;821;1701;1231;1000;2553","95;2193;1130;2079;1285;2009;1373;2517;2631;2617;504;1982;537;1176;2186;2621;13;1856;2558;1323;2146;1645;1924;304;38;1156;343;1731;1375;767;1891;619;946;2345;1867;574;1265;2434;2052;1998;518;145;2540;512;2612;1125;1919;196;1052;874;429;1345;1839;1882;1737;1253;2457;2603;1246;846;392;935;1263;1736;945;1939;1819;164;1451;1900;941;2365;943;2578;985;642;1466;1019;608;668;83;1232;2839;2871;2782;309;729;1327;848;2595;2093;2814;1884;1016;101;2403;1180;336;20;835;2777;2748;1124;1978;583;636;920;1892;2819;2946;602;1644;1940;2681;888;701;761;1825;964;1024;2130;2598;859;2480;1805;903;1917;1389;1117;2864",2639,248.18926808338,178.982100588474,178.982100588474,2.58617867291923,TRUE,TRUE,
"01_RSPitHUMM","table1_capital_mobile_disburse","treatment3",131,0.0496400151572565,"Decrease",69.2071674949056,249.473803792715,180.26663629781,180.26663629781,2.60473940522243,TRUE,,TRUE,"84;1945;1012;1847;1144;1786;1217;2235;2338;2326;459;1763;491;1052;1938;2330;13;1645;2270;1174;1903;1463;1708;271;35;1036;308;1540;1219;699;1677;568;855;2086;1654;525;1126;2164;1823;1777;472;131;2255;466;2321;1008;1703;176;945;795;389;1192;1631;1669;1546;1117;2182;2313;1110;769;355;846;1125;1545;854;1721;1614;149;1288;1686;851;2105;2289;853;888;589;1303;919;559;611;74;1097;2532;2559;2478;276;666;1177;771;2306;1859;2509;1671;917;90;2141;1056;301;20;759;2473;2450;1007;1759;534;583;834;1678;2512;2626;553;1462;1722;2385;808;639;694;1620;871;924;1887;2309;782;2202;1602;821;1701;1231;1000;2553;981","95;2193;1130;2079;1285;2009;1373;2517;2631;2617;504;1982;537;1176;2186;2621;13;1856;2558;1323;2146;1645;1924;304;38;1156;343;1731;1375;767;1891;619;946;2345;1867;574;1265;2434;2052;1998;518;145;2540;512;2612;1125;1919;196;1052;874;429;1345;1839;1882;1737;1253;2457;2603;1246;846;392;935;1263;1736;945;1939;1819;164;1451;1900;941;2365;2578;943;985;642;1466;1019;608;668;83;1232;2839;2871;2782;309;729;1327;848;2595;2093;2814;1884;1016;101;2403;1180;336;20;835;2777;2748;1124;1978;583;636;920;1892;2819;2946;602;1644;1940;2681;888;701;761;1825;964;1024;2130;2598;859;2480;1805;903;1917;1389;1117;2864;1095",2639,249.473803792715,180.26663629781,180.26663629781,2.60473940522243,TRUE,TRUE,
