"study_id","estimand_id","target","k","removal_fraction","direction","beta_original","beta_mis","delta_mis","abs_delta_mis","relative_change_mis","valid_mis","refit_error_mis","nested_mis","mis_positions","mis_ids","N","beta_after","delta_beta","abs_delta_beta","relative_change","nested","valid_refit","refit_error"
"04_SBN-HIWTO","table2_2018_ols_hiv_positive","learnhivpos",1,0.000428816466552316,"Increase",-0.156557060370346,-0.174123731027726,-0.0175666706573797,0.0175666706573797,0.112206186139575,TRUE,,,"1584","1913",2332,-0.174123731027726,-0.0175666706573797,0.0175666706573797,0.112206186139575,,TRUE,
"04_SBN-HIWTO","table2_2018_ols_hiv_positive","learnhivpos",2,0.000857632933104631,"Increase",-0.156557060370346,-0.191965172310752,-0.0354081119404064,0.0354081119404064,0.22616745521822,TRUE,,TRUE,"1584;1640","1913;1979",2332,-0.191965172310752,-0.0354081119404064,0.0354081119404064,0.22616745521822,TRUE,TRUE,
"04_SBN-HIWTO","table2_2018_ols_hiv_positive","learnhivpos",3,0.00128644939965695,"Increase",-0.156557060370346,-0.210173853412272,-0.0536167930419258,0.0536167930419258,0.342474449348319,TRUE,,TRUE,"1584;1640;1027","1913;1979;1241",2332,-0.210173853412272,-0.0536167930419258,0.0536167930419258,0.342474449348319,TRUE,TRUE,
"04_SBN-HIWTO","table2_2018_ols_hiv_positive","learnhivpos",4,0.00171526586620926,"Increase",-0.156557060370346,-0.228533391243381,-0.0719763308730346,0.0719763308730346,0.459745032914963,TRUE,,TRUE,"1584;1640;1027;728","1913;1979;1241;874",2332,-0.228533391243381,-0.0719763308730346,0.0719763308730346,0.459745032914963,TRUE,TRUE,
"04_SBN-HIWTO","table2_2018_ols_hiv_positive","learnhivpos",5,0.00214408233276158,"Increase",-0.156557060370346,-0.247795698309032,-0.0912386379386861,0.0912386379386861,0.582782007549548,TRUE,,TRUE,"1584;1640;1027;728;764","1913;1979;1241;874;921",2332,-0.247795698309032,-0.0912386379386861,0.0912386379386861,0.582782007549548,TRUE,TRUE,
"04_SBN-HIWTO","table2_2018_ols_hiv_positive","learnhivpos",6,0.00257289879931389,"Increase",-0.156557060370346,-0.268029038959091,-0.111471978588745,0.111471978588745,0.712021408201271,TRUE,,TRUE,"1584;1640;1027;728;764;1400","1913;1979;1241;874;921;1703",2332,-0.268029038959091,-0.111471978588745,0.111471978588745,0.712021408201271,TRUE,TRUE,
"04_SBN-HIWTO","table2_2018_ols_hiv_positive","learnhivpos",7,0.00300171526586621,"Increase",-0.156557060370346,-0.288399518215192,-0.131842457844846,0.131842457844846,0.842136774495918,TRUE,,TRUE,"1584;1640;1027;728;764;1400;542","1913;1979;1241;874;921;1703;649",2332,-0.288399518215192,-0.131842457844846,0.131842457844846,0.842136774495918,TRUE,TRUE,
"04_SBN-HIWTO","table2_2018_ols_hiv_positive","learnhivpos",8,0.00343053173241852,"Increase",-0.156557060370346,-0.309525701028984,-0.152968640658637,0.152968640658637,0.977079157572198,TRUE,,TRUE,"1584;1640;1027;728;764;1400;542;115","1913;1979;1241;874;921;1703;649;132",2332,-0.309525701028984,-0.152968640658637,0.152968640658637,0.977079157572198,TRUE,TRUE,
"04_SBN-HIWTO","table2_2018_ols_hiv_positive","learnhivpos",9,0.00385934819897084,"Increase",-0.156557060370346,-0.331255360918857,-0.174698300548511,0.174698300548511,1.11587621877449,TRUE,,TRUE,"1584;1640;1027;728;764;1400;542;115;1001","1913;1979;1241;874;921;1703;649;132;1203",2332,-0.331255360918857,-0.174698300548511,0.174698300548511,1.11587621877449,TRUE,TRUE,
"04_SBN-HIWTO","table2_2018_ols_hiv_positive","learnhivpos",10,0.00428816466552316,"Increase",-0.156557060370346,-0.353086461305328,-0.196529400934982,0.196529400934982,1.25532122582066,TRUE,,TRUE,"1584;1640;1027;728;764;1400;542;115;1001;711","1913;1979;1241;874;921;1703;649;132;1203;849",2332,-0.353086461305328,-0.196529400934982,0.196529400934982,1.25532122582066,TRUE,TRUE,
"04_SBN-HIWTO","table2_2018_ols_hiv_positive","learnhivpos",11,0.00471698113207547,"Increase",-0.156557060370346,-0.372907872889671,-0.216350812519325,0.216350812519325,1.38192945120158,TRUE,,TRUE,"1584;1640;1027;728;764;1400;542;115;1001;711;283","1913;1979;1241;874;921;1703;649;132;1203;849;339",2332,-0.372907872889671,-0.216350812519325,0.216350812519325,1.38192945120158,TRUE,TRUE,
"04_SBN-HIWTO","table2_2018_ols_hiv_positive","learnhivpos",12,0.00514579759862779,"Increase",-0.156557060370346,-0.390743238471405,-0.234186178101059,0.234186178101059,1.49585191205734,TRUE,,TRUE,"1584;1640;1027;728;764;1400;542;115;1001;711;283;1596","1913;1979;1241;874;921;1703;649;132;1203;849;339;1929",2332,-0.390743238471405,-0.234186178101059,0.234186178101059,1.49585191205734,TRUE,TRUE,
"04_SBN-HIWTO","table2_2018_ols_hiv_positive","learnhivpos",13,0.0055746140651801,"Increase",-0.156557060370346,-0.403624048791636,-0.24706698842129,0.24706698842129,1.57812741141687,TRUE,,TRUE,"1584;1640;1027;728;764;1400;542;115;1001;711;283;1596;846","1913;1979;1241;874;921;1703;649;132;1203;849;339;1929;1019",2332,-0.403624048791636,-0.24706698842129,0.24706698842129,1.57812741141687,TRUE,TRUE,
"04_SBN-HIWTO","table2_2018_ols_hiv_positive","learnhivpos",14,0.00600343053173242,"Increase",-0.156557060370346,-0.409463017728925,-0.252905957358579,0.252905957358579,1.61542351881361,TRUE,,TRUE,"1584;1640;1027;728;764;1400;542;115;1001;711;283;1596;846;1003","1913;1979;1241;874;921;1703;649;132;1203;849;339;1929;1019;1206",2332,-0.409463017728925,-0.252905957358579,0.252905957358579,1.61542351881361,TRUE,TRUE,
"04_SBN-HIWTO","table2_2018_ols_hiv_positive","learnhivpos",15,0.00643224699828473,"Increase",-0.156557060370346,-0.414944735661174,-0.258387675290828,0.258387675290828,1.65043770418015,TRUE,,TRUE,"1584;1640;1027;728;764;1400;542;115;1001;711;283;1596;846;1003;1245","1913;1979;1241;874;921;1703;649;132;1203;849;339;1929;1019;1206;1507",2332,-0.414944735661174,-0.258387675290828,0.258387675290828,1.65043770418015,TRUE,TRUE,
"04_SBN-HIWTO","table2_2018_ols_hiv_positive","learnhivpos",16,0.00686106346483705,"Increase",-0.156557060370346,-0.420637577241164,-0.264080516870818,0.264080516870818,1.68680043075744,TRUE,,TRUE,"1584;1640;1027;728;764;1400;542;115;1001;711;283;1596;846;1003;1245;540","1913;1979;1241;874;921;1703;649;132;1203;849;339;1929;1019;1206;1507;647",2332,-0.420637577241164,-0.264080516870818,0.264080516870818,1.68680043075744,TRUE,TRUE,
"04_SBN-HIWTO","table2_2018_ols_hiv_positive","learnhivpos",17,0.00728987993138937,"Increase",-0.156557060370346,-0.426366887222669,-0.269809826852323,0.269809826852323,1.72339609733391,TRUE,,TRUE,"1584;1640;1027;728;764;1400;542;115;1001;711;283;1596;846;1003;1245;540;457","1913;1979;1241;874;921;1703;649;132;1203;849;339;1929;1019;1206;1507;647;545",2332,-0.426366887222669,-0.269809826852323,0.269809826852323,1.72339609733391,TRUE,TRUE,
"04_SBN-HIWTO","table2_2018_ols_hiv_positive","learnhivpos",18,0.00771869639794168,"Increase",-0.156557060370346,-0.431949205947564,-0.275392145577217,0.275392145577217,1.75905286497945,TRUE,,TRUE,"1584;1640;1027;728;764;1400;542;115;1001;711;283;1596;846;1003;1245;540;457;106","1913;1979;1241;874;921;1703;649;132;1203;849;339;1929;1019;1206;1507;647;545;121",2332,-0.431949205947564,-0.275392145577217,0.275392145577217,1.75905286497945,TRUE,TRUE,
"04_SBN-HIWTO","table2_2018_ols_hiv_positive","learnhivpos",19,0.008147512864494,"Increase",-0.156557060370346,-0.4375782967009,-0.281021236330554,0.281021236330554,1.79500838649997,TRUE,,TRUE,"1584;1640;1027;728;764;1400;542;115;1001;711;283;1596;846;1003;1245;540;457;106;575","1913;1979;1241;874;921;1703;649;132;1203;849;339;1929;1019;1206;1507;647;545;121;687",2332,-0.4375782967009,-0.281021236330554,0.281021236330554,1.79500838649997,TRUE,TRUE,
"04_SBN-HIWTO","table2_2018_ols_hiv_positive","learnhivpos",20,0.00857632933104631,"Increase",-0.156557060370346,-0.443029204083005,-0.286472143712659,0.286472143712659,1.82982577109579,TRUE,,TRUE,"1584;1640;1027;728;764;1400;542;115;1001;711;283;1596;846;1003;1245;540;457;106;575;1212","1913;1979;1241;874;921;1703;649;132;1203;849;339;1929;1019;1206;1507;647;545;121;687;1460",2332,-0.443029204083005,-0.286472143712659,0.286472143712659,1.82982577109579,TRUE,TRUE,
"04_SBN-HIWTO","table2_2018_ols_hiv_positive","learnhivpos",21,0.00900514579759863,"Increase",-0.156557060370346,-0.448469277948637,-0.291912217578291,0.291912217578291,1.86457395717416,TRUE,,TRUE,"1584;1640;1027;728;764;1400;542;115;1001;711;283;1596;846;1003;1245;540;457;106;575;1212;1038","1913;1979;1241;874;921;1703;649;132;1203;849;339;1929;1019;1206;1507;647;545;121;687;1460;1252",2332,-0.448469277948637,-0.291912217578291,0.291912217578291,1.86457395717416,TRUE,TRUE,
"04_SBN-HIWTO","table2_2018_ols_hiv_positive","learnhivpos",22,0.00943396226415094,"Increase",-0.156557060370346,-0.453968822896505,-0.297411762526159,0.297411762526159,1.89970201166662,TRUE,,TRUE,"1584;1640;1027;728;764;1400;542;115;1001;711;283;1596;846;1003;1245;540;457;106;575;1212;1038;1738","1913;1979;1241;874;921;1703;649;132;1203;849;339;1929;1019;1206;1507;647;545;121;687;1460;1252;2088",2332,-0.453968822896505,-0.297411762526159,0.297411762526159,1.89970201166662,TRUE,TRUE,
"04_SBN-HIWTO","table2_2018_ols_hiv_positive","learnhivpos",23,0.00986277873070326,"Increase",-0.156557060370346,-0.459639537587892,-0.303082477217546,0.303082477217546,1.93592340390516,TRUE,,TRUE,"1584;1640;1027;728;764;1400;542;115;1001;711;283;1596;846;1003;1245;540;457;106;575;1212;1038;1738;216","1913;1979;1241;874;921;1703;649;132;1203;849;339;1929;1019;1206;1507;647;545;121;687;1460;1252;2088;259",2332,-0.459639537587892,-0.303082477217546,0.303082477217546,1.93592340390516,TRUE,TRUE,
"04_SBN-HIWTO","table2_2018_ols_hiv_positive","learnhivpos",24,0.0102915951972556,"Increase",-0.156557060370346,-0.465324260563085,-0.308767200192739,0.308767200192739,1.97223427332073,TRUE,,TRUE,"1584;1640;1027;728;764;1400;542;115;1001;711;283;1596;846;1003;1245;540;457;106;575;1212;1038;1738;216;1668","1913;1979;1241;874;921;1703;649;132;1203;849;339;1929;1019;1206;1507;647;545;121;687;1460;1252;2088;259;2013",2332,-0.465324260563085,-0.308767200192739,0.308767200192739,1.97223427332073,TRUE,TRUE,
"04_SBN-HIWTO","table2_2018_ols_hiv_positive","learnhivpos",25,0.0107204116638079,"Increase",-0.156557060370346,-0.471157741285147,-0.314600680914801,0.314600680914801,2.00949532503097,TRUE,,TRUE,"1584;1640;1027;728;764;1400;542;115;1001;711;283;1596;846;1003;1245;540;457;106;575;1212;1038;1738;216;1668;1714","1913;1979;1241;874;921;1703;649;132;1203;849;339;1929;1019;1206;1507;647;545;121;687;1460;1252;2088;259;2013;2062",2332,-0.471157741285147,-0.314600680914801,0.314600680914801,2.00949532503097,TRUE,TRUE,
"04_SBN-HIWTO","table2_2018_ols_hiv_positive","learnhivpos",26,0.0111492281303602,"Increase",-0.156557060370346,-0.477063603846555,-0.320506543476209,0.320506543476209,2.04721871193819,TRUE,,TRUE,"1584;1640;1027;728;764;1400;542;115;1001;711;283;1596;846;1003;1245;540;457;106;575;1212;1038;1738;216;1668;1714;1567","1913;1979;1241;874;921;1703;649;132;1203;849;339;1929;1019;1206;1507;647;545;121;687;1460;1252;2088;259;2013;2062;1895",2332,-0.477063603846555,-0.320506543476209,0.320506543476209,2.04721871193819,TRUE,TRUE,
"04_SBN-HIWTO","table2_2018_ols_hiv_positive","learnhivpos",27,0.0115780445969125,"Increase",-0.156557060370346,-0.483049161425439,-0.326492101055093,0.326492101055093,2.08545114658358,TRUE,,TRUE,"1584;1640;1027;728;764;1400;542;115;1001;711;283;1596;846;1003;1245;540;457;106;575;1212;1038;1738;216;1668;1714;1567;1604","1913;1979;1241;874;921;1703;649;132;1203;849;339;1929;1019;1206;1507;647;545;121;687;1460;1252;2088;259;2013;2062;1895;1939",2332,-0.483049161425439,-0.326492101055093,0.326492101055093,2.08545114658358,TRUE,TRUE,
"04_SBN-HIWTO","table2_2018_ols_hiv_positive","learnhivpos",28,0.0120068610634648,"Increase",-0.156557060370346,-0.489070784006514,-0.332513723636168,0.332513723636168,2.12391394453617,TRUE,,TRUE,"1584;1640;1027;728;764;1400;542;115;1001;711;283;1596;846;1003;1245;540;457;106;575;1212;1038;1738;216;1668;1714;1567;1604;989","1913;1979;1241;874;921;1703;649;132;1203;849;339;1929;1019;1206;1507;647;545;121;687;1460;1252;2088;259;2013;2062;1895;1939;1189",2332,-0.489070784006514,-0.332513723636168,0.332513723636168,2.12391394453617,TRUE,TRUE,
"04_SBN-HIWTO","table2_2018_ols_hiv_positive","learnhivpos",29,0.0124356775300172,"Increase",-0.156557060370346,-0.495251545198974,-0.338694484828628,0.338694484828628,2.16339323201026,TRUE,,TRUE,"1584;1640;1027;728;764;1400;542;115;1001;711;283;1596;846;1003;1245;540;457;106;575;1212;1038;1738;216;1668;1714;1567;1604;989;1290","1913;1979;1241;874;921;1703;649;132;1203;849;339;1929;1019;1206;1507;647;545;121;687;1460;1252;2088;259;2013;2062;1895;1939;1189;1563",2332,-0.495251545198974,-0.338694484828628,0.338694484828628,2.16339323201026,TRUE,TRUE,
"04_SBN-HIWTO","table2_2018_ols_hiv_positive","learnhivpos",30,0.0128644939965695,"Increase",-0.156557060370346,-0.501508418449381,-0.344951358079035,0.344951358079035,2.20335868125673,TRUE,,TRUE,"1584;1640;1027;728;764;1400;542;115;1001;711;283;1596;846;1003;1245;540;457;106;575;1212;1038;1738;216;1668;1714;1567;1604;989;1290;1044","1913;1979;1241;874;921;1703;649;132;1203;849;339;1929;1019;1206;1507;647;545;121;687;1460;1252;2088;259;2013;2062;1895;1939;1189;1563;1259",2332,-0.501508418449381,-0.344951358079035,0.344951358079035,2.20335868125673,TRUE,TRUE,
"04_SBN-HIWTO","table2_2018_ols_hiv_positive","learnhivpos",31,0.0132933104631218,"Increase",-0.156557060370346,-0.507777024929457,-0.351219964559111,0.351219964559111,2.24339907589142,TRUE,,TRUE,"1584;1640;1027;728;764;1400;542;115;1001;711;283;1596;846;1003;1245;540;457;106;575;1212;1038;1738;216;1668;1714;1567;1604;989;1290;1044;1438","1913;1979;1241;874;921;1703;649;132;1203;849;339;1929;1019;1206;1507;647;545;121;687;1460;1252;2088;259;2013;2062;1895;1939;1189;1563;1259;1746",2332,-0.507777024929457,-0.351219964559111,0.351219964559111,2.24339907589142,TRUE,TRUE,
"04_SBN-HIWTO","table2_2018_ols_hiv_positive","learnhivpos",32,0.0137221269296741,"Increase",-0.156557060370346,-0.513996130251138,-0.357439069880792,0.357439069880792,2.28312328447689,TRUE,,TRUE,"1584;1640;1027;728;764;1400;542;115;1001;711;283;1596;846;1003;1245;540;457;106;575;1212;1038;1738;216;1668;1714;1567;1604;989;1290;1044;1438;1582","1913;1979;1241;874;921;1703;649;132;1203;849;339;1929;1019;1206;1507;647;545;121;687;1460;1252;2088;259;2013;2062;1895;1939;1189;1563;1259;1746;1911",2332,-0.513996130251138,-0.357439069880792,0.357439069880792,2.28312328447689,TRUE,TRUE,
"04_SBN-HIWTO","table2_2018_ols_hiv_positive","learnhivpos",33,0.0141509433962264,"Increase",-0.156557060370346,-0.520568603674054,-0.364011543303708,0.364011543303708,2.32510461324845,TRUE,,TRUE,"1584;1640;1027;728;764;1400;542;115;1001;711;283;1596;846;1003;1245;540;457;106;575;1212;1038;1738;216;1668;1714;1567;1604;989;1290;1044;1438;1582;1261","1913;1979;1241;874;921;1703;649;132;1203;849;339;1929;1019;1206;1507;647;545;121;687;1460;1252;2088;259;2013;2062;1895;1939;1189;1563;1259;1746;1911;1528",2332,-0.520568603674054,-0.364011543303708,0.364011543303708,2.32510461324845,TRUE,TRUE,
"04_SBN-HIWTO","table2_2018_ols_hiv_positive","learnhivpos",34,0.0145797598627787,"Increase",-0.156557060370346,-0.527286883358143,-0.370729822987797,0.370729822987797,2.36801727185482,TRUE,,TRUE,"1584;1640;1027;728;764;1400;542;115;1001;711;283;1596;846;1003;1245;540;457;106;575;1212;1038;1738;216;1668;1714;1567;1604;989;1290;1044;1438;1582;1261;45","1913;1979;1241;874;921;1703;649;132;1203;849;339;1929;1019;1206;1507;647;545;121;687;1460;1252;2088;259;2013;2062;1895;1939;1189;1563;1259;1746;1911;1528;51",2332,-0.527286883358143,-0.370729822987797,0.370729822987797,2.36801727185482,TRUE,TRUE,
"04_SBN-HIWTO","table2_2018_ols_hiv_positive","learnhivpos",35,0.015008576329331,"Increase",-0.156557060370346,-0.534219383516056,-0.37766232314571,0.37766232314571,2.41229825248587,TRUE,,TRUE,"1584;1640;1027;728;764;1400;542;115;1001;711;283;1596;846;1003;1245;540;457;106;575;1212;1038;1738;216;1668;1714;1567;1604;989;1290;1044;1438;1582;1261;45;427","1913;1979;1241;874;921;1703;649;132;1203;849;339;1929;1019;1206;1507;647;545;121;687;1460;1252;2088;259;2013;2062;1895;1939;1189;1563;1259;1746;1911;1528;51;511",2332,-0.534219383516056,-0.37766232314571,0.37766232314571,2.41229825248587,TRUE,TRUE,
"04_SBN-HIWTO","table2_2018_ols_hiv_positive","learnhivpos",36,0.0154373927958834,"Increase",-0.156557060370346,-0.540811216793776,-0.38425415642343,0.38425415642343,2.45440324131311,TRUE,,TRUE,"1584;1640;1027;728;764;1400;542;115;1001;711;283;1596;846;1003;1245;540;457;106;575;1212;1038;1738;216;1668;1714;1567;1604;989;1290;1044;1438;1582;1261;45;427;1282","1913;1979;1241;874;921;1703;649;132;1203;849;339;1929;1019;1206;1507;647;545;121;687;1460;1252;2088;259;2013;2062;1895;1939;1189;1563;1259;1746;1911;1528;51;511;1553",2332,-0.540811216793776,-0.38425415642343,0.38425415642343,2.45440324131311,TRUE,TRUE,
"04_SBN-HIWTO","table2_2018_ols_hiv_positive","learnhivpos",37,0.0158662092624357,"Increase",-0.156557060370346,-0.547516617046438,-0.390959556676092,0.390959556676092,2.49723363322773,TRUE,,TRUE,"1584;1640;1027;728;764;1400;542;115;1001;711;283;1596;846;1003;1245;540;457;106;575;1212;1038;1738;216;1668;1714;1567;1604;989;1290;1044;1438;1582;1261;45;427;1282;919","1913;1979;1241;874;921;1703;649;132;1203;849;339;1929;1019;1206;1507;647;545;121;687;1460;1252;2088;259;2013;2062;1895;1939;1189;1563;1259;1746;1911;1528;51;511;1553;1103",2332,-0.547516617046438,-0.390959556676092,0.390959556676092,2.49723363322773,TRUE,TRUE,
"04_SBN-HIWTO","table2_2018_ols_hiv_positive","learnhivpos",38,0.016295025728988,"Increase",-0.156557060370346,-0.554405298310862,-0.397848237940516,0.397848237940516,2.54123472297819,TRUE,,TRUE,"1584;1640;1027;728;764;1400;542;115;1001;711;283;1596;846;1003;1245;540;457;106;575;1212;1038;1738;216;1668;1714;1567;1604;989;1290;1044;1582;1438;1261;45;427;1282;919;1449","1913;1979;1241;874;921;1703;649;132;1203;849;339;1929;1019;1206;1507;647;545;121;687;1460;1252;2088;259;2013;2062;1895;1939;1189;1563;1259;1911;1746;1528;51;511;1553;1103;1758",2332,-0.554405298310862,-0.397848237940516,0.397848237940516,2.54123472297819,TRUE,TRUE,
"04_SBN-HIWTO","table2_2018_ols_hiv_positive","learnhivpos",39,0.0167238421955403,"Increase",-0.156557060370346,-0.561432999659015,-0.404875939288669,0.404875939288669,2.58612379621148,TRUE,,TRUE,"1584;1640;1027;728;764;1400;542;115;1001;711;283;1596;846;1003;1245;540;457;106;575;1212;1038;1738;216;1668;1714;1567;1604;989;1290;1044;1582;1438;1261;45;427;1282;919;1449;185","1913;1979;1241;874;921;1703;649;132;1203;849;339;1929;1019;1206;1507;647;545;121;687;1460;1252;2088;259;2013;2062;1895;1939;1189;1563;1259;1911;1746;1528;51;511;1553;1103;1758;211",2332,-0.561432999659015,-0.404875939288669,0.404875939288669,2.58612379621148,TRUE,TRUE,
"04_SBN-HIWTO","table2_2018_ols_hiv_positive","learnhivpos",40,0.0171526586620926,"Increase",-0.156557060370346,-0.568594328350171,-0.412037267979825,0.412037267979825,2.63186640707946,TRUE,,TRUE,"1584;1640;1027;728;764;1400;542;115;1001;711;283;1596;846;1003;1245;540;457;106;575;1212;1038;1738;216;1668;1714;1567;1604;989;1290;1044;1582;1438;1261;45;427;1282;919;1449;185;1859","1913;1979;1241;874;921;1703;649;132;1203;849;339;1929;1019;1206;1507;647;545;121;687;1460;1252;2088;259;2013;2062;1895;1939;1189;1563;1259;1911;1746;1528;51;511;1553;1103;1758;211;2228",2332,-0.568594328350171,-0.412037267979825,0.412037267979825,2.63186640707946,TRUE,TRUE,
"04_SBN-HIWTO","table2_2018_ols_hiv_positive","learnhivpos",41,0.0175814751286449,"Increase",-0.156557060370346,-0.575949982496131,-0.419392922125785,0.419392922125785,2.67885026158312,TRUE,,TRUE,"1584;1640;1027;728;764;1400;542;115;1001;711;283;1596;846;1003;1245;540;457;106;575;1212;1038;1738;216;1668;1714;1567;1604;989;1290;1044;1582;1438;1261;45;427;1282;919;1449;185;1859;546","1913;1979;1241;874;921;1703;649;132;1203;849;339;1929;1019;1206;1507;647;545;121;687;1460;1252;2088;259;2013;2062;1895;1939;1189;1563;1259;1911;1746;1528;51;511;1553;1103;1758;211;2228;653",2332,-0.575949982496131,-0.419392922125785,0.419392922125785,2.67885026158312,TRUE,TRUE,
"04_SBN-HIWTO","table2_2018_ols_hiv_positive","learnhivpos",42,0.0180102915951973,"Increase",-0.156557060370346,-0.583460826402368,-0.426903766032022,0.426903766032022,2.72682538252924,TRUE,,TRUE,"1584;1640;1027;728;764;1400;542;115;1001;711;283;1596;846;1003;1245;540;457;106;575;1212;1038;1738;216;1668;1714;1567;1604;989;1290;1044;1582;1438;1261;45;427;1282;919;1449;185;1859;546;646","1913;1979;1241;874;921;1703;649;132;1203;849;339;1929;1019;1206;1507;647;545;121;687;1460;1252;2088;259;2013;2062;1895;1939;1189;1563;1259;1911;1746;1528;51;511;1553;1103;1758;211;2228;653;772",2332,-0.583460826402368,-0.426903766032022,0.426903766032022,2.72682538252924,TRUE,TRUE,
"04_SBN-HIWTO","table2_2018_ols_hiv_positive","learnhivpos",43,0.0184391080617496,"Increase",-0.156557060370346,-0.590895965433711,-0.434338905063365,0.434338905063365,2.77431694256336,TRUE,,TRUE,"1584;1640;1027;728;764;1400;542;115;1001;711;283;1596;846;1003;1245;540;457;106;575;1212;1038;1738;216;1668;1714;1567;1604;989;1290;1044;1582;1438;1261;45;427;1282;919;1449;185;1859;546;646;987","1913;1979;1241;874;921;1703;649;132;1203;849;339;1929;1019;1206;1507;647;545;121;687;1460;1252;2088;259;2013;2062;1895;1939;1189;1563;1259;1911;1746;1528;51;511;1553;1103;1758;211;2228;653;772;1186",2332,-0.590895965433711,-0.434338905063365,0.434338905063365,2.77431694256336,TRUE,TRUE,
"04_SBN-HIWTO","table2_2018_ols_hiv_positive","learnhivpos",44,0.0188679245283019,"Increase",-0.156557060370346,-0.598701304553577,-0.442144244183231,0.442144244183231,2.82417313621826,TRUE,,TRUE,"1584;1640;1027;728;764;1400;542;115;1001;711;283;1596;846;1003;1245;540;457;106;575;1212;1038;1738;216;1668;1714;1567;1604;989;1290;1044;1582;1438;1261;45;427;1282;919;1449;185;1859;546;646;987;1641","1913;1979;1241;874;921;1703;649;132;1203;849;339;1929;1019;1206;1507;647;545;121;687;1460;1252;2088;259;2013;2062;1895;1939;1189;1563;1259;1911;1746;1528;51;511;1553;1103;1758;211;2228;653;772;1186;1980",2332,-0.598701304553577,-0.442144244183231,0.442144244183231,2.82417313621826,TRUE,TRUE,
"04_SBN-HIWTO","table2_2018_ols_hiv_positive","learnhivpos",45,0.0192967409948542,"Increase",-0.156557060370346,-0.606620678786111,-0.450063618415765,0.450063618415765,2.87475772316566,TRUE,,TRUE,"1584;1640;1027;728;764;1400;542;115;1001;711;283;1596;846;1003;1245;540;457;106;575;1212;1038;1738;216;1668;1714;1567;1604;989;1290;1044;1582;1438;1261;45;427;1282;919;1449;185;1859;546;646;987;1641;1052","1913;1979;1241;874;921;1703;649;132;1203;849;339;1929;1019;1206;1507;647;545;121;687;1460;1252;2088;259;2013;2062;1895;1939;1189;1563;1259;1911;1746;1528;51;511;1553;1103;1758;211;2228;653;772;1186;1980;1274",2332,-0.606620678786111,-0.450063618415765,0.450063618415765,2.87475772316566,TRUE,TRUE,
"04_SBN-HIWTO","table2_2018_ols_hiv_positive","learnhivpos",46,0.0197255574614065,"Increase",-0.156557060370346,-0.614667523263483,-0.458110462893137,0.458110462893137,2.92615651960663,TRUE,,TRUE,"1584;1640;1027;728;764;1400;542;115;1001;711;283;1596;846;1003;1245;540;457;106;575;1212;1038;1738;216;1668;1714;1567;1604;989;1290;1044;1582;1438;1261;45;427;1282;919;1449;185;1859;546;646;987;1641;1052;863","1913;1979;1241;874;921;1703;649;132;1203;849;339;1929;1019;1206;1507;647;545;121;687;1460;1252;2088;259;2013;2062;1895;1939;1189;1563;1259;1911;1746;1528;51;511;1553;1103;1758;211;2228;653;772;1186;1980;1274;1036",2332,-0.614667523263483,-0.458110462893137,0.458110462893137,2.92615651960663,TRUE,TRUE,
"04_SBN-HIWTO","table2_2018_ols_hiv_positive","learnhivpos",47,0.0201543739279588,"Increase",-0.156557060370346,-0.622954992113119,-0.466397931742773,0.466397931742773,2.97909229158671,TRUE,,TRUE,"1584;1640;1027;728;764;1400;542;115;1001;711;283;1596;846;1003;1245;540;457;106;575;1212;1038;1738;216;1668;1714;1567;1604;989;1290;1044;1582;1438;1261;45;427;1282;919;1449;185;1859;546;646;987;1641;1052;863;762","1913;1979;1241;874;921;1703;649;132;1203;849;339;1929;1019;1206;1507;647;545;121;687;1460;1252;2088;259;2013;2062;1895;1939;1189;1563;1259;1911;1746;1528;51;511;1553;1103;1758;211;2228;653;772;1186;1980;1274;1036;919",2332,-0.622954992113119,-0.466397931742773,0.466397931742773,2.97909229158671,TRUE,TRUE,
"04_SBN-HIWTO","table2_2018_ols_hiv_positive","learnhivpos",48,0.0205831903945112,"Increase",-0.156557060370346,-0.631502343057174,-0.474945282686828,0.474945282686828,3.03368804679466,TRUE,,TRUE,"1584;1640;1027;728;764;1400;542;115;1001;711;283;1596;846;1003;1245;540;457;106;575;1212;1038;1738;216;1668;1714;1567;1604;989;1290;1044;1582;1438;1261;45;427;1282;919;1449;185;1859;546;646;987;1641;1052;863;762;860","1913;1979;1241;874;921;1703;649;132;1203;849;339;1929;1019;1206;1507;647;545;121;687;1460;1252;2088;259;2013;2062;1895;1939;1189;1563;1259;1911;1746;1528;51;511;1553;1103;1758;211;2228;653;772;1186;1980;1274;1036;919;1033",2332,-0.631502343057174,-0.474945282686828,0.474945282686828,3.03368804679466,TRUE,TRUE,
"04_SBN-HIWTO","table2_2018_ols_hiv_positive","learnhivpos",49,0.0210120068610635,"Increase",-0.156557060370346,-0.640321995060918,-0.483764934690572,0.483764934690572,3.09002311071883,TRUE,,TRUE,"1584;1640;1027;728;764;1400;542;115;1001;711;283;1596;846;1003;1245;540;457;106;575;1212;1038;1738;216;1668;1714;1567;1604;989;1290;1044;1582;1438;1261;45;427;1282;919;1449;185;1859;546;646;987;1641;1052;863;762;860;980","1913;1979;1241;874;921;1703;649;132;1203;849;339;1929;1019;1206;1507;647;545;121;687;1460;1252;2088;259;2013;2062;1895;1939;1189;1563;1259;1911;1746;1528;51;511;1553;1103;1758;211;2228;653;772;1186;1980;1274;1036;919;1033;1177",2332,-0.640321995060918,-0.483764934690572,0.483764934690572,3.09002311071883,TRUE,TRUE,
"04_SBN-HIWTO","table2_2018_ols_hiv_positive","learnhivpos",50,0.0214408233276158,"Increase",-0.156557060370346,-0.649421637553351,-0.492864577183005,0.492864577183005,3.14814659918308,TRUE,,TRUE,"1584;1640;1027;728;764;1400;542;115;1001;711;283;1596;846;1003;1245;540;457;106;575;1212;1038;1738;216;1668;1714;1567;1604;989;1290;1044;1582;1438;1261;45;427;1282;919;1449;185;1859;546;646;1641;987;1052;863;762;860;980;1320","1913;1979;1241;874;921;1703;649;132;1203;849;339;1929;1019;1206;1507;647;545;121;687;1460;1252;2088;259;2013;2062;1895;1939;1189;1563;1259;1911;1746;1528;51;511;1553;1103;1758;211;2228;653;772;1980;1186;1274;1036;919;1033;1177;1595",2332,-0.649421637553351,-0.492864577183005,0.492864577183005,3.14814659918308,TRUE,TRUE,
"04_SBN-HIWTO","table2_2018_ols_hiv_positive","learnhivpos",51,0.0218696397941681,"Increase",-0.156557060370346,-0.658851115012572,-0.502294054642226,0.502294054642226,3.2083768911732,TRUE,,TRUE,"1584;1640;1027;728;764;1400;542;115;1001;711;283;1596;846;1003;1245;540;457;106;575;1212;1038;1738;216;1668;1714;1567;1604;989;1290;1044;1582;1438;1261;45;427;1282;919;1449;185;1859;546;646;1641;987;1052;863;762;860;980;1320;968","1913;1979;1241;874;921;1703;649;132;1203;849;339;1929;1019;1206;1507;647;545;121;687;1460;1252;2088;259;2013;2062;1895;1939;1189;1563;1259;1911;1746;1528;51;511;1553;1103;1758;211;2228;653;772;1980;1186;1274;1036;919;1033;1177;1595;1165",2332,-0.658851115012572,-0.502294054642226,0.502294054642226,3.2083768911732,TRUE,TRUE,
"04_SBN-HIWTO","table2_2018_ols_hiv_positive","learnhivpos",52,0.0222984562607204,"Increase",-0.156557060370346,-0.66859288458382,-0.512035824213474,0.512035824213474,3.27060193262584,TRUE,,TRUE,"1584;1640;1027;728;764;1400;542;115;1001;711;283;1596;846;1003;1245;540;457;106;575;1212;1038;1738;216;1668;1714;1567;1604;989;1290;1044;1582;1438;1261;45;427;1282;919;1449;185;1859;546;646;1641;987;1052;863;762;860;980;1320;968;1015","1913;1979;1241;874;921;1703;649;132;1203;849;339;1929;1019;1206;1507;647;545;121;687;1460;1252;2088;259;2013;2062;1895;1939;1189;1563;1259;1911;1746;1528;51;511;1553;1103;1758;211;2228;653;772;1980;1186;1274;1036;919;1033;1177;1595;1165;1227",2332,-0.66859288458382,-0.512035824213474,0.512035824213474,3.27060193262584,TRUE,TRUE,
"04_SBN-HIWTO","table2_2018_ols_hiv_positive","learnhivpos",53,0.0227272727272727,"Increase",-0.156557060370346,-0.678662721562798,-0.522105661192452,0.522105661192452,3.33492248741371,TRUE,,TRUE,"1584;1640;1027;728;764;1400;542;115;1001;711;283;1596;846;1003;1245;540;457;106;575;1212;1038;1738;1668;1714;216;1567;1604;989;1290;1044;1582;1438;1261;45;427;1282;919;1449;185;1859;546;646;1641;987;1052;863;762;860;980;1320;968;1015;1248","1913;1979;1241;874;921;1703;649;132;1203;849;339;1929;1019;1206;1507;647;545;121;687;1460;1252;2088;2013;2062;259;1895;1939;1189;1563;1259;1911;1746;1528;51;511;1553;1103;1758;211;2228;653;772;1980;1186;1274;1036;919;1033;1177;1595;1165;1227;1510",2332,-0.678662721562798,-0.522105661192452,0.522105661192452,3.33492248741371,TRUE,TRUE,
"04_SBN-HIWTO","table2_2018_ols_hiv_positive","learnhivpos",54,0.023156089193825,"Increase",-0.156557060370346,-0.688748711696338,-0.532191651325992,0.532191651325992,3.3993462196279,TRUE,,TRUE,"1584;1640;1027;728;764;1400;542;115;1001;711;283;1596;846;1003;1245;540;457;106;575;1212;1038;1738;1668;1714;216;1567;1604;989;1290;1044;1582;1438;1261;45;427;1282;919;1449;1859;185;546;646;1641;987;1052;863;762;860;980;1320;968;1015;1248;1622","1913;1979;1241;874;921;1703;649;132;1203;849;339;1929;1019;1206;1507;647;545;121;687;1460;1252;2088;2013;2062;259;1895;1939;1189;1563;1259;1911;1746;1528;51;511;1553;1103;1758;2228;211;653;772;1980;1186;1274;1036;919;1033;1177;1595;1165;1227;1510;1957",2332,-0.688748711696338,-0.532191651325992,0.532191651325992,3.3993462196279,TRUE,TRUE,
"04_SBN-HIWTO","table2_2018_ols_hiv_positive","learnhivpos",55,0.0235849056603774,"Increase",-0.156557060370346,-0.69946955501816,-0.542912494647814,0.542912494647814,3.46782504323675,TRUE,,TRUE,"1584;1640;1027;728;764;1400;542;115;1001;711;283;1596;846;1003;1245;540;457;106;575;1212;1038;1738;1668;1714;216;1567;1604;989;1290;1044;1582;1438;1261;45;427;1282;919;1449;1859;185;546;646;1641;987;1052;863;762;860;980;1320;968;1015;1248;1622;1450","1913;1979;1241;874;921;1703;649;132;1203;849;339;1929;1019;1206;1507;647;545;121;687;1460;1252;2088;2013;2062;259;1895;1939;1189;1563;1259;1911;1746;1528;51;511;1553;1103;1758;2228;211;653;772;1980;1186;1274;1036;919;1033;1177;1595;1165;1227;1510;1957;1759",2332,-0.69946955501816,-0.542912494647814,0.542912494647814,3.46782504323675,TRUE,TRUE,
"04_SBN-HIWTO","table2_2018_ols_hiv_positive","learnhivpos",56,0.0240137221269297,"Increase",-0.156557060370346,-0.710582758712808,-0.554025698342462,0.554025698342462,3.53881004811842,TRUE,,TRUE,"1584;1640;1027;728;764;1400;542;115;1001;711;283;1596;846;1003;1245;540;457;106;575;1212;1038;1738;1668;1714;216;1567;1604;989;1290;1044;1582;1438;1261;45;427;1282;919;1449;1859;185;546;646;1641;987;1052;863;762;860;980;1622;1320;968;1015;1248;1450;1301","1913;1979;1241;874;921;1703;649;132;1203;849;339;1929;1019;1206;1507;647;545;121;687;1460;1252;2088;2013;2062;259;1895;1939;1189;1563;1259;1911;1746;1528;51;511;1553;1103;1758;2228;211;653;772;1980;1186;1274;1036;919;1033;1177;1957;1595;1165;1227;1510;1759;1575",2332,-0.710582758712808,-0.554025698342462,0.554025698342462,3.53881004811842,TRUE,TRUE,
"04_SBN-HIWTO","table2_2018_ols_hiv_positive","learnhivpos",57,0.024442538593482,"Increase",-0.156557060370346,-0.722088082608346,-0.565531022238,0.565531022238,3.61229970018726,TRUE,,TRUE,"1584;1640;1027;728;764;1400;542;115;1001;711;283;1596;846;1003;1245;540;457;106;575;1212;1038;1738;1668;1714;216;1567;1604;989;1290;1044;1582;1438;1261;45;427;1282;919;1449;1859;185;546;646;1641;987;1052;863;762;860;980;1622;1320;968;1015;1248;1450;1301;752","1913;1979;1241;874;921;1703;649;132;1203;849;339;1929;1019;1206;1507;647;545;121;687;1460;1252;2088;2013;2062;259;1895;1939;1189;1563;1259;1911;1746;1528;51;511;1553;1103;1758;2228;211;653;772;1980;1186;1274;1036;919;1033;1177;1957;1595;1165;1227;1510;1759;1575;908",2332,-0.722088082608346,-0.565531022238,0.565531022238,3.61229970018726,TRUE,TRUE,
"04_SBN-HIWTO","table2_2018_ols_hiv_positive","learnhivpos",58,0.0248713550600343,"Increase",-0.156557060370346,-0.734016511636949,-0.577459451266603,0.577459451266603,3.68849191407008,TRUE,,TRUE,"1584;1640;1027;728;764;1400;542;115;1001;711;283;1596;846;1003;1245;540;457;106;575;1212;1038;1738;1668;1714;216;1567;1604;989;1290;1044;1582;1438;1261;45;427;1282;919;1449;1859;185;546;646;1641;987;1052;863;762;860;980;1622;1320;968;1015;1248;1450;1301;752;1406","1913;1979;1241;874;921;1703;649;132;1203;849;339;1929;1019;1206;1507;647;545;121;687;1460;1252;2088;2013;2062;259;1895;1939;1189;1563;1259;1911;1746;1528;51;511;1553;1103;1758;2228;211;653;772;1980;1186;1274;1036;919;1033;1177;1957;1595;1165;1227;1510;1759;1575;908;1709",2332,-0.734016511636949,-0.577459451266603,0.577459451266603,3.68849191407008,TRUE,TRUE,
"04_SBN-HIWTO","table2_2018_ols_hiv_positive","learnhivpos",59,0.0253001715265866,"Increase",-0.156557060370346,-0.746076146903341,-0.589519086532995,0.589519086532995,3.76552220090521,TRUE,,TRUE,"1584;1640;1027;728;764;1400;542;115;1001;711;283;1596;846;1003;1245;540;457;106;575;1212;1038;1738;1668;1714;216;1567;1604;989;1290;1044;1582;1438;1261;45;427;1282;919;1449;1859;185;546;646;1641;987;1052;863;762;860;980;1622;1320;968;1015;1248;1450;1301;752;1406;263","1913;1979;1241;874;921;1703;649;132;1203;849;339;1929;1019;1206;1507;647;545;121;687;1460;1252;2088;2013;2062;259;1895;1939;1189;1563;1259;1911;1746;1528;51;511;1553;1103;1758;2228;211;653;772;1980;1186;1274;1036;919;1033;1177;1957;1595;1165;1227;1510;1759;1575;908;1709;315",2332,-0.746076146903341,-0.589519086532995,0.589519086532995,3.76552220090521,TRUE,TRUE,
"04_SBN-HIWTO","table2_2018_ols_hiv_positive","learnhivpos",60,0.0257289879931389,"Increase",-0.156557060370346,-0.758586427843045,-0.602029367472699,0.602029367472699,3.84543096330858,TRUE,,TRUE,"1584;1640;1027;728;764;1400;542;115;1001;711;283;1596;846;1003;1245;540;457;106;575;1212;1038;1738;1668;1714;216;1567;1604;989;1290;1044;1582;1438;1261;45;427;1282;919;1449;1859;185;546;646;1641;987;1052;863;762;860;980;1622;1320;968;1015;1248;1450;1301;752;1406;263;523","1913;1979;1241;874;921;1703;649;132;1203;849;339;1929;1019;1206;1507;647;545;121;687;1460;1252;2088;2013;2062;259;1895;1939;1189;1563;1259;1911;1746;1528;51;511;1553;1103;1758;2228;211;653;772;1980;1186;1274;1036;919;1033;1177;1957;1595;1165;1227;1510;1759;1575;908;1709;315;628",2332,-0.758586427843045,-0.602029367472699,0.602029367472699,3.84543096330858,TRUE,TRUE,
"04_SBN-HIWTO","table2_2018_ols_hiv_positive","learnhivpos",61,0.0261578044596913,"Increase",-0.156557060370346,-0.771491029937885,-0.614933969567539,0.614933969567539,3.92785843137877,TRUE,,TRUE,"1584;1640;1027;728;764;1400;542;115;1001;711;283;1596;846;1003;1245;540;457;106;575;1212;1038;1738;1668;1714;216;1567;1604;989;1290;1044;1582;1438;1261;45;427;1282;919;1449;1859;185;546;646;1641;987;1052;863;762;860;980;1622;1320;968;1015;1248;1450;1301;752;1406;263;523;202","1913;1979;1241;874;921;1703;649;132;1203;849;339;1929;1019;1206;1507;647;545;121;687;1460;1252;2088;2013;2062;259;1895;1939;1189;1563;1259;1911;1746;1528;51;511;1553;1103;1758;2228;211;653;772;1980;1186;1274;1036;919;1033;1177;1957;1595;1165;1227;1510;1759;1575;908;1709;315;628;235",2332,-0.771491029937885,-0.614933969567539,0.614933969567539,3.92785843137877,TRUE,TRUE,
"04_SBN-HIWTO","table2_2018_ols_hiv_positive","learnhivpos",62,0.0265866209262436,"Increase",-0.156557060370346,-0.784942720793958,-0.628385660423612,0.628385660423612,4.01378040017566,TRUE,,TRUE,"1584;1640;1027;728;764;1400;542;115;1001;711;283;1596;846;1003;1245;540;457;106;575;1212;1038;1738;1668;1714;216;1567;1604;989;1290;1044;1582;1438;1261;45;427;1282;919;1449;1859;185;546;646;1641;987;1052;863;1622;762;860;980;1320;968;1015;1248;1450;1301;752;1406;263;523;202;212","1913;1979;1241;874;921;1703;649;132;1203;849;339;1929;1019;1206;1507;647;545;121;687;1460;1252;2088;2013;2062;259;1895;1939;1189;1563;1259;1911;1746;1528;51;511;1553;1103;1758;2228;211;653;772;1980;1186;1274;1036;1957;919;1033;1177;1595;1165;1227;1510;1759;1575;908;1709;315;628;235;252",2332,-0.784942720793958,-0.628385660423612,0.628385660423612,4.01378040017566,TRUE,TRUE,
"04_SBN-HIWTO","table2_2018_ols_hiv_positive","learnhivpos",63,0.0270154373927959,"Increase",-0.156557060370346,-0.798926671032437,-0.642369610662091,0.642369610662091,4.10310214782088,TRUE,,TRUE,"1584;1640;1027;728;764;1400;542;115;1001;711;283;1596;846;1003;1245;540;457;106;575;1212;1038;1738;1668;1714;216;1567;1604;989;1290;1044;1582;1438;1261;45;427;1282;919;1449;1859;185;546;646;1641;987;1052;863;1622;762;860;980;1320;968;1015;1248;1450;1301;752;1406;263;523;202;212;317","1913;1979;1241;874;921;1703;649;132;1203;849;339;1929;1019;1206;1507;647;545;121;687;1460;1252;2088;2013;2062;259;1895;1939;1189;1563;1259;1911;1746;1528;51;511;1553;1103;1758;2228;211;653;772;1980;1186;1274;1036;1957;919;1033;1177;1595;1165;1227;1510;1759;1575;908;1709;315;628;235;252;382",2332,-0.798926671032437,-0.642369610662091,0.642369610662091,4.10310214782088,TRUE,TRUE,
"04_SBN-HIWTO","table2_2018_ols_hiv_positive","learnhivpos",64,0.0274442538593482,"Increase",-0.156557060370346,-0.8134459784889,-0.656888918118554,0.656888918118554,4.1958434615765,TRUE,,TRUE,"1584;1640;1027;728;764;1400;542;115;1001;711;283;1596;846;1003;1245;540;457;106;575;1212;1038;1738;1668;1714;216;1567;1604;989;1290;1044;1582;1438;1261;45;427;1282;919;1449;1859;185;546;646;1641;987;1052;863;1622;762;860;980;1320;968;1015;1248;1450;1301;752;1406;263;523;202;212;317;365","1913;1979;1241;874;921;1703;649;132;1203;849;339;1929;1019;1206;1507;647;545;121;687;1460;1252;2088;2013;2062;259;1895;1939;1189;1563;1259;1911;1746;1528;51;511;1553;1103;1758;2228;211;653;772;1980;1186;1274;1036;1957;919;1033;1177;1595;1165;1227;1510;1759;1575;908;1709;315;628;235;252;382;442",2332,-0.8134459784889,-0.656888918118554,0.656888918118554,4.1958434615765,TRUE,TRUE,
"04_SBN-HIWTO","table2_2018_ols_hiv_positive","learnhivpos",65,0.0278730703259005,"Increase",-0.156557060370346,-0.828516140687662,-0.671959080317316,0.671959080317316,4.29210333106506,TRUE,,TRUE,"1584;1640;1027;728;764;1400;542;115;1001;711;283;1596;846;1003;1245;540;457;106;575;1212;1038;1738;1668;1714;216;1567;1604;989;1290;1044;1582;1438;1261;45;427;1282;919;1449;1859;185;546;646;1641;987;1052;863;1622;762;860;980;1320;968;1015;1248;1450;1301;752;1406;263;523;202;212;317;365;482","1913;1979;1241;874;921;1703;649;132;1203;849;339;1929;1019;1206;1507;647;545;121;687;1460;1252;2088;2013;2062;259;1895;1939;1189;1563;1259;1911;1746;1528;51;511;1553;1103;1758;2228;211;653;772;1980;1186;1274;1036;1957;919;1033;1177;1595;1165;1227;1510;1759;1575;908;1709;315;628;235;252;382;442;571",2332,-0.828516140687662,-0.671959080317316,0.671959080317316,4.29210333106506,TRUE,TRUE,
"04_SBN-HIWTO","table2_2018_ols_hiv_positive","learnhivpos",66,0.0283018867924528,"Increase",-0.156557060370346,-0.844229393400704,-0.687672333030358,0.687672333030358,4.39247090743544,TRUE,,TRUE,"1584;1640;1027;728;764;1400;542;115;1001;711;283;1596;846;1003;1245;540;457;106;575;1212;1038;1738;1668;1714;216;1567;1604;989;1290;1582;1044;1438;1261;45;427;1282;919;1449;1859;185;546;646;1641;987;1052;863;1622;762;860;980;1320;968;1015;1248;1450;1301;752;1406;263;523;202;212;317;365;482;169","1913;1979;1241;874;921;1703;649;132;1203;849;339;1929;1019;1206;1507;647;545;121;687;1460;1252;2088;2013;2062;259;1895;1939;1189;1563;1911;1259;1746;1528;51;511;1553;1103;1758;2228;211;653;772;1980;1186;1274;1036;1957;919;1033;1177;1595;1165;1227;1510;1759;1575;908;1709;315;628;235;252;382;442;571;192",2332,-0.844229393400704,-0.687672333030358,0.687672333030358,4.39247090743544,TRUE,TRUE,
"04_SBN-HIWTO","table2_2018_ols_hiv_positive","learnhivpos",67,0.0287307032590051,"Increase",-0.156557060370346,-0.860618318906045,-0.704061258535699,0.704061258535699,4.49715430827709,TRUE,,TRUE,"1584;1640;1027;728;764;1400;542;115;1001;711;283;1596;846;1003;1245;540;457;106;575;1212;1038;1738;1668;1714;216;1567;1604;989;1290;1582;1044;1438;1261;45;427;1282;919;1449;1859;185;546;646;1641;987;1052;863;1622;762;860;980;1320;968;1015;1248;1450;1301;752;1406;263;523;202;212;317;365;482;169;354","1913;1979;1241;874;921;1703;649;132;1203;849;339;1929;1019;1206;1507;647;545;121;687;1460;1252;2088;2013;2062;259;1895;1939;1189;1563;1911;1259;1746;1528;51;511;1553;1103;1758;2228;211;653;772;1980;1186;1274;1036;1957;919;1033;1177;1595;1165;1227;1510;1759;1575;908;1709;315;628;235;252;382;442;571;192;426",2332,-0.860618318906045,-0.704061258535699,0.704061258535699,4.49715430827709,TRUE,TRUE,
"04_SBN-HIWTO","table2_2018_ols_hiv_positive","learnhivpos",68,0.0291595197255575,"Increase",-0.156557060370346,-0.877411840755333,-0.720854780384987,0.720854780384987,4.60442204701441,TRUE,,TRUE,"1584;1640;1027;728;764;1400;542;115;1001;711;283;1596;846;1003;1245;540;457;106;575;1212;1038;1738;1668;1714;216;1567;1604;989;1290;1582;1044;1438;1261;45;427;1282;919;1449;1859;185;546;646;1641;987;1052;1622;863;762;860;980;1320;968;1015;1248;1450;1301;752;1406;263;523;202;212;317;365;482;169;354;1730","1913;1979;1241;874;921;1703;649;132;1203;849;339;1929;1019;1206;1507;647;545;121;687;1460;1252;2088;2013;2062;259;1895;1939;1189;1563;1911;1259;1746;1528;51;511;1553;1103;1758;2228;211;653;772;1980;1186;1274;1957;1036;919;1033;1177;1595;1165;1227;1510;1759;1575;908;1709;315;628;235;252;382;442;571;192;426;2080",2332,-0.877411840755333,-0.720854780384987,0.720854780384987,4.60442204701441,TRUE,TRUE,
"04_SBN-HIWTO","table2_2018_ols_hiv_positive","learnhivpos",69,0.0295883361921098,"Increase",-0.156557060370346,-0.879753939869753,-0.723196879499407,0.723196879499407,4.61938208208967,TRUE,,TRUE,"1584;1640;1027;728;764;1400;542;115;1001;711;283;1596;846;1003;1245;540;457;106;575;1212;1038;1738;1668;1714;216;1567;1604;989;1290;1582;1044;1438;1261;45;427;1282;919;1449;1859;185;546;646;1641;987;1052;1622;863;762;860;980;1320;968;1015;1248;1450;1301;752;1406;263;523;202;212;317;365;482;169;354;1730;2128","1913;1979;1241;874;921;1703;649;132;1203;849;339;1929;1019;1206;1507;647;545;121;687;1460;1252;2088;2013;2062;259;1895;1939;1189;1563;1911;1259;1746;1528;51;511;1553;1103;1758;2228;211;653;772;1980;1186;1274;1957;1036;919;1033;1177;1595;1165;1227;1510;1759;1575;908;1709;315;628;235;252;382;442;571;192;426;2080;2547",2332,-0.879753939869753,-0.723196879499407,0.723196879499407,4.61938208208967,TRUE,TRUE,
"04_SBN-HIWTO","table2_2018_ols_hiv_positive","learnhivpos",70,0.0300171526586621,"Increase",-0.156557060370346,-0.882214793370555,-0.725657733000209,0.725657733000209,4.6351006545704,TRUE,,TRUE,"1584;1640;1027;728;764;1400;542;115;1001;711;283;1596;846;1003;1245;540;457;106;575;1212;1038;1738;1668;1714;216;1567;1604;989;1290;1582;1044;1438;1261;45;427;1282;919;1449;1859;185;546;646;1641;987;1052;1622;863;762;860;980;1320;968;1015;1248;1450;1301;752;1406;263;523;202;212;317;365;2128;482;169;354;2024;1730","1913;1979;1241;874;921;1703;649;132;1203;849;339;1929;1019;1206;1507;647;545;121;687;1460;1252;2088;2013;2062;259;1895;1939;1189;1563;1911;1259;1746;1528;51;511;1553;1103;1758;2228;211;653;772;1980;1186;1274;1957;1036;919;1033;1177;1595;1165;1227;1510;1759;1575;908;1709;315;628;235;252;382;442;2547;571;192;426;2426;2080",2332,-0.882214793370555,-0.725657733000209,0.725657733000209,4.6351006545704,TRUE,TRUE,
"04_SBN-HIWTO","table2_2018_ols_hiv_positive","learnhivpos",71,0.0304459691252144,"Increase",-0.156557060370346,-0.870874997623933,-0.714317937253586,0.714317937253586,4.56266830485844,TRUE,,FALSE,"1584;1640;1027;728;764;1400;542;115;1001;711;283;1596;846;1003;1245;540;457;106;575;1212;1038;1738;1668;1714;216;1567;1604;989;1290;1582;1044;1438;1261;45;427;1282;919;1449;1859;185;546;646;1641;987;2128;1052;1622;2024;863;762;860;980;1320;968;1015;1248;1450;1301;752;1406;263;523;202;212;317;1654;1821;365;482;169;354","1913;1979;1241;874;921;1703;649;132;1203;849;339;1929;1019;1206;1507;647;545;121;687;1460;1252;2088;2013;2062;259;1895;1939;1189;1563;1911;1259;1746;1528;51;511;1553;1103;1758;2228;211;653;772;1980;1186;2547;1274;1957;2426;1036;919;1033;1177;1595;1165;1227;1510;1759;1575;908;1709;315;628;235;252;382;1994;2184;442;571;192;426",2332,-0.870874997623933,-0.714317937253586,0.714317937253586,4.56266830485844,FALSE,TRUE,
"04_SBN-HIWTO","table2_2018_ols_hiv_positive","learnhivpos",72,0.0308747855917667,"Increase",-0.156557060370346,-0.873651429962629,-0.717094369592283,0.717094369592283,4.58040262059053,TRUE,,TRUE,"1584;1640;1027;728;764;1400;542;115;1001;711;283;1596;846;1003;1245;540;457;106;575;1212;1738;1038;1668;1714;216;1567;1604;989;1290;1582;1044;1438;1261;45;427;1282;919;1449;1859;185;546;2128;646;1641;2024;987;1654;1821;1052;1622;863;762;860;980;1320;968;1015;1248;1450;1301;752;1406;263;523;1725;202;212;317;365;482;169;354","1913;1979;1241;874;921;1703;649;132;1203;849;339;1929;1019;1206;1507;647;545;121;687;1460;2088;1252;2013;2062;259;1895;1939;1189;1563;1911;1259;1746;1528;51;511;1553;1103;1758;2228;211;653;2547;772;1980;2426;1186;1994;2184;1274;1957;1036;919;1033;1177;1595;1165;1227;1510;1759;1575;908;1709;315;628;2075;235;252;382;442;571;192;426",2332,-0.873651429962629,-0.717094369592283,0.717094369592283,4.58040262059053,TRUE,TRUE,
"04_SBN-HIWTO","table2_2018_ols_hiv_positive","learnhivpos",73,0.031303602058319,"Increase",-0.156557060370346,-0.850950613375802,-0.694393553005456,0.694393553005456,4.43540234699618,TRUE,,FALSE,"1584;1640;1027;728;764;1400;542;115;1001;711;283;1596;846;1003;1245;540;457;106;575;1212;1738;1038;1668;1714;216;1567;1604;989;1290;1582;1044;1438;1261;45;427;1282;919;1449;1859;2128;2024;185;546;1654;1821;646;1641;987;1725;1622;1052;863;1775;2057;762;860;980;1320;2023;968;1015;1248;1450;1301;752;1406;263;523;202;212;317;365;482","1913;1979;1241;874;921;1703;649;132;1203;849;339;1929;1019;1206;1507;647;545;121;687;1460;2088;1252;2013;2062;259;1895;1939;1189;1563;1911;1259;1746;1528;51;511;1553;1103;1758;2228;2547;2426;211;653;1994;2184;772;1980;1186;2075;1957;1274;1036;2133;2461;919;1033;1177;1595;2425;1165;1227;1510;1759;1575;908;1709;315;628;235;252;382;442;571",2332,-0.850950613375802,-0.694393553005456,0.694393553005456,4.43540234699618,FALSE,TRUE,
"04_SBN-HIWTO","table2_2018_ols_hiv_positive","learnhivpos",74,0.0317324185248714,"Increase",-0.156557060370346,-0.866662948596711,-0.710105888226365,0.710105888226365,4.53576406293375,TRUE,,TRUE,"1584;1640;1027;728;764;1400;542;115;1001;711;283;1596;846;1003;1245;540;457;106;575;1212;1738;1038;1668;1714;216;1567;1604;989;1290;1582;1044;1438;1261;45;427;2128;2024;1282;919;1449;1654;1821;1859;185;1725;546;646;1641;1775;2057;2023;987;1622;1052;863;762;860;980;1320;968;1015;1248;1450;1301;752;1406;263;523;202;212;317;365;482;169","1913;1979;1241;874;921;1703;649;132;1203;849;339;1929;1019;1206;1507;647;545;121;687;1460;2088;1252;2013;2062;259;1895;1939;1189;1563;1911;1259;1746;1528;51;511;2547;2426;1553;1103;1758;1994;2184;2228;211;2075;653;772;1980;2133;2461;2425;1186;1957;1274;1036;919;1033;1177;1595;1165;1227;1510;1759;1575;908;1709;315;628;235;252;382;442;571;192",2332,-0.866662948596711,-0.710105888226365,0.710105888226365,4.53576406293375,TRUE,TRUE,
"04_SBN-HIWTO","table2_2018_ols_hiv_positive","learnhivpos",75,0.0321612349914237,"Increase",-0.156557060370346,-0.883050917529635,-0.726493857159289,0.726493857159289,4.64044135371934,TRUE,,TRUE,"1584;1640;1027;728;764;1400;542;115;1001;711;283;1596;846;1003;1245;540;457;106;575;1212;1738;1038;1668;1714;216;1567;1604;989;1290;1582;1044;1438;2128;2024;1261;45;427;1654;1821;1282;1725;919;1449;1859;1775;2057;185;2023;546;646;1641;987;1622;1052;863;762;860;980;1320;968;1015;1248;1450;1301;752;1406;263;523;202;212;317;365;482;169;354","1913;1979;1241;874;921;1703;649;132;1203;849;339;1929;1019;1206;1507;647;545;121;687;1460;2088;1252;2013;2062;259;1895;1939;1189;1563;1911;1259;1746;2547;2426;1528;51;511;1994;2184;1553;2075;1103;1758;2228;2133;2461;211;2425;653;772;1980;1186;1957;1274;1036;919;1033;1177;1595;1165;1227;1510;1759;1575;908;1709;315;628;235;252;382;442;571;192;426",2332,-0.883050917529635,-0.726493857159289,0.726493857159289,4.64044135371934,TRUE,TRUE,
"04_SBN-HIWTO","table2_2018_ols_hiv_positive","learnhivpos",76,0.032590051457976,"Increase",-0.156557060370346,-0.89956099724853,-0.743003936878184,0.743003936878184,4.74589862073649,TRUE,,TRUE,"1584;1640;1027;728;764;1400;542;115;1001;711;283;1596;846;1003;1245;540;457;106;575;1212;1738;1038;1668;1714;216;1567;1604;989;1290;2128;1582;2024;1044;1654;1821;1438;1261;1725;45;427;1775;2057;1282;2023;919;1449;1859;185;546;1641;646;987;1622;1052;863;762;860;980;1320;968;1015;1248;1450;1301;752;1406;263;523;202;212;317;365;482;169;354;1730","1913;1979;1241;874;921;1703;649;132;1203;849;339;1929;1019;1206;1507;647;545;121;687;1460;2088;1252;2013;2062;259;1895;1939;1189;1563;2547;1911;2426;1259;1994;2184;1746;1528;2075;51;511;2133;2461;1553;2425;1103;1758;2228;211;653;1980;772;1186;1957;1274;1036;919;1033;1177;1595;1165;1227;1510;1759;1575;908;1709;315;628;235;252;382;442;571;192;426;2080",2332,-0.89956099724853,-0.743003936878184,0.743003936878184,4.74589862073649,TRUE,TRUE,
"04_SBN-HIWTO","table2_2018_ols_hiv_positive","learnhivpos",77,0.0330188679245283,"Increase",-0.156557060370346,-0.888043519320626,-0.73148645895028,0.73148645895028,4.67233133542429,TRUE,,FALSE,"1584;1640;1027;728;764;1400;542;115;1001;711;283;1596;846;1003;1245;540;457;106;575;1212;1738;1038;1668;1714;216;1567;1604;2128;2024;989;1290;1654;1821;1582;1044;1725;1438;1775;2057;2023;1261;45;427;1282;919;1449;1859;185;546;1641;646;987;1622;1052;863;762;860;980;1320;968;1015;1248;1450;1301;752;1406;263;523;202;212;317;382;365;482;169;354;2228","1913;1979;1241;874;921;1703;649;132;1203;849;339;1929;1019;1206;1507;647;545;121;687;1460;2088;1252;2013;2062;259;1895;1939;2547;2426;1189;1563;1994;2184;1911;1259;2075;1746;2133;2461;2425;1528;51;511;1553;1103;1758;2228;211;653;1980;772;1186;1957;1274;1036;919;1033;1177;1595;1165;1227;1510;1759;1575;908;1709;315;628;235;252;382;459;442;571;192;426;2692",2332,-0.888043519320626,-0.73148645895028,0.73148645895028,4.67233133542429,FALSE,TRUE,
"04_SBN-HIWTO","table2_2018_ols_hiv_positive","learnhivpos",78,0.0334476843910806,"Increase",-0.156557060370346,-0.876360539624668,-0.719803479254322,0.719803479254322,4.59770691626158,TRUE,,FALSE,"1584;1640;1027;728;764;1400;542;115;1001;711;283;1596;846;1003;1245;540;457;106;575;1212;1738;1038;1668;1714;216;2128;2024;1567;1654;1821;1604;1725;989;1290;1775;2057;1582;2023;1044;1438;1261;45;427;1282;919;1449;1859;185;546;1641;646;987;382;2228;1622;1052;863;524;762;860;980;1320;968;1015;1248;1450;1301;752;1406;263;523;202;212;317;11;365;482;1730","1913;1979;1241;874;921;1703;649;132;1203;849;339;1929;1019;1206;1507;647;545;121;687;1460;2088;1252;2013;2062;259;2547;2426;1895;1994;2184;1939;2075;1189;1563;2133;2461;1911;2425;1259;1746;1528;51;511;1553;1103;1758;2228;211;653;1980;772;1186;459;2692;1957;1274;1036;629;919;1033;1177;1595;1165;1227;1510;1759;1575;908;1709;315;628;235;252;382;16;442;571;2080",2332,-0.876360539624668,-0.719803479254322,0.719803479254322,4.59770691626158,FALSE,TRUE,
"04_SBN-HIWTO","table2_2018_ols_hiv_positive","learnhivpos",79,0.0338765008576329,"Increase",-0.156557060370346,-0.85496777625872,-0.698410715888374,0.698410715888374,4.46106176391047,TRUE,,FALSE,"1584;1640;1027;728;764;1400;542;115;1001;711;283;1596;846;1003;1245;540;457;106;575;1212;2128;1738;2024;1038;1668;1714;1654;1821;216;1567;1725;1775;2057;1604;2023;989;1290;1582;1044;1438;1261;45;427;1282;919;1449;1859;382;185;2228;546;524;1641;646;987;11;1008;81;1622;1148;1052;863;762;860;980;1320;968;1015;1248;1450;1301;752;1406;263;523;202;212;317;365","1913;1979;1241;874;921;1703;649;132;1203;849;339;1929;1019;1206;1507;647;545;121;687;1460;2547;2088;2426;1252;2013;2062;1994;2184;259;1895;2075;2133;2461;1939;2425;1189;1563;1911;1259;1746;1528;51;511;1553;1103;1758;2228;459;211;2692;653;629;1980;772;1186;16;1220;93;1957;1389;1274;1036;919;1033;1177;1595;1165;1227;1510;1759;1575;908;1709;315;628;235;252;382;442",2332,-0.85496777625872,-0.698410715888374,0.698410715888374,4.46106176391047,FALSE,TRUE,
"04_SBN-HIWTO","table2_2018_ols_hiv_positive","learnhivpos",80,0.0343053173241852,"Increase",-0.156557060370346,-0.847025950230187,-0.690468889859841,0.690468889859841,4.4103337672954,TRUE,,FALSE,"1584;1640;1027;728;764;1400;542;115;1001;711;283;1596;846;1003;1245;540;457;106;575;2128;2024;1212;1654;1821;1738;1725;1038;1775;2057;1668;1714;2023;216;1567;1604;989;1290;1582;1044;1438;1261;45;427;382;2228;1282;524;919;1449;1859;11;185;1008;81;1148;546;1641;646;987;1622;1052;863;762;860;980;451;1320;968;1015;1248;1450;1369;1301;752;1406;263;523;202;212;317","1913;1979;1241;874;921;1703;649;132;1203;849;339;1929;1019;1206;1507;647;545;121;687;2547;2426;1460;1994;2184;2088;2075;1252;2133;2461;2013;2062;2425;259;1895;1939;1189;1563;1911;1259;1746;1528;51;511;459;2692;1553;629;1103;1758;2228;16;211;1220;93;1389;653;1980;772;1186;1957;1274;1036;919;1033;1177;538;1595;1165;1227;1510;1759;1661;1575;908;1709;315;628;235;252;382",2332,-0.847025950230187,-0.690468889859841,0.690468889859841,4.4103337672954,FALSE,TRUE,
"04_SBN-HIWTO","table2_2018_ols_hiv_positive","learnhivpos",81,0.0347341337907376,"Increase",-0.156557060370346,-0.841257259417576,-0.68470019904723,0.68470019904723,4.37348655772871,TRUE,,FALSE,"1584;1640;1027;728;764;1400;542;115;1001;711;283;1596;846;1003;1245;540;457;106;575;2128;2024;1654;1821;1725;1212;1775;2057;2023;1738;1038;1668;1714;216;1567;1604;989;1290;1582;382;1044;2228;1438;524;1261;45;11;1008;427;81;1148;1282;1859;919;1449;185;546;451;1369;1641;646;1421;1423;987;1622;1052;863;762;860;980;1320;968;1015;1248;1450;1301;752;1406;263;523;202;212","1913;1979;1241;874;921;1703;649;132;1203;849;339;1929;1019;1206;1507;647;545;121;687;2547;2426;1994;2184;2075;1460;2133;2461;2425;2088;1252;2013;2062;259;1895;1939;1189;1563;1911;459;1259;2692;1746;629;1528;51;16;1220;511;93;1389;1553;2228;1103;1758;211;653;538;1661;1980;772;1726;1729;1186;1957;1274;1036;919;1033;1177;1595;1165;1227;1510;1759;1575;908;1709;315;628;235;252",2332,-0.841257259417576,-0.68470019904723,0.68470019904723,4.37348655772871,FALSE,TRUE,
"04_SBN-HIWTO","table2_2018_ols_hiv_positive","learnhivpos",82,0.0351629502572899,"Increase",-0.156557060370346,-0.829749927115957,-0.673192866745611,0.673192866745611,4.29998407707151,TRUE,,FALSE,"1584;1640;1027;728;764;1400;542;115;1001;711;283;1596;846;1003;1245;540;457;2128;2024;106;1654;1821;575;1725;1775;2057;2023;1212;1738;1038;1668;1714;216;1567;1604;382;2228;524;989;1290;1582;11;1008;81;1148;1044;1438;1261;45;427;451;1282;1369;1421;1423;1859;919;1449;185;546;1641;646;987;1622;1870;528;1472;1052;863;762;860;980;1320;968;1015;1248;1450;1301;752;1406;263;523","1913;1979;1241;874;921;1703;649;132;1203;849;339;1929;1019;1206;1507;647;545;2547;2426;121;1994;2184;687;2075;2133;2461;2425;1460;2088;1252;2013;2062;259;1895;1939;459;2692;629;1189;1563;1911;16;1220;93;1389;1259;1746;1528;51;511;538;1553;1661;1726;1729;2228;1103;1758;211;653;1980;772;1186;1957;2245;633;1784;1274;1036;919;1033;1177;1595;1165;1227;1510;1759;1575;908;1709;315;628",2332,-0.829749927115957,-0.673192866745611,0.673192866745611,4.29998407707151,FALSE,TRUE,
"04_SBN-HIWTO","table2_2018_ols_hiv_positive","learnhivpos",83,0.0355917667238422,"Increase",-0.156557060370346,-0.842310010088001,-0.685752949717655,0.685752949717655,4.38021094734061,TRUE,,TRUE,"1584;1640;1027;728;764;1400;542;115;1001;711;283;1596;846;1003;1245;540;457;2128;2024;1654;1821;1725;1775;2057;106;2023;575;1212;1738;1038;382;1668;1714;2228;524;216;1567;11;1008;81;1604;1148;989;1290;1582;1044;451;1369;1421;1423;1438;1261;45;427;1282;1859;919;1449;1870;528;185;1472;546;1641;646;987;1622;1052;863;762;860;980;1320;968;1015;1248;1450;1301;752;1406;263;523;202","1913;1979;1241;874;921;1703;649;132;1203;849;339;1929;1019;1206;1507;647;545;2547;2426;1994;2184;2075;2133;2461;121;2425;687;1460;2088;1252;459;2013;2062;2692;629;259;1895;16;1220;93;1939;1389;1189;1563;1911;1259;538;1661;1726;1729;1746;1528;51;511;1553;2228;1103;1758;2245;633;211;1784;653;1980;772;1186;1957;1274;1036;919;1033;1177;1595;1165;1227;1510;1759;1575;908;1709;315;628;235",2332,-0.842310010088001,-0.685752949717655,0.685752949717655,4.38021094734061,TRUE,TRUE,
"04_SBN-HIWTO","table2_2018_ols_hiv_positive","learnhivpos",84,0.0360205831903945,"Increase",-0.156557060370346,-0.840871715387214,-0.684314655016868,0.684314655016868,4.37102391548536,TRUE,,FALSE,"1584;1640;1027;728;764;1400;542;115;1001;711;283;1596;846;1003;1245;2128;2024;540;1654;1821;457;1725;1775;2057;2023;106;575;382;1212;2228;524;1738;11;1008;81;1038;1148;1668;1714;216;1567;1604;451;1369;1421;1423;1582;989;1290;1044;1438;528;1870;1472;1261;45;427;1282;1859;919;1449;185;546;1641;646;987;1622;1145;1052;863;762;860;980;1320;1991;968;1015;1248;1450;1301;752;1406;263;523","1913;1979;1241;874;921;1703;649;132;1203;849;339;1929;1019;1206;1507;2547;2426;647;1994;2184;545;2075;2133;2461;2425;121;687;459;1460;2692;629;2088;16;1220;93;1252;1389;2013;2062;259;1895;1939;538;1661;1726;1729;1911;1189;1563;1259;1746;633;2245;1784;1528;51;511;1553;2228;1103;1758;211;653;1980;772;1186;1957;1386;1274;1036;919;1033;1177;1595;2389;1165;1227;1510;1759;1575;908;1709;315;628",2332,-0.840871715387214,-0.684314655016868,0.684314655016868,4.37102391548536,FALSE,TRUE,
"04_SBN-HIWTO","table2_2018_ols_hiv_positive","learnhivpos",85,0.0364493996569468,"Increase",-0.156557060370346,-0.840571934213462,-0.684014873843116,0.684014873843116,4.36910907898394,TRUE,,FALSE,"1584;1640;1027;728;764;1400;542;115;1001;711;283;1596;846;1003;2128;2024;1654;1821;1245;1725;1775;2057;540;2023;457;106;382;575;524;2228;11;1008;81;1148;1212;1738;451;1369;1038;1668;1714;1421;1423;216;1567;1604;528;1870;1472;1582;989;1290;1044;1438;1261;45;427;1282;1859;919;1449;1145;185;1991;546;1641;646;987;1647;1622;1052;863;688;762;860;980;1320;968;1015;1248;1450;1301;752;1406;263","1913;1979;1241;874;921;1703;649;132;1203;849;339;1929;1019;1206;2547;2426;1994;2184;1507;2075;2133;2461;647;2425;545;121;459;687;629;2692;16;1220;93;1389;1460;2088;538;1661;1252;2013;2062;1726;1729;259;1895;1939;633;2245;1784;1911;1189;1563;1259;1746;1528;51;511;1553;2228;1103;1758;1386;211;2389;653;1980;772;1186;1987;1957;1274;1036;824;919;1033;1177;1595;1165;1227;1510;1759;1575;908;1709;315",2332,-0.840571934213462,-0.684014873843116,0.684014873843116,4.36910907898394,FALSE,TRUE,
"04_SBN-HIWTO","table2_2018_ols_hiv_positive","learnhivpos",86,0.0368782161234991,"Increase",-0.156557060370346,-0.846177898309424,-0.689620837939078,0.689620837939078,4.40491688019521,TRUE,,FALSE,"1584;1027;1640;728;764;1400;542;115;1001;711;283;1596;846;1003;2128;2024;1654;1821;1725;1775;2057;2023;1245;540;457;382;524;2228;11;1008;81;1148;106;575;451;1369;1421;1423;1212;1738;1038;1668;1714;528;1870;1472;216;1567;1604;1582;989;1290;1044;1145;1438;1991;1261;45;427;1282;1647;1859;919;1449;688;185;546;1641;646;1363;987;1622;2195;1052;863;762;860;980;1320;968;1015;1248;1450;1301;752;1406","1913;1241;1979;874;921;1703;649;132;1203;849;339;1929;1019;1206;2547;2426;1994;2184;2075;2133;2461;2425;1507;647;545;459;629;2692;16;1220;93;1389;121;687;538;1661;1726;1729;1460;2088;1252;2013;2062;633;2245;1784;259;1895;1939;1911;1189;1563;1259;1386;1746;2389;1528;51;511;1553;1987;2228;1103;1758;824;211;653;1980;772;1648;1186;1957;2632;1274;1036;919;1033;1177;1595;1165;1227;1510;1759;1575;908;1709",2332,-0.846177898309424,-0.689620837939078,0.689620837939078,4.40491688019521,FALSE,TRUE,
"04_SBN-HIWTO","table2_2018_ols_hiv_positive","learnhivpos",87,0.0373070325900515,"Increase",-0.156557060370346,-0.858393283731958,-0.701836223361612,0.701836223361612,4.48294201297196,TRUE,,FALSE,"1584;1027;1640;728;764;1400;542;115;1001;711;283;1596;846;2128;2024;1654;1821;1725;1003;1775;2057;2023;1245;382;540;524;2228;457;11;1008;81;1148;451;1369;1421;1423;106;575;528;1870;1472;1212;1738;1038;1668;1714;216;1567;1604;1145;1991;1582;989;1290;1647;1044;688;1438;1261;45;1363;427;1282;1859;2195;919;1449;185;546;1641;646;987;1622;1052;863;762;860;980;1320;968;1015;1248;1450;1301;263;523;752","1913;1241;1979;874;921;1703;649;132;1203;849;339;1929;1019;2547;2426;1994;2184;2075;1206;2133;2461;2425;1507;459;647;629;2692;545;16;1220;93;1389;538;1661;1726;1729;121;687;633;2245;1784;1460;2088;1252;2013;2062;259;1895;1939;1386;2389;1911;1189;1563;1987;1259;824;1746;1528;51;1648;511;1553;2228;2632;1103;1758;211;653;1980;772;1186;1957;1274;1036;919;1033;1177;1595;1165;1227;1510;1759;1575;315;628;908",2332,-0.858393283731958,-0.701836223361612,0.701836223361612,4.48294201297196,FALSE,TRUE,
"04_SBN-HIWTO","table2_2018_ols_hiv_positive","learnhivpos",88,0.0377358490566038,"Increase",-0.156557060370346,-0.868576120645775,-0.712019060275429,0.712019060275429,4.54798434890832,TRUE,,TRUE,"1584;1027;1640;728;764;1400;542;115;1001;711;283;1596;846;2128;2024;1654;1821;1725;1775;2057;2023;1003;382;524;2228;1008;11;81;1148;1245;540;451;1369;457;1421;1423;528;1870;1472;106;575;1212;1145;1738;1991;1038;1668;1714;1647;1567;216;688;1604;1363;1582;989;1290;2195;1044;1438;1261;45;427;1282;1859;919;1449;759;185;546;1641;646;987;1622;1052;863;762;860;980;1320;968;1015;1248;1450;1301;263;523;752","1913;1241;1979;874;921;1703;649;132;1203;849;339;1929;1019;2547;2426;1994;2184;2075;2133;2461;2425;1206;459;629;2692;1220;16;93;1389;1507;647;538;1661;545;1726;1729;633;2245;1784;121;687;1460;1386;2088;2389;1252;2013;2062;1987;1895;259;824;1939;1648;1911;1189;1563;2632;1259;1746;1528;51;511;1553;2228;1103;1758;916;211;653;1980;772;1186;1957;1274;1036;919;1033;1177;1595;1165;1227;1510;1759;1575;315;628;908",2332,-0.868576120645775,-0.712019060275429,0.712019060275429,4.54798434890832,TRUE,TRUE,
"04_SBN-HIWTO","table2_2018_ols_hiv_positive","learnhivpos",89,0.0381646655231561,"Increase",-0.156557060370346,-0.87605363377385,-0.719496573403504,0.719496573403504,4.59574657125962,TRUE,,TRUE,"1584;1027;1640;728;764;1400;542;115;1001;711;283;1596;846;2128;2024;1654;1821;1725;1775;2057;2023;382;1003;524;2228;1008;11;81;1148;451;1369;1421;1423;1245;540;528;1472;1870;457;106;1145;575;1991;1647;1212;688;1738;1363;1038;1668;1714;1567;216;2195;1604;1582;989;1290;759;1044;1438;1261;45;427;1282;1859;919;1449;185;1641;546;646;1622;987;1052;863;55;762;860;980;1320;968;1015;1248;1450;263;523;1301;752","1913;1241;1979;874;921;1703;649;132;1203;849;339;1929;1019;2547;2426;1994;2184;2075;2133;2461;2425;459;1206;629;2692;1220;16;93;1389;538;1661;1726;1729;1507;647;633;1784;2245;545;121;1386;687;2389;1987;1460;824;2088;1648;1252;2013;2062;1895;259;2632;1939;1911;1189;1563;916;1259;1746;1528;51;511;1553;2228;1103;1758;211;1980;653;772;1957;1186;1274;1036;62;919;1033;1177;1595;1165;1227;1510;1759;315;628;1575;908",2332,-0.87605363377385,-0.719496573403504,0.719496573403504,4.59574657125962,TRUE,TRUE,
"04_SBN-HIWTO","table2_2018_ols_hiv_positive","learnhivpos",90,0.0385934819897084,"Increase",-0.156557060370346,-0.888578972687893,-0.732021912317547,0.732021912317547,4.67575151568317,TRUE,,TRUE,"1584;1027;1640;728;764;1400;542;115;1001;711;283;1596;846;2128;2024;1654;1821;1725;1775;2057;2023;382;524;2228;1008;11;81;1148;1003;451;1369;1421;1423;528;1472;1870;1245;540;457;1145;1991;1647;688;106;575;1363;2195;1212;1738;1038;1668;1714;759;1567;216;1604;1582;989;1290;1044;1438;1261;45;427;1282;1859;55;919;1449;185;1641;546;1873;646;1622;987;1052;863;762;860;980;1320;968;1015;1248;1450;263;523;1301;752","1913;1241;1979;874;921;1703;649;132;1203;849;339;1929;1019;2547;2426;1994;2184;2075;2133;2461;2425;459;629;2692;1220;16;93;1389;1206;538;1661;1726;1729;633;1784;2245;1507;647;545;1386;2389;1987;824;121;687;1648;2632;1460;2088;1252;2013;2062;916;1895;259;1939;1911;1189;1563;1259;1746;1528;51;511;1553;2228;62;1103;1758;211;1980;653;2248;772;1957;1186;1274;1036;919;1033;1177;1595;1165;1227;1510;1759;315;628;1575;908",2332,-0.888578972687893,-0.732021912317547,0.732021912317547,4.67575151568317,TRUE,TRUE,
"04_SBN-HIWTO","table2_2018_ols_hiv_positive","learnhivpos",91,0.0390222984562607,"Increase",-0.156557060370346,-0.903358938256279,-0.746801877885933,0.746801877885933,4.7701577694377,TRUE,,FALSE,"1584;1027;1640;728;764;1400;542;115;1001;711;283;1596;846;2128;2024;1654;1821;1725;1775;2057;2023;382;524;2228;1008;11;1148;81;451;1369;1421;1423;528;1472;1870;1003;1145;1245;1991;540;1647;688;457;1363;2195;106;575;759;1212;1738;1038;1668;1714;1567;216;1604;55;1582;989;1290;1044;1873;1438;1261;45;427;1859;1282;919;1449;185;1641;546;646;1622;987;1996;1052;863;762;860;980;1320;968;1015;1248;1730;1450;263;523;1301","1913;1241;1979;874;921;1703;649;132;1203;849;339;1929;1019;2547;2426;1994;2184;2075;2133;2461;2425;459;629;2692;1220;16;1389;93;538;1661;1726;1729;633;1784;2245;1206;1386;1507;2389;647;1987;824;545;1648;2632;121;687;916;1460;2088;1252;2013;2062;1895;259;1939;62;1911;1189;1563;1259;2248;1746;1528;51;511;2228;1553;1103;1758;211;1980;653;772;1957;1186;2396;1274;1036;919;1033;1177;1595;1165;1227;1510;2080;1759;315;628;1575",2332,-0.903358938256279,-0.746801877885933,0.746801877885933,4.7701577694377,FALSE,TRUE,
"04_SBN-HIWTO","table2_2018_ols_hiv_positive","learnhivpos",92,0.039451114922813,"Increase",-0.156557060370346,-0.915009814942922,-0.758452754572576,0.758452754572576,4.84457713231461,TRUE,,TRUE,"1584;1027;1640;728;764;1400;542;115;1001;711;283;1596;846;2128;2024;1654;1821;1725;1775;2057;2023;382;524;1008;2228;11;1148;81;1369;451;1421;1423;528;1472;1870;1003;1145;1991;1647;688;1363;1245;540;2195;457;759;106;575;1212;55;1738;1668;1714;1038;1567;1873;216;1604;1582;989;1290;1044;1438;1996;1261;45;427;1859;1282;919;1449;185;1641;546;646;1622;987;1052;863;762;860;980;1320;1730;968;1015;1248;1450;263;523;1301;752","1913;1241;1979;874;921;1703;649;132;1203;849;339;1929;1019;2547;2426;1994;2184;2075;2133;2461;2425;459;629;1220;2692;16;1389;93;1661;538;1726;1729;633;1784;2245;1206;1386;2389;1987;824;1648;1507;647;2632;545;916;121;687;1460;62;2088;2013;2062;1252;1895;2248;259;1939;1911;1189;1563;1259;1746;2396;1528;51;511;2228;1553;1103;1758;211;1980;653;772;1957;1186;1274;1036;919;1033;1177;1595;2080;1165;1227;1510;1759;315;628;1575;908",2332,-0.915009814942922,-0.758452754572576,0.758452754572576,4.84457713231461,TRUE,TRUE,
"04_SBN-HIWTO","table2_2018_ols_hiv_positive","learnhivpos",93,0.0398799313893654,"Increase",-0.156557060370346,-0.923973160245886,-0.76741609987554,0.76741609987554,4.9018300296401,TRUE,,FALSE,"1584;1027;1640;728;764;1400;542;115;1001;711;283;1596;846;2128;2024;1654;1821;1725;1775;2057;2023;382;524;1008;11;1148;2228;81;1369;451;1421;1423;528;1472;1870;1145;1991;1647;688;1363;1003;2195;1245;759;540;457;55;106;575;1873;1212;1738;1668;1714;1038;1567;216;1604;1996;1582;989;1290;1044;1438;45;1261;427;1859;1282;919;1449;185;1641;546;646;1622;987;78;1052;863;762;860;980;1730;1320;968;1015;1248;1450;263;523;202;1301","1913;1241;1979;874;921;1703;649;132;1203;849;339;1929;1019;2547;2426;1994;2184;2075;2133;2461;2425;459;629;1220;16;1389;2692;93;1661;538;1726;1729;633;1784;2245;1386;2389;1987;824;1648;1206;2632;1507;916;647;545;62;121;687;2248;1460;2088;2013;2062;1252;1895;259;1939;2396;1911;1189;1563;1259;1746;51;1528;511;2228;1553;1103;1758;211;1980;653;772;1957;1186;90;1274;1036;919;1033;1177;2080;1595;1165;1227;1510;1759;315;628;235;1575",2332,-0.923973160245886,-0.76741609987554,0.76741609987554,4.9018300296401,FALSE,TRUE,
"04_SBN-HIWTO","table2_2018_ols_hiv_positive","learnhivpos",94,0.0403087478559177,"Increase",-0.156557060370346,-0.939359649090624,-0.782802588720278,0.782802588720278,5.00011041896486,TRUE,,TRUE,"1584;1027;1640;728;764;1400;542;115;1001;711;283;1596;846;2128;2024;1654;1821;1725;1775;2057;2023;382;524;1008;1148;11;81;2228;1369;451;1421;1423;528;1472;1870;1145;1991;1647;688;1363;2195;1003;759;1245;55;540;457;1873;106;575;1996;1212;1738;1668;1714;1038;1567;216;1604;1582;989;1290;1044;78;1438;45;1261;427;1859;1282;13;919;1449;185;1641;546;1622;646;987;1052;863;1730;762;860;980;1320;968;1015;1248;263;523;1450;202;1301","1913;1241;1979;874;921;1703;649;132;1203;849;339;1929;1019;2547;2426;1994;2184;2075;2133;2461;2425;459;629;1220;1389;16;93;2692;1661;538;1726;1729;633;1784;2245;1386;2389;1987;824;1648;2632;1206;916;1507;62;647;545;2248;121;687;2396;1460;2088;2013;2062;1252;1895;259;1939;1911;1189;1563;1259;90;1746;51;1528;511;2228;1553;19;1103;1758;211;1980;653;1957;772;1186;1274;1036;2080;919;1033;1177;1595;1165;1227;1510;315;628;1759;235;1575",2332,-0.939359649090624,-0.782802588720278,0.782802588720278,5.00011041896486,TRUE,TRUE,
"04_SBN-HIWTO","table2_2018_ols_hiv_positive","learnhivpos",95,0.04073756432247,"Increase",-0.156557060370346,,,,,FALSE,"Target coefficient `learnhivpos` is not finite after refitting.",TRUE,"1584;1027;1640;728;764;1400;542;115;1001;711;283;1596;846;2128;2024;1654;1821;1725;1775;2057;2023;382;524;1008;1148;11;81;2228;1369;451;1421;1423;528;1472;1870;1145;1991;688;1647;1363;2195;759;1003;55;1873;1245;540;457;1996;106;575;1212;1738;78;1668;1714;1038;1567;216;1604;13;1582;989;1290;1044;1438;45;1261;1859;427;1282;919;1449;185;1641;546;1622;646;987;1052;863;1730;762;860;980;205;1320;263;523;968;1015;1248;1450;202;1301","1913;1241;1979;874;921;1703;649;132;1203;849;339;1929;1019;2547;2426;1994;2184;2075;2133;2461;2425;459;629;1220;1389;16;93;2692;1661;538;1726;1729;633;1784;2245;1386;2389;824;1987;1648;2632;916;1206;62;2248;1507;647;545;2396;121;687;1460;2088;90;2013;2062;1252;1895;259;1939;19;1911;1189;1563;1259;1746;51;1528;2228;511;1553;1103;1758;211;1980;653;1957;772;1186;1274;1036;2080;919;1033;1177;240;1595;315;628;1165;1227;1510;1759;235;1575",2332,,,,,TRUE,FALSE,"Target coefficient `learnhivpos` is not finite after refitting."
"04_SBN-HIWTO","table2_2018_ols_hiv_positive","learnhivpos",96,0.0411663807890223,"Increase",-0.156557060370346,,,,,FALSE,"Target coefficient `learnhivpos` is not finite after refitting.",TRUE,"1584;1027;1640;728;764;1400;542;115;1001;711;283;1596;846;2128;2024;1654;1821;1725;1775;2057;2023;382;524;1008;1148;81;11;2228;1369;451;1421;1423;528;1472;1870;1145;688;1991;1647;1363;2195;759;55;1873;1003;1996;1245;540;457;78;106;575;13;1212;1738;1668;1714;1038;1567;216;1604;1582;989;1290;1044;205;1438;45;1261;1859;427;1282;919;1449;185;1641;546;1622;646;987;1052;863;1730;762;860;980;1320;263;523;202;968;1015;1248;1450;1301;752","1913;1241;1979;874;921;1703;649;132;1203;849;339;1929;1019;2547;2426;1994;2184;2075;2133;2461;2425;459;629;1220;1389;93;16;2692;1661;538;1726;1729;633;1784;2245;1386;824;2389;1987;1648;2632;916;62;2248;1206;2396;1507;647;545;90;121;687;19;1460;2088;2013;2062;1252;1895;259;1939;1911;1189;1563;1259;240;1746;51;1528;2228;511;1553;1103;1758;211;1980;653;1957;772;1186;1274;1036;2080;919;1033;1177;1595;315;628;235;1165;1227;1510;1759;1575;908",2332,,,,,TRUE,FALSE,"Target coefficient `learnhivpos` is not finite after refitting."
"04_SBN-HIWTO","table2_2018_ols_hiv_positive","learnhivpos",97,0.0415951972555746,"Increase",-0.156557060370346,,,,,FALSE,"Target coefficient `learnhivpos` is not finite after refitting.",TRUE,"1584;1027;1640;728;764;1400;542;115;1001;711;283;1596;846;2128;2024;1654;1821;1725;1775;2057;2023;382;524;1008;1148;81;11;2228;1369;451;1421;1423;528;1472;1870;1145;688;1991;1647;1363;2195;759;55;1873;1996;1003;1245;78;540;13;457;106;575;1212;1738;205;1668;1714;1038;1567;216;1604;1582;989;1290;1044;1438;45;1859;1261;427;1282;919;1449;1641;185;546;1622;646;987;1730;863;1052;762;860;980;1320;202;263;523;1450;968;1015;1248;752;1406;1301","1913;1241;1979;874;921;1703;649;132;1203;849;339;1929;1019;2547;2426;1994;2184;2075;2133;2461;2425;459;629;1220;1389;93;16;2692;1661;538;1726;1729;633;1784;2245;1386;824;2389;1987;1648;2632;916;62;2248;2396;1206;1507;90;647;19;545;121;687;1460;2088;240;2013;2062;1252;1895;259;1939;1911;1189;1563;1259;1746;51;2228;1528;511;1553;1103;1758;1980;211;653;1957;772;1186;2080;1036;1274;919;1033;1177;1595;235;315;628;1759;1165;1227;1510;908;1709;1575",2332,,,,,TRUE,FALSE,"Target coefficient `learnhivpos` is not finite after refitting."
"04_SBN-HIWTO","table2_2018_ols_hiv_positive","learnhivpos",98,0.0420240137221269,"Increase",-0.156557060370346,,,,,FALSE,"Target coefficient `learnhivpos` is not finite after refitting.",TRUE,"1584;1027;1640;728;764;1400;542;115;1001;711;283;1596;846;2128;2024;1654;1821;1725;1775;2057;2023;382;524;1008;1148;81;11;2228;1369;451;1421;1423;528;1472;1870;1145;688;1647;1991;1363;2195;759;55;1873;1996;78;1003;13;1245;540;457;205;106;575;1212;1738;1668;1714;1038;1567;216;1604;1582;989;1290;1044;1438;1859;45;1261;427;1282;919;1449;1641;185;1622;546;646;987;1730;863;1052;762;860;980;1320;202;263;523;1450;968;1015;1248;752;1406;1301;212","1913;1241;1979;874;921;1703;649;132;1203;849;339;1929;1019;2547;2426;1994;2184;2075;2133;2461;2425;459;629;1220;1389;93;16;2692;1661;538;1726;1729;633;1784;2245;1386;824;1987;2389;1648;2632;916;62;2248;2396;90;1206;19;1507;647;545;240;121;687;1460;2088;2013;2062;1252;1895;259;1939;1911;1189;1563;1259;1746;2228;51;1528;511;1553;1103;1758;1980;211;1957;653;772;1186;2080;1036;1274;919;1033;1177;1595;235;315;628;1759;1165;1227;1510;908;1709;1575;252",2332,,,,,TRUE,FALSE,"Target coefficient `learnhivpos` is not finite after refitting."
"04_SBN-HIWTO","table2_2018_ols_hiv_positive","learnhivpos",99,0.0424528301886792,"Increase",-0.156557060370346,,,,,FALSE,"Target coefficient `learnhivpos` is not finite after refitting.",TRUE,"1584;1027;1640;728;764;1400;542;115;1001;711;283;1596;846;2128;2024;1654;1821;1725;1775;2057;2023;382;524;1008;1148;81;11;2228;1369;451;1421;1423;528;1472;1870;1145;688;1647;1363;1991;2195;759;55;1873;1996;78;13;1003;205;1245;540;457;106;575;1738;1212;1668;1714;1038;1567;1604;216;1582;989;1290;1044;1438;1859;45;1261;427;1282;919;1449;1641;185;1622;546;646;987;1730;863;1052;762;860;980;1320;202;263;523;1450;968;1015;1248;752;1406;1301;1621;212","1913;1241;1979;874;921;1703;649;132;1203;849;339;1929;1019;2547;2426;1994;2184;2075;2133;2461;2425;459;629;1220;1389;93;16;2692;1661;538;1726;1729;633;1784;2245;1386;824;1987;1648;2389;2632;916;62;2248;2396;90;19;1206;240;1507;647;545;121;687;2088;1460;2013;2062;1252;1895;1939;259;1911;1189;1563;1259;1746;2228;51;1528;511;1553;1103;1758;1980;211;1957;653;772;1186;2080;1036;1274;919;1033;1177;1595;235;315;628;1759;1165;1227;1510;908;1709;1575;1956;252",2332,,,,,TRUE,FALSE,"Target coefficient `learnhivpos` is not finite after refitting."
"04_SBN-HIWTO","table2_2018_ols_hiv_positive","learnhivpos",100,0.0428816466552316,"Increase",-0.156557060370346,,,,,FALSE,"Target coefficient `learnhivpos` is not finite after refitting.",TRUE,"1584;1027;1640;728;764;1400;542;115;1001;711;283;1596;846;2128;2024;1654;1821;1725;1775;2057;2023;382;524;1008;1148;81;11;2228;1369;451;1421;1423;528;1472;1870;1145;688;1363;1647;1991;2195;759;55;1873;1996;78;13;205;1003;1245;540;457;106;575;1738;1212;1668;1714;1038;1567;1604;216;1582;989;1290;1044;1438;1859;45;1261;427;1282;1641;919;1449;185;1622;546;646;987;1730;863;1052;762;860;980;1320;202;263;523;1621;1450;968;1015;1248;752;1406;1301;212;317","1913;1241;1979;874;921;1703;649;132;1203;849;339;1929;1019;2547;2426;1994;2184;2075;2133;2461;2425;459;629;1220;1389;93;16;2692;1661;538;1726;1729;633;1784;2245;1386;824;1648;1987;2389;2632;916;62;2248;2396;90;19;240;1206;1507;647;545;121;687;2088;1460;2013;2062;1252;1895;1939;259;1911;1189;1563;1259;1746;2228;51;1528;511;1553;1980;1103;1758;211;1957;653;772;1186;2080;1036;1274;919;1033;1177;1595;235;315;628;1956;1759;1165;1227;1510;908;1709;1575;252;382",2332,,,,,TRUE,FALSE,"Target coefficient `learnhivpos` is not finite after refitting."
"04_SBN-HIWTO","table2_2018_ols_hiv_positive","learnhivpos",101,0.0433104631217839,"Increase",-0.156557060370346,,,,,FALSE,"Target coefficient `learnhivpos` is not finite after refitting.",TRUE,"1584;1027;1640;728;764;1400;542;115;1001;711;283;1596;846;2128;2024;1654;1821;1725;1775;2057;2023;382;524;1008;1148;81;11;2228;1369;451;1421;1423;528;1472;1870;1145;688;1363;1647;1991;2195;759;55;1873;1996;78;13;205;1003;1245;540;457;106;575;1738;1212;1668;1714;1567;1038;1604;216;1582;989;1290;1044;1859;1438;45;1261;427;1282;1641;919;1449;185;1622;546;646;987;1730;863;1052;762;860;980;1621;202;1320;263;523;1450;968;1015;1248;752;1406;1301;212;317;482","1913;1241;1979;874;921;1703;649;132;1203;849;339;1929;1019;2547;2426;1994;2184;2075;2133;2461;2425;459;629;1220;1389;93;16;2692;1661;538;1726;1729;633;1784;2245;1386;824;1648;1987;2389;2632;916;62;2248;2396;90;19;240;1206;1507;647;545;121;687;2088;1460;2013;2062;1895;1252;1939;259;1911;1189;1563;1259;2228;1746;51;1528;511;1553;1980;1103;1758;211;1957;653;772;1186;2080;1036;1274;919;1033;1177;1956;235;1595;315;628;1759;1165;1227;1510;908;1709;1575;252;382;571",2332,,,,,TRUE,FALSE,"Target coefficient `learnhivpos` is not finite after refitting."
"04_SBN-HIWTO","table2_2018_ols_hiv_positive","learnhivpos",102,0.0437392795883362,"Increase",-0.156557060370346,,,,,FALSE,"Target coefficient `learnhivpos` is not finite after refitting.",TRUE,"1584;1027;1640;728;764;1400;542;115;1001;711;283;1596;846;2128;2024;1654;1821;1725;1775;2057;2023;382;524;1008;1148;81;11;2228;1369;451;1421;1423;528;1472;1870;1145;688;1363;1647;1991;2195;759;55;1873;1996;78;13;205;1003;1245;540;457;106;575;1738;1212;1668;1714;1567;1038;1604;216;1582;989;1290;1044;1859;1438;45;1261;427;1282;1641;919;1449;1622;185;546;646;987;1730;863;1052;1621;762;860;980;202;1320;263;523;1450;968;1015;1248;752;1406;1301;212;317;1898;482","1913;1241;1979;874;921;1703;649;132;1203;849;339;1929;1019;2547;2426;1994;2184;2075;2133;2461;2425;459;629;1220;1389;93;16;2692;1661;538;1726;1729;633;1784;2245;1386;824;1648;1987;2389;2632;916;62;2248;2396;90;19;240;1206;1507;647;545;121;687;2088;1460;2013;2062;1895;1252;1939;259;1911;1189;1563;1259;2228;1746;51;1528;511;1553;1980;1103;1758;1957;211;653;772;1186;2080;1036;1274;1956;919;1033;1177;235;1595;315;628;1759;1165;1227;1510;908;1709;1575;252;382;2281;571",2332,,,,,TRUE,FALSE,"Target coefficient `learnhivpos` is not finite after refitting."
"04_SBN-HIWTO","table2_2018_ols_hiv_positive","learnhivpos",103,0.0441680960548885,"Increase",-0.156557060370346,,,,,FALSE,"Target coefficient `learnhivpos` is not finite after refitting.",TRUE,"1584;1027;1640;728;764;1400;542;1001;115;711;283;1596;846;2128;2024;1654;1821;1725;1775;2057;2023;382;524;1008;1148;81;11;1369;2228;451;1421;1423;528;1472;1870;1145;688;1363;1647;1991;759;2195;55;1873;1996;78;13;205;1003;1245;540;457;106;575;1738;1212;1668;1714;1567;1038;1604;1582;216;989;1290;1044;1859;1438;45;1261;427;1282;1641;919;1449;1622;185;546;646;987;1730;863;1621;1052;762;860;980;202;1320;263;523;1898;1450;968;1015;1248;752;1406;1301;212;317;482;365","1913;1241;1979;874;921;1703;649;1203;132;849;339;1929;1019;2547;2426;1994;2184;2075;2133;2461;2425;459;629;1220;1389;93;16;1661;2692;538;1726;1729;633;1784;2245;1386;824;1648;1987;2389;916;2632;62;2248;2396;90;19;240;1206;1507;647;545;121;687;2088;1460;2013;2062;1895;1252;1939;1911;259;1189;1563;1259;2228;1746;51;1528;511;1553;1980;1103;1758;1957;211;653;772;1186;2080;1036;1956;1274;919;1033;1177;235;1595;315;628;2281;1759;1165;1227;1510;908;1709;1575;252;382;571;442",2332,,,,,TRUE,FALSE,"Target coefficient `learnhivpos` is not finite after refitting."
"04_SBN-HIWTO","table2_2018_ols_hiv_positive","learnhivpos",104,0.0445969125214408,"Increase",-0.156557060370346,,,,,FALSE,"Target coefficient `learnhivpos` is not finite after refitting.",TRUE,"1584;1027;1640;728;764;1400;542;1001;115;711;283;1596;846;2128;2024;1654;1821;1725;1775;2057;2023;382;524;1008;1148;81;11;1369;451;2228;1421;1423;528;1472;1870;1145;688;1363;1647;1991;759;2195;55;1873;1996;78;13;205;1003;1245;540;457;106;575;1738;1212;1668;1714;1567;1038;1604;1582;216;989;1290;1859;1044;1438;45;1261;1641;1282;427;1622;919;1449;185;546;646;987;1730;1621;863;1052;762;860;980;202;1898;1320;263;523;1450;968;1015;1248;752;1406;1301;212;317;1642;482;365","1913;1241;1979;874;921;1703;649;1203;132;849;339;1929;1019;2547;2426;1994;2184;2075;2133;2461;2425;459;629;1220;1389;93;16;1661;538;2692;1726;1729;633;1784;2245;1386;824;1648;1987;2389;916;2632;62;2248;2396;90;19;240;1206;1507;647;545;121;687;2088;1460;2013;2062;1895;1252;1939;1911;259;1189;1563;2228;1259;1746;51;1528;1980;1553;511;1957;1103;1758;211;653;772;1186;2080;1956;1036;1274;919;1033;1177;235;2281;1595;315;628;1759;1165;1227;1510;908;1709;1575;252;382;1981;571;442",2332,,,,,TRUE,FALSE,"Target coefficient `learnhivpos` is not finite after refitting."
"04_SBN-HIWTO","table2_2018_ols_hiv_positive","learnhivpos",105,0.0450257289879931,"Increase",-0.156557060370346,,,,,FALSE,"Target coefficient `learnhivpos` is not finite after refitting.",TRUE,"1584;1027;1640;728;764;1400;542;1001;115;711;283;1596;846;2128;2024;1654;1821;1725;1775;2057;2023;382;524;1008;1148;81;11;1369;451;2228;1421;1423;528;1472;1870;1145;688;1363;1647;1991;759;2195;55;1873;1996;78;13;205;1003;1245;540;457;106;575;1738;1212;1668;1714;1567;1038;1604;1582;216;989;1290;1859;1044;1438;45;1641;1261;1282;427;1622;919;1449;185;546;646;1730;987;1621;863;1052;1898;762;860;980;202;1320;263;523;1450;1642;968;1015;1248;752;1406;1301;212;317;482;365;169","1913;1241;1979;874;921;1703;649;1203;132;849;339;1929;1019;2547;2426;1994;2184;2075;2133;2461;2425;459;629;1220;1389;93;16;1661;538;2692;1726;1729;633;1784;2245;1386;824;1648;1987;2389;916;2632;62;2248;2396;90;19;240;1206;1507;647;545;121;687;2088;1460;2013;2062;1895;1252;1939;1911;259;1189;1563;2228;1259;1746;51;1980;1528;1553;511;1957;1103;1758;211;653;772;2080;1186;1956;1036;1274;2281;919;1033;1177;235;1595;315;628;1759;1981;1165;1227;1510;908;1709;1575;252;382;571;442;192",2332,,,,,TRUE,FALSE,"Target coefficient `learnhivpos` is not finite after refitting."
"04_SBN-HIWTO","table2_2018_ols_hiv_positive","learnhivpos",106,0.0454545454545455,"Increase",-0.156557060370346,,,,,FALSE,"Target coefficient `learnhivpos` is not finite after refitting.",TRUE,"1584;1027;1640;728;764;1400;542;1001;115;711;283;1596;846;2128;2024;1654;1821;1725;1775;2057;2023;382;524;1008;1148;81;11;1369;451;2228;1421;1423;528;1472;1870;1145;688;1363;1647;1991;759;2195;55;1873;1996;78;13;205;1003;1245;540;457;106;575;1738;1668;1714;1212;1567;1604;1038;1582;216;989;1290;1859;1044;1438;45;1641;1282;1622;1261;427;919;1449;185;546;646;1730;987;1621;863;1898;1052;762;860;980;202;1642;263;523;1320;1450;968;1015;1248;212;317;752;1406;1301;482;365;169;354","1913;1241;1979;874;921;1703;649;1203;132;849;339;1929;1019;2547;2426;1994;2184;2075;2133;2461;2425;459;629;1220;1389;93;16;1661;538;2692;1726;1729;633;1784;2245;1386;824;1648;1987;2389;916;2632;62;2248;2396;90;19;240;1206;1507;647;545;121;687;2088;2013;2062;1460;1895;1939;1252;1911;259;1189;1563;2228;1259;1746;51;1980;1553;1957;1528;511;1103;1758;211;653;772;2080;1186;1956;1036;2281;1274;919;1033;1177;235;1981;315;628;1595;1759;1165;1227;1510;252;382;908;1709;1575;571;442;192;426",2332,,,,,TRUE,FALSE,"Target coefficient `learnhivpos` is not finite after refitting."
"04_SBN-HIWTO","table2_2018_ols_hiv_positive","learnhivpos",107,0.0458833619210978,"Increase",-0.156557060370346,,,,,FALSE,"Target coefficient `learnhivpos` is not finite after refitting.",TRUE,"1584;1027;1640;728;764;1400;542;1001;115;711;283;1596;846;2128;2024;1654;1821;1725;1775;2057;2023;382;524;1008;1148;81;11;1369;451;2228;1421;1423;528;1472;1870;1145;688;1363;1647;1991;759;2195;55;1873;1996;78;13;205;1003;1245;540;457;106;575;1738;1668;1714;1212;1567;1604;1038;1582;216;989;1290;1859;1044;1438;1641;45;1622;1282;1261;427;919;1449;185;546;646;1730;987;1621;1898;863;1052;762;860;980;202;1642;263;523;1320;1450;968;1015;1248;212;317;752;1406;1301;482;365;169;354;781","1913;1241;1979;874;921;1703;649;1203;132;849;339;1929;1019;2547;2426;1994;2184;2075;2133;2461;2425;459;629;1220;1389;93;16;1661;538;2692;1726;1729;633;1784;2245;1386;824;1648;1987;2389;916;2632;62;2248;2396;90;19;240;1206;1507;647;545;121;687;2088;2013;2062;1460;1895;1939;1252;1911;259;1189;1563;2228;1259;1746;1980;51;1957;1553;1528;511;1103;1758;211;653;772;2080;1186;1956;2281;1036;1274;919;1033;1177;235;1981;315;628;1595;1759;1165;1227;1510;252;382;908;1709;1575;571;442;192;426;942",2332,,,,,TRUE,FALSE,"Target coefficient `learnhivpos` is not finite after refitting."
"04_SBN-HIWTO","table2_2018_ols_hiv_positive","learnhivpos",108,0.0463121783876501,"Increase",-0.156557060370346,,,,,FALSE,"Target coefficient `learnhivpos` is not finite after refitting.",TRUE,"1027;1584;1640;728;764;1400;542;1001;115;711;283;1596;846;2128;2024;1654;1821;1725;1775;2057;382;2023;524;1008;1148;81;11;1369;451;1421;1423;2228;528;1472;1870;1145;688;1363;1647;1991;759;2195;55;1873;1996;78;13;205;1003;1245;540;457;106;575;1738;1668;1714;1212;1567;1604;1582;1038;216;1859;989;1290;1044;1438;1641;45;1622;1282;1261;427;919;1449;185;546;646;1730;987;1621;1898;863;1052;1642;762;860;980;202;263;523;1320;1450;212;317;968;1015;1248;752;1406;1301;482;365;169;354;781;1837","1241;1913;1979;874;921;1703;649;1203;132;849;339;1929;1019;2547;2426;1994;2184;2075;2133;2461;459;2425;629;1220;1389;93;16;1661;538;1726;1729;2692;633;1784;2245;1386;824;1648;1987;2389;916;2632;62;2248;2396;90;19;240;1206;1507;647;545;121;687;2088;2013;2062;1460;1895;1939;1911;1252;259;2228;1189;1563;1259;1746;1980;51;1957;1553;1528;511;1103;1758;211;653;772;2080;1186;1956;2281;1036;1274;1981;919;1033;1177;235;315;628;1595;1759;252;382;1165;1227;1510;908;1709;1575;571;442;192;426;942;2203",2332,,,,,TRUE,FALSE,"Target coefficient `learnhivpos` is not finite after refitting."
"04_SBN-HIWTO","table2_2018_ols_hiv_positive","learnhivpos",109,0.0467409948542024,"Increase",-0.156557060370346,,,,,FALSE,"Target coefficient `learnhivpos` is not finite after refitting.",TRUE,"1027;1584;1640;728;764;1400;542;1001;115;711;283;1596;846;2128;2024;1654;1821;1725;1775;2057;382;2023;524;1008;1148;81;11;1369;451;1421;1423;2228;528;1472;1870;1145;688;1363;1647;1991;759;2195;55;1873;1996;78;13;205;1003;1245;540;457;106;575;1738;1668;1714;1212;1567;1604;1582;1038;216;1859;989;1290;1044;1438;1641;1622;45;1282;1261;427;919;1449;185;546;1730;646;987;1621;1898;863;1642;1052;202;762;860;980;263;523;1320;1450;212;317;968;1015;1248;752;1406;1301;482;365;169;354;781;1837;66","1241;1913;1979;874;921;1703;649;1203;132;849;339;1929;1019;2547;2426;1994;2184;2075;2133;2461;459;2425;629;1220;1389;93;16;1661;538;1726;1729;2692;633;1784;2245;1386;824;1648;1987;2389;916;2632;62;2248;2396;90;19;240;1206;1507;647;545;121;687;2088;2013;2062;1460;1895;1939;1911;1252;259;2228;1189;1563;1259;1746;1980;1957;51;1553;1528;511;1103;1758;211;653;2080;772;1186;1956;2281;1036;1981;1274;235;919;1033;1177;315;628;1595;1759;252;382;1165;1227;1510;908;1709;1575;571;442;192;426;942;2203;76",2332,,,,,TRUE,FALSE,"Target coefficient `learnhivpos` is not finite after refitting."
"04_SBN-HIWTO","table2_2018_ols_hiv_positive","learnhivpos",110,0.0471698113207547,"Increase",-0.156557060370346,,,,,FALSE,"Target coefficient `learnhivpos` is not finite after refitting.",TRUE,"1027;1584;1640;728;764;1400;542;1001;115;711;283;1596;846;2128;2024;1654;1821;1725;1775;2057;382;2023;524;1008;1148;81;11;1369;451;1421;1423;2228;528;1472;1870;1145;688;1363;1647;1991;759;2195;55;1873;1996;78;13;205;1003;1245;540;457;106;575;1738;1668;1714;1212;1567;1604;1582;1038;216;1859;989;1290;1044;1438;1641;1622;45;1282;1261;427;919;1449;185;546;1730;646;987;1621;1898;863;1642;1052;202;762;860;980;263;523;1320;1450;212;317;968;1015;1248;752;1406;482;1301;365;169;354;781;1837;66;187","1241;1913;1979;874;921;1703;649;1203;132;849;339;1929;1019;2547;2426;1994;2184;2075;2133;2461;459;2425;629;1220;1389;93;16;1661;538;1726;1729;2692;633;1784;2245;1386;824;1648;1987;2389;916;2632;62;2248;2396;90;19;240;1206;1507;647;545;121;687;2088;2013;2062;1460;1895;1939;1911;1252;259;2228;1189;1563;1259;1746;1980;1957;51;1553;1528;511;1103;1758;211;653;2080;772;1186;1956;2281;1036;1981;1274;235;919;1033;1177;315;628;1595;1759;252;382;1165;1227;1510;908;1709;571;1575;442;192;426;942;2203;76;215",2332,,,,,TRUE,FALSE,"Target coefficient `learnhivpos` is not finite after refitting."
"04_SBN-HIWTO","table2_2018_ols_hiv_positive","learnhivpos",111,0.047598627787307,"Increase",-0.156557060370346,,,,,FALSE,"Target coefficient `learnhivpos` is not finite after refitting.",TRUE,"1027;1584;1640;728;764;1400;542;1001;115;711;283;1596;846;2128;2024;1654;1821;1725;1775;2057;382;2023;524;1008;1148;81;11;1369;451;1421;1423;2228;528;1472;1870;1145;688;1363;1647;1991;759;2195;55;1873;1996;78;13;205;1003;1245;540;457;106;575;1738;1668;1714;1212;1567;1604;1582;1038;216;1859;989;1290;1044;1438;1641;1622;45;1282;1261;427;919;1449;185;546;1730;646;987;1621;1898;863;1642;1052;202;762;860;980;263;523;1320;1450;212;317;968;1015;1248;752;1406;482;1301;365;169;354;781;1837;66;187;1315","1241;1913;1979;874;921;1703;649;1203;132;849;339;1929;1019;2547;2426;1994;2184;2075;2133;2461;459;2425;629;1220;1389;93;16;1661;538;1726;1729;2692;633;1784;2245;1386;824;1648;1987;2389;916;2632;62;2248;2396;90;19;240;1206;1507;647;545;121;687;2088;2013;2062;1460;1895;1939;1911;1252;259;2228;1189;1563;1259;1746;1980;1957;51;1553;1528;511;1103;1758;211;653;2080;772;1186;1956;2281;1036;1981;1274;235;919;1033;1177;315;628;1595;1759;252;382;1165;1227;1510;908;1709;571;1575;442;192;426;942;2203;76;215;1590",2332,,,,,TRUE,FALSE,"Target coefficient `learnhivpos` is not finite after refitting."
"04_SBN-HIWTO","table2_2018_ols_hiv_positive","learnhivpos",112,0.0480274442538593,"Increase",-0.156557060370346,,,,,FALSE,"Target coefficient `learnhivpos` is not finite after refitting.",TRUE,"1027;1584;1640;728;764;1400;542;1001;115;711;283;1596;846;2128;2024;1654;1821;1725;1775;2057;382;2023;524;1008;1148;81;11;1369;451;1421;1423;2228;528;1472;1870;1145;688;1363;1647;1991;759;2195;55;1873;1996;78;13;205;1003;1245;540;457;106;575;1738;1668;1714;1212;1567;1604;1582;1038;216;1859;989;1290;1044;1641;1438;1622;45;1282;1261;427;919;1449;185;546;1730;646;987;1621;1898;863;1642;1052;202;762;860;980;263;523;1320;1450;212;317;968;1015;1248;752;1406;482;1301;365;169;354;781;1837;66;187;1315;89","1241;1913;1979;874;921;1703;649;1203;132;849;339;1929;1019;2547;2426;1994;2184;2075;2133;2461;459;2425;629;1220;1389;93;16;1661;538;1726;1729;2692;633;1784;2245;1386;824;1648;1987;2389;916;2632;62;2248;2396;90;19;240;1206;1507;647;545;121;687;2088;2013;2062;1460;1895;1939;1911;1252;259;2228;1189;1563;1259;1980;1746;1957;51;1553;1528;511;1103;1758;211;653;2080;772;1186;1956;2281;1036;1981;1274;235;919;1033;1177;315;628;1595;1759;252;382;1165;1227;1510;908;1709;571;1575;442;192;426;942;2203;76;215;1590;103",2332,,,,,TRUE,FALSE,"Target coefficient `learnhivpos` is not finite after refitting."
"04_SBN-HIWTO","table2_2018_ols_hiv_positive","learnhivpos",113,0.0484562607204117,"Increase",-0.156557060370346,,,,,FALSE,"Target coefficient `learnhivpos` is not finite after refitting.",TRUE,"1027;1584;1640;728;764;1400;542;1001;115;711;283;1596;846;2128;2024;1654;1821;1725;1775;2057;382;524;2023;1008;1148;81;11;1369;451;1421;1423;2228;528;1472;1870;1145;688;1363;1647;1991;759;2195;55;1873;1996;78;13;205;1003;1245;540;457;106;575;1738;1668;1714;1212;1567;1604;1582;1038;216;1859;989;1290;1044;1641;1438;1622;45;1282;1261;427;919;1449;185;546;1730;646;987;1621;1898;1642;863;1052;202;762;860;980;263;523;1320;1450;212;317;968;1015;1248;482;752;1406;1301;365;169;354;781;1837;66;187;1315;89;936","1241;1913;1979;874;921;1703;649;1203;132;849;339;1929;1019;2547;2426;1994;2184;2075;2133;2461;459;629;2425;1220;1389;93;16;1661;538;1726;1729;2692;633;1784;2245;1386;824;1648;1987;2389;916;2632;62;2248;2396;90;19;240;1206;1507;647;545;121;687;2088;2013;2062;1460;1895;1939;1911;1252;259;2228;1189;1563;1259;1980;1746;1957;51;1553;1528;511;1103;1758;211;653;2080;772;1186;1956;2281;1981;1036;1274;235;919;1033;1177;315;628;1595;1759;252;382;1165;1227;1510;571;908;1709;1575;442;192;426;942;2203;76;215;1590;103;1123",2332,,,,,TRUE,FALSE,"Target coefficient `learnhivpos` is not finite after refitting."
"04_SBN-HIWTO","table2_2018_ols_hiv_positive","learnhivpos",114,0.048885077186964,"Increase",-0.156557060370346,,,,,FALSE,"Target coefficient `learnhivpos` is not finite after refitting.",TRUE,"1027;1584;1640;728;764;1400;542;1001;115;711;283;1596;846;2128;2024;1654;1821;1725;1775;2057;382;524;2023;1008;1148;81;11;1369;451;1421;1423;2228;528;1472;1870;1145;688;1363;1647;1991;759;2195;55;1873;1996;78;13;205;1003;1245;540;457;106;575;1738;1668;1714;1212;1567;1604;1582;1038;216;1859;989;1290;1044;1641;1438;1622;45;1282;1261;427;919;1449;185;546;1730;646;987;1621;1898;1642;863;1052;202;762;860;980;263;523;1320;1450;212;317;968;1015;1248;482;752;1406;1301;365;169;354;781;1837;66;187;1315;89;936;1294","1241;1913;1979;874;921;1703;649;1203;132;849;339;1929;1019;2547;2426;1994;2184;2075;2133;2461;459;629;2425;1220;1389;93;16;1661;538;1726;1729;2692;633;1784;2245;1386;824;1648;1987;2389;916;2632;62;2248;2396;90;19;240;1206;1507;647;545;121;687;2088;2013;2062;1460;1895;1939;1911;1252;259;2228;1189;1563;1259;1980;1746;1957;51;1553;1528;511;1103;1758;211;653;2080;772;1186;1956;2281;1981;1036;1274;235;919;1033;1177;315;628;1595;1759;252;382;1165;1227;1510;571;908;1709;1575;442;192;426;942;2203;76;215;1590;103;1123;1567",2332,,,,,TRUE,FALSE,"Target coefficient `learnhivpos` is not finite after refitting."
"04_SBN-HIWTO","table2_2018_ols_hiv_positive","learnhivpos",115,0.0493138936535163,"Increase",-0.156557060370346,,,,,FALSE,"Target coefficient `learnhivpos` is not finite after refitting.",TRUE,"1027;1584;1640;728;764;1400;542;1001;115;711;283;1596;846;2128;2024;1654;1821;1725;1775;2057;382;524;2023;1008;1148;81;11;1369;451;1421;1423;2228;528;1472;1870;1145;688;1363;1647;1991;759;2195;55;1873;1996;78;13;205;1003;1245;540;457;106;575;1738;1668;1714;1212;1567;1582;1604;1038;216;1859;989;1290;1044;1641;1438;1622;45;1282;1261;427;919;1449;185;546;1730;646;987;1621;1898;1642;863;202;1052;762;860;980;263;523;1320;1450;212;317;482;968;1015;1248;752;1406;1301;365;169;354;781;1837;66;187;1315;89;936;1294;177","1241;1913;1979;874;921;1703;649;1203;132;849;339;1929;1019;2547;2426;1994;2184;2075;2133;2461;459;629;2425;1220;1389;93;16;1661;538;1726;1729;2692;633;1784;2245;1386;824;1648;1987;2389;916;2632;62;2248;2396;90;19;240;1206;1507;647;545;121;687;2088;2013;2062;1460;1895;1911;1939;1252;259;2228;1189;1563;1259;1980;1746;1957;51;1553;1528;511;1103;1758;211;653;2080;772;1186;1956;2281;1981;1036;235;1274;919;1033;1177;315;628;1595;1759;252;382;571;1165;1227;1510;908;1709;1575;442;192;426;942;2203;76;215;1590;103;1123;1567;202",2332,,,,,TRUE,FALSE,"Target coefficient `learnhivpos` is not finite after refitting."
"04_SBN-HIWTO","table2_2018_ols_hiv_positive","learnhivpos",116,0.0497427101200686,"Increase",-0.156557060370346,,,,,FALSE,"Target coefficient `learnhivpos` is not finite after refitting.",TRUE,"1027;1584;1640;728;764;1400;542;1001;115;711;283;1596;846;2128;2024;1654;1821;1725;1775;2057;382;524;2023;1008;1148;81;11;1369;451;1421;1423;2228;528;1472;1870;1145;688;1363;1647;1991;759;2195;55;1873;1996;78;13;205;1003;1245;540;457;106;575;1738;1668;1714;1212;1567;1582;1604;1038;216;1859;989;1290;1044;1641;1622;1438;45;1282;1261;427;919;1449;185;546;1730;646;1621;987;1898;1642;863;202;1052;762;860;980;263;523;1320;1450;212;317;482;968;1015;1248;752;1406;1301;365;169;354;781;1837;66;187;1315;89;936;1294;177;1000","1241;1913;1979;874;921;1703;649;1203;132;849;339;1929;1019;2547;2426;1994;2184;2075;2133;2461;459;629;2425;1220;1389;93;16;1661;538;1726;1729;2692;633;1784;2245;1386;824;1648;1987;2389;916;2632;62;2248;2396;90;19;240;1206;1507;647;545;121;687;2088;2013;2062;1460;1895;1911;1939;1252;259;2228;1189;1563;1259;1980;1957;1746;51;1553;1528;511;1103;1758;211;653;2080;772;1956;1186;2281;1981;1036;235;1274;919;1033;1177;315;628;1595;1759;252;382;571;1165;1227;1510;908;1709;1575;442;192;426;942;2203;76;215;1590;103;1123;1567;202;1202",2332,,,,,TRUE,FALSE,"Target coefficient `learnhivpos` is not finite after refitting."
"04_SBN-HIWTO","table2_2018_ols_hiv_positive","learnhivpos",1,0.000428816466552316,"Decrease",-0.156557060370346,-0.147263423904947,0.0092936364653986,0.0092936364653986,0.0593626147770908,TRUE,,,"205","240",2332,-0.147263423904947,0.0092936364653986,0.0092936364653986,0.0593626147770908,,TRUE,
"04_SBN-HIWTO","table2_2018_ols_hiv_positive","learnhivpos",2,0.000857632933104631,"Decrease",-0.156557060370346,-0.138234884383385,0.0183221759869609,0.0183221759869609,0.11703193674957,TRUE,,TRUE,"205;13","240;19",2332,-0.138234884383385,0.0183221759869609,0.0183221759869609,0.11703193674957,TRUE,TRUE,
"04_SBN-HIWTO","table2_2018_ols_hiv_positive","learnhivpos",3,0.00128644939965695,"Decrease",-0.156557060370346,-0.128985603479092,0.0275714568912538,0.0275714568912538,0.176111232709861,TRUE,,TRUE,"205;13;78","240;19;90",2332,-0.128985603479092,0.0275714568912538,0.0275714568912538,0.176111232709861,TRUE,TRUE,
"04_SBN-HIWTO","table2_2018_ols_hiv_positive","learnhivpos",4,0.00171526586620926,"Decrease",-0.156557060370346,-0.120576844426562,0.035980215943784,0.035980215943784,0.229821739490192,TRUE,,TRUE,"205;13;78;1996","240;19;90;2396",2332,-0.120576844426562,0.035980215943784,0.035980215943784,0.229821739490192,TRUE,TRUE,
"04_SBN-HIWTO","table2_2018_ols_hiv_positive","learnhivpos",5,0.00214408233276158,"Decrease",-0.156557060370346,-0.111822979785635,0.0447340805847109,0.0447340805847109,0.285736590089834,TRUE,,TRUE,"205;13;78;1996;55","240;19;90;2396;62",2332,-0.111822979785635,0.0447340805847109,0.0447340805847109,0.285736590089834,TRUE,TRUE,
"04_SBN-HIWTO","table2_2018_ols_hiv_positive","learnhivpos",6,0.00257289879931389,"Decrease",-0.156557060370346,-0.103004594188701,0.0535524661816452,0.0535524661816452,0.342063564907027,TRUE,,TRUE,"205;13;78;1996;55;1873","240;19;90;2396;62;2248",2332,-0.103004594188701,0.0535524661816452,0.0535524661816452,0.342063564907027,TRUE,TRUE,
"04_SBN-HIWTO","table2_2018_ols_hiv_positive","learnhivpos",7,0.00300171526586621,"Decrease",-0.156557060370346,-0.0943939484430904,0.0621631119272556,0.0621631119272556,0.397063612335366,TRUE,,TRUE,"205;13;78;1996;55;1873;759","240;19;90;2396;62;2248;916",2332,-0.0943939484430904,0.0621631119272556,0.0621631119272556,0.397063612335366,TRUE,TRUE,
"04_SBN-HIWTO","table2_2018_ols_hiv_positive","learnhivpos",8,0.00343053173241852,"Decrease",-0.156557060370346,-0.085567509672369,0.070989550697977,0.070989550697977,0.453442026377134,TRUE,,TRUE,"205;13;78;1996;55;1873;759;1363","240;19;90;2396;62;2248;916;1648",2332,-0.085567509672369,0.070989550697977,0.070989550697977,0.453442026377134,TRUE,TRUE,
"04_SBN-HIWTO","table2_2018_ols_hiv_positive","learnhivpos",9,0.00385934819897084,"Decrease",-0.156557060370346,-0.0763940818485519,0.0801629785217941,0.0801629785217941,0.512036814770048,TRUE,,TRUE,"205;13;78;1996;55;1873;759;1363;688","240;19;90;2396;62;2248;916;1648;824",2332,-0.0763940818485519,0.0801629785217941,0.0801629785217941,0.512036814770048,TRUE,TRUE,
"04_SBN-HIWTO","table2_2018_ols_hiv_positive","learnhivpos",10,0.00428816466552316,"Decrease",-0.156557060370346,-0.0673481166089766,0.0892089437613694,0.0892089437613694,0.569817442601054,TRUE,,TRUE,"205;13;78;1996;55;1873;759;1363;688;1145","240;19;90;2396;62;2248;916;1648;824;1386",2332,-0.0673481166089766,0.0892089437613694,0.0892089437613694,0.569817442601054,TRUE,TRUE,
"04_SBN-HIWTO","table2_2018_ols_hiv_positive","learnhivpos",11,0.00471698113207547,"Decrease",-0.156557060370346,-0.0578288230564498,0.0987282373138963,0.0987282373138963,0.630621430169601,TRUE,,TRUE,"205;13;78;1996;55;1873;759;1363;688;1145;2195","240;19;90;2396;62;2248;916;1648;824;1386;2632",2332,-0.0578288230564498,0.0987282373138963,0.0987282373138963,0.630621430169601,TRUE,TRUE,
"04_SBN-HIWTO","table2_2018_ols_hiv_positive","learnhivpos",12,0.00514579759862779,"Decrease",-0.156557060370346,-0.0476392873603665,0.108917773009979,0.108917773009979,0.695706554225835,TRUE,,TRUE,"205;13;78;1996;55;1873;759;1363;688;1145;2195;1647","240;19;90;2396;62;2248;916;1648;824;1386;2632;1987",2332,-0.0476392873603665,0.108917773009979,0.108917773009979,0.695706554225835,TRUE,TRUE,
"04_SBN-HIWTO","table2_2018_ols_hiv_positive","learnhivpos",13,0.0055746140651801,"Decrease",-0.156557060370346,-0.0374858002998672,0.119071260070479,0.119071260070479,0.760561419515721,TRUE,,TRUE,"205;13;78;1996;55;1873;759;1363;688;1145;2195;1647;1991","240;19;90;2396;62;2248;916;1648;824;1386;2632;1987;2389",2332,-0.0374858002998672,0.119071260070479,0.119071260070479,0.760561419515721,TRUE,TRUE,
"04_SBN-HIWTO","table2_2018_ols_hiv_positive","learnhivpos",14,0.00600343053173242,"Decrease",-0.156557060370346,-0.0267810799614597,0.129775980408886,0.129775980408886,0.828937258414872,TRUE,,TRUE,"205;13;78;1996;55;1873;759;1363;688;1145;2195;1647;1991;528","240;19;90;2396;62;2248;916;1648;824;1386;2632;1987;2389;633",2332,-0.0267810799614597,0.129775980408886,0.129775980408886,0.828937258414872,TRUE,TRUE,
"04_SBN-HIWTO","table2_2018_ols_hiv_positive","learnhivpos",15,0.00643224699828473,"Decrease",-0.156557060370346,-0.0157412401189242,0.140815820251422,0.140815820251422,0.899453655544584,TRUE,,TRUE,"205;13;78;1996;55;1873;759;1363;688;1145;2195;1647;1991;528;1472","240;19;90;2396;62;2248;916;1648;824;1386;2632;1987;2389;633;1784",2332,-0.0157412401189242,0.140815820251422,0.140815820251422,0.899453655544584,TRUE,TRUE,
"04_SBN-HIWTO","table2_2018_ols_hiv_positive","learnhivpos",16,0.00686106346483705,"Decrease",-0.156557060370346,-0.00379111096155599,0.15276594940879,0.15276594940879,0.975784477860099,TRUE,,TRUE,"205;13;78;1996;55;1873;759;1363;688;1145;2195;1647;1991;528;1472;1870","240;19;90;2396;62;2248;916;1648;824;1386;2632;1987;2389;633;1784;2245",2332,-0.00379111096155599,0.15276594940879,0.15276594940879,0.975784477860099,TRUE,TRUE,
"04_SBN-HIWTO","table2_2018_ols_hiv_positive","learnhivpos",17,0.00728987993138937,"Decrease",-0.156557060370346,0.00856045880487469,0.165117519175221,0.165117519175221,1.05467948098044,TRUE,,TRUE,"205;13;78;1996;55;1873;759;1363;688;1145;2195;1647;1991;528;1472;1870;1369","240;19;90;2396;62;2248;916;1648;824;1386;2632;1987;2389;633;1784;2245;1661",2332,0.00856045880487469,0.165117519175221,0.165117519175221,1.05467948098044,TRUE,TRUE,
"04_SBN-HIWTO","table2_2018_ols_hiv_positive","learnhivpos",18,0.00771869639794168,"Decrease",-0.156557060370346,0.0215959078197749,0.178152968190121,0.178152968190121,1.13794272687983,TRUE,,TRUE,"205;13;78;1996;55;1873;759;1363;688;1145;2195;1647;1991;528;1472;1870;1369;1421","240;19;90;2396;62;2248;916;1648;824;1386;2632;1987;2389;633;1784;2245;1661;1726",2332,0.0215959078197749,0.178152968190121,0.178152968190121,1.13794272687983,TRUE,TRUE,
"04_SBN-HIWTO","table2_2018_ols_hiv_positive","learnhivpos",19,0.008147512864494,"Decrease",-0.156557060370346,0.0355779407601325,0.192135001130479,0.192135001130479,1.22725222788401,TRUE,,TRUE,"205;13;78;1996;55;1873;759;1363;688;1145;2195;1647;1991;528;1472;1870;1369;1421;1423","240;19;90;2396;62;2248;916;1648;824;1386;2632;1987;2389;633;1784;2245;1661;1726;1729",2332,0.0355779407601325,0.192135001130479,0.192135001130479,1.22725222788401,TRUE,TRUE,
"04_SBN-HIWTO","table2_2018_ols_hiv_positive","learnhivpos",20,0.00857632933104631,"Decrease",-0.156557060370346,0.0506369277683232,0.207193988138669,0.207193988138669,1.32344071642977,TRUE,,TRUE,"205;13;78;1996;55;1873;759;1363;688;1145;1647;2195;1991;528;1472;1870;1369;1421;1423;451","240;19;90;2396;62;2248;916;1648;824;1386;1987;2632;2389;633;1784;2245;1661;1726;1729;538",2332,0.0506369277683232,0.207193988138669,0.207193988138669,1.32344071642977,TRUE,TRUE,
"04_SBN-HIWTO","table2_2018_ols_hiv_positive","learnhivpos",21,0.00900514579759863,"Decrease",-0.156557060370346,0.0664850002028193,0.223042060573165,0.223042060573165,1.42466944668956,TRUE,,TRUE,"205;13;78;1996;55;1873;759;1363;688;1145;1647;2195;1991;528;1472;1870;1369;1421;1423;451;1148","240;19;90;2396;62;2248;916;1648;824;1386;1987;2632;2389;633;1784;2245;1661;1726;1729;538;1389",2332,0.0664850002028193,0.223042060573165,0.223042060573165,1.42466944668956,TRUE,TRUE,
"04_SBN-HIWTO","table2_2018_ols_hiv_positive","learnhivpos",22,0.00943396226415094,"Decrease",-0.156557060370346,0.0835266977676305,0.240083758137977,0.240083758137977,1.53352239477442,TRUE,,TRUE,"205;13;78;1996;55;1873;759;1363;688;1145;1647;2195;1991;528;1472;1870;1369;1421;1423;451;1148;1008","240;19;90;2396;62;2248;916;1648;824;1386;1987;2632;2389;633;1784;2245;1661;1726;1729;538;1389;1220",2332,0.0835266977676305,0.240083758137977,0.240083758137977,1.53352239477442,TRUE,TRUE,
"04_SBN-HIWTO","table2_2018_ols_hiv_positive","learnhivpos",23,0.00986277873070326,"Decrease",-0.156557060370346,0.101934682377895,0.258491742748241,0.258491742748241,1.65110242959827,TRUE,,TRUE,"205;13;78;1996;55;1873;759;1363;688;1145;1647;2195;528;1991;1472;1870;1369;1421;1423;451;1148;1008;81","240;19;90;2396;62;2248;916;1648;824;1386;1987;2632;633;2389;1784;2245;1661;1726;1729;538;1389;1220;93",2332,0.101934682377895,0.258491742748241,0.258491742748241,1.65110242959827,TRUE,TRUE,
"04_SBN-HIWTO","table2_2018_ols_hiv_positive","learnhivpos",24,0.0102915951972556,"Decrease",-0.156557060370346,0.121697166547102,0.278254226917448,0.278254226917448,1.77733425921015,TRUE,,TRUE,"205;13;78;1996;55;1873;759;1363;688;1145;1647;2195;528;1991;1472;1870;1369;1421;1423;451;1148;1008;81;11","240;19;90;2396;62;2248;916;1648;824;1386;1987;2632;633;2389;1784;2245;1661;1726;1729;538;1389;1220;93;16",2332,0.121697166547102,0.278254226917448,0.278254226917448,1.77733425921015,TRUE,TRUE,
"04_SBN-HIWTO","table2_2018_ols_hiv_positive","learnhivpos",25,0.0107204116638079,"Decrease",-0.156557060370346,0.1432730941662,0.299830154536546,0.299830154536546,1.91514936360761,TRUE,,TRUE,"205;13;78;1996;55;1873;759;1363;688;1145;1647;2195;528;1991;1472;1870;1369;1421;1423;451;1148;1008;81;11;524","240;19;90;2396;62;2248;916;1648;824;1386;1987;2632;633;2389;1784;2245;1661;1726;1729;538;1389;1220;93;16;629",2332,0.1432730941662,0.299830154536546,0.299830154536546,1.91514936360761,TRUE,TRUE,
"04_SBN-HIWTO","table2_2018_ols_hiv_positive","learnhivpos",26,0.0111492281303602,"Decrease",-0.156557060370346,0.166693023185721,0.323250083556067,0.323250083556067,2.06474293009461,TRUE,,TRUE,"205;13;78;1996;55;1873;759;1363;688;1145;1647;2195;528;1991;1472;1870;1369;1421;1423;451;1148;1008;81;11;524;382","240;19;90;2396;62;2248;916;1648;824;1386;1987;2632;633;2389;1784;2245;1661;1726;1729;538;1389;1220;93;16;629;459",2332,0.166693023185721,0.323250083556067,0.323250083556067,2.06474293009461,TRUE,TRUE,
"04_SBN-HIWTO","table2_2018_ols_hiv_positive","learnhivpos",27,0.0115780445969125,"Decrease",-0.156557060370346,0.191289582625223,0.347846642995569,0.347846642995569,2.22185216158706,TRUE,,TRUE,"205;13;78;1996;55;1873;759;1363;688;1145;1647;2195;528;1991;1472;1870;1369;1421;1423;451;1148;1008;81;11;524;382;2228","240;19;90;2396;62;2248;916;1648;824;1386;1987;2632;633;2389;1784;2245;1661;1726;1729;538;1389;1220;93;16;629;459;2692",2332,0.191289582625223,0.347846642995569,0.347846642995569,2.22185216158706,TRUE,TRUE,
"04_SBN-HIWTO","table2_2018_ols_hiv_positive","learnhivpos",28,0.0120068610634648,"Decrease",-0.156557060370346,0.2170732336254,0.373630293995746,0.373630293995746,2.38654387807167,TRUE,,TRUE,"205;13;78;1996;55;1873;759;1363;688;1145;1647;2195;528;1991;1472;1870;1369;1421;1423;451;1148;1008;81;11;524;382;2228;1775","240;19;90;2396;62;2248;916;1648;824;1386;1987;2632;633;2389;1784;2245;1661;1726;1729;538;1389;1220;93;16;629;459;2692;2133",2332,0.2170732336254,0.373630293995746,0.373630293995746,2.38654387807167,TRUE,TRUE,
"04_SBN-HIWTO","table2_2018_ols_hiv_positive","learnhivpos",29,0.0124356775300172,"Decrease",-0.156557060370346,0.245624248124871,0.402181308495217,0.402181308495217,2.56891198355303,TRUE,,TRUE,"205;13;78;1996;55;1873;759;1363;688;1145;1647;2195;528;1991;1472;1870;1369;1421;1423;451;1148;1008;81;11;524;382;2228;1775;2057","240;19;90;2396;62;2248;916;1648;824;1386;1987;2632;633;2389;1784;2245;1661;1726;1729;538;1389;1220;93;16;629;459;2692;2133;2461",2332,0.245624248124871,0.402181308495217,0.402181308495217,2.56891198355303,TRUE,TRUE,
"04_SBN-HIWTO","table2_2018_ols_hiv_positive","learnhivpos",30,0.0128644939965695,"Decrease",-0.156557060370346,0.277138383183806,0.433695443554152,0.433695443554152,2.77020686597089,TRUE,,TRUE,"205;13;78;55;1996;1873;759;1363;688;1145;1647;2195;528;1991;1472;1870;1369;1421;1423;451;1148;1008;81;11;524;382;2228;1775;2057;2023","240;19;90;62;2396;2248;916;1648;824;1386;1987;2632;633;2389;1784;2245;1661;1726;1729;538;1389;1220;93;16;629;459;2692;2133;2461;2425",2332,0.277138383183806,0.433695443554152,0.433695443554152,2.77020686597089,TRUE,TRUE,
"04_SBN-HIWTO","table2_2018_ols_hiv_positive","learnhivpos",31,0.0132933104631218,"Decrease",-0.156557060370346,0.312526519574677,0.469083579945023,0.469083579945023,2.99624672841567,TRUE,,TRUE,"205;13;78;55;1996;1873;759;1363;688;1145;1647;2195;528;1991;1472;1870;1369;1421;1423;451;1148;1008;81;11;524;382;2228;1775;2057;2023;1725","240;19;90;62;2396;2248;916;1648;824;1386;1987;2632;633;2389;1784;2245;1661;1726;1729;538;1389;1220;93;16;629;459;2692;2133;2461;2425;2075",2332,0.312526519574677,0.469083579945023,0.469083579945023,2.99624672841567,TRUE,TRUE,
"04_SBN-HIWTO","table2_2018_ols_hiv_positive","learnhivpos",32,0.0137221269296741,"Decrease",-0.156557060370346,0.3519768976367,0.508533958007046,0.508533958007046,3.24823394616682,TRUE,,TRUE,"205;13;78;55;1996;1873;759;1363;688;1145;1647;2195;528;1991;1472;1870;1369;1421;1423;451;1148;1008;81;11;524;382;2228;1775;2057;2023;1725;1654","240;19;90;62;2396;2248;916;1648;824;1386;1987;2632;633;2389;1784;2245;1661;1726;1729;538;1389;1220;93;16;629;459;2692;2133;2461;2425;2075;1994",2332,0.3519768976367,0.508533958007046,0.508533958007046,3.24823394616682,TRUE,TRUE,
"04_SBN-HIWTO","table2_2018_ols_hiv_positive","learnhivpos",33,0.0141509433962264,"Decrease",-0.156557060370346,0.396838829949203,0.553395890319549,0.553395890319549,3.53478718245255,TRUE,,TRUE,"205;13;78;55;1996;1873;759;1363;688;1145;1647;2195;528;1472;1991;1870;1369;1421;1423;451;1148;1008;81;524;11;382;2228;1775;2057;2023;1725;1654;1821","240;19;90;62;2396;2248;916;1648;824;1386;1987;2632;633;1784;2389;2245;1661;1726;1729;538;1389;1220;93;629;16;459;2692;2133;2461;2425;2075;1994;2184",2332,0.396838829949203,0.553395890319549,0.553395890319549,3.53478718245255,TRUE,TRUE,
"04_SBN-HIWTO","table2_2018_ols_hiv_positive","learnhivpos",34,0.0145797598627787,"Decrease",-0.156557060370346,0.448186053484865,0.604743113855211,0.604743113855211,3.86276487578811,TRUE,,TRUE,"205;13;78;55;1996;1873;759;1363;688;1145;1647;2195;528;1472;1991;1870;1369;1421;1423;451;1148;1008;81;524;11;382;2228;1775;2057;2023;1725;1654;1821;2024","240;19;90;62;2396;2248;916;1648;824;1386;1987;2632;633;1784;2389;2245;1661;1726;1729;538;1389;1220;93;629;16;459;2692;2133;2461;2425;2075;1994;2184;2426",2332,0.448186053484865,0.604743113855211,0.604743113855211,3.86276487578811,TRUE,TRUE,
"04_SBN-HIWTO","table2_2018_ols_hiv_positive","learnhivpos",35,0.015008576329331,"Decrease",-0.156557060370346,0.507578741108798,0.664135801479144,0.664135801479144,4.24213254840176,TRUE,,TRUE,"205;13;78;55;1996;1873;759;1363;688;1145;1647;2195;528;1472;1991;1369;1870;1421;1423;451;1148;1008;81;524;11;382;2228;1775;2057;1725;2023;1654;1821;2024;2128","240;19;90;62;2396;2248;916;1648;824;1386;1987;2632;633;1784;2389;1661;2245;1726;1729;538;1389;1220;93;629;16;459;2692;2133;2461;2075;2425;1994;2184;2426;2547",2332,0.507578741108798,0.664135801479144,0.664135801479144,4.24213254840176,TRUE,TRUE,
"04_SBN-HIWTO","table2_2018_ols_hiv_positive","learnhivpos",36,0.0154373927958834,"Decrease",-0.156557060370346,0.513701338216865,0.670258398587211,0.670258398587211,4.28124031584184,TRUE,,TRUE,"205;13;78;55;1996;1873;759;1363;688;1145;1647;2195;528;1472;1991;1369;1870;1421;1423;451;1148;1008;81;524;11;382;2228;1775;2057;1725;2023;1654;1821;2024;2128;1962","240;19;90;62;2396;2248;916;1648;824;1386;1987;2632;633;1784;2389;1661;2245;1726;1729;538;1389;1220;93;629;16;459;2692;2133;2461;2075;2425;1994;2184;2426;2547;2354",2332,0.513701338216865,0.670258398587211,0.670258398587211,4.28124031584184,TRUE,TRUE,
"04_SBN-HIWTO","table2_2018_ols_hiv_positive","learnhivpos",37,0.0158662092624357,"Decrease",-0.156557060370346,0.519966438198672,0.676523498569018,0.676523498569018,4.32125831290302,TRUE,,TRUE,"205;13;78;55;1996;1873;759;1363;688;1145;1647;2195;528;1472;1991;1369;1870;1421;1423;451;1148;1008;81;524;11;382;2228;1775;2057;1725;2023;1654;1821;2024;2128;1962;2296","240;19;90;62;2396;2248;916;1648;824;1386;1987;2632;633;1784;2389;1661;2245;1726;1729;538;1389;1220;93;629;16;459;2692;2133;2461;2075;2425;1994;2184;2426;2547;2354;2775",2332,0.519966438198672,0.676523498569018,0.676523498569018,4.32125831290302,TRUE,TRUE,
"04_SBN-HIWTO","table2_2018_ols_hiv_positive","learnhivpos",38,0.016295025728988,"Decrease",-0.156557060370346,0.5261846609408,0.682741721311146,0.682741721311146,4.36097688405797,TRUE,,TRUE,"205;13;78;55;1996;1873;759;1363;688;1145;1647;2195;528;1472;1991;1369;1870;1421;1423;451;1148;1008;81;524;11;382;2228;1775;2057;1725;2023;1654;1821;2024;2128;1962;2296;51","240;19;90;62;2396;2248;916;1648;824;1386;1987;2632;633;1784;2389;1661;2245;1726;1729;538;1389;1220;93;629;16;459;2692;2133;2461;2075;2425;1994;2184;2426;2547;2354;2775;58",2332,0.5261846609408,0.682741721311146,0.682741721311146,4.36097688405797,TRUE,TRUE,
"04_SBN-HIWTO","table2_2018_ols_hiv_positive","learnhivpos",39,0.0167238421955403,"Decrease",-0.156557060370346,0.532541860098419,0.689098920468765,0.689098920468765,4.40158315976715,TRUE,,TRUE,"205;13;78;55;1996;1873;759;1363;688;1145;1647;2195;528;1472;1991;1369;1870;1421;1423;451;1148;1008;81;524;11;382;2228;1775;2057;1725;2023;1654;1821;2024;2128;1962;2296;51;85","240;19;90;62;2396;2248;916;1648;824;1386;1987;2632;633;1784;2389;1661;2245;1726;1729;538;1389;1220;93;629;16;459;2692;2133;2461;2075;2425;1994;2184;2426;2547;2354;2775;58;97",2332,0.532541860098419,0.689098920468765,0.689098920468765,4.40158315976715,TRUE,TRUE,
"04_SBN-HIWTO","table2_2018_ols_hiv_positive","learnhivpos",40,0.0171526586620926,"Decrease",-0.156557060370346,0.539041266445953,0.695598326816299,0.695598326816299,4.44309777643254,TRUE,,TRUE,"205;13;78;55;1996;1873;759;1363;688;1145;1647;2195;528;1472;1991;1369;1870;1421;1423;451;1148;1008;81;524;11;382;2228;1775;2057;1725;2023;1654;1821;2024;2128;1962;2296;51;85;693","240;19;90;62;2396;2248;916;1648;824;1386;1987;2632;633;1784;2389;1661;2245;1726;1729;538;1389;1220;93;629;16;459;2692;2133;2461;2075;2425;1994;2184;2426;2547;2354;2775;58;97;830",2332,0.539041266445953,0.695598326816299,0.695598326816299,4.44309777643254,TRUE,TRUE,
"04_SBN-HIWTO","table2_2018_ols_hiv_positive","learnhivpos",41,0.0175814751286449,"Decrease",-0.156557060370346,0.545440993843457,0.701998054213803,0.701998054213803,4.48397569904021,TRUE,,TRUE,"205;13;78;55;1996;1873;759;1363;688;1145;1647;2195;528;1472;1991;1369;1870;1421;1423;451;1148;1008;81;524;11;382;2228;1775;2057;1725;2023;1654;1821;2024;2128;1962;2296;51;85;693;1954","240;19;90;62;2396;2248;916;1648;824;1386;1987;2632;633;1784;2389;1661;2245;1726;1729;538;1389;1220;93;629;16;459;2692;2133;2461;2075;2425;1994;2184;2426;2547;2354;2775;58;97;830;2344",2332,0.545440993843457,0.701998054213803,0.701998054213803,4.48397569904021,TRUE,TRUE,
"04_SBN-HIWTO","table2_2018_ols_hiv_positive","learnhivpos",42,0.0180102915951973,"Decrease",-0.156557060370346,0.552011740010088,0.708568800380434,0.708568800380434,4.52594599505297,TRUE,,TRUE,"205;13;78;55;1996;1873;759;1363;688;1145;1647;2195;528;1472;1991;1369;1870;1421;1423;451;1148;1008;81;524;11;382;2228;1775;2057;1725;2023;1654;1821;2024;2128;1962;2296;51;85;693;1954;2267","240;19;90;62;2396;2248;916;1648;824;1386;1987;2632;633;1784;2389;1661;2245;1726;1729;538;1389;1220;93;629;16;459;2692;2133;2461;2075;2425;1994;2184;2426;2547;2354;2775;58;97;830;2344;2739",2332,0.552011740010088,0.708568800380434,0.708568800380434,4.52594599505297,TRUE,TRUE,
"04_SBN-HIWTO","table2_2018_ols_hiv_positive","learnhivpos",43,0.0184391080617496,"Decrease",-0.156557060370346,0.558735308165059,0.715292368535405,0.715292368535405,4.56889243348932,TRUE,,TRUE,"205;13;78;55;1996;1873;759;1363;688;1145;1647;2195;528;1472;1991;1369;1870;1421;1423;451;1148;1008;81;524;11;382;2228;1775;2057;1725;2023;1654;1821;2024;2128;1962;2296;51;85;693;1954;2267;2276","240;19;90;62;2396;2248;916;1648;824;1386;1987;2632;633;1784;2389;1661;2245;1726;1729;538;1389;1220;93;629;16;459;2692;2133;2461;2075;2425;1994;2184;2426;2547;2354;2775;58;97;830;2344;2739;2753",2332,0.558735308165059,0.715292368535405,0.715292368535405,4.56889243348932,TRUE,TRUE,
"04_SBN-HIWTO","table2_2018_ols_hiv_positive","learnhivpos",44,0.0188679245283019,"Decrease",-0.156557060370346,0.56569113811657,0.722248198486916,0.722248198486916,4.61332243195159,TRUE,,TRUE,"205;13;78;55;1996;1873;759;1363;688;1145;1647;2195;528;1472;1991;1369;1870;1421;1423;451;1148;1008;81;524;11;382;2228;1775;2057;1725;2023;1654;1821;2024;2128;1962;2296;51;85;693;1954;2267;2276;211","240;19;90;62;2396;2248;916;1648;824;1386;1987;2632;633;1784;2389;1661;2245;1726;1729;538;1389;1220;93;629;16;459;2692;2133;2461;2075;2425;1994;2184;2426;2547;2354;2775;58;97;830;2344;2739;2753;251",2332,0.56569113811657,0.722248198486916,0.722248198486916,4.61332243195159,TRUE,TRUE,
"04_SBN-HIWTO","table2_2018_ols_hiv_positive","learnhivpos",45,0.0192967409948542,"Decrease",-0.156557060370346,0.572953888105058,0.729510948475404,0.729510948475404,4.65971286602915,TRUE,,TRUE,"205;13;78;55;1996;1873;759;1363;688;1145;1647;2195;528;1472;1991;1369;1870;1421;1423;451;1148;1008;81;524;11;382;2228;1775;2057;1725;2023;1654;1821;2024;2128;1962;2296;51;85;693;1954;2267;2276;211;1164","240;19;90;62;2396;2248;916;1648;824;1386;1987;2632;633;1784;2389;1661;2245;1726;1729;538;1389;1220;93;629;16;459;2692;2133;2461;2075;2425;1994;2184;2426;2547;2354;2775;58;97;830;2344;2739;2753;251;1406",2332,0.572953888105058,0.729510948475404,0.729510948475404,4.65971286602915,TRUE,TRUE,
"04_SBN-HIWTO","table2_2018_ols_hiv_positive","learnhivpos",46,0.0197255574614065,"Decrease",-0.156557060370346,0.580385343825339,0.736942404195685,0.736942404195685,4.70718089910732,TRUE,,TRUE,"205;13;78;55;1996;1873;759;1363;688;1145;1647;2195;528;1472;1991;1369;1870;1421;1423;451;1148;1008;81;524;11;382;2228;1775;2057;1725;2023;1654;1821;2024;2128;1962;2296;51;85;693;1954;2267;2276;211;1164;1062","240;19;90;62;2396;2248;916;1648;824;1386;1987;2632;633;1784;2389;1661;2245;1726;1729;538;1389;1220;93;629;16;459;2692;2133;2461;2075;2425;1994;2184;2426;2547;2354;2775;58;97;830;2344;2739;2753;251;1406;1285",2332,0.580385343825339,0.736942404195685,0.736942404195685,4.70718089910732,TRUE,TRUE,
"04_SBN-HIWTO","table2_2018_ols_hiv_positive","learnhivpos",47,0.0201543739279588,"Decrease",-0.156557060370346,0.587755920758183,0.744312981128529,0.744312981128529,4.75426007212839,TRUE,,TRUE,"205;13;78;55;1996;1873;759;1363;688;1145;1647;2195;528;1472;1991;1369;1870;1421;1423;451;1148;1008;81;524;11;382;2228;1775;2057;1725;2023;1654;1821;2024;2128;1962;2296;51;85;693;1954;2267;2276;211;1164;1062;279","240;19;90;62;2396;2248;916;1648;824;1386;1987;2632;633;1784;2389;1661;2245;1726;1729;538;1389;1220;93;629;16;459;2692;2133;2461;2075;2425;1994;2184;2426;2547;2354;2775;58;97;830;2344;2739;2753;251;1406;1285;333",2332,0.587755920758183,0.744312981128529,0.744312981128529,4.75426007212839,TRUE,TRUE,
"04_SBN-HIWTO","table2_2018_ols_hiv_positive","learnhivpos",48,0.0205831903945112,"Decrease",-0.156557060370346,0.595140124432544,0.75169718480289,0.75169718480289,4.80142628524514,TRUE,,TRUE,"205;13;78;55;1996;1873;759;1363;688;1145;1647;2195;528;1472;1991;1369;1870;1421;1423;451;1148;1008;81;524;11;382;2228;1775;2057;1725;2023;1654;1821;2024;2128;1962;2296;51;85;693;1954;2267;2276;211;1164;1062;1972;279","240;19;90;62;2396;2248;916;1648;824;1386;1987;2632;633;1784;2389;1661;2245;1726;1729;538;1389;1220;93;629;16;459;2692;2133;2461;2075;2425;1994;2184;2426;2547;2354;2775;58;97;830;2344;2739;2753;251;1406;1285;2366;333",2332,0.595140124432544,0.75169718480289,0.75169718480289,4.80142628524514,TRUE,TRUE,
"04_SBN-HIWTO","table2_2018_ols_hiv_positive","learnhivpos",49,0.0210120068610635,"Decrease",-0.156557060370346,0.603020310473339,0.759577370843685,0.759577370843685,4.85176055967617,TRUE,,TRUE,"205;13;78;55;1996;1873;759;1363;688;1145;1647;2195;528;1472;1991;1369;1870;1421;1423;451;1148;1008;81;524;11;382;2228;1775;2057;1725;2023;1654;1821;2024;2128;1962;2296;51;85;693;1954;2267;2276;211;1164;1062;1972;279;956","240;19;90;62;2396;2248;916;1648;824;1386;1987;2632;633;1784;2389;1661;2245;1726;1729;538;1389;1220;93;629;16;459;2692;2133;2461;2075;2425;1994;2184;2426;2547;2354;2775;58;97;830;2344;2739;2753;251;1406;1285;2366;333;1150",2332,0.603020310473339,0.759577370843685,0.759577370843685,4.85176055967617,TRUE,TRUE,
"04_SBN-HIWTO","table2_2018_ols_hiv_positive","learnhivpos",50,0.0214408233276158,"Decrease",-0.156557060370346,0.611119091681804,0.76767615205215,0.76767615205215,4.90349109925903,TRUE,,TRUE,"205;13;78;55;1996;1873;759;1363;688;1145;1647;2195;528;1472;1991;1369;1870;1421;1423;451;1148;1008;81;524;11;382;2228;1775;2057;1725;2023;1654;1821;2024;2128;1962;2296;51;85;693;1954;2267;2276;211;1164;1062;1972;279;956;870","240;19;90;62;2396;2248;916;1648;824;1386;1987;2632;633;1784;2389;1661;2245;1726;1729;538;1389;1220;93;629;16;459;2692;2133;2461;2075;2425;1994;2184;2426;2547;2354;2775;58;97;830;2344;2739;2753;251;1406;1285;2366;333;1150;1046",2332,0.611119091681804,0.76767615205215,0.76767615205215,4.90349109925903,TRUE,TRUE,
"04_SBN-HIWTO","table2_2018_ols_hiv_positive","learnhivpos",51,0.0218696397941681,"Decrease",-0.156557060370346,0.619346780426125,0.775903840796471,0.775903840796471,4.95604502895634,TRUE,,TRUE,"205;13;78;55;1996;1873;759;1363;688;1145;1647;2195;528;1472;1991;1369;1870;1421;1423;451;1148;1008;81;524;11;382;2228;1775;2057;1725;2023;1654;1821;2024;2128;1962;2296;51;85;693;1954;2267;2276;211;1164;1062;1972;279;956;870;1305","240;19;90;62;2396;2248;916;1648;824;1386;1987;2632;633;1784;2389;1661;2245;1726;1729;538;1389;1220;93;629;16;459;2692;2133;2461;2075;2425;1994;2184;2426;2547;2354;2775;58;97;830;2344;2739;2753;251;1406;1285;2366;333;1150;1046;1579",2332,0.619346780426125,0.775903840796471,0.775903840796471,4.95604502895634,TRUE,TRUE,
"04_SBN-HIWTO","table2_2018_ols_hiv_positive","learnhivpos",52,0.0222984562607204,"Decrease",-0.156557060370346,0.627719855263158,0.784276915633504,0.784276915633504,5.00952760468448,TRUE,,TRUE,"205;13;78;55;1996;1873;759;1363;688;1145;1647;2195;528;1472;1369;1991;1870;1421;1423;451;1148;1008;81;524;11;382;2228;1775;2057;1725;2023;1654;1821;2024;2128;1962;2296;51;85;693;1954;2267;2276;211;1164;1062;1972;279;956;870;1305;772","240;19;90;62;2396;2248;916;1648;824;1386;1987;2632;633;1784;1661;2389;2245;1726;1729;538;1389;1220;93;629;16;459;2692;2133;2461;2075;2425;1994;2184;2426;2547;2354;2775;58;97;830;2344;2739;2753;251;1406;1285;2366;333;1150;1046;1579;930",2332,0.627719855263158,0.784276915633504,0.784276915633504,5.00952760468448,TRUE,TRUE,
"04_SBN-HIWTO","table2_2018_ols_hiv_positive","learnhivpos",53,0.0227272727272727,"Decrease",-0.156557060370346,0.636306081261196,0.792863141631542,0.792863141631542,5.06437167225785,TRUE,,TRUE,"205;13;78;55;1996;1873;759;1363;688;1145;1647;2195;528;1472;1369;1991;1870;1421;1423;451;1148;1008;81;524;11;382;2228;1775;2057;1725;2023;1654;1821;2024;2128;1962;2296;51;85;693;1954;2267;2276;211;1164;1062;1972;279;956;870;1305;772;1086","240;19;90;62;2396;2248;916;1648;824;1386;1987;2632;633;1784;1661;2389;2245;1726;1729;538;1389;1220;93;629;16;459;2692;2133;2461;2075;2425;1994;2184;2426;2547;2354;2775;58;97;830;2344;2739;2753;251;1406;1285;2366;333;1150;1046;1579;930;1315",2332,0.636306081261196,0.792863141631542,0.792863141631542,5.06437167225785,TRUE,TRUE,
"04_SBN-HIWTO","table2_2018_ols_hiv_positive","learnhivpos",54,0.023156089193825,"Decrease",-0.156557060370346,0.645076892012588,0.801633952382934,0.801633952382934,5.120394765248,TRUE,,TRUE,"205;13;78;55;1996;1873;759;1363;688;1145;1647;2195;528;1472;1369;1991;1870;1421;1423;451;1148;1008;81;524;11;382;2228;1775;2057;1725;2023;1654;1821;2024;2128;1962;2296;51;85;693;1954;2267;2276;211;1164;1062;1972;279;956;870;1305;772;1086;1168","240;19;90;62;2396;2248;916;1648;824;1386;1987;2632;633;1784;1661;2389;2245;1726;1729;538;1389;1220;93;629;16;459;2692;2133;2461;2075;2425;1994;2184;2426;2547;2354;2775;58;97;830;2344;2739;2753;251;1406;1285;2366;333;1150;1046;1579;930;1315;1410",2332,0.645076892012588,0.801633952382934,0.801633952382934,5.120394765248,TRUE,TRUE,
"04_SBN-HIWTO","table2_2018_ols_hiv_positive","learnhivpos",55,0.0235849056603774,"Decrease",-0.156557060370346,0.653679611978468,0.810236672348814,0.810236672348814,5.1753441871746,TRUE,,TRUE,"205;13;78;55;1996;1873;759;1363;688;1145;1647;2195;528;1472;1369;1991;1870;1421;1423;451;1148;1008;81;524;11;382;2228;1775;2057;1725;2023;1654;1821;2024;2128;1962;2296;51;85;693;1954;2267;2276;211;1164;1062;1972;279;956;870;1305;772;1086;1168;186","240;19;90;62;2396;2248;916;1648;824;1386;1987;2632;633;1784;1661;2389;2245;1726;1729;538;1389;1220;93;629;16;459;2692;2133;2461;2075;2425;1994;2184;2426;2547;2354;2775;58;97;830;2344;2739;2753;251;1406;1285;2366;333;1150;1046;1579;930;1315;1410;212",2332,0.653679611978468,0.810236672348814,0.810236672348814,5.1753441871746,TRUE,TRUE,
"04_SBN-HIWTO","table2_2018_ols_hiv_positive","learnhivpos",56,0.0240137221269297,"Decrease",-0.156557060370346,0.662803100798471,0.819360161168817,0.819360161168817,5.23361999280369,TRUE,,TRUE,"205;13;78;55;1996;1873;759;1363;688;1145;1647;2195;528;1472;1369;1991;1870;1421;1423;451;1148;1008;81;524;11;382;2228;1775;2057;1725;2023;1654;1821;2024;2128;1962;2296;51;85;693;1954;2267;2276;211;1164;1062;1972;279;956;870;1305;772;1086;1168;186;1317","240;19;90;62;2396;2248;916;1648;824;1386;1987;2632;633;1784;1661;2389;2245;1726;1729;538;1389;1220;93;629;16;459;2692;2133;2461;2075;2425;1994;2184;2426;2547;2354;2775;58;97;830;2344;2739;2753;251;1406;1285;2366;333;1150;1046;1579;930;1315;1410;212;1592",2332,0.662803100798471,0.819360161168817,0.819360161168817,5.23361999280369,TRUE,TRUE,
"04_SBN-HIWTO","table2_2018_ols_hiv_positive","learnhivpos",57,0.024442538593482,"Decrease",-0.156557060370346,0.671797005608929,0.828354065979275,0.828354065979275,5.29106808737817,TRUE,,TRUE,"205;13;78;55;1996;1873;759;1363;688;1145;1647;2195;528;1472;1369;1991;1870;1421;1423;451;1148;1008;81;524;11;382;2228;1775;2057;1725;2023;1654;1821;2024;2128;1962;2296;51;85;693;1954;2267;2276;211;1164;1062;1972;279;956;870;1305;772;1086;1168;186;1317;278","240;19;90;62;2396;2248;916;1648;824;1386;1987;2632;633;1784;1661;2389;2245;1726;1729;538;1389;1220;93;629;16;459;2692;2133;2461;2075;2425;1994;2184;2426;2547;2354;2775;58;97;830;2344;2739;2753;251;1406;1285;2366;333;1150;1046;1579;930;1315;1410;212;1592;332",2332,0.671797005608929,0.828354065979275,0.828354065979275,5.29106808737817,TRUE,TRUE,
"04_SBN-HIWTO","table2_2018_ols_hiv_positive","learnhivpos",58,0.0248713550600343,"Decrease",-0.156557060370346,0.680909125386192,0.837466185756538,0.837466185756538,5.34927127384391,TRUE,,TRUE,"205;13;78;55;1996;1873;759;1363;688;1145;1647;2195;528;1472;1369;1991;1870;1421;1423;451;1148;1008;81;524;11;382;2228;1775;2057;1725;2023;1654;1821;2024;2128;1962;2296;51;85;693;1954;2267;2276;211;1164;1062;1972;279;956;870;1305;772;1086;1168;186;1317;278;304","240;19;90;62;2396;2248;916;1648;824;1386;1987;2632;633;1784;1661;2389;2245;1726;1729;538;1389;1220;93;629;16;459;2692;2133;2461;2075;2425;1994;2184;2426;2547;2354;2775;58;97;830;2344;2739;2753;251;1406;1285;2366;333;1150;1046;1579;930;1315;1410;212;1592;332;366",2332,0.680909125386192,0.837466185756538,0.837466185756538,5.34927127384391,TRUE,TRUE,
"04_SBN-HIWTO","table2_2018_ols_hiv_positive","learnhivpos",59,0.0253001715265866,"Decrease",-0.156557060370346,0.690443142498015,0.847000202868361,0.847000202868361,5.41016930737411,TRUE,,TRUE,"205;13;78;55;1996;1873;759;1363;688;1145;1647;2195;528;1472;1369;1991;1870;1421;1423;451;1148;1008;81;524;11;382;2228;1775;2057;1725;2023;1654;1821;2024;2128;1962;2296;51;85;693;1954;2267;2276;211;1164;1062;1972;279;956;870;1305;772;1086;1168;186;1317;278;304;975","240;19;90;62;2396;2248;916;1648;824;1386;1987;2632;633;1784;1661;2389;2245;1726;1729;538;1389;1220;93;629;16;459;2692;2133;2461;2075;2425;1994;2184;2426;2547;2354;2775;58;97;830;2344;2739;2753;251;1406;1285;2366;333;1150;1046;1579;930;1315;1410;212;1592;332;366;1172",2332,0.690443142498015,0.847000202868361,0.847000202868361,5.41016930737411,TRUE,TRUE,
"04_SBN-HIWTO","table2_2018_ols_hiv_positive","learnhivpos",60,0.0257289879931389,"Decrease",-0.156557060370346,0.699899545533623,0.856456605903969,0.856456605903969,5.47057158506914,TRUE,,TRUE,"205;13;78;55;1996;1873;759;1363;688;1145;1647;2195;528;1472;1369;1991;1870;1421;1423;451;1148;1008;81;524;11;382;2228;1775;2057;1725;2023;1654;1821;2024;2128;1962;2296;51;85;693;2267;1954;2276;211;1164;1062;1972;279;956;870;1305;772;1086;1168;186;1317;278;304;975;63","240;19;90;62;2396;2248;916;1648;824;1386;1987;2632;633;1784;1661;2389;2245;1726;1729;538;1389;1220;93;629;16;459;2692;2133;2461;2075;2425;1994;2184;2426;2547;2354;2775;58;97;830;2739;2344;2753;251;1406;1285;2366;333;1150;1046;1579;930;1315;1410;212;1592;332;366;1172;73",2332,0.699899545533623,0.856456605903969,0.856456605903969,5.47057158506914,TRUE,TRUE,
"04_SBN-HIWTO","table2_2018_ols_hiv_positive","learnhivpos",61,0.0261578044596913,"Decrease",-0.156557060370346,0.709872183960343,0.866429244330689,0.866429244330689,5.53427128920979,TRUE,,TRUE,"205;13;78;55;1996;1873;759;1363;688;1145;1647;2195;528;1472;1369;1991;1870;1421;1423;451;1148;1008;81;524;11;382;2228;1775;2057;1725;2023;1654;1821;2024;2128;1962;2296;51;85;693;2267;1954;2276;211;1164;1062;1972;279;956;870;1305;772;1086;1168;186;1317;278;304;975;63;1176","240;19;90;62;2396;2248;916;1648;824;1386;1987;2632;633;1784;1661;2389;2245;1726;1729;538;1389;1220;93;629;16;459;2692;2133;2461;2075;2425;1994;2184;2426;2547;2354;2775;58;97;830;2739;2344;2753;251;1406;1285;2366;333;1150;1046;1579;930;1315;1410;212;1592;332;366;1172;73;1419",2332,0.709872183960343,0.866429244330689,0.866429244330689,5.53427128920979,TRUE,TRUE,
"04_SBN-HIWTO","table2_2018_ols_hiv_positive","learnhivpos",62,0.0265866209262436,"Decrease",-0.156557060370346,0.71942891442658,0.875985974796926,0.875985974796926,5.59531440309829,TRUE,,TRUE,"205;13;78;55;1996;1873;759;1363;688;1145;1647;2195;528;1472;1369;1991;1870;1421;1423;451;1148;1008;81;524;11;382;2228;1775;2057;1725;2023;1654;1821;2024;2128;1962;2296;51;85;693;2267;1954;2276;211;1164;1062;1972;279;956;870;1305;772;1086;1168;186;1317;278;304;975;63;1176;91","240;19;90;62;2396;2248;916;1648;824;1386;1987;2632;633;1784;1661;2389;2245;1726;1729;538;1389;1220;93;629;16;459;2692;2133;2461;2075;2425;1994;2184;2426;2547;2354;2775;58;97;830;2739;2344;2753;251;1406;1285;2366;333;1150;1046;1579;930;1315;1410;212;1592;332;366;1172;73;1419;105",2332,0.71942891442658,0.875985974796926,0.875985974796926,5.59531440309829,TRUE,TRUE,
"04_SBN-HIWTO","table2_2018_ols_hiv_positive","learnhivpos",63,0.0270154373927959,"Decrease",-0.156557060370346,0.729223132566048,0.885780192936394,0.885780192936394,5.65787445702559,TRUE,,TRUE,"205;13;78;55;1996;1873;759;1363;688;1145;1647;2195;528;1472;1369;1991;1421;1423;1870;451;1148;1008;81;524;11;382;2228;1775;2057;1725;2023;1654;1821;2024;2128;1962;2296;51;85;693;2267;1954;2276;211;1164;1062;1972;279;956;870;1305;772;1086;1168;186;1317;278;304;975;63;1176;91;376","240;19;90;62;2396;2248;916;1648;824;1386;1987;2632;633;1784;1661;2389;1726;1729;2245;538;1389;1220;93;629;16;459;2692;2133;2461;2075;2425;1994;2184;2426;2547;2354;2775;58;97;830;2739;2344;2753;251;1406;1285;2366;333;1150;1046;1579;930;1315;1410;212;1592;332;366;1172;73;1419;105;453",2332,0.729223132566048,0.885780192936394,0.885780192936394,5.65787445702559,TRUE,TRUE,
"04_SBN-HIWTO","table2_2018_ols_hiv_positive","learnhivpos",64,0.0274442538593482,"Decrease",-0.156557060370346,0.739221505965708,0.895778566336054,0.895778566336054,5.72173854195416,TRUE,,TRUE,"205;13;78;55;1996;1873;759;1363;688;1145;1647;2195;528;1472;1369;1991;1421;1423;1870;451;1148;1008;81;524;11;382;2228;1775;2057;1725;2023;1654;1821;2024;2128;1962;2296;51;85;693;2267;1954;2276;211;1164;1062;1972;279;956;870;1305;772;1086;1168;186;1317;278;304;975;63;1176;91;376;14","240;19;90;62;2396;2248;916;1648;824;1386;1987;2632;633;1784;1661;2389;1726;1729;2245;538;1389;1220;93;629;16;459;2692;2133;2461;2075;2425;1994;2184;2426;2547;2354;2775;58;97;830;2739;2344;2753;251;1406;1285;2366;333;1150;1046;1579;930;1315;1410;212;1592;332;366;1172;73;1419;105;453;20",2332,0.739221505965708,0.895778566336054,0.895778566336054,5.72173854195416,TRUE,TRUE,
"04_SBN-HIWTO","table2_2018_ols_hiv_positive","learnhivpos",65,0.0278730703259005,"Decrease",-0.156557060370346,0.777306446112975,0.933863506483321,0.933863506483321,5.96500409674406,TRUE,,TRUE,"205;13;78;55;1996;1873;759;1363;688;1145;1647;2195;528;1472;1369;1421;1423;1991;1870;451;1148;1008;81;524;11;382;2228;1775;2057;1725;2023;1654;1821;2024;2128;1962;2296;51;85;693;2267;1954;2276;211;1164;1062;1972;279;956;870;1305;772;1086;1168;186;1317;278;304;975;63;1176;91;376;846;14","240;19;90;62;2396;2248;916;1648;824;1386;1987;2632;633;1784;1661;1726;1729;2389;2245;538;1389;1220;93;629;16;459;2692;2133;2461;2075;2425;1994;2184;2426;2547;2354;2775;58;97;830;2739;2344;2753;251;1406;1285;2366;333;1150;1046;1579;930;1315;1410;212;1592;332;366;1172;73;1419;105;453;1019;20",2332,0.777306446112975,0.933863506483321,0.933863506483321,5.96500409674406,TRUE,TRUE,
"04_SBN-HIWTO","table2_2018_ols_hiv_positive","learnhivpos",66,0.0283018867924528,"Decrease",-0.156557060370346,0.787458344726367,0.944015405096713,0.944015405096713,6.02984881591148,TRUE,,TRUE,"205;13;78;55;1996;1873;759;1363;688;1145;1647;2195;528;1472;1369;1421;1423;451;1870;1991;1148;1008;81;524;11;382;2228;1775;2057;1725;2023;1654;1821;2024;2128;1962;2296;51;85;693;2267;1954;2276;211;1164;1062;1972;279;956;870;1305;772;1086;1168;186;1317;278;304;975;846;63;1176;91;376;14;1908","240;19;90;62;2396;2248;916;1648;824;1386;1987;2632;633;1784;1661;1726;1729;538;2245;2389;1389;1220;93;629;16;459;2692;2133;2461;2075;2425;1994;2184;2426;2547;2354;2775;58;97;830;2739;2344;2753;251;1406;1285;2366;333;1150;1046;1579;930;1315;1410;212;1592;332;366;1172;1019;73;1419;105;453;20;2292",2332,0.787458344726367,0.944015405096713,0.944015405096713,6.02984881591148,TRUE,TRUE,
"04_SBN-HIWTO","table2_2018_ols_hiv_positive","learnhivpos",67,0.0287307032590051,"Decrease",-0.156557060370346,0.798340956013493,0.954898016383839,0.954898016383839,6.0993609239019,TRUE,,TRUE,"205;13;78;55;1996;1873;759;1363;688;1145;1647;2195;528;1472;1369;1421;1423;451;1870;1991;1148;1008;81;524;11;382;2228;1775;2057;1725;2023;1654;1821;2024;2128;1962;2296;51;85;693;2267;1954;2276;211;1164;1972;1062;279;956;870;1305;772;1086;1168;186;1317;278;846;304;975;63;1176;91;376;14;1908;1208","240;19;90;62;2396;2248;916;1648;824;1386;1987;2632;633;1784;1661;1726;1729;538;2245;2389;1389;1220;93;629;16;459;2692;2133;2461;2075;2425;1994;2184;2426;2547;2354;2775;58;97;830;2739;2344;2753;251;1406;2366;1285;333;1150;1046;1579;930;1315;1410;212;1592;332;1019;366;1172;73;1419;105;453;20;2292;1455",2332,0.798340956013493,0.954898016383839,0.954898016383839,6.0993609239019,TRUE,TRUE,
"04_SBN-HIWTO","table2_2018_ols_hiv_positive","learnhivpos",68,0.0291595197255575,"Decrease",-0.156557060370346,0.808993321076758,0.965550381447104,0.965550381447104,6.16740234623102,TRUE,,TRUE,"205;13;78;55;1996;1873;759;1363;688;1145;1647;2195;528;1472;1369;1421;1423;451;1870;1991;1148;1008;81;524;11;382;2228;1775;2057;1725;2023;1654;1821;2024;2128;1962;2296;51;85;693;2267;1954;2276;211;1972;1164;1062;279;956;870;1305;846;772;1086;1168;186;1317;278;304;975;63;1176;91;376;14;1908;1208;978","240;19;90;62;2396;2248;916;1648;824;1386;1987;2632;633;1784;1661;1726;1729;538;2245;2389;1389;1220;93;629;16;459;2692;2133;2461;2075;2425;1994;2184;2426;2547;2354;2775;58;97;830;2739;2344;2753;251;2366;1406;1285;333;1150;1046;1579;1019;930;1315;1410;212;1592;332;366;1172;73;1419;105;453;20;2292;1455;1175",2332,0.808993321076758,0.965550381447104,0.965550381447104,6.16740234623102,TRUE,TRUE,
"04_SBN-HIWTO","table2_2018_ols_hiv_positive","learnhivpos",69,0.0295883361921098,"Decrease",-0.156557060370346,0.819994110893694,0.97655117126404,0.97655117126404,6.23766931337331,TRUE,,TRUE,"205;13;78;55;1996;1873;759;1363;688;1145;1647;2195;528;1472;1369;1421;1423;451;1870;1991;1148;1008;81;524;11;382;2228;1775;2057;1725;2023;1654;1821;2024;2128;1962;2296;51;85;693;2267;1954;2276;846;211;1972;1164;1062;279;956;870;1305;772;1086;1168;186;1317;278;304;975;63;1176;91;376;14;1908;1208;978;1483","240;19;90;62;2396;2248;916;1648;824;1386;1987;2632;633;1784;1661;1726;1729;538;2245;2389;1389;1220;93;629;16;459;2692;2133;2461;2075;2425;1994;2184;2426;2547;2354;2775;58;97;830;2739;2344;2753;1019;251;2366;1406;1285;333;1150;1046;1579;930;1315;1410;212;1592;332;366;1172;73;1419;105;453;20;2292;1455;1175;1796",2332,0.819994110893694,0.97655117126404,0.97655117126404,6.23766931337331,TRUE,TRUE,
"04_SBN-HIWTO","table2_2018_ols_hiv_positive","learnhivpos",70,0.0300171526586621,"Decrease",-0.156557060370346,0.831000599868781,0.987557660239127,0.987557660239127,6.30797268358894,TRUE,,TRUE,"205;13;78;55;1996;1873;759;1363;688;1145;1647;2195;528;1472;1369;1421;1423;451;1870;1991;1148;1008;81;524;11;382;2228;1775;2057;1725;2023;1654;1821;2024;2128;1962;2296;846;51;85;693;2267;1954;2276;211;1972;1164;1062;279;956;870;1305;772;1086;1168;186;1317;278;304;975;63;1176;91;376;1908;14;1208;978;1483;188","240;19;90;62;2396;2248;916;1648;824;1386;1987;2632;633;1784;1661;1726;1729;538;2245;2389;1389;1220;93;629;16;459;2692;2133;2461;2075;2425;1994;2184;2426;2547;2354;2775;1019;58;97;830;2739;2344;2753;251;2366;1406;1285;333;1150;1046;1579;930;1315;1410;212;1592;332;366;1172;73;1419;105;453;2292;20;1455;1175;1796;216",2332,0.831000599868781,0.987557660239127,0.987557660239127,6.30797268358894,TRUE,TRUE,
"04_SBN-HIWTO","table2_2018_ols_hiv_positive","learnhivpos",71,0.0304459691252144,"Decrease",-0.156557060370346,0.842365674515244,0.99892273488559,0.99892273488559,6.38056650094587,TRUE,,TRUE,"205;13;78;55;1996;1873;759;1363;688;1145;1647;2195;528;1472;1369;1421;1423;451;1870;1991;1148;1008;81;524;11;382;2228;1775;2057;1725;2023;1654;1821;2024;2128;846;1962;2296;51;85;693;2267;1954;2276;211;1972;1164;1062;279;956;870;1305;772;1086;1168;186;1317;278;304;975;63;1176;91;376;1908;14;1208;978;1483;188;408","240;19;90;62;2396;2248;916;1648;824;1386;1987;2632;633;1784;1661;1726;1729;538;2245;2389;1389;1220;93;629;16;459;2692;2133;2461;2075;2425;1994;2184;2426;2547;1019;2354;2775;58;97;830;2739;2344;2753;251;2366;1406;1285;333;1150;1046;1579;930;1315;1410;212;1592;332;366;1172;73;1419;105;453;2292;20;1455;1175;1796;216;488",2332,0.842365674515244,0.99892273488559,0.99892273488559,6.38056650094587,TRUE,TRUE,
"04_SBN-HIWTO","table2_2018_ols_hiv_positive","learnhivpos",72,0.0308747855917667,"Decrease",-0.156557060370346,0.854298178965649,1.01085523933599,1.01085523933599,6.45678474637139,TRUE,,TRUE,"205;13;78;55;1996;1873;759;1363;688;1145;1647;2195;528;1472;1369;1421;1423;451;1870;1991;1148;1008;81;524;11;382;2228;1775;2057;1725;2023;2024;1654;1821;2128;846;1962;2296;51;85;693;2267;1954;2276;211;1972;1164;1062;279;956;870;1305;772;1086;1168;186;1317;278;304;975;63;1176;91;376;1908;14;1208;978;1483;188;408;789","240;19;90;62;2396;2248;916;1648;824;1386;1987;2632;633;1784;1661;1726;1729;538;2245;2389;1389;1220;93;629;16;459;2692;2133;2461;2075;2425;2426;1994;2184;2547;1019;2354;2775;58;97;830;2739;2344;2753;251;2366;1406;1285;333;1150;1046;1579;930;1315;1410;212;1592;332;366;1172;73;1419;105;453;2292;20;1455;1175;1796;216;488;951",2332,0.854298178965649,1.01085523933599,1.01085523933599,6.45678474637139,TRUE,TRUE,
"04_SBN-HIWTO","table2_2018_ols_hiv_positive","learnhivpos",73,0.031303602058319,"Decrease",-0.156557060370346,0.866054136035426,1.02261119640577,1.02261119640577,6.53187530467625,TRUE,,TRUE,"205;13;78;55;1996;1873;759;1363;688;1145;1647;2195;528;1472;1369;1421;1423;451;1870;1991;1148;1008;81;524;11;382;2228;1775;2057;1725;2023;2024;1654;1821;2128;846;1962;2296;51;85;693;2267;1954;2276;211;1972;1164;1062;279;956;870;1305;772;1086;1168;186;1317;278;304;975;63;1176;91;376;1908;14;1208;978;1483;188;408;789;1000","240;19;90;62;2396;2248;916;1648;824;1386;1987;2632;633;1784;1661;1726;1729;538;2245;2389;1389;1220;93;629;16;459;2692;2133;2461;2075;2425;2426;1994;2184;2547;1019;2354;2775;58;97;830;2739;2344;2753;251;2366;1406;1285;333;1150;1046;1579;930;1315;1410;212;1592;332;366;1172;73;1419;105;453;2292;20;1455;1175;1796;216;488;951;1202",2332,0.866054136035426,1.02261119640577,1.02261119640577,6.53187530467625,TRUE,TRUE,
"04_SBN-HIWTO","table2_2018_ols_hiv_positive","learnhivpos",74,0.0317324185248714,"Decrease",-0.156557060370346,0.876882403609239,1.03343946397959,1.03343946397959,6.60104029505227,TRUE,,TRUE,"205;13;78;55;1996;1873;759;1363;688;1145;1647;528;2195;1472;1369;1421;1423;451;1870;1991;1148;1008;81;524;11;382;2228;1775;2057;1725;2023;2024;1654;1821;2128;846;1962;2296;51;85;693;2267;1954;2276;211;1972;1164;1062;279;956;870;1305;772;1086;1168;186;1317;278;304;975;63;1176;91;376;1908;14;1208;978;1483;188;408;789;1000;177","240;19;90;62;2396;2248;916;1648;824;1386;1987;633;2632;1784;1661;1726;1729;538;2245;2389;1389;1220;93;629;16;459;2692;2133;2461;2075;2425;2426;1994;2184;2547;1019;2354;2775;58;97;830;2739;2344;2753;251;2366;1406;1285;333;1150;1046;1579;930;1315;1410;212;1592;332;366;1172;73;1419;105;453;2292;20;1455;1175;1796;216;488;951;1202;202",2332,0.876882403609239,1.03343946397959,1.03343946397959,6.60104029505227,TRUE,TRUE,
"04_SBN-HIWTO","table2_2018_ols_hiv_positive","learnhivpos",75,0.0321612349914237,"Decrease",-0.156557060370346,0.887898881408081,1.04445594177843,1.04445594177843,6.67140746835497,TRUE,,TRUE,"205;13;78;55;1996;1873;759;1363;688;1145;1647;528;2195;1472;1369;1421;1423;451;1870;1991;1148;1008;81;524;11;382;2228;1775;2057;1725;2023;2024;1654;1821;2128;846;1962;2296;51;85;693;2267;1954;2276;211;1972;1164;1062;279;956;870;1305;772;1086;1168;186;1317;278;304;975;63;1176;91;376;1908;14;1208;978;1483;188;408;789;1000;177;1315","240;19;90;62;2396;2248;916;1648;824;1386;1987;633;2632;1784;1661;1726;1729;538;2245;2389;1389;1220;93;629;16;459;2692;2133;2461;2075;2425;2426;1994;2184;2547;1019;2354;2775;58;97;830;2739;2344;2753;251;2366;1406;1285;333;1150;1046;1579;930;1315;1410;212;1592;332;366;1172;73;1419;105;453;2292;20;1455;1175;1796;216;488;951;1202;202;1590",2332,0.887898881408081,1.04445594177843,1.04445594177843,6.67140746835497,TRUE,TRUE,
"04_SBN-HIWTO","table2_2018_ols_hiv_positive","learnhivpos",76,0.032590051457976,"Decrease",-0.156557060370346,0.899475381305734,1.05603244167608,1.05603244167608,6.74535175339883,TRUE,,TRUE,"205;13;78;55;1996;1873;759;1363;688;1145;1647;528;2195;1472;1369;1421;1423;451;1870;1991;1148;1008;81;524;11;382;2228;1775;2057;1725;2023;2024;1654;1821;2128;846;1962;2296;51;85;693;2267;1954;2276;211;1972;1164;1062;279;956;870;1305;772;1086;1168;186;1317;278;304;975;63;1176;91;376;1908;14;1208;978;1483;188;408;789;1000;177;1315;936","240;19;90;62;2396;2248;916;1648;824;1386;1987;633;2632;1784;1661;1726;1729;538;2245;2389;1389;1220;93;629;16;459;2692;2133;2461;2075;2425;2426;1994;2184;2547;1019;2354;2775;58;97;830;2739;2344;2753;251;2366;1406;1285;333;1150;1046;1579;930;1315;1410;212;1592;332;366;1172;73;1419;105;453;2292;20;1455;1175;1796;216;488;951;1202;202;1590;1123",2332,0.899475381305734,1.05603244167608,1.05603244167608,6.74535175339883,TRUE,TRUE,
"04_SBN-HIWTO","table2_2018_ols_hiv_positive","learnhivpos",77,0.0330188679245283,"Decrease",-0.156557060370346,0.911464980003112,1.06802204037346,1.06802204037346,6.82193468532803,TRUE,,TRUE,"205;13;78;55;1996;1873;759;1363;688;1145;1647;528;2195;1472;1369;1421;1423;451;1870;1991;1148;1008;81;524;11;382;2228;1775;2057;1725;2023;2024;1654;1821;2128;846;1962;2296;51;85;693;2267;1954;2276;211;1972;1164;1062;279;956;870;1305;772;1086;1168;186;1317;278;304;975;63;1176;91;376;1908;14;1208;978;1483;188;408;789;1000;177;1315;936;1294","240;19;90;62;2396;2248;916;1648;824;1386;1987;633;2632;1784;1661;1726;1729;538;2245;2389;1389;1220;93;629;16;459;2692;2133;2461;2075;2425;2426;1994;2184;2547;1019;2354;2775;58;97;830;2739;2344;2753;251;2366;1406;1285;333;1150;1046;1579;930;1315;1410;212;1592;332;366;1172;73;1419;105;453;2292;20;1455;1175;1796;216;488;951;1202;202;1590;1123;1567",2332,0.911464980003112,1.06802204037346,1.06802204037346,6.82193468532803,TRUE,TRUE,
"04_SBN-HIWTO","table2_2018_ols_hiv_positive","learnhivpos",78,0.0334476843910806,"Decrease",-0.156557060370346,0.923208443616233,1.07976550398658,1.07976550398658,6.89694544233472,TRUE,,TRUE,"205;13;78;55;1996;1873;759;1363;688;1145;1647;528;2195;1472;1369;1421;1423;451;1870;1991;1148;1008;81;524;11;382;2228;1775;2057;1725;2023;2024;1654;1821;2128;846;1962;2296;51;85;693;2267;1954;2276;211;1972;1164;1062;279;956;870;1305;772;1086;1168;186;1317;278;304;975;63;1176;91;376;1908;14;1208;978;1483;188;408;789;1000;177;1315;936;1294;89","240;19;90;62;2396;2248;916;1648;824;1386;1987;633;2632;1784;1661;1726;1729;538;2245;2389;1389;1220;93;629;16;459;2692;2133;2461;2075;2425;2426;1994;2184;2547;1019;2354;2775;58;97;830;2739;2344;2753;251;2366;1406;1285;333;1150;1046;1579;930;1315;1410;212;1592;332;366;1172;73;1419;105;453;2292;20;1455;1175;1796;216;488;951;1202;202;1590;1123;1567;103",2332,0.923208443616233,1.07976550398658,1.07976550398658,6.89694544233472,TRUE,TRUE,
"04_SBN-HIWTO","table2_2018_ols_hiv_positive","learnhivpos",79,0.0338765008576329,"Decrease",-0.156557060370346,0.947600678172691,1.10415773854304,1.10415773854304,7.05274955936883,TRUE,,TRUE,"205;13;78;55;1996;1873;759;1363;688;1145;1647;528;2195;1472;1369;1421;1423;451;1870;1148;1991;1008;81;524;11;382;2228;1775;2057;1725;2023;2024;1654;1821;2128;846;1962;2296;51;85;2267;693;1954;2276;211;1972;1164;1062;279;956;870;1305;772;1086;1168;186;1317;278;304;975;63;1176;91;376;1908;14;1208;978;1483;188;408;789;1000;177;1315;936;1294;89;1596","240;19;90;62;2396;2248;916;1648;824;1386;1987;633;2632;1784;1661;1726;1729;538;2245;1389;2389;1220;93;629;16;459;2692;2133;2461;2075;2425;2426;1994;2184;2547;1019;2354;2775;58;97;2739;830;2344;2753;251;2366;1406;1285;333;1150;1046;1579;930;1315;1410;212;1592;332;366;1172;73;1419;105;453;2292;20;1455;1175;1796;216;488;951;1202;202;1590;1123;1567;103;1929",2332,0.947600678172691,1.10415773854304,1.10415773854304,7.05274955936883,TRUE,TRUE,
"04_SBN-HIWTO","table2_2018_ols_hiv_positive","learnhivpos",80,0.0343053173241852,"Decrease",-0.156557060370346,0.957232016297497,1.11378907666784,1.11378907666784,7.1142692257577,TRUE,,TRUE,"205;13;78;55;1996;1873;759;1363;688;1145;1647;528;2195;1472;1369;1421;1423;451;1870;1148;1991;1008;81;524;11;382;2228;1775;2057;1725;2023;2024;1654;1821;2128;846;1962;2296;51;85;2267;693;1954;2276;211;1972;1164;1062;279;956;870;1305;772;1086;1168;186;1317;278;304;975;63;1176;91;376;1908;14;1208;978;1483;188;408;789;1000;177;1315;936;1294;89;1596;187","240;19;90;62;2396;2248;916;1648;824;1386;1987;633;2632;1784;1661;1726;1729;538;2245;1389;2389;1220;93;629;16;459;2692;2133;2461;2075;2425;2426;1994;2184;2547;1019;2354;2775;58;97;2739;830;2344;2753;251;2366;1406;1285;333;1150;1046;1579;930;1315;1410;212;1592;332;366;1172;73;1419;105;453;2292;20;1455;1175;1796;216;488;951;1202;202;1590;1123;1567;103;1929;215",2332,0.957232016297497,1.11378907666784,1.11378907666784,7.1142692257577,TRUE,TRUE,
"04_SBN-HIWTO","table2_2018_ols_hiv_positive","learnhivpos",81,0.0347341337907376,"Decrease",-0.156557060370346,0.976348078169117,1.13290513853946,1.13290513853946,7.2363720668969,TRUE,,TRUE,"205;13;78;55;1996;1873;759;1363;688;1145;1647;528;2195;1472;1369;1421;1423;451;1870;1148;1991;1008;81;524;11;382;2228;1775;2057;1725;2023;2024;1654;1821;2128;846;1962;2296;51;2267;85;693;1954;2276;211;1972;1164;1062;279;956;870;1305;772;1086;1168;186;1317;278;304;975;63;1176;91;376;1908;14;1208;978;1483;188;408;789;1000;177;1315;936;1294;89;1596;187;283","240;19;90;62;2396;2248;916;1648;824;1386;1987;633;2632;1784;1661;1726;1729;538;2245;1389;2389;1220;93;629;16;459;2692;2133;2461;2075;2425;2426;1994;2184;2547;1019;2354;2775;58;2739;97;830;2344;2753;251;2366;1406;1285;333;1150;1046;1579;930;1315;1410;212;1592;332;366;1172;73;1419;105;453;2292;20;1455;1175;1796;216;488;951;1202;202;1590;1123;1567;103;1929;215;339",2332,0.976348078169117,1.13290513853946,1.13290513853946,7.2363720668969,TRUE,TRUE,
"04_SBN-HIWTO","table2_2018_ols_hiv_positive","learnhivpos",82,0.0351629502572899,"Decrease",-0.156557060370346,0.984936815309101,1.14149387567945,1.14149387567945,7.29123217425754,TRUE,,TRUE,"205;13;78;55;1996;1873;759;1363;688;1145;1647;528;2195;1472;1369;1421;1423;451;1870;1148;1991;1008;81;524;11;382;2228;1775;2057;1725;2023;2024;1654;1821;2128;846;1962;2296;51;2267;85;693;1954;2276;211;1972;1164;1062;279;956;870;1305;772;1086;1168;186;1317;278;304;975;63;1176;91;376;1908;14;1208;978;1483;188;408;789;1000;177;1315;936;1294;1596;89;283;187;66","240;19;90;62;2396;2248;916;1648;824;1386;1987;633;2632;1784;1661;1726;1729;538;2245;1389;2389;1220;93;629;16;459;2692;2133;2461;2075;2425;2426;1994;2184;2547;1019;2354;2775;58;2739;97;830;2344;2753;251;2366;1406;1285;333;1150;1046;1579;930;1315;1410;212;1592;332;366;1172;73;1419;105;453;2292;20;1455;1175;1796;216;488;951;1202;202;1590;1123;1567;1929;103;339;215;76",2332,0.984936815309101,1.14149387567945,1.14149387567945,7.29123217425754,TRUE,TRUE,
"04_SBN-HIWTO","table2_2018_ols_hiv_positive","learnhivpos",83,0.0355917667238422,"Decrease",-0.156557060370346,0.993092727180481,1.14964978755083,1.14964978755083,7.343327632949,TRUE,,TRUE,"205;13;78;55;1996;1873;759;1363;688;1145;1647;528;2195;1472;1369;1421;1423;451;1870;1148;1991;1008;81;524;11;382;2228;1775;2057;1725;2023;2024;1654;1821;2128;846;1962;2296;51;2267;85;693;1954;2276;211;1972;1164;1062;279;956;870;1305;772;1086;1168;186;1317;278;304;975;63;1176;91;376;1908;14;1208;978;1483;188;408;789;1000;177;1315;1596;936;1294;89;283;187;66;1837","240;19;90;62;2396;2248;916;1648;824;1386;1987;633;2632;1784;1661;1726;1729;538;2245;1389;2389;1220;93;629;16;459;2692;2133;2461;2075;2425;2426;1994;2184;2547;1019;2354;2775;58;2739;97;830;2344;2753;251;2366;1406;1285;333;1150;1046;1579;930;1315;1410;212;1592;332;366;1172;73;1419;105;453;2292;20;1455;1175;1796;216;488;951;1202;202;1590;1929;1123;1567;103;339;215;76;2203",2332,0.993092727180481,1.14964978755083,1.14964978755083,7.343327632949,TRUE,TRUE,
"04_SBN-HIWTO","table2_2018_ols_hiv_positive","learnhivpos",84,0.0360205831903945,"Decrease",-0.156557060370346,1.00107594833709,1.15763300870744,1.15763300870744,7.3943200387704,TRUE,,TRUE,"205;13;78;55;1996;1873;1363;759;688;1145;1647;528;2195;1472;1369;451;1421;1423;1870;1148;1991;1008;81;524;11;382;2228;1775;2057;1725;2023;2024;1654;1821;2128;846;1962;2296;51;2267;85;693;1954;2276;211;1972;1164;1062;279;956;870;1305;772;1086;1168;186;1317;278;304;975;63;1176;91;376;1908;14;1208;978;1483;188;408;789;1000;1596;177;1315;936;1294;89;283;187;66;1837;781","240;19;90;62;2396;2248;1648;916;824;1386;1987;633;2632;1784;1661;538;1726;1729;2245;1389;2389;1220;93;629;16;459;2692;2133;2461;2075;2425;2426;1994;2184;2547;1019;2354;2775;58;2739;97;830;2344;2753;251;2366;1406;1285;333;1150;1046;1579;930;1315;1410;212;1592;332;366;1172;73;1419;105;453;2292;20;1455;1175;1796;216;488;951;1202;1929;202;1590;1123;1567;103;339;215;76;2203;942",2332,1.00107594833709,1.15763300870744,1.15763300870744,7.3943200387704,TRUE,TRUE,
"04_SBN-HIWTO","table2_2018_ols_hiv_positive","learnhivpos",85,0.0364493996569468,"Decrease",-0.156557060370346,1.01214630357819,1.16870336394854,1.16870336394854,7.46503135140565,TRUE,,TRUE,"205;13;78;55;1996;1873;1363;759;688;1145;1647;528;2195;1472;1369;451;1421;1423;1870;1148;1008;1991;81;524;11;382;2228;1775;2057;1725;2023;2024;1654;1821;2128;846;1962;2296;51;2267;85;693;1954;2276;211;1972;1164;1062;279;956;870;1305;772;1086;1168;186;1317;278;304;975;63;1176;91;376;1908;14;1208;978;1483;188;408;789;1000;1596;177;1315;936;1294;89;283;187;66;1837;711;781","240;19;90;62;2396;2248;1648;916;824;1386;1987;633;2632;1784;1661;538;1726;1729;2245;1389;1220;2389;93;629;16;459;2692;2133;2461;2075;2425;2426;1994;2184;2547;1019;2354;2775;58;2739;97;830;2344;2753;251;2366;1406;1285;333;1150;1046;1579;930;1315;1410;212;1592;332;366;1172;73;1419;105;453;2292;20;1455;1175;1796;216;488;951;1202;1929;202;1590;1123;1567;103;339;215;76;2203;849;942",2332,1.01214630357819,1.16870336394854,1.16870336394854,7.46503135140565,TRUE,TRUE,
"04_SBN-HIWTO","table2_2018_ols_hiv_positive","learnhivpos",86,0.0368782161234991,"Decrease",-0.156557060370346,1.02105270882576,1.1776097691961,1.1776097691961,7.52192054711802,TRUE,,TRUE,"205;13;78;55;1996;1873;1363;759;688;1145;1647;528;2195;1472;1369;451;1421;1423;1870;1148;1008;1991;81;524;11;382;2228;1775;2057;1725;2023;2024;1654;1821;2128;846;1962;2296;51;2267;85;693;1954;2276;211;1972;1164;1062;279;956;870;1305;772;1086;1168;186;1317;278;304;975;63;1176;91;376;1908;14;1208;978;1483;188;408;789;1000;1596;177;1315;936;1294;89;283;187;66;1837;711;781;1001","240;19;90;62;2396;2248;1648;916;824;1386;1987;633;2632;1784;1661;538;1726;1729;2245;1389;1220;2389;93;629;16;459;2692;2133;2461;2075;2425;2426;1994;2184;2547;1019;2354;2775;58;2739;97;830;2344;2753;251;2366;1406;1285;333;1150;1046;1579;930;1315;1410;212;1592;332;366;1172;73;1419;105;453;2292;20;1455;1175;1796;216;488;951;1202;1929;202;1590;1123;1567;103;339;215;76;2203;849;942;1203",2332,1.02105270882576,1.1776097691961,1.1776097691961,7.52192054711802,TRUE,TRUE,
"04_SBN-HIWTO","table2_2018_ols_hiv_positive","learnhivpos",87,0.0373070325900515,"Decrease",-0.156557060370346,1.02733348025537,1.18389054062571,1.18389054062571,7.5620386447289,TRUE,,TRUE,"205;13;78;55;1996;1873;1363;759;688;1145;1647;528;2195;1472;1369;451;1421;1423;1870;1148;1008;1991;81;524;11;382;2228;1775;2057;1725;2023;2024;1654;1821;2128;846;1962;2296;51;2267;85;693;1954;2276;211;1972;1164;1062;279;956;870;1305;772;1086;1168;186;1317;278;304;975;63;1176;91;376;1908;14;1208;978;1483;188;408;789;1000;1596;177;1315;936;1294;89;283;187;66;1837;711;781;1001;542","240;19;90;62;2396;2248;1648;916;824;1386;1987;633;2632;1784;1661;538;1726;1729;2245;1389;1220;2389;93;629;16;459;2692;2133;2461;2075;2425;2426;1994;2184;2547;1019;2354;2775;58;2739;97;830;2344;2753;251;2366;1406;1285;333;1150;1046;1579;930;1315;1410;212;1592;332;366;1172;73;1419;105;453;2292;20;1455;1175;1796;216;488;951;1202;1929;202;1590;1123;1567;103;339;215;76;2203;849;942;1203;649",2332,1.02733348025537,1.18389054062571,1.18389054062571,7.5620386447289,TRUE,TRUE,
"04_SBN-HIWTO","table2_2018_ols_hiv_positive","learnhivpos",88,0.0377358490566038,"Decrease",-0.156557060370346,1.03657675887445,1.1931338192448,1.1931338192448,7.62107960140769,TRUE,,TRUE,"205;13;78;55;1996;1873;1363;759;688;1145;1647;528;2195;1472;1369;451;1421;1423;1870;1148;1008;1991;81;524;11;382;2228;1775;2057;1725;2023;2024;1654;1821;2128;846;1962;2296;51;2267;85;693;1954;2276;211;1972;1164;1062;279;956;870;1305;772;1086;1168;186;1317;278;304;975;63;1176;91;376;1908;14;1208;978;1483;188;408;789;1000;1596;177;1315;936;1294;89;283;187;66;1837;711;781;1001;542;115","240;19;90;62;2396;2248;1648;916;824;1386;1987;633;2632;1784;1661;538;1726;1729;2245;1389;1220;2389;93;629;16;459;2692;2133;2461;2075;2425;2426;1994;2184;2547;1019;2354;2775;58;2739;97;830;2344;2753;251;2366;1406;1285;333;1150;1046;1579;930;1315;1410;212;1592;332;366;1172;73;1419;105;453;2292;20;1455;1175;1796;216;488;951;1202;1929;202;1590;1123;1567;103;339;215;76;2203;849;942;1203;649;132",2332,1.03657675887445,1.1931338192448,1.1931338192448,7.62107960140769,TRUE,TRUE,
"04_SBN-HIWTO","table2_2018_ols_hiv_positive","learnhivpos",89,0.0381646655231561,"Decrease",-0.156557060370346,1.04213967668873,1.19869673705908,1.19869673705908,7.65661244675573,TRUE,,TRUE,"205;13;78;55;1996;1873;1363;759;688;1145;1647;528;2195;1472;1369;451;1421;1423;1870;1148;1008;1991;81;524;11;382;2228;1775;2057;1725;2023;2024;1654;1821;2128;846;1962;2296;2267;51;85;693;1954;2276;211;1972;1164;1062;279;956;870;1305;772;1086;1168;186;1317;278;304;975;63;1176;91;376;1908;14;1208;978;1483;188;408;789;1596;1000;177;1315;936;1294;89;283;187;66;1837;711;781;1001;542;115;728","240;19;90;62;2396;2248;1648;916;824;1386;1987;633;2632;1784;1661;538;1726;1729;2245;1389;1220;2389;93;629;16;459;2692;2133;2461;2075;2425;2426;1994;2184;2547;1019;2354;2775;2739;58;97;830;2344;2753;251;2366;1406;1285;333;1150;1046;1579;930;1315;1410;212;1592;332;366;1172;73;1419;105;453;2292;20;1455;1175;1796;216;488;951;1929;1202;202;1590;1123;1567;103;339;215;76;2203;849;942;1203;649;132;874",2332,1.04213967668873,1.19869673705908,1.19869673705908,7.65661244675573,TRUE,TRUE,
"04_SBN-HIWTO","table2_2018_ols_hiv_positive","learnhivpos",90,0.0385934819897084,"Decrease",-0.156557060370346,1.05049391329053,1.20705097366088,1.20705097366088,7.70997469424581,TRUE,,TRUE,"205;13;78;55;1996;1873;1363;759;688;1145;1647;528;2195;1472;1369;451;1421;1423;1870;1148;1008;1991;81;524;11;382;2228;1775;2057;1725;2023;2024;1654;1821;2128;846;1962;2296;2267;51;85;693;1954;2276;211;1972;1164;1062;279;956;870;1305;772;1086;1168;186;1317;278;304;975;63;1176;91;376;1908;14;1208;978;1483;188;408;789;1596;1000;177;1315;936;1294;89;283;187;66;1837;711;781;1001;542;115;728;764","240;19;90;62;2396;2248;1648;916;824;1386;1987;633;2632;1784;1661;538;1726;1729;2245;1389;1220;2389;93;629;16;459;2692;2133;2461;2075;2425;2426;1994;2184;2547;1019;2354;2775;2739;58;97;830;2344;2753;251;2366;1406;1285;333;1150;1046;1579;930;1315;1410;212;1592;332;366;1172;73;1419;105;453;2292;20;1455;1175;1796;216;488;951;1929;1202;202;1590;1123;1567;103;339;215;76;2203;849;942;1203;649;132;874;921",2332,1.05049391329053,1.20705097366088,1.20705097366088,7.70997469424581,TRUE,TRUE,
"04_SBN-HIWTO","table2_2018_ols_hiv_positive","learnhivpos",91,0.0390222984562607,"Decrease",-0.156557060370346,1.06444399618461,1.22100105655496,1.22100105655496,7.79908011600755,TRUE,,TRUE,"205;13;78;55;1996;1873;1363;759;688;1145;1647;528;1472;2195;1369;451;1421;1423;1870;1148;1008;1991;81;524;11;382;2228;1775;2057;1725;2023;2024;1654;1821;2128;846;1962;2296;2267;51;693;85;1954;2276;211;1972;1164;1062;279;956;870;1305;772;1086;1168;186;1317;278;304;975;63;1176;91;376;1908;14;1208;978;1483;188;408;789;1596;1000;177;1315;936;1294;283;89;187;66;1837;711;781;1001;542;115;728;764;1400","240;19;90;62;2396;2248;1648;916;824;1386;1987;633;1784;2632;1661;538;1726;1729;2245;1389;1220;2389;93;629;16;459;2692;2133;2461;2075;2425;2426;1994;2184;2547;1019;2354;2775;2739;58;830;97;2344;2753;251;2366;1406;1285;333;1150;1046;1579;930;1315;1410;212;1592;332;366;1172;73;1419;105;453;2292;20;1455;1175;1796;216;488;951;1929;1202;202;1590;1123;1567;339;103;215;76;2203;849;942;1203;649;132;874;921;1703",2332,1.06444399618461,1.22100105655496,1.22100105655496,7.79908011600755,TRUE,TRUE,
"04_SBN-HIWTO","table2_2018_ols_hiv_positive","learnhivpos",92,0.039451114922813,"Decrease",-0.156557060370346,1.07734861569834,1.23390567606869,1.23390567606869,7.88150769534,TRUE,,TRUE,"205;13;78;55;1996;1873;1363;759;688;1145;1647;528;1472;2195;1369;451;1421;1423;1870;1148;1008;1991;81;524;11;382;2228;1775;2057;1725;2023;2024;1654;1821;2128;846;1962;2296;2267;51;693;1954;85;2276;211;1972;1164;1062;279;956;870;1305;772;1086;1168;186;1317;278;304;975;63;1176;91;376;1908;14;1208;978;1483;1596;188;408;789;1000;177;1315;283;936;1294;89;187;66;711;1837;1001;781;542;115;728;764;1400;1027","240;19;90;62;2396;2248;1648;916;824;1386;1987;633;1784;2632;1661;538;1726;1729;2245;1389;1220;2389;93;629;16;459;2692;2133;2461;2075;2425;2426;1994;2184;2547;1019;2354;2775;2739;58;830;2344;97;2753;251;2366;1406;1285;333;1150;1046;1579;930;1315;1410;212;1592;332;366;1172;73;1419;105;453;2292;20;1455;1175;1796;1929;216;488;951;1202;202;1590;339;1123;1567;103;215;76;849;2203;1203;942;649;132;874;921;1703;1241",2332,1.07734861569834,1.23390567606869,1.23390567606869,7.88150769534,TRUE,TRUE,
"04_SBN-HIWTO","table2_2018_ols_hiv_positive","learnhivpos",93,0.0398799313893654,"Decrease",-0.156557060370346,1.08934724336211,1.24590430373245,1.24590430373245,7.95814829931775,TRUE,,TRUE,"205;13;78;55;1996;1873;1363;759;688;1145;1647;528;1472;2195;1369;451;1421;1423;1870;1148;1008;1991;81;524;11;382;2228;1775;2057;1725;2023;2024;1654;1821;2128;846;1962;2296;2267;51;1954;693;85;2276;211;1972;1164;1062;279;956;870;1305;772;1086;1168;186;1317;278;304;975;63;1176;91;376;1908;14;1208;978;1596;1483;188;408;789;1000;177;1315;283;936;1294;89;187;66;711;1837;1001;781;542;115;728;764;1400;1027;1640","240;19;90;62;2396;2248;1648;916;824;1386;1987;633;1784;2632;1661;538;1726;1729;2245;1389;1220;2389;93;629;16;459;2692;2133;2461;2075;2425;2426;1994;2184;2547;1019;2354;2775;2739;58;2344;830;97;2753;251;2366;1406;1285;333;1150;1046;1579;930;1315;1410;212;1592;332;366;1172;73;1419;105;453;2292;20;1455;1175;1929;1796;216;488;951;1202;202;1590;339;1123;1567;103;215;76;849;2203;1203;942;649;132;874;921;1703;1241;1979",2332,1.08934724336211,1.24590430373245,1.24590430373245,7.95814829931775,TRUE,TRUE,
"04_SBN-HIWTO","table2_2018_ols_hiv_positive","learnhivpos",94,0.0403087478559177,"Decrease",-0.156557060370346,1.09098711829196,1.24754417866231,1.24754417866231,7.96862291429821,TRUE,,TRUE,"205;13;78;55;1996;1873;1363;759;688;1145;1647;528;1472;2195;1369;451;1421;1423;1870;1148;1008;1991;81;524;11;382;2228;1775;2057;1725;2023;2024;1654;1821;2128;846;1962;2296;2267;51;1954;693;85;2276;211;1972;1164;1062;279;870;956;1305;772;1086;1168;186;1317;278;304;975;63;1176;91;376;1908;14;1208;978;1596;1483;188;408;789;1000;177;283;1315;936;1294;89;187;66;711;1837;1001;781;542;115;728;764;1400;1027;1640;1621","240;19;90;62;2396;2248;1648;916;824;1386;1987;633;1784;2632;1661;538;1726;1729;2245;1389;1220;2389;93;629;16;459;2692;2133;2461;2075;2425;2426;1994;2184;2547;1019;2354;2775;2739;58;2344;830;97;2753;251;2366;1406;1285;333;1046;1150;1579;930;1315;1410;212;1592;332;366;1172;73;1419;105;453;2292;20;1455;1175;1929;1796;216;488;951;1202;202;339;1590;1123;1567;103;215;76;849;2203;1203;942;649;132;874;921;1703;1241;1979;1956",2332,1.09098711829196,1.24754417866231,1.24754417866231,7.96862291429821,TRUE,TRUE,
"04_SBN-HIWTO","table2_2018_ols_hiv_positive","learnhivpos",95,0.04073756432247,"Decrease",-0.156557060370346,1.09263563335437,1.24919269372472,1.24919269372472,7.97915271767157,TRUE,,TRUE,"205;13;78;55;1996;1873;1363;759;688;1145;1647;528;1472;2195;1369;451;1421;1423;1870;1148;1008;1991;81;524;11;382;2228;1775;2057;1725;2023;2024;1654;1821;2128;846;1962;2296;2267;51;1954;693;85;2276;211;1972;1164;1062;279;870;956;1305;772;1086;1168;186;1317;278;304;975;63;1176;91;376;1908;14;1208;1596;978;1483;188;408;789;1000;283;177;1315;936;1294;89;187;66;711;1837;1001;781;542;115;728;764;1400;1027;1640;1621;1642","240;19;90;62;2396;2248;1648;916;824;1386;1987;633;1784;2632;1661;538;1726;1729;2245;1389;1220;2389;93;629;16;459;2692;2133;2461;2075;2425;2426;1994;2184;2547;1019;2354;2775;2739;58;2344;830;97;2753;251;2366;1406;1285;333;1046;1150;1579;930;1315;1410;212;1592;332;366;1172;73;1419;105;453;2292;20;1455;1929;1175;1796;216;488;951;1202;339;202;1590;1123;1567;103;215;76;849;2203;1203;942;649;132;874;921;1703;1241;1979;1956;1981",2332,1.09263563335437,1.24919269372472,1.24919269372472,7.97915271767157,TRUE,TRUE,
"04_SBN-HIWTO","table2_2018_ols_hiv_positive","learnhivpos",96,0.0411663807890223,"Decrease",-0.156557060370346,1.09429092873393,1.25084798910428,1.25084798910428,7.98972582996458,TRUE,,TRUE,"205;13;78;55;1996;1873;1363;759;688;1145;1647;528;1472;2195;1369;451;1421;1423;1870;1148;1008;1991;81;524;11;382;2228;1775;2057;1725;2023;2024;1654;1821;2128;846;1962;2296;2267;51;1954;693;85;2276;211;1972;1164;1062;279;870;956;1305;772;1086;1168;186;1317;278;304;975;63;1176;91;376;1908;14;1208;1596;978;1483;188;408;789;1000;283;177;1315;936;1294;89;187;66;711;1837;1001;781;542;115;728;764;1400;1027;1640;1621;1642;1898","240;19;90;62;2396;2248;1648;916;824;1386;1987;633;1784;2632;1661;538;1726;1729;2245;1389;1220;2389;93;629;16;459;2692;2133;2461;2075;2425;2426;1994;2184;2547;1019;2354;2775;2739;58;2344;830;97;2753;251;2366;1406;1285;333;1046;1150;1579;930;1315;1410;212;1592;332;366;1172;73;1419;105;453;2292;20;1455;1929;1175;1796;216;488;951;1202;339;202;1590;1123;1567;103;215;76;849;2203;1203;942;649;132;874;921;1703;1241;1979;1956;1981;2281",2332,1.09429092873393,1.25084798910428,1.25084798910428,7.98972582996458,TRUE,TRUE,
"04_SBN-HIWTO","table2_2018_ols_hiv_positive","learnhivpos",97,0.0415951972555746,"Decrease",-0.156557060370346,,,,,FALSE,"Target coefficient `learnhivpos` is not finite after refitting.",TRUE,"205;13;78;55;1996;1873;1363;759;688;1145;1647;528;1472;2195;1369;451;1421;1423;1870;1148;1008;1991;81;524;11;382;2228;1775;2057;1725;2023;2024;1654;1821;2128;846;1962;2296;2267;51;1954;693;85;2276;211;1972;1164;1062;279;870;956;1305;772;1086;1168;186;1317;278;304;975;63;1176;91;376;1908;14;1208;1596;978;1483;188;408;789;1000;283;177;1315;936;1294;89;187;66;711;1837;1001;781;542;115;728;764;1400;1027;1640;1621;1642;1898;1584","240;19;90;62;2396;2248;1648;916;824;1386;1987;633;1784;2632;1661;538;1726;1729;2245;1389;1220;2389;93;629;16;459;2692;2133;2461;2075;2425;2426;1994;2184;2547;1019;2354;2775;2739;58;2344;830;97;2753;251;2366;1406;1285;333;1046;1150;1579;930;1315;1410;212;1592;332;366;1172;73;1419;105;453;2292;20;1455;1929;1175;1796;216;488;951;1202;339;202;1590;1123;1567;103;215;76;849;2203;1203;942;649;132;874;921;1703;1241;1979;1956;1981;2281;1913",2332,,,,,TRUE,FALSE,"Target coefficient `learnhivpos` is not finite after refitting."
"04_SBN-HIWTO","table2_2018_ols_hiv_positive","learnhivpos",98,0.0420240137221269,"Decrease",-0.156557060370346,,,,,FALSE,"Target coefficient `learnhivpos` is not finite after refitting.",TRUE,"205;13;78;55;1996;1873;1363;759;688;1145;1647;528;1472;2195;1369;451;1421;1423;1870;1148;1008;1991;81;524;11;382;2228;1775;2057;1725;2023;2024;1654;1821;2128;846;1962;2296;2267;51;1954;693;85;2276;211;1972;1164;1062;279;870;956;1305;772;1086;1168;186;1317;278;304;975;63;1176;91;376;1908;14;1208;1596;978;1483;188;408;789;1000;283;177;1315;936;1294;89;187;711;66;1837;1001;781;542;115;728;764;1400;1027;1640;1621;1584;1642;1898;1622","240;19;90;62;2396;2248;1648;916;824;1386;1987;633;1784;2632;1661;538;1726;1729;2245;1389;1220;2389;93;629;16;459;2692;2133;2461;2075;2425;2426;1994;2184;2547;1019;2354;2775;2739;58;2344;830;97;2753;251;2366;1406;1285;333;1046;1150;1579;930;1315;1410;212;1592;332;366;1172;73;1419;105;453;2292;20;1455;1929;1175;1796;216;488;951;1202;339;202;1590;1123;1567;103;215;849;76;2203;1203;942;649;132;874;921;1703;1241;1979;1956;1913;1981;2281;1957",2332,,,,,TRUE,FALSE,"Target coefficient `learnhivpos` is not finite after refitting."
"04_SBN-HIWTO","table2_2018_ols_hiv_positive","learnhivpos",99,0.0424528301886792,"Decrease",-0.156557060370346,,,,,FALSE,"Target coefficient `learnhivpos` is not finite after refitting.",TRUE,"205;13;78;55;1996;1873;1363;759;688;1145;1647;528;1472;2195;1369;451;1421;1423;1870;1148;1008;1991;81;524;11;382;2228;1775;2057;1725;2023;2024;1654;1821;2128;846;1962;2296;2267;51;1954;693;85;2276;211;1972;1164;1062;279;870;956;1305;772;1086;1168;186;1317;278;304;975;63;1176;91;376;1908;14;1208;1596;978;1483;188;408;789;1000;283;177;1315;936;1294;89;187;711;66;1837;1001;781;542;115;728;764;1400;1027;1640;1584;1621;1642;1898;1622;1730","240;19;90;62;2396;2248;1648;916;824;1386;1987;633;1784;2632;1661;538;1726;1729;2245;1389;1220;2389;93;629;16;459;2692;2133;2461;2075;2425;2426;1994;2184;2547;1019;2354;2775;2739;58;2344;830;97;2753;251;2366;1406;1285;333;1046;1150;1579;930;1315;1410;212;1592;332;366;1172;73;1419;105;453;2292;20;1455;1929;1175;1796;216;488;951;1202;339;202;1590;1123;1567;103;215;849;76;2203;1203;942;649;132;874;921;1703;1241;1979;1913;1956;1981;2281;1957;2080",2332,,,,,TRUE,FALSE,"Target coefficient `learnhivpos` is not finite after refitting."
"04_SBN-HIWTO","table2_2018_ols_hiv_positive","learnhivpos",100,0.0428816466552316,"Decrease",-0.156557060370346,,,,,FALSE,"Target coefficient `learnhivpos` is not finite after refitting.",TRUE,"205;13;78;55;1996;1873;1363;759;688;1145;1647;528;1472;2195;1369;451;1421;1423;1870;1148;1008;1991;81;524;11;382;2228;1775;2057;1725;2023;2024;1654;1821;2128;846;1962;2296;2267;51;1954;693;85;2276;211;1972;1164;1062;279;870;956;1305;772;1086;1168;186;1317;278;304;975;63;1176;91;376;1908;14;1596;1208;978;1483;188;408;789;1000;283;177;1315;936;1294;89;187;711;66;1837;1001;781;542;115;728;764;1400;1027;1640;1584;1621;1642;1898;1622;1730;1641","240;19;90;62;2396;2248;1648;916;824;1386;1987;633;1784;2632;1661;538;1726;1729;2245;1389;1220;2389;93;629;16;459;2692;2133;2461;2075;2425;2426;1994;2184;2547;1019;2354;2775;2739;58;2344;830;97;2753;251;2366;1406;1285;333;1046;1150;1579;930;1315;1410;212;1592;332;366;1172;73;1419;105;453;2292;20;1929;1455;1175;1796;216;488;951;1202;339;202;1590;1123;1567;103;215;849;76;2203;1203;942;649;132;874;921;1703;1241;1979;1913;1956;1981;2281;1957;2080;1980",2332,,,,,TRUE,FALSE,"Target coefficient `learnhivpos` is not finite after refitting."
"04_SBN-HIWTO","table2_2018_ols_hiv_positive","learnhivpos",101,0.0433104631217839,"Decrease",-0.156557060370346,,,,,FALSE,"Target coefficient `learnhivpos` is not finite after refitting.",TRUE,"205;13;78;55;1996;1873;1363;759;688;1145;1647;528;1472;2195;1369;451;1421;1423;1870;1148;1008;1991;81;524;11;382;2228;1775;2057;1725;2023;2024;1654;1821;2128;846;1962;2296;2267;51;1954;693;85;2276;211;1972;1164;1062;279;870;956;1305;772;1086;1168;186;1317;278;304;975;63;1176;91;376;1908;14;1596;1208;978;1483;188;408;789;1000;283;177;1315;936;1294;89;187;711;66;1837;1001;781;542;115;728;764;1400;1027;1640;1584;1621;1642;1898;1622;1730;1641;1859","240;19;90;62;2396;2248;1648;916;824;1386;1987;633;1784;2632;1661;538;1726;1729;2245;1389;1220;2389;93;629;16;459;2692;2133;2461;2075;2425;2426;1994;2184;2547;1019;2354;2775;2739;58;2344;830;97;2753;251;2366;1406;1285;333;1046;1150;1579;930;1315;1410;212;1592;332;366;1172;73;1419;105;453;2292;20;1929;1455;1175;1796;216;488;951;1202;339;202;1590;1123;1567;103;215;849;76;2203;1203;942;649;132;874;921;1703;1241;1979;1913;1956;1981;2281;1957;2080;1980;2228",2332,,,,,TRUE,FALSE,"Target coefficient `learnhivpos` is not finite after refitting."
"04_SBN-HIWTO","table2_2018_ols_hiv_positive","learnhivpos",102,0.0437392795883362,"Decrease",-0.156557060370346,,,,,FALSE,"Target coefficient `learnhivpos` is not finite after refitting.",TRUE,"205;13;78;55;1996;1873;1363;759;688;1145;1647;528;1472;2195;1369;451;1421;1423;1870;1148;1008;1991;81;524;11;382;2228;1775;2057;1725;2023;2024;1654;1821;2128;846;1962;2296;2267;51;1954;693;85;2276;211;1972;1164;1062;279;870;956;1305;772;1086;1168;186;1317;278;304;975;63;1176;91;376;1908;1596;14;1208;978;1483;188;408;789;1000;283;177;1315;936;1294;89;187;711;66;1837;1001;781;542;115;728;764;1400;1027;1640;1584;1621;1642;1898;1622;1730;1641;1859;482","240;19;90;62;2396;2248;1648;916;824;1386;1987;633;1784;2632;1661;538;1726;1729;2245;1389;1220;2389;93;629;16;459;2692;2133;2461;2075;2425;2426;1994;2184;2547;1019;2354;2775;2739;58;2344;830;97;2753;251;2366;1406;1285;333;1046;1150;1579;930;1315;1410;212;1592;332;366;1172;73;1419;105;453;2292;1929;20;1455;1175;1796;216;488;951;1202;339;202;1590;1123;1567;103;215;849;76;2203;1203;942;649;132;874;921;1703;1241;1979;1913;1956;1981;2281;1957;2080;1980;2228;571",2332,,,,,TRUE,FALSE,"Target coefficient `learnhivpos` is not finite after refitting."
"04_SBN-HIWTO","table2_2018_ols_hiv_positive","learnhivpos",103,0.0441680960548885,"Decrease",-0.156557060370346,,,,,FALSE,"Target coefficient `learnhivpos` is not finite after refitting.",TRUE,"205;13;78;55;1996;1873;1363;759;688;1145;1647;528;1472;2195;1369;451;1421;1423;1870;1148;1008;1991;81;524;11;382;2228;1775;2057;1725;2023;2024;1654;1821;2128;846;1962;2296;2267;51;1954;693;85;2276;211;1972;1164;1062;279;870;956;1305;772;1086;1168;186;1317;278;304;975;63;1176;91;376;1908;1596;14;1208;978;1483;188;408;789;1000;283;177;1315;936;1294;89;187;711;66;1837;1001;781;542;115;728;764;1400;1027;1640;1584;1621;1642;1898;1622;1730;1641;1859;482;169","240;19;90;62;2396;2248;1648;916;824;1386;1987;633;1784;2632;1661;538;1726;1729;2245;1389;1220;2389;93;629;16;459;2692;2133;2461;2075;2425;2426;1994;2184;2547;1019;2354;2775;2739;58;2344;830;97;2753;251;2366;1406;1285;333;1046;1150;1579;930;1315;1410;212;1592;332;366;1172;73;1419;105;453;2292;1929;20;1455;1175;1796;216;488;951;1202;339;202;1590;1123;1567;103;215;849;76;2203;1203;942;649;132;874;921;1703;1241;1979;1913;1956;1981;2281;1957;2080;1980;2228;571;192",2332,,,,,TRUE,FALSE,"Target coefficient `learnhivpos` is not finite after refitting."
"04_SBN-HIWTO","table2_2018_ols_hiv_positive","learnhivpos",104,0.0445969125214408,"Decrease",-0.156557060370346,,,,,FALSE,"Target coefficient `learnhivpos` is not finite after refitting.",TRUE,"205;13;78;55;1996;1873;1363;759;688;1145;1647;528;1472;1369;2195;451;1421;1423;1870;1148;1008;1991;81;524;11;382;2228;1775;2057;1725;2023;2024;1654;1821;2128;846;1962;2296;2267;51;1954;693;85;2276;211;1972;1164;1062;279;870;956;1305;772;1086;1168;186;1317;278;304;975;63;1176;91;1596;376;1908;14;1208;978;1483;188;408;789;1000;283;177;1315;936;1294;89;187;711;66;1837;1001;781;542;115;728;764;1400;1027;1640;1584;1621;1642;1898;1622;1730;1641;1859;482;169;354","240;19;90;62;2396;2248;1648;916;824;1386;1987;633;1784;1661;2632;538;1726;1729;2245;1389;1220;2389;93;629;16;459;2692;2133;2461;2075;2425;2426;1994;2184;2547;1019;2354;2775;2739;58;2344;830;97;2753;251;2366;1406;1285;333;1046;1150;1579;930;1315;1410;212;1592;332;366;1172;73;1419;105;1929;453;2292;20;1455;1175;1796;216;488;951;1202;339;202;1590;1123;1567;103;215;849;76;2203;1203;942;649;132;874;921;1703;1241;1979;1913;1956;1981;2281;1957;2080;1980;2228;571;192;426",2332,,,,,TRUE,FALSE,"Target coefficient `learnhivpos` is not finite after refitting."
"04_SBN-HIWTO","table2_2018_ols_hiv_positive","learnhivpos",105,0.0450257289879931,"Decrease",-0.156557060370346,,,,,FALSE,"Target coefficient `learnhivpos` is not finite after refitting.",TRUE,"205;13;78;55;1996;1873;1363;759;688;1145;1647;528;1472;1369;2195;451;1421;1423;1870;1148;1008;1991;81;524;11;382;2228;1775;2057;1725;2023;2024;1654;1821;2128;846;1962;2296;2267;51;1954;693;85;2276;211;1972;1164;1062;279;870;956;1305;772;1086;1168;186;1317;278;304;975;63;1176;91;1596;376;1908;14;1208;978;1483;188;408;789;1000;283;177;1315;936;1294;89;187;711;66;1837;1001;781;542;115;728;764;1400;1027;1640;1584;1621;1642;1898;1622;1730;1641;1859;482;169;354;202","240;19;90;62;2396;2248;1648;916;824;1386;1987;633;1784;1661;2632;538;1726;1729;2245;1389;1220;2389;93;629;16;459;2692;2133;2461;2075;2425;2426;1994;2184;2547;1019;2354;2775;2739;58;2344;830;97;2753;251;2366;1406;1285;333;1046;1150;1579;930;1315;1410;212;1592;332;366;1172;73;1419;105;1929;453;2292;20;1455;1175;1796;216;488;951;1202;339;202;1590;1123;1567;103;215;849;76;2203;1203;942;649;132;874;921;1703;1241;1979;1913;1956;1981;2281;1957;2080;1980;2228;571;192;426;235",2332,,,,,TRUE,FALSE,"Target coefficient `learnhivpos` is not finite after refitting."
"04_SBN-HIWTO","table2_2018_ols_hiv_positive","learnhivpos",106,0.0454545454545455,"Decrease",-0.156557060370346,,,,,FALSE,"Target coefficient `learnhivpos` is not finite after refitting.",TRUE,"205;13;78;55;1996;1873;1363;759;688;1145;1647;528;1472;1369;2195;451;1421;1423;1870;1148;1008;1991;81;524;11;382;2228;1775;2057;1725;2023;2024;1654;1821;2128;846;1962;2296;2267;51;1954;693;85;2276;211;1972;1164;1062;279;870;956;1305;772;1086;1168;186;1317;278;304;975;63;1176;1596;91;376;1908;14;1208;978;1483;188;408;789;283;1000;177;1315;936;1294;89;711;187;66;1837;1001;781;542;115;728;764;1400;1027;1640;1584;1621;1642;1898;1622;1730;1641;1859;482;169;354;202;365","240;19;90;62;2396;2248;1648;916;824;1386;1987;633;1784;1661;2632;538;1726;1729;2245;1389;1220;2389;93;629;16;459;2692;2133;2461;2075;2425;2426;1994;2184;2547;1019;2354;2775;2739;58;2344;830;97;2753;251;2366;1406;1285;333;1046;1150;1579;930;1315;1410;212;1592;332;366;1172;73;1419;1929;105;453;2292;20;1455;1175;1796;216;488;951;339;1202;202;1590;1123;1567;103;849;215;76;2203;1203;942;649;132;874;921;1703;1241;1979;1913;1956;1981;2281;1957;2080;1980;2228;571;192;426;235;442",2332,,,,,TRUE,FALSE,"Target coefficient `learnhivpos` is not finite after refitting."
"04_SBN-HIWTO","table2_2018_ols_hiv_positive","learnhivpos",107,0.0458833619210978,"Decrease",-0.156557060370346,,,,,FALSE,"Target coefficient `learnhivpos` is not finite after refitting.",TRUE,"205;13;78;55;1996;1873;1363;759;688;1145;1647;528;1472;1369;2195;451;1421;1423;1870;1148;1008;1991;81;524;11;382;2228;1775;2057;1725;2023;2024;1654;1821;2128;846;1962;2296;2267;51;1954;693;85;2276;211;1972;1164;1062;279;870;956;1305;772;1086;1168;186;1317;278;304;975;63;1176;1596;91;376;1908;14;1208;978;1483;188;408;789;283;1000;177;1315;936;1294;89;711;187;66;1837;1001;781;542;115;728;764;1400;1027;1640;1584;1621;1642;1898;1622;1730;1641;1859;482;169;354;202;365;212","240;19;90;62;2396;2248;1648;916;824;1386;1987;633;1784;1661;2632;538;1726;1729;2245;1389;1220;2389;93;629;16;459;2692;2133;2461;2075;2425;2426;1994;2184;2547;1019;2354;2775;2739;58;2344;830;97;2753;251;2366;1406;1285;333;1046;1150;1579;930;1315;1410;212;1592;332;366;1172;73;1419;1929;105;453;2292;20;1455;1175;1796;216;488;951;339;1202;202;1590;1123;1567;103;849;215;76;2203;1203;942;649;132;874;921;1703;1241;1979;1913;1956;1981;2281;1957;2080;1980;2228;571;192;426;235;442;252",2332,,,,,TRUE,FALSE,"Target coefficient `learnhivpos` is not finite after refitting."
"04_SBN-HIWTO","table2_2018_ols_hiv_positive","learnhivpos",108,0.0463121783876501,"Decrease",-0.156557060370346,,,,,FALSE,"Target coefficient `learnhivpos` is not finite after refitting.",TRUE,"205;13;78;55;1996;1873;1363;759;688;1145;1647;528;1472;1369;2195;451;1421;1423;1870;1148;1008;1991;81;524;11;382;2228;1775;2057;1725;2023;2024;1654;1821;2128;846;1962;2296;2267;51;1954;693;85;2276;211;1972;1164;1062;279;870;956;1305;772;1086;1168;186;1317;278;304;975;63;1596;1176;91;376;1908;14;1208;978;1483;188;408;789;283;1000;177;1315;936;1294;89;711;187;66;1001;1837;542;781;115;728;764;1400;1027;1640;1584;1621;1642;1898;1622;1730;1641;1859;482;169;354;202;365;212;317","240;19;90;62;2396;2248;1648;916;824;1386;1987;633;1784;1661;2632;538;1726;1729;2245;1389;1220;2389;93;629;16;459;2692;2133;2461;2075;2425;2426;1994;2184;2547;1019;2354;2775;2739;58;2344;830;97;2753;251;2366;1406;1285;333;1046;1150;1579;930;1315;1410;212;1592;332;366;1172;73;1929;1419;105;453;2292;20;1455;1175;1796;216;488;951;339;1202;202;1590;1123;1567;103;849;215;76;1203;2203;649;942;132;874;921;1703;1241;1979;1913;1956;1981;2281;1957;2080;1980;2228;571;192;426;235;442;252;382",2332,,,,,TRUE,FALSE,"Target coefficient `learnhivpos` is not finite after refitting."
"04_SBN-HIWTO","table2_2018_ols_hiv_positive","learnhivpos",109,0.0467409948542024,"Decrease",-0.156557060370346,,,,,FALSE,"Target coefficient `learnhivpos` is not finite after refitting.",TRUE,"205;13;78;55;1996;1873;1363;759;688;1145;1647;528;1472;1369;2195;451;1421;1423;1870;1148;1008;1991;81;524;11;382;2228;1775;2057;1725;2023;2024;1654;1821;2128;846;1962;2296;2267;51;1954;693;85;2276;211;1972;1164;1062;279;870;956;1305;772;1086;1168;186;1317;278;304;975;1596;63;1176;91;376;1908;14;1208;978;1483;188;408;789;283;1000;177;1315;936;1294;89;711;187;66;1001;1837;542;115;781;728;764;1400;1027;1640;1584;1621;1642;1898;1622;1730;1641;1859;482;169;354;202;365;212;317;263","240;19;90;62;2396;2248;1648;916;824;1386;1987;633;1784;1661;2632;538;1726;1729;2245;1389;1220;2389;93;629;16;459;2692;2133;2461;2075;2425;2426;1994;2184;2547;1019;2354;2775;2739;58;2344;830;97;2753;251;2366;1406;1285;333;1046;1150;1579;930;1315;1410;212;1592;332;366;1172;1929;73;1419;105;453;2292;20;1455;1175;1796;216;488;951;339;1202;202;1590;1123;1567;103;849;215;76;1203;2203;649;132;942;874;921;1703;1241;1979;1913;1956;1981;2281;1957;2080;1980;2228;571;192;426;235;442;252;382;315",2332,,,,,TRUE,FALSE,"Target coefficient `learnhivpos` is not finite after refitting."
"04_SBN-HIWTO","table2_2018_ols_hiv_positive","learnhivpos",110,0.0471698113207547,"Decrease",-0.156557060370346,,,,,FALSE,"Target coefficient `learnhivpos` is not finite after refitting.",TRUE,"205;13;78;55;1996;1873;1363;759;688;1145;1647;528;1472;1369;2195;451;1421;1423;1870;1148;1008;1991;81;524;11;382;2228;1775;2057;1725;2023;2024;1654;1821;2128;846;1962;2296;2267;51;1954;693;85;2276;211;1972;1164;1062;279;870;956;1305;772;1086;1168;186;1317;278;304;1596;975;63;1176;91;376;1908;14;1208;978;1483;188;408;789;283;1000;177;1315;936;1294;89;711;187;66;1001;1837;542;115;781;728;764;1400;1027;1640;1584;1621;1642;1898;1622;1730;1641;1859;482;169;354;202;365;212;317;263;523","240;19;90;62;2396;2248;1648;916;824;1386;1987;633;1784;1661;2632;538;1726;1729;2245;1389;1220;2389;93;629;16;459;2692;2133;2461;2075;2425;2426;1994;2184;2547;1019;2354;2775;2739;58;2344;830;97;2753;251;2366;1406;1285;333;1046;1150;1579;930;1315;1410;212;1592;332;366;1929;1172;73;1419;105;453;2292;20;1455;1175;1796;216;488;951;339;1202;202;1590;1123;1567;103;849;215;76;1203;2203;649;132;942;874;921;1703;1241;1979;1913;1956;1981;2281;1957;2080;1980;2228;571;192;426;235;442;252;382;315;628",2332,,,,,TRUE,FALSE,"Target coefficient `learnhivpos` is not finite after refitting."
"04_SBN-HIWTO","table2_2018_ols_hiv_positive","learnhivpos",111,0.047598627787307,"Decrease",-0.156557060370346,,,,,FALSE,"Target coefficient `learnhivpos` is not finite after refitting.",TRUE,"205;13;78;55;1996;1873;1363;759;688;1145;1647;528;1472;1369;2195;451;1421;1423;1870;1148;1008;1991;81;524;11;382;2228;1775;2057;1725;2023;2024;1654;1821;2128;846;1962;2296;2267;51;1954;693;85;2276;211;1972;1164;1062;279;870;956;1305;772;1086;1168;186;1317;278;304;1596;975;63;1176;91;376;1908;14;1208;978;1483;188;408;789;283;1000;177;1315;936;1294;89;711;187;66;1001;1837;542;115;781;728;764;1400;1027;1640;1584;1621;1642;1898;1622;1730;1641;1859;482;169;354;202;365;212;317;263;523;1450","240;19;90;62;2396;2248;1648;916;824;1386;1987;633;1784;1661;2632;538;1726;1729;2245;1389;1220;2389;93;629;16;459;2692;2133;2461;2075;2425;2426;1994;2184;2547;1019;2354;2775;2739;58;2344;830;97;2753;251;2366;1406;1285;333;1046;1150;1579;930;1315;1410;212;1592;332;366;1929;1172;73;1419;105;453;2292;20;1455;1175;1796;216;488;951;339;1202;202;1590;1123;1567;103;849;215;76;1203;2203;649;132;942;874;921;1703;1241;1979;1913;1956;1981;2281;1957;2080;1980;2228;571;192;426;235;442;252;382;315;628;1759",2332,,,,,TRUE,FALSE,"Target coefficient `learnhivpos` is not finite after refitting."
"04_SBN-HIWTO","table2_2018_ols_hiv_positive","learnhivpos",112,0.0480274442538593,"Decrease",-0.156557060370346,,,,,FALSE,"Target coefficient `learnhivpos` is not finite after refitting.",TRUE,"205;13;78;55;1996;1873;1363;759;688;1145;1647;528;1472;1369;2195;451;1421;1423;1870;1148;1008;1991;81;524;11;382;2228;1775;2057;1725;2023;2024;1654;1821;2128;846;1962;2296;2267;51;1954;693;85;2276;211;1972;1164;1062;279;870;956;1305;772;1086;1168;186;1317;278;1596;304;975;63;1176;91;1908;376;14;1208;978;1483;188;408;789;283;1000;177;1315;936;1294;89;711;187;66;1001;1837;542;115;781;728;764;1400;1027;1640;1584;1621;1642;1898;1622;1730;1641;1859;482;169;354;202;365;212;317;263;523;1450;1320","240;19;90;62;2396;2248;1648;916;824;1386;1987;633;1784;1661;2632;538;1726;1729;2245;1389;1220;2389;93;629;16;459;2692;2133;2461;2075;2425;2426;1994;2184;2547;1019;2354;2775;2739;58;2344;830;97;2753;251;2366;1406;1285;333;1046;1150;1579;930;1315;1410;212;1592;332;1929;366;1172;73;1419;105;2292;453;20;1455;1175;1796;216;488;951;339;1202;202;1590;1123;1567;103;849;215;76;1203;2203;649;132;942;874;921;1703;1241;1979;1913;1956;1981;2281;1957;2080;1980;2228;571;192;426;235;442;252;382;315;628;1759;1595",2332,,,,,TRUE,FALSE,"Target coefficient `learnhivpos` is not finite after refitting."
"04_SBN-HIWTO","table2_2018_ols_hiv_positive","learnhivpos",113,0.0484562607204117,"Decrease",-0.156557060370346,,,,,FALSE,"Target coefficient `learnhivpos` is not finite after refitting.",TRUE,"205;13;78;55;1996;1873;1363;759;688;1145;1647;528;1472;1369;2195;451;1421;1423;1870;1148;1008;1991;81;524;11;382;2228;1775;2057;1725;2023;2024;1654;1821;2128;846;1962;2296;2267;51;1954;693;85;2276;211;1972;1164;1062;279;870;956;1305;772;1086;1168;186;1317;278;1596;304;975;63;1176;91;1908;376;14;1208;978;1483;188;408;283;789;1000;177;1315;936;1294;89;711;187;66;1001;1837;542;115;781;728;764;1400;1027;1640;1584;1621;1642;1898;1622;1730;1641;1859;482;169;354;202;365;212;317;263;523;1450;1320;752","240;19;90;62;2396;2248;1648;916;824;1386;1987;633;1784;1661;2632;538;1726;1729;2245;1389;1220;2389;93;629;16;459;2692;2133;2461;2075;2425;2426;1994;2184;2547;1019;2354;2775;2739;58;2344;830;97;2753;251;2366;1406;1285;333;1046;1150;1579;930;1315;1410;212;1592;332;1929;366;1172;73;1419;105;2292;453;20;1455;1175;1796;216;488;339;951;1202;202;1590;1123;1567;103;849;215;76;1203;2203;649;132;942;874;921;1703;1241;1979;1913;1956;1981;2281;1957;2080;1980;2228;571;192;426;235;442;252;382;315;628;1759;1595;908",2332,,,,,TRUE,FALSE,"Target coefficient `learnhivpos` is not finite after refitting."
"04_SBN-HIWTO","table2_2018_ols_hiv_positive","learnhivpos",114,0.048885077186964,"Decrease",-0.156557060370346,,,,,FALSE,"Target coefficient `learnhivpos` is not finite after refitting.",TRUE,"205;13;78;55;1996;1873;1363;759;688;1145;1647;528;1472;1369;2195;451;1421;1423;1870;1148;1008;1991;81;524;11;382;2228;1775;2057;1725;2023;2024;1654;1821;2128;846;1962;2296;2267;51;1954;693;85;2276;211;1972;1164;1062;279;870;956;1305;772;1086;1168;186;1317;278;1596;304;975;63;1176;91;1908;376;14;1208;978;1483;283;188;408;789;1000;177;1315;936;1294;89;711;187;66;1001;1837;542;115;781;728;764;1400;1027;1640;1584;1621;1642;1898;1622;1730;1641;1859;482;169;354;202;365;212;317;263;523;1450;1320;752;1406","240;19;90;62;2396;2248;1648;916;824;1386;1987;633;1784;1661;2632;538;1726;1729;2245;1389;1220;2389;93;629;16;459;2692;2133;2461;2075;2425;2426;1994;2184;2547;1019;2354;2775;2739;58;2344;830;97;2753;251;2366;1406;1285;333;1046;1150;1579;930;1315;1410;212;1592;332;1929;366;1172;73;1419;105;2292;453;20;1455;1175;1796;339;216;488;951;1202;202;1590;1123;1567;103;849;215;76;1203;2203;649;132;942;874;921;1703;1241;1979;1913;1956;1981;2281;1957;2080;1980;2228;571;192;426;235;442;252;382;315;628;1759;1595;908;1709",2332,,,,,TRUE,FALSE,"Target coefficient `learnhivpos` is not finite after refitting."
"04_SBN-HIWTO","table2_2018_ols_hiv_positive","learnhivpos",115,0.0493138936535163,"Decrease",-0.156557060370346,,,,,FALSE,"Target coefficient `learnhivpos` is not finite after refitting.",TRUE,"205;13;78;55;1996;1873;1363;759;688;1145;1647;528;1472;1369;2195;451;1421;1423;1870;1148;1008;81;1991;524;11;382;2228;1775;2057;1725;2023;2024;1654;1821;2128;846;1962;2296;2267;51;1954;693;85;2276;211;1972;1164;1062;279;870;956;1305;772;1086;1168;186;1596;1317;278;304;975;63;1176;91;1908;376;14;1208;978;283;1483;188;408;789;1000;177;1315;936;1294;89;711;187;66;1001;1837;542;115;781;728;764;1400;1027;1640;1584;1621;1642;1898;1622;1730;1641;1859;482;169;354;202;365;212;317;263;523;1450;1320;752;1406;762","240;19;90;62;2396;2248;1648;916;824;1386;1987;633;1784;1661;2632;538;1726;1729;2245;1389;1220;93;2389;629;16;459;2692;2133;2461;2075;2425;2426;1994;2184;2547;1019;2354;2775;2739;58;2344;830;97;2753;251;2366;1406;1285;333;1046;1150;1579;930;1315;1410;212;1929;1592;332;366;1172;73;1419;105;2292;453;20;1455;1175;339;1796;216;488;951;1202;202;1590;1123;1567;103;849;215;76;1203;2203;649;132;942;874;921;1703;1241;1979;1913;1956;1981;2281;1957;2080;1980;2228;571;192;426;235;442;252;382;315;628;1759;1595;908;1709;919",2332,,,,,TRUE,FALSE,"Target coefficient `learnhivpos` is not finite after refitting."
"04_SBN-HIWTO","table2_2018_ols_hiv_positive","learnhivpos",116,0.0497427101200686,"Decrease",-0.156557060370346,,,,,FALSE,"Target coefficient `learnhivpos` is not finite after refitting.",TRUE,"205;13;78;55;1996;1873;1363;759;688;1145;1647;528;1472;1369;2195;451;1421;1423;1870;1148;1008;81;1991;524;11;382;2228;1775;2057;1725;2023;2024;1654;1821;2128;846;1962;2296;2267;51;1954;693;85;2276;1972;211;1164;1062;279;870;956;1305;772;1086;1168;1596;186;1317;278;304;975;63;1176;91;1908;376;14;1208;283;978;1483;188;408;789;1000;177;1315;936;1294;89;711;187;1001;66;1837;542;115;781;728;764;1400;1027;1640;1584;1621;1642;1898;1622;1730;1641;1859;482;169;354;202;365;212;317;263;523;1450;1320;752;1406;762;860","240;19;90;62;2396;2248;1648;916;824;1386;1987;633;1784;1661;2632;538;1726;1729;2245;1389;1220;93;2389;629;16;459;2692;2133;2461;2075;2425;2426;1994;2184;2547;1019;2354;2775;2739;58;2344;830;97;2753;2366;251;1406;1285;333;1046;1150;1579;930;1315;1410;1929;212;1592;332;366;1172;73;1419;105;2292;453;20;1455;339;1175;1796;216;488;951;1202;202;1590;1123;1567;103;849;215;1203;76;2203;649;132;942;874;921;1703;1241;1979;1913;1956;1981;2281;1957;2080;1980;2228;571;192;426;235;442;252;382;315;628;1759;1595;908;1709;919;1033",2332,,,,,TRUE,FALSE,"Target coefficient `learnhivpos` is not finite after refitting."
