"study_id","estimand_id","target","k","removal_fraction","direction","position","observation_id","model_row_position"
"10_TPoI","tableA5_price_support_distribution_information","T1",1,0.000549752611324904,"Increase",4,6,4
"10_TPoI","tableA5_price_support_distribution_information","T1",2,0.00109950522264981,"Increase",4,6,4
"10_TPoI","tableA5_price_support_distribution_information","T1",2,0.00109950522264981,"Increase",7,10,7
"10_TPoI","tableA5_price_support_distribution_information","T1",3,0.00164925783397471,"Increase",4,6,4
"10_TPoI","tableA5_price_support_distribution_information","T1",3,0.00164925783397471,"Increase",7,10,7
"10_TPoI","tableA5_price_support_distribution_information","T1",3,0.00164925783397471,"Increase",18,27,18
"10_TPoI","tableA5_price_support_distribution_information","T1",4,0.00219901044529962,"Increase",4,6,4
"10_TPoI","tableA5_price_support_distribution_information","T1",4,0.00219901044529962,"Increase",7,10,7
"10_TPoI","tableA5_price_support_distribution_information","T1",4,0.00219901044529962,"Increase",18,27,18
"10_TPoI","tableA5_price_support_distribution_information","T1",4,0.00219901044529962,"Increase",45,60,45
"10_TPoI","tableA5_price_support_distribution_information","T1",5,0.00274876305662452,"Increase",4,6,4
"10_TPoI","tableA5_price_support_distribution_information","T1",5,0.00274876305662452,"Increase",7,10,7
"10_TPoI","tableA5_price_support_distribution_information","T1",5,0.00274876305662452,"Increase",18,27,18
"10_TPoI","tableA5_price_support_distribution_information","T1",5,0.00274876305662452,"Increase",45,60,45
"10_TPoI","tableA5_price_support_distribution_information","T1",5,0.00274876305662452,"Increase",49,66,49
"10_TPoI","tableA5_price_support_distribution_information","T1",6,0.00329851566794942,"Increase",4,6,4
"10_TPoI","tableA5_price_support_distribution_information","T1",6,0.00329851566794942,"Increase",7,10,7
"10_TPoI","tableA5_price_support_distribution_information","T1",6,0.00329851566794942,"Increase",18,27,18
"10_TPoI","tableA5_price_support_distribution_information","T1",6,0.00329851566794942,"Increase",45,60,45
"10_TPoI","tableA5_price_support_distribution_information","T1",6,0.00329851566794942,"Increase",49,66,49
"10_TPoI","tableA5_price_support_distribution_information","T1",6,0.00329851566794942,"Increase",59,79,59
"10_TPoI","tableA5_price_support_distribution_information","T1",7,0.00384826827927433,"Increase",4,6,4
"10_TPoI","tableA5_price_support_distribution_information","T1",7,0.00384826827927433,"Increase",7,10,7
"10_TPoI","tableA5_price_support_distribution_information","T1",7,0.00384826827927433,"Increase",18,27,18
"10_TPoI","tableA5_price_support_distribution_information","T1",7,0.00384826827927433,"Increase",45,60,45
"10_TPoI","tableA5_price_support_distribution_information","T1",7,0.00384826827927433,"Increase",49,66,49
"10_TPoI","tableA5_price_support_distribution_information","T1",7,0.00384826827927433,"Increase",59,79,59
"10_TPoI","tableA5_price_support_distribution_information","T1",7,0.00384826827927433,"Increase",62,84,62
"10_TPoI","tableA5_price_support_distribution_information","T1",8,0.00439802089059923,"Increase",4,6,4
"10_TPoI","tableA5_price_support_distribution_information","T1",8,0.00439802089059923,"Increase",7,10,7
"10_TPoI","tableA5_price_support_distribution_information","T1",8,0.00439802089059923,"Increase",18,27,18
"10_TPoI","tableA5_price_support_distribution_information","T1",8,0.00439802089059923,"Increase",45,60,45
"10_TPoI","tableA5_price_support_distribution_information","T1",8,0.00439802089059923,"Increase",49,66,49
"10_TPoI","tableA5_price_support_distribution_information","T1",8,0.00439802089059923,"Increase",59,79,59
"10_TPoI","tableA5_price_support_distribution_information","T1",8,0.00439802089059923,"Increase",62,84,62
"10_TPoI","tableA5_price_support_distribution_information","T1",8,0.00439802089059923,"Increase",74,97,74
"10_TPoI","tableA5_price_support_distribution_information","T1",9,0.00494777350192413,"Increase",4,6,4
"10_TPoI","tableA5_price_support_distribution_information","T1",9,0.00494777350192413,"Increase",7,10,7
"10_TPoI","tableA5_price_support_distribution_information","T1",9,0.00494777350192413,"Increase",18,27,18
"10_TPoI","tableA5_price_support_distribution_information","T1",9,0.00494777350192413,"Increase",45,60,45
"10_TPoI","tableA5_price_support_distribution_information","T1",9,0.00494777350192413,"Increase",49,66,49
"10_TPoI","tableA5_price_support_distribution_information","T1",9,0.00494777350192413,"Increase",59,79,59
"10_TPoI","tableA5_price_support_distribution_information","T1",9,0.00494777350192413,"Increase",62,84,62
"10_TPoI","tableA5_price_support_distribution_information","T1",9,0.00494777350192413,"Increase",74,97,74
"10_TPoI","tableA5_price_support_distribution_information","T1",9,0.00494777350192413,"Increase",91,118,91
"10_TPoI","tableA5_price_support_distribution_information","T1",10,0.00549752611324904,"Increase",4,6,4
"10_TPoI","tableA5_price_support_distribution_information","T1",10,0.00549752611324904,"Increase",7,10,7
"10_TPoI","tableA5_price_support_distribution_information","T1",10,0.00549752611324904,"Increase",18,27,18
"10_TPoI","tableA5_price_support_distribution_information","T1",10,0.00549752611324904,"Increase",45,60,45
"10_TPoI","tableA5_price_support_distribution_information","T1",10,0.00549752611324904,"Increase",49,66,49
"10_TPoI","tableA5_price_support_distribution_information","T1",10,0.00549752611324904,"Increase",59,79,59
"10_TPoI","tableA5_price_support_distribution_information","T1",10,0.00549752611324904,"Increase",62,84,62
"10_TPoI","tableA5_price_support_distribution_information","T1",10,0.00549752611324904,"Increase",74,97,74
"10_TPoI","tableA5_price_support_distribution_information","T1",10,0.00549752611324904,"Increase",91,118,91
"10_TPoI","tableA5_price_support_distribution_information","T1",10,0.00549752611324904,"Increase",93,122,93
"10_TPoI","tableA5_price_support_distribution_information","T1",11,0.00604727872457394,"Increase",4,6,4
"10_TPoI","tableA5_price_support_distribution_information","T1",11,0.00604727872457394,"Increase",7,10,7
"10_TPoI","tableA5_price_support_distribution_information","T1",11,0.00604727872457394,"Increase",18,27,18
"10_TPoI","tableA5_price_support_distribution_information","T1",11,0.00604727872457394,"Increase",45,60,45
"10_TPoI","tableA5_price_support_distribution_information","T1",11,0.00604727872457394,"Increase",49,66,49
"10_TPoI","tableA5_price_support_distribution_information","T1",11,0.00604727872457394,"Increase",59,79,59
"10_TPoI","tableA5_price_support_distribution_information","T1",11,0.00604727872457394,"Increase",62,84,62
"10_TPoI","tableA5_price_support_distribution_information","T1",11,0.00604727872457394,"Increase",74,97,74
"10_TPoI","tableA5_price_support_distribution_information","T1",11,0.00604727872457394,"Increase",91,118,91
"10_TPoI","tableA5_price_support_distribution_information","T1",11,0.00604727872457394,"Increase",93,122,93
"10_TPoI","tableA5_price_support_distribution_information","T1",11,0.00604727872457394,"Increase",100,131,100
"10_TPoI","tableA5_price_support_distribution_information","T1",12,0.00659703133589885,"Increase",4,6,4
"10_TPoI","tableA5_price_support_distribution_information","T1",12,0.00659703133589885,"Increase",7,10,7
"10_TPoI","tableA5_price_support_distribution_information","T1",12,0.00659703133589885,"Increase",18,27,18
"10_TPoI","tableA5_price_support_distribution_information","T1",12,0.00659703133589885,"Increase",45,60,45
"10_TPoI","tableA5_price_support_distribution_information","T1",12,0.00659703133589885,"Increase",49,66,49
"10_TPoI","tableA5_price_support_distribution_information","T1",12,0.00659703133589885,"Increase",59,79,59
"10_TPoI","tableA5_price_support_distribution_information","T1",12,0.00659703133589885,"Increase",62,84,62
"10_TPoI","tableA5_price_support_distribution_information","T1",12,0.00659703133589885,"Increase",74,97,74
"10_TPoI","tableA5_price_support_distribution_information","T1",12,0.00659703133589885,"Increase",91,118,91
"10_TPoI","tableA5_price_support_distribution_information","T1",12,0.00659703133589885,"Increase",93,122,93
"10_TPoI","tableA5_price_support_distribution_information","T1",12,0.00659703133589885,"Increase",100,131,100
"10_TPoI","tableA5_price_support_distribution_information","T1",12,0.00659703133589885,"Increase",104,137,104
"10_TPoI","tableA5_price_support_distribution_information","T1",13,0.00714678394722375,"Increase",4,6,4
"10_TPoI","tableA5_price_support_distribution_information","T1",13,0.00714678394722375,"Increase",7,10,7
"10_TPoI","tableA5_price_support_distribution_information","T1",13,0.00714678394722375,"Increase",18,27,18
"10_TPoI","tableA5_price_support_distribution_information","T1",13,0.00714678394722375,"Increase",45,60,45
"10_TPoI","tableA5_price_support_distribution_information","T1",13,0.00714678394722375,"Increase",49,66,49
"10_TPoI","tableA5_price_support_distribution_information","T1",13,0.00714678394722375,"Increase",59,79,59
"10_TPoI","tableA5_price_support_distribution_information","T1",13,0.00714678394722375,"Increase",62,84,62
"10_TPoI","tableA5_price_support_distribution_information","T1",13,0.00714678394722375,"Increase",74,97,74
"10_TPoI","tableA5_price_support_distribution_information","T1",13,0.00714678394722375,"Increase",91,118,91
"10_TPoI","tableA5_price_support_distribution_information","T1",13,0.00714678394722375,"Increase",93,122,93
"10_TPoI","tableA5_price_support_distribution_information","T1",13,0.00714678394722375,"Increase",100,131,100
"10_TPoI","tableA5_price_support_distribution_information","T1",13,0.00714678394722375,"Increase",104,137,104
"10_TPoI","tableA5_price_support_distribution_information","T1",13,0.00714678394722375,"Increase",114,148,114
"10_TPoI","tableA5_price_support_distribution_information","T1",14,0.00769653655854865,"Increase",4,6,4
"10_TPoI","tableA5_price_support_distribution_information","T1",14,0.00769653655854865,"Increase",7,10,7
"10_TPoI","tableA5_price_support_distribution_information","T1",14,0.00769653655854865,"Increase",18,27,18
"10_TPoI","tableA5_price_support_distribution_information","T1",14,0.00769653655854865,"Increase",45,60,45
"10_TPoI","tableA5_price_support_distribution_information","T1",14,0.00769653655854865,"Increase",49,66,49
"10_TPoI","tableA5_price_support_distribution_information","T1",14,0.00769653655854865,"Increase",59,79,59
"10_TPoI","tableA5_price_support_distribution_information","T1",14,0.00769653655854865,"Increase",62,84,62
"10_TPoI","tableA5_price_support_distribution_information","T1",14,0.00769653655854865,"Increase",74,97,74
"10_TPoI","tableA5_price_support_distribution_information","T1",14,0.00769653655854865,"Increase",91,118,91
"10_TPoI","tableA5_price_support_distribution_information","T1",14,0.00769653655854865,"Increase",93,122,93
"10_TPoI","tableA5_price_support_distribution_information","T1",14,0.00769653655854865,"Increase",100,131,100
"10_TPoI","tableA5_price_support_distribution_information","T1",14,0.00769653655854865,"Increase",104,137,104
"10_TPoI","tableA5_price_support_distribution_information","T1",14,0.00769653655854865,"Increase",114,148,114
"10_TPoI","tableA5_price_support_distribution_information","T1",14,0.00769653655854865,"Increase",119,153,119
"10_TPoI","tableA5_price_support_distribution_information","T1",15,0.00824628916987356,"Increase",4,6,4
"10_TPoI","tableA5_price_support_distribution_information","T1",15,0.00824628916987356,"Increase",7,10,7
"10_TPoI","tableA5_price_support_distribution_information","T1",15,0.00824628916987356,"Increase",18,27,18
"10_TPoI","tableA5_price_support_distribution_information","T1",15,0.00824628916987356,"Increase",45,60,45
"10_TPoI","tableA5_price_support_distribution_information","T1",15,0.00824628916987356,"Increase",49,66,49
"10_TPoI","tableA5_price_support_distribution_information","T1",15,0.00824628916987356,"Increase",59,79,59
"10_TPoI","tableA5_price_support_distribution_information","T1",15,0.00824628916987356,"Increase",62,84,62
"10_TPoI","tableA5_price_support_distribution_information","T1",15,0.00824628916987356,"Increase",74,97,74
"10_TPoI","tableA5_price_support_distribution_information","T1",15,0.00824628916987356,"Increase",91,118,91
"10_TPoI","tableA5_price_support_distribution_information","T1",15,0.00824628916987356,"Increase",93,122,93
"10_TPoI","tableA5_price_support_distribution_information","T1",15,0.00824628916987356,"Increase",100,131,100
"10_TPoI","tableA5_price_support_distribution_information","T1",15,0.00824628916987356,"Increase",104,137,104
"10_TPoI","tableA5_price_support_distribution_information","T1",15,0.00824628916987356,"Increase",114,148,114
"10_TPoI","tableA5_price_support_distribution_information","T1",15,0.00824628916987356,"Increase",119,153,119
"10_TPoI","tableA5_price_support_distribution_information","T1",15,0.00824628916987356,"Increase",123,158,123
"10_TPoI","tableA5_price_support_distribution_information","T1",16,0.00879604178119846,"Increase",4,6,4
"10_TPoI","tableA5_price_support_distribution_information","T1",16,0.00879604178119846,"Increase",7,10,7
"10_TPoI","tableA5_price_support_distribution_information","T1",16,0.00879604178119846,"Increase",18,27,18
"10_TPoI","tableA5_price_support_distribution_information","T1",16,0.00879604178119846,"Increase",45,60,45
"10_TPoI","tableA5_price_support_distribution_information","T1",16,0.00879604178119846,"Increase",49,66,49
"10_TPoI","tableA5_price_support_distribution_information","T1",16,0.00879604178119846,"Increase",59,79,59
"10_TPoI","tableA5_price_support_distribution_information","T1",16,0.00879604178119846,"Increase",62,84,62
"10_TPoI","tableA5_price_support_distribution_information","T1",16,0.00879604178119846,"Increase",74,97,74
"10_TPoI","tableA5_price_support_distribution_information","T1",16,0.00879604178119846,"Increase",91,118,91
"10_TPoI","tableA5_price_support_distribution_information","T1",16,0.00879604178119846,"Increase",93,122,93
"10_TPoI","tableA5_price_support_distribution_information","T1",16,0.00879604178119846,"Increase",100,131,100
"10_TPoI","tableA5_price_support_distribution_information","T1",16,0.00879604178119846,"Increase",104,137,104
"10_TPoI","tableA5_price_support_distribution_information","T1",16,0.00879604178119846,"Increase",114,148,114
"10_TPoI","tableA5_price_support_distribution_information","T1",16,0.00879604178119846,"Increase",119,153,119
"10_TPoI","tableA5_price_support_distribution_information","T1",16,0.00879604178119846,"Increase",123,158,123
"10_TPoI","tableA5_price_support_distribution_information","T1",16,0.00879604178119846,"Increase",166,216,166
"10_TPoI","tableA5_price_support_distribution_information","T1",17,0.00934579439252336,"Increase",4,6,4
"10_TPoI","tableA5_price_support_distribution_information","T1",17,0.00934579439252336,"Increase",7,10,7
"10_TPoI","tableA5_price_support_distribution_information","T1",17,0.00934579439252336,"Increase",18,27,18
"10_TPoI","tableA5_price_support_distribution_information","T1",17,0.00934579439252336,"Increase",45,60,45
"10_TPoI","tableA5_price_support_distribution_information","T1",17,0.00934579439252336,"Increase",49,66,49
"10_TPoI","tableA5_price_support_distribution_information","T1",17,0.00934579439252336,"Increase",59,79,59
"10_TPoI","tableA5_price_support_distribution_information","T1",17,0.00934579439252336,"Increase",62,84,62
"10_TPoI","tableA5_price_support_distribution_information","T1",17,0.00934579439252336,"Increase",74,97,74
"10_TPoI","tableA5_price_support_distribution_information","T1",17,0.00934579439252336,"Increase",91,118,91
"10_TPoI","tableA5_price_support_distribution_information","T1",17,0.00934579439252336,"Increase",93,122,93
"10_TPoI","tableA5_price_support_distribution_information","T1",17,0.00934579439252336,"Increase",100,131,100
"10_TPoI","tableA5_price_support_distribution_information","T1",17,0.00934579439252336,"Increase",104,137,104
"10_TPoI","tableA5_price_support_distribution_information","T1",17,0.00934579439252336,"Increase",114,148,114
"10_TPoI","tableA5_price_support_distribution_information","T1",17,0.00934579439252336,"Increase",119,153,119
"10_TPoI","tableA5_price_support_distribution_information","T1",17,0.00934579439252336,"Increase",123,158,123
"10_TPoI","tableA5_price_support_distribution_information","T1",17,0.00934579439252336,"Increase",166,216,166
"10_TPoI","tableA5_price_support_distribution_information","T1",17,0.00934579439252336,"Increase",169,221,169
"10_TPoI","tableA5_price_support_distribution_information","T1",18,0.00989554700384827,"Increase",4,6,4
"10_TPoI","tableA5_price_support_distribution_information","T1",18,0.00989554700384827,"Increase",7,10,7
"10_TPoI","tableA5_price_support_distribution_information","T1",18,0.00989554700384827,"Increase",18,27,18
"10_TPoI","tableA5_price_support_distribution_information","T1",18,0.00989554700384827,"Increase",45,60,45
"10_TPoI","tableA5_price_support_distribution_information","T1",18,0.00989554700384827,"Increase",49,66,49
"10_TPoI","tableA5_price_support_distribution_information","T1",18,0.00989554700384827,"Increase",59,79,59
"10_TPoI","tableA5_price_support_distribution_information","T1",18,0.00989554700384827,"Increase",62,84,62
"10_TPoI","tableA5_price_support_distribution_information","T1",18,0.00989554700384827,"Increase",74,97,74
"10_TPoI","tableA5_price_support_distribution_information","T1",18,0.00989554700384827,"Increase",91,118,91
"10_TPoI","tableA5_price_support_distribution_information","T1",18,0.00989554700384827,"Increase",93,122,93
"10_TPoI","tableA5_price_support_distribution_information","T1",18,0.00989554700384827,"Increase",100,131,100
"10_TPoI","tableA5_price_support_distribution_information","T1",18,0.00989554700384827,"Increase",104,137,104
"10_TPoI","tableA5_price_support_distribution_information","T1",18,0.00989554700384827,"Increase",114,148,114
"10_TPoI","tableA5_price_support_distribution_information","T1",18,0.00989554700384827,"Increase",119,153,119
"10_TPoI","tableA5_price_support_distribution_information","T1",18,0.00989554700384827,"Increase",123,158,123
"10_TPoI","tableA5_price_support_distribution_information","T1",18,0.00989554700384827,"Increase",166,216,166
"10_TPoI","tableA5_price_support_distribution_information","T1",18,0.00989554700384827,"Increase",169,221,169
"10_TPoI","tableA5_price_support_distribution_information","T1",18,0.00989554700384827,"Increase",183,236,183
"10_TPoI","tableA5_price_support_distribution_information","T1",19,0.0104452996151732,"Increase",4,6,4
"10_TPoI","tableA5_price_support_distribution_information","T1",19,0.0104452996151732,"Increase",7,10,7
"10_TPoI","tableA5_price_support_distribution_information","T1",19,0.0104452996151732,"Increase",18,27,18
"10_TPoI","tableA5_price_support_distribution_information","T1",19,0.0104452996151732,"Increase",45,60,45
"10_TPoI","tableA5_price_support_distribution_information","T1",19,0.0104452996151732,"Increase",49,66,49
"10_TPoI","tableA5_price_support_distribution_information","T1",19,0.0104452996151732,"Increase",59,79,59
"10_TPoI","tableA5_price_support_distribution_information","T1",19,0.0104452996151732,"Increase",62,84,62
"10_TPoI","tableA5_price_support_distribution_information","T1",19,0.0104452996151732,"Increase",74,97,74
"10_TPoI","tableA5_price_support_distribution_information","T1",19,0.0104452996151732,"Increase",91,118,91
"10_TPoI","tableA5_price_support_distribution_information","T1",19,0.0104452996151732,"Increase",93,122,93
"10_TPoI","tableA5_price_support_distribution_information","T1",19,0.0104452996151732,"Increase",100,131,100
"10_TPoI","tableA5_price_support_distribution_information","T1",19,0.0104452996151732,"Increase",104,137,104
"10_TPoI","tableA5_price_support_distribution_information","T1",19,0.0104452996151732,"Increase",114,148,114
"10_TPoI","tableA5_price_support_distribution_information","T1",19,0.0104452996151732,"Increase",119,153,119
"10_TPoI","tableA5_price_support_distribution_information","T1",19,0.0104452996151732,"Increase",123,158,123
"10_TPoI","tableA5_price_support_distribution_information","T1",19,0.0104452996151732,"Increase",166,216,166
"10_TPoI","tableA5_price_support_distribution_information","T1",19,0.0104452996151732,"Increase",169,221,169
"10_TPoI","tableA5_price_support_distribution_information","T1",19,0.0104452996151732,"Increase",183,236,183
"10_TPoI","tableA5_price_support_distribution_information","T1",19,0.0104452996151732,"Increase",216,274,216
"10_TPoI","tableA5_price_support_distribution_information","T1",20,0.0109950522264981,"Increase",4,6,4
"10_TPoI","tableA5_price_support_distribution_information","T1",20,0.0109950522264981,"Increase",7,10,7
"10_TPoI","tableA5_price_support_distribution_information","T1",20,0.0109950522264981,"Increase",18,27,18
"10_TPoI","tableA5_price_support_distribution_information","T1",20,0.0109950522264981,"Increase",45,60,45
"10_TPoI","tableA5_price_support_distribution_information","T1",20,0.0109950522264981,"Increase",49,66,49
"10_TPoI","tableA5_price_support_distribution_information","T1",20,0.0109950522264981,"Increase",59,79,59
"10_TPoI","tableA5_price_support_distribution_information","T1",20,0.0109950522264981,"Increase",62,84,62
"10_TPoI","tableA5_price_support_distribution_information","T1",20,0.0109950522264981,"Increase",74,97,74
"10_TPoI","tableA5_price_support_distribution_information","T1",20,0.0109950522264981,"Increase",91,118,91
"10_TPoI","tableA5_price_support_distribution_information","T1",20,0.0109950522264981,"Increase",93,122,93
"10_TPoI","tableA5_price_support_distribution_information","T1",20,0.0109950522264981,"Increase",100,131,100
"10_TPoI","tableA5_price_support_distribution_information","T1",20,0.0109950522264981,"Increase",104,137,104
"10_TPoI","tableA5_price_support_distribution_information","T1",20,0.0109950522264981,"Increase",114,148,114
"10_TPoI","tableA5_price_support_distribution_information","T1",20,0.0109950522264981,"Increase",119,153,119
"10_TPoI","tableA5_price_support_distribution_information","T1",20,0.0109950522264981,"Increase",123,158,123
"10_TPoI","tableA5_price_support_distribution_information","T1",20,0.0109950522264981,"Increase",166,216,166
"10_TPoI","tableA5_price_support_distribution_information","T1",20,0.0109950522264981,"Increase",169,221,169
"10_TPoI","tableA5_price_support_distribution_information","T1",20,0.0109950522264981,"Increase",183,236,183
"10_TPoI","tableA5_price_support_distribution_information","T1",20,0.0109950522264981,"Increase",216,274,216
"10_TPoI","tableA5_price_support_distribution_information","T1",20,0.0109950522264981,"Increase",218,276,218
"10_TPoI","tableA5_price_support_distribution_information","T1",21,0.011544804837823,"Increase",4,6,4
"10_TPoI","tableA5_price_support_distribution_information","T1",21,0.011544804837823,"Increase",7,10,7
"10_TPoI","tableA5_price_support_distribution_information","T1",21,0.011544804837823,"Increase",18,27,18
"10_TPoI","tableA5_price_support_distribution_information","T1",21,0.011544804837823,"Increase",45,60,45
"10_TPoI","tableA5_price_support_distribution_information","T1",21,0.011544804837823,"Increase",49,66,49
"10_TPoI","tableA5_price_support_distribution_information","T1",21,0.011544804837823,"Increase",59,79,59
"10_TPoI","tableA5_price_support_distribution_information","T1",21,0.011544804837823,"Increase",62,84,62
"10_TPoI","tableA5_price_support_distribution_information","T1",21,0.011544804837823,"Increase",74,97,74
"10_TPoI","tableA5_price_support_distribution_information","T1",21,0.011544804837823,"Increase",91,118,91
"10_TPoI","tableA5_price_support_distribution_information","T1",21,0.011544804837823,"Increase",93,122,93
"10_TPoI","tableA5_price_support_distribution_information","T1",21,0.011544804837823,"Increase",100,131,100
"10_TPoI","tableA5_price_support_distribution_information","T1",21,0.011544804837823,"Increase",104,137,104
"10_TPoI","tableA5_price_support_distribution_information","T1",21,0.011544804837823,"Increase",114,148,114
"10_TPoI","tableA5_price_support_distribution_information","T1",21,0.011544804837823,"Increase",119,153,119
"10_TPoI","tableA5_price_support_distribution_information","T1",21,0.011544804837823,"Increase",123,158,123
"10_TPoI","tableA5_price_support_distribution_information","T1",21,0.011544804837823,"Increase",166,216,166
"10_TPoI","tableA5_price_support_distribution_information","T1",21,0.011544804837823,"Increase",169,221,169
"10_TPoI","tableA5_price_support_distribution_information","T1",21,0.011544804837823,"Increase",183,236,183
"10_TPoI","tableA5_price_support_distribution_information","T1",21,0.011544804837823,"Increase",216,274,216
"10_TPoI","tableA5_price_support_distribution_information","T1",21,0.011544804837823,"Increase",218,276,218
"10_TPoI","tableA5_price_support_distribution_information","T1",21,0.011544804837823,"Increase",220,278,220
"10_TPoI","tableA5_price_support_distribution_information","T1",22,0.0120945574491479,"Increase",4,6,4
"10_TPoI","tableA5_price_support_distribution_information","T1",22,0.0120945574491479,"Increase",7,10,7
"10_TPoI","tableA5_price_support_distribution_information","T1",22,0.0120945574491479,"Increase",18,27,18
"10_TPoI","tableA5_price_support_distribution_information","T1",22,0.0120945574491479,"Increase",45,60,45
"10_TPoI","tableA5_price_support_distribution_information","T1",22,0.0120945574491479,"Increase",49,66,49
"10_TPoI","tableA5_price_support_distribution_information","T1",22,0.0120945574491479,"Increase",59,79,59
"10_TPoI","tableA5_price_support_distribution_information","T1",22,0.0120945574491479,"Increase",62,84,62
"10_TPoI","tableA5_price_support_distribution_information","T1",22,0.0120945574491479,"Increase",74,97,74
"10_TPoI","tableA5_price_support_distribution_information","T1",22,0.0120945574491479,"Increase",91,118,91
"10_TPoI","tableA5_price_support_distribution_information","T1",22,0.0120945574491479,"Increase",93,122,93
"10_TPoI","tableA5_price_support_distribution_information","T1",22,0.0120945574491479,"Increase",100,131,100
"10_TPoI","tableA5_price_support_distribution_information","T1",22,0.0120945574491479,"Increase",104,137,104
"10_TPoI","tableA5_price_support_distribution_information","T1",22,0.0120945574491479,"Increase",114,148,114
"10_TPoI","tableA5_price_support_distribution_information","T1",22,0.0120945574491479,"Increase",119,153,119
"10_TPoI","tableA5_price_support_distribution_information","T1",22,0.0120945574491479,"Increase",123,158,123
"10_TPoI","tableA5_price_support_distribution_information","T1",22,0.0120945574491479,"Increase",166,216,166
"10_TPoI","tableA5_price_support_distribution_information","T1",22,0.0120945574491479,"Increase",169,221,169
"10_TPoI","tableA5_price_support_distribution_information","T1",22,0.0120945574491479,"Increase",183,236,183
"10_TPoI","tableA5_price_support_distribution_information","T1",22,0.0120945574491479,"Increase",216,274,216
"10_TPoI","tableA5_price_support_distribution_information","T1",22,0.0120945574491479,"Increase",218,276,218
"10_TPoI","tableA5_price_support_distribution_information","T1",22,0.0120945574491479,"Increase",220,278,220
"10_TPoI","tableA5_price_support_distribution_information","T1",22,0.0120945574491479,"Increase",224,284,224
"10_TPoI","tableA5_price_support_distribution_information","T1",23,0.0126443100604728,"Increase",4,6,4
"10_TPoI","tableA5_price_support_distribution_information","T1",23,0.0126443100604728,"Increase",7,10,7
"10_TPoI","tableA5_price_support_distribution_information","T1",23,0.0126443100604728,"Increase",18,27,18
"10_TPoI","tableA5_price_support_distribution_information","T1",23,0.0126443100604728,"Increase",45,60,45
"10_TPoI","tableA5_price_support_distribution_information","T1",23,0.0126443100604728,"Increase",49,66,49
"10_TPoI","tableA5_price_support_distribution_information","T1",23,0.0126443100604728,"Increase",59,79,59
"10_TPoI","tableA5_price_support_distribution_information","T1",23,0.0126443100604728,"Increase",62,84,62
"10_TPoI","tableA5_price_support_distribution_information","T1",23,0.0126443100604728,"Increase",74,97,74
"10_TPoI","tableA5_price_support_distribution_information","T1",23,0.0126443100604728,"Increase",91,118,91
"10_TPoI","tableA5_price_support_distribution_information","T1",23,0.0126443100604728,"Increase",93,122,93
"10_TPoI","tableA5_price_support_distribution_information","T1",23,0.0126443100604728,"Increase",100,131,100
"10_TPoI","tableA5_price_support_distribution_information","T1",23,0.0126443100604728,"Increase",104,137,104
"10_TPoI","tableA5_price_support_distribution_information","T1",23,0.0126443100604728,"Increase",114,148,114
"10_TPoI","tableA5_price_support_distribution_information","T1",23,0.0126443100604728,"Increase",119,153,119
"10_TPoI","tableA5_price_support_distribution_information","T1",23,0.0126443100604728,"Increase",123,158,123
"10_TPoI","tableA5_price_support_distribution_information","T1",23,0.0126443100604728,"Increase",166,216,166
"10_TPoI","tableA5_price_support_distribution_information","T1",23,0.0126443100604728,"Increase",169,221,169
"10_TPoI","tableA5_price_support_distribution_information","T1",23,0.0126443100604728,"Increase",183,236,183
"10_TPoI","tableA5_price_support_distribution_information","T1",23,0.0126443100604728,"Increase",216,274,216
"10_TPoI","tableA5_price_support_distribution_information","T1",23,0.0126443100604728,"Increase",218,276,218
"10_TPoI","tableA5_price_support_distribution_information","T1",23,0.0126443100604728,"Increase",220,278,220
"10_TPoI","tableA5_price_support_distribution_information","T1",23,0.0126443100604728,"Increase",224,284,224
"10_TPoI","tableA5_price_support_distribution_information","T1",23,0.0126443100604728,"Increase",226,286,226
"10_TPoI","tableA5_price_support_distribution_information","T1",24,0.0131940626717977,"Increase",4,6,4
"10_TPoI","tableA5_price_support_distribution_information","T1",24,0.0131940626717977,"Increase",7,10,7
"10_TPoI","tableA5_price_support_distribution_information","T1",24,0.0131940626717977,"Increase",18,27,18
"10_TPoI","tableA5_price_support_distribution_information","T1",24,0.0131940626717977,"Increase",45,60,45
"10_TPoI","tableA5_price_support_distribution_information","T1",24,0.0131940626717977,"Increase",49,66,49
"10_TPoI","tableA5_price_support_distribution_information","T1",24,0.0131940626717977,"Increase",59,79,59
"10_TPoI","tableA5_price_support_distribution_information","T1",24,0.0131940626717977,"Increase",62,84,62
"10_TPoI","tableA5_price_support_distribution_information","T1",24,0.0131940626717977,"Increase",74,97,74
"10_TPoI","tableA5_price_support_distribution_information","T1",24,0.0131940626717977,"Increase",91,118,91
"10_TPoI","tableA5_price_support_distribution_information","T1",24,0.0131940626717977,"Increase",93,122,93
"10_TPoI","tableA5_price_support_distribution_information","T1",24,0.0131940626717977,"Increase",100,131,100
"10_TPoI","tableA5_price_support_distribution_information","T1",24,0.0131940626717977,"Increase",104,137,104
"10_TPoI","tableA5_price_support_distribution_information","T1",24,0.0131940626717977,"Increase",114,148,114
"10_TPoI","tableA5_price_support_distribution_information","T1",24,0.0131940626717977,"Increase",119,153,119
"10_TPoI","tableA5_price_support_distribution_information","T1",24,0.0131940626717977,"Increase",123,158,123
"10_TPoI","tableA5_price_support_distribution_information","T1",24,0.0131940626717977,"Increase",166,216,166
"10_TPoI","tableA5_price_support_distribution_information","T1",24,0.0131940626717977,"Increase",169,221,169
"10_TPoI","tableA5_price_support_distribution_information","T1",24,0.0131940626717977,"Increase",183,236,183
"10_TPoI","tableA5_price_support_distribution_information","T1",24,0.0131940626717977,"Increase",216,274,216
"10_TPoI","tableA5_price_support_distribution_information","T1",24,0.0131940626717977,"Increase",218,276,218
"10_TPoI","tableA5_price_support_distribution_information","T1",24,0.0131940626717977,"Increase",220,278,220
"10_TPoI","tableA5_price_support_distribution_information","T1",24,0.0131940626717977,"Increase",224,284,224
"10_TPoI","tableA5_price_support_distribution_information","T1",24,0.0131940626717977,"Increase",226,286,226
"10_TPoI","tableA5_price_support_distribution_information","T1",24,0.0131940626717977,"Increase",227,287,227
"10_TPoI","tableA5_price_support_distribution_information","T1",25,0.0137438152831226,"Increase",4,6,4
"10_TPoI","tableA5_price_support_distribution_information","T1",25,0.0137438152831226,"Increase",7,10,7
"10_TPoI","tableA5_price_support_distribution_information","T1",25,0.0137438152831226,"Increase",18,27,18
"10_TPoI","tableA5_price_support_distribution_information","T1",25,0.0137438152831226,"Increase",45,60,45
"10_TPoI","tableA5_price_support_distribution_information","T1",25,0.0137438152831226,"Increase",49,66,49
"10_TPoI","tableA5_price_support_distribution_information","T1",25,0.0137438152831226,"Increase",59,79,59
"10_TPoI","tableA5_price_support_distribution_information","T1",25,0.0137438152831226,"Increase",62,84,62
"10_TPoI","tableA5_price_support_distribution_information","T1",25,0.0137438152831226,"Increase",74,97,74
"10_TPoI","tableA5_price_support_distribution_information","T1",25,0.0137438152831226,"Increase",91,118,91
"10_TPoI","tableA5_price_support_distribution_information","T1",25,0.0137438152831226,"Increase",93,122,93
"10_TPoI","tableA5_price_support_distribution_information","T1",25,0.0137438152831226,"Increase",100,131,100
"10_TPoI","tableA5_price_support_distribution_information","T1",25,0.0137438152831226,"Increase",104,137,104
"10_TPoI","tableA5_price_support_distribution_information","T1",25,0.0137438152831226,"Increase",114,148,114
"10_TPoI","tableA5_price_support_distribution_information","T1",25,0.0137438152831226,"Increase",119,153,119
"10_TPoI","tableA5_price_support_distribution_information","T1",25,0.0137438152831226,"Increase",123,158,123
"10_TPoI","tableA5_price_support_distribution_information","T1",25,0.0137438152831226,"Increase",166,216,166
"10_TPoI","tableA5_price_support_distribution_information","T1",25,0.0137438152831226,"Increase",169,221,169
"10_TPoI","tableA5_price_support_distribution_information","T1",25,0.0137438152831226,"Increase",183,236,183
"10_TPoI","tableA5_price_support_distribution_information","T1",25,0.0137438152831226,"Increase",216,274,216
"10_TPoI","tableA5_price_support_distribution_information","T1",25,0.0137438152831226,"Increase",218,276,218
"10_TPoI","tableA5_price_support_distribution_information","T1",25,0.0137438152831226,"Increase",220,278,220
"10_TPoI","tableA5_price_support_distribution_information","T1",25,0.0137438152831226,"Increase",224,284,224
"10_TPoI","tableA5_price_support_distribution_information","T1",25,0.0137438152831226,"Increase",226,286,226
"10_TPoI","tableA5_price_support_distribution_information","T1",25,0.0137438152831226,"Increase",227,287,227
"10_TPoI","tableA5_price_support_distribution_information","T1",25,0.0137438152831226,"Increase",239,300,239
"10_TPoI","tableA5_price_support_distribution_information","T1",26,0.0142935678944475,"Increase",4,6,4
"10_TPoI","tableA5_price_support_distribution_information","T1",26,0.0142935678944475,"Increase",7,10,7
"10_TPoI","tableA5_price_support_distribution_information","T1",26,0.0142935678944475,"Increase",18,27,18
"10_TPoI","tableA5_price_support_distribution_information","T1",26,0.0142935678944475,"Increase",45,60,45
"10_TPoI","tableA5_price_support_distribution_information","T1",26,0.0142935678944475,"Increase",49,66,49
"10_TPoI","tableA5_price_support_distribution_information","T1",26,0.0142935678944475,"Increase",59,79,59
"10_TPoI","tableA5_price_support_distribution_information","T1",26,0.0142935678944475,"Increase",62,84,62
"10_TPoI","tableA5_price_support_distribution_information","T1",26,0.0142935678944475,"Increase",74,97,74
"10_TPoI","tableA5_price_support_distribution_information","T1",26,0.0142935678944475,"Increase",91,118,91
"10_TPoI","tableA5_price_support_distribution_information","T1",26,0.0142935678944475,"Increase",93,122,93
"10_TPoI","tableA5_price_support_distribution_information","T1",26,0.0142935678944475,"Increase",100,131,100
"10_TPoI","tableA5_price_support_distribution_information","T1",26,0.0142935678944475,"Increase",104,137,104
"10_TPoI","tableA5_price_support_distribution_information","T1",26,0.0142935678944475,"Increase",114,148,114
"10_TPoI","tableA5_price_support_distribution_information","T1",26,0.0142935678944475,"Increase",119,153,119
"10_TPoI","tableA5_price_support_distribution_information","T1",26,0.0142935678944475,"Increase",123,158,123
"10_TPoI","tableA5_price_support_distribution_information","T1",26,0.0142935678944475,"Increase",166,216,166
"10_TPoI","tableA5_price_support_distribution_information","T1",26,0.0142935678944475,"Increase",169,221,169
"10_TPoI","tableA5_price_support_distribution_information","T1",26,0.0142935678944475,"Increase",183,236,183
"10_TPoI","tableA5_price_support_distribution_information","T1",26,0.0142935678944475,"Increase",216,274,216
"10_TPoI","tableA5_price_support_distribution_information","T1",26,0.0142935678944475,"Increase",218,276,218
"10_TPoI","tableA5_price_support_distribution_information","T1",26,0.0142935678944475,"Increase",220,278,220
"10_TPoI","tableA5_price_support_distribution_information","T1",26,0.0142935678944475,"Increase",224,284,224
"10_TPoI","tableA5_price_support_distribution_information","T1",26,0.0142935678944475,"Increase",226,286,226
"10_TPoI","tableA5_price_support_distribution_information","T1",26,0.0142935678944475,"Increase",227,287,227
"10_TPoI","tableA5_price_support_distribution_information","T1",26,0.0142935678944475,"Increase",239,300,239
"10_TPoI","tableA5_price_support_distribution_information","T1",26,0.0142935678944475,"Increase",245,309,245
"10_TPoI","tableA5_price_support_distribution_information","T1",27,0.0148433205057724,"Increase",4,6,4
"10_TPoI","tableA5_price_support_distribution_information","T1",27,0.0148433205057724,"Increase",7,10,7
"10_TPoI","tableA5_price_support_distribution_information","T1",27,0.0148433205057724,"Increase",18,27,18
"10_TPoI","tableA5_price_support_distribution_information","T1",27,0.0148433205057724,"Increase",45,60,45
"10_TPoI","tableA5_price_support_distribution_information","T1",27,0.0148433205057724,"Increase",49,66,49
"10_TPoI","tableA5_price_support_distribution_information","T1",27,0.0148433205057724,"Increase",59,79,59
"10_TPoI","tableA5_price_support_distribution_information","T1",27,0.0148433205057724,"Increase",62,84,62
"10_TPoI","tableA5_price_support_distribution_information","T1",27,0.0148433205057724,"Increase",74,97,74
"10_TPoI","tableA5_price_support_distribution_information","T1",27,0.0148433205057724,"Increase",91,118,91
"10_TPoI","tableA5_price_support_distribution_information","T1",27,0.0148433205057724,"Increase",93,122,93
"10_TPoI","tableA5_price_support_distribution_information","T1",27,0.0148433205057724,"Increase",100,131,100
"10_TPoI","tableA5_price_support_distribution_information","T1",27,0.0148433205057724,"Increase",104,137,104
"10_TPoI","tableA5_price_support_distribution_information","T1",27,0.0148433205057724,"Increase",114,148,114
"10_TPoI","tableA5_price_support_distribution_information","T1",27,0.0148433205057724,"Increase",119,153,119
"10_TPoI","tableA5_price_support_distribution_information","T1",27,0.0148433205057724,"Increase",123,158,123
"10_TPoI","tableA5_price_support_distribution_information","T1",27,0.0148433205057724,"Increase",166,216,166
"10_TPoI","tableA5_price_support_distribution_information","T1",27,0.0148433205057724,"Increase",169,221,169
"10_TPoI","tableA5_price_support_distribution_information","T1",27,0.0148433205057724,"Increase",183,236,183
"10_TPoI","tableA5_price_support_distribution_information","T1",27,0.0148433205057724,"Increase",216,274,216
"10_TPoI","tableA5_price_support_distribution_information","T1",27,0.0148433205057724,"Increase",218,276,218
"10_TPoI","tableA5_price_support_distribution_information","T1",27,0.0148433205057724,"Increase",220,278,220
"10_TPoI","tableA5_price_support_distribution_information","T1",27,0.0148433205057724,"Increase",224,284,224
"10_TPoI","tableA5_price_support_distribution_information","T1",27,0.0148433205057724,"Increase",226,286,226
"10_TPoI","tableA5_price_support_distribution_information","T1",27,0.0148433205057724,"Increase",227,287,227
"10_TPoI","tableA5_price_support_distribution_information","T1",27,0.0148433205057724,"Increase",239,300,239
"10_TPoI","tableA5_price_support_distribution_information","T1",27,0.0148433205057724,"Increase",245,309,245
"10_TPoI","tableA5_price_support_distribution_information","T1",27,0.0148433205057724,"Increase",269,344,269
"10_TPoI","tableA5_price_support_distribution_information","T1",28,0.0153930731170973,"Increase",4,6,4
"10_TPoI","tableA5_price_support_distribution_information","T1",28,0.0153930731170973,"Increase",7,10,7
"10_TPoI","tableA5_price_support_distribution_information","T1",28,0.0153930731170973,"Increase",18,27,18
"10_TPoI","tableA5_price_support_distribution_information","T1",28,0.0153930731170973,"Increase",45,60,45
"10_TPoI","tableA5_price_support_distribution_information","T1",28,0.0153930731170973,"Increase",49,66,49
"10_TPoI","tableA5_price_support_distribution_information","T1",28,0.0153930731170973,"Increase",59,79,59
"10_TPoI","tableA5_price_support_distribution_information","T1",28,0.0153930731170973,"Increase",62,84,62
"10_TPoI","tableA5_price_support_distribution_information","T1",28,0.0153930731170973,"Increase",74,97,74
"10_TPoI","tableA5_price_support_distribution_information","T1",28,0.0153930731170973,"Increase",91,118,91
"10_TPoI","tableA5_price_support_distribution_information","T1",28,0.0153930731170973,"Increase",93,122,93
"10_TPoI","tableA5_price_support_distribution_information","T1",28,0.0153930731170973,"Increase",100,131,100
"10_TPoI","tableA5_price_support_distribution_information","T1",28,0.0153930731170973,"Increase",104,137,104
"10_TPoI","tableA5_price_support_distribution_information","T1",28,0.0153930731170973,"Increase",114,148,114
"10_TPoI","tableA5_price_support_distribution_information","T1",28,0.0153930731170973,"Increase",119,153,119
"10_TPoI","tableA5_price_support_distribution_information","T1",28,0.0153930731170973,"Increase",123,158,123
"10_TPoI","tableA5_price_support_distribution_information","T1",28,0.0153930731170973,"Increase",166,216,166
"10_TPoI","tableA5_price_support_distribution_information","T1",28,0.0153930731170973,"Increase",169,221,169
"10_TPoI","tableA5_price_support_distribution_information","T1",28,0.0153930731170973,"Increase",183,236,183
"10_TPoI","tableA5_price_support_distribution_information","T1",28,0.0153930731170973,"Increase",216,274,216
"10_TPoI","tableA5_price_support_distribution_information","T1",28,0.0153930731170973,"Increase",218,276,218
"10_TPoI","tableA5_price_support_distribution_information","T1",28,0.0153930731170973,"Increase",220,278,220
"10_TPoI","tableA5_price_support_distribution_information","T1",28,0.0153930731170973,"Increase",224,284,224
"10_TPoI","tableA5_price_support_distribution_information","T1",28,0.0153930731170973,"Increase",226,286,226
"10_TPoI","tableA5_price_support_distribution_information","T1",28,0.0153930731170973,"Increase",227,287,227
"10_TPoI","tableA5_price_support_distribution_information","T1",28,0.0153930731170973,"Increase",239,300,239
"10_TPoI","tableA5_price_support_distribution_information","T1",28,0.0153930731170973,"Increase",245,309,245
"10_TPoI","tableA5_price_support_distribution_information","T1",28,0.0153930731170973,"Increase",269,344,269
"10_TPoI","tableA5_price_support_distribution_information","T1",28,0.0153930731170973,"Increase",283,361,283
"10_TPoI","tableA5_price_support_distribution_information","T1",29,0.0159428257284222,"Increase",4,6,4
"10_TPoI","tableA5_price_support_distribution_information","T1",29,0.0159428257284222,"Increase",7,10,7
"10_TPoI","tableA5_price_support_distribution_information","T1",29,0.0159428257284222,"Increase",18,27,18
"10_TPoI","tableA5_price_support_distribution_information","T1",29,0.0159428257284222,"Increase",45,60,45
"10_TPoI","tableA5_price_support_distribution_information","T1",29,0.0159428257284222,"Increase",49,66,49
"10_TPoI","tableA5_price_support_distribution_information","T1",29,0.0159428257284222,"Increase",59,79,59
"10_TPoI","tableA5_price_support_distribution_information","T1",29,0.0159428257284222,"Increase",62,84,62
"10_TPoI","tableA5_price_support_distribution_information","T1",29,0.0159428257284222,"Increase",74,97,74
"10_TPoI","tableA5_price_support_distribution_information","T1",29,0.0159428257284222,"Increase",91,118,91
"10_TPoI","tableA5_price_support_distribution_information","T1",29,0.0159428257284222,"Increase",93,122,93
"10_TPoI","tableA5_price_support_distribution_information","T1",29,0.0159428257284222,"Increase",100,131,100
"10_TPoI","tableA5_price_support_distribution_information","T1",29,0.0159428257284222,"Increase",104,137,104
"10_TPoI","tableA5_price_support_distribution_information","T1",29,0.0159428257284222,"Increase",114,148,114
"10_TPoI","tableA5_price_support_distribution_information","T1",29,0.0159428257284222,"Increase",119,153,119
"10_TPoI","tableA5_price_support_distribution_information","T1",29,0.0159428257284222,"Increase",123,158,123
"10_TPoI","tableA5_price_support_distribution_information","T1",29,0.0159428257284222,"Increase",166,216,166
"10_TPoI","tableA5_price_support_distribution_information","T1",29,0.0159428257284222,"Increase",169,221,169
"10_TPoI","tableA5_price_support_distribution_information","T1",29,0.0159428257284222,"Increase",183,236,183
"10_TPoI","tableA5_price_support_distribution_information","T1",29,0.0159428257284222,"Increase",216,274,216
"10_TPoI","tableA5_price_support_distribution_information","T1",29,0.0159428257284222,"Increase",218,276,218
"10_TPoI","tableA5_price_support_distribution_information","T1",29,0.0159428257284222,"Increase",220,278,220
"10_TPoI","tableA5_price_support_distribution_information","T1",29,0.0159428257284222,"Increase",224,284,224
"10_TPoI","tableA5_price_support_distribution_information","T1",29,0.0159428257284222,"Increase",226,286,226
"10_TPoI","tableA5_price_support_distribution_information","T1",29,0.0159428257284222,"Increase",227,287,227
"10_TPoI","tableA5_price_support_distribution_information","T1",29,0.0159428257284222,"Increase",239,300,239
"10_TPoI","tableA5_price_support_distribution_information","T1",29,0.0159428257284222,"Increase",245,309,245
"10_TPoI","tableA5_price_support_distribution_information","T1",29,0.0159428257284222,"Increase",269,344,269
"10_TPoI","tableA5_price_support_distribution_information","T1",29,0.0159428257284222,"Increase",283,361,283
"10_TPoI","tableA5_price_support_distribution_information","T1",29,0.0159428257284222,"Increase",290,370,290
"10_TPoI","tableA5_price_support_distribution_information","T1",30,0.0164925783397471,"Increase",4,6,4
"10_TPoI","tableA5_price_support_distribution_information","T1",30,0.0164925783397471,"Increase",7,10,7
"10_TPoI","tableA5_price_support_distribution_information","T1",30,0.0164925783397471,"Increase",18,27,18
"10_TPoI","tableA5_price_support_distribution_information","T1",30,0.0164925783397471,"Increase",45,60,45
"10_TPoI","tableA5_price_support_distribution_information","T1",30,0.0164925783397471,"Increase",49,66,49
"10_TPoI","tableA5_price_support_distribution_information","T1",30,0.0164925783397471,"Increase",59,79,59
"10_TPoI","tableA5_price_support_distribution_information","T1",30,0.0164925783397471,"Increase",62,84,62
"10_TPoI","tableA5_price_support_distribution_information","T1",30,0.0164925783397471,"Increase",74,97,74
"10_TPoI","tableA5_price_support_distribution_information","T1",30,0.0164925783397471,"Increase",91,118,91
"10_TPoI","tableA5_price_support_distribution_information","T1",30,0.0164925783397471,"Increase",93,122,93
"10_TPoI","tableA5_price_support_distribution_information","T1",30,0.0164925783397471,"Increase",100,131,100
"10_TPoI","tableA5_price_support_distribution_information","T1",30,0.0164925783397471,"Increase",104,137,104
"10_TPoI","tableA5_price_support_distribution_information","T1",30,0.0164925783397471,"Increase",114,148,114
"10_TPoI","tableA5_price_support_distribution_information","T1",30,0.0164925783397471,"Increase",119,153,119
"10_TPoI","tableA5_price_support_distribution_information","T1",30,0.0164925783397471,"Increase",123,158,123
"10_TPoI","tableA5_price_support_distribution_information","T1",30,0.0164925783397471,"Increase",166,216,166
"10_TPoI","tableA5_price_support_distribution_information","T1",30,0.0164925783397471,"Increase",169,221,169
"10_TPoI","tableA5_price_support_distribution_information","T1",30,0.0164925783397471,"Increase",183,236,183
"10_TPoI","tableA5_price_support_distribution_information","T1",30,0.0164925783397471,"Increase",216,274,216
"10_TPoI","tableA5_price_support_distribution_information","T1",30,0.0164925783397471,"Increase",218,276,218
"10_TPoI","tableA5_price_support_distribution_information","T1",30,0.0164925783397471,"Increase",220,278,220
"10_TPoI","tableA5_price_support_distribution_information","T1",30,0.0164925783397471,"Increase",224,284,224
"10_TPoI","tableA5_price_support_distribution_information","T1",30,0.0164925783397471,"Increase",226,286,226
"10_TPoI","tableA5_price_support_distribution_information","T1",30,0.0164925783397471,"Increase",227,287,227
"10_TPoI","tableA5_price_support_distribution_information","T1",30,0.0164925783397471,"Increase",239,300,239
"10_TPoI","tableA5_price_support_distribution_information","T1",30,0.0164925783397471,"Increase",245,309,245
"10_TPoI","tableA5_price_support_distribution_information","T1",30,0.0164925783397471,"Increase",269,344,269
"10_TPoI","tableA5_price_support_distribution_information","T1",30,0.0164925783397471,"Increase",283,361,283
"10_TPoI","tableA5_price_support_distribution_information","T1",30,0.0164925783397471,"Increase",290,370,290
"10_TPoI","tableA5_price_support_distribution_information","T1",30,0.0164925783397471,"Increase",292,372,292
"10_TPoI","tableA5_price_support_distribution_information","T1",31,0.017042330951072,"Increase",4,6,4
"10_TPoI","tableA5_price_support_distribution_information","T1",31,0.017042330951072,"Increase",7,10,7
"10_TPoI","tableA5_price_support_distribution_information","T1",31,0.017042330951072,"Increase",18,27,18
"10_TPoI","tableA5_price_support_distribution_information","T1",31,0.017042330951072,"Increase",45,60,45
"10_TPoI","tableA5_price_support_distribution_information","T1",31,0.017042330951072,"Increase",49,66,49
"10_TPoI","tableA5_price_support_distribution_information","T1",31,0.017042330951072,"Increase",59,79,59
"10_TPoI","tableA5_price_support_distribution_information","T1",31,0.017042330951072,"Increase",62,84,62
"10_TPoI","tableA5_price_support_distribution_information","T1",31,0.017042330951072,"Increase",74,97,74
"10_TPoI","tableA5_price_support_distribution_information","T1",31,0.017042330951072,"Increase",91,118,91
"10_TPoI","tableA5_price_support_distribution_information","T1",31,0.017042330951072,"Increase",93,122,93
"10_TPoI","tableA5_price_support_distribution_information","T1",31,0.017042330951072,"Increase",100,131,100
"10_TPoI","tableA5_price_support_distribution_information","T1",31,0.017042330951072,"Increase",104,137,104
"10_TPoI","tableA5_price_support_distribution_information","T1",31,0.017042330951072,"Increase",114,148,114
"10_TPoI","tableA5_price_support_distribution_information","T1",31,0.017042330951072,"Increase",119,153,119
"10_TPoI","tableA5_price_support_distribution_information","T1",31,0.017042330951072,"Increase",123,158,123
"10_TPoI","tableA5_price_support_distribution_information","T1",31,0.017042330951072,"Increase",166,216,166
"10_TPoI","tableA5_price_support_distribution_information","T1",31,0.017042330951072,"Increase",169,221,169
"10_TPoI","tableA5_price_support_distribution_information","T1",31,0.017042330951072,"Increase",183,236,183
"10_TPoI","tableA5_price_support_distribution_information","T1",31,0.017042330951072,"Increase",216,274,216
"10_TPoI","tableA5_price_support_distribution_information","T1",31,0.017042330951072,"Increase",218,276,218
"10_TPoI","tableA5_price_support_distribution_information","T1",31,0.017042330951072,"Increase",220,278,220
"10_TPoI","tableA5_price_support_distribution_information","T1",31,0.017042330951072,"Increase",224,284,224
"10_TPoI","tableA5_price_support_distribution_information","T1",31,0.017042330951072,"Increase",226,286,226
"10_TPoI","tableA5_price_support_distribution_information","T1",31,0.017042330951072,"Increase",227,287,227
"10_TPoI","tableA5_price_support_distribution_information","T1",31,0.017042330951072,"Increase",239,300,239
"10_TPoI","tableA5_price_support_distribution_information","T1",31,0.017042330951072,"Increase",245,309,245
"10_TPoI","tableA5_price_support_distribution_information","T1",31,0.017042330951072,"Increase",269,344,269
"10_TPoI","tableA5_price_support_distribution_information","T1",31,0.017042330951072,"Increase",283,361,283
"10_TPoI","tableA5_price_support_distribution_information","T1",31,0.017042330951072,"Increase",290,370,290
"10_TPoI","tableA5_price_support_distribution_information","T1",31,0.017042330951072,"Increase",292,372,292
"10_TPoI","tableA5_price_support_distribution_information","T1",31,0.017042330951072,"Increase",309,396,309
"10_TPoI","tableA5_price_support_distribution_information","T1",32,0.0175920835623969,"Increase",4,6,4
"10_TPoI","tableA5_price_support_distribution_information","T1",32,0.0175920835623969,"Increase",7,10,7
"10_TPoI","tableA5_price_support_distribution_information","T1",32,0.0175920835623969,"Increase",18,27,18
"10_TPoI","tableA5_price_support_distribution_information","T1",32,0.0175920835623969,"Increase",45,60,45
"10_TPoI","tableA5_price_support_distribution_information","T1",32,0.0175920835623969,"Increase",49,66,49
"10_TPoI","tableA5_price_support_distribution_information","T1",32,0.0175920835623969,"Increase",59,79,59
"10_TPoI","tableA5_price_support_distribution_information","T1",32,0.0175920835623969,"Increase",62,84,62
"10_TPoI","tableA5_price_support_distribution_information","T1",32,0.0175920835623969,"Increase",74,97,74
"10_TPoI","tableA5_price_support_distribution_information","T1",32,0.0175920835623969,"Increase",91,118,91
"10_TPoI","tableA5_price_support_distribution_information","T1",32,0.0175920835623969,"Increase",93,122,93
"10_TPoI","tableA5_price_support_distribution_information","T1",32,0.0175920835623969,"Increase",100,131,100
"10_TPoI","tableA5_price_support_distribution_information","T1",32,0.0175920835623969,"Increase",104,137,104
"10_TPoI","tableA5_price_support_distribution_information","T1",32,0.0175920835623969,"Increase",114,148,114
"10_TPoI","tableA5_price_support_distribution_information","T1",32,0.0175920835623969,"Increase",119,153,119
"10_TPoI","tableA5_price_support_distribution_information","T1",32,0.0175920835623969,"Increase",123,158,123
"10_TPoI","tableA5_price_support_distribution_information","T1",32,0.0175920835623969,"Increase",166,216,166
"10_TPoI","tableA5_price_support_distribution_information","T1",32,0.0175920835623969,"Increase",169,221,169
"10_TPoI","tableA5_price_support_distribution_information","T1",32,0.0175920835623969,"Increase",183,236,183
"10_TPoI","tableA5_price_support_distribution_information","T1",32,0.0175920835623969,"Increase",216,274,216
"10_TPoI","tableA5_price_support_distribution_information","T1",32,0.0175920835623969,"Increase",218,276,218
"10_TPoI","tableA5_price_support_distribution_information","T1",32,0.0175920835623969,"Increase",220,278,220
"10_TPoI","tableA5_price_support_distribution_information","T1",32,0.0175920835623969,"Increase",224,284,224
"10_TPoI","tableA5_price_support_distribution_information","T1",32,0.0175920835623969,"Increase",226,286,226
"10_TPoI","tableA5_price_support_distribution_information","T1",32,0.0175920835623969,"Increase",227,287,227
"10_TPoI","tableA5_price_support_distribution_information","T1",32,0.0175920835623969,"Increase",239,300,239
"10_TPoI","tableA5_price_support_distribution_information","T1",32,0.0175920835623969,"Increase",245,309,245
"10_TPoI","tableA5_price_support_distribution_information","T1",32,0.0175920835623969,"Increase",269,344,269
"10_TPoI","tableA5_price_support_distribution_information","T1",32,0.0175920835623969,"Increase",283,361,283
"10_TPoI","tableA5_price_support_distribution_information","T1",32,0.0175920835623969,"Increase",290,370,290
"10_TPoI","tableA5_price_support_distribution_information","T1",32,0.0175920835623969,"Increase",292,372,292
"10_TPoI","tableA5_price_support_distribution_information","T1",32,0.0175920835623969,"Increase",309,396,309
"10_TPoI","tableA5_price_support_distribution_information","T1",32,0.0175920835623969,"Increase",336,432,336
"10_TPoI","tableA5_price_support_distribution_information","T1",33,0.0181418361737218,"Increase",4,6,4
"10_TPoI","tableA5_price_support_distribution_information","T1",33,0.0181418361737218,"Increase",7,10,7
"10_TPoI","tableA5_price_support_distribution_information","T1",33,0.0181418361737218,"Increase",18,27,18
"10_TPoI","tableA5_price_support_distribution_information","T1",33,0.0181418361737218,"Increase",45,60,45
"10_TPoI","tableA5_price_support_distribution_information","T1",33,0.0181418361737218,"Increase",49,66,49
"10_TPoI","tableA5_price_support_distribution_information","T1",33,0.0181418361737218,"Increase",59,79,59
"10_TPoI","tableA5_price_support_distribution_information","T1",33,0.0181418361737218,"Increase",62,84,62
"10_TPoI","tableA5_price_support_distribution_information","T1",33,0.0181418361737218,"Increase",74,97,74
"10_TPoI","tableA5_price_support_distribution_information","T1",33,0.0181418361737218,"Increase",91,118,91
"10_TPoI","tableA5_price_support_distribution_information","T1",33,0.0181418361737218,"Increase",93,122,93
"10_TPoI","tableA5_price_support_distribution_information","T1",33,0.0181418361737218,"Increase",100,131,100
"10_TPoI","tableA5_price_support_distribution_information","T1",33,0.0181418361737218,"Increase",104,137,104
"10_TPoI","tableA5_price_support_distribution_information","T1",33,0.0181418361737218,"Increase",114,148,114
"10_TPoI","tableA5_price_support_distribution_information","T1",33,0.0181418361737218,"Increase",119,153,119
"10_TPoI","tableA5_price_support_distribution_information","T1",33,0.0181418361737218,"Increase",123,158,123
"10_TPoI","tableA5_price_support_distribution_information","T1",33,0.0181418361737218,"Increase",166,216,166
"10_TPoI","tableA5_price_support_distribution_information","T1",33,0.0181418361737218,"Increase",169,221,169
"10_TPoI","tableA5_price_support_distribution_information","T1",33,0.0181418361737218,"Increase",183,236,183
"10_TPoI","tableA5_price_support_distribution_information","T1",33,0.0181418361737218,"Increase",216,274,216
"10_TPoI","tableA5_price_support_distribution_information","T1",33,0.0181418361737218,"Increase",218,276,218
"10_TPoI","tableA5_price_support_distribution_information","T1",33,0.0181418361737218,"Increase",220,278,220
"10_TPoI","tableA5_price_support_distribution_information","T1",33,0.0181418361737218,"Increase",224,284,224
"10_TPoI","tableA5_price_support_distribution_information","T1",33,0.0181418361737218,"Increase",226,286,226
"10_TPoI","tableA5_price_support_distribution_information","T1",33,0.0181418361737218,"Increase",227,287,227
"10_TPoI","tableA5_price_support_distribution_information","T1",33,0.0181418361737218,"Increase",239,300,239
"10_TPoI","tableA5_price_support_distribution_information","T1",33,0.0181418361737218,"Increase",245,309,245
"10_TPoI","tableA5_price_support_distribution_information","T1",33,0.0181418361737218,"Increase",269,344,269
"10_TPoI","tableA5_price_support_distribution_information","T1",33,0.0181418361737218,"Increase",283,361,283
"10_TPoI","tableA5_price_support_distribution_information","T1",33,0.0181418361737218,"Increase",290,370,290
"10_TPoI","tableA5_price_support_distribution_information","T1",33,0.0181418361737218,"Increase",292,372,292
"10_TPoI","tableA5_price_support_distribution_information","T1",33,0.0181418361737218,"Increase",309,396,309
"10_TPoI","tableA5_price_support_distribution_information","T1",33,0.0181418361737218,"Increase",336,432,336
"10_TPoI","tableA5_price_support_distribution_information","T1",33,0.0181418361737218,"Increase",337,433,337
"10_TPoI","tableA5_price_support_distribution_information","T1",34,0.0186915887850467,"Increase",4,6,4
"10_TPoI","tableA5_price_support_distribution_information","T1",34,0.0186915887850467,"Increase",7,10,7
"10_TPoI","tableA5_price_support_distribution_information","T1",34,0.0186915887850467,"Increase",18,27,18
"10_TPoI","tableA5_price_support_distribution_information","T1",34,0.0186915887850467,"Increase",45,60,45
"10_TPoI","tableA5_price_support_distribution_information","T1",34,0.0186915887850467,"Increase",49,66,49
"10_TPoI","tableA5_price_support_distribution_information","T1",34,0.0186915887850467,"Increase",59,79,59
"10_TPoI","tableA5_price_support_distribution_information","T1",34,0.0186915887850467,"Increase",62,84,62
"10_TPoI","tableA5_price_support_distribution_information","T1",34,0.0186915887850467,"Increase",74,97,74
"10_TPoI","tableA5_price_support_distribution_information","T1",34,0.0186915887850467,"Increase",91,118,91
"10_TPoI","tableA5_price_support_distribution_information","T1",34,0.0186915887850467,"Increase",93,122,93
"10_TPoI","tableA5_price_support_distribution_information","T1",34,0.0186915887850467,"Increase",100,131,100
"10_TPoI","tableA5_price_support_distribution_information","T1",34,0.0186915887850467,"Increase",104,137,104
"10_TPoI","tableA5_price_support_distribution_information","T1",34,0.0186915887850467,"Increase",114,148,114
"10_TPoI","tableA5_price_support_distribution_information","T1",34,0.0186915887850467,"Increase",119,153,119
"10_TPoI","tableA5_price_support_distribution_information","T1",34,0.0186915887850467,"Increase",123,158,123
"10_TPoI","tableA5_price_support_distribution_information","T1",34,0.0186915887850467,"Increase",166,216,166
"10_TPoI","tableA5_price_support_distribution_information","T1",34,0.0186915887850467,"Increase",169,221,169
"10_TPoI","tableA5_price_support_distribution_information","T1",34,0.0186915887850467,"Increase",183,236,183
"10_TPoI","tableA5_price_support_distribution_information","T1",34,0.0186915887850467,"Increase",216,274,216
"10_TPoI","tableA5_price_support_distribution_information","T1",34,0.0186915887850467,"Increase",218,276,218
"10_TPoI","tableA5_price_support_distribution_information","T1",34,0.0186915887850467,"Increase",220,278,220
"10_TPoI","tableA5_price_support_distribution_information","T1",34,0.0186915887850467,"Increase",224,284,224
"10_TPoI","tableA5_price_support_distribution_information","T1",34,0.0186915887850467,"Increase",226,286,226
"10_TPoI","tableA5_price_support_distribution_information","T1",34,0.0186915887850467,"Increase",227,287,227
"10_TPoI","tableA5_price_support_distribution_information","T1",34,0.0186915887850467,"Increase",239,300,239
"10_TPoI","tableA5_price_support_distribution_information","T1",34,0.0186915887850467,"Increase",245,309,245
"10_TPoI","tableA5_price_support_distribution_information","T1",34,0.0186915887850467,"Increase",269,344,269
"10_TPoI","tableA5_price_support_distribution_information","T1",34,0.0186915887850467,"Increase",283,361,283
"10_TPoI","tableA5_price_support_distribution_information","T1",34,0.0186915887850467,"Increase",290,370,290
"10_TPoI","tableA5_price_support_distribution_information","T1",34,0.0186915887850467,"Increase",292,372,292
"10_TPoI","tableA5_price_support_distribution_information","T1",34,0.0186915887850467,"Increase",309,396,309
"10_TPoI","tableA5_price_support_distribution_information","T1",34,0.0186915887850467,"Increase",336,432,336
"10_TPoI","tableA5_price_support_distribution_information","T1",34,0.0186915887850467,"Increase",337,433,337
"10_TPoI","tableA5_price_support_distribution_information","T1",34,0.0186915887850467,"Increase",357,459,357
"10_TPoI","tableA5_price_support_distribution_information","T1",35,0.0192413413963716,"Increase",4,6,4
"10_TPoI","tableA5_price_support_distribution_information","T1",35,0.0192413413963716,"Increase",7,10,7
"10_TPoI","tableA5_price_support_distribution_information","T1",35,0.0192413413963716,"Increase",18,27,18
"10_TPoI","tableA5_price_support_distribution_information","T1",35,0.0192413413963716,"Increase",45,60,45
"10_TPoI","tableA5_price_support_distribution_information","T1",35,0.0192413413963716,"Increase",49,66,49
"10_TPoI","tableA5_price_support_distribution_information","T1",35,0.0192413413963716,"Increase",59,79,59
"10_TPoI","tableA5_price_support_distribution_information","T1",35,0.0192413413963716,"Increase",62,84,62
"10_TPoI","tableA5_price_support_distribution_information","T1",35,0.0192413413963716,"Increase",74,97,74
"10_TPoI","tableA5_price_support_distribution_information","T1",35,0.0192413413963716,"Increase",91,118,91
"10_TPoI","tableA5_price_support_distribution_information","T1",35,0.0192413413963716,"Increase",93,122,93
"10_TPoI","tableA5_price_support_distribution_information","T1",35,0.0192413413963716,"Increase",100,131,100
"10_TPoI","tableA5_price_support_distribution_information","T1",35,0.0192413413963716,"Increase",104,137,104
"10_TPoI","tableA5_price_support_distribution_information","T1",35,0.0192413413963716,"Increase",114,148,114
"10_TPoI","tableA5_price_support_distribution_information","T1",35,0.0192413413963716,"Increase",119,153,119
"10_TPoI","tableA5_price_support_distribution_information","T1",35,0.0192413413963716,"Increase",123,158,123
"10_TPoI","tableA5_price_support_distribution_information","T1",35,0.0192413413963716,"Increase",166,216,166
"10_TPoI","tableA5_price_support_distribution_information","T1",35,0.0192413413963716,"Increase",169,221,169
"10_TPoI","tableA5_price_support_distribution_information","T1",35,0.0192413413963716,"Increase",183,236,183
"10_TPoI","tableA5_price_support_distribution_information","T1",35,0.0192413413963716,"Increase",216,274,216
"10_TPoI","tableA5_price_support_distribution_information","T1",35,0.0192413413963716,"Increase",218,276,218
"10_TPoI","tableA5_price_support_distribution_information","T1",35,0.0192413413963716,"Increase",220,278,220
"10_TPoI","tableA5_price_support_distribution_information","T1",35,0.0192413413963716,"Increase",224,284,224
"10_TPoI","tableA5_price_support_distribution_information","T1",35,0.0192413413963716,"Increase",226,286,226
"10_TPoI","tableA5_price_support_distribution_information","T1",35,0.0192413413963716,"Increase",227,287,227
"10_TPoI","tableA5_price_support_distribution_information","T1",35,0.0192413413963716,"Increase",239,300,239
"10_TPoI","tableA5_price_support_distribution_information","T1",35,0.0192413413963716,"Increase",245,309,245
"10_TPoI","tableA5_price_support_distribution_information","T1",35,0.0192413413963716,"Increase",269,344,269
"10_TPoI","tableA5_price_support_distribution_information","T1",35,0.0192413413963716,"Increase",283,361,283
"10_TPoI","tableA5_price_support_distribution_information","T1",35,0.0192413413963716,"Increase",290,370,290
"10_TPoI","tableA5_price_support_distribution_information","T1",35,0.0192413413963716,"Increase",292,372,292
"10_TPoI","tableA5_price_support_distribution_information","T1",35,0.0192413413963716,"Increase",309,396,309
"10_TPoI","tableA5_price_support_distribution_information","T1",35,0.0192413413963716,"Increase",336,432,336
"10_TPoI","tableA5_price_support_distribution_information","T1",35,0.0192413413963716,"Increase",337,433,337
"10_TPoI","tableA5_price_support_distribution_information","T1",35,0.0192413413963716,"Increase",357,459,357
"10_TPoI","tableA5_price_support_distribution_information","T1",35,0.0192413413963716,"Increase",385,495,385
"10_TPoI","tableA5_price_support_distribution_information","T1",36,0.0197910940076965,"Increase",4,6,4
"10_TPoI","tableA5_price_support_distribution_information","T1",36,0.0197910940076965,"Increase",7,10,7
"10_TPoI","tableA5_price_support_distribution_information","T1",36,0.0197910940076965,"Increase",18,27,18
"10_TPoI","tableA5_price_support_distribution_information","T1",36,0.0197910940076965,"Increase",45,60,45
"10_TPoI","tableA5_price_support_distribution_information","T1",36,0.0197910940076965,"Increase",49,66,49
"10_TPoI","tableA5_price_support_distribution_information","T1",36,0.0197910940076965,"Increase",59,79,59
"10_TPoI","tableA5_price_support_distribution_information","T1",36,0.0197910940076965,"Increase",62,84,62
"10_TPoI","tableA5_price_support_distribution_information","T1",36,0.0197910940076965,"Increase",74,97,74
"10_TPoI","tableA5_price_support_distribution_information","T1",36,0.0197910940076965,"Increase",91,118,91
"10_TPoI","tableA5_price_support_distribution_information","T1",36,0.0197910940076965,"Increase",93,122,93
"10_TPoI","tableA5_price_support_distribution_information","T1",36,0.0197910940076965,"Increase",100,131,100
"10_TPoI","tableA5_price_support_distribution_information","T1",36,0.0197910940076965,"Increase",104,137,104
"10_TPoI","tableA5_price_support_distribution_information","T1",36,0.0197910940076965,"Increase",114,148,114
"10_TPoI","tableA5_price_support_distribution_information","T1",36,0.0197910940076965,"Increase",119,153,119
"10_TPoI","tableA5_price_support_distribution_information","T1",36,0.0197910940076965,"Increase",123,158,123
"10_TPoI","tableA5_price_support_distribution_information","T1",36,0.0197910940076965,"Increase",166,216,166
"10_TPoI","tableA5_price_support_distribution_information","T1",36,0.0197910940076965,"Increase",169,221,169
"10_TPoI","tableA5_price_support_distribution_information","T1",36,0.0197910940076965,"Increase",183,236,183
"10_TPoI","tableA5_price_support_distribution_information","T1",36,0.0197910940076965,"Increase",216,274,216
"10_TPoI","tableA5_price_support_distribution_information","T1",36,0.0197910940076965,"Increase",218,276,218
"10_TPoI","tableA5_price_support_distribution_information","T1",36,0.0197910940076965,"Increase",220,278,220
"10_TPoI","tableA5_price_support_distribution_information","T1",36,0.0197910940076965,"Increase",224,284,224
"10_TPoI","tableA5_price_support_distribution_information","T1",36,0.0197910940076965,"Increase",226,286,226
"10_TPoI","tableA5_price_support_distribution_information","T1",36,0.0197910940076965,"Increase",227,287,227
"10_TPoI","tableA5_price_support_distribution_information","T1",36,0.0197910940076965,"Increase",239,300,239
"10_TPoI","tableA5_price_support_distribution_information","T1",36,0.0197910940076965,"Increase",245,309,245
"10_TPoI","tableA5_price_support_distribution_information","T1",36,0.0197910940076965,"Increase",269,344,269
"10_TPoI","tableA5_price_support_distribution_information","T1",36,0.0197910940076965,"Increase",283,361,283
"10_TPoI","tableA5_price_support_distribution_information","T1",36,0.0197910940076965,"Increase",290,370,290
"10_TPoI","tableA5_price_support_distribution_information","T1",36,0.0197910940076965,"Increase",292,372,292
"10_TPoI","tableA5_price_support_distribution_information","T1",36,0.0197910940076965,"Increase",309,396,309
"10_TPoI","tableA5_price_support_distribution_information","T1",36,0.0197910940076965,"Increase",336,432,336
"10_TPoI","tableA5_price_support_distribution_information","T1",36,0.0197910940076965,"Increase",337,433,337
"10_TPoI","tableA5_price_support_distribution_information","T1",36,0.0197910940076965,"Increase",357,459,357
"10_TPoI","tableA5_price_support_distribution_information","T1",36,0.0197910940076965,"Increase",385,495,385
"10_TPoI","tableA5_price_support_distribution_information","T1",36,0.0197910940076965,"Increase",412,531,412
"10_TPoI","tableA5_price_support_distribution_information","T1",37,0.0203408466190214,"Increase",4,6,4
"10_TPoI","tableA5_price_support_distribution_information","T1",37,0.0203408466190214,"Increase",7,10,7
"10_TPoI","tableA5_price_support_distribution_information","T1",37,0.0203408466190214,"Increase",18,27,18
"10_TPoI","tableA5_price_support_distribution_information","T1",37,0.0203408466190214,"Increase",45,60,45
"10_TPoI","tableA5_price_support_distribution_information","T1",37,0.0203408466190214,"Increase",49,66,49
"10_TPoI","tableA5_price_support_distribution_information","T1",37,0.0203408466190214,"Increase",59,79,59
"10_TPoI","tableA5_price_support_distribution_information","T1",37,0.0203408466190214,"Increase",62,84,62
"10_TPoI","tableA5_price_support_distribution_information","T1",37,0.0203408466190214,"Increase",74,97,74
"10_TPoI","tableA5_price_support_distribution_information","T1",37,0.0203408466190214,"Increase",91,118,91
"10_TPoI","tableA5_price_support_distribution_information","T1",37,0.0203408466190214,"Increase",93,122,93
"10_TPoI","tableA5_price_support_distribution_information","T1",37,0.0203408466190214,"Increase",100,131,100
"10_TPoI","tableA5_price_support_distribution_information","T1",37,0.0203408466190214,"Increase",104,137,104
"10_TPoI","tableA5_price_support_distribution_information","T1",37,0.0203408466190214,"Increase",114,148,114
"10_TPoI","tableA5_price_support_distribution_information","T1",37,0.0203408466190214,"Increase",119,153,119
"10_TPoI","tableA5_price_support_distribution_information","T1",37,0.0203408466190214,"Increase",123,158,123
"10_TPoI","tableA5_price_support_distribution_information","T1",37,0.0203408466190214,"Increase",166,216,166
"10_TPoI","tableA5_price_support_distribution_information","T1",37,0.0203408466190214,"Increase",169,221,169
"10_TPoI","tableA5_price_support_distribution_information","T1",37,0.0203408466190214,"Increase",183,236,183
"10_TPoI","tableA5_price_support_distribution_information","T1",37,0.0203408466190214,"Increase",216,274,216
"10_TPoI","tableA5_price_support_distribution_information","T1",37,0.0203408466190214,"Increase",218,276,218
"10_TPoI","tableA5_price_support_distribution_information","T1",37,0.0203408466190214,"Increase",220,278,220
"10_TPoI","tableA5_price_support_distribution_information","T1",37,0.0203408466190214,"Increase",224,284,224
"10_TPoI","tableA5_price_support_distribution_information","T1",37,0.0203408466190214,"Increase",226,286,226
"10_TPoI","tableA5_price_support_distribution_information","T1",37,0.0203408466190214,"Increase",227,287,227
"10_TPoI","tableA5_price_support_distribution_information","T1",37,0.0203408466190214,"Increase",239,300,239
"10_TPoI","tableA5_price_support_distribution_information","T1",37,0.0203408466190214,"Increase",245,309,245
"10_TPoI","tableA5_price_support_distribution_information","T1",37,0.0203408466190214,"Increase",269,344,269
"10_TPoI","tableA5_price_support_distribution_information","T1",37,0.0203408466190214,"Increase",283,361,283
"10_TPoI","tableA5_price_support_distribution_information","T1",37,0.0203408466190214,"Increase",290,370,290
"10_TPoI","tableA5_price_support_distribution_information","T1",37,0.0203408466190214,"Increase",292,372,292
"10_TPoI","tableA5_price_support_distribution_information","T1",37,0.0203408466190214,"Increase",309,396,309
"10_TPoI","tableA5_price_support_distribution_information","T1",37,0.0203408466190214,"Increase",336,432,336
"10_TPoI","tableA5_price_support_distribution_information","T1",37,0.0203408466190214,"Increase",337,433,337
"10_TPoI","tableA5_price_support_distribution_information","T1",37,0.0203408466190214,"Increase",357,459,357
"10_TPoI","tableA5_price_support_distribution_information","T1",37,0.0203408466190214,"Increase",385,495,385
"10_TPoI","tableA5_price_support_distribution_information","T1",37,0.0203408466190214,"Increase",412,531,412
"10_TPoI","tableA5_price_support_distribution_information","T1",37,0.0203408466190214,"Increase",414,533,414
"10_TPoI","tableA5_price_support_distribution_information","T1",38,0.0208905992303463,"Increase",4,6,4
"10_TPoI","tableA5_price_support_distribution_information","T1",38,0.0208905992303463,"Increase",7,10,7
"10_TPoI","tableA5_price_support_distribution_information","T1",38,0.0208905992303463,"Increase",18,27,18
"10_TPoI","tableA5_price_support_distribution_information","T1",38,0.0208905992303463,"Increase",45,60,45
"10_TPoI","tableA5_price_support_distribution_information","T1",38,0.0208905992303463,"Increase",49,66,49
"10_TPoI","tableA5_price_support_distribution_information","T1",38,0.0208905992303463,"Increase",59,79,59
"10_TPoI","tableA5_price_support_distribution_information","T1",38,0.0208905992303463,"Increase",62,84,62
"10_TPoI","tableA5_price_support_distribution_information","T1",38,0.0208905992303463,"Increase",74,97,74
"10_TPoI","tableA5_price_support_distribution_information","T1",38,0.0208905992303463,"Increase",91,118,91
"10_TPoI","tableA5_price_support_distribution_information","T1",38,0.0208905992303463,"Increase",93,122,93
"10_TPoI","tableA5_price_support_distribution_information","T1",38,0.0208905992303463,"Increase",100,131,100
"10_TPoI","tableA5_price_support_distribution_information","T1",38,0.0208905992303463,"Increase",104,137,104
"10_TPoI","tableA5_price_support_distribution_information","T1",38,0.0208905992303463,"Increase",114,148,114
"10_TPoI","tableA5_price_support_distribution_information","T1",38,0.0208905992303463,"Increase",119,153,119
"10_TPoI","tableA5_price_support_distribution_information","T1",38,0.0208905992303463,"Increase",123,158,123
"10_TPoI","tableA5_price_support_distribution_information","T1",38,0.0208905992303463,"Increase",166,216,166
"10_TPoI","tableA5_price_support_distribution_information","T1",38,0.0208905992303463,"Increase",169,221,169
"10_TPoI","tableA5_price_support_distribution_information","T1",38,0.0208905992303463,"Increase",183,236,183
"10_TPoI","tableA5_price_support_distribution_information","T1",38,0.0208905992303463,"Increase",216,274,216
"10_TPoI","tableA5_price_support_distribution_information","T1",38,0.0208905992303463,"Increase",218,276,218
"10_TPoI","tableA5_price_support_distribution_information","T1",38,0.0208905992303463,"Increase",220,278,220
"10_TPoI","tableA5_price_support_distribution_information","T1",38,0.0208905992303463,"Increase",224,284,224
"10_TPoI","tableA5_price_support_distribution_information","T1",38,0.0208905992303463,"Increase",226,286,226
"10_TPoI","tableA5_price_support_distribution_information","T1",38,0.0208905992303463,"Increase",227,287,227
"10_TPoI","tableA5_price_support_distribution_information","T1",38,0.0208905992303463,"Increase",239,300,239
"10_TPoI","tableA5_price_support_distribution_information","T1",38,0.0208905992303463,"Increase",245,309,245
"10_TPoI","tableA5_price_support_distribution_information","T1",38,0.0208905992303463,"Increase",269,344,269
"10_TPoI","tableA5_price_support_distribution_information","T1",38,0.0208905992303463,"Increase",283,361,283
"10_TPoI","tableA5_price_support_distribution_information","T1",38,0.0208905992303463,"Increase",290,370,290
"10_TPoI","tableA5_price_support_distribution_information","T1",38,0.0208905992303463,"Increase",292,372,292
"10_TPoI","tableA5_price_support_distribution_information","T1",38,0.0208905992303463,"Increase",309,396,309
"10_TPoI","tableA5_price_support_distribution_information","T1",38,0.0208905992303463,"Increase",336,432,336
"10_TPoI","tableA5_price_support_distribution_information","T1",38,0.0208905992303463,"Increase",337,433,337
"10_TPoI","tableA5_price_support_distribution_information","T1",38,0.0208905992303463,"Increase",357,459,357
"10_TPoI","tableA5_price_support_distribution_information","T1",38,0.0208905992303463,"Increase",385,495,385
"10_TPoI","tableA5_price_support_distribution_information","T1",38,0.0208905992303463,"Increase",412,531,412
"10_TPoI","tableA5_price_support_distribution_information","T1",38,0.0208905992303463,"Increase",414,533,414
"10_TPoI","tableA5_price_support_distribution_information","T1",38,0.0208905992303463,"Increase",419,539,419
"10_TPoI","tableA5_price_support_distribution_information","T1",39,0.0214403518416712,"Increase",4,6,4
"10_TPoI","tableA5_price_support_distribution_information","T1",39,0.0214403518416712,"Increase",7,10,7
"10_TPoI","tableA5_price_support_distribution_information","T1",39,0.0214403518416712,"Increase",18,27,18
"10_TPoI","tableA5_price_support_distribution_information","T1",39,0.0214403518416712,"Increase",45,60,45
"10_TPoI","tableA5_price_support_distribution_information","T1",39,0.0214403518416712,"Increase",49,66,49
"10_TPoI","tableA5_price_support_distribution_information","T1",39,0.0214403518416712,"Increase",59,79,59
"10_TPoI","tableA5_price_support_distribution_information","T1",39,0.0214403518416712,"Increase",62,84,62
"10_TPoI","tableA5_price_support_distribution_information","T1",39,0.0214403518416712,"Increase",74,97,74
"10_TPoI","tableA5_price_support_distribution_information","T1",39,0.0214403518416712,"Increase",91,118,91
"10_TPoI","tableA5_price_support_distribution_information","T1",39,0.0214403518416712,"Increase",93,122,93
"10_TPoI","tableA5_price_support_distribution_information","T1",39,0.0214403518416712,"Increase",100,131,100
"10_TPoI","tableA5_price_support_distribution_information","T1",39,0.0214403518416712,"Increase",104,137,104
"10_TPoI","tableA5_price_support_distribution_information","T1",39,0.0214403518416712,"Increase",114,148,114
"10_TPoI","tableA5_price_support_distribution_information","T1",39,0.0214403518416712,"Increase",119,153,119
"10_TPoI","tableA5_price_support_distribution_information","T1",39,0.0214403518416712,"Increase",123,158,123
"10_TPoI","tableA5_price_support_distribution_information","T1",39,0.0214403518416712,"Increase",166,216,166
"10_TPoI","tableA5_price_support_distribution_information","T1",39,0.0214403518416712,"Increase",169,221,169
"10_TPoI","tableA5_price_support_distribution_information","T1",39,0.0214403518416712,"Increase",183,236,183
"10_TPoI","tableA5_price_support_distribution_information","T1",39,0.0214403518416712,"Increase",216,274,216
"10_TPoI","tableA5_price_support_distribution_information","T1",39,0.0214403518416712,"Increase",218,276,218
"10_TPoI","tableA5_price_support_distribution_information","T1",39,0.0214403518416712,"Increase",220,278,220
"10_TPoI","tableA5_price_support_distribution_information","T1",39,0.0214403518416712,"Increase",224,284,224
"10_TPoI","tableA5_price_support_distribution_information","T1",39,0.0214403518416712,"Increase",226,286,226
"10_TPoI","tableA5_price_support_distribution_information","T1",39,0.0214403518416712,"Increase",227,287,227
"10_TPoI","tableA5_price_support_distribution_information","T1",39,0.0214403518416712,"Increase",239,300,239
"10_TPoI","tableA5_price_support_distribution_information","T1",39,0.0214403518416712,"Increase",245,309,245
"10_TPoI","tableA5_price_support_distribution_information","T1",39,0.0214403518416712,"Increase",269,344,269
"10_TPoI","tableA5_price_support_distribution_information","T1",39,0.0214403518416712,"Increase",283,361,283
"10_TPoI","tableA5_price_support_distribution_information","T1",39,0.0214403518416712,"Increase",290,370,290
"10_TPoI","tableA5_price_support_distribution_information","T1",39,0.0214403518416712,"Increase",292,372,292
"10_TPoI","tableA5_price_support_distribution_information","T1",39,0.0214403518416712,"Increase",309,396,309
"10_TPoI","tableA5_price_support_distribution_information","T1",39,0.0214403518416712,"Increase",336,432,336
"10_TPoI","tableA5_price_support_distribution_information","T1",39,0.0214403518416712,"Increase",337,433,337
"10_TPoI","tableA5_price_support_distribution_information","T1",39,0.0214403518416712,"Increase",357,459,357
"10_TPoI","tableA5_price_support_distribution_information","T1",39,0.0214403518416712,"Increase",385,495,385
"10_TPoI","tableA5_price_support_distribution_information","T1",39,0.0214403518416712,"Increase",412,531,412
"10_TPoI","tableA5_price_support_distribution_information","T1",39,0.0214403518416712,"Increase",414,533,414
"10_TPoI","tableA5_price_support_distribution_information","T1",39,0.0214403518416712,"Increase",419,539,419
"10_TPoI","tableA5_price_support_distribution_information","T1",39,0.0214403518416712,"Increase",423,543,423
"10_TPoI","tableA5_price_support_distribution_information","T1",40,0.0219901044529962,"Increase",4,6,4
"10_TPoI","tableA5_price_support_distribution_information","T1",40,0.0219901044529962,"Increase",7,10,7
"10_TPoI","tableA5_price_support_distribution_information","T1",40,0.0219901044529962,"Increase",18,27,18
"10_TPoI","tableA5_price_support_distribution_information","T1",40,0.0219901044529962,"Increase",45,60,45
"10_TPoI","tableA5_price_support_distribution_information","T1",40,0.0219901044529962,"Increase",49,66,49
"10_TPoI","tableA5_price_support_distribution_information","T1",40,0.0219901044529962,"Increase",59,79,59
"10_TPoI","tableA5_price_support_distribution_information","T1",40,0.0219901044529962,"Increase",62,84,62
"10_TPoI","tableA5_price_support_distribution_information","T1",40,0.0219901044529962,"Increase",74,97,74
"10_TPoI","tableA5_price_support_distribution_information","T1",40,0.0219901044529962,"Increase",91,118,91
"10_TPoI","tableA5_price_support_distribution_information","T1",40,0.0219901044529962,"Increase",93,122,93
"10_TPoI","tableA5_price_support_distribution_information","T1",40,0.0219901044529962,"Increase",100,131,100
"10_TPoI","tableA5_price_support_distribution_information","T1",40,0.0219901044529962,"Increase",104,137,104
"10_TPoI","tableA5_price_support_distribution_information","T1",40,0.0219901044529962,"Increase",114,148,114
"10_TPoI","tableA5_price_support_distribution_information","T1",40,0.0219901044529962,"Increase",119,153,119
"10_TPoI","tableA5_price_support_distribution_information","T1",40,0.0219901044529962,"Increase",123,158,123
"10_TPoI","tableA5_price_support_distribution_information","T1",40,0.0219901044529962,"Increase",166,216,166
"10_TPoI","tableA5_price_support_distribution_information","T1",40,0.0219901044529962,"Increase",169,221,169
"10_TPoI","tableA5_price_support_distribution_information","T1",40,0.0219901044529962,"Increase",183,236,183
"10_TPoI","tableA5_price_support_distribution_information","T1",40,0.0219901044529962,"Increase",216,274,216
"10_TPoI","tableA5_price_support_distribution_information","T1",40,0.0219901044529962,"Increase",218,276,218
"10_TPoI","tableA5_price_support_distribution_information","T1",40,0.0219901044529962,"Increase",220,278,220
"10_TPoI","tableA5_price_support_distribution_information","T1",40,0.0219901044529962,"Increase",224,284,224
"10_TPoI","tableA5_price_support_distribution_information","T1",40,0.0219901044529962,"Increase",226,286,226
"10_TPoI","tableA5_price_support_distribution_information","T1",40,0.0219901044529962,"Increase",227,287,227
"10_TPoI","tableA5_price_support_distribution_information","T1",40,0.0219901044529962,"Increase",239,300,239
"10_TPoI","tableA5_price_support_distribution_information","T1",40,0.0219901044529962,"Increase",245,309,245
"10_TPoI","tableA5_price_support_distribution_information","T1",40,0.0219901044529962,"Increase",269,344,269
"10_TPoI","tableA5_price_support_distribution_information","T1",40,0.0219901044529962,"Increase",283,361,283
"10_TPoI","tableA5_price_support_distribution_information","T1",40,0.0219901044529962,"Increase",290,370,290
"10_TPoI","tableA5_price_support_distribution_information","T1",40,0.0219901044529962,"Increase",292,372,292
"10_TPoI","tableA5_price_support_distribution_information","T1",40,0.0219901044529962,"Increase",309,396,309
"10_TPoI","tableA5_price_support_distribution_information","T1",40,0.0219901044529962,"Increase",336,432,336
"10_TPoI","tableA5_price_support_distribution_information","T1",40,0.0219901044529962,"Increase",337,433,337
"10_TPoI","tableA5_price_support_distribution_information","T1",40,0.0219901044529962,"Increase",357,459,357
"10_TPoI","tableA5_price_support_distribution_information","T1",40,0.0219901044529962,"Increase",385,495,385
"10_TPoI","tableA5_price_support_distribution_information","T1",40,0.0219901044529962,"Increase",412,531,412
"10_TPoI","tableA5_price_support_distribution_information","T1",40,0.0219901044529962,"Increase",414,533,414
"10_TPoI","tableA5_price_support_distribution_information","T1",40,0.0219901044529962,"Increase",419,539,419
"10_TPoI","tableA5_price_support_distribution_information","T1",40,0.0219901044529962,"Increase",423,543,423
"10_TPoI","tableA5_price_support_distribution_information","T1",40,0.0219901044529962,"Increase",433,555,433
"10_TPoI","tableA5_price_support_distribution_information","T1",41,0.0225398570643211,"Increase",4,6,4
"10_TPoI","tableA5_price_support_distribution_information","T1",41,0.0225398570643211,"Increase",7,10,7
"10_TPoI","tableA5_price_support_distribution_information","T1",41,0.0225398570643211,"Increase",18,27,18
"10_TPoI","tableA5_price_support_distribution_information","T1",41,0.0225398570643211,"Increase",45,60,45
"10_TPoI","tableA5_price_support_distribution_information","T1",41,0.0225398570643211,"Increase",49,66,49
"10_TPoI","tableA5_price_support_distribution_information","T1",41,0.0225398570643211,"Increase",59,79,59
"10_TPoI","tableA5_price_support_distribution_information","T1",41,0.0225398570643211,"Increase",62,84,62
"10_TPoI","tableA5_price_support_distribution_information","T1",41,0.0225398570643211,"Increase",74,97,74
"10_TPoI","tableA5_price_support_distribution_information","T1",41,0.0225398570643211,"Increase",91,118,91
"10_TPoI","tableA5_price_support_distribution_information","T1",41,0.0225398570643211,"Increase",93,122,93
"10_TPoI","tableA5_price_support_distribution_information","T1",41,0.0225398570643211,"Increase",100,131,100
"10_TPoI","tableA5_price_support_distribution_information","T1",41,0.0225398570643211,"Increase",104,137,104
"10_TPoI","tableA5_price_support_distribution_information","T1",41,0.0225398570643211,"Increase",114,148,114
"10_TPoI","tableA5_price_support_distribution_information","T1",41,0.0225398570643211,"Increase",119,153,119
"10_TPoI","tableA5_price_support_distribution_information","T1",41,0.0225398570643211,"Increase",123,158,123
"10_TPoI","tableA5_price_support_distribution_information","T1",41,0.0225398570643211,"Increase",166,216,166
"10_TPoI","tableA5_price_support_distribution_information","T1",41,0.0225398570643211,"Increase",169,221,169
"10_TPoI","tableA5_price_support_distribution_information","T1",41,0.0225398570643211,"Increase",183,236,183
"10_TPoI","tableA5_price_support_distribution_information","T1",41,0.0225398570643211,"Increase",216,274,216
"10_TPoI","tableA5_price_support_distribution_information","T1",41,0.0225398570643211,"Increase",218,276,218
"10_TPoI","tableA5_price_support_distribution_information","T1",41,0.0225398570643211,"Increase",220,278,220
"10_TPoI","tableA5_price_support_distribution_information","T1",41,0.0225398570643211,"Increase",224,284,224
"10_TPoI","tableA5_price_support_distribution_information","T1",41,0.0225398570643211,"Increase",226,286,226
"10_TPoI","tableA5_price_support_distribution_information","T1",41,0.0225398570643211,"Increase",227,287,227
"10_TPoI","tableA5_price_support_distribution_information","T1",41,0.0225398570643211,"Increase",239,300,239
"10_TPoI","tableA5_price_support_distribution_information","T1",41,0.0225398570643211,"Increase",245,309,245
"10_TPoI","tableA5_price_support_distribution_information","T1",41,0.0225398570643211,"Increase",269,344,269
"10_TPoI","tableA5_price_support_distribution_information","T1",41,0.0225398570643211,"Increase",283,361,283
"10_TPoI","tableA5_price_support_distribution_information","T1",41,0.0225398570643211,"Increase",290,370,290
"10_TPoI","tableA5_price_support_distribution_information","T1",41,0.0225398570643211,"Increase",292,372,292
"10_TPoI","tableA5_price_support_distribution_information","T1",41,0.0225398570643211,"Increase",309,396,309
"10_TPoI","tableA5_price_support_distribution_information","T1",41,0.0225398570643211,"Increase",336,432,336
"10_TPoI","tableA5_price_support_distribution_information","T1",41,0.0225398570643211,"Increase",337,433,337
"10_TPoI","tableA5_price_support_distribution_information","T1",41,0.0225398570643211,"Increase",357,459,357
"10_TPoI","tableA5_price_support_distribution_information","T1",41,0.0225398570643211,"Increase",385,495,385
"10_TPoI","tableA5_price_support_distribution_information","T1",41,0.0225398570643211,"Increase",412,531,412
"10_TPoI","tableA5_price_support_distribution_information","T1",41,0.0225398570643211,"Increase",414,533,414
"10_TPoI","tableA5_price_support_distribution_information","T1",41,0.0225398570643211,"Increase",419,539,419
"10_TPoI","tableA5_price_support_distribution_information","T1",41,0.0225398570643211,"Increase",423,543,423
"10_TPoI","tableA5_price_support_distribution_information","T1",41,0.0225398570643211,"Increase",433,555,433
"10_TPoI","tableA5_price_support_distribution_information","T1",41,0.0225398570643211,"Increase",442,565,442
"10_TPoI","tableA5_price_support_distribution_information","T1",42,0.023089609675646,"Increase",4,6,4
"10_TPoI","tableA5_price_support_distribution_information","T1",42,0.023089609675646,"Increase",7,10,7
"10_TPoI","tableA5_price_support_distribution_information","T1",42,0.023089609675646,"Increase",18,27,18
"10_TPoI","tableA5_price_support_distribution_information","T1",42,0.023089609675646,"Increase",45,60,45
"10_TPoI","tableA5_price_support_distribution_information","T1",42,0.023089609675646,"Increase",49,66,49
"10_TPoI","tableA5_price_support_distribution_information","T1",42,0.023089609675646,"Increase",59,79,59
"10_TPoI","tableA5_price_support_distribution_information","T1",42,0.023089609675646,"Increase",62,84,62
"10_TPoI","tableA5_price_support_distribution_information","T1",42,0.023089609675646,"Increase",74,97,74
"10_TPoI","tableA5_price_support_distribution_information","T1",42,0.023089609675646,"Increase",91,118,91
"10_TPoI","tableA5_price_support_distribution_information","T1",42,0.023089609675646,"Increase",93,122,93
"10_TPoI","tableA5_price_support_distribution_information","T1",42,0.023089609675646,"Increase",100,131,100
"10_TPoI","tableA5_price_support_distribution_information","T1",42,0.023089609675646,"Increase",104,137,104
"10_TPoI","tableA5_price_support_distribution_information","T1",42,0.023089609675646,"Increase",114,148,114
"10_TPoI","tableA5_price_support_distribution_information","T1",42,0.023089609675646,"Increase",119,153,119
"10_TPoI","tableA5_price_support_distribution_information","T1",42,0.023089609675646,"Increase",123,158,123
"10_TPoI","tableA5_price_support_distribution_information","T1",42,0.023089609675646,"Increase",166,216,166
"10_TPoI","tableA5_price_support_distribution_information","T1",42,0.023089609675646,"Increase",169,221,169
"10_TPoI","tableA5_price_support_distribution_information","T1",42,0.023089609675646,"Increase",183,236,183
"10_TPoI","tableA5_price_support_distribution_information","T1",42,0.023089609675646,"Increase",216,274,216
"10_TPoI","tableA5_price_support_distribution_information","T1",42,0.023089609675646,"Increase",218,276,218
"10_TPoI","tableA5_price_support_distribution_information","T1",42,0.023089609675646,"Increase",220,278,220
"10_TPoI","tableA5_price_support_distribution_information","T1",42,0.023089609675646,"Increase",224,284,224
"10_TPoI","tableA5_price_support_distribution_information","T1",42,0.023089609675646,"Increase",226,286,226
"10_TPoI","tableA5_price_support_distribution_information","T1",42,0.023089609675646,"Increase",227,287,227
"10_TPoI","tableA5_price_support_distribution_information","T1",42,0.023089609675646,"Increase",239,300,239
"10_TPoI","tableA5_price_support_distribution_information","T1",42,0.023089609675646,"Increase",245,309,245
"10_TPoI","tableA5_price_support_distribution_information","T1",42,0.023089609675646,"Increase",269,344,269
"10_TPoI","tableA5_price_support_distribution_information","T1",42,0.023089609675646,"Increase",283,361,283
"10_TPoI","tableA5_price_support_distribution_information","T1",42,0.023089609675646,"Increase",290,370,290
"10_TPoI","tableA5_price_support_distribution_information","T1",42,0.023089609675646,"Increase",292,372,292
"10_TPoI","tableA5_price_support_distribution_information","T1",42,0.023089609675646,"Increase",309,396,309
"10_TPoI","tableA5_price_support_distribution_information","T1",42,0.023089609675646,"Increase",336,432,336
"10_TPoI","tableA5_price_support_distribution_information","T1",42,0.023089609675646,"Increase",337,433,337
"10_TPoI","tableA5_price_support_distribution_information","T1",42,0.023089609675646,"Increase",357,459,357
"10_TPoI","tableA5_price_support_distribution_information","T1",42,0.023089609675646,"Increase",385,495,385
"10_TPoI","tableA5_price_support_distribution_information","T1",42,0.023089609675646,"Increase",412,531,412
"10_TPoI","tableA5_price_support_distribution_information","T1",42,0.023089609675646,"Increase",414,533,414
"10_TPoI","tableA5_price_support_distribution_information","T1",42,0.023089609675646,"Increase",419,539,419
"10_TPoI","tableA5_price_support_distribution_information","T1",42,0.023089609675646,"Increase",423,543,423
"10_TPoI","tableA5_price_support_distribution_information","T1",42,0.023089609675646,"Increase",433,555,433
"10_TPoI","tableA5_price_support_distribution_information","T1",42,0.023089609675646,"Increase",442,565,442
"10_TPoI","tableA5_price_support_distribution_information","T1",42,0.023089609675646,"Increase",450,578,450
"10_TPoI","tableA5_price_support_distribution_information","T1",43,0.0236393622869709,"Increase",4,6,4
"10_TPoI","tableA5_price_support_distribution_information","T1",43,0.0236393622869709,"Increase",7,10,7
"10_TPoI","tableA5_price_support_distribution_information","T1",43,0.0236393622869709,"Increase",18,27,18
"10_TPoI","tableA5_price_support_distribution_information","T1",43,0.0236393622869709,"Increase",45,60,45
"10_TPoI","tableA5_price_support_distribution_information","T1",43,0.0236393622869709,"Increase",49,66,49
"10_TPoI","tableA5_price_support_distribution_information","T1",43,0.0236393622869709,"Increase",59,79,59
"10_TPoI","tableA5_price_support_distribution_information","T1",43,0.0236393622869709,"Increase",62,84,62
"10_TPoI","tableA5_price_support_distribution_information","T1",43,0.0236393622869709,"Increase",74,97,74
"10_TPoI","tableA5_price_support_distribution_information","T1",43,0.0236393622869709,"Increase",91,118,91
"10_TPoI","tableA5_price_support_distribution_information","T1",43,0.0236393622869709,"Increase",93,122,93
"10_TPoI","tableA5_price_support_distribution_information","T1",43,0.0236393622869709,"Increase",100,131,100
"10_TPoI","tableA5_price_support_distribution_information","T1",43,0.0236393622869709,"Increase",104,137,104
"10_TPoI","tableA5_price_support_distribution_information","T1",43,0.0236393622869709,"Increase",114,148,114
"10_TPoI","tableA5_price_support_distribution_information","T1",43,0.0236393622869709,"Increase",119,153,119
"10_TPoI","tableA5_price_support_distribution_information","T1",43,0.0236393622869709,"Increase",123,158,123
"10_TPoI","tableA5_price_support_distribution_information","T1",43,0.0236393622869709,"Increase",166,216,166
"10_TPoI","tableA5_price_support_distribution_information","T1",43,0.0236393622869709,"Increase",169,221,169
"10_TPoI","tableA5_price_support_distribution_information","T1",43,0.0236393622869709,"Increase",183,236,183
"10_TPoI","tableA5_price_support_distribution_information","T1",43,0.0236393622869709,"Increase",216,274,216
"10_TPoI","tableA5_price_support_distribution_information","T1",43,0.0236393622869709,"Increase",218,276,218
"10_TPoI","tableA5_price_support_distribution_information","T1",43,0.0236393622869709,"Increase",220,278,220
"10_TPoI","tableA5_price_support_distribution_information","T1",43,0.0236393622869709,"Increase",224,284,224
"10_TPoI","tableA5_price_support_distribution_information","T1",43,0.0236393622869709,"Increase",226,286,226
"10_TPoI","tableA5_price_support_distribution_information","T1",43,0.0236393622869709,"Increase",227,287,227
"10_TPoI","tableA5_price_support_distribution_information","T1",43,0.0236393622869709,"Increase",239,300,239
"10_TPoI","tableA5_price_support_distribution_information","T1",43,0.0236393622869709,"Increase",245,309,245
"10_TPoI","tableA5_price_support_distribution_information","T1",43,0.0236393622869709,"Increase",269,344,269
"10_TPoI","tableA5_price_support_distribution_information","T1",43,0.0236393622869709,"Increase",283,361,283
"10_TPoI","tableA5_price_support_distribution_information","T1",43,0.0236393622869709,"Increase",290,370,290
"10_TPoI","tableA5_price_support_distribution_information","T1",43,0.0236393622869709,"Increase",292,372,292
"10_TPoI","tableA5_price_support_distribution_information","T1",43,0.0236393622869709,"Increase",309,396,309
"10_TPoI","tableA5_price_support_distribution_information","T1",43,0.0236393622869709,"Increase",336,432,336
"10_TPoI","tableA5_price_support_distribution_information","T1",43,0.0236393622869709,"Increase",337,433,337
"10_TPoI","tableA5_price_support_distribution_information","T1",43,0.0236393622869709,"Increase",357,459,357
"10_TPoI","tableA5_price_support_distribution_information","T1",43,0.0236393622869709,"Increase",385,495,385
"10_TPoI","tableA5_price_support_distribution_information","T1",43,0.0236393622869709,"Increase",412,531,412
"10_TPoI","tableA5_price_support_distribution_information","T1",43,0.0236393622869709,"Increase",414,533,414
"10_TPoI","tableA5_price_support_distribution_information","T1",43,0.0236393622869709,"Increase",419,539,419
"10_TPoI","tableA5_price_support_distribution_information","T1",43,0.0236393622869709,"Increase",423,543,423
"10_TPoI","tableA5_price_support_distribution_information","T1",43,0.0236393622869709,"Increase",433,555,433
"10_TPoI","tableA5_price_support_distribution_information","T1",43,0.0236393622869709,"Increase",442,565,442
"10_TPoI","tableA5_price_support_distribution_information","T1",43,0.0236393622869709,"Increase",450,578,450
"10_TPoI","tableA5_price_support_distribution_information","T1",43,0.0236393622869709,"Increase",463,597,463
"10_TPoI","tableA5_price_support_distribution_information","T1",44,0.0241891148982958,"Increase",4,6,4
"10_TPoI","tableA5_price_support_distribution_information","T1",44,0.0241891148982958,"Increase",7,10,7
"10_TPoI","tableA5_price_support_distribution_information","T1",44,0.0241891148982958,"Increase",18,27,18
"10_TPoI","tableA5_price_support_distribution_information","T1",44,0.0241891148982958,"Increase",45,60,45
"10_TPoI","tableA5_price_support_distribution_information","T1",44,0.0241891148982958,"Increase",49,66,49
"10_TPoI","tableA5_price_support_distribution_information","T1",44,0.0241891148982958,"Increase",59,79,59
"10_TPoI","tableA5_price_support_distribution_information","T1",44,0.0241891148982958,"Increase",62,84,62
"10_TPoI","tableA5_price_support_distribution_information","T1",44,0.0241891148982958,"Increase",74,97,74
"10_TPoI","tableA5_price_support_distribution_information","T1",44,0.0241891148982958,"Increase",91,118,91
"10_TPoI","tableA5_price_support_distribution_information","T1",44,0.0241891148982958,"Increase",93,122,93
"10_TPoI","tableA5_price_support_distribution_information","T1",44,0.0241891148982958,"Increase",100,131,100
"10_TPoI","tableA5_price_support_distribution_information","T1",44,0.0241891148982958,"Increase",104,137,104
"10_TPoI","tableA5_price_support_distribution_information","T1",44,0.0241891148982958,"Increase",114,148,114
"10_TPoI","tableA5_price_support_distribution_information","T1",44,0.0241891148982958,"Increase",119,153,119
"10_TPoI","tableA5_price_support_distribution_information","T1",44,0.0241891148982958,"Increase",123,158,123
"10_TPoI","tableA5_price_support_distribution_information","T1",44,0.0241891148982958,"Increase",166,216,166
"10_TPoI","tableA5_price_support_distribution_information","T1",44,0.0241891148982958,"Increase",169,221,169
"10_TPoI","tableA5_price_support_distribution_information","T1",44,0.0241891148982958,"Increase",183,236,183
"10_TPoI","tableA5_price_support_distribution_information","T1",44,0.0241891148982958,"Increase",216,274,216
"10_TPoI","tableA5_price_support_distribution_information","T1",44,0.0241891148982958,"Increase",218,276,218
"10_TPoI","tableA5_price_support_distribution_information","T1",44,0.0241891148982958,"Increase",220,278,220
"10_TPoI","tableA5_price_support_distribution_information","T1",44,0.0241891148982958,"Increase",224,284,224
"10_TPoI","tableA5_price_support_distribution_information","T1",44,0.0241891148982958,"Increase",226,286,226
"10_TPoI","tableA5_price_support_distribution_information","T1",44,0.0241891148982958,"Increase",227,287,227
"10_TPoI","tableA5_price_support_distribution_information","T1",44,0.0241891148982958,"Increase",239,300,239
"10_TPoI","tableA5_price_support_distribution_information","T1",44,0.0241891148982958,"Increase",245,309,245
"10_TPoI","tableA5_price_support_distribution_information","T1",44,0.0241891148982958,"Increase",269,344,269
"10_TPoI","tableA5_price_support_distribution_information","T1",44,0.0241891148982958,"Increase",283,361,283
"10_TPoI","tableA5_price_support_distribution_information","T1",44,0.0241891148982958,"Increase",290,370,290
"10_TPoI","tableA5_price_support_distribution_information","T1",44,0.0241891148982958,"Increase",292,372,292
"10_TPoI","tableA5_price_support_distribution_information","T1",44,0.0241891148982958,"Increase",309,396,309
"10_TPoI","tableA5_price_support_distribution_information","T1",44,0.0241891148982958,"Increase",336,432,336
"10_TPoI","tableA5_price_support_distribution_information","T1",44,0.0241891148982958,"Increase",337,433,337
"10_TPoI","tableA5_price_support_distribution_information","T1",44,0.0241891148982958,"Increase",357,459,357
"10_TPoI","tableA5_price_support_distribution_information","T1",44,0.0241891148982958,"Increase",385,495,385
"10_TPoI","tableA5_price_support_distribution_information","T1",44,0.0241891148982958,"Increase",412,531,412
"10_TPoI","tableA5_price_support_distribution_information","T1",44,0.0241891148982958,"Increase",414,533,414
"10_TPoI","tableA5_price_support_distribution_information","T1",44,0.0241891148982958,"Increase",419,539,419
"10_TPoI","tableA5_price_support_distribution_information","T1",44,0.0241891148982958,"Increase",423,543,423
"10_TPoI","tableA5_price_support_distribution_information","T1",44,0.0241891148982958,"Increase",433,555,433
"10_TPoI","tableA5_price_support_distribution_information","T1",44,0.0241891148982958,"Increase",442,565,442
"10_TPoI","tableA5_price_support_distribution_information","T1",44,0.0241891148982958,"Increase",450,578,450
"10_TPoI","tableA5_price_support_distribution_information","T1",44,0.0241891148982958,"Increase",463,597,463
"10_TPoI","tableA5_price_support_distribution_information","T1",44,0.0241891148982958,"Increase",464,598,464
"10_TPoI","tableA5_price_support_distribution_information","T1",45,0.0247388675096207,"Increase",4,6,4
"10_TPoI","tableA5_price_support_distribution_information","T1",45,0.0247388675096207,"Increase",7,10,7
"10_TPoI","tableA5_price_support_distribution_information","T1",45,0.0247388675096207,"Increase",18,27,18
"10_TPoI","tableA5_price_support_distribution_information","T1",45,0.0247388675096207,"Increase",45,60,45
"10_TPoI","tableA5_price_support_distribution_information","T1",45,0.0247388675096207,"Increase",49,66,49
"10_TPoI","tableA5_price_support_distribution_information","T1",45,0.0247388675096207,"Increase",59,79,59
"10_TPoI","tableA5_price_support_distribution_information","T1",45,0.0247388675096207,"Increase",62,84,62
"10_TPoI","tableA5_price_support_distribution_information","T1",45,0.0247388675096207,"Increase",74,97,74
"10_TPoI","tableA5_price_support_distribution_information","T1",45,0.0247388675096207,"Increase",91,118,91
"10_TPoI","tableA5_price_support_distribution_information","T1",45,0.0247388675096207,"Increase",93,122,93
"10_TPoI","tableA5_price_support_distribution_information","T1",45,0.0247388675096207,"Increase",100,131,100
"10_TPoI","tableA5_price_support_distribution_information","T1",45,0.0247388675096207,"Increase",104,137,104
"10_TPoI","tableA5_price_support_distribution_information","T1",45,0.0247388675096207,"Increase",114,148,114
"10_TPoI","tableA5_price_support_distribution_information","T1",45,0.0247388675096207,"Increase",119,153,119
"10_TPoI","tableA5_price_support_distribution_information","T1",45,0.0247388675096207,"Increase",123,158,123
"10_TPoI","tableA5_price_support_distribution_information","T1",45,0.0247388675096207,"Increase",166,216,166
"10_TPoI","tableA5_price_support_distribution_information","T1",45,0.0247388675096207,"Increase",169,221,169
"10_TPoI","tableA5_price_support_distribution_information","T1",45,0.0247388675096207,"Increase",183,236,183
"10_TPoI","tableA5_price_support_distribution_information","T1",45,0.0247388675096207,"Increase",216,274,216
"10_TPoI","tableA5_price_support_distribution_information","T1",45,0.0247388675096207,"Increase",218,276,218
"10_TPoI","tableA5_price_support_distribution_information","T1",45,0.0247388675096207,"Increase",220,278,220
"10_TPoI","tableA5_price_support_distribution_information","T1",45,0.0247388675096207,"Increase",224,284,224
"10_TPoI","tableA5_price_support_distribution_information","T1",45,0.0247388675096207,"Increase",226,286,226
"10_TPoI","tableA5_price_support_distribution_information","T1",45,0.0247388675096207,"Increase",227,287,227
"10_TPoI","tableA5_price_support_distribution_information","T1",45,0.0247388675096207,"Increase",239,300,239
"10_TPoI","tableA5_price_support_distribution_information","T1",45,0.0247388675096207,"Increase",245,309,245
"10_TPoI","tableA5_price_support_distribution_information","T1",45,0.0247388675096207,"Increase",269,344,269
"10_TPoI","tableA5_price_support_distribution_information","T1",45,0.0247388675096207,"Increase",283,361,283
"10_TPoI","tableA5_price_support_distribution_information","T1",45,0.0247388675096207,"Increase",290,370,290
"10_TPoI","tableA5_price_support_distribution_information","T1",45,0.0247388675096207,"Increase",292,372,292
"10_TPoI","tableA5_price_support_distribution_information","T1",45,0.0247388675096207,"Increase",309,396,309
"10_TPoI","tableA5_price_support_distribution_information","T1",45,0.0247388675096207,"Increase",336,432,336
"10_TPoI","tableA5_price_support_distribution_information","T1",45,0.0247388675096207,"Increase",337,433,337
"10_TPoI","tableA5_price_support_distribution_information","T1",45,0.0247388675096207,"Increase",357,459,357
"10_TPoI","tableA5_price_support_distribution_information","T1",45,0.0247388675096207,"Increase",385,495,385
"10_TPoI","tableA5_price_support_distribution_information","T1",45,0.0247388675096207,"Increase",412,531,412
"10_TPoI","tableA5_price_support_distribution_information","T1",45,0.0247388675096207,"Increase",414,533,414
"10_TPoI","tableA5_price_support_distribution_information","T1",45,0.0247388675096207,"Increase",419,539,419
"10_TPoI","tableA5_price_support_distribution_information","T1",45,0.0247388675096207,"Increase",423,543,423
"10_TPoI","tableA5_price_support_distribution_information","T1",45,0.0247388675096207,"Increase",433,555,433
"10_TPoI","tableA5_price_support_distribution_information","T1",45,0.0247388675096207,"Increase",442,565,442
"10_TPoI","tableA5_price_support_distribution_information","T1",45,0.0247388675096207,"Increase",450,578,450
"10_TPoI","tableA5_price_support_distribution_information","T1",45,0.0247388675096207,"Increase",463,597,463
"10_TPoI","tableA5_price_support_distribution_information","T1",45,0.0247388675096207,"Increase",464,598,464
"10_TPoI","tableA5_price_support_distribution_information","T1",45,0.0247388675096207,"Increase",467,601,467
"10_TPoI","tableA5_price_support_distribution_information","T1",46,0.0252886201209456,"Increase",4,6,4
"10_TPoI","tableA5_price_support_distribution_information","T1",46,0.0252886201209456,"Increase",7,10,7
"10_TPoI","tableA5_price_support_distribution_information","T1",46,0.0252886201209456,"Increase",18,27,18
"10_TPoI","tableA5_price_support_distribution_information","T1",46,0.0252886201209456,"Increase",45,60,45
"10_TPoI","tableA5_price_support_distribution_information","T1",46,0.0252886201209456,"Increase",49,66,49
"10_TPoI","tableA5_price_support_distribution_information","T1",46,0.0252886201209456,"Increase",59,79,59
"10_TPoI","tableA5_price_support_distribution_information","T1",46,0.0252886201209456,"Increase",62,84,62
"10_TPoI","tableA5_price_support_distribution_information","T1",46,0.0252886201209456,"Increase",74,97,74
"10_TPoI","tableA5_price_support_distribution_information","T1",46,0.0252886201209456,"Increase",91,118,91
"10_TPoI","tableA5_price_support_distribution_information","T1",46,0.0252886201209456,"Increase",93,122,93
"10_TPoI","tableA5_price_support_distribution_information","T1",46,0.0252886201209456,"Increase",100,131,100
"10_TPoI","tableA5_price_support_distribution_information","T1",46,0.0252886201209456,"Increase",104,137,104
"10_TPoI","tableA5_price_support_distribution_information","T1",46,0.0252886201209456,"Increase",114,148,114
"10_TPoI","tableA5_price_support_distribution_information","T1",46,0.0252886201209456,"Increase",119,153,119
"10_TPoI","tableA5_price_support_distribution_information","T1",46,0.0252886201209456,"Increase",123,158,123
"10_TPoI","tableA5_price_support_distribution_information","T1",46,0.0252886201209456,"Increase",166,216,166
"10_TPoI","tableA5_price_support_distribution_information","T1",46,0.0252886201209456,"Increase",169,221,169
"10_TPoI","tableA5_price_support_distribution_information","T1",46,0.0252886201209456,"Increase",183,236,183
"10_TPoI","tableA5_price_support_distribution_information","T1",46,0.0252886201209456,"Increase",216,274,216
"10_TPoI","tableA5_price_support_distribution_information","T1",46,0.0252886201209456,"Increase",218,276,218
"10_TPoI","tableA5_price_support_distribution_information","T1",46,0.0252886201209456,"Increase",220,278,220
"10_TPoI","tableA5_price_support_distribution_information","T1",46,0.0252886201209456,"Increase",224,284,224
"10_TPoI","tableA5_price_support_distribution_information","T1",46,0.0252886201209456,"Increase",226,286,226
"10_TPoI","tableA5_price_support_distribution_information","T1",46,0.0252886201209456,"Increase",227,287,227
"10_TPoI","tableA5_price_support_distribution_information","T1",46,0.0252886201209456,"Increase",239,300,239
"10_TPoI","tableA5_price_support_distribution_information","T1",46,0.0252886201209456,"Increase",245,309,245
"10_TPoI","tableA5_price_support_distribution_information","T1",46,0.0252886201209456,"Increase",269,344,269
"10_TPoI","tableA5_price_support_distribution_information","T1",46,0.0252886201209456,"Increase",283,361,283
"10_TPoI","tableA5_price_support_distribution_information","T1",46,0.0252886201209456,"Increase",290,370,290
"10_TPoI","tableA5_price_support_distribution_information","T1",46,0.0252886201209456,"Increase",292,372,292
"10_TPoI","tableA5_price_support_distribution_information","T1",46,0.0252886201209456,"Increase",309,396,309
"10_TPoI","tableA5_price_support_distribution_information","T1",46,0.0252886201209456,"Increase",336,432,336
"10_TPoI","tableA5_price_support_distribution_information","T1",46,0.0252886201209456,"Increase",337,433,337
"10_TPoI","tableA5_price_support_distribution_information","T1",46,0.0252886201209456,"Increase",357,459,357
"10_TPoI","tableA5_price_support_distribution_information","T1",46,0.0252886201209456,"Increase",385,495,385
"10_TPoI","tableA5_price_support_distribution_information","T1",46,0.0252886201209456,"Increase",412,531,412
"10_TPoI","tableA5_price_support_distribution_information","T1",46,0.0252886201209456,"Increase",414,533,414
"10_TPoI","tableA5_price_support_distribution_information","T1",46,0.0252886201209456,"Increase",419,539,419
"10_TPoI","tableA5_price_support_distribution_information","T1",46,0.0252886201209456,"Increase",423,543,423
"10_TPoI","tableA5_price_support_distribution_information","T1",46,0.0252886201209456,"Increase",433,555,433
"10_TPoI","tableA5_price_support_distribution_information","T1",46,0.0252886201209456,"Increase",442,565,442
"10_TPoI","tableA5_price_support_distribution_information","T1",46,0.0252886201209456,"Increase",450,578,450
"10_TPoI","tableA5_price_support_distribution_information","T1",46,0.0252886201209456,"Increase",463,597,463
"10_TPoI","tableA5_price_support_distribution_information","T1",46,0.0252886201209456,"Increase",464,598,464
"10_TPoI","tableA5_price_support_distribution_information","T1",46,0.0252886201209456,"Increase",467,601,467
"10_TPoI","tableA5_price_support_distribution_information","T1",46,0.0252886201209456,"Increase",497,640,497
"10_TPoI","tableA5_price_support_distribution_information","T1",47,0.0258383727322705,"Increase",4,6,4
"10_TPoI","tableA5_price_support_distribution_information","T1",47,0.0258383727322705,"Increase",7,10,7
"10_TPoI","tableA5_price_support_distribution_information","T1",47,0.0258383727322705,"Increase",18,27,18
"10_TPoI","tableA5_price_support_distribution_information","T1",47,0.0258383727322705,"Increase",45,60,45
"10_TPoI","tableA5_price_support_distribution_information","T1",47,0.0258383727322705,"Increase",49,66,49
"10_TPoI","tableA5_price_support_distribution_information","T1",47,0.0258383727322705,"Increase",59,79,59
"10_TPoI","tableA5_price_support_distribution_information","T1",47,0.0258383727322705,"Increase",62,84,62
"10_TPoI","tableA5_price_support_distribution_information","T1",47,0.0258383727322705,"Increase",74,97,74
"10_TPoI","tableA5_price_support_distribution_information","T1",47,0.0258383727322705,"Increase",91,118,91
"10_TPoI","tableA5_price_support_distribution_information","T1",47,0.0258383727322705,"Increase",93,122,93
"10_TPoI","tableA5_price_support_distribution_information","T1",47,0.0258383727322705,"Increase",100,131,100
"10_TPoI","tableA5_price_support_distribution_information","T1",47,0.0258383727322705,"Increase",104,137,104
"10_TPoI","tableA5_price_support_distribution_information","T1",47,0.0258383727322705,"Increase",114,148,114
"10_TPoI","tableA5_price_support_distribution_information","T1",47,0.0258383727322705,"Increase",119,153,119
"10_TPoI","tableA5_price_support_distribution_information","T1",47,0.0258383727322705,"Increase",123,158,123
"10_TPoI","tableA5_price_support_distribution_information","T1",47,0.0258383727322705,"Increase",166,216,166
"10_TPoI","tableA5_price_support_distribution_information","T1",47,0.0258383727322705,"Increase",169,221,169
"10_TPoI","tableA5_price_support_distribution_information","T1",47,0.0258383727322705,"Increase",183,236,183
"10_TPoI","tableA5_price_support_distribution_information","T1",47,0.0258383727322705,"Increase",216,274,216
"10_TPoI","tableA5_price_support_distribution_information","T1",47,0.0258383727322705,"Increase",218,276,218
"10_TPoI","tableA5_price_support_distribution_information","T1",47,0.0258383727322705,"Increase",220,278,220
"10_TPoI","tableA5_price_support_distribution_information","T1",47,0.0258383727322705,"Increase",224,284,224
"10_TPoI","tableA5_price_support_distribution_information","T1",47,0.0258383727322705,"Increase",226,286,226
"10_TPoI","tableA5_price_support_distribution_information","T1",47,0.0258383727322705,"Increase",227,287,227
"10_TPoI","tableA5_price_support_distribution_information","T1",47,0.0258383727322705,"Increase",239,300,239
"10_TPoI","tableA5_price_support_distribution_information","T1",47,0.0258383727322705,"Increase",245,309,245
"10_TPoI","tableA5_price_support_distribution_information","T1",47,0.0258383727322705,"Increase",269,344,269
"10_TPoI","tableA5_price_support_distribution_information","T1",47,0.0258383727322705,"Increase",283,361,283
"10_TPoI","tableA5_price_support_distribution_information","T1",47,0.0258383727322705,"Increase",290,370,290
"10_TPoI","tableA5_price_support_distribution_information","T1",47,0.0258383727322705,"Increase",292,372,292
"10_TPoI","tableA5_price_support_distribution_information","T1",47,0.0258383727322705,"Increase",309,396,309
"10_TPoI","tableA5_price_support_distribution_information","T1",47,0.0258383727322705,"Increase",336,432,336
"10_TPoI","tableA5_price_support_distribution_information","T1",47,0.0258383727322705,"Increase",337,433,337
"10_TPoI","tableA5_price_support_distribution_information","T1",47,0.0258383727322705,"Increase",357,459,357
"10_TPoI","tableA5_price_support_distribution_information","T1",47,0.0258383727322705,"Increase",385,495,385
"10_TPoI","tableA5_price_support_distribution_information","T1",47,0.0258383727322705,"Increase",412,531,412
"10_TPoI","tableA5_price_support_distribution_information","T1",47,0.0258383727322705,"Increase",414,533,414
"10_TPoI","tableA5_price_support_distribution_information","T1",47,0.0258383727322705,"Increase",419,539,419
"10_TPoI","tableA5_price_support_distribution_information","T1",47,0.0258383727322705,"Increase",423,543,423
"10_TPoI","tableA5_price_support_distribution_information","T1",47,0.0258383727322705,"Increase",433,555,433
"10_TPoI","tableA5_price_support_distribution_information","T1",47,0.0258383727322705,"Increase",442,565,442
"10_TPoI","tableA5_price_support_distribution_information","T1",47,0.0258383727322705,"Increase",450,578,450
"10_TPoI","tableA5_price_support_distribution_information","T1",47,0.0258383727322705,"Increase",463,597,463
"10_TPoI","tableA5_price_support_distribution_information","T1",47,0.0258383727322705,"Increase",464,598,464
"10_TPoI","tableA5_price_support_distribution_information","T1",47,0.0258383727322705,"Increase",467,601,467
"10_TPoI","tableA5_price_support_distribution_information","T1",47,0.0258383727322705,"Increase",497,640,497
"10_TPoI","tableA5_price_support_distribution_information","T1",47,0.0258383727322705,"Increase",504,648,504
"10_TPoI","tableA5_price_support_distribution_information","T1",48,0.0263881253435954,"Increase",4,6,4
"10_TPoI","tableA5_price_support_distribution_information","T1",48,0.0263881253435954,"Increase",7,10,7
"10_TPoI","tableA5_price_support_distribution_information","T1",48,0.0263881253435954,"Increase",18,27,18
"10_TPoI","tableA5_price_support_distribution_information","T1",48,0.0263881253435954,"Increase",45,60,45
"10_TPoI","tableA5_price_support_distribution_information","T1",48,0.0263881253435954,"Increase",49,66,49
"10_TPoI","tableA5_price_support_distribution_information","T1",48,0.0263881253435954,"Increase",59,79,59
"10_TPoI","tableA5_price_support_distribution_information","T1",48,0.0263881253435954,"Increase",62,84,62
"10_TPoI","tableA5_price_support_distribution_information","T1",48,0.0263881253435954,"Increase",74,97,74
"10_TPoI","tableA5_price_support_distribution_information","T1",48,0.0263881253435954,"Increase",91,118,91
"10_TPoI","tableA5_price_support_distribution_information","T1",48,0.0263881253435954,"Increase",93,122,93
"10_TPoI","tableA5_price_support_distribution_information","T1",48,0.0263881253435954,"Increase",100,131,100
"10_TPoI","tableA5_price_support_distribution_information","T1",48,0.0263881253435954,"Increase",104,137,104
"10_TPoI","tableA5_price_support_distribution_information","T1",48,0.0263881253435954,"Increase",114,148,114
"10_TPoI","tableA5_price_support_distribution_information","T1",48,0.0263881253435954,"Increase",119,153,119
"10_TPoI","tableA5_price_support_distribution_information","T1",48,0.0263881253435954,"Increase",123,158,123
"10_TPoI","tableA5_price_support_distribution_information","T1",48,0.0263881253435954,"Increase",166,216,166
"10_TPoI","tableA5_price_support_distribution_information","T1",48,0.0263881253435954,"Increase",169,221,169
"10_TPoI","tableA5_price_support_distribution_information","T1",48,0.0263881253435954,"Increase",183,236,183
"10_TPoI","tableA5_price_support_distribution_information","T1",48,0.0263881253435954,"Increase",216,274,216
"10_TPoI","tableA5_price_support_distribution_information","T1",48,0.0263881253435954,"Increase",218,276,218
"10_TPoI","tableA5_price_support_distribution_information","T1",48,0.0263881253435954,"Increase",220,278,220
"10_TPoI","tableA5_price_support_distribution_information","T1",48,0.0263881253435954,"Increase",224,284,224
"10_TPoI","tableA5_price_support_distribution_information","T1",48,0.0263881253435954,"Increase",226,286,226
"10_TPoI","tableA5_price_support_distribution_information","T1",48,0.0263881253435954,"Increase",227,287,227
"10_TPoI","tableA5_price_support_distribution_information","T1",48,0.0263881253435954,"Increase",239,300,239
"10_TPoI","tableA5_price_support_distribution_information","T1",48,0.0263881253435954,"Increase",245,309,245
"10_TPoI","tableA5_price_support_distribution_information","T1",48,0.0263881253435954,"Increase",269,344,269
"10_TPoI","tableA5_price_support_distribution_information","T1",48,0.0263881253435954,"Increase",283,361,283
"10_TPoI","tableA5_price_support_distribution_information","T1",48,0.0263881253435954,"Increase",290,370,290
"10_TPoI","tableA5_price_support_distribution_information","T1",48,0.0263881253435954,"Increase",292,372,292
"10_TPoI","tableA5_price_support_distribution_information","T1",48,0.0263881253435954,"Increase",309,396,309
"10_TPoI","tableA5_price_support_distribution_information","T1",48,0.0263881253435954,"Increase",336,432,336
"10_TPoI","tableA5_price_support_distribution_information","T1",48,0.0263881253435954,"Increase",337,433,337
"10_TPoI","tableA5_price_support_distribution_information","T1",48,0.0263881253435954,"Increase",357,459,357
"10_TPoI","tableA5_price_support_distribution_information","T1",48,0.0263881253435954,"Increase",385,495,385
"10_TPoI","tableA5_price_support_distribution_information","T1",48,0.0263881253435954,"Increase",412,531,412
"10_TPoI","tableA5_price_support_distribution_information","T1",48,0.0263881253435954,"Increase",414,533,414
"10_TPoI","tableA5_price_support_distribution_information","T1",48,0.0263881253435954,"Increase",419,539,419
"10_TPoI","tableA5_price_support_distribution_information","T1",48,0.0263881253435954,"Increase",423,543,423
"10_TPoI","tableA5_price_support_distribution_information","T1",48,0.0263881253435954,"Increase",433,555,433
"10_TPoI","tableA5_price_support_distribution_information","T1",48,0.0263881253435954,"Increase",442,565,442
"10_TPoI","tableA5_price_support_distribution_information","T1",48,0.0263881253435954,"Increase",450,578,450
"10_TPoI","tableA5_price_support_distribution_information","T1",48,0.0263881253435954,"Increase",463,597,463
"10_TPoI","tableA5_price_support_distribution_information","T1",48,0.0263881253435954,"Increase",464,598,464
"10_TPoI","tableA5_price_support_distribution_information","T1",48,0.0263881253435954,"Increase",467,601,467
"10_TPoI","tableA5_price_support_distribution_information","T1",48,0.0263881253435954,"Increase",497,640,497
"10_TPoI","tableA5_price_support_distribution_information","T1",48,0.0263881253435954,"Increase",504,648,504
"10_TPoI","tableA5_price_support_distribution_information","T1",48,0.0263881253435954,"Increase",521,670,521
"10_TPoI","tableA5_price_support_distribution_information","T1",49,0.0269378779549203,"Increase",4,6,4
"10_TPoI","tableA5_price_support_distribution_information","T1",49,0.0269378779549203,"Increase",7,10,7
"10_TPoI","tableA5_price_support_distribution_information","T1",49,0.0269378779549203,"Increase",18,27,18
"10_TPoI","tableA5_price_support_distribution_information","T1",49,0.0269378779549203,"Increase",45,60,45
"10_TPoI","tableA5_price_support_distribution_information","T1",49,0.0269378779549203,"Increase",49,66,49
"10_TPoI","tableA5_price_support_distribution_information","T1",49,0.0269378779549203,"Increase",59,79,59
"10_TPoI","tableA5_price_support_distribution_information","T1",49,0.0269378779549203,"Increase",62,84,62
"10_TPoI","tableA5_price_support_distribution_information","T1",49,0.0269378779549203,"Increase",74,97,74
"10_TPoI","tableA5_price_support_distribution_information","T1",49,0.0269378779549203,"Increase",91,118,91
"10_TPoI","tableA5_price_support_distribution_information","T1",49,0.0269378779549203,"Increase",93,122,93
"10_TPoI","tableA5_price_support_distribution_information","T1",49,0.0269378779549203,"Increase",100,131,100
"10_TPoI","tableA5_price_support_distribution_information","T1",49,0.0269378779549203,"Increase",104,137,104
"10_TPoI","tableA5_price_support_distribution_information","T1",49,0.0269378779549203,"Increase",114,148,114
"10_TPoI","tableA5_price_support_distribution_information","T1",49,0.0269378779549203,"Increase",119,153,119
"10_TPoI","tableA5_price_support_distribution_information","T1",49,0.0269378779549203,"Increase",123,158,123
"10_TPoI","tableA5_price_support_distribution_information","T1",49,0.0269378779549203,"Increase",166,216,166
"10_TPoI","tableA5_price_support_distribution_information","T1",49,0.0269378779549203,"Increase",169,221,169
"10_TPoI","tableA5_price_support_distribution_information","T1",49,0.0269378779549203,"Increase",183,236,183
"10_TPoI","tableA5_price_support_distribution_information","T1",49,0.0269378779549203,"Increase",216,274,216
"10_TPoI","tableA5_price_support_distribution_information","T1",49,0.0269378779549203,"Increase",218,276,218
"10_TPoI","tableA5_price_support_distribution_information","T1",49,0.0269378779549203,"Increase",220,278,220
"10_TPoI","tableA5_price_support_distribution_information","T1",49,0.0269378779549203,"Increase",224,284,224
"10_TPoI","tableA5_price_support_distribution_information","T1",49,0.0269378779549203,"Increase",226,286,226
"10_TPoI","tableA5_price_support_distribution_information","T1",49,0.0269378779549203,"Increase",227,287,227
"10_TPoI","tableA5_price_support_distribution_information","T1",49,0.0269378779549203,"Increase",239,300,239
"10_TPoI","tableA5_price_support_distribution_information","T1",49,0.0269378779549203,"Increase",245,309,245
"10_TPoI","tableA5_price_support_distribution_information","T1",49,0.0269378779549203,"Increase",269,344,269
"10_TPoI","tableA5_price_support_distribution_information","T1",49,0.0269378779549203,"Increase",283,361,283
"10_TPoI","tableA5_price_support_distribution_information","T1",49,0.0269378779549203,"Increase",290,370,290
"10_TPoI","tableA5_price_support_distribution_information","T1",49,0.0269378779549203,"Increase",292,372,292
"10_TPoI","tableA5_price_support_distribution_information","T1",49,0.0269378779549203,"Increase",309,396,309
"10_TPoI","tableA5_price_support_distribution_information","T1",49,0.0269378779549203,"Increase",336,432,336
"10_TPoI","tableA5_price_support_distribution_information","T1",49,0.0269378779549203,"Increase",337,433,337
"10_TPoI","tableA5_price_support_distribution_information","T1",49,0.0269378779549203,"Increase",357,459,357
"10_TPoI","tableA5_price_support_distribution_information","T1",49,0.0269378779549203,"Increase",385,495,385
"10_TPoI","tableA5_price_support_distribution_information","T1",49,0.0269378779549203,"Increase",412,531,412
"10_TPoI","tableA5_price_support_distribution_information","T1",49,0.0269378779549203,"Increase",414,533,414
"10_TPoI","tableA5_price_support_distribution_information","T1",49,0.0269378779549203,"Increase",419,539,419
"10_TPoI","tableA5_price_support_distribution_information","T1",49,0.0269378779549203,"Increase",423,543,423
"10_TPoI","tableA5_price_support_distribution_information","T1",49,0.0269378779549203,"Increase",433,555,433
"10_TPoI","tableA5_price_support_distribution_information","T1",49,0.0269378779549203,"Increase",442,565,442
"10_TPoI","tableA5_price_support_distribution_information","T1",49,0.0269378779549203,"Increase",450,578,450
"10_TPoI","tableA5_price_support_distribution_information","T1",49,0.0269378779549203,"Increase",463,597,463
"10_TPoI","tableA5_price_support_distribution_information","T1",49,0.0269378779549203,"Increase",464,598,464
"10_TPoI","tableA5_price_support_distribution_information","T1",49,0.0269378779549203,"Increase",467,601,467
"10_TPoI","tableA5_price_support_distribution_information","T1",49,0.0269378779549203,"Increase",497,640,497
"10_TPoI","tableA5_price_support_distribution_information","T1",49,0.0269378779549203,"Increase",504,648,504
"10_TPoI","tableA5_price_support_distribution_information","T1",49,0.0269378779549203,"Increase",521,670,521
"10_TPoI","tableA5_price_support_distribution_information","T1",49,0.0269378779549203,"Increase",567,735,567
"10_TPoI","tableA5_price_support_distribution_information","T1",50,0.0274876305662452,"Increase",4,6,4
"10_TPoI","tableA5_price_support_distribution_information","T1",50,0.0274876305662452,"Increase",7,10,7
"10_TPoI","tableA5_price_support_distribution_information","T1",50,0.0274876305662452,"Increase",18,27,18
"10_TPoI","tableA5_price_support_distribution_information","T1",50,0.0274876305662452,"Increase",45,60,45
"10_TPoI","tableA5_price_support_distribution_information","T1",50,0.0274876305662452,"Increase",49,66,49
"10_TPoI","tableA5_price_support_distribution_information","T1",50,0.0274876305662452,"Increase",59,79,59
"10_TPoI","tableA5_price_support_distribution_information","T1",50,0.0274876305662452,"Increase",62,84,62
"10_TPoI","tableA5_price_support_distribution_information","T1",50,0.0274876305662452,"Increase",74,97,74
"10_TPoI","tableA5_price_support_distribution_information","T1",50,0.0274876305662452,"Increase",91,118,91
"10_TPoI","tableA5_price_support_distribution_information","T1",50,0.0274876305662452,"Increase",93,122,93
"10_TPoI","tableA5_price_support_distribution_information","T1",50,0.0274876305662452,"Increase",100,131,100
"10_TPoI","tableA5_price_support_distribution_information","T1",50,0.0274876305662452,"Increase",104,137,104
"10_TPoI","tableA5_price_support_distribution_information","T1",50,0.0274876305662452,"Increase",114,148,114
"10_TPoI","tableA5_price_support_distribution_information","T1",50,0.0274876305662452,"Increase",119,153,119
"10_TPoI","tableA5_price_support_distribution_information","T1",50,0.0274876305662452,"Increase",123,158,123
"10_TPoI","tableA5_price_support_distribution_information","T1",50,0.0274876305662452,"Increase",166,216,166
"10_TPoI","tableA5_price_support_distribution_information","T1",50,0.0274876305662452,"Increase",169,221,169
"10_TPoI","tableA5_price_support_distribution_information","T1",50,0.0274876305662452,"Increase",183,236,183
"10_TPoI","tableA5_price_support_distribution_information","T1",50,0.0274876305662452,"Increase",216,274,216
"10_TPoI","tableA5_price_support_distribution_information","T1",50,0.0274876305662452,"Increase",218,276,218
"10_TPoI","tableA5_price_support_distribution_information","T1",50,0.0274876305662452,"Increase",220,278,220
"10_TPoI","tableA5_price_support_distribution_information","T1",50,0.0274876305662452,"Increase",224,284,224
"10_TPoI","tableA5_price_support_distribution_information","T1",50,0.0274876305662452,"Increase",226,286,226
"10_TPoI","tableA5_price_support_distribution_information","T1",50,0.0274876305662452,"Increase",227,287,227
"10_TPoI","tableA5_price_support_distribution_information","T1",50,0.0274876305662452,"Increase",239,300,239
"10_TPoI","tableA5_price_support_distribution_information","T1",50,0.0274876305662452,"Increase",245,309,245
"10_TPoI","tableA5_price_support_distribution_information","T1",50,0.0274876305662452,"Increase",269,344,269
"10_TPoI","tableA5_price_support_distribution_information","T1",50,0.0274876305662452,"Increase",283,361,283
"10_TPoI","tableA5_price_support_distribution_information","T1",50,0.0274876305662452,"Increase",290,370,290
"10_TPoI","tableA5_price_support_distribution_information","T1",50,0.0274876305662452,"Increase",292,372,292
"10_TPoI","tableA5_price_support_distribution_information","T1",50,0.0274876305662452,"Increase",309,396,309
"10_TPoI","tableA5_price_support_distribution_information","T1",50,0.0274876305662452,"Increase",336,432,336
"10_TPoI","tableA5_price_support_distribution_information","T1",50,0.0274876305662452,"Increase",337,433,337
"10_TPoI","tableA5_price_support_distribution_information","T1",50,0.0274876305662452,"Increase",357,459,357
"10_TPoI","tableA5_price_support_distribution_information","T1",50,0.0274876305662452,"Increase",385,495,385
"10_TPoI","tableA5_price_support_distribution_information","T1",50,0.0274876305662452,"Increase",412,531,412
"10_TPoI","tableA5_price_support_distribution_information","T1",50,0.0274876305662452,"Increase",414,533,414
"10_TPoI","tableA5_price_support_distribution_information","T1",50,0.0274876305662452,"Increase",419,539,419
"10_TPoI","tableA5_price_support_distribution_information","T1",50,0.0274876305662452,"Increase",423,543,423
"10_TPoI","tableA5_price_support_distribution_information","T1",50,0.0274876305662452,"Increase",433,555,433
"10_TPoI","tableA5_price_support_distribution_information","T1",50,0.0274876305662452,"Increase",442,565,442
"10_TPoI","tableA5_price_support_distribution_information","T1",50,0.0274876305662452,"Increase",450,578,450
"10_TPoI","tableA5_price_support_distribution_information","T1",50,0.0274876305662452,"Increase",463,597,463
"10_TPoI","tableA5_price_support_distribution_information","T1",50,0.0274876305662452,"Increase",464,598,464
"10_TPoI","tableA5_price_support_distribution_information","T1",50,0.0274876305662452,"Increase",467,601,467
"10_TPoI","tableA5_price_support_distribution_information","T1",50,0.0274876305662452,"Increase",497,640,497
"10_TPoI","tableA5_price_support_distribution_information","T1",50,0.0274876305662452,"Increase",504,648,504
"10_TPoI","tableA5_price_support_distribution_information","T1",50,0.0274876305662452,"Increase",521,670,521
"10_TPoI","tableA5_price_support_distribution_information","T1",50,0.0274876305662452,"Increase",567,735,567
"10_TPoI","tableA5_price_support_distribution_information","T1",50,0.0274876305662452,"Increase",569,737,569
"10_TPoI","tableA5_price_support_distribution_information","T1",51,0.0280373831775701,"Increase",4,6,4
"10_TPoI","tableA5_price_support_distribution_information","T1",51,0.0280373831775701,"Increase",7,10,7
"10_TPoI","tableA5_price_support_distribution_information","T1",51,0.0280373831775701,"Increase",18,27,18
"10_TPoI","tableA5_price_support_distribution_information","T1",51,0.0280373831775701,"Increase",45,60,45
"10_TPoI","tableA5_price_support_distribution_information","T1",51,0.0280373831775701,"Increase",49,66,49
"10_TPoI","tableA5_price_support_distribution_information","T1",51,0.0280373831775701,"Increase",59,79,59
"10_TPoI","tableA5_price_support_distribution_information","T1",51,0.0280373831775701,"Increase",62,84,62
"10_TPoI","tableA5_price_support_distribution_information","T1",51,0.0280373831775701,"Increase",74,97,74
"10_TPoI","tableA5_price_support_distribution_information","T1",51,0.0280373831775701,"Increase",91,118,91
"10_TPoI","tableA5_price_support_distribution_information","T1",51,0.0280373831775701,"Increase",93,122,93
"10_TPoI","tableA5_price_support_distribution_information","T1",51,0.0280373831775701,"Increase",100,131,100
"10_TPoI","tableA5_price_support_distribution_information","T1",51,0.0280373831775701,"Increase",104,137,104
"10_TPoI","tableA5_price_support_distribution_information","T1",51,0.0280373831775701,"Increase",114,148,114
"10_TPoI","tableA5_price_support_distribution_information","T1",51,0.0280373831775701,"Increase",119,153,119
"10_TPoI","tableA5_price_support_distribution_information","T1",51,0.0280373831775701,"Increase",123,158,123
"10_TPoI","tableA5_price_support_distribution_information","T1",51,0.0280373831775701,"Increase",166,216,166
"10_TPoI","tableA5_price_support_distribution_information","T1",51,0.0280373831775701,"Increase",169,221,169
"10_TPoI","tableA5_price_support_distribution_information","T1",51,0.0280373831775701,"Increase",183,236,183
"10_TPoI","tableA5_price_support_distribution_information","T1",51,0.0280373831775701,"Increase",216,274,216
"10_TPoI","tableA5_price_support_distribution_information","T1",51,0.0280373831775701,"Increase",218,276,218
"10_TPoI","tableA5_price_support_distribution_information","T1",51,0.0280373831775701,"Increase",220,278,220
"10_TPoI","tableA5_price_support_distribution_information","T1",51,0.0280373831775701,"Increase",224,284,224
"10_TPoI","tableA5_price_support_distribution_information","T1",51,0.0280373831775701,"Increase",226,286,226
"10_TPoI","tableA5_price_support_distribution_information","T1",51,0.0280373831775701,"Increase",227,287,227
"10_TPoI","tableA5_price_support_distribution_information","T1",51,0.0280373831775701,"Increase",239,300,239
"10_TPoI","tableA5_price_support_distribution_information","T1",51,0.0280373831775701,"Increase",245,309,245
"10_TPoI","tableA5_price_support_distribution_information","T1",51,0.0280373831775701,"Increase",269,344,269
"10_TPoI","tableA5_price_support_distribution_information","T1",51,0.0280373831775701,"Increase",283,361,283
"10_TPoI","tableA5_price_support_distribution_information","T1",51,0.0280373831775701,"Increase",290,370,290
"10_TPoI","tableA5_price_support_distribution_information","T1",51,0.0280373831775701,"Increase",292,372,292
"10_TPoI","tableA5_price_support_distribution_information","T1",51,0.0280373831775701,"Increase",309,396,309
"10_TPoI","tableA5_price_support_distribution_information","T1",51,0.0280373831775701,"Increase",336,432,336
"10_TPoI","tableA5_price_support_distribution_information","T1",51,0.0280373831775701,"Increase",337,433,337
"10_TPoI","tableA5_price_support_distribution_information","T1",51,0.0280373831775701,"Increase",357,459,357
"10_TPoI","tableA5_price_support_distribution_information","T1",51,0.0280373831775701,"Increase",385,495,385
"10_TPoI","tableA5_price_support_distribution_information","T1",51,0.0280373831775701,"Increase",412,531,412
"10_TPoI","tableA5_price_support_distribution_information","T1",51,0.0280373831775701,"Increase",414,533,414
"10_TPoI","tableA5_price_support_distribution_information","T1",51,0.0280373831775701,"Increase",419,539,419
"10_TPoI","tableA5_price_support_distribution_information","T1",51,0.0280373831775701,"Increase",423,543,423
"10_TPoI","tableA5_price_support_distribution_information","T1",51,0.0280373831775701,"Increase",433,555,433
"10_TPoI","tableA5_price_support_distribution_information","T1",51,0.0280373831775701,"Increase",442,565,442
"10_TPoI","tableA5_price_support_distribution_information","T1",51,0.0280373831775701,"Increase",450,578,450
"10_TPoI","tableA5_price_support_distribution_information","T1",51,0.0280373831775701,"Increase",463,597,463
"10_TPoI","tableA5_price_support_distribution_information","T1",51,0.0280373831775701,"Increase",464,598,464
"10_TPoI","tableA5_price_support_distribution_information","T1",51,0.0280373831775701,"Increase",467,601,467
"10_TPoI","tableA5_price_support_distribution_information","T1",51,0.0280373831775701,"Increase",497,640,497
"10_TPoI","tableA5_price_support_distribution_information","T1",51,0.0280373831775701,"Increase",504,648,504
"10_TPoI","tableA5_price_support_distribution_information","T1",51,0.0280373831775701,"Increase",521,670,521
"10_TPoI","tableA5_price_support_distribution_information","T1",51,0.0280373831775701,"Increase",567,735,567
"10_TPoI","tableA5_price_support_distribution_information","T1",51,0.0280373831775701,"Increase",569,737,569
"10_TPoI","tableA5_price_support_distribution_information","T1",51,0.0280373831775701,"Increase",589,767,589
"10_TPoI","tableA5_price_support_distribution_information","T1",52,0.028587135788895,"Increase",4,6,4
"10_TPoI","tableA5_price_support_distribution_information","T1",52,0.028587135788895,"Increase",7,10,7
"10_TPoI","tableA5_price_support_distribution_information","T1",52,0.028587135788895,"Increase",18,27,18
"10_TPoI","tableA5_price_support_distribution_information","T1",52,0.028587135788895,"Increase",45,60,45
"10_TPoI","tableA5_price_support_distribution_information","T1",52,0.028587135788895,"Increase",49,66,49
"10_TPoI","tableA5_price_support_distribution_information","T1",52,0.028587135788895,"Increase",59,79,59
"10_TPoI","tableA5_price_support_distribution_information","T1",52,0.028587135788895,"Increase",62,84,62
"10_TPoI","tableA5_price_support_distribution_information","T1",52,0.028587135788895,"Increase",74,97,74
"10_TPoI","tableA5_price_support_distribution_information","T1",52,0.028587135788895,"Increase",91,118,91
"10_TPoI","tableA5_price_support_distribution_information","T1",52,0.028587135788895,"Increase",93,122,93
"10_TPoI","tableA5_price_support_distribution_information","T1",52,0.028587135788895,"Increase",100,131,100
"10_TPoI","tableA5_price_support_distribution_information","T1",52,0.028587135788895,"Increase",104,137,104
"10_TPoI","tableA5_price_support_distribution_information","T1",52,0.028587135788895,"Increase",114,148,114
"10_TPoI","tableA5_price_support_distribution_information","T1",52,0.028587135788895,"Increase",119,153,119
"10_TPoI","tableA5_price_support_distribution_information","T1",52,0.028587135788895,"Increase",123,158,123
"10_TPoI","tableA5_price_support_distribution_information","T1",52,0.028587135788895,"Increase",166,216,166
"10_TPoI","tableA5_price_support_distribution_information","T1",52,0.028587135788895,"Increase",169,221,169
"10_TPoI","tableA5_price_support_distribution_information","T1",52,0.028587135788895,"Increase",183,236,183
"10_TPoI","tableA5_price_support_distribution_information","T1",52,0.028587135788895,"Increase",216,274,216
"10_TPoI","tableA5_price_support_distribution_information","T1",52,0.028587135788895,"Increase",218,276,218
"10_TPoI","tableA5_price_support_distribution_information","T1",52,0.028587135788895,"Increase",220,278,220
"10_TPoI","tableA5_price_support_distribution_information","T1",52,0.028587135788895,"Increase",224,284,224
"10_TPoI","tableA5_price_support_distribution_information","T1",52,0.028587135788895,"Increase",226,286,226
"10_TPoI","tableA5_price_support_distribution_information","T1",52,0.028587135788895,"Increase",227,287,227
"10_TPoI","tableA5_price_support_distribution_information","T1",52,0.028587135788895,"Increase",239,300,239
"10_TPoI","tableA5_price_support_distribution_information","T1",52,0.028587135788895,"Increase",245,309,245
"10_TPoI","tableA5_price_support_distribution_information","T1",52,0.028587135788895,"Increase",269,344,269
"10_TPoI","tableA5_price_support_distribution_information","T1",52,0.028587135788895,"Increase",283,361,283
"10_TPoI","tableA5_price_support_distribution_information","T1",52,0.028587135788895,"Increase",290,370,290
"10_TPoI","tableA5_price_support_distribution_information","T1",52,0.028587135788895,"Increase",292,372,292
"10_TPoI","tableA5_price_support_distribution_information","T1",52,0.028587135788895,"Increase",309,396,309
"10_TPoI","tableA5_price_support_distribution_information","T1",52,0.028587135788895,"Increase",336,432,336
"10_TPoI","tableA5_price_support_distribution_information","T1",52,0.028587135788895,"Increase",337,433,337
"10_TPoI","tableA5_price_support_distribution_information","T1",52,0.028587135788895,"Increase",357,459,357
"10_TPoI","tableA5_price_support_distribution_information","T1",52,0.028587135788895,"Increase",385,495,385
"10_TPoI","tableA5_price_support_distribution_information","T1",52,0.028587135788895,"Increase",412,531,412
"10_TPoI","tableA5_price_support_distribution_information","T1",52,0.028587135788895,"Increase",414,533,414
"10_TPoI","tableA5_price_support_distribution_information","T1",52,0.028587135788895,"Increase",419,539,419
"10_TPoI","tableA5_price_support_distribution_information","T1",52,0.028587135788895,"Increase",423,543,423
"10_TPoI","tableA5_price_support_distribution_information","T1",52,0.028587135788895,"Increase",433,555,433
"10_TPoI","tableA5_price_support_distribution_information","T1",52,0.028587135788895,"Increase",442,565,442
"10_TPoI","tableA5_price_support_distribution_information","T1",52,0.028587135788895,"Increase",450,578,450
"10_TPoI","tableA5_price_support_distribution_information","T1",52,0.028587135788895,"Increase",463,597,463
"10_TPoI","tableA5_price_support_distribution_information","T1",52,0.028587135788895,"Increase",464,598,464
"10_TPoI","tableA5_price_support_distribution_information","T1",52,0.028587135788895,"Increase",467,601,467
"10_TPoI","tableA5_price_support_distribution_information","T1",52,0.028587135788895,"Increase",497,640,497
"10_TPoI","tableA5_price_support_distribution_information","T1",52,0.028587135788895,"Increase",504,648,504
"10_TPoI","tableA5_price_support_distribution_information","T1",52,0.028587135788895,"Increase",521,670,521
"10_TPoI","tableA5_price_support_distribution_information","T1",52,0.028587135788895,"Increase",567,735,567
"10_TPoI","tableA5_price_support_distribution_information","T1",52,0.028587135788895,"Increase",569,737,569
"10_TPoI","tableA5_price_support_distribution_information","T1",52,0.028587135788895,"Increase",589,767,589
"10_TPoI","tableA5_price_support_distribution_information","T1",52,0.028587135788895,"Increase",590,768,590
"10_TPoI","tableA5_price_support_distribution_information","T1",53,0.0291368884002199,"Increase",4,6,4
"10_TPoI","tableA5_price_support_distribution_information","T1",53,0.0291368884002199,"Increase",7,10,7
"10_TPoI","tableA5_price_support_distribution_information","T1",53,0.0291368884002199,"Increase",18,27,18
"10_TPoI","tableA5_price_support_distribution_information","T1",53,0.0291368884002199,"Increase",45,60,45
"10_TPoI","tableA5_price_support_distribution_information","T1",53,0.0291368884002199,"Increase",49,66,49
"10_TPoI","tableA5_price_support_distribution_information","T1",53,0.0291368884002199,"Increase",59,79,59
"10_TPoI","tableA5_price_support_distribution_information","T1",53,0.0291368884002199,"Increase",62,84,62
"10_TPoI","tableA5_price_support_distribution_information","T1",53,0.0291368884002199,"Increase",74,97,74
"10_TPoI","tableA5_price_support_distribution_information","T1",53,0.0291368884002199,"Increase",91,118,91
"10_TPoI","tableA5_price_support_distribution_information","T1",53,0.0291368884002199,"Increase",93,122,93
"10_TPoI","tableA5_price_support_distribution_information","T1",53,0.0291368884002199,"Increase",100,131,100
"10_TPoI","tableA5_price_support_distribution_information","T1",53,0.0291368884002199,"Increase",104,137,104
"10_TPoI","tableA5_price_support_distribution_information","T1",53,0.0291368884002199,"Increase",114,148,114
"10_TPoI","tableA5_price_support_distribution_information","T1",53,0.0291368884002199,"Increase",119,153,119
"10_TPoI","tableA5_price_support_distribution_information","T1",53,0.0291368884002199,"Increase",123,158,123
"10_TPoI","tableA5_price_support_distribution_information","T1",53,0.0291368884002199,"Increase",166,216,166
"10_TPoI","tableA5_price_support_distribution_information","T1",53,0.0291368884002199,"Increase",169,221,169
"10_TPoI","tableA5_price_support_distribution_information","T1",53,0.0291368884002199,"Increase",183,236,183
"10_TPoI","tableA5_price_support_distribution_information","T1",53,0.0291368884002199,"Increase",216,274,216
"10_TPoI","tableA5_price_support_distribution_information","T1",53,0.0291368884002199,"Increase",218,276,218
"10_TPoI","tableA5_price_support_distribution_information","T1",53,0.0291368884002199,"Increase",220,278,220
"10_TPoI","tableA5_price_support_distribution_information","T1",53,0.0291368884002199,"Increase",224,284,224
"10_TPoI","tableA5_price_support_distribution_information","T1",53,0.0291368884002199,"Increase",226,286,226
"10_TPoI","tableA5_price_support_distribution_information","T1",53,0.0291368884002199,"Increase",227,287,227
"10_TPoI","tableA5_price_support_distribution_information","T1",53,0.0291368884002199,"Increase",239,300,239
"10_TPoI","tableA5_price_support_distribution_information","T1",53,0.0291368884002199,"Increase",245,309,245
"10_TPoI","tableA5_price_support_distribution_information","T1",53,0.0291368884002199,"Increase",269,344,269
"10_TPoI","tableA5_price_support_distribution_information","T1",53,0.0291368884002199,"Increase",283,361,283
"10_TPoI","tableA5_price_support_distribution_information","T1",53,0.0291368884002199,"Increase",290,370,290
"10_TPoI","tableA5_price_support_distribution_information","T1",53,0.0291368884002199,"Increase",292,372,292
"10_TPoI","tableA5_price_support_distribution_information","T1",53,0.0291368884002199,"Increase",309,396,309
"10_TPoI","tableA5_price_support_distribution_information","T1",53,0.0291368884002199,"Increase",336,432,336
"10_TPoI","tableA5_price_support_distribution_information","T1",53,0.0291368884002199,"Increase",337,433,337
"10_TPoI","tableA5_price_support_distribution_information","T1",53,0.0291368884002199,"Increase",357,459,357
"10_TPoI","tableA5_price_support_distribution_information","T1",53,0.0291368884002199,"Increase",385,495,385
"10_TPoI","tableA5_price_support_distribution_information","T1",53,0.0291368884002199,"Increase",412,531,412
"10_TPoI","tableA5_price_support_distribution_information","T1",53,0.0291368884002199,"Increase",414,533,414
"10_TPoI","tableA5_price_support_distribution_information","T1",53,0.0291368884002199,"Increase",419,539,419
"10_TPoI","tableA5_price_support_distribution_information","T1",53,0.0291368884002199,"Increase",423,543,423
"10_TPoI","tableA5_price_support_distribution_information","T1",53,0.0291368884002199,"Increase",433,555,433
"10_TPoI","tableA5_price_support_distribution_information","T1",53,0.0291368884002199,"Increase",442,565,442
"10_TPoI","tableA5_price_support_distribution_information","T1",53,0.0291368884002199,"Increase",450,578,450
"10_TPoI","tableA5_price_support_distribution_information","T1",53,0.0291368884002199,"Increase",463,597,463
"10_TPoI","tableA5_price_support_distribution_information","T1",53,0.0291368884002199,"Increase",464,598,464
"10_TPoI","tableA5_price_support_distribution_information","T1",53,0.0291368884002199,"Increase",467,601,467
"10_TPoI","tableA5_price_support_distribution_information","T1",53,0.0291368884002199,"Increase",497,640,497
"10_TPoI","tableA5_price_support_distribution_information","T1",53,0.0291368884002199,"Increase",504,648,504
"10_TPoI","tableA5_price_support_distribution_information","T1",53,0.0291368884002199,"Increase",521,670,521
"10_TPoI","tableA5_price_support_distribution_information","T1",53,0.0291368884002199,"Increase",567,735,567
"10_TPoI","tableA5_price_support_distribution_information","T1",53,0.0291368884002199,"Increase",569,737,569
"10_TPoI","tableA5_price_support_distribution_information","T1",53,0.0291368884002199,"Increase",589,767,589
"10_TPoI","tableA5_price_support_distribution_information","T1",53,0.0291368884002199,"Increase",590,768,590
"10_TPoI","tableA5_price_support_distribution_information","T1",53,0.0291368884002199,"Increase",597,777,597
"10_TPoI","tableA5_price_support_distribution_information","T1",54,0.0296866410115448,"Increase",4,6,4
"10_TPoI","tableA5_price_support_distribution_information","T1",54,0.0296866410115448,"Increase",7,10,7
"10_TPoI","tableA5_price_support_distribution_information","T1",54,0.0296866410115448,"Increase",18,27,18
"10_TPoI","tableA5_price_support_distribution_information","T1",54,0.0296866410115448,"Increase",45,60,45
"10_TPoI","tableA5_price_support_distribution_information","T1",54,0.0296866410115448,"Increase",49,66,49
"10_TPoI","tableA5_price_support_distribution_information","T1",54,0.0296866410115448,"Increase",59,79,59
"10_TPoI","tableA5_price_support_distribution_information","T1",54,0.0296866410115448,"Increase",62,84,62
"10_TPoI","tableA5_price_support_distribution_information","T1",54,0.0296866410115448,"Increase",74,97,74
"10_TPoI","tableA5_price_support_distribution_information","T1",54,0.0296866410115448,"Increase",91,118,91
"10_TPoI","tableA5_price_support_distribution_information","T1",54,0.0296866410115448,"Increase",93,122,93
"10_TPoI","tableA5_price_support_distribution_information","T1",54,0.0296866410115448,"Increase",100,131,100
"10_TPoI","tableA5_price_support_distribution_information","T1",54,0.0296866410115448,"Increase",104,137,104
"10_TPoI","tableA5_price_support_distribution_information","T1",54,0.0296866410115448,"Increase",114,148,114
"10_TPoI","tableA5_price_support_distribution_information","T1",54,0.0296866410115448,"Increase",119,153,119
"10_TPoI","tableA5_price_support_distribution_information","T1",54,0.0296866410115448,"Increase",123,158,123
"10_TPoI","tableA5_price_support_distribution_information","T1",54,0.0296866410115448,"Increase",166,216,166
"10_TPoI","tableA5_price_support_distribution_information","T1",54,0.0296866410115448,"Increase",169,221,169
"10_TPoI","tableA5_price_support_distribution_information","T1",54,0.0296866410115448,"Increase",183,236,183
"10_TPoI","tableA5_price_support_distribution_information","T1",54,0.0296866410115448,"Increase",216,274,216
"10_TPoI","tableA5_price_support_distribution_information","T1",54,0.0296866410115448,"Increase",218,276,218
"10_TPoI","tableA5_price_support_distribution_information","T1",54,0.0296866410115448,"Increase",220,278,220
"10_TPoI","tableA5_price_support_distribution_information","T1",54,0.0296866410115448,"Increase",224,284,224
"10_TPoI","tableA5_price_support_distribution_information","T1",54,0.0296866410115448,"Increase",226,286,226
"10_TPoI","tableA5_price_support_distribution_information","T1",54,0.0296866410115448,"Increase",227,287,227
"10_TPoI","tableA5_price_support_distribution_information","T1",54,0.0296866410115448,"Increase",239,300,239
"10_TPoI","tableA5_price_support_distribution_information","T1",54,0.0296866410115448,"Increase",245,309,245
"10_TPoI","tableA5_price_support_distribution_information","T1",54,0.0296866410115448,"Increase",269,344,269
"10_TPoI","tableA5_price_support_distribution_information","T1",54,0.0296866410115448,"Increase",283,361,283
"10_TPoI","tableA5_price_support_distribution_information","T1",54,0.0296866410115448,"Increase",290,370,290
"10_TPoI","tableA5_price_support_distribution_information","T1",54,0.0296866410115448,"Increase",292,372,292
"10_TPoI","tableA5_price_support_distribution_information","T1",54,0.0296866410115448,"Increase",309,396,309
"10_TPoI","tableA5_price_support_distribution_information","T1",54,0.0296866410115448,"Increase",336,432,336
"10_TPoI","tableA5_price_support_distribution_information","T1",54,0.0296866410115448,"Increase",337,433,337
"10_TPoI","tableA5_price_support_distribution_information","T1",54,0.0296866410115448,"Increase",357,459,357
"10_TPoI","tableA5_price_support_distribution_information","T1",54,0.0296866410115448,"Increase",385,495,385
"10_TPoI","tableA5_price_support_distribution_information","T1",54,0.0296866410115448,"Increase",412,531,412
"10_TPoI","tableA5_price_support_distribution_information","T1",54,0.0296866410115448,"Increase",414,533,414
"10_TPoI","tableA5_price_support_distribution_information","T1",54,0.0296866410115448,"Increase",419,539,419
"10_TPoI","tableA5_price_support_distribution_information","T1",54,0.0296866410115448,"Increase",423,543,423
"10_TPoI","tableA5_price_support_distribution_information","T1",54,0.0296866410115448,"Increase",433,555,433
"10_TPoI","tableA5_price_support_distribution_information","T1",54,0.0296866410115448,"Increase",442,565,442
"10_TPoI","tableA5_price_support_distribution_information","T1",54,0.0296866410115448,"Increase",450,578,450
"10_TPoI","tableA5_price_support_distribution_information","T1",54,0.0296866410115448,"Increase",463,597,463
"10_TPoI","tableA5_price_support_distribution_information","T1",54,0.0296866410115448,"Increase",464,598,464
"10_TPoI","tableA5_price_support_distribution_information","T1",54,0.0296866410115448,"Increase",467,601,467
"10_TPoI","tableA5_price_support_distribution_information","T1",54,0.0296866410115448,"Increase",497,640,497
"10_TPoI","tableA5_price_support_distribution_information","T1",54,0.0296866410115448,"Increase",504,648,504
"10_TPoI","tableA5_price_support_distribution_information","T1",54,0.0296866410115448,"Increase",521,670,521
"10_TPoI","tableA5_price_support_distribution_information","T1",54,0.0296866410115448,"Increase",567,735,567
"10_TPoI","tableA5_price_support_distribution_information","T1",54,0.0296866410115448,"Increase",569,737,569
"10_TPoI","tableA5_price_support_distribution_information","T1",54,0.0296866410115448,"Increase",589,767,589
"10_TPoI","tableA5_price_support_distribution_information","T1",54,0.0296866410115448,"Increase",590,768,590
"10_TPoI","tableA5_price_support_distribution_information","T1",54,0.0296866410115448,"Increase",597,777,597
"10_TPoI","tableA5_price_support_distribution_information","T1",54,0.0296866410115448,"Increase",604,787,604
"10_TPoI","tableA5_price_support_distribution_information","T1",55,0.0302363936228697,"Increase",4,6,4
"10_TPoI","tableA5_price_support_distribution_information","T1",55,0.0302363936228697,"Increase",7,10,7
"10_TPoI","tableA5_price_support_distribution_information","T1",55,0.0302363936228697,"Increase",18,27,18
"10_TPoI","tableA5_price_support_distribution_information","T1",55,0.0302363936228697,"Increase",45,60,45
"10_TPoI","tableA5_price_support_distribution_information","T1",55,0.0302363936228697,"Increase",49,66,49
"10_TPoI","tableA5_price_support_distribution_information","T1",55,0.0302363936228697,"Increase",59,79,59
"10_TPoI","tableA5_price_support_distribution_information","T1",55,0.0302363936228697,"Increase",62,84,62
"10_TPoI","tableA5_price_support_distribution_information","T1",55,0.0302363936228697,"Increase",74,97,74
"10_TPoI","tableA5_price_support_distribution_information","T1",55,0.0302363936228697,"Increase",91,118,91
"10_TPoI","tableA5_price_support_distribution_information","T1",55,0.0302363936228697,"Increase",93,122,93
"10_TPoI","tableA5_price_support_distribution_information","T1",55,0.0302363936228697,"Increase",100,131,100
"10_TPoI","tableA5_price_support_distribution_information","T1",55,0.0302363936228697,"Increase",104,137,104
"10_TPoI","tableA5_price_support_distribution_information","T1",55,0.0302363936228697,"Increase",114,148,114
"10_TPoI","tableA5_price_support_distribution_information","T1",55,0.0302363936228697,"Increase",119,153,119
"10_TPoI","tableA5_price_support_distribution_information","T1",55,0.0302363936228697,"Increase",123,158,123
"10_TPoI","tableA5_price_support_distribution_information","T1",55,0.0302363936228697,"Increase",166,216,166
"10_TPoI","tableA5_price_support_distribution_information","T1",55,0.0302363936228697,"Increase",169,221,169
"10_TPoI","tableA5_price_support_distribution_information","T1",55,0.0302363936228697,"Increase",183,236,183
"10_TPoI","tableA5_price_support_distribution_information","T1",55,0.0302363936228697,"Increase",216,274,216
"10_TPoI","tableA5_price_support_distribution_information","T1",55,0.0302363936228697,"Increase",218,276,218
"10_TPoI","tableA5_price_support_distribution_information","T1",55,0.0302363936228697,"Increase",220,278,220
"10_TPoI","tableA5_price_support_distribution_information","T1",55,0.0302363936228697,"Increase",224,284,224
"10_TPoI","tableA5_price_support_distribution_information","T1",55,0.0302363936228697,"Increase",226,286,226
"10_TPoI","tableA5_price_support_distribution_information","T1",55,0.0302363936228697,"Increase",227,287,227
"10_TPoI","tableA5_price_support_distribution_information","T1",55,0.0302363936228697,"Increase",239,300,239
"10_TPoI","tableA5_price_support_distribution_information","T1",55,0.0302363936228697,"Increase",245,309,245
"10_TPoI","tableA5_price_support_distribution_information","T1",55,0.0302363936228697,"Increase",269,344,269
"10_TPoI","tableA5_price_support_distribution_information","T1",55,0.0302363936228697,"Increase",283,361,283
"10_TPoI","tableA5_price_support_distribution_information","T1",55,0.0302363936228697,"Increase",290,370,290
"10_TPoI","tableA5_price_support_distribution_information","T1",55,0.0302363936228697,"Increase",292,372,292
"10_TPoI","tableA5_price_support_distribution_information","T1",55,0.0302363936228697,"Increase",309,396,309
"10_TPoI","tableA5_price_support_distribution_information","T1",55,0.0302363936228697,"Increase",336,432,336
"10_TPoI","tableA5_price_support_distribution_information","T1",55,0.0302363936228697,"Increase",337,433,337
"10_TPoI","tableA5_price_support_distribution_information","T1",55,0.0302363936228697,"Increase",357,459,357
"10_TPoI","tableA5_price_support_distribution_information","T1",55,0.0302363936228697,"Increase",385,495,385
"10_TPoI","tableA5_price_support_distribution_information","T1",55,0.0302363936228697,"Increase",412,531,412
"10_TPoI","tableA5_price_support_distribution_information","T1",55,0.0302363936228697,"Increase",414,533,414
"10_TPoI","tableA5_price_support_distribution_information","T1",55,0.0302363936228697,"Increase",419,539,419
"10_TPoI","tableA5_price_support_distribution_information","T1",55,0.0302363936228697,"Increase",423,543,423
"10_TPoI","tableA5_price_support_distribution_information","T1",55,0.0302363936228697,"Increase",433,555,433
"10_TPoI","tableA5_price_support_distribution_information","T1",55,0.0302363936228697,"Increase",442,565,442
"10_TPoI","tableA5_price_support_distribution_information","T1",55,0.0302363936228697,"Increase",450,578,450
"10_TPoI","tableA5_price_support_distribution_information","T1",55,0.0302363936228697,"Increase",463,597,463
"10_TPoI","tableA5_price_support_distribution_information","T1",55,0.0302363936228697,"Increase",464,598,464
"10_TPoI","tableA5_price_support_distribution_information","T1",55,0.0302363936228697,"Increase",467,601,467
"10_TPoI","tableA5_price_support_distribution_information","T1",55,0.0302363936228697,"Increase",497,640,497
"10_TPoI","tableA5_price_support_distribution_information","T1",55,0.0302363936228697,"Increase",504,648,504
"10_TPoI","tableA5_price_support_distribution_information","T1",55,0.0302363936228697,"Increase",521,670,521
"10_TPoI","tableA5_price_support_distribution_information","T1",55,0.0302363936228697,"Increase",567,735,567
"10_TPoI","tableA5_price_support_distribution_information","T1",55,0.0302363936228697,"Increase",569,737,569
"10_TPoI","tableA5_price_support_distribution_information","T1",55,0.0302363936228697,"Increase",589,767,589
"10_TPoI","tableA5_price_support_distribution_information","T1",55,0.0302363936228697,"Increase",590,768,590
"10_TPoI","tableA5_price_support_distribution_information","T1",55,0.0302363936228697,"Increase",597,777,597
"10_TPoI","tableA5_price_support_distribution_information","T1",55,0.0302363936228697,"Increase",604,787,604
"10_TPoI","tableA5_price_support_distribution_information","T1",55,0.0302363936228697,"Increase",613,796,613
"10_TPoI","tableA5_price_support_distribution_information","T1",56,0.0307861462341946,"Increase",4,6,4
"10_TPoI","tableA5_price_support_distribution_information","T1",56,0.0307861462341946,"Increase",7,10,7
"10_TPoI","tableA5_price_support_distribution_information","T1",56,0.0307861462341946,"Increase",18,27,18
"10_TPoI","tableA5_price_support_distribution_information","T1",56,0.0307861462341946,"Increase",45,60,45
"10_TPoI","tableA5_price_support_distribution_information","T1",56,0.0307861462341946,"Increase",49,66,49
"10_TPoI","tableA5_price_support_distribution_information","T1",56,0.0307861462341946,"Increase",59,79,59
"10_TPoI","tableA5_price_support_distribution_information","T1",56,0.0307861462341946,"Increase",62,84,62
"10_TPoI","tableA5_price_support_distribution_information","T1",56,0.0307861462341946,"Increase",74,97,74
"10_TPoI","tableA5_price_support_distribution_information","T1",56,0.0307861462341946,"Increase",91,118,91
"10_TPoI","tableA5_price_support_distribution_information","T1",56,0.0307861462341946,"Increase",93,122,93
"10_TPoI","tableA5_price_support_distribution_information","T1",56,0.0307861462341946,"Increase",100,131,100
"10_TPoI","tableA5_price_support_distribution_information","T1",56,0.0307861462341946,"Increase",104,137,104
"10_TPoI","tableA5_price_support_distribution_information","T1",56,0.0307861462341946,"Increase",114,148,114
"10_TPoI","tableA5_price_support_distribution_information","T1",56,0.0307861462341946,"Increase",119,153,119
"10_TPoI","tableA5_price_support_distribution_information","T1",56,0.0307861462341946,"Increase",123,158,123
"10_TPoI","tableA5_price_support_distribution_information","T1",56,0.0307861462341946,"Increase",166,216,166
"10_TPoI","tableA5_price_support_distribution_information","T1",56,0.0307861462341946,"Increase",169,221,169
"10_TPoI","tableA5_price_support_distribution_information","T1",56,0.0307861462341946,"Increase",183,236,183
"10_TPoI","tableA5_price_support_distribution_information","T1",56,0.0307861462341946,"Increase",216,274,216
"10_TPoI","tableA5_price_support_distribution_information","T1",56,0.0307861462341946,"Increase",218,276,218
"10_TPoI","tableA5_price_support_distribution_information","T1",56,0.0307861462341946,"Increase",220,278,220
"10_TPoI","tableA5_price_support_distribution_information","T1",56,0.0307861462341946,"Increase",224,284,224
"10_TPoI","tableA5_price_support_distribution_information","T1",56,0.0307861462341946,"Increase",226,286,226
"10_TPoI","tableA5_price_support_distribution_information","T1",56,0.0307861462341946,"Increase",227,287,227
"10_TPoI","tableA5_price_support_distribution_information","T1",56,0.0307861462341946,"Increase",239,300,239
"10_TPoI","tableA5_price_support_distribution_information","T1",56,0.0307861462341946,"Increase",245,309,245
"10_TPoI","tableA5_price_support_distribution_information","T1",56,0.0307861462341946,"Increase",269,344,269
"10_TPoI","tableA5_price_support_distribution_information","T1",56,0.0307861462341946,"Increase",283,361,283
"10_TPoI","tableA5_price_support_distribution_information","T1",56,0.0307861462341946,"Increase",290,370,290
"10_TPoI","tableA5_price_support_distribution_information","T1",56,0.0307861462341946,"Increase",292,372,292
"10_TPoI","tableA5_price_support_distribution_information","T1",56,0.0307861462341946,"Increase",309,396,309
"10_TPoI","tableA5_price_support_distribution_information","T1",56,0.0307861462341946,"Increase",336,432,336
"10_TPoI","tableA5_price_support_distribution_information","T1",56,0.0307861462341946,"Increase",337,433,337
"10_TPoI","tableA5_price_support_distribution_information","T1",56,0.0307861462341946,"Increase",357,459,357
"10_TPoI","tableA5_price_support_distribution_information","T1",56,0.0307861462341946,"Increase",385,495,385
"10_TPoI","tableA5_price_support_distribution_information","T1",56,0.0307861462341946,"Increase",412,531,412
"10_TPoI","tableA5_price_support_distribution_information","T1",56,0.0307861462341946,"Increase",414,533,414
"10_TPoI","tableA5_price_support_distribution_information","T1",56,0.0307861462341946,"Increase",419,539,419
"10_TPoI","tableA5_price_support_distribution_information","T1",56,0.0307861462341946,"Increase",423,543,423
"10_TPoI","tableA5_price_support_distribution_information","T1",56,0.0307861462341946,"Increase",433,555,433
"10_TPoI","tableA5_price_support_distribution_information","T1",56,0.0307861462341946,"Increase",442,565,442
"10_TPoI","tableA5_price_support_distribution_information","T1",56,0.0307861462341946,"Increase",450,578,450
"10_TPoI","tableA5_price_support_distribution_information","T1",56,0.0307861462341946,"Increase",463,597,463
"10_TPoI","tableA5_price_support_distribution_information","T1",56,0.0307861462341946,"Increase",464,598,464
"10_TPoI","tableA5_price_support_distribution_information","T1",56,0.0307861462341946,"Increase",467,601,467
"10_TPoI","tableA5_price_support_distribution_information","T1",56,0.0307861462341946,"Increase",497,640,497
"10_TPoI","tableA5_price_support_distribution_information","T1",56,0.0307861462341946,"Increase",504,648,504
"10_TPoI","tableA5_price_support_distribution_information","T1",56,0.0307861462341946,"Increase",521,670,521
"10_TPoI","tableA5_price_support_distribution_information","T1",56,0.0307861462341946,"Increase",567,735,567
"10_TPoI","tableA5_price_support_distribution_information","T1",56,0.0307861462341946,"Increase",569,737,569
"10_TPoI","tableA5_price_support_distribution_information","T1",56,0.0307861462341946,"Increase",589,767,589
"10_TPoI","tableA5_price_support_distribution_information","T1",56,0.0307861462341946,"Increase",590,768,590
"10_TPoI","tableA5_price_support_distribution_information","T1",56,0.0307861462341946,"Increase",597,777,597
"10_TPoI","tableA5_price_support_distribution_information","T1",56,0.0307861462341946,"Increase",604,787,604
"10_TPoI","tableA5_price_support_distribution_information","T1",56,0.0307861462341946,"Increase",613,796,613
"10_TPoI","tableA5_price_support_distribution_information","T1",56,0.0307861462341946,"Increase",627,814,627
"10_TPoI","tableA5_price_support_distribution_information","T1",57,0.0313358988455195,"Increase",4,6,4
"10_TPoI","tableA5_price_support_distribution_information","T1",57,0.0313358988455195,"Increase",7,10,7
"10_TPoI","tableA5_price_support_distribution_information","T1",57,0.0313358988455195,"Increase",18,27,18
"10_TPoI","tableA5_price_support_distribution_information","T1",57,0.0313358988455195,"Increase",45,60,45
"10_TPoI","tableA5_price_support_distribution_information","T1",57,0.0313358988455195,"Increase",49,66,49
"10_TPoI","tableA5_price_support_distribution_information","T1",57,0.0313358988455195,"Increase",59,79,59
"10_TPoI","tableA5_price_support_distribution_information","T1",57,0.0313358988455195,"Increase",62,84,62
"10_TPoI","tableA5_price_support_distribution_information","T1",57,0.0313358988455195,"Increase",74,97,74
"10_TPoI","tableA5_price_support_distribution_information","T1",57,0.0313358988455195,"Increase",91,118,91
"10_TPoI","tableA5_price_support_distribution_information","T1",57,0.0313358988455195,"Increase",93,122,93
"10_TPoI","tableA5_price_support_distribution_information","T1",57,0.0313358988455195,"Increase",100,131,100
"10_TPoI","tableA5_price_support_distribution_information","T1",57,0.0313358988455195,"Increase",104,137,104
"10_TPoI","tableA5_price_support_distribution_information","T1",57,0.0313358988455195,"Increase",114,148,114
"10_TPoI","tableA5_price_support_distribution_information","T1",57,0.0313358988455195,"Increase",119,153,119
"10_TPoI","tableA5_price_support_distribution_information","T1",57,0.0313358988455195,"Increase",123,158,123
"10_TPoI","tableA5_price_support_distribution_information","T1",57,0.0313358988455195,"Increase",166,216,166
"10_TPoI","tableA5_price_support_distribution_information","T1",57,0.0313358988455195,"Increase",169,221,169
"10_TPoI","tableA5_price_support_distribution_information","T1",57,0.0313358988455195,"Increase",183,236,183
"10_TPoI","tableA5_price_support_distribution_information","T1",57,0.0313358988455195,"Increase",216,274,216
"10_TPoI","tableA5_price_support_distribution_information","T1",57,0.0313358988455195,"Increase",218,276,218
"10_TPoI","tableA5_price_support_distribution_information","T1",57,0.0313358988455195,"Increase",220,278,220
"10_TPoI","tableA5_price_support_distribution_information","T1",57,0.0313358988455195,"Increase",224,284,224
"10_TPoI","tableA5_price_support_distribution_information","T1",57,0.0313358988455195,"Increase",226,286,226
"10_TPoI","tableA5_price_support_distribution_information","T1",57,0.0313358988455195,"Increase",227,287,227
"10_TPoI","tableA5_price_support_distribution_information","T1",57,0.0313358988455195,"Increase",239,300,239
"10_TPoI","tableA5_price_support_distribution_information","T1",57,0.0313358988455195,"Increase",245,309,245
"10_TPoI","tableA5_price_support_distribution_information","T1",57,0.0313358988455195,"Increase",269,344,269
"10_TPoI","tableA5_price_support_distribution_information","T1",57,0.0313358988455195,"Increase",283,361,283
"10_TPoI","tableA5_price_support_distribution_information","T1",57,0.0313358988455195,"Increase",290,370,290
"10_TPoI","tableA5_price_support_distribution_information","T1",57,0.0313358988455195,"Increase",292,372,292
"10_TPoI","tableA5_price_support_distribution_information","T1",57,0.0313358988455195,"Increase",309,396,309
"10_TPoI","tableA5_price_support_distribution_information","T1",57,0.0313358988455195,"Increase",336,432,336
"10_TPoI","tableA5_price_support_distribution_information","T1",57,0.0313358988455195,"Increase",337,433,337
"10_TPoI","tableA5_price_support_distribution_information","T1",57,0.0313358988455195,"Increase",357,459,357
"10_TPoI","tableA5_price_support_distribution_information","T1",57,0.0313358988455195,"Increase",385,495,385
"10_TPoI","tableA5_price_support_distribution_information","T1",57,0.0313358988455195,"Increase",412,531,412
"10_TPoI","tableA5_price_support_distribution_information","T1",57,0.0313358988455195,"Increase",414,533,414
"10_TPoI","tableA5_price_support_distribution_information","T1",57,0.0313358988455195,"Increase",419,539,419
"10_TPoI","tableA5_price_support_distribution_information","T1",57,0.0313358988455195,"Increase",423,543,423
"10_TPoI","tableA5_price_support_distribution_information","T1",57,0.0313358988455195,"Increase",433,555,433
"10_TPoI","tableA5_price_support_distribution_information","T1",57,0.0313358988455195,"Increase",442,565,442
"10_TPoI","tableA5_price_support_distribution_information","T1",57,0.0313358988455195,"Increase",450,578,450
"10_TPoI","tableA5_price_support_distribution_information","T1",57,0.0313358988455195,"Increase",463,597,463
"10_TPoI","tableA5_price_support_distribution_information","T1",57,0.0313358988455195,"Increase",464,598,464
"10_TPoI","tableA5_price_support_distribution_information","T1",57,0.0313358988455195,"Increase",467,601,467
"10_TPoI","tableA5_price_support_distribution_information","T1",57,0.0313358988455195,"Increase",497,640,497
"10_TPoI","tableA5_price_support_distribution_information","T1",57,0.0313358988455195,"Increase",504,648,504
"10_TPoI","tableA5_price_support_distribution_information","T1",57,0.0313358988455195,"Increase",521,670,521
"10_TPoI","tableA5_price_support_distribution_information","T1",57,0.0313358988455195,"Increase",567,735,567
"10_TPoI","tableA5_price_support_distribution_information","T1",57,0.0313358988455195,"Increase",569,737,569
"10_TPoI","tableA5_price_support_distribution_information","T1",57,0.0313358988455195,"Increase",589,767,589
"10_TPoI","tableA5_price_support_distribution_information","T1",57,0.0313358988455195,"Increase",590,768,590
"10_TPoI","tableA5_price_support_distribution_information","T1",57,0.0313358988455195,"Increase",597,777,597
"10_TPoI","tableA5_price_support_distribution_information","T1",57,0.0313358988455195,"Increase",604,787,604
"10_TPoI","tableA5_price_support_distribution_information","T1",57,0.0313358988455195,"Increase",613,796,613
"10_TPoI","tableA5_price_support_distribution_information","T1",57,0.0313358988455195,"Increase",627,814,627
"10_TPoI","tableA5_price_support_distribution_information","T1",57,0.0313358988455195,"Increase",633,821,633
"10_TPoI","tableA5_price_support_distribution_information","T1",58,0.0318856514568444,"Increase",4,6,4
"10_TPoI","tableA5_price_support_distribution_information","T1",58,0.0318856514568444,"Increase",7,10,7
"10_TPoI","tableA5_price_support_distribution_information","T1",58,0.0318856514568444,"Increase",18,27,18
"10_TPoI","tableA5_price_support_distribution_information","T1",58,0.0318856514568444,"Increase",45,60,45
"10_TPoI","tableA5_price_support_distribution_information","T1",58,0.0318856514568444,"Increase",49,66,49
"10_TPoI","tableA5_price_support_distribution_information","T1",58,0.0318856514568444,"Increase",59,79,59
"10_TPoI","tableA5_price_support_distribution_information","T1",58,0.0318856514568444,"Increase",62,84,62
"10_TPoI","tableA5_price_support_distribution_information","T1",58,0.0318856514568444,"Increase",74,97,74
"10_TPoI","tableA5_price_support_distribution_information","T1",58,0.0318856514568444,"Increase",91,118,91
"10_TPoI","tableA5_price_support_distribution_information","T1",58,0.0318856514568444,"Increase",93,122,93
"10_TPoI","tableA5_price_support_distribution_information","T1",58,0.0318856514568444,"Increase",100,131,100
"10_TPoI","tableA5_price_support_distribution_information","T1",58,0.0318856514568444,"Increase",104,137,104
"10_TPoI","tableA5_price_support_distribution_information","T1",58,0.0318856514568444,"Increase",114,148,114
"10_TPoI","tableA5_price_support_distribution_information","T1",58,0.0318856514568444,"Increase",119,153,119
"10_TPoI","tableA5_price_support_distribution_information","T1",58,0.0318856514568444,"Increase",123,158,123
"10_TPoI","tableA5_price_support_distribution_information","T1",58,0.0318856514568444,"Increase",166,216,166
"10_TPoI","tableA5_price_support_distribution_information","T1",58,0.0318856514568444,"Increase",169,221,169
"10_TPoI","tableA5_price_support_distribution_information","T1",58,0.0318856514568444,"Increase",183,236,183
"10_TPoI","tableA5_price_support_distribution_information","T1",58,0.0318856514568444,"Increase",216,274,216
"10_TPoI","tableA5_price_support_distribution_information","T1",58,0.0318856514568444,"Increase",218,276,218
"10_TPoI","tableA5_price_support_distribution_information","T1",58,0.0318856514568444,"Increase",220,278,220
"10_TPoI","tableA5_price_support_distribution_information","T1",58,0.0318856514568444,"Increase",224,284,224
"10_TPoI","tableA5_price_support_distribution_information","T1",58,0.0318856514568444,"Increase",226,286,226
"10_TPoI","tableA5_price_support_distribution_information","T1",58,0.0318856514568444,"Increase",227,287,227
"10_TPoI","tableA5_price_support_distribution_information","T1",58,0.0318856514568444,"Increase",239,300,239
"10_TPoI","tableA5_price_support_distribution_information","T1",58,0.0318856514568444,"Increase",245,309,245
"10_TPoI","tableA5_price_support_distribution_information","T1",58,0.0318856514568444,"Increase",269,344,269
"10_TPoI","tableA5_price_support_distribution_information","T1",58,0.0318856514568444,"Increase",283,361,283
"10_TPoI","tableA5_price_support_distribution_information","T1",58,0.0318856514568444,"Increase",290,370,290
"10_TPoI","tableA5_price_support_distribution_information","T1",58,0.0318856514568444,"Increase",292,372,292
"10_TPoI","tableA5_price_support_distribution_information","T1",58,0.0318856514568444,"Increase",309,396,309
"10_TPoI","tableA5_price_support_distribution_information","T1",58,0.0318856514568444,"Increase",336,432,336
"10_TPoI","tableA5_price_support_distribution_information","T1",58,0.0318856514568444,"Increase",337,433,337
"10_TPoI","tableA5_price_support_distribution_information","T1",58,0.0318856514568444,"Increase",357,459,357
"10_TPoI","tableA5_price_support_distribution_information","T1",58,0.0318856514568444,"Increase",385,495,385
"10_TPoI","tableA5_price_support_distribution_information","T1",58,0.0318856514568444,"Increase",412,531,412
"10_TPoI","tableA5_price_support_distribution_information","T1",58,0.0318856514568444,"Increase",414,533,414
"10_TPoI","tableA5_price_support_distribution_information","T1",58,0.0318856514568444,"Increase",419,539,419
"10_TPoI","tableA5_price_support_distribution_information","T1",58,0.0318856514568444,"Increase",423,543,423
"10_TPoI","tableA5_price_support_distribution_information","T1",58,0.0318856514568444,"Increase",433,555,433
"10_TPoI","tableA5_price_support_distribution_information","T1",58,0.0318856514568444,"Increase",442,565,442
"10_TPoI","tableA5_price_support_distribution_information","T1",58,0.0318856514568444,"Increase",450,578,450
"10_TPoI","tableA5_price_support_distribution_information","T1",58,0.0318856514568444,"Increase",463,597,463
"10_TPoI","tableA5_price_support_distribution_information","T1",58,0.0318856514568444,"Increase",464,598,464
"10_TPoI","tableA5_price_support_distribution_information","T1",58,0.0318856514568444,"Increase",467,601,467
"10_TPoI","tableA5_price_support_distribution_information","T1",58,0.0318856514568444,"Increase",497,640,497
"10_TPoI","tableA5_price_support_distribution_information","T1",58,0.0318856514568444,"Increase",504,648,504
"10_TPoI","tableA5_price_support_distribution_information","T1",58,0.0318856514568444,"Increase",521,670,521
"10_TPoI","tableA5_price_support_distribution_information","T1",58,0.0318856514568444,"Increase",567,735,567
"10_TPoI","tableA5_price_support_distribution_information","T1",58,0.0318856514568444,"Increase",569,737,569
"10_TPoI","tableA5_price_support_distribution_information","T1",58,0.0318856514568444,"Increase",589,767,589
"10_TPoI","tableA5_price_support_distribution_information","T1",58,0.0318856514568444,"Increase",590,768,590
"10_TPoI","tableA5_price_support_distribution_information","T1",58,0.0318856514568444,"Increase",597,777,597
"10_TPoI","tableA5_price_support_distribution_information","T1",58,0.0318856514568444,"Increase",604,787,604
"10_TPoI","tableA5_price_support_distribution_information","T1",58,0.0318856514568444,"Increase",613,796,613
"10_TPoI","tableA5_price_support_distribution_information","T1",58,0.0318856514568444,"Increase",627,814,627
"10_TPoI","tableA5_price_support_distribution_information","T1",58,0.0318856514568444,"Increase",633,821,633
"10_TPoI","tableA5_price_support_distribution_information","T1",58,0.0318856514568444,"Increase",662,856,662
"10_TPoI","tableA5_price_support_distribution_information","T1",59,0.0324354040681693,"Increase",4,6,4
"10_TPoI","tableA5_price_support_distribution_information","T1",59,0.0324354040681693,"Increase",7,10,7
"10_TPoI","tableA5_price_support_distribution_information","T1",59,0.0324354040681693,"Increase",18,27,18
"10_TPoI","tableA5_price_support_distribution_information","T1",59,0.0324354040681693,"Increase",45,60,45
"10_TPoI","tableA5_price_support_distribution_information","T1",59,0.0324354040681693,"Increase",49,66,49
"10_TPoI","tableA5_price_support_distribution_information","T1",59,0.0324354040681693,"Increase",59,79,59
"10_TPoI","tableA5_price_support_distribution_information","T1",59,0.0324354040681693,"Increase",62,84,62
"10_TPoI","tableA5_price_support_distribution_information","T1",59,0.0324354040681693,"Increase",74,97,74
"10_TPoI","tableA5_price_support_distribution_information","T1",59,0.0324354040681693,"Increase",91,118,91
"10_TPoI","tableA5_price_support_distribution_information","T1",59,0.0324354040681693,"Increase",93,122,93
"10_TPoI","tableA5_price_support_distribution_information","T1",59,0.0324354040681693,"Increase",100,131,100
"10_TPoI","tableA5_price_support_distribution_information","T1",59,0.0324354040681693,"Increase",104,137,104
"10_TPoI","tableA5_price_support_distribution_information","T1",59,0.0324354040681693,"Increase",114,148,114
"10_TPoI","tableA5_price_support_distribution_information","T1",59,0.0324354040681693,"Increase",119,153,119
"10_TPoI","tableA5_price_support_distribution_information","T1",59,0.0324354040681693,"Increase",123,158,123
"10_TPoI","tableA5_price_support_distribution_information","T1",59,0.0324354040681693,"Increase",166,216,166
"10_TPoI","tableA5_price_support_distribution_information","T1",59,0.0324354040681693,"Increase",169,221,169
"10_TPoI","tableA5_price_support_distribution_information","T1",59,0.0324354040681693,"Increase",183,236,183
"10_TPoI","tableA5_price_support_distribution_information","T1",59,0.0324354040681693,"Increase",216,274,216
"10_TPoI","tableA5_price_support_distribution_information","T1",59,0.0324354040681693,"Increase",218,276,218
"10_TPoI","tableA5_price_support_distribution_information","T1",59,0.0324354040681693,"Increase",220,278,220
"10_TPoI","tableA5_price_support_distribution_information","T1",59,0.0324354040681693,"Increase",224,284,224
"10_TPoI","tableA5_price_support_distribution_information","T1",59,0.0324354040681693,"Increase",226,286,226
"10_TPoI","tableA5_price_support_distribution_information","T1",59,0.0324354040681693,"Increase",227,287,227
"10_TPoI","tableA5_price_support_distribution_information","T1",59,0.0324354040681693,"Increase",239,300,239
"10_TPoI","tableA5_price_support_distribution_information","T1",59,0.0324354040681693,"Increase",245,309,245
"10_TPoI","tableA5_price_support_distribution_information","T1",59,0.0324354040681693,"Increase",269,344,269
"10_TPoI","tableA5_price_support_distribution_information","T1",59,0.0324354040681693,"Increase",283,361,283
"10_TPoI","tableA5_price_support_distribution_information","T1",59,0.0324354040681693,"Increase",290,370,290
"10_TPoI","tableA5_price_support_distribution_information","T1",59,0.0324354040681693,"Increase",292,372,292
"10_TPoI","tableA5_price_support_distribution_information","T1",59,0.0324354040681693,"Increase",309,396,309
"10_TPoI","tableA5_price_support_distribution_information","T1",59,0.0324354040681693,"Increase",336,432,336
"10_TPoI","tableA5_price_support_distribution_information","T1",59,0.0324354040681693,"Increase",337,433,337
"10_TPoI","tableA5_price_support_distribution_information","T1",59,0.0324354040681693,"Increase",357,459,357
"10_TPoI","tableA5_price_support_distribution_information","T1",59,0.0324354040681693,"Increase",385,495,385
"10_TPoI","tableA5_price_support_distribution_information","T1",59,0.0324354040681693,"Increase",412,531,412
"10_TPoI","tableA5_price_support_distribution_information","T1",59,0.0324354040681693,"Increase",414,533,414
"10_TPoI","tableA5_price_support_distribution_information","T1",59,0.0324354040681693,"Increase",419,539,419
"10_TPoI","tableA5_price_support_distribution_information","T1",59,0.0324354040681693,"Increase",423,543,423
"10_TPoI","tableA5_price_support_distribution_information","T1",59,0.0324354040681693,"Increase",433,555,433
"10_TPoI","tableA5_price_support_distribution_information","T1",59,0.0324354040681693,"Increase",442,565,442
"10_TPoI","tableA5_price_support_distribution_information","T1",59,0.0324354040681693,"Increase",450,578,450
"10_TPoI","tableA5_price_support_distribution_information","T1",59,0.0324354040681693,"Increase",463,597,463
"10_TPoI","tableA5_price_support_distribution_information","T1",59,0.0324354040681693,"Increase",464,598,464
"10_TPoI","tableA5_price_support_distribution_information","T1",59,0.0324354040681693,"Increase",467,601,467
"10_TPoI","tableA5_price_support_distribution_information","T1",59,0.0324354040681693,"Increase",497,640,497
"10_TPoI","tableA5_price_support_distribution_information","T1",59,0.0324354040681693,"Increase",504,648,504
"10_TPoI","tableA5_price_support_distribution_information","T1",59,0.0324354040681693,"Increase",521,670,521
"10_TPoI","tableA5_price_support_distribution_information","T1",59,0.0324354040681693,"Increase",567,735,567
"10_TPoI","tableA5_price_support_distribution_information","T1",59,0.0324354040681693,"Increase",569,737,569
"10_TPoI","tableA5_price_support_distribution_information","T1",59,0.0324354040681693,"Increase",589,767,589
"10_TPoI","tableA5_price_support_distribution_information","T1",59,0.0324354040681693,"Increase",590,768,590
"10_TPoI","tableA5_price_support_distribution_information","T1",59,0.0324354040681693,"Increase",597,777,597
"10_TPoI","tableA5_price_support_distribution_information","T1",59,0.0324354040681693,"Increase",604,787,604
"10_TPoI","tableA5_price_support_distribution_information","T1",59,0.0324354040681693,"Increase",613,796,613
"10_TPoI","tableA5_price_support_distribution_information","T1",59,0.0324354040681693,"Increase",627,814,627
"10_TPoI","tableA5_price_support_distribution_information","T1",59,0.0324354040681693,"Increase",633,821,633
"10_TPoI","tableA5_price_support_distribution_information","T1",59,0.0324354040681693,"Increase",662,856,662
"10_TPoI","tableA5_price_support_distribution_information","T1",59,0.0324354040681693,"Increase",669,864,669
"10_TPoI","tableA5_price_support_distribution_information","T1",60,0.0329851566794942,"Increase",4,6,4
"10_TPoI","tableA5_price_support_distribution_information","T1",60,0.0329851566794942,"Increase",7,10,7
"10_TPoI","tableA5_price_support_distribution_information","T1",60,0.0329851566794942,"Increase",18,27,18
"10_TPoI","tableA5_price_support_distribution_information","T1",60,0.0329851566794942,"Increase",45,60,45
"10_TPoI","tableA5_price_support_distribution_information","T1",60,0.0329851566794942,"Increase",49,66,49
"10_TPoI","tableA5_price_support_distribution_information","T1",60,0.0329851566794942,"Increase",59,79,59
"10_TPoI","tableA5_price_support_distribution_information","T1",60,0.0329851566794942,"Increase",62,84,62
"10_TPoI","tableA5_price_support_distribution_information","T1",60,0.0329851566794942,"Increase",74,97,74
"10_TPoI","tableA5_price_support_distribution_information","T1",60,0.0329851566794942,"Increase",91,118,91
"10_TPoI","tableA5_price_support_distribution_information","T1",60,0.0329851566794942,"Increase",93,122,93
"10_TPoI","tableA5_price_support_distribution_information","T1",60,0.0329851566794942,"Increase",100,131,100
"10_TPoI","tableA5_price_support_distribution_information","T1",60,0.0329851566794942,"Increase",104,137,104
"10_TPoI","tableA5_price_support_distribution_information","T1",60,0.0329851566794942,"Increase",114,148,114
"10_TPoI","tableA5_price_support_distribution_information","T1",60,0.0329851566794942,"Increase",119,153,119
"10_TPoI","tableA5_price_support_distribution_information","T1",60,0.0329851566794942,"Increase",123,158,123
"10_TPoI","tableA5_price_support_distribution_information","T1",60,0.0329851566794942,"Increase",166,216,166
"10_TPoI","tableA5_price_support_distribution_information","T1",60,0.0329851566794942,"Increase",169,221,169
"10_TPoI","tableA5_price_support_distribution_information","T1",60,0.0329851566794942,"Increase",183,236,183
"10_TPoI","tableA5_price_support_distribution_information","T1",60,0.0329851566794942,"Increase",216,274,216
"10_TPoI","tableA5_price_support_distribution_information","T1",60,0.0329851566794942,"Increase",218,276,218
"10_TPoI","tableA5_price_support_distribution_information","T1",60,0.0329851566794942,"Increase",220,278,220
"10_TPoI","tableA5_price_support_distribution_information","T1",60,0.0329851566794942,"Increase",224,284,224
"10_TPoI","tableA5_price_support_distribution_information","T1",60,0.0329851566794942,"Increase",226,286,226
"10_TPoI","tableA5_price_support_distribution_information","T1",60,0.0329851566794942,"Increase",227,287,227
"10_TPoI","tableA5_price_support_distribution_information","T1",60,0.0329851566794942,"Increase",239,300,239
"10_TPoI","tableA5_price_support_distribution_information","T1",60,0.0329851566794942,"Increase",245,309,245
"10_TPoI","tableA5_price_support_distribution_information","T1",60,0.0329851566794942,"Increase",269,344,269
"10_TPoI","tableA5_price_support_distribution_information","T1",60,0.0329851566794942,"Increase",283,361,283
"10_TPoI","tableA5_price_support_distribution_information","T1",60,0.0329851566794942,"Increase",290,370,290
"10_TPoI","tableA5_price_support_distribution_information","T1",60,0.0329851566794942,"Increase",292,372,292
"10_TPoI","tableA5_price_support_distribution_information","T1",60,0.0329851566794942,"Increase",309,396,309
"10_TPoI","tableA5_price_support_distribution_information","T1",60,0.0329851566794942,"Increase",336,432,336
"10_TPoI","tableA5_price_support_distribution_information","T1",60,0.0329851566794942,"Increase",337,433,337
"10_TPoI","tableA5_price_support_distribution_information","T1",60,0.0329851566794942,"Increase",357,459,357
"10_TPoI","tableA5_price_support_distribution_information","T1",60,0.0329851566794942,"Increase",385,495,385
"10_TPoI","tableA5_price_support_distribution_information","T1",60,0.0329851566794942,"Increase",412,531,412
"10_TPoI","tableA5_price_support_distribution_information","T1",60,0.0329851566794942,"Increase",414,533,414
"10_TPoI","tableA5_price_support_distribution_information","T1",60,0.0329851566794942,"Increase",419,539,419
"10_TPoI","tableA5_price_support_distribution_information","T1",60,0.0329851566794942,"Increase",423,543,423
"10_TPoI","tableA5_price_support_distribution_information","T1",60,0.0329851566794942,"Increase",433,555,433
"10_TPoI","tableA5_price_support_distribution_information","T1",60,0.0329851566794942,"Increase",442,565,442
"10_TPoI","tableA5_price_support_distribution_information","T1",60,0.0329851566794942,"Increase",450,578,450
"10_TPoI","tableA5_price_support_distribution_information","T1",60,0.0329851566794942,"Increase",463,597,463
"10_TPoI","tableA5_price_support_distribution_information","T1",60,0.0329851566794942,"Increase",464,598,464
"10_TPoI","tableA5_price_support_distribution_information","T1",60,0.0329851566794942,"Increase",467,601,467
"10_TPoI","tableA5_price_support_distribution_information","T1",60,0.0329851566794942,"Increase",497,640,497
"10_TPoI","tableA5_price_support_distribution_information","T1",60,0.0329851566794942,"Increase",504,648,504
"10_TPoI","tableA5_price_support_distribution_information","T1",60,0.0329851566794942,"Increase",521,670,521
"10_TPoI","tableA5_price_support_distribution_information","T1",60,0.0329851566794942,"Increase",567,735,567
"10_TPoI","tableA5_price_support_distribution_information","T1",60,0.0329851566794942,"Increase",569,737,569
"10_TPoI","tableA5_price_support_distribution_information","T1",60,0.0329851566794942,"Increase",589,767,589
"10_TPoI","tableA5_price_support_distribution_information","T1",60,0.0329851566794942,"Increase",590,768,590
"10_TPoI","tableA5_price_support_distribution_information","T1",60,0.0329851566794942,"Increase",597,777,597
"10_TPoI","tableA5_price_support_distribution_information","T1",60,0.0329851566794942,"Increase",604,787,604
"10_TPoI","tableA5_price_support_distribution_information","T1",60,0.0329851566794942,"Increase",613,796,613
"10_TPoI","tableA5_price_support_distribution_information","T1",60,0.0329851566794942,"Increase",627,814,627
"10_TPoI","tableA5_price_support_distribution_information","T1",60,0.0329851566794942,"Increase",633,821,633
"10_TPoI","tableA5_price_support_distribution_information","T1",60,0.0329851566794942,"Increase",662,856,662
"10_TPoI","tableA5_price_support_distribution_information","T1",60,0.0329851566794942,"Increase",669,864,669
"10_TPoI","tableA5_price_support_distribution_information","T1",60,0.0329851566794942,"Increase",672,867,672
"10_TPoI","tableA5_price_support_distribution_information","T1",61,0.0335349092908191,"Increase",4,6,4
"10_TPoI","tableA5_price_support_distribution_information","T1",61,0.0335349092908191,"Increase",7,10,7
"10_TPoI","tableA5_price_support_distribution_information","T1",61,0.0335349092908191,"Increase",18,27,18
"10_TPoI","tableA5_price_support_distribution_information","T1",61,0.0335349092908191,"Increase",45,60,45
"10_TPoI","tableA5_price_support_distribution_information","T1",61,0.0335349092908191,"Increase",49,66,49
"10_TPoI","tableA5_price_support_distribution_information","T1",61,0.0335349092908191,"Increase",59,79,59
"10_TPoI","tableA5_price_support_distribution_information","T1",61,0.0335349092908191,"Increase",62,84,62
"10_TPoI","tableA5_price_support_distribution_information","T1",61,0.0335349092908191,"Increase",74,97,74
"10_TPoI","tableA5_price_support_distribution_information","T1",61,0.0335349092908191,"Increase",91,118,91
"10_TPoI","tableA5_price_support_distribution_information","T1",61,0.0335349092908191,"Increase",93,122,93
"10_TPoI","tableA5_price_support_distribution_information","T1",61,0.0335349092908191,"Increase",100,131,100
"10_TPoI","tableA5_price_support_distribution_information","T1",61,0.0335349092908191,"Increase",104,137,104
"10_TPoI","tableA5_price_support_distribution_information","T1",61,0.0335349092908191,"Increase",114,148,114
"10_TPoI","tableA5_price_support_distribution_information","T1",61,0.0335349092908191,"Increase",119,153,119
"10_TPoI","tableA5_price_support_distribution_information","T1",61,0.0335349092908191,"Increase",123,158,123
"10_TPoI","tableA5_price_support_distribution_information","T1",61,0.0335349092908191,"Increase",166,216,166
"10_TPoI","tableA5_price_support_distribution_information","T1",61,0.0335349092908191,"Increase",169,221,169
"10_TPoI","tableA5_price_support_distribution_information","T1",61,0.0335349092908191,"Increase",183,236,183
"10_TPoI","tableA5_price_support_distribution_information","T1",61,0.0335349092908191,"Increase",216,274,216
"10_TPoI","tableA5_price_support_distribution_information","T1",61,0.0335349092908191,"Increase",218,276,218
"10_TPoI","tableA5_price_support_distribution_information","T1",61,0.0335349092908191,"Increase",220,278,220
"10_TPoI","tableA5_price_support_distribution_information","T1",61,0.0335349092908191,"Increase",224,284,224
"10_TPoI","tableA5_price_support_distribution_information","T1",61,0.0335349092908191,"Increase",226,286,226
"10_TPoI","tableA5_price_support_distribution_information","T1",61,0.0335349092908191,"Increase",227,287,227
"10_TPoI","tableA5_price_support_distribution_information","T1",61,0.0335349092908191,"Increase",239,300,239
"10_TPoI","tableA5_price_support_distribution_information","T1",61,0.0335349092908191,"Increase",245,309,245
"10_TPoI","tableA5_price_support_distribution_information","T1",61,0.0335349092908191,"Increase",269,344,269
"10_TPoI","tableA5_price_support_distribution_information","T1",61,0.0335349092908191,"Increase",283,361,283
"10_TPoI","tableA5_price_support_distribution_information","T1",61,0.0335349092908191,"Increase",290,370,290
"10_TPoI","tableA5_price_support_distribution_information","T1",61,0.0335349092908191,"Increase",292,372,292
"10_TPoI","tableA5_price_support_distribution_information","T1",61,0.0335349092908191,"Increase",309,396,309
"10_TPoI","tableA5_price_support_distribution_information","T1",61,0.0335349092908191,"Increase",336,432,336
"10_TPoI","tableA5_price_support_distribution_information","T1",61,0.0335349092908191,"Increase",337,433,337
"10_TPoI","tableA5_price_support_distribution_information","T1",61,0.0335349092908191,"Increase",357,459,357
"10_TPoI","tableA5_price_support_distribution_information","T1",61,0.0335349092908191,"Increase",385,495,385
"10_TPoI","tableA5_price_support_distribution_information","T1",61,0.0335349092908191,"Increase",412,531,412
"10_TPoI","tableA5_price_support_distribution_information","T1",61,0.0335349092908191,"Increase",414,533,414
"10_TPoI","tableA5_price_support_distribution_information","T1",61,0.0335349092908191,"Increase",419,539,419
"10_TPoI","tableA5_price_support_distribution_information","T1",61,0.0335349092908191,"Increase",423,543,423
"10_TPoI","tableA5_price_support_distribution_information","T1",61,0.0335349092908191,"Increase",433,555,433
"10_TPoI","tableA5_price_support_distribution_information","T1",61,0.0335349092908191,"Increase",442,565,442
"10_TPoI","tableA5_price_support_distribution_information","T1",61,0.0335349092908191,"Increase",450,578,450
"10_TPoI","tableA5_price_support_distribution_information","T1",61,0.0335349092908191,"Increase",463,597,463
"10_TPoI","tableA5_price_support_distribution_information","T1",61,0.0335349092908191,"Increase",464,598,464
"10_TPoI","tableA5_price_support_distribution_information","T1",61,0.0335349092908191,"Increase",467,601,467
"10_TPoI","tableA5_price_support_distribution_information","T1",61,0.0335349092908191,"Increase",497,640,497
"10_TPoI","tableA5_price_support_distribution_information","T1",61,0.0335349092908191,"Increase",504,648,504
"10_TPoI","tableA5_price_support_distribution_information","T1",61,0.0335349092908191,"Increase",521,670,521
"10_TPoI","tableA5_price_support_distribution_information","T1",61,0.0335349092908191,"Increase",567,735,567
"10_TPoI","tableA5_price_support_distribution_information","T1",61,0.0335349092908191,"Increase",569,737,569
"10_TPoI","tableA5_price_support_distribution_information","T1",61,0.0335349092908191,"Increase",589,767,589
"10_TPoI","tableA5_price_support_distribution_information","T1",61,0.0335349092908191,"Increase",590,768,590
"10_TPoI","tableA5_price_support_distribution_information","T1",61,0.0335349092908191,"Increase",597,777,597
"10_TPoI","tableA5_price_support_distribution_information","T1",61,0.0335349092908191,"Increase",604,787,604
"10_TPoI","tableA5_price_support_distribution_information","T1",61,0.0335349092908191,"Increase",613,796,613
"10_TPoI","tableA5_price_support_distribution_information","T1",61,0.0335349092908191,"Increase",627,814,627
"10_TPoI","tableA5_price_support_distribution_information","T1",61,0.0335349092908191,"Increase",633,821,633
"10_TPoI","tableA5_price_support_distribution_information","T1",61,0.0335349092908191,"Increase",662,856,662
"10_TPoI","tableA5_price_support_distribution_information","T1",61,0.0335349092908191,"Increase",669,864,669
"10_TPoI","tableA5_price_support_distribution_information","T1",61,0.0335349092908191,"Increase",672,867,672
"10_TPoI","tableA5_price_support_distribution_information","T1",61,0.0335349092908191,"Increase",673,868,673
"10_TPoI","tableA5_price_support_distribution_information","T1",62,0.034084661902144,"Increase",4,6,4
"10_TPoI","tableA5_price_support_distribution_information","T1",62,0.034084661902144,"Increase",7,10,7
"10_TPoI","tableA5_price_support_distribution_information","T1",62,0.034084661902144,"Increase",18,27,18
"10_TPoI","tableA5_price_support_distribution_information","T1",62,0.034084661902144,"Increase",45,60,45
"10_TPoI","tableA5_price_support_distribution_information","T1",62,0.034084661902144,"Increase",49,66,49
"10_TPoI","tableA5_price_support_distribution_information","T1",62,0.034084661902144,"Increase",59,79,59
"10_TPoI","tableA5_price_support_distribution_information","T1",62,0.034084661902144,"Increase",62,84,62
"10_TPoI","tableA5_price_support_distribution_information","T1",62,0.034084661902144,"Increase",74,97,74
"10_TPoI","tableA5_price_support_distribution_information","T1",62,0.034084661902144,"Increase",91,118,91
"10_TPoI","tableA5_price_support_distribution_information","T1",62,0.034084661902144,"Increase",93,122,93
"10_TPoI","tableA5_price_support_distribution_information","T1",62,0.034084661902144,"Increase",100,131,100
"10_TPoI","tableA5_price_support_distribution_information","T1",62,0.034084661902144,"Increase",104,137,104
"10_TPoI","tableA5_price_support_distribution_information","T1",62,0.034084661902144,"Increase",114,148,114
"10_TPoI","tableA5_price_support_distribution_information","T1",62,0.034084661902144,"Increase",119,153,119
"10_TPoI","tableA5_price_support_distribution_information","T1",62,0.034084661902144,"Increase",123,158,123
"10_TPoI","tableA5_price_support_distribution_information","T1",62,0.034084661902144,"Increase",166,216,166
"10_TPoI","tableA5_price_support_distribution_information","T1",62,0.034084661902144,"Increase",169,221,169
"10_TPoI","tableA5_price_support_distribution_information","T1",62,0.034084661902144,"Increase",183,236,183
"10_TPoI","tableA5_price_support_distribution_information","T1",62,0.034084661902144,"Increase",216,274,216
"10_TPoI","tableA5_price_support_distribution_information","T1",62,0.034084661902144,"Increase",218,276,218
"10_TPoI","tableA5_price_support_distribution_information","T1",62,0.034084661902144,"Increase",220,278,220
"10_TPoI","tableA5_price_support_distribution_information","T1",62,0.034084661902144,"Increase",224,284,224
"10_TPoI","tableA5_price_support_distribution_information","T1",62,0.034084661902144,"Increase",226,286,226
"10_TPoI","tableA5_price_support_distribution_information","T1",62,0.034084661902144,"Increase",227,287,227
"10_TPoI","tableA5_price_support_distribution_information","T1",62,0.034084661902144,"Increase",239,300,239
"10_TPoI","tableA5_price_support_distribution_information","T1",62,0.034084661902144,"Increase",245,309,245
"10_TPoI","tableA5_price_support_distribution_information","T1",62,0.034084661902144,"Increase",269,344,269
"10_TPoI","tableA5_price_support_distribution_information","T1",62,0.034084661902144,"Increase",283,361,283
"10_TPoI","tableA5_price_support_distribution_information","T1",62,0.034084661902144,"Increase",290,370,290
"10_TPoI","tableA5_price_support_distribution_information","T1",62,0.034084661902144,"Increase",292,372,292
"10_TPoI","tableA5_price_support_distribution_information","T1",62,0.034084661902144,"Increase",309,396,309
"10_TPoI","tableA5_price_support_distribution_information","T1",62,0.034084661902144,"Increase",336,432,336
"10_TPoI","tableA5_price_support_distribution_information","T1",62,0.034084661902144,"Increase",337,433,337
"10_TPoI","tableA5_price_support_distribution_information","T1",62,0.034084661902144,"Increase",357,459,357
"10_TPoI","tableA5_price_support_distribution_information","T1",62,0.034084661902144,"Increase",385,495,385
"10_TPoI","tableA5_price_support_distribution_information","T1",62,0.034084661902144,"Increase",412,531,412
"10_TPoI","tableA5_price_support_distribution_information","T1",62,0.034084661902144,"Increase",414,533,414
"10_TPoI","tableA5_price_support_distribution_information","T1",62,0.034084661902144,"Increase",419,539,419
"10_TPoI","tableA5_price_support_distribution_information","T1",62,0.034084661902144,"Increase",423,543,423
"10_TPoI","tableA5_price_support_distribution_information","T1",62,0.034084661902144,"Increase",433,555,433
"10_TPoI","tableA5_price_support_distribution_information","T1",62,0.034084661902144,"Increase",442,565,442
"10_TPoI","tableA5_price_support_distribution_information","T1",62,0.034084661902144,"Increase",450,578,450
"10_TPoI","tableA5_price_support_distribution_information","T1",62,0.034084661902144,"Increase",463,597,463
"10_TPoI","tableA5_price_support_distribution_information","T1",62,0.034084661902144,"Increase",464,598,464
"10_TPoI","tableA5_price_support_distribution_information","T1",62,0.034084661902144,"Increase",467,601,467
"10_TPoI","tableA5_price_support_distribution_information","T1",62,0.034084661902144,"Increase",497,640,497
"10_TPoI","tableA5_price_support_distribution_information","T1",62,0.034084661902144,"Increase",504,648,504
"10_TPoI","tableA5_price_support_distribution_information","T1",62,0.034084661902144,"Increase",521,670,521
"10_TPoI","tableA5_price_support_distribution_information","T1",62,0.034084661902144,"Increase",567,735,567
"10_TPoI","tableA5_price_support_distribution_information","T1",62,0.034084661902144,"Increase",569,737,569
"10_TPoI","tableA5_price_support_distribution_information","T1",62,0.034084661902144,"Increase",589,767,589
"10_TPoI","tableA5_price_support_distribution_information","T1",62,0.034084661902144,"Increase",590,768,590
"10_TPoI","tableA5_price_support_distribution_information","T1",62,0.034084661902144,"Increase",597,777,597
"10_TPoI","tableA5_price_support_distribution_information","T1",62,0.034084661902144,"Increase",604,787,604
"10_TPoI","tableA5_price_support_distribution_information","T1",62,0.034084661902144,"Increase",613,796,613
"10_TPoI","tableA5_price_support_distribution_information","T1",62,0.034084661902144,"Increase",627,814,627
"10_TPoI","tableA5_price_support_distribution_information","T1",62,0.034084661902144,"Increase",633,821,633
"10_TPoI","tableA5_price_support_distribution_information","T1",62,0.034084661902144,"Increase",662,856,662
"10_TPoI","tableA5_price_support_distribution_information","T1",62,0.034084661902144,"Increase",669,864,669
"10_TPoI","tableA5_price_support_distribution_information","T1",62,0.034084661902144,"Increase",672,867,672
"10_TPoI","tableA5_price_support_distribution_information","T1",62,0.034084661902144,"Increase",673,868,673
"10_TPoI","tableA5_price_support_distribution_information","T1",62,0.034084661902144,"Increase",684,881,684
"10_TPoI","tableA5_price_support_distribution_information","T1",63,0.0346344145134689,"Increase",4,6,4
"10_TPoI","tableA5_price_support_distribution_information","T1",63,0.0346344145134689,"Increase",7,10,7
"10_TPoI","tableA5_price_support_distribution_information","T1",63,0.0346344145134689,"Increase",18,27,18
"10_TPoI","tableA5_price_support_distribution_information","T1",63,0.0346344145134689,"Increase",45,60,45
"10_TPoI","tableA5_price_support_distribution_information","T1",63,0.0346344145134689,"Increase",49,66,49
"10_TPoI","tableA5_price_support_distribution_information","T1",63,0.0346344145134689,"Increase",59,79,59
"10_TPoI","tableA5_price_support_distribution_information","T1",63,0.0346344145134689,"Increase",62,84,62
"10_TPoI","tableA5_price_support_distribution_information","T1",63,0.0346344145134689,"Increase",74,97,74
"10_TPoI","tableA5_price_support_distribution_information","T1",63,0.0346344145134689,"Increase",91,118,91
"10_TPoI","tableA5_price_support_distribution_information","T1",63,0.0346344145134689,"Increase",93,122,93
"10_TPoI","tableA5_price_support_distribution_information","T1",63,0.0346344145134689,"Increase",100,131,100
"10_TPoI","tableA5_price_support_distribution_information","T1",63,0.0346344145134689,"Increase",104,137,104
"10_TPoI","tableA5_price_support_distribution_information","T1",63,0.0346344145134689,"Increase",114,148,114
"10_TPoI","tableA5_price_support_distribution_information","T1",63,0.0346344145134689,"Increase",119,153,119
"10_TPoI","tableA5_price_support_distribution_information","T1",63,0.0346344145134689,"Increase",123,158,123
"10_TPoI","tableA5_price_support_distribution_information","T1",63,0.0346344145134689,"Increase",166,216,166
"10_TPoI","tableA5_price_support_distribution_information","T1",63,0.0346344145134689,"Increase",169,221,169
"10_TPoI","tableA5_price_support_distribution_information","T1",63,0.0346344145134689,"Increase",183,236,183
"10_TPoI","tableA5_price_support_distribution_information","T1",63,0.0346344145134689,"Increase",216,274,216
"10_TPoI","tableA5_price_support_distribution_information","T1",63,0.0346344145134689,"Increase",218,276,218
"10_TPoI","tableA5_price_support_distribution_information","T1",63,0.0346344145134689,"Increase",220,278,220
"10_TPoI","tableA5_price_support_distribution_information","T1",63,0.0346344145134689,"Increase",224,284,224
"10_TPoI","tableA5_price_support_distribution_information","T1",63,0.0346344145134689,"Increase",226,286,226
"10_TPoI","tableA5_price_support_distribution_information","T1",63,0.0346344145134689,"Increase",227,287,227
"10_TPoI","tableA5_price_support_distribution_information","T1",63,0.0346344145134689,"Increase",239,300,239
"10_TPoI","tableA5_price_support_distribution_information","T1",63,0.0346344145134689,"Increase",245,309,245
"10_TPoI","tableA5_price_support_distribution_information","T1",63,0.0346344145134689,"Increase",269,344,269
"10_TPoI","tableA5_price_support_distribution_information","T1",63,0.0346344145134689,"Increase",283,361,283
"10_TPoI","tableA5_price_support_distribution_information","T1",63,0.0346344145134689,"Increase",290,370,290
"10_TPoI","tableA5_price_support_distribution_information","T1",63,0.0346344145134689,"Increase",292,372,292
"10_TPoI","tableA5_price_support_distribution_information","T1",63,0.0346344145134689,"Increase",309,396,309
"10_TPoI","tableA5_price_support_distribution_information","T1",63,0.0346344145134689,"Increase",336,432,336
"10_TPoI","tableA5_price_support_distribution_information","T1",63,0.0346344145134689,"Increase",337,433,337
"10_TPoI","tableA5_price_support_distribution_information","T1",63,0.0346344145134689,"Increase",357,459,357
"10_TPoI","tableA5_price_support_distribution_information","T1",63,0.0346344145134689,"Increase",385,495,385
"10_TPoI","tableA5_price_support_distribution_information","T1",63,0.0346344145134689,"Increase",412,531,412
"10_TPoI","tableA5_price_support_distribution_information","T1",63,0.0346344145134689,"Increase",414,533,414
"10_TPoI","tableA5_price_support_distribution_information","T1",63,0.0346344145134689,"Increase",419,539,419
"10_TPoI","tableA5_price_support_distribution_information","T1",63,0.0346344145134689,"Increase",423,543,423
"10_TPoI","tableA5_price_support_distribution_information","T1",63,0.0346344145134689,"Increase",433,555,433
"10_TPoI","tableA5_price_support_distribution_information","T1",63,0.0346344145134689,"Increase",442,565,442
"10_TPoI","tableA5_price_support_distribution_information","T1",63,0.0346344145134689,"Increase",450,578,450
"10_TPoI","tableA5_price_support_distribution_information","T1",63,0.0346344145134689,"Increase",463,597,463
"10_TPoI","tableA5_price_support_distribution_information","T1",63,0.0346344145134689,"Increase",464,598,464
"10_TPoI","tableA5_price_support_distribution_information","T1",63,0.0346344145134689,"Increase",467,601,467
"10_TPoI","tableA5_price_support_distribution_information","T1",63,0.0346344145134689,"Increase",497,640,497
"10_TPoI","tableA5_price_support_distribution_information","T1",63,0.0346344145134689,"Increase",504,648,504
"10_TPoI","tableA5_price_support_distribution_information","T1",63,0.0346344145134689,"Increase",521,670,521
"10_TPoI","tableA5_price_support_distribution_information","T1",63,0.0346344145134689,"Increase",567,735,567
"10_TPoI","tableA5_price_support_distribution_information","T1",63,0.0346344145134689,"Increase",569,737,569
"10_TPoI","tableA5_price_support_distribution_information","T1",63,0.0346344145134689,"Increase",589,767,589
"10_TPoI","tableA5_price_support_distribution_information","T1",63,0.0346344145134689,"Increase",590,768,590
"10_TPoI","tableA5_price_support_distribution_information","T1",63,0.0346344145134689,"Increase",597,777,597
"10_TPoI","tableA5_price_support_distribution_information","T1",63,0.0346344145134689,"Increase",604,787,604
"10_TPoI","tableA5_price_support_distribution_information","T1",63,0.0346344145134689,"Increase",613,796,613
"10_TPoI","tableA5_price_support_distribution_information","T1",63,0.0346344145134689,"Increase",627,814,627
"10_TPoI","tableA5_price_support_distribution_information","T1",63,0.0346344145134689,"Increase",633,821,633
"10_TPoI","tableA5_price_support_distribution_information","T1",63,0.0346344145134689,"Increase",662,856,662
"10_TPoI","tableA5_price_support_distribution_information","T1",63,0.0346344145134689,"Increase",669,864,669
"10_TPoI","tableA5_price_support_distribution_information","T1",63,0.0346344145134689,"Increase",672,867,672
"10_TPoI","tableA5_price_support_distribution_information","T1",63,0.0346344145134689,"Increase",673,868,673
"10_TPoI","tableA5_price_support_distribution_information","T1",63,0.0346344145134689,"Increase",684,881,684
"10_TPoI","tableA5_price_support_distribution_information","T1",63,0.0346344145134689,"Increase",685,882,685
"10_TPoI","tableA5_price_support_distribution_information","T1",64,0.0351841671247938,"Increase",4,6,4
"10_TPoI","tableA5_price_support_distribution_information","T1",64,0.0351841671247938,"Increase",7,10,7
"10_TPoI","tableA5_price_support_distribution_information","T1",64,0.0351841671247938,"Increase",18,27,18
"10_TPoI","tableA5_price_support_distribution_information","T1",64,0.0351841671247938,"Increase",45,60,45
"10_TPoI","tableA5_price_support_distribution_information","T1",64,0.0351841671247938,"Increase",49,66,49
"10_TPoI","tableA5_price_support_distribution_information","T1",64,0.0351841671247938,"Increase",59,79,59
"10_TPoI","tableA5_price_support_distribution_information","T1",64,0.0351841671247938,"Increase",62,84,62
"10_TPoI","tableA5_price_support_distribution_information","T1",64,0.0351841671247938,"Increase",74,97,74
"10_TPoI","tableA5_price_support_distribution_information","T1",64,0.0351841671247938,"Increase",91,118,91
"10_TPoI","tableA5_price_support_distribution_information","T1",64,0.0351841671247938,"Increase",93,122,93
"10_TPoI","tableA5_price_support_distribution_information","T1",64,0.0351841671247938,"Increase",100,131,100
"10_TPoI","tableA5_price_support_distribution_information","T1",64,0.0351841671247938,"Increase",104,137,104
"10_TPoI","tableA5_price_support_distribution_information","T1",64,0.0351841671247938,"Increase",114,148,114
"10_TPoI","tableA5_price_support_distribution_information","T1",64,0.0351841671247938,"Increase",119,153,119
"10_TPoI","tableA5_price_support_distribution_information","T1",64,0.0351841671247938,"Increase",123,158,123
"10_TPoI","tableA5_price_support_distribution_information","T1",64,0.0351841671247938,"Increase",166,216,166
"10_TPoI","tableA5_price_support_distribution_information","T1",64,0.0351841671247938,"Increase",169,221,169
"10_TPoI","tableA5_price_support_distribution_information","T1",64,0.0351841671247938,"Increase",183,236,183
"10_TPoI","tableA5_price_support_distribution_information","T1",64,0.0351841671247938,"Increase",216,274,216
"10_TPoI","tableA5_price_support_distribution_information","T1",64,0.0351841671247938,"Increase",218,276,218
"10_TPoI","tableA5_price_support_distribution_information","T1",64,0.0351841671247938,"Increase",220,278,220
"10_TPoI","tableA5_price_support_distribution_information","T1",64,0.0351841671247938,"Increase",224,284,224
"10_TPoI","tableA5_price_support_distribution_information","T1",64,0.0351841671247938,"Increase",226,286,226
"10_TPoI","tableA5_price_support_distribution_information","T1",64,0.0351841671247938,"Increase",227,287,227
"10_TPoI","tableA5_price_support_distribution_information","T1",64,0.0351841671247938,"Increase",239,300,239
"10_TPoI","tableA5_price_support_distribution_information","T1",64,0.0351841671247938,"Increase",245,309,245
"10_TPoI","tableA5_price_support_distribution_information","T1",64,0.0351841671247938,"Increase",269,344,269
"10_TPoI","tableA5_price_support_distribution_information","T1",64,0.0351841671247938,"Increase",283,361,283
"10_TPoI","tableA5_price_support_distribution_information","T1",64,0.0351841671247938,"Increase",290,370,290
"10_TPoI","tableA5_price_support_distribution_information","T1",64,0.0351841671247938,"Increase",292,372,292
"10_TPoI","tableA5_price_support_distribution_information","T1",64,0.0351841671247938,"Increase",309,396,309
"10_TPoI","tableA5_price_support_distribution_information","T1",64,0.0351841671247938,"Increase",336,432,336
"10_TPoI","tableA5_price_support_distribution_information","T1",64,0.0351841671247938,"Increase",337,433,337
"10_TPoI","tableA5_price_support_distribution_information","T1",64,0.0351841671247938,"Increase",357,459,357
"10_TPoI","tableA5_price_support_distribution_information","T1",64,0.0351841671247938,"Increase",385,495,385
"10_TPoI","tableA5_price_support_distribution_information","T1",64,0.0351841671247938,"Increase",412,531,412
"10_TPoI","tableA5_price_support_distribution_information","T1",64,0.0351841671247938,"Increase",414,533,414
"10_TPoI","tableA5_price_support_distribution_information","T1",64,0.0351841671247938,"Increase",419,539,419
"10_TPoI","tableA5_price_support_distribution_information","T1",64,0.0351841671247938,"Increase",423,543,423
"10_TPoI","tableA5_price_support_distribution_information","T1",64,0.0351841671247938,"Increase",433,555,433
"10_TPoI","tableA5_price_support_distribution_information","T1",64,0.0351841671247938,"Increase",442,565,442
"10_TPoI","tableA5_price_support_distribution_information","T1",64,0.0351841671247938,"Increase",450,578,450
"10_TPoI","tableA5_price_support_distribution_information","T1",64,0.0351841671247938,"Increase",463,597,463
"10_TPoI","tableA5_price_support_distribution_information","T1",64,0.0351841671247938,"Increase",464,598,464
"10_TPoI","tableA5_price_support_distribution_information","T1",64,0.0351841671247938,"Increase",467,601,467
"10_TPoI","tableA5_price_support_distribution_information","T1",64,0.0351841671247938,"Increase",497,640,497
"10_TPoI","tableA5_price_support_distribution_information","T1",64,0.0351841671247938,"Increase",504,648,504
"10_TPoI","tableA5_price_support_distribution_information","T1",64,0.0351841671247938,"Increase",521,670,521
"10_TPoI","tableA5_price_support_distribution_information","T1",64,0.0351841671247938,"Increase",567,735,567
"10_TPoI","tableA5_price_support_distribution_information","T1",64,0.0351841671247938,"Increase",569,737,569
"10_TPoI","tableA5_price_support_distribution_information","T1",64,0.0351841671247938,"Increase",589,767,589
"10_TPoI","tableA5_price_support_distribution_information","T1",64,0.0351841671247938,"Increase",590,768,590
"10_TPoI","tableA5_price_support_distribution_information","T1",64,0.0351841671247938,"Increase",597,777,597
"10_TPoI","tableA5_price_support_distribution_information","T1",64,0.0351841671247938,"Increase",604,787,604
"10_TPoI","tableA5_price_support_distribution_information","T1",64,0.0351841671247938,"Increase",613,796,613
"10_TPoI","tableA5_price_support_distribution_information","T1",64,0.0351841671247938,"Increase",627,814,627
"10_TPoI","tableA5_price_support_distribution_information","T1",64,0.0351841671247938,"Increase",633,821,633
"10_TPoI","tableA5_price_support_distribution_information","T1",64,0.0351841671247938,"Increase",662,856,662
"10_TPoI","tableA5_price_support_distribution_information","T1",64,0.0351841671247938,"Increase",669,864,669
"10_TPoI","tableA5_price_support_distribution_information","T1",64,0.0351841671247938,"Increase",672,867,672
"10_TPoI","tableA5_price_support_distribution_information","T1",64,0.0351841671247938,"Increase",673,868,673
"10_TPoI","tableA5_price_support_distribution_information","T1",64,0.0351841671247938,"Increase",684,881,684
"10_TPoI","tableA5_price_support_distribution_information","T1",64,0.0351841671247938,"Increase",685,882,685
"10_TPoI","tableA5_price_support_distribution_information","T1",64,0.0351841671247938,"Increase",691,889,691
"10_TPoI","tableA5_price_support_distribution_information","T1",65,0.0357339197361187,"Increase",4,6,4
"10_TPoI","tableA5_price_support_distribution_information","T1",65,0.0357339197361187,"Increase",7,10,7
"10_TPoI","tableA5_price_support_distribution_information","T1",65,0.0357339197361187,"Increase",18,27,18
"10_TPoI","tableA5_price_support_distribution_information","T1",65,0.0357339197361187,"Increase",45,60,45
"10_TPoI","tableA5_price_support_distribution_information","T1",65,0.0357339197361187,"Increase",49,66,49
"10_TPoI","tableA5_price_support_distribution_information","T1",65,0.0357339197361187,"Increase",59,79,59
"10_TPoI","tableA5_price_support_distribution_information","T1",65,0.0357339197361187,"Increase",62,84,62
"10_TPoI","tableA5_price_support_distribution_information","T1",65,0.0357339197361187,"Increase",74,97,74
"10_TPoI","tableA5_price_support_distribution_information","T1",65,0.0357339197361187,"Increase",91,118,91
"10_TPoI","tableA5_price_support_distribution_information","T1",65,0.0357339197361187,"Increase",93,122,93
"10_TPoI","tableA5_price_support_distribution_information","T1",65,0.0357339197361187,"Increase",100,131,100
"10_TPoI","tableA5_price_support_distribution_information","T1",65,0.0357339197361187,"Increase",104,137,104
"10_TPoI","tableA5_price_support_distribution_information","T1",65,0.0357339197361187,"Increase",114,148,114
"10_TPoI","tableA5_price_support_distribution_information","T1",65,0.0357339197361187,"Increase",119,153,119
"10_TPoI","tableA5_price_support_distribution_information","T1",65,0.0357339197361187,"Increase",123,158,123
"10_TPoI","tableA5_price_support_distribution_information","T1",65,0.0357339197361187,"Increase",166,216,166
"10_TPoI","tableA5_price_support_distribution_information","T1",65,0.0357339197361187,"Increase",169,221,169
"10_TPoI","tableA5_price_support_distribution_information","T1",65,0.0357339197361187,"Increase",183,236,183
"10_TPoI","tableA5_price_support_distribution_information","T1",65,0.0357339197361187,"Increase",216,274,216
"10_TPoI","tableA5_price_support_distribution_information","T1",65,0.0357339197361187,"Increase",218,276,218
"10_TPoI","tableA5_price_support_distribution_information","T1",65,0.0357339197361187,"Increase",220,278,220
"10_TPoI","tableA5_price_support_distribution_information","T1",65,0.0357339197361187,"Increase",224,284,224
"10_TPoI","tableA5_price_support_distribution_information","T1",65,0.0357339197361187,"Increase",226,286,226
"10_TPoI","tableA5_price_support_distribution_information","T1",65,0.0357339197361187,"Increase",227,287,227
"10_TPoI","tableA5_price_support_distribution_information","T1",65,0.0357339197361187,"Increase",239,300,239
"10_TPoI","tableA5_price_support_distribution_information","T1",65,0.0357339197361187,"Increase",245,309,245
"10_TPoI","tableA5_price_support_distribution_information","T1",65,0.0357339197361187,"Increase",269,344,269
"10_TPoI","tableA5_price_support_distribution_information","T1",65,0.0357339197361187,"Increase",283,361,283
"10_TPoI","tableA5_price_support_distribution_information","T1",65,0.0357339197361187,"Increase",290,370,290
"10_TPoI","tableA5_price_support_distribution_information","T1",65,0.0357339197361187,"Increase",292,372,292
"10_TPoI","tableA5_price_support_distribution_information","T1",65,0.0357339197361187,"Increase",309,396,309
"10_TPoI","tableA5_price_support_distribution_information","T1",65,0.0357339197361187,"Increase",336,432,336
"10_TPoI","tableA5_price_support_distribution_information","T1",65,0.0357339197361187,"Increase",337,433,337
"10_TPoI","tableA5_price_support_distribution_information","T1",65,0.0357339197361187,"Increase",357,459,357
"10_TPoI","tableA5_price_support_distribution_information","T1",65,0.0357339197361187,"Increase",385,495,385
"10_TPoI","tableA5_price_support_distribution_information","T1",65,0.0357339197361187,"Increase",412,531,412
"10_TPoI","tableA5_price_support_distribution_information","T1",65,0.0357339197361187,"Increase",414,533,414
"10_TPoI","tableA5_price_support_distribution_information","T1",65,0.0357339197361187,"Increase",419,539,419
"10_TPoI","tableA5_price_support_distribution_information","T1",65,0.0357339197361187,"Increase",423,543,423
"10_TPoI","tableA5_price_support_distribution_information","T1",65,0.0357339197361187,"Increase",433,555,433
"10_TPoI","tableA5_price_support_distribution_information","T1",65,0.0357339197361187,"Increase",442,565,442
"10_TPoI","tableA5_price_support_distribution_information","T1",65,0.0357339197361187,"Increase",450,578,450
"10_TPoI","tableA5_price_support_distribution_information","T1",65,0.0357339197361187,"Increase",463,597,463
"10_TPoI","tableA5_price_support_distribution_information","T1",65,0.0357339197361187,"Increase",464,598,464
"10_TPoI","tableA5_price_support_distribution_information","T1",65,0.0357339197361187,"Increase",467,601,467
"10_TPoI","tableA5_price_support_distribution_information","T1",65,0.0357339197361187,"Increase",497,640,497
"10_TPoI","tableA5_price_support_distribution_information","T1",65,0.0357339197361187,"Increase",504,648,504
"10_TPoI","tableA5_price_support_distribution_information","T1",65,0.0357339197361187,"Increase",521,670,521
"10_TPoI","tableA5_price_support_distribution_information","T1",65,0.0357339197361187,"Increase",567,735,567
"10_TPoI","tableA5_price_support_distribution_information","T1",65,0.0357339197361187,"Increase",569,737,569
"10_TPoI","tableA5_price_support_distribution_information","T1",65,0.0357339197361187,"Increase",589,767,589
"10_TPoI","tableA5_price_support_distribution_information","T1",65,0.0357339197361187,"Increase",590,768,590
"10_TPoI","tableA5_price_support_distribution_information","T1",65,0.0357339197361187,"Increase",597,777,597
"10_TPoI","tableA5_price_support_distribution_information","T1",65,0.0357339197361187,"Increase",604,787,604
"10_TPoI","tableA5_price_support_distribution_information","T1",65,0.0357339197361187,"Increase",613,796,613
"10_TPoI","tableA5_price_support_distribution_information","T1",65,0.0357339197361187,"Increase",627,814,627
"10_TPoI","tableA5_price_support_distribution_information","T1",65,0.0357339197361187,"Increase",633,821,633
"10_TPoI","tableA5_price_support_distribution_information","T1",65,0.0357339197361187,"Increase",662,856,662
"10_TPoI","tableA5_price_support_distribution_information","T1",65,0.0357339197361187,"Increase",669,864,669
"10_TPoI","tableA5_price_support_distribution_information","T1",65,0.0357339197361187,"Increase",672,867,672
"10_TPoI","tableA5_price_support_distribution_information","T1",65,0.0357339197361187,"Increase",673,868,673
"10_TPoI","tableA5_price_support_distribution_information","T1",65,0.0357339197361187,"Increase",684,881,684
"10_TPoI","tableA5_price_support_distribution_information","T1",65,0.0357339197361187,"Increase",685,882,685
"10_TPoI","tableA5_price_support_distribution_information","T1",65,0.0357339197361187,"Increase",691,889,691
"10_TPoI","tableA5_price_support_distribution_information","T1",65,0.0357339197361187,"Increase",700,902,700
"10_TPoI","tableA5_price_support_distribution_information","T1",66,0.0362836723474437,"Increase",4,6,4
"10_TPoI","tableA5_price_support_distribution_information","T1",66,0.0362836723474437,"Increase",7,10,7
"10_TPoI","tableA5_price_support_distribution_information","T1",66,0.0362836723474437,"Increase",18,27,18
"10_TPoI","tableA5_price_support_distribution_information","T1",66,0.0362836723474437,"Increase",45,60,45
"10_TPoI","tableA5_price_support_distribution_information","T1",66,0.0362836723474437,"Increase",49,66,49
"10_TPoI","tableA5_price_support_distribution_information","T1",66,0.0362836723474437,"Increase",59,79,59
"10_TPoI","tableA5_price_support_distribution_information","T1",66,0.0362836723474437,"Increase",62,84,62
"10_TPoI","tableA5_price_support_distribution_information","T1",66,0.0362836723474437,"Increase",74,97,74
"10_TPoI","tableA5_price_support_distribution_information","T1",66,0.0362836723474437,"Increase",91,118,91
"10_TPoI","tableA5_price_support_distribution_information","T1",66,0.0362836723474437,"Increase",93,122,93
"10_TPoI","tableA5_price_support_distribution_information","T1",66,0.0362836723474437,"Increase",100,131,100
"10_TPoI","tableA5_price_support_distribution_information","T1",66,0.0362836723474437,"Increase",104,137,104
"10_TPoI","tableA5_price_support_distribution_information","T1",66,0.0362836723474437,"Increase",114,148,114
"10_TPoI","tableA5_price_support_distribution_information","T1",66,0.0362836723474437,"Increase",119,153,119
"10_TPoI","tableA5_price_support_distribution_information","T1",66,0.0362836723474437,"Increase",123,158,123
"10_TPoI","tableA5_price_support_distribution_information","T1",66,0.0362836723474437,"Increase",166,216,166
"10_TPoI","tableA5_price_support_distribution_information","T1",66,0.0362836723474437,"Increase",169,221,169
"10_TPoI","tableA5_price_support_distribution_information","T1",66,0.0362836723474437,"Increase",183,236,183
"10_TPoI","tableA5_price_support_distribution_information","T1",66,0.0362836723474437,"Increase",216,274,216
"10_TPoI","tableA5_price_support_distribution_information","T1",66,0.0362836723474437,"Increase",218,276,218
"10_TPoI","tableA5_price_support_distribution_information","T1",66,0.0362836723474437,"Increase",220,278,220
"10_TPoI","tableA5_price_support_distribution_information","T1",66,0.0362836723474437,"Increase",224,284,224
"10_TPoI","tableA5_price_support_distribution_information","T1",66,0.0362836723474437,"Increase",226,286,226
"10_TPoI","tableA5_price_support_distribution_information","T1",66,0.0362836723474437,"Increase",227,287,227
"10_TPoI","tableA5_price_support_distribution_information","T1",66,0.0362836723474437,"Increase",239,300,239
"10_TPoI","tableA5_price_support_distribution_information","T1",66,0.0362836723474437,"Increase",245,309,245
"10_TPoI","tableA5_price_support_distribution_information","T1",66,0.0362836723474437,"Increase",269,344,269
"10_TPoI","tableA5_price_support_distribution_information","T1",66,0.0362836723474437,"Increase",283,361,283
"10_TPoI","tableA5_price_support_distribution_information","T1",66,0.0362836723474437,"Increase",290,370,290
"10_TPoI","tableA5_price_support_distribution_information","T1",66,0.0362836723474437,"Increase",292,372,292
"10_TPoI","tableA5_price_support_distribution_information","T1",66,0.0362836723474437,"Increase",309,396,309
"10_TPoI","tableA5_price_support_distribution_information","T1",66,0.0362836723474437,"Increase",336,432,336
"10_TPoI","tableA5_price_support_distribution_information","T1",66,0.0362836723474437,"Increase",337,433,337
"10_TPoI","tableA5_price_support_distribution_information","T1",66,0.0362836723474437,"Increase",357,459,357
"10_TPoI","tableA5_price_support_distribution_information","T1",66,0.0362836723474437,"Increase",385,495,385
"10_TPoI","tableA5_price_support_distribution_information","T1",66,0.0362836723474437,"Increase",412,531,412
"10_TPoI","tableA5_price_support_distribution_information","T1",66,0.0362836723474437,"Increase",414,533,414
"10_TPoI","tableA5_price_support_distribution_information","T1",66,0.0362836723474437,"Increase",419,539,419
"10_TPoI","tableA5_price_support_distribution_information","T1",66,0.0362836723474437,"Increase",423,543,423
"10_TPoI","tableA5_price_support_distribution_information","T1",66,0.0362836723474437,"Increase",433,555,433
"10_TPoI","tableA5_price_support_distribution_information","T1",66,0.0362836723474437,"Increase",442,565,442
"10_TPoI","tableA5_price_support_distribution_information","T1",66,0.0362836723474437,"Increase",450,578,450
"10_TPoI","tableA5_price_support_distribution_information","T1",66,0.0362836723474437,"Increase",463,597,463
"10_TPoI","tableA5_price_support_distribution_information","T1",66,0.0362836723474437,"Increase",464,598,464
"10_TPoI","tableA5_price_support_distribution_information","T1",66,0.0362836723474437,"Increase",467,601,467
"10_TPoI","tableA5_price_support_distribution_information","T1",66,0.0362836723474437,"Increase",497,640,497
"10_TPoI","tableA5_price_support_distribution_information","T1",66,0.0362836723474437,"Increase",504,648,504
"10_TPoI","tableA5_price_support_distribution_information","T1",66,0.0362836723474437,"Increase",521,670,521
"10_TPoI","tableA5_price_support_distribution_information","T1",66,0.0362836723474437,"Increase",567,735,567
"10_TPoI","tableA5_price_support_distribution_information","T1",66,0.0362836723474437,"Increase",569,737,569
"10_TPoI","tableA5_price_support_distribution_information","T1",66,0.0362836723474437,"Increase",589,767,589
"10_TPoI","tableA5_price_support_distribution_information","T1",66,0.0362836723474437,"Increase",590,768,590
"10_TPoI","tableA5_price_support_distribution_information","T1",66,0.0362836723474437,"Increase",597,777,597
"10_TPoI","tableA5_price_support_distribution_information","T1",66,0.0362836723474437,"Increase",604,787,604
"10_TPoI","tableA5_price_support_distribution_information","T1",66,0.0362836723474437,"Increase",613,796,613
"10_TPoI","tableA5_price_support_distribution_information","T1",66,0.0362836723474437,"Increase",627,814,627
"10_TPoI","tableA5_price_support_distribution_information","T1",66,0.0362836723474437,"Increase",633,821,633
"10_TPoI","tableA5_price_support_distribution_information","T1",66,0.0362836723474437,"Increase",662,856,662
"10_TPoI","tableA5_price_support_distribution_information","T1",66,0.0362836723474437,"Increase",669,864,669
"10_TPoI","tableA5_price_support_distribution_information","T1",66,0.0362836723474437,"Increase",672,867,672
"10_TPoI","tableA5_price_support_distribution_information","T1",66,0.0362836723474437,"Increase",673,868,673
"10_TPoI","tableA5_price_support_distribution_information","T1",66,0.0362836723474437,"Increase",684,881,684
"10_TPoI","tableA5_price_support_distribution_information","T1",66,0.0362836723474437,"Increase",685,882,685
"10_TPoI","tableA5_price_support_distribution_information","T1",66,0.0362836723474437,"Increase",691,889,691
"10_TPoI","tableA5_price_support_distribution_information","T1",66,0.0362836723474437,"Increase",700,902,700
"10_TPoI","tableA5_price_support_distribution_information","T1",66,0.0362836723474437,"Increase",732,939,732
"10_TPoI","tableA5_price_support_distribution_information","T1",67,0.0368334249587686,"Increase",4,6,4
"10_TPoI","tableA5_price_support_distribution_information","T1",67,0.0368334249587686,"Increase",7,10,7
"10_TPoI","tableA5_price_support_distribution_information","T1",67,0.0368334249587686,"Increase",18,27,18
"10_TPoI","tableA5_price_support_distribution_information","T1",67,0.0368334249587686,"Increase",45,60,45
"10_TPoI","tableA5_price_support_distribution_information","T1",67,0.0368334249587686,"Increase",49,66,49
"10_TPoI","tableA5_price_support_distribution_information","T1",67,0.0368334249587686,"Increase",59,79,59
"10_TPoI","tableA5_price_support_distribution_information","T1",67,0.0368334249587686,"Increase",62,84,62
"10_TPoI","tableA5_price_support_distribution_information","T1",67,0.0368334249587686,"Increase",74,97,74
"10_TPoI","tableA5_price_support_distribution_information","T1",67,0.0368334249587686,"Increase",91,118,91
"10_TPoI","tableA5_price_support_distribution_information","T1",67,0.0368334249587686,"Increase",93,122,93
"10_TPoI","tableA5_price_support_distribution_information","T1",67,0.0368334249587686,"Increase",100,131,100
"10_TPoI","tableA5_price_support_distribution_information","T1",67,0.0368334249587686,"Increase",104,137,104
"10_TPoI","tableA5_price_support_distribution_information","T1",67,0.0368334249587686,"Increase",114,148,114
"10_TPoI","tableA5_price_support_distribution_information","T1",67,0.0368334249587686,"Increase",119,153,119
"10_TPoI","tableA5_price_support_distribution_information","T1",67,0.0368334249587686,"Increase",123,158,123
"10_TPoI","tableA5_price_support_distribution_information","T1",67,0.0368334249587686,"Increase",166,216,166
"10_TPoI","tableA5_price_support_distribution_information","T1",67,0.0368334249587686,"Increase",169,221,169
"10_TPoI","tableA5_price_support_distribution_information","T1",67,0.0368334249587686,"Increase",183,236,183
"10_TPoI","tableA5_price_support_distribution_information","T1",67,0.0368334249587686,"Increase",216,274,216
"10_TPoI","tableA5_price_support_distribution_information","T1",67,0.0368334249587686,"Increase",218,276,218
"10_TPoI","tableA5_price_support_distribution_information","T1",67,0.0368334249587686,"Increase",220,278,220
"10_TPoI","tableA5_price_support_distribution_information","T1",67,0.0368334249587686,"Increase",224,284,224
"10_TPoI","tableA5_price_support_distribution_information","T1",67,0.0368334249587686,"Increase",226,286,226
"10_TPoI","tableA5_price_support_distribution_information","T1",67,0.0368334249587686,"Increase",227,287,227
"10_TPoI","tableA5_price_support_distribution_information","T1",67,0.0368334249587686,"Increase",239,300,239
"10_TPoI","tableA5_price_support_distribution_information","T1",67,0.0368334249587686,"Increase",245,309,245
"10_TPoI","tableA5_price_support_distribution_information","T1",67,0.0368334249587686,"Increase",269,344,269
"10_TPoI","tableA5_price_support_distribution_information","T1",67,0.0368334249587686,"Increase",283,361,283
"10_TPoI","tableA5_price_support_distribution_information","T1",67,0.0368334249587686,"Increase",290,370,290
"10_TPoI","tableA5_price_support_distribution_information","T1",67,0.0368334249587686,"Increase",292,372,292
"10_TPoI","tableA5_price_support_distribution_information","T1",67,0.0368334249587686,"Increase",309,396,309
"10_TPoI","tableA5_price_support_distribution_information","T1",67,0.0368334249587686,"Increase",336,432,336
"10_TPoI","tableA5_price_support_distribution_information","T1",67,0.0368334249587686,"Increase",337,433,337
"10_TPoI","tableA5_price_support_distribution_information","T1",67,0.0368334249587686,"Increase",357,459,357
"10_TPoI","tableA5_price_support_distribution_information","T1",67,0.0368334249587686,"Increase",385,495,385
"10_TPoI","tableA5_price_support_distribution_information","T1",67,0.0368334249587686,"Increase",412,531,412
"10_TPoI","tableA5_price_support_distribution_information","T1",67,0.0368334249587686,"Increase",414,533,414
"10_TPoI","tableA5_price_support_distribution_information","T1",67,0.0368334249587686,"Increase",419,539,419
"10_TPoI","tableA5_price_support_distribution_information","T1",67,0.0368334249587686,"Increase",423,543,423
"10_TPoI","tableA5_price_support_distribution_information","T1",67,0.0368334249587686,"Increase",433,555,433
"10_TPoI","tableA5_price_support_distribution_information","T1",67,0.0368334249587686,"Increase",442,565,442
"10_TPoI","tableA5_price_support_distribution_information","T1",67,0.0368334249587686,"Increase",450,578,450
"10_TPoI","tableA5_price_support_distribution_information","T1",67,0.0368334249587686,"Increase",463,597,463
"10_TPoI","tableA5_price_support_distribution_information","T1",67,0.0368334249587686,"Increase",464,598,464
"10_TPoI","tableA5_price_support_distribution_information","T1",67,0.0368334249587686,"Increase",467,601,467
"10_TPoI","tableA5_price_support_distribution_information","T1",67,0.0368334249587686,"Increase",497,640,497
"10_TPoI","tableA5_price_support_distribution_information","T1",67,0.0368334249587686,"Increase",504,648,504
"10_TPoI","tableA5_price_support_distribution_information","T1",67,0.0368334249587686,"Increase",521,670,521
"10_TPoI","tableA5_price_support_distribution_information","T1",67,0.0368334249587686,"Increase",567,735,567
"10_TPoI","tableA5_price_support_distribution_information","T1",67,0.0368334249587686,"Increase",569,737,569
"10_TPoI","tableA5_price_support_distribution_information","T1",67,0.0368334249587686,"Increase",589,767,589
"10_TPoI","tableA5_price_support_distribution_information","T1",67,0.0368334249587686,"Increase",590,768,590
"10_TPoI","tableA5_price_support_distribution_information","T1",67,0.0368334249587686,"Increase",597,777,597
"10_TPoI","tableA5_price_support_distribution_information","T1",67,0.0368334249587686,"Increase",604,787,604
"10_TPoI","tableA5_price_support_distribution_information","T1",67,0.0368334249587686,"Increase",613,796,613
"10_TPoI","tableA5_price_support_distribution_information","T1",67,0.0368334249587686,"Increase",627,814,627
"10_TPoI","tableA5_price_support_distribution_information","T1",67,0.0368334249587686,"Increase",633,821,633
"10_TPoI","tableA5_price_support_distribution_information","T1",67,0.0368334249587686,"Increase",662,856,662
"10_TPoI","tableA5_price_support_distribution_information","T1",67,0.0368334249587686,"Increase",669,864,669
"10_TPoI","tableA5_price_support_distribution_information","T1",67,0.0368334249587686,"Increase",672,867,672
"10_TPoI","tableA5_price_support_distribution_information","T1",67,0.0368334249587686,"Increase",673,868,673
"10_TPoI","tableA5_price_support_distribution_information","T1",67,0.0368334249587686,"Increase",684,881,684
"10_TPoI","tableA5_price_support_distribution_information","T1",67,0.0368334249587686,"Increase",685,882,685
"10_TPoI","tableA5_price_support_distribution_information","T1",67,0.0368334249587686,"Increase",691,889,691
"10_TPoI","tableA5_price_support_distribution_information","T1",67,0.0368334249587686,"Increase",700,902,700
"10_TPoI","tableA5_price_support_distribution_information","T1",67,0.0368334249587686,"Increase",732,939,732
"10_TPoI","tableA5_price_support_distribution_information","T1",67,0.0368334249587686,"Increase",759,973,759
"10_TPoI","tableA5_price_support_distribution_information","T1",68,0.0373831775700935,"Increase",4,6,4
"10_TPoI","tableA5_price_support_distribution_information","T1",68,0.0373831775700935,"Increase",7,10,7
"10_TPoI","tableA5_price_support_distribution_information","T1",68,0.0373831775700935,"Increase",18,27,18
"10_TPoI","tableA5_price_support_distribution_information","T1",68,0.0373831775700935,"Increase",45,60,45
"10_TPoI","tableA5_price_support_distribution_information","T1",68,0.0373831775700935,"Increase",49,66,49
"10_TPoI","tableA5_price_support_distribution_information","T1",68,0.0373831775700935,"Increase",59,79,59
"10_TPoI","tableA5_price_support_distribution_information","T1",68,0.0373831775700935,"Increase",62,84,62
"10_TPoI","tableA5_price_support_distribution_information","T1",68,0.0373831775700935,"Increase",74,97,74
"10_TPoI","tableA5_price_support_distribution_information","T1",68,0.0373831775700935,"Increase",91,118,91
"10_TPoI","tableA5_price_support_distribution_information","T1",68,0.0373831775700935,"Increase",93,122,93
"10_TPoI","tableA5_price_support_distribution_information","T1",68,0.0373831775700935,"Increase",100,131,100
"10_TPoI","tableA5_price_support_distribution_information","T1",68,0.0373831775700935,"Increase",104,137,104
"10_TPoI","tableA5_price_support_distribution_information","T1",68,0.0373831775700935,"Increase",114,148,114
"10_TPoI","tableA5_price_support_distribution_information","T1",68,0.0373831775700935,"Increase",119,153,119
"10_TPoI","tableA5_price_support_distribution_information","T1",68,0.0373831775700935,"Increase",123,158,123
"10_TPoI","tableA5_price_support_distribution_information","T1",68,0.0373831775700935,"Increase",166,216,166
"10_TPoI","tableA5_price_support_distribution_information","T1",68,0.0373831775700935,"Increase",169,221,169
"10_TPoI","tableA5_price_support_distribution_information","T1",68,0.0373831775700935,"Increase",183,236,183
"10_TPoI","tableA5_price_support_distribution_information","T1",68,0.0373831775700935,"Increase",216,274,216
"10_TPoI","tableA5_price_support_distribution_information","T1",68,0.0373831775700935,"Increase",218,276,218
"10_TPoI","tableA5_price_support_distribution_information","T1",68,0.0373831775700935,"Increase",220,278,220
"10_TPoI","tableA5_price_support_distribution_information","T1",68,0.0373831775700935,"Increase",224,284,224
"10_TPoI","tableA5_price_support_distribution_information","T1",68,0.0373831775700935,"Increase",226,286,226
"10_TPoI","tableA5_price_support_distribution_information","T1",68,0.0373831775700935,"Increase",227,287,227
"10_TPoI","tableA5_price_support_distribution_information","T1",68,0.0373831775700935,"Increase",239,300,239
"10_TPoI","tableA5_price_support_distribution_information","T1",68,0.0373831775700935,"Increase",245,309,245
"10_TPoI","tableA5_price_support_distribution_information","T1",68,0.0373831775700935,"Increase",269,344,269
"10_TPoI","tableA5_price_support_distribution_information","T1",68,0.0373831775700935,"Increase",283,361,283
"10_TPoI","tableA5_price_support_distribution_information","T1",68,0.0373831775700935,"Increase",290,370,290
"10_TPoI","tableA5_price_support_distribution_information","T1",68,0.0373831775700935,"Increase",292,372,292
"10_TPoI","tableA5_price_support_distribution_information","T1",68,0.0373831775700935,"Increase",309,396,309
"10_TPoI","tableA5_price_support_distribution_information","T1",68,0.0373831775700935,"Increase",336,432,336
"10_TPoI","tableA5_price_support_distribution_information","T1",68,0.0373831775700935,"Increase",337,433,337
"10_TPoI","tableA5_price_support_distribution_information","T1",68,0.0373831775700935,"Increase",357,459,357
"10_TPoI","tableA5_price_support_distribution_information","T1",68,0.0373831775700935,"Increase",385,495,385
"10_TPoI","tableA5_price_support_distribution_information","T1",68,0.0373831775700935,"Increase",412,531,412
"10_TPoI","tableA5_price_support_distribution_information","T1",68,0.0373831775700935,"Increase",414,533,414
"10_TPoI","tableA5_price_support_distribution_information","T1",68,0.0373831775700935,"Increase",419,539,419
"10_TPoI","tableA5_price_support_distribution_information","T1",68,0.0373831775700935,"Increase",423,543,423
"10_TPoI","tableA5_price_support_distribution_information","T1",68,0.0373831775700935,"Increase",433,555,433
"10_TPoI","tableA5_price_support_distribution_information","T1",68,0.0373831775700935,"Increase",442,565,442
"10_TPoI","tableA5_price_support_distribution_information","T1",68,0.0373831775700935,"Increase",450,578,450
"10_TPoI","tableA5_price_support_distribution_information","T1",68,0.0373831775700935,"Increase",463,597,463
"10_TPoI","tableA5_price_support_distribution_information","T1",68,0.0373831775700935,"Increase",464,598,464
"10_TPoI","tableA5_price_support_distribution_information","T1",68,0.0373831775700935,"Increase",467,601,467
"10_TPoI","tableA5_price_support_distribution_information","T1",68,0.0373831775700935,"Increase",497,640,497
"10_TPoI","tableA5_price_support_distribution_information","T1",68,0.0373831775700935,"Increase",504,648,504
"10_TPoI","tableA5_price_support_distribution_information","T1",68,0.0373831775700935,"Increase",521,670,521
"10_TPoI","tableA5_price_support_distribution_information","T1",68,0.0373831775700935,"Increase",567,735,567
"10_TPoI","tableA5_price_support_distribution_information","T1",68,0.0373831775700935,"Increase",569,737,569
"10_TPoI","tableA5_price_support_distribution_information","T1",68,0.0373831775700935,"Increase",589,767,589
"10_TPoI","tableA5_price_support_distribution_information","T1",68,0.0373831775700935,"Increase",590,768,590
"10_TPoI","tableA5_price_support_distribution_information","T1",68,0.0373831775700935,"Increase",597,777,597
"10_TPoI","tableA5_price_support_distribution_information","T1",68,0.0373831775700935,"Increase",604,787,604
"10_TPoI","tableA5_price_support_distribution_information","T1",68,0.0373831775700935,"Increase",613,796,613
"10_TPoI","tableA5_price_support_distribution_information","T1",68,0.0373831775700935,"Increase",627,814,627
"10_TPoI","tableA5_price_support_distribution_information","T1",68,0.0373831775700935,"Increase",633,821,633
"10_TPoI","tableA5_price_support_distribution_information","T1",68,0.0373831775700935,"Increase",662,856,662
"10_TPoI","tableA5_price_support_distribution_information","T1",68,0.0373831775700935,"Increase",669,864,669
"10_TPoI","tableA5_price_support_distribution_information","T1",68,0.0373831775700935,"Increase",672,867,672
"10_TPoI","tableA5_price_support_distribution_information","T1",68,0.0373831775700935,"Increase",673,868,673
"10_TPoI","tableA5_price_support_distribution_information","T1",68,0.0373831775700935,"Increase",684,881,684
"10_TPoI","tableA5_price_support_distribution_information","T1",68,0.0373831775700935,"Increase",685,882,685
"10_TPoI","tableA5_price_support_distribution_information","T1",68,0.0373831775700935,"Increase",691,889,691
"10_TPoI","tableA5_price_support_distribution_information","T1",68,0.0373831775700935,"Increase",700,902,700
"10_TPoI","tableA5_price_support_distribution_information","T1",68,0.0373831775700935,"Increase",732,939,732
"10_TPoI","tableA5_price_support_distribution_information","T1",68,0.0373831775700935,"Increase",759,973,759
"10_TPoI","tableA5_price_support_distribution_information","T1",68,0.0373831775700935,"Increase",763,978,763
"10_TPoI","tableA5_price_support_distribution_information","T1",69,0.0379329301814184,"Increase",4,6,4
"10_TPoI","tableA5_price_support_distribution_information","T1",69,0.0379329301814184,"Increase",7,10,7
"10_TPoI","tableA5_price_support_distribution_information","T1",69,0.0379329301814184,"Increase",18,27,18
"10_TPoI","tableA5_price_support_distribution_information","T1",69,0.0379329301814184,"Increase",45,60,45
"10_TPoI","tableA5_price_support_distribution_information","T1",69,0.0379329301814184,"Increase",49,66,49
"10_TPoI","tableA5_price_support_distribution_information","T1",69,0.0379329301814184,"Increase",59,79,59
"10_TPoI","tableA5_price_support_distribution_information","T1",69,0.0379329301814184,"Increase",62,84,62
"10_TPoI","tableA5_price_support_distribution_information","T1",69,0.0379329301814184,"Increase",74,97,74
"10_TPoI","tableA5_price_support_distribution_information","T1",69,0.0379329301814184,"Increase",91,118,91
"10_TPoI","tableA5_price_support_distribution_information","T1",69,0.0379329301814184,"Increase",93,122,93
"10_TPoI","tableA5_price_support_distribution_information","T1",69,0.0379329301814184,"Increase",100,131,100
"10_TPoI","tableA5_price_support_distribution_information","T1",69,0.0379329301814184,"Increase",104,137,104
"10_TPoI","tableA5_price_support_distribution_information","T1",69,0.0379329301814184,"Increase",114,148,114
"10_TPoI","tableA5_price_support_distribution_information","T1",69,0.0379329301814184,"Increase",119,153,119
"10_TPoI","tableA5_price_support_distribution_information","T1",69,0.0379329301814184,"Increase",123,158,123
"10_TPoI","tableA5_price_support_distribution_information","T1",69,0.0379329301814184,"Increase",166,216,166
"10_TPoI","tableA5_price_support_distribution_information","T1",69,0.0379329301814184,"Increase",169,221,169
"10_TPoI","tableA5_price_support_distribution_information","T1",69,0.0379329301814184,"Increase",183,236,183
"10_TPoI","tableA5_price_support_distribution_information","T1",69,0.0379329301814184,"Increase",216,274,216
"10_TPoI","tableA5_price_support_distribution_information","T1",69,0.0379329301814184,"Increase",218,276,218
"10_TPoI","tableA5_price_support_distribution_information","T1",69,0.0379329301814184,"Increase",220,278,220
"10_TPoI","tableA5_price_support_distribution_information","T1",69,0.0379329301814184,"Increase",224,284,224
"10_TPoI","tableA5_price_support_distribution_information","T1",69,0.0379329301814184,"Increase",226,286,226
"10_TPoI","tableA5_price_support_distribution_information","T1",69,0.0379329301814184,"Increase",227,287,227
"10_TPoI","tableA5_price_support_distribution_information","T1",69,0.0379329301814184,"Increase",239,300,239
"10_TPoI","tableA5_price_support_distribution_information","T1",69,0.0379329301814184,"Increase",245,309,245
"10_TPoI","tableA5_price_support_distribution_information","T1",69,0.0379329301814184,"Increase",269,344,269
"10_TPoI","tableA5_price_support_distribution_information","T1",69,0.0379329301814184,"Increase",283,361,283
"10_TPoI","tableA5_price_support_distribution_information","T1",69,0.0379329301814184,"Increase",290,370,290
"10_TPoI","tableA5_price_support_distribution_information","T1",69,0.0379329301814184,"Increase",292,372,292
"10_TPoI","tableA5_price_support_distribution_information","T1",69,0.0379329301814184,"Increase",309,396,309
"10_TPoI","tableA5_price_support_distribution_information","T1",69,0.0379329301814184,"Increase",336,432,336
"10_TPoI","tableA5_price_support_distribution_information","T1",69,0.0379329301814184,"Increase",337,433,337
"10_TPoI","tableA5_price_support_distribution_information","T1",69,0.0379329301814184,"Increase",357,459,357
"10_TPoI","tableA5_price_support_distribution_information","T1",69,0.0379329301814184,"Increase",385,495,385
"10_TPoI","tableA5_price_support_distribution_information","T1",69,0.0379329301814184,"Increase",412,531,412
"10_TPoI","tableA5_price_support_distribution_information","T1",69,0.0379329301814184,"Increase",414,533,414
"10_TPoI","tableA5_price_support_distribution_information","T1",69,0.0379329301814184,"Increase",419,539,419
"10_TPoI","tableA5_price_support_distribution_information","T1",69,0.0379329301814184,"Increase",423,543,423
"10_TPoI","tableA5_price_support_distribution_information","T1",69,0.0379329301814184,"Increase",433,555,433
"10_TPoI","tableA5_price_support_distribution_information","T1",69,0.0379329301814184,"Increase",442,565,442
"10_TPoI","tableA5_price_support_distribution_information","T1",69,0.0379329301814184,"Increase",450,578,450
"10_TPoI","tableA5_price_support_distribution_information","T1",69,0.0379329301814184,"Increase",463,597,463
"10_TPoI","tableA5_price_support_distribution_information","T1",69,0.0379329301814184,"Increase",464,598,464
"10_TPoI","tableA5_price_support_distribution_information","T1",69,0.0379329301814184,"Increase",467,601,467
"10_TPoI","tableA5_price_support_distribution_information","T1",69,0.0379329301814184,"Increase",497,640,497
"10_TPoI","tableA5_price_support_distribution_information","T1",69,0.0379329301814184,"Increase",504,648,504
"10_TPoI","tableA5_price_support_distribution_information","T1",69,0.0379329301814184,"Increase",521,670,521
"10_TPoI","tableA5_price_support_distribution_information","T1",69,0.0379329301814184,"Increase",567,735,567
"10_TPoI","tableA5_price_support_distribution_information","T1",69,0.0379329301814184,"Increase",569,737,569
"10_TPoI","tableA5_price_support_distribution_information","T1",69,0.0379329301814184,"Increase",589,767,589
"10_TPoI","tableA5_price_support_distribution_information","T1",69,0.0379329301814184,"Increase",590,768,590
"10_TPoI","tableA5_price_support_distribution_information","T1",69,0.0379329301814184,"Increase",597,777,597
"10_TPoI","tableA5_price_support_distribution_information","T1",69,0.0379329301814184,"Increase",604,787,604
"10_TPoI","tableA5_price_support_distribution_information","T1",69,0.0379329301814184,"Increase",613,796,613
"10_TPoI","tableA5_price_support_distribution_information","T1",69,0.0379329301814184,"Increase",627,814,627
"10_TPoI","tableA5_price_support_distribution_information","T1",69,0.0379329301814184,"Increase",633,821,633
"10_TPoI","tableA5_price_support_distribution_information","T1",69,0.0379329301814184,"Increase",662,856,662
"10_TPoI","tableA5_price_support_distribution_information","T1",69,0.0379329301814184,"Increase",669,864,669
"10_TPoI","tableA5_price_support_distribution_information","T1",69,0.0379329301814184,"Increase",672,867,672
"10_TPoI","tableA5_price_support_distribution_information","T1",69,0.0379329301814184,"Increase",673,868,673
"10_TPoI","tableA5_price_support_distribution_information","T1",69,0.0379329301814184,"Increase",684,881,684
"10_TPoI","tableA5_price_support_distribution_information","T1",69,0.0379329301814184,"Increase",685,882,685
"10_TPoI","tableA5_price_support_distribution_information","T1",69,0.0379329301814184,"Increase",691,889,691
"10_TPoI","tableA5_price_support_distribution_information","T1",69,0.0379329301814184,"Increase",700,902,700
"10_TPoI","tableA5_price_support_distribution_information","T1",69,0.0379329301814184,"Increase",732,939,732
"10_TPoI","tableA5_price_support_distribution_information","T1",69,0.0379329301814184,"Increase",759,973,759
"10_TPoI","tableA5_price_support_distribution_information","T1",69,0.0379329301814184,"Increase",763,978,763
"10_TPoI","tableA5_price_support_distribution_information","T1",69,0.0379329301814184,"Increase",784,1007,784
"10_TPoI","tableA5_price_support_distribution_information","T1",70,0.0384826827927433,"Increase",4,6,4
"10_TPoI","tableA5_price_support_distribution_information","T1",70,0.0384826827927433,"Increase",7,10,7
"10_TPoI","tableA5_price_support_distribution_information","T1",70,0.0384826827927433,"Increase",18,27,18
"10_TPoI","tableA5_price_support_distribution_information","T1",70,0.0384826827927433,"Increase",45,60,45
"10_TPoI","tableA5_price_support_distribution_information","T1",70,0.0384826827927433,"Increase",49,66,49
"10_TPoI","tableA5_price_support_distribution_information","T1",70,0.0384826827927433,"Increase",59,79,59
"10_TPoI","tableA5_price_support_distribution_information","T1",70,0.0384826827927433,"Increase",62,84,62
"10_TPoI","tableA5_price_support_distribution_information","T1",70,0.0384826827927433,"Increase",74,97,74
"10_TPoI","tableA5_price_support_distribution_information","T1",70,0.0384826827927433,"Increase",91,118,91
"10_TPoI","tableA5_price_support_distribution_information","T1",70,0.0384826827927433,"Increase",93,122,93
"10_TPoI","tableA5_price_support_distribution_information","T1",70,0.0384826827927433,"Increase",100,131,100
"10_TPoI","tableA5_price_support_distribution_information","T1",70,0.0384826827927433,"Increase",104,137,104
"10_TPoI","tableA5_price_support_distribution_information","T1",70,0.0384826827927433,"Increase",114,148,114
"10_TPoI","tableA5_price_support_distribution_information","T1",70,0.0384826827927433,"Increase",119,153,119
"10_TPoI","tableA5_price_support_distribution_information","T1",70,0.0384826827927433,"Increase",123,158,123
"10_TPoI","tableA5_price_support_distribution_information","T1",70,0.0384826827927433,"Increase",166,216,166
"10_TPoI","tableA5_price_support_distribution_information","T1",70,0.0384826827927433,"Increase",169,221,169
"10_TPoI","tableA5_price_support_distribution_information","T1",70,0.0384826827927433,"Increase",183,236,183
"10_TPoI","tableA5_price_support_distribution_information","T1",70,0.0384826827927433,"Increase",216,274,216
"10_TPoI","tableA5_price_support_distribution_information","T1",70,0.0384826827927433,"Increase",218,276,218
"10_TPoI","tableA5_price_support_distribution_information","T1",70,0.0384826827927433,"Increase",220,278,220
"10_TPoI","tableA5_price_support_distribution_information","T1",70,0.0384826827927433,"Increase",224,284,224
"10_TPoI","tableA5_price_support_distribution_information","T1",70,0.0384826827927433,"Increase",226,286,226
"10_TPoI","tableA5_price_support_distribution_information","T1",70,0.0384826827927433,"Increase",227,287,227
"10_TPoI","tableA5_price_support_distribution_information","T1",70,0.0384826827927433,"Increase",239,300,239
"10_TPoI","tableA5_price_support_distribution_information","T1",70,0.0384826827927433,"Increase",245,309,245
"10_TPoI","tableA5_price_support_distribution_information","T1",70,0.0384826827927433,"Increase",269,344,269
"10_TPoI","tableA5_price_support_distribution_information","T1",70,0.0384826827927433,"Increase",283,361,283
"10_TPoI","tableA5_price_support_distribution_information","T1",70,0.0384826827927433,"Increase",290,370,290
"10_TPoI","tableA5_price_support_distribution_information","T1",70,0.0384826827927433,"Increase",292,372,292
"10_TPoI","tableA5_price_support_distribution_information","T1",70,0.0384826827927433,"Increase",309,396,309
"10_TPoI","tableA5_price_support_distribution_information","T1",70,0.0384826827927433,"Increase",336,432,336
"10_TPoI","tableA5_price_support_distribution_information","T1",70,0.0384826827927433,"Increase",337,433,337
"10_TPoI","tableA5_price_support_distribution_information","T1",70,0.0384826827927433,"Increase",357,459,357
"10_TPoI","tableA5_price_support_distribution_information","T1",70,0.0384826827927433,"Increase",385,495,385
"10_TPoI","tableA5_price_support_distribution_information","T1",70,0.0384826827927433,"Increase",412,531,412
"10_TPoI","tableA5_price_support_distribution_information","T1",70,0.0384826827927433,"Increase",414,533,414
"10_TPoI","tableA5_price_support_distribution_information","T1",70,0.0384826827927433,"Increase",419,539,419
"10_TPoI","tableA5_price_support_distribution_information","T1",70,0.0384826827927433,"Increase",423,543,423
"10_TPoI","tableA5_price_support_distribution_information","T1",70,0.0384826827927433,"Increase",433,555,433
"10_TPoI","tableA5_price_support_distribution_information","T1",70,0.0384826827927433,"Increase",442,565,442
"10_TPoI","tableA5_price_support_distribution_information","T1",70,0.0384826827927433,"Increase",450,578,450
"10_TPoI","tableA5_price_support_distribution_information","T1",70,0.0384826827927433,"Increase",463,597,463
"10_TPoI","tableA5_price_support_distribution_information","T1",70,0.0384826827927433,"Increase",464,598,464
"10_TPoI","tableA5_price_support_distribution_information","T1",70,0.0384826827927433,"Increase",467,601,467
"10_TPoI","tableA5_price_support_distribution_information","T1",70,0.0384826827927433,"Increase",497,640,497
"10_TPoI","tableA5_price_support_distribution_information","T1",70,0.0384826827927433,"Increase",504,648,504
"10_TPoI","tableA5_price_support_distribution_information","T1",70,0.0384826827927433,"Increase",521,670,521
"10_TPoI","tableA5_price_support_distribution_information","T1",70,0.0384826827927433,"Increase",567,735,567
"10_TPoI","tableA5_price_support_distribution_information","T1",70,0.0384826827927433,"Increase",569,737,569
"10_TPoI","tableA5_price_support_distribution_information","T1",70,0.0384826827927433,"Increase",589,767,589
"10_TPoI","tableA5_price_support_distribution_information","T1",70,0.0384826827927433,"Increase",590,768,590
"10_TPoI","tableA5_price_support_distribution_information","T1",70,0.0384826827927433,"Increase",597,777,597
"10_TPoI","tableA5_price_support_distribution_information","T1",70,0.0384826827927433,"Increase",604,787,604
"10_TPoI","tableA5_price_support_distribution_information","T1",70,0.0384826827927433,"Increase",613,796,613
"10_TPoI","tableA5_price_support_distribution_information","T1",70,0.0384826827927433,"Increase",627,814,627
"10_TPoI","tableA5_price_support_distribution_information","T1",70,0.0384826827927433,"Increase",633,821,633
"10_TPoI","tableA5_price_support_distribution_information","T1",70,0.0384826827927433,"Increase",662,856,662
"10_TPoI","tableA5_price_support_distribution_information","T1",70,0.0384826827927433,"Increase",669,864,669
"10_TPoI","tableA5_price_support_distribution_information","T1",70,0.0384826827927433,"Increase",672,867,672
"10_TPoI","tableA5_price_support_distribution_information","T1",70,0.0384826827927433,"Increase",673,868,673
"10_TPoI","tableA5_price_support_distribution_information","T1",70,0.0384826827927433,"Increase",684,881,684
"10_TPoI","tableA5_price_support_distribution_information","T1",70,0.0384826827927433,"Increase",685,882,685
"10_TPoI","tableA5_price_support_distribution_information","T1",70,0.0384826827927433,"Increase",691,889,691
"10_TPoI","tableA5_price_support_distribution_information","T1",70,0.0384826827927433,"Increase",700,902,700
"10_TPoI","tableA5_price_support_distribution_information","T1",70,0.0384826827927433,"Increase",732,939,732
"10_TPoI","tableA5_price_support_distribution_information","T1",70,0.0384826827927433,"Increase",759,973,759
"10_TPoI","tableA5_price_support_distribution_information","T1",70,0.0384826827927433,"Increase",763,978,763
"10_TPoI","tableA5_price_support_distribution_information","T1",70,0.0384826827927433,"Increase",784,1007,784
"10_TPoI","tableA5_price_support_distribution_information","T1",70,0.0384826827927433,"Increase",816,1044,816
"10_TPoI","tableA5_price_support_distribution_information","T1",71,0.0390324354040682,"Increase",4,6,4
"10_TPoI","tableA5_price_support_distribution_information","T1",71,0.0390324354040682,"Increase",7,10,7
"10_TPoI","tableA5_price_support_distribution_information","T1",71,0.0390324354040682,"Increase",18,27,18
"10_TPoI","tableA5_price_support_distribution_information","T1",71,0.0390324354040682,"Increase",45,60,45
"10_TPoI","tableA5_price_support_distribution_information","T1",71,0.0390324354040682,"Increase",49,66,49
"10_TPoI","tableA5_price_support_distribution_information","T1",71,0.0390324354040682,"Increase",59,79,59
"10_TPoI","tableA5_price_support_distribution_information","T1",71,0.0390324354040682,"Increase",62,84,62
"10_TPoI","tableA5_price_support_distribution_information","T1",71,0.0390324354040682,"Increase",74,97,74
"10_TPoI","tableA5_price_support_distribution_information","T1",71,0.0390324354040682,"Increase",91,118,91
"10_TPoI","tableA5_price_support_distribution_information","T1",71,0.0390324354040682,"Increase",93,122,93
"10_TPoI","tableA5_price_support_distribution_information","T1",71,0.0390324354040682,"Increase",100,131,100
"10_TPoI","tableA5_price_support_distribution_information","T1",71,0.0390324354040682,"Increase",104,137,104
"10_TPoI","tableA5_price_support_distribution_information","T1",71,0.0390324354040682,"Increase",114,148,114
"10_TPoI","tableA5_price_support_distribution_information","T1",71,0.0390324354040682,"Increase",119,153,119
"10_TPoI","tableA5_price_support_distribution_information","T1",71,0.0390324354040682,"Increase",123,158,123
"10_TPoI","tableA5_price_support_distribution_information","T1",71,0.0390324354040682,"Increase",166,216,166
"10_TPoI","tableA5_price_support_distribution_information","T1",71,0.0390324354040682,"Increase",169,221,169
"10_TPoI","tableA5_price_support_distribution_information","T1",71,0.0390324354040682,"Increase",183,236,183
"10_TPoI","tableA5_price_support_distribution_information","T1",71,0.0390324354040682,"Increase",216,274,216
"10_TPoI","tableA5_price_support_distribution_information","T1",71,0.0390324354040682,"Increase",218,276,218
"10_TPoI","tableA5_price_support_distribution_information","T1",71,0.0390324354040682,"Increase",220,278,220
"10_TPoI","tableA5_price_support_distribution_information","T1",71,0.0390324354040682,"Increase",224,284,224
"10_TPoI","tableA5_price_support_distribution_information","T1",71,0.0390324354040682,"Increase",226,286,226
"10_TPoI","tableA5_price_support_distribution_information","T1",71,0.0390324354040682,"Increase",227,287,227
"10_TPoI","tableA5_price_support_distribution_information","T1",71,0.0390324354040682,"Increase",239,300,239
"10_TPoI","tableA5_price_support_distribution_information","T1",71,0.0390324354040682,"Increase",245,309,245
"10_TPoI","tableA5_price_support_distribution_information","T1",71,0.0390324354040682,"Increase",269,344,269
"10_TPoI","tableA5_price_support_distribution_information","T1",71,0.0390324354040682,"Increase",283,361,283
"10_TPoI","tableA5_price_support_distribution_information","T1",71,0.0390324354040682,"Increase",290,370,290
"10_TPoI","tableA5_price_support_distribution_information","T1",71,0.0390324354040682,"Increase",292,372,292
"10_TPoI","tableA5_price_support_distribution_information","T1",71,0.0390324354040682,"Increase",309,396,309
"10_TPoI","tableA5_price_support_distribution_information","T1",71,0.0390324354040682,"Increase",336,432,336
"10_TPoI","tableA5_price_support_distribution_information","T1",71,0.0390324354040682,"Increase",337,433,337
"10_TPoI","tableA5_price_support_distribution_information","T1",71,0.0390324354040682,"Increase",357,459,357
"10_TPoI","tableA5_price_support_distribution_information","T1",71,0.0390324354040682,"Increase",385,495,385
"10_TPoI","tableA5_price_support_distribution_information","T1",71,0.0390324354040682,"Increase",412,531,412
"10_TPoI","tableA5_price_support_distribution_information","T1",71,0.0390324354040682,"Increase",414,533,414
"10_TPoI","tableA5_price_support_distribution_information","T1",71,0.0390324354040682,"Increase",419,539,419
"10_TPoI","tableA5_price_support_distribution_information","T1",71,0.0390324354040682,"Increase",423,543,423
"10_TPoI","tableA5_price_support_distribution_information","T1",71,0.0390324354040682,"Increase",433,555,433
"10_TPoI","tableA5_price_support_distribution_information","T1",71,0.0390324354040682,"Increase",442,565,442
"10_TPoI","tableA5_price_support_distribution_information","T1",71,0.0390324354040682,"Increase",450,578,450
"10_TPoI","tableA5_price_support_distribution_information","T1",71,0.0390324354040682,"Increase",463,597,463
"10_TPoI","tableA5_price_support_distribution_information","T1",71,0.0390324354040682,"Increase",464,598,464
"10_TPoI","tableA5_price_support_distribution_information","T1",71,0.0390324354040682,"Increase",467,601,467
"10_TPoI","tableA5_price_support_distribution_information","T1",71,0.0390324354040682,"Increase",497,640,497
"10_TPoI","tableA5_price_support_distribution_information","T1",71,0.0390324354040682,"Increase",504,648,504
"10_TPoI","tableA5_price_support_distribution_information","T1",71,0.0390324354040682,"Increase",521,670,521
"10_TPoI","tableA5_price_support_distribution_information","T1",71,0.0390324354040682,"Increase",567,735,567
"10_TPoI","tableA5_price_support_distribution_information","T1",71,0.0390324354040682,"Increase",569,737,569
"10_TPoI","tableA5_price_support_distribution_information","T1",71,0.0390324354040682,"Increase",589,767,589
"10_TPoI","tableA5_price_support_distribution_information","T1",71,0.0390324354040682,"Increase",590,768,590
"10_TPoI","tableA5_price_support_distribution_information","T1",71,0.0390324354040682,"Increase",597,777,597
"10_TPoI","tableA5_price_support_distribution_information","T1",71,0.0390324354040682,"Increase",604,787,604
"10_TPoI","tableA5_price_support_distribution_information","T1",71,0.0390324354040682,"Increase",613,796,613
"10_TPoI","tableA5_price_support_distribution_information","T1",71,0.0390324354040682,"Increase",627,814,627
"10_TPoI","tableA5_price_support_distribution_information","T1",71,0.0390324354040682,"Increase",633,821,633
"10_TPoI","tableA5_price_support_distribution_information","T1",71,0.0390324354040682,"Increase",662,856,662
"10_TPoI","tableA5_price_support_distribution_information","T1",71,0.0390324354040682,"Increase",669,864,669
"10_TPoI","tableA5_price_support_distribution_information","T1",71,0.0390324354040682,"Increase",672,867,672
"10_TPoI","tableA5_price_support_distribution_information","T1",71,0.0390324354040682,"Increase",673,868,673
"10_TPoI","tableA5_price_support_distribution_information","T1",71,0.0390324354040682,"Increase",684,881,684
"10_TPoI","tableA5_price_support_distribution_information","T1",71,0.0390324354040682,"Increase",685,882,685
"10_TPoI","tableA5_price_support_distribution_information","T1",71,0.0390324354040682,"Increase",691,889,691
"10_TPoI","tableA5_price_support_distribution_information","T1",71,0.0390324354040682,"Increase",700,902,700
"10_TPoI","tableA5_price_support_distribution_information","T1",71,0.0390324354040682,"Increase",732,939,732
"10_TPoI","tableA5_price_support_distribution_information","T1",71,0.0390324354040682,"Increase",759,973,759
"10_TPoI","tableA5_price_support_distribution_information","T1",71,0.0390324354040682,"Increase",763,978,763
"10_TPoI","tableA5_price_support_distribution_information","T1",71,0.0390324354040682,"Increase",784,1007,784
"10_TPoI","tableA5_price_support_distribution_information","T1",71,0.0390324354040682,"Increase",816,1044,816
"10_TPoI","tableA5_price_support_distribution_information","T1",71,0.0390324354040682,"Increase",829,1061,829
"10_TPoI","tableA5_price_support_distribution_information","T1",72,0.0395821880153931,"Increase",4,6,4
"10_TPoI","tableA5_price_support_distribution_information","T1",72,0.0395821880153931,"Increase",7,10,7
"10_TPoI","tableA5_price_support_distribution_information","T1",72,0.0395821880153931,"Increase",18,27,18
"10_TPoI","tableA5_price_support_distribution_information","T1",72,0.0395821880153931,"Increase",45,60,45
"10_TPoI","tableA5_price_support_distribution_information","T1",72,0.0395821880153931,"Increase",49,66,49
"10_TPoI","tableA5_price_support_distribution_information","T1",72,0.0395821880153931,"Increase",59,79,59
"10_TPoI","tableA5_price_support_distribution_information","T1",72,0.0395821880153931,"Increase",62,84,62
"10_TPoI","tableA5_price_support_distribution_information","T1",72,0.0395821880153931,"Increase",74,97,74
"10_TPoI","tableA5_price_support_distribution_information","T1",72,0.0395821880153931,"Increase",91,118,91
"10_TPoI","tableA5_price_support_distribution_information","T1",72,0.0395821880153931,"Increase",93,122,93
"10_TPoI","tableA5_price_support_distribution_information","T1",72,0.0395821880153931,"Increase",100,131,100
"10_TPoI","tableA5_price_support_distribution_information","T1",72,0.0395821880153931,"Increase",104,137,104
"10_TPoI","tableA5_price_support_distribution_information","T1",72,0.0395821880153931,"Increase",114,148,114
"10_TPoI","tableA5_price_support_distribution_information","T1",72,0.0395821880153931,"Increase",119,153,119
"10_TPoI","tableA5_price_support_distribution_information","T1",72,0.0395821880153931,"Increase",123,158,123
"10_TPoI","tableA5_price_support_distribution_information","T1",72,0.0395821880153931,"Increase",166,216,166
"10_TPoI","tableA5_price_support_distribution_information","T1",72,0.0395821880153931,"Increase",169,221,169
"10_TPoI","tableA5_price_support_distribution_information","T1",72,0.0395821880153931,"Increase",183,236,183
"10_TPoI","tableA5_price_support_distribution_information","T1",72,0.0395821880153931,"Increase",216,274,216
"10_TPoI","tableA5_price_support_distribution_information","T1",72,0.0395821880153931,"Increase",218,276,218
"10_TPoI","tableA5_price_support_distribution_information","T1",72,0.0395821880153931,"Increase",220,278,220
"10_TPoI","tableA5_price_support_distribution_information","T1",72,0.0395821880153931,"Increase",224,284,224
"10_TPoI","tableA5_price_support_distribution_information","T1",72,0.0395821880153931,"Increase",226,286,226
"10_TPoI","tableA5_price_support_distribution_information","T1",72,0.0395821880153931,"Increase",227,287,227
"10_TPoI","tableA5_price_support_distribution_information","T1",72,0.0395821880153931,"Increase",239,300,239
"10_TPoI","tableA5_price_support_distribution_information","T1",72,0.0395821880153931,"Increase",245,309,245
"10_TPoI","tableA5_price_support_distribution_information","T1",72,0.0395821880153931,"Increase",269,344,269
"10_TPoI","tableA5_price_support_distribution_information","T1",72,0.0395821880153931,"Increase",283,361,283
"10_TPoI","tableA5_price_support_distribution_information","T1",72,0.0395821880153931,"Increase",290,370,290
"10_TPoI","tableA5_price_support_distribution_information","T1",72,0.0395821880153931,"Increase",292,372,292
"10_TPoI","tableA5_price_support_distribution_information","T1",72,0.0395821880153931,"Increase",309,396,309
"10_TPoI","tableA5_price_support_distribution_information","T1",72,0.0395821880153931,"Increase",336,432,336
"10_TPoI","tableA5_price_support_distribution_information","T1",72,0.0395821880153931,"Increase",337,433,337
"10_TPoI","tableA5_price_support_distribution_information","T1",72,0.0395821880153931,"Increase",357,459,357
"10_TPoI","tableA5_price_support_distribution_information","T1",72,0.0395821880153931,"Increase",385,495,385
"10_TPoI","tableA5_price_support_distribution_information","T1",72,0.0395821880153931,"Increase",412,531,412
"10_TPoI","tableA5_price_support_distribution_information","T1",72,0.0395821880153931,"Increase",414,533,414
"10_TPoI","tableA5_price_support_distribution_information","T1",72,0.0395821880153931,"Increase",419,539,419
"10_TPoI","tableA5_price_support_distribution_information","T1",72,0.0395821880153931,"Increase",423,543,423
"10_TPoI","tableA5_price_support_distribution_information","T1",72,0.0395821880153931,"Increase",433,555,433
"10_TPoI","tableA5_price_support_distribution_information","T1",72,0.0395821880153931,"Increase",442,565,442
"10_TPoI","tableA5_price_support_distribution_information","T1",72,0.0395821880153931,"Increase",450,578,450
"10_TPoI","tableA5_price_support_distribution_information","T1",72,0.0395821880153931,"Increase",463,597,463
"10_TPoI","tableA5_price_support_distribution_information","T1",72,0.0395821880153931,"Increase",464,598,464
"10_TPoI","tableA5_price_support_distribution_information","T1",72,0.0395821880153931,"Increase",467,601,467
"10_TPoI","tableA5_price_support_distribution_information","T1",72,0.0395821880153931,"Increase",497,640,497
"10_TPoI","tableA5_price_support_distribution_information","T1",72,0.0395821880153931,"Increase",504,648,504
"10_TPoI","tableA5_price_support_distribution_information","T1",72,0.0395821880153931,"Increase",521,670,521
"10_TPoI","tableA5_price_support_distribution_information","T1",72,0.0395821880153931,"Increase",567,735,567
"10_TPoI","tableA5_price_support_distribution_information","T1",72,0.0395821880153931,"Increase",569,737,569
"10_TPoI","tableA5_price_support_distribution_information","T1",72,0.0395821880153931,"Increase",589,767,589
"10_TPoI","tableA5_price_support_distribution_information","T1",72,0.0395821880153931,"Increase",590,768,590
"10_TPoI","tableA5_price_support_distribution_information","T1",72,0.0395821880153931,"Increase",597,777,597
"10_TPoI","tableA5_price_support_distribution_information","T1",72,0.0395821880153931,"Increase",604,787,604
"10_TPoI","tableA5_price_support_distribution_information","T1",72,0.0395821880153931,"Increase",613,796,613
"10_TPoI","tableA5_price_support_distribution_information","T1",72,0.0395821880153931,"Increase",627,814,627
"10_TPoI","tableA5_price_support_distribution_information","T1",72,0.0395821880153931,"Increase",633,821,633
"10_TPoI","tableA5_price_support_distribution_information","T1",72,0.0395821880153931,"Increase",662,856,662
"10_TPoI","tableA5_price_support_distribution_information","T1",72,0.0395821880153931,"Increase",669,864,669
"10_TPoI","tableA5_price_support_distribution_information","T1",72,0.0395821880153931,"Increase",672,867,672
"10_TPoI","tableA5_price_support_distribution_information","T1",72,0.0395821880153931,"Increase",673,868,673
"10_TPoI","tableA5_price_support_distribution_information","T1",72,0.0395821880153931,"Increase",684,881,684
"10_TPoI","tableA5_price_support_distribution_information","T1",72,0.0395821880153931,"Increase",685,882,685
"10_TPoI","tableA5_price_support_distribution_information","T1",72,0.0395821880153931,"Increase",691,889,691
"10_TPoI","tableA5_price_support_distribution_information","T1",72,0.0395821880153931,"Increase",700,902,700
"10_TPoI","tableA5_price_support_distribution_information","T1",72,0.0395821880153931,"Increase",732,939,732
"10_TPoI","tableA5_price_support_distribution_information","T1",72,0.0395821880153931,"Increase",759,973,759
"10_TPoI","tableA5_price_support_distribution_information","T1",72,0.0395821880153931,"Increase",763,978,763
"10_TPoI","tableA5_price_support_distribution_information","T1",72,0.0395821880153931,"Increase",784,1007,784
"10_TPoI","tableA5_price_support_distribution_information","T1",72,0.0395821880153931,"Increase",816,1044,816
"10_TPoI","tableA5_price_support_distribution_information","T1",72,0.0395821880153931,"Increase",829,1061,829
"10_TPoI","tableA5_price_support_distribution_information","T1",72,0.0395821880153931,"Increase",847,1081,847
"10_TPoI","tableA5_price_support_distribution_information","T1",73,0.040131940626718,"Increase",4,6,4
"10_TPoI","tableA5_price_support_distribution_information","T1",73,0.040131940626718,"Increase",7,10,7
"10_TPoI","tableA5_price_support_distribution_information","T1",73,0.040131940626718,"Increase",18,27,18
"10_TPoI","tableA5_price_support_distribution_information","T1",73,0.040131940626718,"Increase",45,60,45
"10_TPoI","tableA5_price_support_distribution_information","T1",73,0.040131940626718,"Increase",49,66,49
"10_TPoI","tableA5_price_support_distribution_information","T1",73,0.040131940626718,"Increase",59,79,59
"10_TPoI","tableA5_price_support_distribution_information","T1",73,0.040131940626718,"Increase",62,84,62
"10_TPoI","tableA5_price_support_distribution_information","T1",73,0.040131940626718,"Increase",74,97,74
"10_TPoI","tableA5_price_support_distribution_information","T1",73,0.040131940626718,"Increase",91,118,91
"10_TPoI","tableA5_price_support_distribution_information","T1",73,0.040131940626718,"Increase",93,122,93
"10_TPoI","tableA5_price_support_distribution_information","T1",73,0.040131940626718,"Increase",100,131,100
"10_TPoI","tableA5_price_support_distribution_information","T1",73,0.040131940626718,"Increase",104,137,104
"10_TPoI","tableA5_price_support_distribution_information","T1",73,0.040131940626718,"Increase",114,148,114
"10_TPoI","tableA5_price_support_distribution_information","T1",73,0.040131940626718,"Increase",119,153,119
"10_TPoI","tableA5_price_support_distribution_information","T1",73,0.040131940626718,"Increase",123,158,123
"10_TPoI","tableA5_price_support_distribution_information","T1",73,0.040131940626718,"Increase",166,216,166
"10_TPoI","tableA5_price_support_distribution_information","T1",73,0.040131940626718,"Increase",169,221,169
"10_TPoI","tableA5_price_support_distribution_information","T1",73,0.040131940626718,"Increase",183,236,183
"10_TPoI","tableA5_price_support_distribution_information","T1",73,0.040131940626718,"Increase",216,274,216
"10_TPoI","tableA5_price_support_distribution_information","T1",73,0.040131940626718,"Increase",218,276,218
"10_TPoI","tableA5_price_support_distribution_information","T1",73,0.040131940626718,"Increase",220,278,220
"10_TPoI","tableA5_price_support_distribution_information","T1",73,0.040131940626718,"Increase",224,284,224
"10_TPoI","tableA5_price_support_distribution_information","T1",73,0.040131940626718,"Increase",226,286,226
"10_TPoI","tableA5_price_support_distribution_information","T1",73,0.040131940626718,"Increase",227,287,227
"10_TPoI","tableA5_price_support_distribution_information","T1",73,0.040131940626718,"Increase",239,300,239
"10_TPoI","tableA5_price_support_distribution_information","T1",73,0.040131940626718,"Increase",245,309,245
"10_TPoI","tableA5_price_support_distribution_information","T1",73,0.040131940626718,"Increase",269,344,269
"10_TPoI","tableA5_price_support_distribution_information","T1",73,0.040131940626718,"Increase",283,361,283
"10_TPoI","tableA5_price_support_distribution_information","T1",73,0.040131940626718,"Increase",290,370,290
"10_TPoI","tableA5_price_support_distribution_information","T1",73,0.040131940626718,"Increase",292,372,292
"10_TPoI","tableA5_price_support_distribution_information","T1",73,0.040131940626718,"Increase",309,396,309
"10_TPoI","tableA5_price_support_distribution_information","T1",73,0.040131940626718,"Increase",336,432,336
"10_TPoI","tableA5_price_support_distribution_information","T1",73,0.040131940626718,"Increase",337,433,337
"10_TPoI","tableA5_price_support_distribution_information","T1",73,0.040131940626718,"Increase",357,459,357
"10_TPoI","tableA5_price_support_distribution_information","T1",73,0.040131940626718,"Increase",385,495,385
"10_TPoI","tableA5_price_support_distribution_information","T1",73,0.040131940626718,"Increase",412,531,412
"10_TPoI","tableA5_price_support_distribution_information","T1",73,0.040131940626718,"Increase",414,533,414
"10_TPoI","tableA5_price_support_distribution_information","T1",73,0.040131940626718,"Increase",419,539,419
"10_TPoI","tableA5_price_support_distribution_information","T1",73,0.040131940626718,"Increase",423,543,423
"10_TPoI","tableA5_price_support_distribution_information","T1",73,0.040131940626718,"Increase",433,555,433
"10_TPoI","tableA5_price_support_distribution_information","T1",73,0.040131940626718,"Increase",442,565,442
"10_TPoI","tableA5_price_support_distribution_information","T1",73,0.040131940626718,"Increase",450,578,450
"10_TPoI","tableA5_price_support_distribution_information","T1",73,0.040131940626718,"Increase",463,597,463
"10_TPoI","tableA5_price_support_distribution_information","T1",73,0.040131940626718,"Increase",464,598,464
"10_TPoI","tableA5_price_support_distribution_information","T1",73,0.040131940626718,"Increase",467,601,467
"10_TPoI","tableA5_price_support_distribution_information","T1",73,0.040131940626718,"Increase",497,640,497
"10_TPoI","tableA5_price_support_distribution_information","T1",73,0.040131940626718,"Increase",504,648,504
"10_TPoI","tableA5_price_support_distribution_information","T1",73,0.040131940626718,"Increase",521,670,521
"10_TPoI","tableA5_price_support_distribution_information","T1",73,0.040131940626718,"Increase",567,735,567
"10_TPoI","tableA5_price_support_distribution_information","T1",73,0.040131940626718,"Increase",569,737,569
"10_TPoI","tableA5_price_support_distribution_information","T1",73,0.040131940626718,"Increase",589,767,589
"10_TPoI","tableA5_price_support_distribution_information","T1",73,0.040131940626718,"Increase",590,768,590
"10_TPoI","tableA5_price_support_distribution_information","T1",73,0.040131940626718,"Increase",597,777,597
"10_TPoI","tableA5_price_support_distribution_information","T1",73,0.040131940626718,"Increase",604,787,604
"10_TPoI","tableA5_price_support_distribution_information","T1",73,0.040131940626718,"Increase",613,796,613
"10_TPoI","tableA5_price_support_distribution_information","T1",73,0.040131940626718,"Increase",627,814,627
"10_TPoI","tableA5_price_support_distribution_information","T1",73,0.040131940626718,"Increase",633,821,633
"10_TPoI","tableA5_price_support_distribution_information","T1",73,0.040131940626718,"Increase",662,856,662
"10_TPoI","tableA5_price_support_distribution_information","T1",73,0.040131940626718,"Increase",669,864,669
"10_TPoI","tableA5_price_support_distribution_information","T1",73,0.040131940626718,"Increase",672,867,672
"10_TPoI","tableA5_price_support_distribution_information","T1",73,0.040131940626718,"Increase",673,868,673
"10_TPoI","tableA5_price_support_distribution_information","T1",73,0.040131940626718,"Increase",684,881,684
"10_TPoI","tableA5_price_support_distribution_information","T1",73,0.040131940626718,"Increase",685,882,685
"10_TPoI","tableA5_price_support_distribution_information","T1",73,0.040131940626718,"Increase",691,889,691
"10_TPoI","tableA5_price_support_distribution_information","T1",73,0.040131940626718,"Increase",700,902,700
"10_TPoI","tableA5_price_support_distribution_information","T1",73,0.040131940626718,"Increase",732,939,732
"10_TPoI","tableA5_price_support_distribution_information","T1",73,0.040131940626718,"Increase",759,973,759
"10_TPoI","tableA5_price_support_distribution_information","T1",73,0.040131940626718,"Increase",763,978,763
"10_TPoI","tableA5_price_support_distribution_information","T1",73,0.040131940626718,"Increase",784,1007,784
"10_TPoI","tableA5_price_support_distribution_information","T1",73,0.040131940626718,"Increase",816,1044,816
"10_TPoI","tableA5_price_support_distribution_information","T1",73,0.040131940626718,"Increase",829,1061,829
"10_TPoI","tableA5_price_support_distribution_information","T1",73,0.040131940626718,"Increase",847,1081,847
"10_TPoI","tableA5_price_support_distribution_information","T1",73,0.040131940626718,"Increase",897,1152,897
"10_TPoI","tableA5_price_support_distribution_information","T1",74,0.0406816932380429,"Increase",4,6,4
"10_TPoI","tableA5_price_support_distribution_information","T1",74,0.0406816932380429,"Increase",7,10,7
"10_TPoI","tableA5_price_support_distribution_information","T1",74,0.0406816932380429,"Increase",18,27,18
"10_TPoI","tableA5_price_support_distribution_information","T1",74,0.0406816932380429,"Increase",45,60,45
"10_TPoI","tableA5_price_support_distribution_information","T1",74,0.0406816932380429,"Increase",49,66,49
"10_TPoI","tableA5_price_support_distribution_information","T1",74,0.0406816932380429,"Increase",59,79,59
"10_TPoI","tableA5_price_support_distribution_information","T1",74,0.0406816932380429,"Increase",62,84,62
"10_TPoI","tableA5_price_support_distribution_information","T1",74,0.0406816932380429,"Increase",74,97,74
"10_TPoI","tableA5_price_support_distribution_information","T1",74,0.0406816932380429,"Increase",91,118,91
"10_TPoI","tableA5_price_support_distribution_information","T1",74,0.0406816932380429,"Increase",93,122,93
"10_TPoI","tableA5_price_support_distribution_information","T1",74,0.0406816932380429,"Increase",100,131,100
"10_TPoI","tableA5_price_support_distribution_information","T1",74,0.0406816932380429,"Increase",104,137,104
"10_TPoI","tableA5_price_support_distribution_information","T1",74,0.0406816932380429,"Increase",114,148,114
"10_TPoI","tableA5_price_support_distribution_information","T1",74,0.0406816932380429,"Increase",119,153,119
"10_TPoI","tableA5_price_support_distribution_information","T1",74,0.0406816932380429,"Increase",123,158,123
"10_TPoI","tableA5_price_support_distribution_information","T1",74,0.0406816932380429,"Increase",166,216,166
"10_TPoI","tableA5_price_support_distribution_information","T1",74,0.0406816932380429,"Increase",169,221,169
"10_TPoI","tableA5_price_support_distribution_information","T1",74,0.0406816932380429,"Increase",183,236,183
"10_TPoI","tableA5_price_support_distribution_information","T1",74,0.0406816932380429,"Increase",216,274,216
"10_TPoI","tableA5_price_support_distribution_information","T1",74,0.0406816932380429,"Increase",218,276,218
"10_TPoI","tableA5_price_support_distribution_information","T1",74,0.0406816932380429,"Increase",220,278,220
"10_TPoI","tableA5_price_support_distribution_information","T1",74,0.0406816932380429,"Increase",224,284,224
"10_TPoI","tableA5_price_support_distribution_information","T1",74,0.0406816932380429,"Increase",226,286,226
"10_TPoI","tableA5_price_support_distribution_information","T1",74,0.0406816932380429,"Increase",227,287,227
"10_TPoI","tableA5_price_support_distribution_information","T1",74,0.0406816932380429,"Increase",239,300,239
"10_TPoI","tableA5_price_support_distribution_information","T1",74,0.0406816932380429,"Increase",245,309,245
"10_TPoI","tableA5_price_support_distribution_information","T1",74,0.0406816932380429,"Increase",269,344,269
"10_TPoI","tableA5_price_support_distribution_information","T1",74,0.0406816932380429,"Increase",283,361,283
"10_TPoI","tableA5_price_support_distribution_information","T1",74,0.0406816932380429,"Increase",290,370,290
"10_TPoI","tableA5_price_support_distribution_information","T1",74,0.0406816932380429,"Increase",292,372,292
"10_TPoI","tableA5_price_support_distribution_information","T1",74,0.0406816932380429,"Increase",309,396,309
"10_TPoI","tableA5_price_support_distribution_information","T1",74,0.0406816932380429,"Increase",336,432,336
"10_TPoI","tableA5_price_support_distribution_information","T1",74,0.0406816932380429,"Increase",337,433,337
"10_TPoI","tableA5_price_support_distribution_information","T1",74,0.0406816932380429,"Increase",357,459,357
"10_TPoI","tableA5_price_support_distribution_information","T1",74,0.0406816932380429,"Increase",385,495,385
"10_TPoI","tableA5_price_support_distribution_information","T1",74,0.0406816932380429,"Increase",412,531,412
"10_TPoI","tableA5_price_support_distribution_information","T1",74,0.0406816932380429,"Increase",414,533,414
"10_TPoI","tableA5_price_support_distribution_information","T1",74,0.0406816932380429,"Increase",419,539,419
"10_TPoI","tableA5_price_support_distribution_information","T1",74,0.0406816932380429,"Increase",423,543,423
"10_TPoI","tableA5_price_support_distribution_information","T1",74,0.0406816932380429,"Increase",433,555,433
"10_TPoI","tableA5_price_support_distribution_information","T1",74,0.0406816932380429,"Increase",442,565,442
"10_TPoI","tableA5_price_support_distribution_information","T1",74,0.0406816932380429,"Increase",450,578,450
"10_TPoI","tableA5_price_support_distribution_information","T1",74,0.0406816932380429,"Increase",463,597,463
"10_TPoI","tableA5_price_support_distribution_information","T1",74,0.0406816932380429,"Increase",464,598,464
"10_TPoI","tableA5_price_support_distribution_information","T1",74,0.0406816932380429,"Increase",467,601,467
"10_TPoI","tableA5_price_support_distribution_information","T1",74,0.0406816932380429,"Increase",497,640,497
"10_TPoI","tableA5_price_support_distribution_information","T1",74,0.0406816932380429,"Increase",504,648,504
"10_TPoI","tableA5_price_support_distribution_information","T1",74,0.0406816932380429,"Increase",521,670,521
"10_TPoI","tableA5_price_support_distribution_information","T1",74,0.0406816932380429,"Increase",567,735,567
"10_TPoI","tableA5_price_support_distribution_information","T1",74,0.0406816932380429,"Increase",569,737,569
"10_TPoI","tableA5_price_support_distribution_information","T1",74,0.0406816932380429,"Increase",589,767,589
"10_TPoI","tableA5_price_support_distribution_information","T1",74,0.0406816932380429,"Increase",590,768,590
"10_TPoI","tableA5_price_support_distribution_information","T1",74,0.0406816932380429,"Increase",597,777,597
"10_TPoI","tableA5_price_support_distribution_information","T1",74,0.0406816932380429,"Increase",604,787,604
"10_TPoI","tableA5_price_support_distribution_information","T1",74,0.0406816932380429,"Increase",613,796,613
"10_TPoI","tableA5_price_support_distribution_information","T1",74,0.0406816932380429,"Increase",627,814,627
"10_TPoI","tableA5_price_support_distribution_information","T1",74,0.0406816932380429,"Increase",633,821,633
"10_TPoI","tableA5_price_support_distribution_information","T1",74,0.0406816932380429,"Increase",662,856,662
"10_TPoI","tableA5_price_support_distribution_information","T1",74,0.0406816932380429,"Increase",669,864,669
"10_TPoI","tableA5_price_support_distribution_information","T1",74,0.0406816932380429,"Increase",672,867,672
"10_TPoI","tableA5_price_support_distribution_information","T1",74,0.0406816932380429,"Increase",673,868,673
"10_TPoI","tableA5_price_support_distribution_information","T1",74,0.0406816932380429,"Increase",684,881,684
"10_TPoI","tableA5_price_support_distribution_information","T1",74,0.0406816932380429,"Increase",685,882,685
"10_TPoI","tableA5_price_support_distribution_information","T1",74,0.0406816932380429,"Increase",691,889,691
"10_TPoI","tableA5_price_support_distribution_information","T1",74,0.0406816932380429,"Increase",700,902,700
"10_TPoI","tableA5_price_support_distribution_information","T1",74,0.0406816932380429,"Increase",732,939,732
"10_TPoI","tableA5_price_support_distribution_information","T1",74,0.0406816932380429,"Increase",759,973,759
"10_TPoI","tableA5_price_support_distribution_information","T1",74,0.0406816932380429,"Increase",763,978,763
"10_TPoI","tableA5_price_support_distribution_information","T1",74,0.0406816932380429,"Increase",784,1007,784
"10_TPoI","tableA5_price_support_distribution_information","T1",74,0.0406816932380429,"Increase",816,1044,816
"10_TPoI","tableA5_price_support_distribution_information","T1",74,0.0406816932380429,"Increase",829,1061,829
"10_TPoI","tableA5_price_support_distribution_information","T1",74,0.0406816932380429,"Increase",847,1081,847
"10_TPoI","tableA5_price_support_distribution_information","T1",74,0.0406816932380429,"Increase",897,1152,897
"10_TPoI","tableA5_price_support_distribution_information","T1",74,0.0406816932380429,"Increase",902,1159,902
"10_TPoI","tableA5_price_support_distribution_information","T1",75,0.0412314458493678,"Increase",4,6,4
"10_TPoI","tableA5_price_support_distribution_information","T1",75,0.0412314458493678,"Increase",7,10,7
"10_TPoI","tableA5_price_support_distribution_information","T1",75,0.0412314458493678,"Increase",18,27,18
"10_TPoI","tableA5_price_support_distribution_information","T1",75,0.0412314458493678,"Increase",45,60,45
"10_TPoI","tableA5_price_support_distribution_information","T1",75,0.0412314458493678,"Increase",49,66,49
"10_TPoI","tableA5_price_support_distribution_information","T1",75,0.0412314458493678,"Increase",59,79,59
"10_TPoI","tableA5_price_support_distribution_information","T1",75,0.0412314458493678,"Increase",62,84,62
"10_TPoI","tableA5_price_support_distribution_information","T1",75,0.0412314458493678,"Increase",74,97,74
"10_TPoI","tableA5_price_support_distribution_information","T1",75,0.0412314458493678,"Increase",91,118,91
"10_TPoI","tableA5_price_support_distribution_information","T1",75,0.0412314458493678,"Increase",93,122,93
"10_TPoI","tableA5_price_support_distribution_information","T1",75,0.0412314458493678,"Increase",100,131,100
"10_TPoI","tableA5_price_support_distribution_information","T1",75,0.0412314458493678,"Increase",104,137,104
"10_TPoI","tableA5_price_support_distribution_information","T1",75,0.0412314458493678,"Increase",114,148,114
"10_TPoI","tableA5_price_support_distribution_information","T1",75,0.0412314458493678,"Increase",119,153,119
"10_TPoI","tableA5_price_support_distribution_information","T1",75,0.0412314458493678,"Increase",123,158,123
"10_TPoI","tableA5_price_support_distribution_information","T1",75,0.0412314458493678,"Increase",166,216,166
"10_TPoI","tableA5_price_support_distribution_information","T1",75,0.0412314458493678,"Increase",169,221,169
"10_TPoI","tableA5_price_support_distribution_information","T1",75,0.0412314458493678,"Increase",183,236,183
"10_TPoI","tableA5_price_support_distribution_information","T1",75,0.0412314458493678,"Increase",216,274,216
"10_TPoI","tableA5_price_support_distribution_information","T1",75,0.0412314458493678,"Increase",218,276,218
"10_TPoI","tableA5_price_support_distribution_information","T1",75,0.0412314458493678,"Increase",220,278,220
"10_TPoI","tableA5_price_support_distribution_information","T1",75,0.0412314458493678,"Increase",224,284,224
"10_TPoI","tableA5_price_support_distribution_information","T1",75,0.0412314458493678,"Increase",226,286,226
"10_TPoI","tableA5_price_support_distribution_information","T1",75,0.0412314458493678,"Increase",227,287,227
"10_TPoI","tableA5_price_support_distribution_information","T1",75,0.0412314458493678,"Increase",239,300,239
"10_TPoI","tableA5_price_support_distribution_information","T1",75,0.0412314458493678,"Increase",245,309,245
"10_TPoI","tableA5_price_support_distribution_information","T1",75,0.0412314458493678,"Increase",269,344,269
"10_TPoI","tableA5_price_support_distribution_information","T1",75,0.0412314458493678,"Increase",283,361,283
"10_TPoI","tableA5_price_support_distribution_information","T1",75,0.0412314458493678,"Increase",290,370,290
"10_TPoI","tableA5_price_support_distribution_information","T1",75,0.0412314458493678,"Increase",292,372,292
"10_TPoI","tableA5_price_support_distribution_information","T1",75,0.0412314458493678,"Increase",309,396,309
"10_TPoI","tableA5_price_support_distribution_information","T1",75,0.0412314458493678,"Increase",336,432,336
"10_TPoI","tableA5_price_support_distribution_information","T1",75,0.0412314458493678,"Increase",337,433,337
"10_TPoI","tableA5_price_support_distribution_information","T1",75,0.0412314458493678,"Increase",357,459,357
"10_TPoI","tableA5_price_support_distribution_information","T1",75,0.0412314458493678,"Increase",385,495,385
"10_TPoI","tableA5_price_support_distribution_information","T1",75,0.0412314458493678,"Increase",412,531,412
"10_TPoI","tableA5_price_support_distribution_information","T1",75,0.0412314458493678,"Increase",414,533,414
"10_TPoI","tableA5_price_support_distribution_information","T1",75,0.0412314458493678,"Increase",419,539,419
"10_TPoI","tableA5_price_support_distribution_information","T1",75,0.0412314458493678,"Increase",423,543,423
"10_TPoI","tableA5_price_support_distribution_information","T1",75,0.0412314458493678,"Increase",433,555,433
"10_TPoI","tableA5_price_support_distribution_information","T1",75,0.0412314458493678,"Increase",442,565,442
"10_TPoI","tableA5_price_support_distribution_information","T1",75,0.0412314458493678,"Increase",450,578,450
"10_TPoI","tableA5_price_support_distribution_information","T1",75,0.0412314458493678,"Increase",463,597,463
"10_TPoI","tableA5_price_support_distribution_information","T1",75,0.0412314458493678,"Increase",464,598,464
"10_TPoI","tableA5_price_support_distribution_information","T1",75,0.0412314458493678,"Increase",467,601,467
"10_TPoI","tableA5_price_support_distribution_information","T1",75,0.0412314458493678,"Increase",497,640,497
"10_TPoI","tableA5_price_support_distribution_information","T1",75,0.0412314458493678,"Increase",504,648,504
"10_TPoI","tableA5_price_support_distribution_information","T1",75,0.0412314458493678,"Increase",521,670,521
"10_TPoI","tableA5_price_support_distribution_information","T1",75,0.0412314458493678,"Increase",567,735,567
"10_TPoI","tableA5_price_support_distribution_information","T1",75,0.0412314458493678,"Increase",569,737,569
"10_TPoI","tableA5_price_support_distribution_information","T1",75,0.0412314458493678,"Increase",589,767,589
"10_TPoI","tableA5_price_support_distribution_information","T1",75,0.0412314458493678,"Increase",590,768,590
"10_TPoI","tableA5_price_support_distribution_information","T1",75,0.0412314458493678,"Increase",597,777,597
"10_TPoI","tableA5_price_support_distribution_information","T1",75,0.0412314458493678,"Increase",604,787,604
"10_TPoI","tableA5_price_support_distribution_information","T1",75,0.0412314458493678,"Increase",613,796,613
"10_TPoI","tableA5_price_support_distribution_information","T1",75,0.0412314458493678,"Increase",627,814,627
"10_TPoI","tableA5_price_support_distribution_information","T1",75,0.0412314458493678,"Increase",633,821,633
"10_TPoI","tableA5_price_support_distribution_information","T1",75,0.0412314458493678,"Increase",662,856,662
"10_TPoI","tableA5_price_support_distribution_information","T1",75,0.0412314458493678,"Increase",669,864,669
"10_TPoI","tableA5_price_support_distribution_information","T1",75,0.0412314458493678,"Increase",672,867,672
"10_TPoI","tableA5_price_support_distribution_information","T1",75,0.0412314458493678,"Increase",673,868,673
"10_TPoI","tableA5_price_support_distribution_information","T1",75,0.0412314458493678,"Increase",684,881,684
"10_TPoI","tableA5_price_support_distribution_information","T1",75,0.0412314458493678,"Increase",685,882,685
"10_TPoI","tableA5_price_support_distribution_information","T1",75,0.0412314458493678,"Increase",691,889,691
"10_TPoI","tableA5_price_support_distribution_information","T1",75,0.0412314458493678,"Increase",700,902,700
"10_TPoI","tableA5_price_support_distribution_information","T1",75,0.0412314458493678,"Increase",732,939,732
"10_TPoI","tableA5_price_support_distribution_information","T1",75,0.0412314458493678,"Increase",759,973,759
"10_TPoI","tableA5_price_support_distribution_information","T1",75,0.0412314458493678,"Increase",763,978,763
"10_TPoI","tableA5_price_support_distribution_information","T1",75,0.0412314458493678,"Increase",784,1007,784
"10_TPoI","tableA5_price_support_distribution_information","T1",75,0.0412314458493678,"Increase",816,1044,816
"10_TPoI","tableA5_price_support_distribution_information","T1",75,0.0412314458493678,"Increase",829,1061,829
"10_TPoI","tableA5_price_support_distribution_information","T1",75,0.0412314458493678,"Increase",847,1081,847
"10_TPoI","tableA5_price_support_distribution_information","T1",75,0.0412314458493678,"Increase",897,1152,897
"10_TPoI","tableA5_price_support_distribution_information","T1",75,0.0412314458493678,"Increase",902,1159,902
"10_TPoI","tableA5_price_support_distribution_information","T1",75,0.0412314458493678,"Increase",911,1176,911
"10_TPoI","tableA5_price_support_distribution_information","T1",76,0.0417811984606927,"Increase",4,6,4
"10_TPoI","tableA5_price_support_distribution_information","T1",76,0.0417811984606927,"Increase",7,10,7
"10_TPoI","tableA5_price_support_distribution_information","T1",76,0.0417811984606927,"Increase",18,27,18
"10_TPoI","tableA5_price_support_distribution_information","T1",76,0.0417811984606927,"Increase",45,60,45
"10_TPoI","tableA5_price_support_distribution_information","T1",76,0.0417811984606927,"Increase",49,66,49
"10_TPoI","tableA5_price_support_distribution_information","T1",76,0.0417811984606927,"Increase",59,79,59
"10_TPoI","tableA5_price_support_distribution_information","T1",76,0.0417811984606927,"Increase",62,84,62
"10_TPoI","tableA5_price_support_distribution_information","T1",76,0.0417811984606927,"Increase",74,97,74
"10_TPoI","tableA5_price_support_distribution_information","T1",76,0.0417811984606927,"Increase",91,118,91
"10_TPoI","tableA5_price_support_distribution_information","T1",76,0.0417811984606927,"Increase",93,122,93
"10_TPoI","tableA5_price_support_distribution_information","T1",76,0.0417811984606927,"Increase",100,131,100
"10_TPoI","tableA5_price_support_distribution_information","T1",76,0.0417811984606927,"Increase",104,137,104
"10_TPoI","tableA5_price_support_distribution_information","T1",76,0.0417811984606927,"Increase",114,148,114
"10_TPoI","tableA5_price_support_distribution_information","T1",76,0.0417811984606927,"Increase",119,153,119
"10_TPoI","tableA5_price_support_distribution_information","T1",76,0.0417811984606927,"Increase",123,158,123
"10_TPoI","tableA5_price_support_distribution_information","T1",76,0.0417811984606927,"Increase",166,216,166
"10_TPoI","tableA5_price_support_distribution_information","T1",76,0.0417811984606927,"Increase",169,221,169
"10_TPoI","tableA5_price_support_distribution_information","T1",76,0.0417811984606927,"Increase",183,236,183
"10_TPoI","tableA5_price_support_distribution_information","T1",76,0.0417811984606927,"Increase",216,274,216
"10_TPoI","tableA5_price_support_distribution_information","T1",76,0.0417811984606927,"Increase",218,276,218
"10_TPoI","tableA5_price_support_distribution_information","T1",76,0.0417811984606927,"Increase",220,278,220
"10_TPoI","tableA5_price_support_distribution_information","T1",76,0.0417811984606927,"Increase",224,284,224
"10_TPoI","tableA5_price_support_distribution_information","T1",76,0.0417811984606927,"Increase",226,286,226
"10_TPoI","tableA5_price_support_distribution_information","T1",76,0.0417811984606927,"Increase",227,287,227
"10_TPoI","tableA5_price_support_distribution_information","T1",76,0.0417811984606927,"Increase",239,300,239
"10_TPoI","tableA5_price_support_distribution_information","T1",76,0.0417811984606927,"Increase",245,309,245
"10_TPoI","tableA5_price_support_distribution_information","T1",76,0.0417811984606927,"Increase",269,344,269
"10_TPoI","tableA5_price_support_distribution_information","T1",76,0.0417811984606927,"Increase",283,361,283
"10_TPoI","tableA5_price_support_distribution_information","T1",76,0.0417811984606927,"Increase",290,370,290
"10_TPoI","tableA5_price_support_distribution_information","T1",76,0.0417811984606927,"Increase",292,372,292
"10_TPoI","tableA5_price_support_distribution_information","T1",76,0.0417811984606927,"Increase",309,396,309
"10_TPoI","tableA5_price_support_distribution_information","T1",76,0.0417811984606927,"Increase",336,432,336
"10_TPoI","tableA5_price_support_distribution_information","T1",76,0.0417811984606927,"Increase",337,433,337
"10_TPoI","tableA5_price_support_distribution_information","T1",76,0.0417811984606927,"Increase",357,459,357
"10_TPoI","tableA5_price_support_distribution_information","T1",76,0.0417811984606927,"Increase",385,495,385
"10_TPoI","tableA5_price_support_distribution_information","T1",76,0.0417811984606927,"Increase",412,531,412
"10_TPoI","tableA5_price_support_distribution_information","T1",76,0.0417811984606927,"Increase",414,533,414
"10_TPoI","tableA5_price_support_distribution_information","T1",76,0.0417811984606927,"Increase",419,539,419
"10_TPoI","tableA5_price_support_distribution_information","T1",76,0.0417811984606927,"Increase",423,543,423
"10_TPoI","tableA5_price_support_distribution_information","T1",76,0.0417811984606927,"Increase",433,555,433
"10_TPoI","tableA5_price_support_distribution_information","T1",76,0.0417811984606927,"Increase",442,565,442
"10_TPoI","tableA5_price_support_distribution_information","T1",76,0.0417811984606927,"Increase",450,578,450
"10_TPoI","tableA5_price_support_distribution_information","T1",76,0.0417811984606927,"Increase",463,597,463
"10_TPoI","tableA5_price_support_distribution_information","T1",76,0.0417811984606927,"Increase",464,598,464
"10_TPoI","tableA5_price_support_distribution_information","T1",76,0.0417811984606927,"Increase",467,601,467
"10_TPoI","tableA5_price_support_distribution_information","T1",76,0.0417811984606927,"Increase",497,640,497
"10_TPoI","tableA5_price_support_distribution_information","T1",76,0.0417811984606927,"Increase",504,648,504
"10_TPoI","tableA5_price_support_distribution_information","T1",76,0.0417811984606927,"Increase",521,670,521
"10_TPoI","tableA5_price_support_distribution_information","T1",76,0.0417811984606927,"Increase",567,735,567
"10_TPoI","tableA5_price_support_distribution_information","T1",76,0.0417811984606927,"Increase",569,737,569
"10_TPoI","tableA5_price_support_distribution_information","T1",76,0.0417811984606927,"Increase",589,767,589
"10_TPoI","tableA5_price_support_distribution_information","T1",76,0.0417811984606927,"Increase",590,768,590
"10_TPoI","tableA5_price_support_distribution_information","T1",76,0.0417811984606927,"Increase",597,777,597
"10_TPoI","tableA5_price_support_distribution_information","T1",76,0.0417811984606927,"Increase",604,787,604
"10_TPoI","tableA5_price_support_distribution_information","T1",76,0.0417811984606927,"Increase",613,796,613
"10_TPoI","tableA5_price_support_distribution_information","T1",76,0.0417811984606927,"Increase",627,814,627
"10_TPoI","tableA5_price_support_distribution_information","T1",76,0.0417811984606927,"Increase",633,821,633
"10_TPoI","tableA5_price_support_distribution_information","T1",76,0.0417811984606927,"Increase",662,856,662
"10_TPoI","tableA5_price_support_distribution_information","T1",76,0.0417811984606927,"Increase",669,864,669
"10_TPoI","tableA5_price_support_distribution_information","T1",76,0.0417811984606927,"Increase",672,867,672
"10_TPoI","tableA5_price_support_distribution_information","T1",76,0.0417811984606927,"Increase",673,868,673
"10_TPoI","tableA5_price_support_distribution_information","T1",76,0.0417811984606927,"Increase",684,881,684
"10_TPoI","tableA5_price_support_distribution_information","T1",76,0.0417811984606927,"Increase",685,882,685
"10_TPoI","tableA5_price_support_distribution_information","T1",76,0.0417811984606927,"Increase",691,889,691
"10_TPoI","tableA5_price_support_distribution_information","T1",76,0.0417811984606927,"Increase",700,902,700
"10_TPoI","tableA5_price_support_distribution_information","T1",76,0.0417811984606927,"Increase",732,939,732
"10_TPoI","tableA5_price_support_distribution_information","T1",76,0.0417811984606927,"Increase",759,973,759
"10_TPoI","tableA5_price_support_distribution_information","T1",76,0.0417811984606927,"Increase",763,978,763
"10_TPoI","tableA5_price_support_distribution_information","T1",76,0.0417811984606927,"Increase",784,1007,784
"10_TPoI","tableA5_price_support_distribution_information","T1",76,0.0417811984606927,"Increase",816,1044,816
"10_TPoI","tableA5_price_support_distribution_information","T1",76,0.0417811984606927,"Increase",829,1061,829
"10_TPoI","tableA5_price_support_distribution_information","T1",76,0.0417811984606927,"Increase",847,1081,847
"10_TPoI","tableA5_price_support_distribution_information","T1",76,0.0417811984606927,"Increase",897,1152,897
"10_TPoI","tableA5_price_support_distribution_information","T1",76,0.0417811984606927,"Increase",902,1159,902
"10_TPoI","tableA5_price_support_distribution_information","T1",76,0.0417811984606927,"Increase",911,1176,911
"10_TPoI","tableA5_price_support_distribution_information","T1",76,0.0417811984606927,"Increase",934,1202,934
"10_TPoI","tableA5_price_support_distribution_information","T1",77,0.0423309510720176,"Increase",4,6,4
"10_TPoI","tableA5_price_support_distribution_information","T1",77,0.0423309510720176,"Increase",7,10,7
"10_TPoI","tableA5_price_support_distribution_information","T1",77,0.0423309510720176,"Increase",18,27,18
"10_TPoI","tableA5_price_support_distribution_information","T1",77,0.0423309510720176,"Increase",45,60,45
"10_TPoI","tableA5_price_support_distribution_information","T1",77,0.0423309510720176,"Increase",49,66,49
"10_TPoI","tableA5_price_support_distribution_information","T1",77,0.0423309510720176,"Increase",59,79,59
"10_TPoI","tableA5_price_support_distribution_information","T1",77,0.0423309510720176,"Increase",62,84,62
"10_TPoI","tableA5_price_support_distribution_information","T1",77,0.0423309510720176,"Increase",74,97,74
"10_TPoI","tableA5_price_support_distribution_information","T1",77,0.0423309510720176,"Increase",91,118,91
"10_TPoI","tableA5_price_support_distribution_information","T1",77,0.0423309510720176,"Increase",93,122,93
"10_TPoI","tableA5_price_support_distribution_information","T1",77,0.0423309510720176,"Increase",100,131,100
"10_TPoI","tableA5_price_support_distribution_information","T1",77,0.0423309510720176,"Increase",104,137,104
"10_TPoI","tableA5_price_support_distribution_information","T1",77,0.0423309510720176,"Increase",114,148,114
"10_TPoI","tableA5_price_support_distribution_information","T1",77,0.0423309510720176,"Increase",119,153,119
"10_TPoI","tableA5_price_support_distribution_information","T1",77,0.0423309510720176,"Increase",123,158,123
"10_TPoI","tableA5_price_support_distribution_information","T1",77,0.0423309510720176,"Increase",166,216,166
"10_TPoI","tableA5_price_support_distribution_information","T1",77,0.0423309510720176,"Increase",169,221,169
"10_TPoI","tableA5_price_support_distribution_information","T1",77,0.0423309510720176,"Increase",183,236,183
"10_TPoI","tableA5_price_support_distribution_information","T1",77,0.0423309510720176,"Increase",216,274,216
"10_TPoI","tableA5_price_support_distribution_information","T1",77,0.0423309510720176,"Increase",218,276,218
"10_TPoI","tableA5_price_support_distribution_information","T1",77,0.0423309510720176,"Increase",220,278,220
"10_TPoI","tableA5_price_support_distribution_information","T1",77,0.0423309510720176,"Increase",224,284,224
"10_TPoI","tableA5_price_support_distribution_information","T1",77,0.0423309510720176,"Increase",226,286,226
"10_TPoI","tableA5_price_support_distribution_information","T1",77,0.0423309510720176,"Increase",227,287,227
"10_TPoI","tableA5_price_support_distribution_information","T1",77,0.0423309510720176,"Increase",239,300,239
"10_TPoI","tableA5_price_support_distribution_information","T1",77,0.0423309510720176,"Increase",245,309,245
"10_TPoI","tableA5_price_support_distribution_information","T1",77,0.0423309510720176,"Increase",269,344,269
"10_TPoI","tableA5_price_support_distribution_information","T1",77,0.0423309510720176,"Increase",283,361,283
"10_TPoI","tableA5_price_support_distribution_information","T1",77,0.0423309510720176,"Increase",290,370,290
"10_TPoI","tableA5_price_support_distribution_information","T1",77,0.0423309510720176,"Increase",292,372,292
"10_TPoI","tableA5_price_support_distribution_information","T1",77,0.0423309510720176,"Increase",309,396,309
"10_TPoI","tableA5_price_support_distribution_information","T1",77,0.0423309510720176,"Increase",336,432,336
"10_TPoI","tableA5_price_support_distribution_information","T1",77,0.0423309510720176,"Increase",337,433,337
"10_TPoI","tableA5_price_support_distribution_information","T1",77,0.0423309510720176,"Increase",357,459,357
"10_TPoI","tableA5_price_support_distribution_information","T1",77,0.0423309510720176,"Increase",385,495,385
"10_TPoI","tableA5_price_support_distribution_information","T1",77,0.0423309510720176,"Increase",412,531,412
"10_TPoI","tableA5_price_support_distribution_information","T1",77,0.0423309510720176,"Increase",414,533,414
"10_TPoI","tableA5_price_support_distribution_information","T1",77,0.0423309510720176,"Increase",419,539,419
"10_TPoI","tableA5_price_support_distribution_information","T1",77,0.0423309510720176,"Increase",423,543,423
"10_TPoI","tableA5_price_support_distribution_information","T1",77,0.0423309510720176,"Increase",433,555,433
"10_TPoI","tableA5_price_support_distribution_information","T1",77,0.0423309510720176,"Increase",442,565,442
"10_TPoI","tableA5_price_support_distribution_information","T1",77,0.0423309510720176,"Increase",450,578,450
"10_TPoI","tableA5_price_support_distribution_information","T1",77,0.0423309510720176,"Increase",463,597,463
"10_TPoI","tableA5_price_support_distribution_information","T1",77,0.0423309510720176,"Increase",464,598,464
"10_TPoI","tableA5_price_support_distribution_information","T1",77,0.0423309510720176,"Increase",467,601,467
"10_TPoI","tableA5_price_support_distribution_information","T1",77,0.0423309510720176,"Increase",497,640,497
"10_TPoI","tableA5_price_support_distribution_information","T1",77,0.0423309510720176,"Increase",504,648,504
"10_TPoI","tableA5_price_support_distribution_information","T1",77,0.0423309510720176,"Increase",521,670,521
"10_TPoI","tableA5_price_support_distribution_information","T1",77,0.0423309510720176,"Increase",567,735,567
"10_TPoI","tableA5_price_support_distribution_information","T1",77,0.0423309510720176,"Increase",569,737,569
"10_TPoI","tableA5_price_support_distribution_information","T1",77,0.0423309510720176,"Increase",589,767,589
"10_TPoI","tableA5_price_support_distribution_information","T1",77,0.0423309510720176,"Increase",590,768,590
"10_TPoI","tableA5_price_support_distribution_information","T1",77,0.0423309510720176,"Increase",597,777,597
"10_TPoI","tableA5_price_support_distribution_information","T1",77,0.0423309510720176,"Increase",604,787,604
"10_TPoI","tableA5_price_support_distribution_information","T1",77,0.0423309510720176,"Increase",613,796,613
"10_TPoI","tableA5_price_support_distribution_information","T1",77,0.0423309510720176,"Increase",627,814,627
"10_TPoI","tableA5_price_support_distribution_information","T1",77,0.0423309510720176,"Increase",633,821,633
"10_TPoI","tableA5_price_support_distribution_information","T1",77,0.0423309510720176,"Increase",662,856,662
"10_TPoI","tableA5_price_support_distribution_information","T1",77,0.0423309510720176,"Increase",669,864,669
"10_TPoI","tableA5_price_support_distribution_information","T1",77,0.0423309510720176,"Increase",672,867,672
"10_TPoI","tableA5_price_support_distribution_information","T1",77,0.0423309510720176,"Increase",673,868,673
"10_TPoI","tableA5_price_support_distribution_information","T1",77,0.0423309510720176,"Increase",684,881,684
"10_TPoI","tableA5_price_support_distribution_information","T1",77,0.0423309510720176,"Increase",685,882,685
"10_TPoI","tableA5_price_support_distribution_information","T1",77,0.0423309510720176,"Increase",691,889,691
"10_TPoI","tableA5_price_support_distribution_information","T1",77,0.0423309510720176,"Increase",700,902,700
"10_TPoI","tableA5_price_support_distribution_information","T1",77,0.0423309510720176,"Increase",732,939,732
"10_TPoI","tableA5_price_support_distribution_information","T1",77,0.0423309510720176,"Increase",759,973,759
"10_TPoI","tableA5_price_support_distribution_information","T1",77,0.0423309510720176,"Increase",763,978,763
"10_TPoI","tableA5_price_support_distribution_information","T1",77,0.0423309510720176,"Increase",784,1007,784
"10_TPoI","tableA5_price_support_distribution_information","T1",77,0.0423309510720176,"Increase",816,1044,816
"10_TPoI","tableA5_price_support_distribution_information","T1",77,0.0423309510720176,"Increase",829,1061,829
"10_TPoI","tableA5_price_support_distribution_information","T1",77,0.0423309510720176,"Increase",847,1081,847
"10_TPoI","tableA5_price_support_distribution_information","T1",77,0.0423309510720176,"Increase",897,1152,897
"10_TPoI","tableA5_price_support_distribution_information","T1",77,0.0423309510720176,"Increase",902,1159,902
"10_TPoI","tableA5_price_support_distribution_information","T1",77,0.0423309510720176,"Increase",911,1176,911
"10_TPoI","tableA5_price_support_distribution_information","T1",77,0.0423309510720176,"Increase",934,1202,934
"10_TPoI","tableA5_price_support_distribution_information","T1",77,0.0423309510720176,"Increase",1000,1293,1000
"10_TPoI","tableA5_price_support_distribution_information","T1",78,0.0428807036833425,"Increase",4,6,4
"10_TPoI","tableA5_price_support_distribution_information","T1",78,0.0428807036833425,"Increase",7,10,7
"10_TPoI","tableA5_price_support_distribution_information","T1",78,0.0428807036833425,"Increase",18,27,18
"10_TPoI","tableA5_price_support_distribution_information","T1",78,0.0428807036833425,"Increase",45,60,45
"10_TPoI","tableA5_price_support_distribution_information","T1",78,0.0428807036833425,"Increase",49,66,49
"10_TPoI","tableA5_price_support_distribution_information","T1",78,0.0428807036833425,"Increase",59,79,59
"10_TPoI","tableA5_price_support_distribution_information","T1",78,0.0428807036833425,"Increase",62,84,62
"10_TPoI","tableA5_price_support_distribution_information","T1",78,0.0428807036833425,"Increase",74,97,74
"10_TPoI","tableA5_price_support_distribution_information","T1",78,0.0428807036833425,"Increase",91,118,91
"10_TPoI","tableA5_price_support_distribution_information","T1",78,0.0428807036833425,"Increase",93,122,93
"10_TPoI","tableA5_price_support_distribution_information","T1",78,0.0428807036833425,"Increase",100,131,100
"10_TPoI","tableA5_price_support_distribution_information","T1",78,0.0428807036833425,"Increase",104,137,104
"10_TPoI","tableA5_price_support_distribution_information","T1",78,0.0428807036833425,"Increase",114,148,114
"10_TPoI","tableA5_price_support_distribution_information","T1",78,0.0428807036833425,"Increase",119,153,119
"10_TPoI","tableA5_price_support_distribution_information","T1",78,0.0428807036833425,"Increase",123,158,123
"10_TPoI","tableA5_price_support_distribution_information","T1",78,0.0428807036833425,"Increase",166,216,166
"10_TPoI","tableA5_price_support_distribution_information","T1",78,0.0428807036833425,"Increase",169,221,169
"10_TPoI","tableA5_price_support_distribution_information","T1",78,0.0428807036833425,"Increase",183,236,183
"10_TPoI","tableA5_price_support_distribution_information","T1",78,0.0428807036833425,"Increase",216,274,216
"10_TPoI","tableA5_price_support_distribution_information","T1",78,0.0428807036833425,"Increase",218,276,218
"10_TPoI","tableA5_price_support_distribution_information","T1",78,0.0428807036833425,"Increase",220,278,220
"10_TPoI","tableA5_price_support_distribution_information","T1",78,0.0428807036833425,"Increase",224,284,224
"10_TPoI","tableA5_price_support_distribution_information","T1",78,0.0428807036833425,"Increase",226,286,226
"10_TPoI","tableA5_price_support_distribution_information","T1",78,0.0428807036833425,"Increase",227,287,227
"10_TPoI","tableA5_price_support_distribution_information","T1",78,0.0428807036833425,"Increase",239,300,239
"10_TPoI","tableA5_price_support_distribution_information","T1",78,0.0428807036833425,"Increase",245,309,245
"10_TPoI","tableA5_price_support_distribution_information","T1",78,0.0428807036833425,"Increase",269,344,269
"10_TPoI","tableA5_price_support_distribution_information","T1",78,0.0428807036833425,"Increase",283,361,283
"10_TPoI","tableA5_price_support_distribution_information","T1",78,0.0428807036833425,"Increase",290,370,290
"10_TPoI","tableA5_price_support_distribution_information","T1",78,0.0428807036833425,"Increase",292,372,292
"10_TPoI","tableA5_price_support_distribution_information","T1",78,0.0428807036833425,"Increase",309,396,309
"10_TPoI","tableA5_price_support_distribution_information","T1",78,0.0428807036833425,"Increase",336,432,336
"10_TPoI","tableA5_price_support_distribution_information","T1",78,0.0428807036833425,"Increase",337,433,337
"10_TPoI","tableA5_price_support_distribution_information","T1",78,0.0428807036833425,"Increase",357,459,357
"10_TPoI","tableA5_price_support_distribution_information","T1",78,0.0428807036833425,"Increase",385,495,385
"10_TPoI","tableA5_price_support_distribution_information","T1",78,0.0428807036833425,"Increase",412,531,412
"10_TPoI","tableA5_price_support_distribution_information","T1",78,0.0428807036833425,"Increase",414,533,414
"10_TPoI","tableA5_price_support_distribution_information","T1",78,0.0428807036833425,"Increase",419,539,419
"10_TPoI","tableA5_price_support_distribution_information","T1",78,0.0428807036833425,"Increase",423,543,423
"10_TPoI","tableA5_price_support_distribution_information","T1",78,0.0428807036833425,"Increase",433,555,433
"10_TPoI","tableA5_price_support_distribution_information","T1",78,0.0428807036833425,"Increase",442,565,442
"10_TPoI","tableA5_price_support_distribution_information","T1",78,0.0428807036833425,"Increase",450,578,450
"10_TPoI","tableA5_price_support_distribution_information","T1",78,0.0428807036833425,"Increase",463,597,463
"10_TPoI","tableA5_price_support_distribution_information","T1",78,0.0428807036833425,"Increase",464,598,464
"10_TPoI","tableA5_price_support_distribution_information","T1",78,0.0428807036833425,"Increase",467,601,467
"10_TPoI","tableA5_price_support_distribution_information","T1",78,0.0428807036833425,"Increase",497,640,497
"10_TPoI","tableA5_price_support_distribution_information","T1",78,0.0428807036833425,"Increase",504,648,504
"10_TPoI","tableA5_price_support_distribution_information","T1",78,0.0428807036833425,"Increase",521,670,521
"10_TPoI","tableA5_price_support_distribution_information","T1",78,0.0428807036833425,"Increase",567,735,567
"10_TPoI","tableA5_price_support_distribution_information","T1",78,0.0428807036833425,"Increase",569,737,569
"10_TPoI","tableA5_price_support_distribution_information","T1",78,0.0428807036833425,"Increase",589,767,589
"10_TPoI","tableA5_price_support_distribution_information","T1",78,0.0428807036833425,"Increase",590,768,590
"10_TPoI","tableA5_price_support_distribution_information","T1",78,0.0428807036833425,"Increase",597,777,597
"10_TPoI","tableA5_price_support_distribution_information","T1",78,0.0428807036833425,"Increase",604,787,604
"10_TPoI","tableA5_price_support_distribution_information","T1",78,0.0428807036833425,"Increase",613,796,613
"10_TPoI","tableA5_price_support_distribution_information","T1",78,0.0428807036833425,"Increase",627,814,627
"10_TPoI","tableA5_price_support_distribution_information","T1",78,0.0428807036833425,"Increase",633,821,633
"10_TPoI","tableA5_price_support_distribution_information","T1",78,0.0428807036833425,"Increase",662,856,662
"10_TPoI","tableA5_price_support_distribution_information","T1",78,0.0428807036833425,"Increase",669,864,669
"10_TPoI","tableA5_price_support_distribution_information","T1",78,0.0428807036833425,"Increase",672,867,672
"10_TPoI","tableA5_price_support_distribution_information","T1",78,0.0428807036833425,"Increase",673,868,673
"10_TPoI","tableA5_price_support_distribution_information","T1",78,0.0428807036833425,"Increase",684,881,684
"10_TPoI","tableA5_price_support_distribution_information","T1",78,0.0428807036833425,"Increase",685,882,685
"10_TPoI","tableA5_price_support_distribution_information","T1",78,0.0428807036833425,"Increase",691,889,691
"10_TPoI","tableA5_price_support_distribution_information","T1",78,0.0428807036833425,"Increase",700,902,700
"10_TPoI","tableA5_price_support_distribution_information","T1",78,0.0428807036833425,"Increase",732,939,732
"10_TPoI","tableA5_price_support_distribution_information","T1",78,0.0428807036833425,"Increase",759,973,759
"10_TPoI","tableA5_price_support_distribution_information","T1",78,0.0428807036833425,"Increase",763,978,763
"10_TPoI","tableA5_price_support_distribution_information","T1",78,0.0428807036833425,"Increase",784,1007,784
"10_TPoI","tableA5_price_support_distribution_information","T1",78,0.0428807036833425,"Increase",816,1044,816
"10_TPoI","tableA5_price_support_distribution_information","T1",78,0.0428807036833425,"Increase",829,1061,829
"10_TPoI","tableA5_price_support_distribution_information","T1",78,0.0428807036833425,"Increase",847,1081,847
"10_TPoI","tableA5_price_support_distribution_information","T1",78,0.0428807036833425,"Increase",897,1152,897
"10_TPoI","tableA5_price_support_distribution_information","T1",78,0.0428807036833425,"Increase",902,1159,902
"10_TPoI","tableA5_price_support_distribution_information","T1",78,0.0428807036833425,"Increase",911,1176,911
"10_TPoI","tableA5_price_support_distribution_information","T1",78,0.0428807036833425,"Increase",934,1202,934
"10_TPoI","tableA5_price_support_distribution_information","T1",78,0.0428807036833425,"Increase",1000,1293,1000
"10_TPoI","tableA5_price_support_distribution_information","T1",78,0.0428807036833425,"Increase",1013,1308,1013
"10_TPoI","tableA5_price_support_distribution_information","T1",79,0.0434304562946674,"Increase",4,6,4
"10_TPoI","tableA5_price_support_distribution_information","T1",79,0.0434304562946674,"Increase",7,10,7
"10_TPoI","tableA5_price_support_distribution_information","T1",79,0.0434304562946674,"Increase",18,27,18
"10_TPoI","tableA5_price_support_distribution_information","T1",79,0.0434304562946674,"Increase",45,60,45
"10_TPoI","tableA5_price_support_distribution_information","T1",79,0.0434304562946674,"Increase",49,66,49
"10_TPoI","tableA5_price_support_distribution_information","T1",79,0.0434304562946674,"Increase",59,79,59
"10_TPoI","tableA5_price_support_distribution_information","T1",79,0.0434304562946674,"Increase",62,84,62
"10_TPoI","tableA5_price_support_distribution_information","T1",79,0.0434304562946674,"Increase",74,97,74
"10_TPoI","tableA5_price_support_distribution_information","T1",79,0.0434304562946674,"Increase",91,118,91
"10_TPoI","tableA5_price_support_distribution_information","T1",79,0.0434304562946674,"Increase",93,122,93
"10_TPoI","tableA5_price_support_distribution_information","T1",79,0.0434304562946674,"Increase",100,131,100
"10_TPoI","tableA5_price_support_distribution_information","T1",79,0.0434304562946674,"Increase",104,137,104
"10_TPoI","tableA5_price_support_distribution_information","T1",79,0.0434304562946674,"Increase",114,148,114
"10_TPoI","tableA5_price_support_distribution_information","T1",79,0.0434304562946674,"Increase",119,153,119
"10_TPoI","tableA5_price_support_distribution_information","T1",79,0.0434304562946674,"Increase",123,158,123
"10_TPoI","tableA5_price_support_distribution_information","T1",79,0.0434304562946674,"Increase",166,216,166
"10_TPoI","tableA5_price_support_distribution_information","T1",79,0.0434304562946674,"Increase",169,221,169
"10_TPoI","tableA5_price_support_distribution_information","T1",79,0.0434304562946674,"Increase",183,236,183
"10_TPoI","tableA5_price_support_distribution_information","T1",79,0.0434304562946674,"Increase",216,274,216
"10_TPoI","tableA5_price_support_distribution_information","T1",79,0.0434304562946674,"Increase",218,276,218
"10_TPoI","tableA5_price_support_distribution_information","T1",79,0.0434304562946674,"Increase",220,278,220
"10_TPoI","tableA5_price_support_distribution_information","T1",79,0.0434304562946674,"Increase",224,284,224
"10_TPoI","tableA5_price_support_distribution_information","T1",79,0.0434304562946674,"Increase",226,286,226
"10_TPoI","tableA5_price_support_distribution_information","T1",79,0.0434304562946674,"Increase",227,287,227
"10_TPoI","tableA5_price_support_distribution_information","T1",79,0.0434304562946674,"Increase",239,300,239
"10_TPoI","tableA5_price_support_distribution_information","T1",79,0.0434304562946674,"Increase",245,309,245
"10_TPoI","tableA5_price_support_distribution_information","T1",79,0.0434304562946674,"Increase",269,344,269
"10_TPoI","tableA5_price_support_distribution_information","T1",79,0.0434304562946674,"Increase",283,361,283
"10_TPoI","tableA5_price_support_distribution_information","T1",79,0.0434304562946674,"Increase",290,370,290
"10_TPoI","tableA5_price_support_distribution_information","T1",79,0.0434304562946674,"Increase",292,372,292
"10_TPoI","tableA5_price_support_distribution_information","T1",79,0.0434304562946674,"Increase",309,396,309
"10_TPoI","tableA5_price_support_distribution_information","T1",79,0.0434304562946674,"Increase",336,432,336
"10_TPoI","tableA5_price_support_distribution_information","T1",79,0.0434304562946674,"Increase",337,433,337
"10_TPoI","tableA5_price_support_distribution_information","T1",79,0.0434304562946674,"Increase",357,459,357
"10_TPoI","tableA5_price_support_distribution_information","T1",79,0.0434304562946674,"Increase",385,495,385
"10_TPoI","tableA5_price_support_distribution_information","T1",79,0.0434304562946674,"Increase",412,531,412
"10_TPoI","tableA5_price_support_distribution_information","T1",79,0.0434304562946674,"Increase",414,533,414
"10_TPoI","tableA5_price_support_distribution_information","T1",79,0.0434304562946674,"Increase",419,539,419
"10_TPoI","tableA5_price_support_distribution_information","T1",79,0.0434304562946674,"Increase",423,543,423
"10_TPoI","tableA5_price_support_distribution_information","T1",79,0.0434304562946674,"Increase",433,555,433
"10_TPoI","tableA5_price_support_distribution_information","T1",79,0.0434304562946674,"Increase",442,565,442
"10_TPoI","tableA5_price_support_distribution_information","T1",79,0.0434304562946674,"Increase",450,578,450
"10_TPoI","tableA5_price_support_distribution_information","T1",79,0.0434304562946674,"Increase",463,597,463
"10_TPoI","tableA5_price_support_distribution_information","T1",79,0.0434304562946674,"Increase",464,598,464
"10_TPoI","tableA5_price_support_distribution_information","T1",79,0.0434304562946674,"Increase",467,601,467
"10_TPoI","tableA5_price_support_distribution_information","T1",79,0.0434304562946674,"Increase",497,640,497
"10_TPoI","tableA5_price_support_distribution_information","T1",79,0.0434304562946674,"Increase",504,648,504
"10_TPoI","tableA5_price_support_distribution_information","T1",79,0.0434304562946674,"Increase",521,670,521
"10_TPoI","tableA5_price_support_distribution_information","T1",79,0.0434304562946674,"Increase",567,735,567
"10_TPoI","tableA5_price_support_distribution_information","T1",79,0.0434304562946674,"Increase",569,737,569
"10_TPoI","tableA5_price_support_distribution_information","T1",79,0.0434304562946674,"Increase",589,767,589
"10_TPoI","tableA5_price_support_distribution_information","T1",79,0.0434304562946674,"Increase",590,768,590
"10_TPoI","tableA5_price_support_distribution_information","T1",79,0.0434304562946674,"Increase",597,777,597
"10_TPoI","tableA5_price_support_distribution_information","T1",79,0.0434304562946674,"Increase",604,787,604
"10_TPoI","tableA5_price_support_distribution_information","T1",79,0.0434304562946674,"Increase",613,796,613
"10_TPoI","tableA5_price_support_distribution_information","T1",79,0.0434304562946674,"Increase",627,814,627
"10_TPoI","tableA5_price_support_distribution_information","T1",79,0.0434304562946674,"Increase",633,821,633
"10_TPoI","tableA5_price_support_distribution_information","T1",79,0.0434304562946674,"Increase",662,856,662
"10_TPoI","tableA5_price_support_distribution_information","T1",79,0.0434304562946674,"Increase",669,864,669
"10_TPoI","tableA5_price_support_distribution_information","T1",79,0.0434304562946674,"Increase",672,867,672
"10_TPoI","tableA5_price_support_distribution_information","T1",79,0.0434304562946674,"Increase",673,868,673
"10_TPoI","tableA5_price_support_distribution_information","T1",79,0.0434304562946674,"Increase",684,881,684
"10_TPoI","tableA5_price_support_distribution_information","T1",79,0.0434304562946674,"Increase",685,882,685
"10_TPoI","tableA5_price_support_distribution_information","T1",79,0.0434304562946674,"Increase",691,889,691
"10_TPoI","tableA5_price_support_distribution_information","T1",79,0.0434304562946674,"Increase",700,902,700
"10_TPoI","tableA5_price_support_distribution_information","T1",79,0.0434304562946674,"Increase",732,939,732
"10_TPoI","tableA5_price_support_distribution_information","T1",79,0.0434304562946674,"Increase",759,973,759
"10_TPoI","tableA5_price_support_distribution_information","T1",79,0.0434304562946674,"Increase",763,978,763
"10_TPoI","tableA5_price_support_distribution_information","T1",79,0.0434304562946674,"Increase",784,1007,784
"10_TPoI","tableA5_price_support_distribution_information","T1",79,0.0434304562946674,"Increase",816,1044,816
"10_TPoI","tableA5_price_support_distribution_information","T1",79,0.0434304562946674,"Increase",829,1061,829
"10_TPoI","tableA5_price_support_distribution_information","T1",79,0.0434304562946674,"Increase",847,1081,847
"10_TPoI","tableA5_price_support_distribution_information","T1",79,0.0434304562946674,"Increase",897,1152,897
"10_TPoI","tableA5_price_support_distribution_information","T1",79,0.0434304562946674,"Increase",902,1159,902
"10_TPoI","tableA5_price_support_distribution_information","T1",79,0.0434304562946674,"Increase",911,1176,911
"10_TPoI","tableA5_price_support_distribution_information","T1",79,0.0434304562946674,"Increase",934,1202,934
"10_TPoI","tableA5_price_support_distribution_information","T1",79,0.0434304562946674,"Increase",1000,1293,1000
"10_TPoI","tableA5_price_support_distribution_information","T1",79,0.0434304562946674,"Increase",1013,1308,1013
"10_TPoI","tableA5_price_support_distribution_information","T1",79,0.0434304562946674,"Increase",1019,1318,1019
"10_TPoI","tableA5_price_support_distribution_information","T1",80,0.0439802089059923,"Increase",4,6,4
"10_TPoI","tableA5_price_support_distribution_information","T1",80,0.0439802089059923,"Increase",7,10,7
"10_TPoI","tableA5_price_support_distribution_information","T1",80,0.0439802089059923,"Increase",18,27,18
"10_TPoI","tableA5_price_support_distribution_information","T1",80,0.0439802089059923,"Increase",45,60,45
"10_TPoI","tableA5_price_support_distribution_information","T1",80,0.0439802089059923,"Increase",49,66,49
"10_TPoI","tableA5_price_support_distribution_information","T1",80,0.0439802089059923,"Increase",59,79,59
"10_TPoI","tableA5_price_support_distribution_information","T1",80,0.0439802089059923,"Increase",62,84,62
"10_TPoI","tableA5_price_support_distribution_information","T1",80,0.0439802089059923,"Increase",74,97,74
"10_TPoI","tableA5_price_support_distribution_information","T1",80,0.0439802089059923,"Increase",91,118,91
"10_TPoI","tableA5_price_support_distribution_information","T1",80,0.0439802089059923,"Increase",93,122,93
"10_TPoI","tableA5_price_support_distribution_information","T1",80,0.0439802089059923,"Increase",100,131,100
"10_TPoI","tableA5_price_support_distribution_information","T1",80,0.0439802089059923,"Increase",104,137,104
"10_TPoI","tableA5_price_support_distribution_information","T1",80,0.0439802089059923,"Increase",114,148,114
"10_TPoI","tableA5_price_support_distribution_information","T1",80,0.0439802089059923,"Increase",119,153,119
"10_TPoI","tableA5_price_support_distribution_information","T1",80,0.0439802089059923,"Increase",123,158,123
"10_TPoI","tableA5_price_support_distribution_information","T1",80,0.0439802089059923,"Increase",166,216,166
"10_TPoI","tableA5_price_support_distribution_information","T1",80,0.0439802089059923,"Increase",169,221,169
"10_TPoI","tableA5_price_support_distribution_information","T1",80,0.0439802089059923,"Increase",183,236,183
"10_TPoI","tableA5_price_support_distribution_information","T1",80,0.0439802089059923,"Increase",216,274,216
"10_TPoI","tableA5_price_support_distribution_information","T1",80,0.0439802089059923,"Increase",218,276,218
"10_TPoI","tableA5_price_support_distribution_information","T1",80,0.0439802089059923,"Increase",220,278,220
"10_TPoI","tableA5_price_support_distribution_information","T1",80,0.0439802089059923,"Increase",224,284,224
"10_TPoI","tableA5_price_support_distribution_information","T1",80,0.0439802089059923,"Increase",226,286,226
"10_TPoI","tableA5_price_support_distribution_information","T1",80,0.0439802089059923,"Increase",227,287,227
"10_TPoI","tableA5_price_support_distribution_information","T1",80,0.0439802089059923,"Increase",239,300,239
"10_TPoI","tableA5_price_support_distribution_information","T1",80,0.0439802089059923,"Increase",245,309,245
"10_TPoI","tableA5_price_support_distribution_information","T1",80,0.0439802089059923,"Increase",269,344,269
"10_TPoI","tableA5_price_support_distribution_information","T1",80,0.0439802089059923,"Increase",283,361,283
"10_TPoI","tableA5_price_support_distribution_information","T1",80,0.0439802089059923,"Increase",290,370,290
"10_TPoI","tableA5_price_support_distribution_information","T1",80,0.0439802089059923,"Increase",292,372,292
"10_TPoI","tableA5_price_support_distribution_information","T1",80,0.0439802089059923,"Increase",309,396,309
"10_TPoI","tableA5_price_support_distribution_information","T1",80,0.0439802089059923,"Increase",336,432,336
"10_TPoI","tableA5_price_support_distribution_information","T1",80,0.0439802089059923,"Increase",337,433,337
"10_TPoI","tableA5_price_support_distribution_information","T1",80,0.0439802089059923,"Increase",357,459,357
"10_TPoI","tableA5_price_support_distribution_information","T1",80,0.0439802089059923,"Increase",385,495,385
"10_TPoI","tableA5_price_support_distribution_information","T1",80,0.0439802089059923,"Increase",412,531,412
"10_TPoI","tableA5_price_support_distribution_information","T1",80,0.0439802089059923,"Increase",414,533,414
"10_TPoI","tableA5_price_support_distribution_information","T1",80,0.0439802089059923,"Increase",419,539,419
"10_TPoI","tableA5_price_support_distribution_information","T1",80,0.0439802089059923,"Increase",423,543,423
"10_TPoI","tableA5_price_support_distribution_information","T1",80,0.0439802089059923,"Increase",433,555,433
"10_TPoI","tableA5_price_support_distribution_information","T1",80,0.0439802089059923,"Increase",442,565,442
"10_TPoI","tableA5_price_support_distribution_information","T1",80,0.0439802089059923,"Increase",450,578,450
"10_TPoI","tableA5_price_support_distribution_information","T1",80,0.0439802089059923,"Increase",463,597,463
"10_TPoI","tableA5_price_support_distribution_information","T1",80,0.0439802089059923,"Increase",464,598,464
"10_TPoI","tableA5_price_support_distribution_information","T1",80,0.0439802089059923,"Increase",467,601,467
"10_TPoI","tableA5_price_support_distribution_information","T1",80,0.0439802089059923,"Increase",497,640,497
"10_TPoI","tableA5_price_support_distribution_information","T1",80,0.0439802089059923,"Increase",504,648,504
"10_TPoI","tableA5_price_support_distribution_information","T1",80,0.0439802089059923,"Increase",521,670,521
"10_TPoI","tableA5_price_support_distribution_information","T1",80,0.0439802089059923,"Increase",567,735,567
"10_TPoI","tableA5_price_support_distribution_information","T1",80,0.0439802089059923,"Increase",569,737,569
"10_TPoI","tableA5_price_support_distribution_information","T1",80,0.0439802089059923,"Increase",589,767,589
"10_TPoI","tableA5_price_support_distribution_information","T1",80,0.0439802089059923,"Increase",590,768,590
"10_TPoI","tableA5_price_support_distribution_information","T1",80,0.0439802089059923,"Increase",597,777,597
"10_TPoI","tableA5_price_support_distribution_information","T1",80,0.0439802089059923,"Increase",604,787,604
"10_TPoI","tableA5_price_support_distribution_information","T1",80,0.0439802089059923,"Increase",613,796,613
"10_TPoI","tableA5_price_support_distribution_information","T1",80,0.0439802089059923,"Increase",627,814,627
"10_TPoI","tableA5_price_support_distribution_information","T1",80,0.0439802089059923,"Increase",633,821,633
"10_TPoI","tableA5_price_support_distribution_information","T1",80,0.0439802089059923,"Increase",662,856,662
"10_TPoI","tableA5_price_support_distribution_information","T1",80,0.0439802089059923,"Increase",669,864,669
"10_TPoI","tableA5_price_support_distribution_information","T1",80,0.0439802089059923,"Increase",672,867,672
"10_TPoI","tableA5_price_support_distribution_information","T1",80,0.0439802089059923,"Increase",673,868,673
"10_TPoI","tableA5_price_support_distribution_information","T1",80,0.0439802089059923,"Increase",684,881,684
"10_TPoI","tableA5_price_support_distribution_information","T1",80,0.0439802089059923,"Increase",685,882,685
"10_TPoI","tableA5_price_support_distribution_information","T1",80,0.0439802089059923,"Increase",691,889,691
"10_TPoI","tableA5_price_support_distribution_information","T1",80,0.0439802089059923,"Increase",700,902,700
"10_TPoI","tableA5_price_support_distribution_information","T1",80,0.0439802089059923,"Increase",732,939,732
"10_TPoI","tableA5_price_support_distribution_information","T1",80,0.0439802089059923,"Increase",759,973,759
"10_TPoI","tableA5_price_support_distribution_information","T1",80,0.0439802089059923,"Increase",763,978,763
"10_TPoI","tableA5_price_support_distribution_information","T1",80,0.0439802089059923,"Increase",784,1007,784
"10_TPoI","tableA5_price_support_distribution_information","T1",80,0.0439802089059923,"Increase",816,1044,816
"10_TPoI","tableA5_price_support_distribution_information","T1",80,0.0439802089059923,"Increase",829,1061,829
"10_TPoI","tableA5_price_support_distribution_information","T1",80,0.0439802089059923,"Increase",847,1081,847
"10_TPoI","tableA5_price_support_distribution_information","T1",80,0.0439802089059923,"Increase",897,1152,897
"10_TPoI","tableA5_price_support_distribution_information","T1",80,0.0439802089059923,"Increase",902,1159,902
"10_TPoI","tableA5_price_support_distribution_information","T1",80,0.0439802089059923,"Increase",911,1176,911
"10_TPoI","tableA5_price_support_distribution_information","T1",80,0.0439802089059923,"Increase",934,1202,934
"10_TPoI","tableA5_price_support_distribution_information","T1",80,0.0439802089059923,"Increase",1000,1293,1000
"10_TPoI","tableA5_price_support_distribution_information","T1",80,0.0439802089059923,"Increase",1013,1308,1013
"10_TPoI","tableA5_price_support_distribution_information","T1",80,0.0439802089059923,"Increase",1019,1318,1019
"10_TPoI","tableA5_price_support_distribution_information","T1",80,0.0439802089059923,"Increase",1028,1330,1028
"10_TPoI","tableA5_price_support_distribution_information","T1",81,0.0445299615173172,"Increase",4,6,4
"10_TPoI","tableA5_price_support_distribution_information","T1",81,0.0445299615173172,"Increase",7,10,7
"10_TPoI","tableA5_price_support_distribution_information","T1",81,0.0445299615173172,"Increase",18,27,18
"10_TPoI","tableA5_price_support_distribution_information","T1",81,0.0445299615173172,"Increase",45,60,45
"10_TPoI","tableA5_price_support_distribution_information","T1",81,0.0445299615173172,"Increase",49,66,49
"10_TPoI","tableA5_price_support_distribution_information","T1",81,0.0445299615173172,"Increase",59,79,59
"10_TPoI","tableA5_price_support_distribution_information","T1",81,0.0445299615173172,"Increase",62,84,62
"10_TPoI","tableA5_price_support_distribution_information","T1",81,0.0445299615173172,"Increase",74,97,74
"10_TPoI","tableA5_price_support_distribution_information","T1",81,0.0445299615173172,"Increase",91,118,91
"10_TPoI","tableA5_price_support_distribution_information","T1",81,0.0445299615173172,"Increase",93,122,93
"10_TPoI","tableA5_price_support_distribution_information","T1",81,0.0445299615173172,"Increase",100,131,100
"10_TPoI","tableA5_price_support_distribution_information","T1",81,0.0445299615173172,"Increase",104,137,104
"10_TPoI","tableA5_price_support_distribution_information","T1",81,0.0445299615173172,"Increase",114,148,114
"10_TPoI","tableA5_price_support_distribution_information","T1",81,0.0445299615173172,"Increase",119,153,119
"10_TPoI","tableA5_price_support_distribution_information","T1",81,0.0445299615173172,"Increase",123,158,123
"10_TPoI","tableA5_price_support_distribution_information","T1",81,0.0445299615173172,"Increase",166,216,166
"10_TPoI","tableA5_price_support_distribution_information","T1",81,0.0445299615173172,"Increase",169,221,169
"10_TPoI","tableA5_price_support_distribution_information","T1",81,0.0445299615173172,"Increase",183,236,183
"10_TPoI","tableA5_price_support_distribution_information","T1",81,0.0445299615173172,"Increase",216,274,216
"10_TPoI","tableA5_price_support_distribution_information","T1",81,0.0445299615173172,"Increase",218,276,218
"10_TPoI","tableA5_price_support_distribution_information","T1",81,0.0445299615173172,"Increase",220,278,220
"10_TPoI","tableA5_price_support_distribution_information","T1",81,0.0445299615173172,"Increase",224,284,224
"10_TPoI","tableA5_price_support_distribution_information","T1",81,0.0445299615173172,"Increase",226,286,226
"10_TPoI","tableA5_price_support_distribution_information","T1",81,0.0445299615173172,"Increase",227,287,227
"10_TPoI","tableA5_price_support_distribution_information","T1",81,0.0445299615173172,"Increase",239,300,239
"10_TPoI","tableA5_price_support_distribution_information","T1",81,0.0445299615173172,"Increase",245,309,245
"10_TPoI","tableA5_price_support_distribution_information","T1",81,0.0445299615173172,"Increase",269,344,269
"10_TPoI","tableA5_price_support_distribution_information","T1",81,0.0445299615173172,"Increase",283,361,283
"10_TPoI","tableA5_price_support_distribution_information","T1",81,0.0445299615173172,"Increase",290,370,290
"10_TPoI","tableA5_price_support_distribution_information","T1",81,0.0445299615173172,"Increase",292,372,292
"10_TPoI","tableA5_price_support_distribution_information","T1",81,0.0445299615173172,"Increase",309,396,309
"10_TPoI","tableA5_price_support_distribution_information","T1",81,0.0445299615173172,"Increase",336,432,336
"10_TPoI","tableA5_price_support_distribution_information","T1",81,0.0445299615173172,"Increase",337,433,337
"10_TPoI","tableA5_price_support_distribution_information","T1",81,0.0445299615173172,"Increase",357,459,357
"10_TPoI","tableA5_price_support_distribution_information","T1",81,0.0445299615173172,"Increase",385,495,385
"10_TPoI","tableA5_price_support_distribution_information","T1",81,0.0445299615173172,"Increase",412,531,412
"10_TPoI","tableA5_price_support_distribution_information","T1",81,0.0445299615173172,"Increase",414,533,414
"10_TPoI","tableA5_price_support_distribution_information","T1",81,0.0445299615173172,"Increase",419,539,419
"10_TPoI","tableA5_price_support_distribution_information","T1",81,0.0445299615173172,"Increase",423,543,423
"10_TPoI","tableA5_price_support_distribution_information","T1",81,0.0445299615173172,"Increase",433,555,433
"10_TPoI","tableA5_price_support_distribution_information","T1",81,0.0445299615173172,"Increase",442,565,442
"10_TPoI","tableA5_price_support_distribution_information","T1",81,0.0445299615173172,"Increase",450,578,450
"10_TPoI","tableA5_price_support_distribution_information","T1",81,0.0445299615173172,"Increase",463,597,463
"10_TPoI","tableA5_price_support_distribution_information","T1",81,0.0445299615173172,"Increase",464,598,464
"10_TPoI","tableA5_price_support_distribution_information","T1",81,0.0445299615173172,"Increase",467,601,467
"10_TPoI","tableA5_price_support_distribution_information","T1",81,0.0445299615173172,"Increase",497,640,497
"10_TPoI","tableA5_price_support_distribution_information","T1",81,0.0445299615173172,"Increase",504,648,504
"10_TPoI","tableA5_price_support_distribution_information","T1",81,0.0445299615173172,"Increase",521,670,521
"10_TPoI","tableA5_price_support_distribution_information","T1",81,0.0445299615173172,"Increase",567,735,567
"10_TPoI","tableA5_price_support_distribution_information","T1",81,0.0445299615173172,"Increase",569,737,569
"10_TPoI","tableA5_price_support_distribution_information","T1",81,0.0445299615173172,"Increase",589,767,589
"10_TPoI","tableA5_price_support_distribution_information","T1",81,0.0445299615173172,"Increase",590,768,590
"10_TPoI","tableA5_price_support_distribution_information","T1",81,0.0445299615173172,"Increase",597,777,597
"10_TPoI","tableA5_price_support_distribution_information","T1",81,0.0445299615173172,"Increase",604,787,604
"10_TPoI","tableA5_price_support_distribution_information","T1",81,0.0445299615173172,"Increase",613,796,613
"10_TPoI","tableA5_price_support_distribution_information","T1",81,0.0445299615173172,"Increase",627,814,627
"10_TPoI","tableA5_price_support_distribution_information","T1",81,0.0445299615173172,"Increase",633,821,633
"10_TPoI","tableA5_price_support_distribution_information","T1",81,0.0445299615173172,"Increase",662,856,662
"10_TPoI","tableA5_price_support_distribution_information","T1",81,0.0445299615173172,"Increase",669,864,669
"10_TPoI","tableA5_price_support_distribution_information","T1",81,0.0445299615173172,"Increase",672,867,672
"10_TPoI","tableA5_price_support_distribution_information","T1",81,0.0445299615173172,"Increase",673,868,673
"10_TPoI","tableA5_price_support_distribution_information","T1",81,0.0445299615173172,"Increase",684,881,684
"10_TPoI","tableA5_price_support_distribution_information","T1",81,0.0445299615173172,"Increase",685,882,685
"10_TPoI","tableA5_price_support_distribution_information","T1",81,0.0445299615173172,"Increase",691,889,691
"10_TPoI","tableA5_price_support_distribution_information","T1",81,0.0445299615173172,"Increase",700,902,700
"10_TPoI","tableA5_price_support_distribution_information","T1",81,0.0445299615173172,"Increase",732,939,732
"10_TPoI","tableA5_price_support_distribution_information","T1",81,0.0445299615173172,"Increase",759,973,759
"10_TPoI","tableA5_price_support_distribution_information","T1",81,0.0445299615173172,"Increase",763,978,763
"10_TPoI","tableA5_price_support_distribution_information","T1",81,0.0445299615173172,"Increase",784,1007,784
"10_TPoI","tableA5_price_support_distribution_information","T1",81,0.0445299615173172,"Increase",816,1044,816
"10_TPoI","tableA5_price_support_distribution_information","T1",81,0.0445299615173172,"Increase",829,1061,829
"10_TPoI","tableA5_price_support_distribution_information","T1",81,0.0445299615173172,"Increase",847,1081,847
"10_TPoI","tableA5_price_support_distribution_information","T1",81,0.0445299615173172,"Increase",897,1152,897
"10_TPoI","tableA5_price_support_distribution_information","T1",81,0.0445299615173172,"Increase",902,1159,902
"10_TPoI","tableA5_price_support_distribution_information","T1",81,0.0445299615173172,"Increase",911,1176,911
"10_TPoI","tableA5_price_support_distribution_information","T1",81,0.0445299615173172,"Increase",934,1202,934
"10_TPoI","tableA5_price_support_distribution_information","T1",81,0.0445299615173172,"Increase",1000,1293,1000
"10_TPoI","tableA5_price_support_distribution_information","T1",81,0.0445299615173172,"Increase",1013,1308,1013
"10_TPoI","tableA5_price_support_distribution_information","T1",81,0.0445299615173172,"Increase",1019,1318,1019
"10_TPoI","tableA5_price_support_distribution_information","T1",81,0.0445299615173172,"Increase",1028,1330,1028
"10_TPoI","tableA5_price_support_distribution_information","T1",81,0.0445299615173172,"Increase",1036,1340,1036
"10_TPoI","tableA5_price_support_distribution_information","T1",82,0.0450797141286421,"Increase",4,6,4
"10_TPoI","tableA5_price_support_distribution_information","T1",82,0.0450797141286421,"Increase",7,10,7
"10_TPoI","tableA5_price_support_distribution_information","T1",82,0.0450797141286421,"Increase",18,27,18
"10_TPoI","tableA5_price_support_distribution_information","T1",82,0.0450797141286421,"Increase",45,60,45
"10_TPoI","tableA5_price_support_distribution_information","T1",82,0.0450797141286421,"Increase",49,66,49
"10_TPoI","tableA5_price_support_distribution_information","T1",82,0.0450797141286421,"Increase",59,79,59
"10_TPoI","tableA5_price_support_distribution_information","T1",82,0.0450797141286421,"Increase",62,84,62
"10_TPoI","tableA5_price_support_distribution_information","T1",82,0.0450797141286421,"Increase",74,97,74
"10_TPoI","tableA5_price_support_distribution_information","T1",82,0.0450797141286421,"Increase",91,118,91
"10_TPoI","tableA5_price_support_distribution_information","T1",82,0.0450797141286421,"Increase",93,122,93
"10_TPoI","tableA5_price_support_distribution_information","T1",82,0.0450797141286421,"Increase",100,131,100
"10_TPoI","tableA5_price_support_distribution_information","T1",82,0.0450797141286421,"Increase",104,137,104
"10_TPoI","tableA5_price_support_distribution_information","T1",82,0.0450797141286421,"Increase",114,148,114
"10_TPoI","tableA5_price_support_distribution_information","T1",82,0.0450797141286421,"Increase",119,153,119
"10_TPoI","tableA5_price_support_distribution_information","T1",82,0.0450797141286421,"Increase",123,158,123
"10_TPoI","tableA5_price_support_distribution_information","T1",82,0.0450797141286421,"Increase",166,216,166
"10_TPoI","tableA5_price_support_distribution_information","T1",82,0.0450797141286421,"Increase",169,221,169
"10_TPoI","tableA5_price_support_distribution_information","T1",82,0.0450797141286421,"Increase",183,236,183
"10_TPoI","tableA5_price_support_distribution_information","T1",82,0.0450797141286421,"Increase",216,274,216
"10_TPoI","tableA5_price_support_distribution_information","T1",82,0.0450797141286421,"Increase",218,276,218
"10_TPoI","tableA5_price_support_distribution_information","T1",82,0.0450797141286421,"Increase",220,278,220
"10_TPoI","tableA5_price_support_distribution_information","T1",82,0.0450797141286421,"Increase",224,284,224
"10_TPoI","tableA5_price_support_distribution_information","T1",82,0.0450797141286421,"Increase",226,286,226
"10_TPoI","tableA5_price_support_distribution_information","T1",82,0.0450797141286421,"Increase",227,287,227
"10_TPoI","tableA5_price_support_distribution_information","T1",82,0.0450797141286421,"Increase",239,300,239
"10_TPoI","tableA5_price_support_distribution_information","T1",82,0.0450797141286421,"Increase",245,309,245
"10_TPoI","tableA5_price_support_distribution_information","T1",82,0.0450797141286421,"Increase",269,344,269
"10_TPoI","tableA5_price_support_distribution_information","T1",82,0.0450797141286421,"Increase",283,361,283
"10_TPoI","tableA5_price_support_distribution_information","T1",82,0.0450797141286421,"Increase",290,370,290
"10_TPoI","tableA5_price_support_distribution_information","T1",82,0.0450797141286421,"Increase",292,372,292
"10_TPoI","tableA5_price_support_distribution_information","T1",82,0.0450797141286421,"Increase",309,396,309
"10_TPoI","tableA5_price_support_distribution_information","T1",82,0.0450797141286421,"Increase",336,432,336
"10_TPoI","tableA5_price_support_distribution_information","T1",82,0.0450797141286421,"Increase",337,433,337
"10_TPoI","tableA5_price_support_distribution_information","T1",82,0.0450797141286421,"Increase",357,459,357
"10_TPoI","tableA5_price_support_distribution_information","T1",82,0.0450797141286421,"Increase",385,495,385
"10_TPoI","tableA5_price_support_distribution_information","T1",82,0.0450797141286421,"Increase",412,531,412
"10_TPoI","tableA5_price_support_distribution_information","T1",82,0.0450797141286421,"Increase",414,533,414
"10_TPoI","tableA5_price_support_distribution_information","T1",82,0.0450797141286421,"Increase",419,539,419
"10_TPoI","tableA5_price_support_distribution_information","T1",82,0.0450797141286421,"Increase",423,543,423
"10_TPoI","tableA5_price_support_distribution_information","T1",82,0.0450797141286421,"Increase",433,555,433
"10_TPoI","tableA5_price_support_distribution_information","T1",82,0.0450797141286421,"Increase",442,565,442
"10_TPoI","tableA5_price_support_distribution_information","T1",82,0.0450797141286421,"Increase",450,578,450
"10_TPoI","tableA5_price_support_distribution_information","T1",82,0.0450797141286421,"Increase",463,597,463
"10_TPoI","tableA5_price_support_distribution_information","T1",82,0.0450797141286421,"Increase",464,598,464
"10_TPoI","tableA5_price_support_distribution_information","T1",82,0.0450797141286421,"Increase",467,601,467
"10_TPoI","tableA5_price_support_distribution_information","T1",82,0.0450797141286421,"Increase",497,640,497
"10_TPoI","tableA5_price_support_distribution_information","T1",82,0.0450797141286421,"Increase",504,648,504
"10_TPoI","tableA5_price_support_distribution_information","T1",82,0.0450797141286421,"Increase",521,670,521
"10_TPoI","tableA5_price_support_distribution_information","T1",82,0.0450797141286421,"Increase",567,735,567
"10_TPoI","tableA5_price_support_distribution_information","T1",82,0.0450797141286421,"Increase",569,737,569
"10_TPoI","tableA5_price_support_distribution_information","T1",82,0.0450797141286421,"Increase",589,767,589
"10_TPoI","tableA5_price_support_distribution_information","T1",82,0.0450797141286421,"Increase",590,768,590
"10_TPoI","tableA5_price_support_distribution_information","T1",82,0.0450797141286421,"Increase",597,777,597
"10_TPoI","tableA5_price_support_distribution_information","T1",82,0.0450797141286421,"Increase",604,787,604
"10_TPoI","tableA5_price_support_distribution_information","T1",82,0.0450797141286421,"Increase",613,796,613
"10_TPoI","tableA5_price_support_distribution_information","T1",82,0.0450797141286421,"Increase",627,814,627
"10_TPoI","tableA5_price_support_distribution_information","T1",82,0.0450797141286421,"Increase",633,821,633
"10_TPoI","tableA5_price_support_distribution_information","T1",82,0.0450797141286421,"Increase",662,856,662
"10_TPoI","tableA5_price_support_distribution_information","T1",82,0.0450797141286421,"Increase",669,864,669
"10_TPoI","tableA5_price_support_distribution_information","T1",82,0.0450797141286421,"Increase",672,867,672
"10_TPoI","tableA5_price_support_distribution_information","T1",82,0.0450797141286421,"Increase",673,868,673
"10_TPoI","tableA5_price_support_distribution_information","T1",82,0.0450797141286421,"Increase",684,881,684
"10_TPoI","tableA5_price_support_distribution_information","T1",82,0.0450797141286421,"Increase",685,882,685
"10_TPoI","tableA5_price_support_distribution_information","T1",82,0.0450797141286421,"Increase",691,889,691
"10_TPoI","tableA5_price_support_distribution_information","T1",82,0.0450797141286421,"Increase",700,902,700
"10_TPoI","tableA5_price_support_distribution_information","T1",82,0.0450797141286421,"Increase",732,939,732
"10_TPoI","tableA5_price_support_distribution_information","T1",82,0.0450797141286421,"Increase",759,973,759
"10_TPoI","tableA5_price_support_distribution_information","T1",82,0.0450797141286421,"Increase",763,978,763
"10_TPoI","tableA5_price_support_distribution_information","T1",82,0.0450797141286421,"Increase",784,1007,784
"10_TPoI","tableA5_price_support_distribution_information","T1",82,0.0450797141286421,"Increase",816,1044,816
"10_TPoI","tableA5_price_support_distribution_information","T1",82,0.0450797141286421,"Increase",829,1061,829
"10_TPoI","tableA5_price_support_distribution_information","T1",82,0.0450797141286421,"Increase",847,1081,847
"10_TPoI","tableA5_price_support_distribution_information","T1",82,0.0450797141286421,"Increase",897,1152,897
"10_TPoI","tableA5_price_support_distribution_information","T1",82,0.0450797141286421,"Increase",902,1159,902
"10_TPoI","tableA5_price_support_distribution_information","T1",82,0.0450797141286421,"Increase",911,1176,911
"10_TPoI","tableA5_price_support_distribution_information","T1",82,0.0450797141286421,"Increase",934,1202,934
"10_TPoI","tableA5_price_support_distribution_information","T1",82,0.0450797141286421,"Increase",1000,1293,1000
"10_TPoI","tableA5_price_support_distribution_information","T1",82,0.0450797141286421,"Increase",1013,1308,1013
"10_TPoI","tableA5_price_support_distribution_information","T1",82,0.0450797141286421,"Increase",1019,1318,1019
"10_TPoI","tableA5_price_support_distribution_information","T1",82,0.0450797141286421,"Increase",1028,1330,1028
"10_TPoI","tableA5_price_support_distribution_information","T1",82,0.0450797141286421,"Increase",1036,1340,1036
"10_TPoI","tableA5_price_support_distribution_information","T1",82,0.0450797141286421,"Increase",1037,1341,1037
"10_TPoI","tableA5_price_support_distribution_information","T1",83,0.045629466739967,"Increase",4,6,4
"10_TPoI","tableA5_price_support_distribution_information","T1",83,0.045629466739967,"Increase",7,10,7
"10_TPoI","tableA5_price_support_distribution_information","T1",83,0.045629466739967,"Increase",18,27,18
"10_TPoI","tableA5_price_support_distribution_information","T1",83,0.045629466739967,"Increase",45,60,45
"10_TPoI","tableA5_price_support_distribution_information","T1",83,0.045629466739967,"Increase",49,66,49
"10_TPoI","tableA5_price_support_distribution_information","T1",83,0.045629466739967,"Increase",59,79,59
"10_TPoI","tableA5_price_support_distribution_information","T1",83,0.045629466739967,"Increase",62,84,62
"10_TPoI","tableA5_price_support_distribution_information","T1",83,0.045629466739967,"Increase",74,97,74
"10_TPoI","tableA5_price_support_distribution_information","T1",83,0.045629466739967,"Increase",91,118,91
"10_TPoI","tableA5_price_support_distribution_information","T1",83,0.045629466739967,"Increase",93,122,93
"10_TPoI","tableA5_price_support_distribution_information","T1",83,0.045629466739967,"Increase",100,131,100
"10_TPoI","tableA5_price_support_distribution_information","T1",83,0.045629466739967,"Increase",104,137,104
"10_TPoI","tableA5_price_support_distribution_information","T1",83,0.045629466739967,"Increase",114,148,114
"10_TPoI","tableA5_price_support_distribution_information","T1",83,0.045629466739967,"Increase",119,153,119
"10_TPoI","tableA5_price_support_distribution_information","T1",83,0.045629466739967,"Increase",123,158,123
"10_TPoI","tableA5_price_support_distribution_information","T1",83,0.045629466739967,"Increase",166,216,166
"10_TPoI","tableA5_price_support_distribution_information","T1",83,0.045629466739967,"Increase",169,221,169
"10_TPoI","tableA5_price_support_distribution_information","T1",83,0.045629466739967,"Increase",183,236,183
"10_TPoI","tableA5_price_support_distribution_information","T1",83,0.045629466739967,"Increase",216,274,216
"10_TPoI","tableA5_price_support_distribution_information","T1",83,0.045629466739967,"Increase",218,276,218
"10_TPoI","tableA5_price_support_distribution_information","T1",83,0.045629466739967,"Increase",220,278,220
"10_TPoI","tableA5_price_support_distribution_information","T1",83,0.045629466739967,"Increase",224,284,224
"10_TPoI","tableA5_price_support_distribution_information","T1",83,0.045629466739967,"Increase",226,286,226
"10_TPoI","tableA5_price_support_distribution_information","T1",83,0.045629466739967,"Increase",227,287,227
"10_TPoI","tableA5_price_support_distribution_information","T1",83,0.045629466739967,"Increase",239,300,239
"10_TPoI","tableA5_price_support_distribution_information","T1",83,0.045629466739967,"Increase",245,309,245
"10_TPoI","tableA5_price_support_distribution_information","T1",83,0.045629466739967,"Increase",269,344,269
"10_TPoI","tableA5_price_support_distribution_information","T1",83,0.045629466739967,"Increase",283,361,283
"10_TPoI","tableA5_price_support_distribution_information","T1",83,0.045629466739967,"Increase",290,370,290
"10_TPoI","tableA5_price_support_distribution_information","T1",83,0.045629466739967,"Increase",292,372,292
"10_TPoI","tableA5_price_support_distribution_information","T1",83,0.045629466739967,"Increase",309,396,309
"10_TPoI","tableA5_price_support_distribution_information","T1",83,0.045629466739967,"Increase",336,432,336
"10_TPoI","tableA5_price_support_distribution_information","T1",83,0.045629466739967,"Increase",337,433,337
"10_TPoI","tableA5_price_support_distribution_information","T1",83,0.045629466739967,"Increase",357,459,357
"10_TPoI","tableA5_price_support_distribution_information","T1",83,0.045629466739967,"Increase",385,495,385
"10_TPoI","tableA5_price_support_distribution_information","T1",83,0.045629466739967,"Increase",412,531,412
"10_TPoI","tableA5_price_support_distribution_information","T1",83,0.045629466739967,"Increase",414,533,414
"10_TPoI","tableA5_price_support_distribution_information","T1",83,0.045629466739967,"Increase",419,539,419
"10_TPoI","tableA5_price_support_distribution_information","T1",83,0.045629466739967,"Increase",423,543,423
"10_TPoI","tableA5_price_support_distribution_information","T1",83,0.045629466739967,"Increase",433,555,433
"10_TPoI","tableA5_price_support_distribution_information","T1",83,0.045629466739967,"Increase",442,565,442
"10_TPoI","tableA5_price_support_distribution_information","T1",83,0.045629466739967,"Increase",450,578,450
"10_TPoI","tableA5_price_support_distribution_information","T1",83,0.045629466739967,"Increase",463,597,463
"10_TPoI","tableA5_price_support_distribution_information","T1",83,0.045629466739967,"Increase",464,598,464
"10_TPoI","tableA5_price_support_distribution_information","T1",83,0.045629466739967,"Increase",467,601,467
"10_TPoI","tableA5_price_support_distribution_information","T1",83,0.045629466739967,"Increase",497,640,497
"10_TPoI","tableA5_price_support_distribution_information","T1",83,0.045629466739967,"Increase",504,648,504
"10_TPoI","tableA5_price_support_distribution_information","T1",83,0.045629466739967,"Increase",521,670,521
"10_TPoI","tableA5_price_support_distribution_information","T1",83,0.045629466739967,"Increase",567,735,567
"10_TPoI","tableA5_price_support_distribution_information","T1",83,0.045629466739967,"Increase",569,737,569
"10_TPoI","tableA5_price_support_distribution_information","T1",83,0.045629466739967,"Increase",589,767,589
"10_TPoI","tableA5_price_support_distribution_information","T1",83,0.045629466739967,"Increase",590,768,590
"10_TPoI","tableA5_price_support_distribution_information","T1",83,0.045629466739967,"Increase",597,777,597
"10_TPoI","tableA5_price_support_distribution_information","T1",83,0.045629466739967,"Increase",604,787,604
"10_TPoI","tableA5_price_support_distribution_information","T1",83,0.045629466739967,"Increase",613,796,613
"10_TPoI","tableA5_price_support_distribution_information","T1",83,0.045629466739967,"Increase",627,814,627
"10_TPoI","tableA5_price_support_distribution_information","T1",83,0.045629466739967,"Increase",633,821,633
"10_TPoI","tableA5_price_support_distribution_information","T1",83,0.045629466739967,"Increase",662,856,662
"10_TPoI","tableA5_price_support_distribution_information","T1",83,0.045629466739967,"Increase",669,864,669
"10_TPoI","tableA5_price_support_distribution_information","T1",83,0.045629466739967,"Increase",672,867,672
"10_TPoI","tableA5_price_support_distribution_information","T1",83,0.045629466739967,"Increase",673,868,673
"10_TPoI","tableA5_price_support_distribution_information","T1",83,0.045629466739967,"Increase",684,881,684
"10_TPoI","tableA5_price_support_distribution_information","T1",83,0.045629466739967,"Increase",685,882,685
"10_TPoI","tableA5_price_support_distribution_information","T1",83,0.045629466739967,"Increase",691,889,691
"10_TPoI","tableA5_price_support_distribution_information","T1",83,0.045629466739967,"Increase",700,902,700
"10_TPoI","tableA5_price_support_distribution_information","T1",83,0.045629466739967,"Increase",732,939,732
"10_TPoI","tableA5_price_support_distribution_information","T1",83,0.045629466739967,"Increase",759,973,759
"10_TPoI","tableA5_price_support_distribution_information","T1",83,0.045629466739967,"Increase",763,978,763
"10_TPoI","tableA5_price_support_distribution_information","T1",83,0.045629466739967,"Increase",784,1007,784
"10_TPoI","tableA5_price_support_distribution_information","T1",83,0.045629466739967,"Increase",816,1044,816
"10_TPoI","tableA5_price_support_distribution_information","T1",83,0.045629466739967,"Increase",829,1061,829
"10_TPoI","tableA5_price_support_distribution_information","T1",83,0.045629466739967,"Increase",847,1081,847
"10_TPoI","tableA5_price_support_distribution_information","T1",83,0.045629466739967,"Increase",897,1152,897
"10_TPoI","tableA5_price_support_distribution_information","T1",83,0.045629466739967,"Increase",902,1159,902
"10_TPoI","tableA5_price_support_distribution_information","T1",83,0.045629466739967,"Increase",911,1176,911
"10_TPoI","tableA5_price_support_distribution_information","T1",83,0.045629466739967,"Increase",934,1202,934
"10_TPoI","tableA5_price_support_distribution_information","T1",83,0.045629466739967,"Increase",1000,1293,1000
"10_TPoI","tableA5_price_support_distribution_information","T1",83,0.045629466739967,"Increase",1013,1308,1013
"10_TPoI","tableA5_price_support_distribution_information","T1",83,0.045629466739967,"Increase",1019,1318,1019
"10_TPoI","tableA5_price_support_distribution_information","T1",83,0.045629466739967,"Increase",1028,1330,1028
"10_TPoI","tableA5_price_support_distribution_information","T1",83,0.045629466739967,"Increase",1036,1340,1036
"10_TPoI","tableA5_price_support_distribution_information","T1",83,0.045629466739967,"Increase",1037,1341,1037
"10_TPoI","tableA5_price_support_distribution_information","T1",83,0.045629466739967,"Increase",1042,1348,1042
"10_TPoI","tableA5_price_support_distribution_information","T1",84,0.0461792193512919,"Increase",4,6,4
"10_TPoI","tableA5_price_support_distribution_information","T1",84,0.0461792193512919,"Increase",7,10,7
"10_TPoI","tableA5_price_support_distribution_information","T1",84,0.0461792193512919,"Increase",18,27,18
"10_TPoI","tableA5_price_support_distribution_information","T1",84,0.0461792193512919,"Increase",45,60,45
"10_TPoI","tableA5_price_support_distribution_information","T1",84,0.0461792193512919,"Increase",49,66,49
"10_TPoI","tableA5_price_support_distribution_information","T1",84,0.0461792193512919,"Increase",59,79,59
"10_TPoI","tableA5_price_support_distribution_information","T1",84,0.0461792193512919,"Increase",62,84,62
"10_TPoI","tableA5_price_support_distribution_information","T1",84,0.0461792193512919,"Increase",74,97,74
"10_TPoI","tableA5_price_support_distribution_information","T1",84,0.0461792193512919,"Increase",91,118,91
"10_TPoI","tableA5_price_support_distribution_information","T1",84,0.0461792193512919,"Increase",93,122,93
"10_TPoI","tableA5_price_support_distribution_information","T1",84,0.0461792193512919,"Increase",100,131,100
"10_TPoI","tableA5_price_support_distribution_information","T1",84,0.0461792193512919,"Increase",104,137,104
"10_TPoI","tableA5_price_support_distribution_information","T1",84,0.0461792193512919,"Increase",114,148,114
"10_TPoI","tableA5_price_support_distribution_information","T1",84,0.0461792193512919,"Increase",119,153,119
"10_TPoI","tableA5_price_support_distribution_information","T1",84,0.0461792193512919,"Increase",123,158,123
"10_TPoI","tableA5_price_support_distribution_information","T1",84,0.0461792193512919,"Increase",166,216,166
"10_TPoI","tableA5_price_support_distribution_information","T1",84,0.0461792193512919,"Increase",169,221,169
"10_TPoI","tableA5_price_support_distribution_information","T1",84,0.0461792193512919,"Increase",183,236,183
"10_TPoI","tableA5_price_support_distribution_information","T1",84,0.0461792193512919,"Increase",216,274,216
"10_TPoI","tableA5_price_support_distribution_information","T1",84,0.0461792193512919,"Increase",218,276,218
"10_TPoI","tableA5_price_support_distribution_information","T1",84,0.0461792193512919,"Increase",220,278,220
"10_TPoI","tableA5_price_support_distribution_information","T1",84,0.0461792193512919,"Increase",224,284,224
"10_TPoI","tableA5_price_support_distribution_information","T1",84,0.0461792193512919,"Increase",226,286,226
"10_TPoI","tableA5_price_support_distribution_information","T1",84,0.0461792193512919,"Increase",227,287,227
"10_TPoI","tableA5_price_support_distribution_information","T1",84,0.0461792193512919,"Increase",239,300,239
"10_TPoI","tableA5_price_support_distribution_information","T1",84,0.0461792193512919,"Increase",245,309,245
"10_TPoI","tableA5_price_support_distribution_information","T1",84,0.0461792193512919,"Increase",269,344,269
"10_TPoI","tableA5_price_support_distribution_information","T1",84,0.0461792193512919,"Increase",283,361,283
"10_TPoI","tableA5_price_support_distribution_information","T1",84,0.0461792193512919,"Increase",290,370,290
"10_TPoI","tableA5_price_support_distribution_information","T1",84,0.0461792193512919,"Increase",292,372,292
"10_TPoI","tableA5_price_support_distribution_information","T1",84,0.0461792193512919,"Increase",309,396,309
"10_TPoI","tableA5_price_support_distribution_information","T1",84,0.0461792193512919,"Increase",336,432,336
"10_TPoI","tableA5_price_support_distribution_information","T1",84,0.0461792193512919,"Increase",337,433,337
"10_TPoI","tableA5_price_support_distribution_information","T1",84,0.0461792193512919,"Increase",357,459,357
"10_TPoI","tableA5_price_support_distribution_information","T1",84,0.0461792193512919,"Increase",385,495,385
"10_TPoI","tableA5_price_support_distribution_information","T1",84,0.0461792193512919,"Increase",412,531,412
"10_TPoI","tableA5_price_support_distribution_information","T1",84,0.0461792193512919,"Increase",414,533,414
"10_TPoI","tableA5_price_support_distribution_information","T1",84,0.0461792193512919,"Increase",419,539,419
"10_TPoI","tableA5_price_support_distribution_information","T1",84,0.0461792193512919,"Increase",423,543,423
"10_TPoI","tableA5_price_support_distribution_information","T1",84,0.0461792193512919,"Increase",433,555,433
"10_TPoI","tableA5_price_support_distribution_information","T1",84,0.0461792193512919,"Increase",442,565,442
"10_TPoI","tableA5_price_support_distribution_information","T1",84,0.0461792193512919,"Increase",450,578,450
"10_TPoI","tableA5_price_support_distribution_information","T1",84,0.0461792193512919,"Increase",463,597,463
"10_TPoI","tableA5_price_support_distribution_information","T1",84,0.0461792193512919,"Increase",464,598,464
"10_TPoI","tableA5_price_support_distribution_information","T1",84,0.0461792193512919,"Increase",467,601,467
"10_TPoI","tableA5_price_support_distribution_information","T1",84,0.0461792193512919,"Increase",497,640,497
"10_TPoI","tableA5_price_support_distribution_information","T1",84,0.0461792193512919,"Increase",504,648,504
"10_TPoI","tableA5_price_support_distribution_information","T1",84,0.0461792193512919,"Increase",521,670,521
"10_TPoI","tableA5_price_support_distribution_information","T1",84,0.0461792193512919,"Increase",567,735,567
"10_TPoI","tableA5_price_support_distribution_information","T1",84,0.0461792193512919,"Increase",569,737,569
"10_TPoI","tableA5_price_support_distribution_information","T1",84,0.0461792193512919,"Increase",589,767,589
"10_TPoI","tableA5_price_support_distribution_information","T1",84,0.0461792193512919,"Increase",590,768,590
"10_TPoI","tableA5_price_support_distribution_information","T1",84,0.0461792193512919,"Increase",597,777,597
"10_TPoI","tableA5_price_support_distribution_information","T1",84,0.0461792193512919,"Increase",604,787,604
"10_TPoI","tableA5_price_support_distribution_information","T1",84,0.0461792193512919,"Increase",613,796,613
"10_TPoI","tableA5_price_support_distribution_information","T1",84,0.0461792193512919,"Increase",627,814,627
"10_TPoI","tableA5_price_support_distribution_information","T1",84,0.0461792193512919,"Increase",633,821,633
"10_TPoI","tableA5_price_support_distribution_information","T1",84,0.0461792193512919,"Increase",662,856,662
"10_TPoI","tableA5_price_support_distribution_information","T1",84,0.0461792193512919,"Increase",669,864,669
"10_TPoI","tableA5_price_support_distribution_information","T1",84,0.0461792193512919,"Increase",672,867,672
"10_TPoI","tableA5_price_support_distribution_information","T1",84,0.0461792193512919,"Increase",673,868,673
"10_TPoI","tableA5_price_support_distribution_information","T1",84,0.0461792193512919,"Increase",684,881,684
"10_TPoI","tableA5_price_support_distribution_information","T1",84,0.0461792193512919,"Increase",685,882,685
"10_TPoI","tableA5_price_support_distribution_information","T1",84,0.0461792193512919,"Increase",691,889,691
"10_TPoI","tableA5_price_support_distribution_information","T1",84,0.0461792193512919,"Increase",700,902,700
"10_TPoI","tableA5_price_support_distribution_information","T1",84,0.0461792193512919,"Increase",732,939,732
"10_TPoI","tableA5_price_support_distribution_information","T1",84,0.0461792193512919,"Increase",759,973,759
"10_TPoI","tableA5_price_support_distribution_information","T1",84,0.0461792193512919,"Increase",763,978,763
"10_TPoI","tableA5_price_support_distribution_information","T1",84,0.0461792193512919,"Increase",784,1007,784
"10_TPoI","tableA5_price_support_distribution_information","T1",84,0.0461792193512919,"Increase",816,1044,816
"10_TPoI","tableA5_price_support_distribution_information","T1",84,0.0461792193512919,"Increase",829,1061,829
"10_TPoI","tableA5_price_support_distribution_information","T1",84,0.0461792193512919,"Increase",847,1081,847
"10_TPoI","tableA5_price_support_distribution_information","T1",84,0.0461792193512919,"Increase",897,1152,897
"10_TPoI","tableA5_price_support_distribution_information","T1",84,0.0461792193512919,"Increase",902,1159,902
"10_TPoI","tableA5_price_support_distribution_information","T1",84,0.0461792193512919,"Increase",911,1176,911
"10_TPoI","tableA5_price_support_distribution_information","T1",84,0.0461792193512919,"Increase",934,1202,934
"10_TPoI","tableA5_price_support_distribution_information","T1",84,0.0461792193512919,"Increase",1000,1293,1000
"10_TPoI","tableA5_price_support_distribution_information","T1",84,0.0461792193512919,"Increase",1013,1308,1013
"10_TPoI","tableA5_price_support_distribution_information","T1",84,0.0461792193512919,"Increase",1019,1318,1019
"10_TPoI","tableA5_price_support_distribution_information","T1",84,0.0461792193512919,"Increase",1028,1330,1028
"10_TPoI","tableA5_price_support_distribution_information","T1",84,0.0461792193512919,"Increase",1036,1340,1036
"10_TPoI","tableA5_price_support_distribution_information","T1",84,0.0461792193512919,"Increase",1037,1341,1037
"10_TPoI","tableA5_price_support_distribution_information","T1",84,0.0461792193512919,"Increase",1042,1348,1042
"10_TPoI","tableA5_price_support_distribution_information","T1",84,0.0461792193512919,"Increase",1070,1385,1070
"10_TPoI","tableA5_price_support_distribution_information","T1",85,0.0467289719626168,"Increase",4,6,4
"10_TPoI","tableA5_price_support_distribution_information","T1",85,0.0467289719626168,"Increase",7,10,7
"10_TPoI","tableA5_price_support_distribution_information","T1",85,0.0467289719626168,"Increase",18,27,18
"10_TPoI","tableA5_price_support_distribution_information","T1",85,0.0467289719626168,"Increase",45,60,45
"10_TPoI","tableA5_price_support_distribution_information","T1",85,0.0467289719626168,"Increase",49,66,49
"10_TPoI","tableA5_price_support_distribution_information","T1",85,0.0467289719626168,"Increase",59,79,59
"10_TPoI","tableA5_price_support_distribution_information","T1",85,0.0467289719626168,"Increase",62,84,62
"10_TPoI","tableA5_price_support_distribution_information","T1",85,0.0467289719626168,"Increase",74,97,74
"10_TPoI","tableA5_price_support_distribution_information","T1",85,0.0467289719626168,"Increase",91,118,91
"10_TPoI","tableA5_price_support_distribution_information","T1",85,0.0467289719626168,"Increase",93,122,93
"10_TPoI","tableA5_price_support_distribution_information","T1",85,0.0467289719626168,"Increase",100,131,100
"10_TPoI","tableA5_price_support_distribution_information","T1",85,0.0467289719626168,"Increase",104,137,104
"10_TPoI","tableA5_price_support_distribution_information","T1",85,0.0467289719626168,"Increase",114,148,114
"10_TPoI","tableA5_price_support_distribution_information","T1",85,0.0467289719626168,"Increase",119,153,119
"10_TPoI","tableA5_price_support_distribution_information","T1",85,0.0467289719626168,"Increase",123,158,123
"10_TPoI","tableA5_price_support_distribution_information","T1",85,0.0467289719626168,"Increase",166,216,166
"10_TPoI","tableA5_price_support_distribution_information","T1",85,0.0467289719626168,"Increase",169,221,169
"10_TPoI","tableA5_price_support_distribution_information","T1",85,0.0467289719626168,"Increase",183,236,183
"10_TPoI","tableA5_price_support_distribution_information","T1",85,0.0467289719626168,"Increase",216,274,216
"10_TPoI","tableA5_price_support_distribution_information","T1",85,0.0467289719626168,"Increase",218,276,218
"10_TPoI","tableA5_price_support_distribution_information","T1",85,0.0467289719626168,"Increase",220,278,220
"10_TPoI","tableA5_price_support_distribution_information","T1",85,0.0467289719626168,"Increase",224,284,224
"10_TPoI","tableA5_price_support_distribution_information","T1",85,0.0467289719626168,"Increase",226,286,226
"10_TPoI","tableA5_price_support_distribution_information","T1",85,0.0467289719626168,"Increase",227,287,227
"10_TPoI","tableA5_price_support_distribution_information","T1",85,0.0467289719626168,"Increase",239,300,239
"10_TPoI","tableA5_price_support_distribution_information","T1",85,0.0467289719626168,"Increase",245,309,245
"10_TPoI","tableA5_price_support_distribution_information","T1",85,0.0467289719626168,"Increase",269,344,269
"10_TPoI","tableA5_price_support_distribution_information","T1",85,0.0467289719626168,"Increase",283,361,283
"10_TPoI","tableA5_price_support_distribution_information","T1",85,0.0467289719626168,"Increase",290,370,290
"10_TPoI","tableA5_price_support_distribution_information","T1",85,0.0467289719626168,"Increase",292,372,292
"10_TPoI","tableA5_price_support_distribution_information","T1",85,0.0467289719626168,"Increase",309,396,309
"10_TPoI","tableA5_price_support_distribution_information","T1",85,0.0467289719626168,"Increase",336,432,336
"10_TPoI","tableA5_price_support_distribution_information","T1",85,0.0467289719626168,"Increase",337,433,337
"10_TPoI","tableA5_price_support_distribution_information","T1",85,0.0467289719626168,"Increase",357,459,357
"10_TPoI","tableA5_price_support_distribution_information","T1",85,0.0467289719626168,"Increase",385,495,385
"10_TPoI","tableA5_price_support_distribution_information","T1",85,0.0467289719626168,"Increase",412,531,412
"10_TPoI","tableA5_price_support_distribution_information","T1",85,0.0467289719626168,"Increase",414,533,414
"10_TPoI","tableA5_price_support_distribution_information","T1",85,0.0467289719626168,"Increase",419,539,419
"10_TPoI","tableA5_price_support_distribution_information","T1",85,0.0467289719626168,"Increase",423,543,423
"10_TPoI","tableA5_price_support_distribution_information","T1",85,0.0467289719626168,"Increase",433,555,433
"10_TPoI","tableA5_price_support_distribution_information","T1",85,0.0467289719626168,"Increase",442,565,442
"10_TPoI","tableA5_price_support_distribution_information","T1",85,0.0467289719626168,"Increase",450,578,450
"10_TPoI","tableA5_price_support_distribution_information","T1",85,0.0467289719626168,"Increase",463,597,463
"10_TPoI","tableA5_price_support_distribution_information","T1",85,0.0467289719626168,"Increase",464,598,464
"10_TPoI","tableA5_price_support_distribution_information","T1",85,0.0467289719626168,"Increase",467,601,467
"10_TPoI","tableA5_price_support_distribution_information","T1",85,0.0467289719626168,"Increase",497,640,497
"10_TPoI","tableA5_price_support_distribution_information","T1",85,0.0467289719626168,"Increase",504,648,504
"10_TPoI","tableA5_price_support_distribution_information","T1",85,0.0467289719626168,"Increase",521,670,521
"10_TPoI","tableA5_price_support_distribution_information","T1",85,0.0467289719626168,"Increase",567,735,567
"10_TPoI","tableA5_price_support_distribution_information","T1",85,0.0467289719626168,"Increase",569,737,569
"10_TPoI","tableA5_price_support_distribution_information","T1",85,0.0467289719626168,"Increase",589,767,589
"10_TPoI","tableA5_price_support_distribution_information","T1",85,0.0467289719626168,"Increase",590,768,590
"10_TPoI","tableA5_price_support_distribution_information","T1",85,0.0467289719626168,"Increase",597,777,597
"10_TPoI","tableA5_price_support_distribution_information","T1",85,0.0467289719626168,"Increase",604,787,604
"10_TPoI","tableA5_price_support_distribution_information","T1",85,0.0467289719626168,"Increase",613,796,613
"10_TPoI","tableA5_price_support_distribution_information","T1",85,0.0467289719626168,"Increase",627,814,627
"10_TPoI","tableA5_price_support_distribution_information","T1",85,0.0467289719626168,"Increase",633,821,633
"10_TPoI","tableA5_price_support_distribution_information","T1",85,0.0467289719626168,"Increase",662,856,662
"10_TPoI","tableA5_price_support_distribution_information","T1",85,0.0467289719626168,"Increase",669,864,669
"10_TPoI","tableA5_price_support_distribution_information","T1",85,0.0467289719626168,"Increase",672,867,672
"10_TPoI","tableA5_price_support_distribution_information","T1",85,0.0467289719626168,"Increase",673,868,673
"10_TPoI","tableA5_price_support_distribution_information","T1",85,0.0467289719626168,"Increase",684,881,684
"10_TPoI","tableA5_price_support_distribution_information","T1",85,0.0467289719626168,"Increase",685,882,685
"10_TPoI","tableA5_price_support_distribution_information","T1",85,0.0467289719626168,"Increase",691,889,691
"10_TPoI","tableA5_price_support_distribution_information","T1",85,0.0467289719626168,"Increase",700,902,700
"10_TPoI","tableA5_price_support_distribution_information","T1",85,0.0467289719626168,"Increase",732,939,732
"10_TPoI","tableA5_price_support_distribution_information","T1",85,0.0467289719626168,"Increase",759,973,759
"10_TPoI","tableA5_price_support_distribution_information","T1",85,0.0467289719626168,"Increase",763,978,763
"10_TPoI","tableA5_price_support_distribution_information","T1",85,0.0467289719626168,"Increase",784,1007,784
"10_TPoI","tableA5_price_support_distribution_information","T1",85,0.0467289719626168,"Increase",816,1044,816
"10_TPoI","tableA5_price_support_distribution_information","T1",85,0.0467289719626168,"Increase",829,1061,829
"10_TPoI","tableA5_price_support_distribution_information","T1",85,0.0467289719626168,"Increase",847,1081,847
"10_TPoI","tableA5_price_support_distribution_information","T1",85,0.0467289719626168,"Increase",897,1152,897
"10_TPoI","tableA5_price_support_distribution_information","T1",85,0.0467289719626168,"Increase",902,1159,902
"10_TPoI","tableA5_price_support_distribution_information","T1",85,0.0467289719626168,"Increase",911,1176,911
"10_TPoI","tableA5_price_support_distribution_information","T1",85,0.0467289719626168,"Increase",934,1202,934
"10_TPoI","tableA5_price_support_distribution_information","T1",85,0.0467289719626168,"Increase",1000,1293,1000
"10_TPoI","tableA5_price_support_distribution_information","T1",85,0.0467289719626168,"Increase",1013,1308,1013
"10_TPoI","tableA5_price_support_distribution_information","T1",85,0.0467289719626168,"Increase",1019,1318,1019
"10_TPoI","tableA5_price_support_distribution_information","T1",85,0.0467289719626168,"Increase",1028,1330,1028
"10_TPoI","tableA5_price_support_distribution_information","T1",85,0.0467289719626168,"Increase",1036,1340,1036
"10_TPoI","tableA5_price_support_distribution_information","T1",85,0.0467289719626168,"Increase",1037,1341,1037
"10_TPoI","tableA5_price_support_distribution_information","T1",85,0.0467289719626168,"Increase",1042,1348,1042
"10_TPoI","tableA5_price_support_distribution_information","T1",85,0.0467289719626168,"Increase",1070,1385,1070
"10_TPoI","tableA5_price_support_distribution_information","T1",85,0.0467289719626168,"Increase",1112,1428,1112
"10_TPoI","tableA5_price_support_distribution_information","T1",86,0.0472787245739417,"Increase",4,6,4
"10_TPoI","tableA5_price_support_distribution_information","T1",86,0.0472787245739417,"Increase",7,10,7
"10_TPoI","tableA5_price_support_distribution_information","T1",86,0.0472787245739417,"Increase",18,27,18
"10_TPoI","tableA5_price_support_distribution_information","T1",86,0.0472787245739417,"Increase",45,60,45
"10_TPoI","tableA5_price_support_distribution_information","T1",86,0.0472787245739417,"Increase",49,66,49
"10_TPoI","tableA5_price_support_distribution_information","T1",86,0.0472787245739417,"Increase",59,79,59
"10_TPoI","tableA5_price_support_distribution_information","T1",86,0.0472787245739417,"Increase",62,84,62
"10_TPoI","tableA5_price_support_distribution_information","T1",86,0.0472787245739417,"Increase",74,97,74
"10_TPoI","tableA5_price_support_distribution_information","T1",86,0.0472787245739417,"Increase",91,118,91
"10_TPoI","tableA5_price_support_distribution_information","T1",86,0.0472787245739417,"Increase",93,122,93
"10_TPoI","tableA5_price_support_distribution_information","T1",86,0.0472787245739417,"Increase",100,131,100
"10_TPoI","tableA5_price_support_distribution_information","T1",86,0.0472787245739417,"Increase",104,137,104
"10_TPoI","tableA5_price_support_distribution_information","T1",86,0.0472787245739417,"Increase",114,148,114
"10_TPoI","tableA5_price_support_distribution_information","T1",86,0.0472787245739417,"Increase",119,153,119
"10_TPoI","tableA5_price_support_distribution_information","T1",86,0.0472787245739417,"Increase",123,158,123
"10_TPoI","tableA5_price_support_distribution_information","T1",86,0.0472787245739417,"Increase",166,216,166
"10_TPoI","tableA5_price_support_distribution_information","T1",86,0.0472787245739417,"Increase",169,221,169
"10_TPoI","tableA5_price_support_distribution_information","T1",86,0.0472787245739417,"Increase",183,236,183
"10_TPoI","tableA5_price_support_distribution_information","T1",86,0.0472787245739417,"Increase",216,274,216
"10_TPoI","tableA5_price_support_distribution_information","T1",86,0.0472787245739417,"Increase",218,276,218
"10_TPoI","tableA5_price_support_distribution_information","T1",86,0.0472787245739417,"Increase",220,278,220
"10_TPoI","tableA5_price_support_distribution_information","T1",86,0.0472787245739417,"Increase",224,284,224
"10_TPoI","tableA5_price_support_distribution_information","T1",86,0.0472787245739417,"Increase",226,286,226
"10_TPoI","tableA5_price_support_distribution_information","T1",86,0.0472787245739417,"Increase",227,287,227
"10_TPoI","tableA5_price_support_distribution_information","T1",86,0.0472787245739417,"Increase",239,300,239
"10_TPoI","tableA5_price_support_distribution_information","T1",86,0.0472787245739417,"Increase",245,309,245
"10_TPoI","tableA5_price_support_distribution_information","T1",86,0.0472787245739417,"Increase",269,344,269
"10_TPoI","tableA5_price_support_distribution_information","T1",86,0.0472787245739417,"Increase",283,361,283
"10_TPoI","tableA5_price_support_distribution_information","T1",86,0.0472787245739417,"Increase",290,370,290
"10_TPoI","tableA5_price_support_distribution_information","T1",86,0.0472787245739417,"Increase",292,372,292
"10_TPoI","tableA5_price_support_distribution_information","T1",86,0.0472787245739417,"Increase",309,396,309
"10_TPoI","tableA5_price_support_distribution_information","T1",86,0.0472787245739417,"Increase",336,432,336
"10_TPoI","tableA5_price_support_distribution_information","T1",86,0.0472787245739417,"Increase",337,433,337
"10_TPoI","tableA5_price_support_distribution_information","T1",86,0.0472787245739417,"Increase",357,459,357
"10_TPoI","tableA5_price_support_distribution_information","T1",86,0.0472787245739417,"Increase",385,495,385
"10_TPoI","tableA5_price_support_distribution_information","T1",86,0.0472787245739417,"Increase",412,531,412
"10_TPoI","tableA5_price_support_distribution_information","T1",86,0.0472787245739417,"Increase",414,533,414
"10_TPoI","tableA5_price_support_distribution_information","T1",86,0.0472787245739417,"Increase",419,539,419
"10_TPoI","tableA5_price_support_distribution_information","T1",86,0.0472787245739417,"Increase",423,543,423
"10_TPoI","tableA5_price_support_distribution_information","T1",86,0.0472787245739417,"Increase",433,555,433
"10_TPoI","tableA5_price_support_distribution_information","T1",86,0.0472787245739417,"Increase",442,565,442
"10_TPoI","tableA5_price_support_distribution_information","T1",86,0.0472787245739417,"Increase",450,578,450
"10_TPoI","tableA5_price_support_distribution_information","T1",86,0.0472787245739417,"Increase",463,597,463
"10_TPoI","tableA5_price_support_distribution_information","T1",86,0.0472787245739417,"Increase",464,598,464
"10_TPoI","tableA5_price_support_distribution_information","T1",86,0.0472787245739417,"Increase",467,601,467
"10_TPoI","tableA5_price_support_distribution_information","T1",86,0.0472787245739417,"Increase",497,640,497
"10_TPoI","tableA5_price_support_distribution_information","T1",86,0.0472787245739417,"Increase",504,648,504
"10_TPoI","tableA5_price_support_distribution_information","T1",86,0.0472787245739417,"Increase",521,670,521
"10_TPoI","tableA5_price_support_distribution_information","T1",86,0.0472787245739417,"Increase",567,735,567
"10_TPoI","tableA5_price_support_distribution_information","T1",86,0.0472787245739417,"Increase",569,737,569
"10_TPoI","tableA5_price_support_distribution_information","T1",86,0.0472787245739417,"Increase",589,767,589
"10_TPoI","tableA5_price_support_distribution_information","T1",86,0.0472787245739417,"Increase",590,768,590
"10_TPoI","tableA5_price_support_distribution_information","T1",86,0.0472787245739417,"Increase",597,777,597
"10_TPoI","tableA5_price_support_distribution_information","T1",86,0.0472787245739417,"Increase",604,787,604
"10_TPoI","tableA5_price_support_distribution_information","T1",86,0.0472787245739417,"Increase",613,796,613
"10_TPoI","tableA5_price_support_distribution_information","T1",86,0.0472787245739417,"Increase",627,814,627
"10_TPoI","tableA5_price_support_distribution_information","T1",86,0.0472787245739417,"Increase",633,821,633
"10_TPoI","tableA5_price_support_distribution_information","T1",86,0.0472787245739417,"Increase",662,856,662
"10_TPoI","tableA5_price_support_distribution_information","T1",86,0.0472787245739417,"Increase",669,864,669
"10_TPoI","tableA5_price_support_distribution_information","T1",86,0.0472787245739417,"Increase",672,867,672
"10_TPoI","tableA5_price_support_distribution_information","T1",86,0.0472787245739417,"Increase",673,868,673
"10_TPoI","tableA5_price_support_distribution_information","T1",86,0.0472787245739417,"Increase",684,881,684
"10_TPoI","tableA5_price_support_distribution_information","T1",86,0.0472787245739417,"Increase",685,882,685
"10_TPoI","tableA5_price_support_distribution_information","T1",86,0.0472787245739417,"Increase",691,889,691
"10_TPoI","tableA5_price_support_distribution_information","T1",86,0.0472787245739417,"Increase",700,902,700
"10_TPoI","tableA5_price_support_distribution_information","T1",86,0.0472787245739417,"Increase",732,939,732
"10_TPoI","tableA5_price_support_distribution_information","T1",86,0.0472787245739417,"Increase",759,973,759
"10_TPoI","tableA5_price_support_distribution_information","T1",86,0.0472787245739417,"Increase",763,978,763
"10_TPoI","tableA5_price_support_distribution_information","T1",86,0.0472787245739417,"Increase",784,1007,784
"10_TPoI","tableA5_price_support_distribution_information","T1",86,0.0472787245739417,"Increase",816,1044,816
"10_TPoI","tableA5_price_support_distribution_information","T1",86,0.0472787245739417,"Increase",829,1061,829
"10_TPoI","tableA5_price_support_distribution_information","T1",86,0.0472787245739417,"Increase",847,1081,847
"10_TPoI","tableA5_price_support_distribution_information","T1",86,0.0472787245739417,"Increase",897,1152,897
"10_TPoI","tableA5_price_support_distribution_information","T1",86,0.0472787245739417,"Increase",902,1159,902
"10_TPoI","tableA5_price_support_distribution_information","T1",86,0.0472787245739417,"Increase",911,1176,911
"10_TPoI","tableA5_price_support_distribution_information","T1",86,0.0472787245739417,"Increase",934,1202,934
"10_TPoI","tableA5_price_support_distribution_information","T1",86,0.0472787245739417,"Increase",1000,1293,1000
"10_TPoI","tableA5_price_support_distribution_information","T1",86,0.0472787245739417,"Increase",1013,1308,1013
"10_TPoI","tableA5_price_support_distribution_information","T1",86,0.0472787245739417,"Increase",1019,1318,1019
"10_TPoI","tableA5_price_support_distribution_information","T1",86,0.0472787245739417,"Increase",1028,1330,1028
"10_TPoI","tableA5_price_support_distribution_information","T1",86,0.0472787245739417,"Increase",1036,1340,1036
"10_TPoI","tableA5_price_support_distribution_information","T1",86,0.0472787245739417,"Increase",1037,1341,1037
"10_TPoI","tableA5_price_support_distribution_information","T1",86,0.0472787245739417,"Increase",1042,1348,1042
"10_TPoI","tableA5_price_support_distribution_information","T1",86,0.0472787245739417,"Increase",1070,1385,1070
"10_TPoI","tableA5_price_support_distribution_information","T1",86,0.0472787245739417,"Increase",1112,1428,1112
"10_TPoI","tableA5_price_support_distribution_information","T1",86,0.0472787245739417,"Increase",1122,1444,1122
"10_TPoI","tableA5_price_support_distribution_information","T1",87,0.0478284771852666,"Increase",4,6,4
"10_TPoI","tableA5_price_support_distribution_information","T1",87,0.0478284771852666,"Increase",7,10,7
"10_TPoI","tableA5_price_support_distribution_information","T1",87,0.0478284771852666,"Increase",18,27,18
"10_TPoI","tableA5_price_support_distribution_information","T1",87,0.0478284771852666,"Increase",45,60,45
"10_TPoI","tableA5_price_support_distribution_information","T1",87,0.0478284771852666,"Increase",49,66,49
"10_TPoI","tableA5_price_support_distribution_information","T1",87,0.0478284771852666,"Increase",59,79,59
"10_TPoI","tableA5_price_support_distribution_information","T1",87,0.0478284771852666,"Increase",62,84,62
"10_TPoI","tableA5_price_support_distribution_information","T1",87,0.0478284771852666,"Increase",74,97,74
"10_TPoI","tableA5_price_support_distribution_information","T1",87,0.0478284771852666,"Increase",91,118,91
"10_TPoI","tableA5_price_support_distribution_information","T1",87,0.0478284771852666,"Increase",93,122,93
"10_TPoI","tableA5_price_support_distribution_information","T1",87,0.0478284771852666,"Increase",100,131,100
"10_TPoI","tableA5_price_support_distribution_information","T1",87,0.0478284771852666,"Increase",104,137,104
"10_TPoI","tableA5_price_support_distribution_information","T1",87,0.0478284771852666,"Increase",114,148,114
"10_TPoI","tableA5_price_support_distribution_information","T1",87,0.0478284771852666,"Increase",119,153,119
"10_TPoI","tableA5_price_support_distribution_information","T1",87,0.0478284771852666,"Increase",123,158,123
"10_TPoI","tableA5_price_support_distribution_information","T1",87,0.0478284771852666,"Increase",166,216,166
"10_TPoI","tableA5_price_support_distribution_information","T1",87,0.0478284771852666,"Increase",169,221,169
"10_TPoI","tableA5_price_support_distribution_information","T1",87,0.0478284771852666,"Increase",183,236,183
"10_TPoI","tableA5_price_support_distribution_information","T1",87,0.0478284771852666,"Increase",216,274,216
"10_TPoI","tableA5_price_support_distribution_information","T1",87,0.0478284771852666,"Increase",218,276,218
"10_TPoI","tableA5_price_support_distribution_information","T1",87,0.0478284771852666,"Increase",220,278,220
"10_TPoI","tableA5_price_support_distribution_information","T1",87,0.0478284771852666,"Increase",224,284,224
"10_TPoI","tableA5_price_support_distribution_information","T1",87,0.0478284771852666,"Increase",226,286,226
"10_TPoI","tableA5_price_support_distribution_information","T1",87,0.0478284771852666,"Increase",227,287,227
"10_TPoI","tableA5_price_support_distribution_information","T1",87,0.0478284771852666,"Increase",239,300,239
"10_TPoI","tableA5_price_support_distribution_information","T1",87,0.0478284771852666,"Increase",245,309,245
"10_TPoI","tableA5_price_support_distribution_information","T1",87,0.0478284771852666,"Increase",269,344,269
"10_TPoI","tableA5_price_support_distribution_information","T1",87,0.0478284771852666,"Increase",283,361,283
"10_TPoI","tableA5_price_support_distribution_information","T1",87,0.0478284771852666,"Increase",290,370,290
"10_TPoI","tableA5_price_support_distribution_information","T1",87,0.0478284771852666,"Increase",292,372,292
"10_TPoI","tableA5_price_support_distribution_information","T1",87,0.0478284771852666,"Increase",309,396,309
"10_TPoI","tableA5_price_support_distribution_information","T1",87,0.0478284771852666,"Increase",336,432,336
"10_TPoI","tableA5_price_support_distribution_information","T1",87,0.0478284771852666,"Increase",337,433,337
"10_TPoI","tableA5_price_support_distribution_information","T1",87,0.0478284771852666,"Increase",357,459,357
"10_TPoI","tableA5_price_support_distribution_information","T1",87,0.0478284771852666,"Increase",385,495,385
"10_TPoI","tableA5_price_support_distribution_information","T1",87,0.0478284771852666,"Increase",412,531,412
"10_TPoI","tableA5_price_support_distribution_information","T1",87,0.0478284771852666,"Increase",414,533,414
"10_TPoI","tableA5_price_support_distribution_information","T1",87,0.0478284771852666,"Increase",419,539,419
"10_TPoI","tableA5_price_support_distribution_information","T1",87,0.0478284771852666,"Increase",423,543,423
"10_TPoI","tableA5_price_support_distribution_information","T1",87,0.0478284771852666,"Increase",433,555,433
"10_TPoI","tableA5_price_support_distribution_information","T1",87,0.0478284771852666,"Increase",442,565,442
"10_TPoI","tableA5_price_support_distribution_information","T1",87,0.0478284771852666,"Increase",450,578,450
"10_TPoI","tableA5_price_support_distribution_information","T1",87,0.0478284771852666,"Increase",463,597,463
"10_TPoI","tableA5_price_support_distribution_information","T1",87,0.0478284771852666,"Increase",464,598,464
"10_TPoI","tableA5_price_support_distribution_information","T1",87,0.0478284771852666,"Increase",467,601,467
"10_TPoI","tableA5_price_support_distribution_information","T1",87,0.0478284771852666,"Increase",497,640,497
"10_TPoI","tableA5_price_support_distribution_information","T1",87,0.0478284771852666,"Increase",504,648,504
"10_TPoI","tableA5_price_support_distribution_information","T1",87,0.0478284771852666,"Increase",521,670,521
"10_TPoI","tableA5_price_support_distribution_information","T1",87,0.0478284771852666,"Increase",567,735,567
"10_TPoI","tableA5_price_support_distribution_information","T1",87,0.0478284771852666,"Increase",569,737,569
"10_TPoI","tableA5_price_support_distribution_information","T1",87,0.0478284771852666,"Increase",589,767,589
"10_TPoI","tableA5_price_support_distribution_information","T1",87,0.0478284771852666,"Increase",590,768,590
"10_TPoI","tableA5_price_support_distribution_information","T1",87,0.0478284771852666,"Increase",597,777,597
"10_TPoI","tableA5_price_support_distribution_information","T1",87,0.0478284771852666,"Increase",604,787,604
"10_TPoI","tableA5_price_support_distribution_information","T1",87,0.0478284771852666,"Increase",613,796,613
"10_TPoI","tableA5_price_support_distribution_information","T1",87,0.0478284771852666,"Increase",627,814,627
"10_TPoI","tableA5_price_support_distribution_information","T1",87,0.0478284771852666,"Increase",633,821,633
"10_TPoI","tableA5_price_support_distribution_information","T1",87,0.0478284771852666,"Increase",662,856,662
"10_TPoI","tableA5_price_support_distribution_information","T1",87,0.0478284771852666,"Increase",669,864,669
"10_TPoI","tableA5_price_support_distribution_information","T1",87,0.0478284771852666,"Increase",672,867,672
"10_TPoI","tableA5_price_support_distribution_information","T1",87,0.0478284771852666,"Increase",673,868,673
"10_TPoI","tableA5_price_support_distribution_information","T1",87,0.0478284771852666,"Increase",684,881,684
"10_TPoI","tableA5_price_support_distribution_information","T1",87,0.0478284771852666,"Increase",685,882,685
"10_TPoI","tableA5_price_support_distribution_information","T1",87,0.0478284771852666,"Increase",691,889,691
"10_TPoI","tableA5_price_support_distribution_information","T1",87,0.0478284771852666,"Increase",700,902,700
"10_TPoI","tableA5_price_support_distribution_information","T1",87,0.0478284771852666,"Increase",732,939,732
"10_TPoI","tableA5_price_support_distribution_information","T1",87,0.0478284771852666,"Increase",759,973,759
"10_TPoI","tableA5_price_support_distribution_information","T1",87,0.0478284771852666,"Increase",763,978,763
"10_TPoI","tableA5_price_support_distribution_information","T1",87,0.0478284771852666,"Increase",784,1007,784
"10_TPoI","tableA5_price_support_distribution_information","T1",87,0.0478284771852666,"Increase",816,1044,816
"10_TPoI","tableA5_price_support_distribution_information","T1",87,0.0478284771852666,"Increase",829,1061,829
"10_TPoI","tableA5_price_support_distribution_information","T1",87,0.0478284771852666,"Increase",847,1081,847
"10_TPoI","tableA5_price_support_distribution_information","T1",87,0.0478284771852666,"Increase",897,1152,897
"10_TPoI","tableA5_price_support_distribution_information","T1",87,0.0478284771852666,"Increase",902,1159,902
"10_TPoI","tableA5_price_support_distribution_information","T1",87,0.0478284771852666,"Increase",911,1176,911
"10_TPoI","tableA5_price_support_distribution_information","T1",87,0.0478284771852666,"Increase",934,1202,934
"10_TPoI","tableA5_price_support_distribution_information","T1",87,0.0478284771852666,"Increase",1000,1293,1000
"10_TPoI","tableA5_price_support_distribution_information","T1",87,0.0478284771852666,"Increase",1013,1308,1013
"10_TPoI","tableA5_price_support_distribution_information","T1",87,0.0478284771852666,"Increase",1019,1318,1019
"10_TPoI","tableA5_price_support_distribution_information","T1",87,0.0478284771852666,"Increase",1028,1330,1028
"10_TPoI","tableA5_price_support_distribution_information","T1",87,0.0478284771852666,"Increase",1036,1340,1036
"10_TPoI","tableA5_price_support_distribution_information","T1",87,0.0478284771852666,"Increase",1037,1341,1037
"10_TPoI","tableA5_price_support_distribution_information","T1",87,0.0478284771852666,"Increase",1042,1348,1042
"10_TPoI","tableA5_price_support_distribution_information","T1",87,0.0478284771852666,"Increase",1070,1385,1070
"10_TPoI","tableA5_price_support_distribution_information","T1",87,0.0478284771852666,"Increase",1112,1428,1112
"10_TPoI","tableA5_price_support_distribution_information","T1",87,0.0478284771852666,"Increase",1122,1444,1122
"10_TPoI","tableA5_price_support_distribution_information","T1",87,0.0478284771852666,"Increase",1130,1452,1130
"10_TPoI","tableA5_price_support_distribution_information","T1",88,0.0483782297965915,"Increase",4,6,4
"10_TPoI","tableA5_price_support_distribution_information","T1",88,0.0483782297965915,"Increase",7,10,7
"10_TPoI","tableA5_price_support_distribution_information","T1",88,0.0483782297965915,"Increase",18,27,18
"10_TPoI","tableA5_price_support_distribution_information","T1",88,0.0483782297965915,"Increase",45,60,45
"10_TPoI","tableA5_price_support_distribution_information","T1",88,0.0483782297965915,"Increase",49,66,49
"10_TPoI","tableA5_price_support_distribution_information","T1",88,0.0483782297965915,"Increase",59,79,59
"10_TPoI","tableA5_price_support_distribution_information","T1",88,0.0483782297965915,"Increase",62,84,62
"10_TPoI","tableA5_price_support_distribution_information","T1",88,0.0483782297965915,"Increase",74,97,74
"10_TPoI","tableA5_price_support_distribution_information","T1",88,0.0483782297965915,"Increase",91,118,91
"10_TPoI","tableA5_price_support_distribution_information","T1",88,0.0483782297965915,"Increase",93,122,93
"10_TPoI","tableA5_price_support_distribution_information","T1",88,0.0483782297965915,"Increase",100,131,100
"10_TPoI","tableA5_price_support_distribution_information","T1",88,0.0483782297965915,"Increase",104,137,104
"10_TPoI","tableA5_price_support_distribution_information","T1",88,0.0483782297965915,"Increase",114,148,114
"10_TPoI","tableA5_price_support_distribution_information","T1",88,0.0483782297965915,"Increase",119,153,119
"10_TPoI","tableA5_price_support_distribution_information","T1",88,0.0483782297965915,"Increase",123,158,123
"10_TPoI","tableA5_price_support_distribution_information","T1",88,0.0483782297965915,"Increase",166,216,166
"10_TPoI","tableA5_price_support_distribution_information","T1",88,0.0483782297965915,"Increase",169,221,169
"10_TPoI","tableA5_price_support_distribution_information","T1",88,0.0483782297965915,"Increase",183,236,183
"10_TPoI","tableA5_price_support_distribution_information","T1",88,0.0483782297965915,"Increase",216,274,216
"10_TPoI","tableA5_price_support_distribution_information","T1",88,0.0483782297965915,"Increase",218,276,218
"10_TPoI","tableA5_price_support_distribution_information","T1",88,0.0483782297965915,"Increase",220,278,220
"10_TPoI","tableA5_price_support_distribution_information","T1",88,0.0483782297965915,"Increase",224,284,224
"10_TPoI","tableA5_price_support_distribution_information","T1",88,0.0483782297965915,"Increase",226,286,226
"10_TPoI","tableA5_price_support_distribution_information","T1",88,0.0483782297965915,"Increase",227,287,227
"10_TPoI","tableA5_price_support_distribution_information","T1",88,0.0483782297965915,"Increase",239,300,239
"10_TPoI","tableA5_price_support_distribution_information","T1",88,0.0483782297965915,"Increase",245,309,245
"10_TPoI","tableA5_price_support_distribution_information","T1",88,0.0483782297965915,"Increase",269,344,269
"10_TPoI","tableA5_price_support_distribution_information","T1",88,0.0483782297965915,"Increase",283,361,283
"10_TPoI","tableA5_price_support_distribution_information","T1",88,0.0483782297965915,"Increase",290,370,290
"10_TPoI","tableA5_price_support_distribution_information","T1",88,0.0483782297965915,"Increase",292,372,292
"10_TPoI","tableA5_price_support_distribution_information","T1",88,0.0483782297965915,"Increase",309,396,309
"10_TPoI","tableA5_price_support_distribution_information","T1",88,0.0483782297965915,"Increase",336,432,336
"10_TPoI","tableA5_price_support_distribution_information","T1",88,0.0483782297965915,"Increase",337,433,337
"10_TPoI","tableA5_price_support_distribution_information","T1",88,0.0483782297965915,"Increase",357,459,357
"10_TPoI","tableA5_price_support_distribution_information","T1",88,0.0483782297965915,"Increase",385,495,385
"10_TPoI","tableA5_price_support_distribution_information","T1",88,0.0483782297965915,"Increase",412,531,412
"10_TPoI","tableA5_price_support_distribution_information","T1",88,0.0483782297965915,"Increase",414,533,414
"10_TPoI","tableA5_price_support_distribution_information","T1",88,0.0483782297965915,"Increase",419,539,419
"10_TPoI","tableA5_price_support_distribution_information","T1",88,0.0483782297965915,"Increase",423,543,423
"10_TPoI","tableA5_price_support_distribution_information","T1",88,0.0483782297965915,"Increase",433,555,433
"10_TPoI","tableA5_price_support_distribution_information","T1",88,0.0483782297965915,"Increase",442,565,442
"10_TPoI","tableA5_price_support_distribution_information","T1",88,0.0483782297965915,"Increase",450,578,450
"10_TPoI","tableA5_price_support_distribution_information","T1",88,0.0483782297965915,"Increase",463,597,463
"10_TPoI","tableA5_price_support_distribution_information","T1",88,0.0483782297965915,"Increase",464,598,464
"10_TPoI","tableA5_price_support_distribution_information","T1",88,0.0483782297965915,"Increase",467,601,467
"10_TPoI","tableA5_price_support_distribution_information","T1",88,0.0483782297965915,"Increase",497,640,497
"10_TPoI","tableA5_price_support_distribution_information","T1",88,0.0483782297965915,"Increase",504,648,504
"10_TPoI","tableA5_price_support_distribution_information","T1",88,0.0483782297965915,"Increase",521,670,521
"10_TPoI","tableA5_price_support_distribution_information","T1",88,0.0483782297965915,"Increase",567,735,567
"10_TPoI","tableA5_price_support_distribution_information","T1",88,0.0483782297965915,"Increase",569,737,569
"10_TPoI","tableA5_price_support_distribution_information","T1",88,0.0483782297965915,"Increase",589,767,589
"10_TPoI","tableA5_price_support_distribution_information","T1",88,0.0483782297965915,"Increase",590,768,590
"10_TPoI","tableA5_price_support_distribution_information","T1",88,0.0483782297965915,"Increase",597,777,597
"10_TPoI","tableA5_price_support_distribution_information","T1",88,0.0483782297965915,"Increase",604,787,604
"10_TPoI","tableA5_price_support_distribution_information","T1",88,0.0483782297965915,"Increase",613,796,613
"10_TPoI","tableA5_price_support_distribution_information","T1",88,0.0483782297965915,"Increase",627,814,627
"10_TPoI","tableA5_price_support_distribution_information","T1",88,0.0483782297965915,"Increase",633,821,633
"10_TPoI","tableA5_price_support_distribution_information","T1",88,0.0483782297965915,"Increase",662,856,662
"10_TPoI","tableA5_price_support_distribution_information","T1",88,0.0483782297965915,"Increase",669,864,669
"10_TPoI","tableA5_price_support_distribution_information","T1",88,0.0483782297965915,"Increase",672,867,672
"10_TPoI","tableA5_price_support_distribution_information","T1",88,0.0483782297965915,"Increase",673,868,673
"10_TPoI","tableA5_price_support_distribution_information","T1",88,0.0483782297965915,"Increase",684,881,684
"10_TPoI","tableA5_price_support_distribution_information","T1",88,0.0483782297965915,"Increase",685,882,685
"10_TPoI","tableA5_price_support_distribution_information","T1",88,0.0483782297965915,"Increase",691,889,691
"10_TPoI","tableA5_price_support_distribution_information","T1",88,0.0483782297965915,"Increase",700,902,700
"10_TPoI","tableA5_price_support_distribution_information","T1",88,0.0483782297965915,"Increase",732,939,732
"10_TPoI","tableA5_price_support_distribution_information","T1",88,0.0483782297965915,"Increase",759,973,759
"10_TPoI","tableA5_price_support_distribution_information","T1",88,0.0483782297965915,"Increase",763,978,763
"10_TPoI","tableA5_price_support_distribution_information","T1",88,0.0483782297965915,"Increase",784,1007,784
"10_TPoI","tableA5_price_support_distribution_information","T1",88,0.0483782297965915,"Increase",816,1044,816
"10_TPoI","tableA5_price_support_distribution_information","T1",88,0.0483782297965915,"Increase",829,1061,829
"10_TPoI","tableA5_price_support_distribution_information","T1",88,0.0483782297965915,"Increase",847,1081,847
"10_TPoI","tableA5_price_support_distribution_information","T1",88,0.0483782297965915,"Increase",897,1152,897
"10_TPoI","tableA5_price_support_distribution_information","T1",88,0.0483782297965915,"Increase",902,1159,902
"10_TPoI","tableA5_price_support_distribution_information","T1",88,0.0483782297965915,"Increase",911,1176,911
"10_TPoI","tableA5_price_support_distribution_information","T1",88,0.0483782297965915,"Increase",934,1202,934
"10_TPoI","tableA5_price_support_distribution_information","T1",88,0.0483782297965915,"Increase",1000,1293,1000
"10_TPoI","tableA5_price_support_distribution_information","T1",88,0.0483782297965915,"Increase",1013,1308,1013
"10_TPoI","tableA5_price_support_distribution_information","T1",88,0.0483782297965915,"Increase",1019,1318,1019
"10_TPoI","tableA5_price_support_distribution_information","T1",88,0.0483782297965915,"Increase",1028,1330,1028
"10_TPoI","tableA5_price_support_distribution_information","T1",88,0.0483782297965915,"Increase",1036,1340,1036
"10_TPoI","tableA5_price_support_distribution_information","T1",88,0.0483782297965915,"Increase",1037,1341,1037
"10_TPoI","tableA5_price_support_distribution_information","T1",88,0.0483782297965915,"Increase",1042,1348,1042
"10_TPoI","tableA5_price_support_distribution_information","T1",88,0.0483782297965915,"Increase",1070,1385,1070
"10_TPoI","tableA5_price_support_distribution_information","T1",88,0.0483782297965915,"Increase",1112,1428,1112
"10_TPoI","tableA5_price_support_distribution_information","T1",88,0.0483782297965915,"Increase",1122,1444,1122
"10_TPoI","tableA5_price_support_distribution_information","T1",88,0.0483782297965915,"Increase",1130,1452,1130
"10_TPoI","tableA5_price_support_distribution_information","T1",88,0.0483782297965915,"Increase",1183,1523,1183
"10_TPoI","tableA5_price_support_distribution_information","T1",89,0.0489279824079164,"Increase",4,6,4
"10_TPoI","tableA5_price_support_distribution_information","T1",89,0.0489279824079164,"Increase",7,10,7
"10_TPoI","tableA5_price_support_distribution_information","T1",89,0.0489279824079164,"Increase",18,27,18
"10_TPoI","tableA5_price_support_distribution_information","T1",89,0.0489279824079164,"Increase",45,60,45
"10_TPoI","tableA5_price_support_distribution_information","T1",89,0.0489279824079164,"Increase",49,66,49
"10_TPoI","tableA5_price_support_distribution_information","T1",89,0.0489279824079164,"Increase",59,79,59
"10_TPoI","tableA5_price_support_distribution_information","T1",89,0.0489279824079164,"Increase",62,84,62
"10_TPoI","tableA5_price_support_distribution_information","T1",89,0.0489279824079164,"Increase",74,97,74
"10_TPoI","tableA5_price_support_distribution_information","T1",89,0.0489279824079164,"Increase",91,118,91
"10_TPoI","tableA5_price_support_distribution_information","T1",89,0.0489279824079164,"Increase",93,122,93
"10_TPoI","tableA5_price_support_distribution_information","T1",89,0.0489279824079164,"Increase",100,131,100
"10_TPoI","tableA5_price_support_distribution_information","T1",89,0.0489279824079164,"Increase",104,137,104
"10_TPoI","tableA5_price_support_distribution_information","T1",89,0.0489279824079164,"Increase",114,148,114
"10_TPoI","tableA5_price_support_distribution_information","T1",89,0.0489279824079164,"Increase",119,153,119
"10_TPoI","tableA5_price_support_distribution_information","T1",89,0.0489279824079164,"Increase",123,158,123
"10_TPoI","tableA5_price_support_distribution_information","T1",89,0.0489279824079164,"Increase",166,216,166
"10_TPoI","tableA5_price_support_distribution_information","T1",89,0.0489279824079164,"Increase",169,221,169
"10_TPoI","tableA5_price_support_distribution_information","T1",89,0.0489279824079164,"Increase",183,236,183
"10_TPoI","tableA5_price_support_distribution_information","T1",89,0.0489279824079164,"Increase",216,274,216
"10_TPoI","tableA5_price_support_distribution_information","T1",89,0.0489279824079164,"Increase",218,276,218
"10_TPoI","tableA5_price_support_distribution_information","T1",89,0.0489279824079164,"Increase",220,278,220
"10_TPoI","tableA5_price_support_distribution_information","T1",89,0.0489279824079164,"Increase",224,284,224
"10_TPoI","tableA5_price_support_distribution_information","T1",89,0.0489279824079164,"Increase",226,286,226
"10_TPoI","tableA5_price_support_distribution_information","T1",89,0.0489279824079164,"Increase",227,287,227
"10_TPoI","tableA5_price_support_distribution_information","T1",89,0.0489279824079164,"Increase",239,300,239
"10_TPoI","tableA5_price_support_distribution_information","T1",89,0.0489279824079164,"Increase",245,309,245
"10_TPoI","tableA5_price_support_distribution_information","T1",89,0.0489279824079164,"Increase",269,344,269
"10_TPoI","tableA5_price_support_distribution_information","T1",89,0.0489279824079164,"Increase",283,361,283
"10_TPoI","tableA5_price_support_distribution_information","T1",89,0.0489279824079164,"Increase",290,370,290
"10_TPoI","tableA5_price_support_distribution_information","T1",89,0.0489279824079164,"Increase",292,372,292
"10_TPoI","tableA5_price_support_distribution_information","T1",89,0.0489279824079164,"Increase",309,396,309
"10_TPoI","tableA5_price_support_distribution_information","T1",89,0.0489279824079164,"Increase",336,432,336
"10_TPoI","tableA5_price_support_distribution_information","T1",89,0.0489279824079164,"Increase",337,433,337
"10_TPoI","tableA5_price_support_distribution_information","T1",89,0.0489279824079164,"Increase",357,459,357
"10_TPoI","tableA5_price_support_distribution_information","T1",89,0.0489279824079164,"Increase",385,495,385
"10_TPoI","tableA5_price_support_distribution_information","T1",89,0.0489279824079164,"Increase",412,531,412
"10_TPoI","tableA5_price_support_distribution_information","T1",89,0.0489279824079164,"Increase",414,533,414
"10_TPoI","tableA5_price_support_distribution_information","T1",89,0.0489279824079164,"Increase",419,539,419
"10_TPoI","tableA5_price_support_distribution_information","T1",89,0.0489279824079164,"Increase",423,543,423
"10_TPoI","tableA5_price_support_distribution_information","T1",89,0.0489279824079164,"Increase",433,555,433
"10_TPoI","tableA5_price_support_distribution_information","T1",89,0.0489279824079164,"Increase",442,565,442
"10_TPoI","tableA5_price_support_distribution_information","T1",89,0.0489279824079164,"Increase",450,578,450
"10_TPoI","tableA5_price_support_distribution_information","T1",89,0.0489279824079164,"Increase",463,597,463
"10_TPoI","tableA5_price_support_distribution_information","T1",89,0.0489279824079164,"Increase",464,598,464
"10_TPoI","tableA5_price_support_distribution_information","T1",89,0.0489279824079164,"Increase",467,601,467
"10_TPoI","tableA5_price_support_distribution_information","T1",89,0.0489279824079164,"Increase",497,640,497
"10_TPoI","tableA5_price_support_distribution_information","T1",89,0.0489279824079164,"Increase",504,648,504
"10_TPoI","tableA5_price_support_distribution_information","T1",89,0.0489279824079164,"Increase",521,670,521
"10_TPoI","tableA5_price_support_distribution_information","T1",89,0.0489279824079164,"Increase",567,735,567
"10_TPoI","tableA5_price_support_distribution_information","T1",89,0.0489279824079164,"Increase",569,737,569
"10_TPoI","tableA5_price_support_distribution_information","T1",89,0.0489279824079164,"Increase",589,767,589
"10_TPoI","tableA5_price_support_distribution_information","T1",89,0.0489279824079164,"Increase",590,768,590
"10_TPoI","tableA5_price_support_distribution_information","T1",89,0.0489279824079164,"Increase",597,777,597
"10_TPoI","tableA5_price_support_distribution_information","T1",89,0.0489279824079164,"Increase",604,787,604
"10_TPoI","tableA5_price_support_distribution_information","T1",89,0.0489279824079164,"Increase",613,796,613
"10_TPoI","tableA5_price_support_distribution_information","T1",89,0.0489279824079164,"Increase",627,814,627
"10_TPoI","tableA5_price_support_distribution_information","T1",89,0.0489279824079164,"Increase",633,821,633
"10_TPoI","tableA5_price_support_distribution_information","T1",89,0.0489279824079164,"Increase",662,856,662
"10_TPoI","tableA5_price_support_distribution_information","T1",89,0.0489279824079164,"Increase",669,864,669
"10_TPoI","tableA5_price_support_distribution_information","T1",89,0.0489279824079164,"Increase",672,867,672
"10_TPoI","tableA5_price_support_distribution_information","T1",89,0.0489279824079164,"Increase",673,868,673
"10_TPoI","tableA5_price_support_distribution_information","T1",89,0.0489279824079164,"Increase",684,881,684
"10_TPoI","tableA5_price_support_distribution_information","T1",89,0.0489279824079164,"Increase",685,882,685
"10_TPoI","tableA5_price_support_distribution_information","T1",89,0.0489279824079164,"Increase",691,889,691
"10_TPoI","tableA5_price_support_distribution_information","T1",89,0.0489279824079164,"Increase",700,902,700
"10_TPoI","tableA5_price_support_distribution_information","T1",89,0.0489279824079164,"Increase",732,939,732
"10_TPoI","tableA5_price_support_distribution_information","T1",89,0.0489279824079164,"Increase",759,973,759
"10_TPoI","tableA5_price_support_distribution_information","T1",89,0.0489279824079164,"Increase",763,978,763
"10_TPoI","tableA5_price_support_distribution_information","T1",89,0.0489279824079164,"Increase",784,1007,784
"10_TPoI","tableA5_price_support_distribution_information","T1",89,0.0489279824079164,"Increase",816,1044,816
"10_TPoI","tableA5_price_support_distribution_information","T1",89,0.0489279824079164,"Increase",829,1061,829
"10_TPoI","tableA5_price_support_distribution_information","T1",89,0.0489279824079164,"Increase",847,1081,847
"10_TPoI","tableA5_price_support_distribution_information","T1",89,0.0489279824079164,"Increase",897,1152,897
"10_TPoI","tableA5_price_support_distribution_information","T1",89,0.0489279824079164,"Increase",902,1159,902
"10_TPoI","tableA5_price_support_distribution_information","T1",89,0.0489279824079164,"Increase",911,1176,911
"10_TPoI","tableA5_price_support_distribution_information","T1",89,0.0489279824079164,"Increase",934,1202,934
"10_TPoI","tableA5_price_support_distribution_information","T1",89,0.0489279824079164,"Increase",1000,1293,1000
"10_TPoI","tableA5_price_support_distribution_information","T1",89,0.0489279824079164,"Increase",1013,1308,1013
"10_TPoI","tableA5_price_support_distribution_information","T1",89,0.0489279824079164,"Increase",1019,1318,1019
"10_TPoI","tableA5_price_support_distribution_information","T1",89,0.0489279824079164,"Increase",1028,1330,1028
"10_TPoI","tableA5_price_support_distribution_information","T1",89,0.0489279824079164,"Increase",1036,1340,1036
"10_TPoI","tableA5_price_support_distribution_information","T1",89,0.0489279824079164,"Increase",1037,1341,1037
"10_TPoI","tableA5_price_support_distribution_information","T1",89,0.0489279824079164,"Increase",1042,1348,1042
"10_TPoI","tableA5_price_support_distribution_information","T1",89,0.0489279824079164,"Increase",1070,1385,1070
"10_TPoI","tableA5_price_support_distribution_information","T1",89,0.0489279824079164,"Increase",1112,1428,1112
"10_TPoI","tableA5_price_support_distribution_information","T1",89,0.0489279824079164,"Increase",1122,1444,1122
"10_TPoI","tableA5_price_support_distribution_information","T1",89,0.0489279824079164,"Increase",1130,1452,1130
"10_TPoI","tableA5_price_support_distribution_information","T1",89,0.0489279824079164,"Increase",1183,1523,1183
"10_TPoI","tableA5_price_support_distribution_information","T1",89,0.0489279824079164,"Increase",1194,1538,1194
"10_TPoI","tableA5_price_support_distribution_information","T1",90,0.0494777350192413,"Increase",4,6,4
"10_TPoI","tableA5_price_support_distribution_information","T1",90,0.0494777350192413,"Increase",7,10,7
"10_TPoI","tableA5_price_support_distribution_information","T1",90,0.0494777350192413,"Increase",18,27,18
"10_TPoI","tableA5_price_support_distribution_information","T1",90,0.0494777350192413,"Increase",45,60,45
"10_TPoI","tableA5_price_support_distribution_information","T1",90,0.0494777350192413,"Increase",49,66,49
"10_TPoI","tableA5_price_support_distribution_information","T1",90,0.0494777350192413,"Increase",59,79,59
"10_TPoI","tableA5_price_support_distribution_information","T1",90,0.0494777350192413,"Increase",62,84,62
"10_TPoI","tableA5_price_support_distribution_information","T1",90,0.0494777350192413,"Increase",74,97,74
"10_TPoI","tableA5_price_support_distribution_information","T1",90,0.0494777350192413,"Increase",91,118,91
"10_TPoI","tableA5_price_support_distribution_information","T1",90,0.0494777350192413,"Increase",93,122,93
"10_TPoI","tableA5_price_support_distribution_information","T1",90,0.0494777350192413,"Increase",100,131,100
"10_TPoI","tableA5_price_support_distribution_information","T1",90,0.0494777350192413,"Increase",104,137,104
"10_TPoI","tableA5_price_support_distribution_information","T1",90,0.0494777350192413,"Increase",114,148,114
"10_TPoI","tableA5_price_support_distribution_information","T1",90,0.0494777350192413,"Increase",119,153,119
"10_TPoI","tableA5_price_support_distribution_information","T1",90,0.0494777350192413,"Increase",123,158,123
"10_TPoI","tableA5_price_support_distribution_information","T1",90,0.0494777350192413,"Increase",166,216,166
"10_TPoI","tableA5_price_support_distribution_information","T1",90,0.0494777350192413,"Increase",169,221,169
"10_TPoI","tableA5_price_support_distribution_information","T1",90,0.0494777350192413,"Increase",183,236,183
"10_TPoI","tableA5_price_support_distribution_information","T1",90,0.0494777350192413,"Increase",216,274,216
"10_TPoI","tableA5_price_support_distribution_information","T1",90,0.0494777350192413,"Increase",218,276,218
"10_TPoI","tableA5_price_support_distribution_information","T1",90,0.0494777350192413,"Increase",220,278,220
"10_TPoI","tableA5_price_support_distribution_information","T1",90,0.0494777350192413,"Increase",224,284,224
"10_TPoI","tableA5_price_support_distribution_information","T1",90,0.0494777350192413,"Increase",226,286,226
"10_TPoI","tableA5_price_support_distribution_information","T1",90,0.0494777350192413,"Increase",227,287,227
"10_TPoI","tableA5_price_support_distribution_information","T1",90,0.0494777350192413,"Increase",239,300,239
"10_TPoI","tableA5_price_support_distribution_information","T1",90,0.0494777350192413,"Increase",245,309,245
"10_TPoI","tableA5_price_support_distribution_information","T1",90,0.0494777350192413,"Increase",269,344,269
"10_TPoI","tableA5_price_support_distribution_information","T1",90,0.0494777350192413,"Increase",283,361,283
"10_TPoI","tableA5_price_support_distribution_information","T1",90,0.0494777350192413,"Increase",290,370,290
"10_TPoI","tableA5_price_support_distribution_information","T1",90,0.0494777350192413,"Increase",292,372,292
"10_TPoI","tableA5_price_support_distribution_information","T1",90,0.0494777350192413,"Increase",309,396,309
"10_TPoI","tableA5_price_support_distribution_information","T1",90,0.0494777350192413,"Increase",336,432,336
"10_TPoI","tableA5_price_support_distribution_information","T1",90,0.0494777350192413,"Increase",337,433,337
"10_TPoI","tableA5_price_support_distribution_information","T1",90,0.0494777350192413,"Increase",357,459,357
"10_TPoI","tableA5_price_support_distribution_information","T1",90,0.0494777350192413,"Increase",385,495,385
"10_TPoI","tableA5_price_support_distribution_information","T1",90,0.0494777350192413,"Increase",412,531,412
"10_TPoI","tableA5_price_support_distribution_information","T1",90,0.0494777350192413,"Increase",414,533,414
"10_TPoI","tableA5_price_support_distribution_information","T1",90,0.0494777350192413,"Increase",419,539,419
"10_TPoI","tableA5_price_support_distribution_information","T1",90,0.0494777350192413,"Increase",423,543,423
"10_TPoI","tableA5_price_support_distribution_information","T1",90,0.0494777350192413,"Increase",433,555,433
"10_TPoI","tableA5_price_support_distribution_information","T1",90,0.0494777350192413,"Increase",442,565,442
"10_TPoI","tableA5_price_support_distribution_information","T1",90,0.0494777350192413,"Increase",450,578,450
"10_TPoI","tableA5_price_support_distribution_information","T1",90,0.0494777350192413,"Increase",463,597,463
"10_TPoI","tableA5_price_support_distribution_information","T1",90,0.0494777350192413,"Increase",464,598,464
"10_TPoI","tableA5_price_support_distribution_information","T1",90,0.0494777350192413,"Increase",467,601,467
"10_TPoI","tableA5_price_support_distribution_information","T1",90,0.0494777350192413,"Increase",497,640,497
"10_TPoI","tableA5_price_support_distribution_information","T1",90,0.0494777350192413,"Increase",504,648,504
"10_TPoI","tableA5_price_support_distribution_information","T1",90,0.0494777350192413,"Increase",521,670,521
"10_TPoI","tableA5_price_support_distribution_information","T1",90,0.0494777350192413,"Increase",567,735,567
"10_TPoI","tableA5_price_support_distribution_information","T1",90,0.0494777350192413,"Increase",569,737,569
"10_TPoI","tableA5_price_support_distribution_information","T1",90,0.0494777350192413,"Increase",589,767,589
"10_TPoI","tableA5_price_support_distribution_information","T1",90,0.0494777350192413,"Increase",590,768,590
"10_TPoI","tableA5_price_support_distribution_information","T1",90,0.0494777350192413,"Increase",597,777,597
"10_TPoI","tableA5_price_support_distribution_information","T1",90,0.0494777350192413,"Increase",604,787,604
"10_TPoI","tableA5_price_support_distribution_information","T1",90,0.0494777350192413,"Increase",613,796,613
"10_TPoI","tableA5_price_support_distribution_information","T1",90,0.0494777350192413,"Increase",627,814,627
"10_TPoI","tableA5_price_support_distribution_information","T1",90,0.0494777350192413,"Increase",633,821,633
"10_TPoI","tableA5_price_support_distribution_information","T1",90,0.0494777350192413,"Increase",662,856,662
"10_TPoI","tableA5_price_support_distribution_information","T1",90,0.0494777350192413,"Increase",669,864,669
"10_TPoI","tableA5_price_support_distribution_information","T1",90,0.0494777350192413,"Increase",672,867,672
"10_TPoI","tableA5_price_support_distribution_information","T1",90,0.0494777350192413,"Increase",673,868,673
"10_TPoI","tableA5_price_support_distribution_information","T1",90,0.0494777350192413,"Increase",684,881,684
"10_TPoI","tableA5_price_support_distribution_information","T1",90,0.0494777350192413,"Increase",685,882,685
"10_TPoI","tableA5_price_support_distribution_information","T1",90,0.0494777350192413,"Increase",691,889,691
"10_TPoI","tableA5_price_support_distribution_information","T1",90,0.0494777350192413,"Increase",700,902,700
"10_TPoI","tableA5_price_support_distribution_information","T1",90,0.0494777350192413,"Increase",732,939,732
"10_TPoI","tableA5_price_support_distribution_information","T1",90,0.0494777350192413,"Increase",759,973,759
"10_TPoI","tableA5_price_support_distribution_information","T1",90,0.0494777350192413,"Increase",763,978,763
"10_TPoI","tableA5_price_support_distribution_information","T1",90,0.0494777350192413,"Increase",784,1007,784
"10_TPoI","tableA5_price_support_distribution_information","T1",90,0.0494777350192413,"Increase",816,1044,816
"10_TPoI","tableA5_price_support_distribution_information","T1",90,0.0494777350192413,"Increase",829,1061,829
"10_TPoI","tableA5_price_support_distribution_information","T1",90,0.0494777350192413,"Increase",847,1081,847
"10_TPoI","tableA5_price_support_distribution_information","T1",90,0.0494777350192413,"Increase",897,1152,897
"10_TPoI","tableA5_price_support_distribution_information","T1",90,0.0494777350192413,"Increase",902,1159,902
"10_TPoI","tableA5_price_support_distribution_information","T1",90,0.0494777350192413,"Increase",911,1176,911
"10_TPoI","tableA5_price_support_distribution_information","T1",90,0.0494777350192413,"Increase",934,1202,934
"10_TPoI","tableA5_price_support_distribution_information","T1",90,0.0494777350192413,"Increase",1000,1293,1000
"10_TPoI","tableA5_price_support_distribution_information","T1",90,0.0494777350192413,"Increase",1013,1308,1013
"10_TPoI","tableA5_price_support_distribution_information","T1",90,0.0494777350192413,"Increase",1019,1318,1019
"10_TPoI","tableA5_price_support_distribution_information","T1",90,0.0494777350192413,"Increase",1028,1330,1028
"10_TPoI","tableA5_price_support_distribution_information","T1",90,0.0494777350192413,"Increase",1036,1340,1036
"10_TPoI","tableA5_price_support_distribution_information","T1",90,0.0494777350192413,"Increase",1037,1341,1037
"10_TPoI","tableA5_price_support_distribution_information","T1",90,0.0494777350192413,"Increase",1042,1348,1042
"10_TPoI","tableA5_price_support_distribution_information","T1",90,0.0494777350192413,"Increase",1070,1385,1070
"10_TPoI","tableA5_price_support_distribution_information","T1",90,0.0494777350192413,"Increase",1112,1428,1112
"10_TPoI","tableA5_price_support_distribution_information","T1",90,0.0494777350192413,"Increase",1122,1444,1122
"10_TPoI","tableA5_price_support_distribution_information","T1",90,0.0494777350192413,"Increase",1130,1452,1130
"10_TPoI","tableA5_price_support_distribution_information","T1",90,0.0494777350192413,"Increase",1183,1523,1183
"10_TPoI","tableA5_price_support_distribution_information","T1",90,0.0494777350192413,"Increase",1194,1538,1194
"10_TPoI","tableA5_price_support_distribution_information","T1",90,0.0494777350192413,"Increase",1226,1582,1226
"10_TPoI","tableA5_price_support_distribution_information","T1",1,0.000549752611324904,"Decrease",11,16,11
"10_TPoI","tableA5_price_support_distribution_information","T1",2,0.00109950522264981,"Decrease",11,16,11
"10_TPoI","tableA5_price_support_distribution_information","T1",2,0.00109950522264981,"Decrease",12,17,12
"10_TPoI","tableA5_price_support_distribution_information","T1",3,0.00164925783397471,"Decrease",11,16,11
"10_TPoI","tableA5_price_support_distribution_information","T1",3,0.00164925783397471,"Decrease",12,17,12
"10_TPoI","tableA5_price_support_distribution_information","T1",3,0.00164925783397471,"Decrease",17,26,17
"10_TPoI","tableA5_price_support_distribution_information","T1",4,0.00219901044529962,"Decrease",11,16,11
"10_TPoI","tableA5_price_support_distribution_information","T1",4,0.00219901044529962,"Decrease",12,17,12
"10_TPoI","tableA5_price_support_distribution_information","T1",4,0.00219901044529962,"Decrease",17,26,17
"10_TPoI","tableA5_price_support_distribution_information","T1",4,0.00219901044529962,"Decrease",33,45,33
"10_TPoI","tableA5_price_support_distribution_information","T1",5,0.00274876305662452,"Decrease",11,16,11
"10_TPoI","tableA5_price_support_distribution_information","T1",5,0.00274876305662452,"Decrease",12,17,12
"10_TPoI","tableA5_price_support_distribution_information","T1",5,0.00274876305662452,"Decrease",17,26,17
"10_TPoI","tableA5_price_support_distribution_information","T1",5,0.00274876305662452,"Decrease",33,45,33
"10_TPoI","tableA5_price_support_distribution_information","T1",5,0.00274876305662452,"Decrease",39,54,39
"10_TPoI","tableA5_price_support_distribution_information","T1",6,0.00329851566794942,"Decrease",11,16,11
"10_TPoI","tableA5_price_support_distribution_information","T1",6,0.00329851566794942,"Decrease",12,17,12
"10_TPoI","tableA5_price_support_distribution_information","T1",6,0.00329851566794942,"Decrease",17,26,17
"10_TPoI","tableA5_price_support_distribution_information","T1",6,0.00329851566794942,"Decrease",33,45,33
"10_TPoI","tableA5_price_support_distribution_information","T1",6,0.00329851566794942,"Decrease",39,54,39
"10_TPoI","tableA5_price_support_distribution_information","T1",6,0.00329851566794942,"Decrease",52,69,52
"10_TPoI","tableA5_price_support_distribution_information","T1",7,0.00384826827927433,"Decrease",11,16,11
"10_TPoI","tableA5_price_support_distribution_information","T1",7,0.00384826827927433,"Decrease",12,17,12
"10_TPoI","tableA5_price_support_distribution_information","T1",7,0.00384826827927433,"Decrease",17,26,17
"10_TPoI","tableA5_price_support_distribution_information","T1",7,0.00384826827927433,"Decrease",33,45,33
"10_TPoI","tableA5_price_support_distribution_information","T1",7,0.00384826827927433,"Decrease",39,54,39
"10_TPoI","tableA5_price_support_distribution_information","T1",7,0.00384826827927433,"Decrease",52,69,52
"10_TPoI","tableA5_price_support_distribution_information","T1",7,0.00384826827927433,"Decrease",55,72,55
"10_TPoI","tableA5_price_support_distribution_information","T1",8,0.00439802089059923,"Decrease",11,16,11
"10_TPoI","tableA5_price_support_distribution_information","T1",8,0.00439802089059923,"Decrease",12,17,12
"10_TPoI","tableA5_price_support_distribution_information","T1",8,0.00439802089059923,"Decrease",17,26,17
"10_TPoI","tableA5_price_support_distribution_information","T1",8,0.00439802089059923,"Decrease",33,45,33
"10_TPoI","tableA5_price_support_distribution_information","T1",8,0.00439802089059923,"Decrease",39,54,39
"10_TPoI","tableA5_price_support_distribution_information","T1",8,0.00439802089059923,"Decrease",52,69,52
"10_TPoI","tableA5_price_support_distribution_information","T1",8,0.00439802089059923,"Decrease",55,72,55
"10_TPoI","tableA5_price_support_distribution_information","T1",8,0.00439802089059923,"Decrease",58,77,58
"10_TPoI","tableA5_price_support_distribution_information","T1",9,0.00494777350192413,"Decrease",11,16,11
"10_TPoI","tableA5_price_support_distribution_information","T1",9,0.00494777350192413,"Decrease",12,17,12
"10_TPoI","tableA5_price_support_distribution_information","T1",9,0.00494777350192413,"Decrease",17,26,17
"10_TPoI","tableA5_price_support_distribution_information","T1",9,0.00494777350192413,"Decrease",33,45,33
"10_TPoI","tableA5_price_support_distribution_information","T1",9,0.00494777350192413,"Decrease",39,54,39
"10_TPoI","tableA5_price_support_distribution_information","T1",9,0.00494777350192413,"Decrease",52,69,52
"10_TPoI","tableA5_price_support_distribution_information","T1",9,0.00494777350192413,"Decrease",55,72,55
"10_TPoI","tableA5_price_support_distribution_information","T1",9,0.00494777350192413,"Decrease",58,77,58
"10_TPoI","tableA5_price_support_distribution_information","T1",9,0.00494777350192413,"Decrease",61,82,61
"10_TPoI","tableA5_price_support_distribution_information","T1",10,0.00549752611324904,"Decrease",11,16,11
"10_TPoI","tableA5_price_support_distribution_information","T1",10,0.00549752611324904,"Decrease",12,17,12
"10_TPoI","tableA5_price_support_distribution_information","T1",10,0.00549752611324904,"Decrease",17,26,17
"10_TPoI","tableA5_price_support_distribution_information","T1",10,0.00549752611324904,"Decrease",33,45,33
"10_TPoI","tableA5_price_support_distribution_information","T1",10,0.00549752611324904,"Decrease",39,54,39
"10_TPoI","tableA5_price_support_distribution_information","T1",10,0.00549752611324904,"Decrease",52,69,52
"10_TPoI","tableA5_price_support_distribution_information","T1",10,0.00549752611324904,"Decrease",55,72,55
"10_TPoI","tableA5_price_support_distribution_information","T1",10,0.00549752611324904,"Decrease",58,77,58
"10_TPoI","tableA5_price_support_distribution_information","T1",10,0.00549752611324904,"Decrease",61,82,61
"10_TPoI","tableA5_price_support_distribution_information","T1",10,0.00549752611324904,"Decrease",75,98,75
"10_TPoI","tableA5_price_support_distribution_information","T1",11,0.00604727872457394,"Decrease",11,16,11
"10_TPoI","tableA5_price_support_distribution_information","T1",11,0.00604727872457394,"Decrease",12,17,12
"10_TPoI","tableA5_price_support_distribution_information","T1",11,0.00604727872457394,"Decrease",17,26,17
"10_TPoI","tableA5_price_support_distribution_information","T1",11,0.00604727872457394,"Decrease",33,45,33
"10_TPoI","tableA5_price_support_distribution_information","T1",11,0.00604727872457394,"Decrease",39,54,39
"10_TPoI","tableA5_price_support_distribution_information","T1",11,0.00604727872457394,"Decrease",52,69,52
"10_TPoI","tableA5_price_support_distribution_information","T1",11,0.00604727872457394,"Decrease",55,72,55
"10_TPoI","tableA5_price_support_distribution_information","T1",11,0.00604727872457394,"Decrease",58,77,58
"10_TPoI","tableA5_price_support_distribution_information","T1",11,0.00604727872457394,"Decrease",61,82,61
"10_TPoI","tableA5_price_support_distribution_information","T1",11,0.00604727872457394,"Decrease",75,98,75
"10_TPoI","tableA5_price_support_distribution_information","T1",11,0.00604727872457394,"Decrease",113,147,113
"10_TPoI","tableA5_price_support_distribution_information","T1",12,0.00659703133589885,"Decrease",11,16,11
"10_TPoI","tableA5_price_support_distribution_information","T1",12,0.00659703133589885,"Decrease",12,17,12
"10_TPoI","tableA5_price_support_distribution_information","T1",12,0.00659703133589885,"Decrease",17,26,17
"10_TPoI","tableA5_price_support_distribution_information","T1",12,0.00659703133589885,"Decrease",33,45,33
"10_TPoI","tableA5_price_support_distribution_information","T1",12,0.00659703133589885,"Decrease",39,54,39
"10_TPoI","tableA5_price_support_distribution_information","T1",12,0.00659703133589885,"Decrease",52,69,52
"10_TPoI","tableA5_price_support_distribution_information","T1",12,0.00659703133589885,"Decrease",55,72,55
"10_TPoI","tableA5_price_support_distribution_information","T1",12,0.00659703133589885,"Decrease",58,77,58
"10_TPoI","tableA5_price_support_distribution_information","T1",12,0.00659703133589885,"Decrease",61,82,61
"10_TPoI","tableA5_price_support_distribution_information","T1",12,0.00659703133589885,"Decrease",75,98,75
"10_TPoI","tableA5_price_support_distribution_information","T1",12,0.00659703133589885,"Decrease",113,147,113
"10_TPoI","tableA5_price_support_distribution_information","T1",12,0.00659703133589885,"Decrease",116,150,116
"10_TPoI","tableA5_price_support_distribution_information","T1",13,0.00714678394722375,"Decrease",11,16,11
"10_TPoI","tableA5_price_support_distribution_information","T1",13,0.00714678394722375,"Decrease",12,17,12
"10_TPoI","tableA5_price_support_distribution_information","T1",13,0.00714678394722375,"Decrease",17,26,17
"10_TPoI","tableA5_price_support_distribution_information","T1",13,0.00714678394722375,"Decrease",33,45,33
"10_TPoI","tableA5_price_support_distribution_information","T1",13,0.00714678394722375,"Decrease",39,54,39
"10_TPoI","tableA5_price_support_distribution_information","T1",13,0.00714678394722375,"Decrease",52,69,52
"10_TPoI","tableA5_price_support_distribution_information","T1",13,0.00714678394722375,"Decrease",55,72,55
"10_TPoI","tableA5_price_support_distribution_information","T1",13,0.00714678394722375,"Decrease",58,77,58
"10_TPoI","tableA5_price_support_distribution_information","T1",13,0.00714678394722375,"Decrease",61,82,61
"10_TPoI","tableA5_price_support_distribution_information","T1",13,0.00714678394722375,"Decrease",75,98,75
"10_TPoI","tableA5_price_support_distribution_information","T1",13,0.00714678394722375,"Decrease",113,147,113
"10_TPoI","tableA5_price_support_distribution_information","T1",13,0.00714678394722375,"Decrease",116,150,116
"10_TPoI","tableA5_price_support_distribution_information","T1",13,0.00714678394722375,"Decrease",177,230,177
"10_TPoI","tableA5_price_support_distribution_information","T1",14,0.00769653655854865,"Decrease",11,16,11
"10_TPoI","tableA5_price_support_distribution_information","T1",14,0.00769653655854865,"Decrease",12,17,12
"10_TPoI","tableA5_price_support_distribution_information","T1",14,0.00769653655854865,"Decrease",17,26,17
"10_TPoI","tableA5_price_support_distribution_information","T1",14,0.00769653655854865,"Decrease",33,45,33
"10_TPoI","tableA5_price_support_distribution_information","T1",14,0.00769653655854865,"Decrease",39,54,39
"10_TPoI","tableA5_price_support_distribution_information","T1",14,0.00769653655854865,"Decrease",52,69,52
"10_TPoI","tableA5_price_support_distribution_information","T1",14,0.00769653655854865,"Decrease",55,72,55
"10_TPoI","tableA5_price_support_distribution_information","T1",14,0.00769653655854865,"Decrease",58,77,58
"10_TPoI","tableA5_price_support_distribution_information","T1",14,0.00769653655854865,"Decrease",61,82,61
"10_TPoI","tableA5_price_support_distribution_information","T1",14,0.00769653655854865,"Decrease",75,98,75
"10_TPoI","tableA5_price_support_distribution_information","T1",14,0.00769653655854865,"Decrease",113,147,113
"10_TPoI","tableA5_price_support_distribution_information","T1",14,0.00769653655854865,"Decrease",116,150,116
"10_TPoI","tableA5_price_support_distribution_information","T1",14,0.00769653655854865,"Decrease",177,230,177
"10_TPoI","tableA5_price_support_distribution_information","T1",14,0.00769653655854865,"Decrease",180,233,180
"10_TPoI","tableA5_price_support_distribution_information","T1",15,0.00824628916987356,"Decrease",11,16,11
"10_TPoI","tableA5_price_support_distribution_information","T1",15,0.00824628916987356,"Decrease",12,17,12
"10_TPoI","tableA5_price_support_distribution_information","T1",15,0.00824628916987356,"Decrease",17,26,17
"10_TPoI","tableA5_price_support_distribution_information","T1",15,0.00824628916987356,"Decrease",33,45,33
"10_TPoI","tableA5_price_support_distribution_information","T1",15,0.00824628916987356,"Decrease",39,54,39
"10_TPoI","tableA5_price_support_distribution_information","T1",15,0.00824628916987356,"Decrease",52,69,52
"10_TPoI","tableA5_price_support_distribution_information","T1",15,0.00824628916987356,"Decrease",55,72,55
"10_TPoI","tableA5_price_support_distribution_information","T1",15,0.00824628916987356,"Decrease",58,77,58
"10_TPoI","tableA5_price_support_distribution_information","T1",15,0.00824628916987356,"Decrease",61,82,61
"10_TPoI","tableA5_price_support_distribution_information","T1",15,0.00824628916987356,"Decrease",75,98,75
"10_TPoI","tableA5_price_support_distribution_information","T1",15,0.00824628916987356,"Decrease",113,147,113
"10_TPoI","tableA5_price_support_distribution_information","T1",15,0.00824628916987356,"Decrease",116,150,116
"10_TPoI","tableA5_price_support_distribution_information","T1",15,0.00824628916987356,"Decrease",177,230,177
"10_TPoI","tableA5_price_support_distribution_information","T1",15,0.00824628916987356,"Decrease",180,233,180
"10_TPoI","tableA5_price_support_distribution_information","T1",15,0.00824628916987356,"Decrease",192,247,192
"10_TPoI","tableA5_price_support_distribution_information","T1",16,0.00879604178119846,"Decrease",11,16,11
"10_TPoI","tableA5_price_support_distribution_information","T1",16,0.00879604178119846,"Decrease",12,17,12
"10_TPoI","tableA5_price_support_distribution_information","T1",16,0.00879604178119846,"Decrease",17,26,17
"10_TPoI","tableA5_price_support_distribution_information","T1",16,0.00879604178119846,"Decrease",33,45,33
"10_TPoI","tableA5_price_support_distribution_information","T1",16,0.00879604178119846,"Decrease",39,54,39
"10_TPoI","tableA5_price_support_distribution_information","T1",16,0.00879604178119846,"Decrease",52,69,52
"10_TPoI","tableA5_price_support_distribution_information","T1",16,0.00879604178119846,"Decrease",55,72,55
"10_TPoI","tableA5_price_support_distribution_information","T1",16,0.00879604178119846,"Decrease",58,77,58
"10_TPoI","tableA5_price_support_distribution_information","T1",16,0.00879604178119846,"Decrease",61,82,61
"10_TPoI","tableA5_price_support_distribution_information","T1",16,0.00879604178119846,"Decrease",75,98,75
"10_TPoI","tableA5_price_support_distribution_information","T1",16,0.00879604178119846,"Decrease",113,147,113
"10_TPoI","tableA5_price_support_distribution_information","T1",16,0.00879604178119846,"Decrease",116,150,116
"10_TPoI","tableA5_price_support_distribution_information","T1",16,0.00879604178119846,"Decrease",177,230,177
"10_TPoI","tableA5_price_support_distribution_information","T1",16,0.00879604178119846,"Decrease",180,233,180
"10_TPoI","tableA5_price_support_distribution_information","T1",16,0.00879604178119846,"Decrease",192,247,192
"10_TPoI","tableA5_price_support_distribution_information","T1",16,0.00879604178119846,"Decrease",199,256,199
"10_TPoI","tableA5_price_support_distribution_information","T1",17,0.00934579439252336,"Decrease",11,16,11
"10_TPoI","tableA5_price_support_distribution_information","T1",17,0.00934579439252336,"Decrease",12,17,12
"10_TPoI","tableA5_price_support_distribution_information","T1",17,0.00934579439252336,"Decrease",17,26,17
"10_TPoI","tableA5_price_support_distribution_information","T1",17,0.00934579439252336,"Decrease",33,45,33
"10_TPoI","tableA5_price_support_distribution_information","T1",17,0.00934579439252336,"Decrease",39,54,39
"10_TPoI","tableA5_price_support_distribution_information","T1",17,0.00934579439252336,"Decrease",52,69,52
"10_TPoI","tableA5_price_support_distribution_information","T1",17,0.00934579439252336,"Decrease",55,72,55
"10_TPoI","tableA5_price_support_distribution_information","T1",17,0.00934579439252336,"Decrease",58,77,58
"10_TPoI","tableA5_price_support_distribution_information","T1",17,0.00934579439252336,"Decrease",61,82,61
"10_TPoI","tableA5_price_support_distribution_information","T1",17,0.00934579439252336,"Decrease",75,98,75
"10_TPoI","tableA5_price_support_distribution_information","T1",17,0.00934579439252336,"Decrease",113,147,113
"10_TPoI","tableA5_price_support_distribution_information","T1",17,0.00934579439252336,"Decrease",116,150,116
"10_TPoI","tableA5_price_support_distribution_information","T1",17,0.00934579439252336,"Decrease",177,230,177
"10_TPoI","tableA5_price_support_distribution_information","T1",17,0.00934579439252336,"Decrease",180,233,180
"10_TPoI","tableA5_price_support_distribution_information","T1",17,0.00934579439252336,"Decrease",192,247,192
"10_TPoI","tableA5_price_support_distribution_information","T1",17,0.00934579439252336,"Decrease",199,256,199
"10_TPoI","tableA5_price_support_distribution_information","T1",17,0.00934579439252336,"Decrease",202,260,202
"10_TPoI","tableA5_price_support_distribution_information","T1",18,0.00989554700384827,"Decrease",11,16,11
"10_TPoI","tableA5_price_support_distribution_information","T1",18,0.00989554700384827,"Decrease",12,17,12
"10_TPoI","tableA5_price_support_distribution_information","T1",18,0.00989554700384827,"Decrease",17,26,17
"10_TPoI","tableA5_price_support_distribution_information","T1",18,0.00989554700384827,"Decrease",33,45,33
"10_TPoI","tableA5_price_support_distribution_information","T1",18,0.00989554700384827,"Decrease",39,54,39
"10_TPoI","tableA5_price_support_distribution_information","T1",18,0.00989554700384827,"Decrease",52,69,52
"10_TPoI","tableA5_price_support_distribution_information","T1",18,0.00989554700384827,"Decrease",55,72,55
"10_TPoI","tableA5_price_support_distribution_information","T1",18,0.00989554700384827,"Decrease",58,77,58
"10_TPoI","tableA5_price_support_distribution_information","T1",18,0.00989554700384827,"Decrease",61,82,61
"10_TPoI","tableA5_price_support_distribution_information","T1",18,0.00989554700384827,"Decrease",75,98,75
"10_TPoI","tableA5_price_support_distribution_information","T1",18,0.00989554700384827,"Decrease",113,147,113
"10_TPoI","tableA5_price_support_distribution_information","T1",18,0.00989554700384827,"Decrease",116,150,116
"10_TPoI","tableA5_price_support_distribution_information","T1",18,0.00989554700384827,"Decrease",177,230,177
"10_TPoI","tableA5_price_support_distribution_information","T1",18,0.00989554700384827,"Decrease",180,233,180
"10_TPoI","tableA5_price_support_distribution_information","T1",18,0.00989554700384827,"Decrease",192,247,192
"10_TPoI","tableA5_price_support_distribution_information","T1",18,0.00989554700384827,"Decrease",199,256,199
"10_TPoI","tableA5_price_support_distribution_information","T1",18,0.00989554700384827,"Decrease",202,260,202
"10_TPoI","tableA5_price_support_distribution_information","T1",18,0.00989554700384827,"Decrease",225,285,225
"10_TPoI","tableA5_price_support_distribution_information","T1",19,0.0104452996151732,"Decrease",11,16,11
"10_TPoI","tableA5_price_support_distribution_information","T1",19,0.0104452996151732,"Decrease",12,17,12
"10_TPoI","tableA5_price_support_distribution_information","T1",19,0.0104452996151732,"Decrease",17,26,17
"10_TPoI","tableA5_price_support_distribution_information","T1",19,0.0104452996151732,"Decrease",33,45,33
"10_TPoI","tableA5_price_support_distribution_information","T1",19,0.0104452996151732,"Decrease",39,54,39
"10_TPoI","tableA5_price_support_distribution_information","T1",19,0.0104452996151732,"Decrease",52,69,52
"10_TPoI","tableA5_price_support_distribution_information","T1",19,0.0104452996151732,"Decrease",55,72,55
"10_TPoI","tableA5_price_support_distribution_information","T1",19,0.0104452996151732,"Decrease",58,77,58
"10_TPoI","tableA5_price_support_distribution_information","T1",19,0.0104452996151732,"Decrease",61,82,61
"10_TPoI","tableA5_price_support_distribution_information","T1",19,0.0104452996151732,"Decrease",75,98,75
"10_TPoI","tableA5_price_support_distribution_information","T1",19,0.0104452996151732,"Decrease",113,147,113
"10_TPoI","tableA5_price_support_distribution_information","T1",19,0.0104452996151732,"Decrease",116,150,116
"10_TPoI","tableA5_price_support_distribution_information","T1",19,0.0104452996151732,"Decrease",177,230,177
"10_TPoI","tableA5_price_support_distribution_information","T1",19,0.0104452996151732,"Decrease",180,233,180
"10_TPoI","tableA5_price_support_distribution_information","T1",19,0.0104452996151732,"Decrease",192,247,192
"10_TPoI","tableA5_price_support_distribution_information","T1",19,0.0104452996151732,"Decrease",199,256,199
"10_TPoI","tableA5_price_support_distribution_information","T1",19,0.0104452996151732,"Decrease",202,260,202
"10_TPoI","tableA5_price_support_distribution_information","T1",19,0.0104452996151732,"Decrease",225,285,225
"10_TPoI","tableA5_price_support_distribution_information","T1",19,0.0104452996151732,"Decrease",232,292,232
"10_TPoI","tableA5_price_support_distribution_information","T1",20,0.0109950522264981,"Decrease",11,16,11
"10_TPoI","tableA5_price_support_distribution_information","T1",20,0.0109950522264981,"Decrease",12,17,12
"10_TPoI","tableA5_price_support_distribution_information","T1",20,0.0109950522264981,"Decrease",17,26,17
"10_TPoI","tableA5_price_support_distribution_information","T1",20,0.0109950522264981,"Decrease",33,45,33
"10_TPoI","tableA5_price_support_distribution_information","T1",20,0.0109950522264981,"Decrease",39,54,39
"10_TPoI","tableA5_price_support_distribution_information","T1",20,0.0109950522264981,"Decrease",52,69,52
"10_TPoI","tableA5_price_support_distribution_information","T1",20,0.0109950522264981,"Decrease",55,72,55
"10_TPoI","tableA5_price_support_distribution_information","T1",20,0.0109950522264981,"Decrease",58,77,58
"10_TPoI","tableA5_price_support_distribution_information","T1",20,0.0109950522264981,"Decrease",61,82,61
"10_TPoI","tableA5_price_support_distribution_information","T1",20,0.0109950522264981,"Decrease",75,98,75
"10_TPoI","tableA5_price_support_distribution_information","T1",20,0.0109950522264981,"Decrease",113,147,113
"10_TPoI","tableA5_price_support_distribution_information","T1",20,0.0109950522264981,"Decrease",116,150,116
"10_TPoI","tableA5_price_support_distribution_information","T1",20,0.0109950522264981,"Decrease",177,230,177
"10_TPoI","tableA5_price_support_distribution_information","T1",20,0.0109950522264981,"Decrease",180,233,180
"10_TPoI","tableA5_price_support_distribution_information","T1",20,0.0109950522264981,"Decrease",192,247,192
"10_TPoI","tableA5_price_support_distribution_information","T1",20,0.0109950522264981,"Decrease",199,256,199
"10_TPoI","tableA5_price_support_distribution_information","T1",20,0.0109950522264981,"Decrease",202,260,202
"10_TPoI","tableA5_price_support_distribution_information","T1",20,0.0109950522264981,"Decrease",225,285,225
"10_TPoI","tableA5_price_support_distribution_information","T1",20,0.0109950522264981,"Decrease",232,292,232
"10_TPoI","tableA5_price_support_distribution_information","T1",20,0.0109950522264981,"Decrease",243,306,243
"10_TPoI","tableA5_price_support_distribution_information","T1",21,0.011544804837823,"Decrease",11,16,11
"10_TPoI","tableA5_price_support_distribution_information","T1",21,0.011544804837823,"Decrease",12,17,12
"10_TPoI","tableA5_price_support_distribution_information","T1",21,0.011544804837823,"Decrease",17,26,17
"10_TPoI","tableA5_price_support_distribution_information","T1",21,0.011544804837823,"Decrease",33,45,33
"10_TPoI","tableA5_price_support_distribution_information","T1",21,0.011544804837823,"Decrease",39,54,39
"10_TPoI","tableA5_price_support_distribution_information","T1",21,0.011544804837823,"Decrease",52,69,52
"10_TPoI","tableA5_price_support_distribution_information","T1",21,0.011544804837823,"Decrease",55,72,55
"10_TPoI","tableA5_price_support_distribution_information","T1",21,0.011544804837823,"Decrease",58,77,58
"10_TPoI","tableA5_price_support_distribution_information","T1",21,0.011544804837823,"Decrease",61,82,61
"10_TPoI","tableA5_price_support_distribution_information","T1",21,0.011544804837823,"Decrease",75,98,75
"10_TPoI","tableA5_price_support_distribution_information","T1",21,0.011544804837823,"Decrease",113,147,113
"10_TPoI","tableA5_price_support_distribution_information","T1",21,0.011544804837823,"Decrease",116,150,116
"10_TPoI","tableA5_price_support_distribution_information","T1",21,0.011544804837823,"Decrease",177,230,177
"10_TPoI","tableA5_price_support_distribution_information","T1",21,0.011544804837823,"Decrease",180,233,180
"10_TPoI","tableA5_price_support_distribution_information","T1",21,0.011544804837823,"Decrease",192,247,192
"10_TPoI","tableA5_price_support_distribution_information","T1",21,0.011544804837823,"Decrease",199,256,199
"10_TPoI","tableA5_price_support_distribution_information","T1",21,0.011544804837823,"Decrease",202,260,202
"10_TPoI","tableA5_price_support_distribution_information","T1",21,0.011544804837823,"Decrease",225,285,225
"10_TPoI","tableA5_price_support_distribution_information","T1",21,0.011544804837823,"Decrease",232,292,232
"10_TPoI","tableA5_price_support_distribution_information","T1",21,0.011544804837823,"Decrease",243,306,243
"10_TPoI","tableA5_price_support_distribution_information","T1",21,0.011544804837823,"Decrease",285,364,285
"10_TPoI","tableA5_price_support_distribution_information","T1",22,0.0120945574491479,"Decrease",11,16,11
"10_TPoI","tableA5_price_support_distribution_information","T1",22,0.0120945574491479,"Decrease",12,17,12
"10_TPoI","tableA5_price_support_distribution_information","T1",22,0.0120945574491479,"Decrease",17,26,17
"10_TPoI","tableA5_price_support_distribution_information","T1",22,0.0120945574491479,"Decrease",33,45,33
"10_TPoI","tableA5_price_support_distribution_information","T1",22,0.0120945574491479,"Decrease",39,54,39
"10_TPoI","tableA5_price_support_distribution_information","T1",22,0.0120945574491479,"Decrease",52,69,52
"10_TPoI","tableA5_price_support_distribution_information","T1",22,0.0120945574491479,"Decrease",55,72,55
"10_TPoI","tableA5_price_support_distribution_information","T1",22,0.0120945574491479,"Decrease",58,77,58
"10_TPoI","tableA5_price_support_distribution_information","T1",22,0.0120945574491479,"Decrease",61,82,61
"10_TPoI","tableA5_price_support_distribution_information","T1",22,0.0120945574491479,"Decrease",75,98,75
"10_TPoI","tableA5_price_support_distribution_information","T1",22,0.0120945574491479,"Decrease",113,147,113
"10_TPoI","tableA5_price_support_distribution_information","T1",22,0.0120945574491479,"Decrease",116,150,116
"10_TPoI","tableA5_price_support_distribution_information","T1",22,0.0120945574491479,"Decrease",177,230,177
"10_TPoI","tableA5_price_support_distribution_information","T1",22,0.0120945574491479,"Decrease",180,233,180
"10_TPoI","tableA5_price_support_distribution_information","T1",22,0.0120945574491479,"Decrease",192,247,192
"10_TPoI","tableA5_price_support_distribution_information","T1",22,0.0120945574491479,"Decrease",199,256,199
"10_TPoI","tableA5_price_support_distribution_information","T1",22,0.0120945574491479,"Decrease",202,260,202
"10_TPoI","tableA5_price_support_distribution_information","T1",22,0.0120945574491479,"Decrease",225,285,225
"10_TPoI","tableA5_price_support_distribution_information","T1",22,0.0120945574491479,"Decrease",232,292,232
"10_TPoI","tableA5_price_support_distribution_information","T1",22,0.0120945574491479,"Decrease",243,306,243
"10_TPoI","tableA5_price_support_distribution_information","T1",22,0.0120945574491479,"Decrease",285,364,285
"10_TPoI","tableA5_price_support_distribution_information","T1",22,0.0120945574491479,"Decrease",301,387,301
"10_TPoI","tableA5_price_support_distribution_information","T1",23,0.0126443100604728,"Decrease",11,16,11
"10_TPoI","tableA5_price_support_distribution_information","T1",23,0.0126443100604728,"Decrease",12,17,12
"10_TPoI","tableA5_price_support_distribution_information","T1",23,0.0126443100604728,"Decrease",17,26,17
"10_TPoI","tableA5_price_support_distribution_information","T1",23,0.0126443100604728,"Decrease",33,45,33
"10_TPoI","tableA5_price_support_distribution_information","T1",23,0.0126443100604728,"Decrease",39,54,39
"10_TPoI","tableA5_price_support_distribution_information","T1",23,0.0126443100604728,"Decrease",52,69,52
"10_TPoI","tableA5_price_support_distribution_information","T1",23,0.0126443100604728,"Decrease",55,72,55
"10_TPoI","tableA5_price_support_distribution_information","T1",23,0.0126443100604728,"Decrease",58,77,58
"10_TPoI","tableA5_price_support_distribution_information","T1",23,0.0126443100604728,"Decrease",61,82,61
"10_TPoI","tableA5_price_support_distribution_information","T1",23,0.0126443100604728,"Decrease",75,98,75
"10_TPoI","tableA5_price_support_distribution_information","T1",23,0.0126443100604728,"Decrease",113,147,113
"10_TPoI","tableA5_price_support_distribution_information","T1",23,0.0126443100604728,"Decrease",116,150,116
"10_TPoI","tableA5_price_support_distribution_information","T1",23,0.0126443100604728,"Decrease",177,230,177
"10_TPoI","tableA5_price_support_distribution_information","T1",23,0.0126443100604728,"Decrease",180,233,180
"10_TPoI","tableA5_price_support_distribution_information","T1",23,0.0126443100604728,"Decrease",192,247,192
"10_TPoI","tableA5_price_support_distribution_information","T1",23,0.0126443100604728,"Decrease",199,256,199
"10_TPoI","tableA5_price_support_distribution_information","T1",23,0.0126443100604728,"Decrease",202,260,202
"10_TPoI","tableA5_price_support_distribution_information","T1",23,0.0126443100604728,"Decrease",225,285,225
"10_TPoI","tableA5_price_support_distribution_information","T1",23,0.0126443100604728,"Decrease",232,292,232
"10_TPoI","tableA5_price_support_distribution_information","T1",23,0.0126443100604728,"Decrease",243,306,243
"10_TPoI","tableA5_price_support_distribution_information","T1",23,0.0126443100604728,"Decrease",285,364,285
"10_TPoI","tableA5_price_support_distribution_information","T1",23,0.0126443100604728,"Decrease",301,387,301
"10_TPoI","tableA5_price_support_distribution_information","T1",23,0.0126443100604728,"Decrease",312,400,312
"10_TPoI","tableA5_price_support_distribution_information","T1",24,0.0131940626717977,"Decrease",11,16,11
"10_TPoI","tableA5_price_support_distribution_information","T1",24,0.0131940626717977,"Decrease",12,17,12
"10_TPoI","tableA5_price_support_distribution_information","T1",24,0.0131940626717977,"Decrease",17,26,17
"10_TPoI","tableA5_price_support_distribution_information","T1",24,0.0131940626717977,"Decrease",33,45,33
"10_TPoI","tableA5_price_support_distribution_information","T1",24,0.0131940626717977,"Decrease",39,54,39
"10_TPoI","tableA5_price_support_distribution_information","T1",24,0.0131940626717977,"Decrease",52,69,52
"10_TPoI","tableA5_price_support_distribution_information","T1",24,0.0131940626717977,"Decrease",55,72,55
"10_TPoI","tableA5_price_support_distribution_information","T1",24,0.0131940626717977,"Decrease",58,77,58
"10_TPoI","tableA5_price_support_distribution_information","T1",24,0.0131940626717977,"Decrease",61,82,61
"10_TPoI","tableA5_price_support_distribution_information","T1",24,0.0131940626717977,"Decrease",75,98,75
"10_TPoI","tableA5_price_support_distribution_information","T1",24,0.0131940626717977,"Decrease",113,147,113
"10_TPoI","tableA5_price_support_distribution_information","T1",24,0.0131940626717977,"Decrease",116,150,116
"10_TPoI","tableA5_price_support_distribution_information","T1",24,0.0131940626717977,"Decrease",177,230,177
"10_TPoI","tableA5_price_support_distribution_information","T1",24,0.0131940626717977,"Decrease",180,233,180
"10_TPoI","tableA5_price_support_distribution_information","T1",24,0.0131940626717977,"Decrease",192,247,192
"10_TPoI","tableA5_price_support_distribution_information","T1",24,0.0131940626717977,"Decrease",199,256,199
"10_TPoI","tableA5_price_support_distribution_information","T1",24,0.0131940626717977,"Decrease",202,260,202
"10_TPoI","tableA5_price_support_distribution_information","T1",24,0.0131940626717977,"Decrease",225,285,225
"10_TPoI","tableA5_price_support_distribution_information","T1",24,0.0131940626717977,"Decrease",232,292,232
"10_TPoI","tableA5_price_support_distribution_information","T1",24,0.0131940626717977,"Decrease",243,306,243
"10_TPoI","tableA5_price_support_distribution_information","T1",24,0.0131940626717977,"Decrease",285,364,285
"10_TPoI","tableA5_price_support_distribution_information","T1",24,0.0131940626717977,"Decrease",301,387,301
"10_TPoI","tableA5_price_support_distribution_information","T1",24,0.0131940626717977,"Decrease",312,400,312
"10_TPoI","tableA5_price_support_distribution_information","T1",24,0.0131940626717977,"Decrease",349,450,349
"10_TPoI","tableA5_price_support_distribution_information","T1",25,0.0137438152831226,"Decrease",11,16,11
"10_TPoI","tableA5_price_support_distribution_information","T1",25,0.0137438152831226,"Decrease",12,17,12
"10_TPoI","tableA5_price_support_distribution_information","T1",25,0.0137438152831226,"Decrease",17,26,17
"10_TPoI","tableA5_price_support_distribution_information","T1",25,0.0137438152831226,"Decrease",33,45,33
"10_TPoI","tableA5_price_support_distribution_information","T1",25,0.0137438152831226,"Decrease",39,54,39
"10_TPoI","tableA5_price_support_distribution_information","T1",25,0.0137438152831226,"Decrease",52,69,52
"10_TPoI","tableA5_price_support_distribution_information","T1",25,0.0137438152831226,"Decrease",55,72,55
"10_TPoI","tableA5_price_support_distribution_information","T1",25,0.0137438152831226,"Decrease",58,77,58
"10_TPoI","tableA5_price_support_distribution_information","T1",25,0.0137438152831226,"Decrease",61,82,61
"10_TPoI","tableA5_price_support_distribution_information","T1",25,0.0137438152831226,"Decrease",75,98,75
"10_TPoI","tableA5_price_support_distribution_information","T1",25,0.0137438152831226,"Decrease",113,147,113
"10_TPoI","tableA5_price_support_distribution_information","T1",25,0.0137438152831226,"Decrease",116,150,116
"10_TPoI","tableA5_price_support_distribution_information","T1",25,0.0137438152831226,"Decrease",177,230,177
"10_TPoI","tableA5_price_support_distribution_information","T1",25,0.0137438152831226,"Decrease",180,233,180
"10_TPoI","tableA5_price_support_distribution_information","T1",25,0.0137438152831226,"Decrease",192,247,192
"10_TPoI","tableA5_price_support_distribution_information","T1",25,0.0137438152831226,"Decrease",199,256,199
"10_TPoI","tableA5_price_support_distribution_information","T1",25,0.0137438152831226,"Decrease",202,260,202
"10_TPoI","tableA5_price_support_distribution_information","T1",25,0.0137438152831226,"Decrease",225,285,225
"10_TPoI","tableA5_price_support_distribution_information","T1",25,0.0137438152831226,"Decrease",232,292,232
"10_TPoI","tableA5_price_support_distribution_information","T1",25,0.0137438152831226,"Decrease",243,306,243
"10_TPoI","tableA5_price_support_distribution_information","T1",25,0.0137438152831226,"Decrease",285,364,285
"10_TPoI","tableA5_price_support_distribution_information","T1",25,0.0137438152831226,"Decrease",301,387,301
"10_TPoI","tableA5_price_support_distribution_information","T1",25,0.0137438152831226,"Decrease",312,400,312
"10_TPoI","tableA5_price_support_distribution_information","T1",25,0.0137438152831226,"Decrease",349,450,349
"10_TPoI","tableA5_price_support_distribution_information","T1",25,0.0137438152831226,"Decrease",359,463,359
"10_TPoI","tableA5_price_support_distribution_information","T1",26,0.0142935678944475,"Decrease",11,16,11
"10_TPoI","tableA5_price_support_distribution_information","T1",26,0.0142935678944475,"Decrease",12,17,12
"10_TPoI","tableA5_price_support_distribution_information","T1",26,0.0142935678944475,"Decrease",17,26,17
"10_TPoI","tableA5_price_support_distribution_information","T1",26,0.0142935678944475,"Decrease",33,45,33
"10_TPoI","tableA5_price_support_distribution_information","T1",26,0.0142935678944475,"Decrease",39,54,39
"10_TPoI","tableA5_price_support_distribution_information","T1",26,0.0142935678944475,"Decrease",52,69,52
"10_TPoI","tableA5_price_support_distribution_information","T1",26,0.0142935678944475,"Decrease",55,72,55
"10_TPoI","tableA5_price_support_distribution_information","T1",26,0.0142935678944475,"Decrease",58,77,58
"10_TPoI","tableA5_price_support_distribution_information","T1",26,0.0142935678944475,"Decrease",61,82,61
"10_TPoI","tableA5_price_support_distribution_information","T1",26,0.0142935678944475,"Decrease",75,98,75
"10_TPoI","tableA5_price_support_distribution_information","T1",26,0.0142935678944475,"Decrease",113,147,113
"10_TPoI","tableA5_price_support_distribution_information","T1",26,0.0142935678944475,"Decrease",116,150,116
"10_TPoI","tableA5_price_support_distribution_information","T1",26,0.0142935678944475,"Decrease",177,230,177
"10_TPoI","tableA5_price_support_distribution_information","T1",26,0.0142935678944475,"Decrease",180,233,180
"10_TPoI","tableA5_price_support_distribution_information","T1",26,0.0142935678944475,"Decrease",192,247,192
"10_TPoI","tableA5_price_support_distribution_information","T1",26,0.0142935678944475,"Decrease",199,256,199
"10_TPoI","tableA5_price_support_distribution_information","T1",26,0.0142935678944475,"Decrease",202,260,202
"10_TPoI","tableA5_price_support_distribution_information","T1",26,0.0142935678944475,"Decrease",225,285,225
"10_TPoI","tableA5_price_support_distribution_information","T1",26,0.0142935678944475,"Decrease",232,292,232
"10_TPoI","tableA5_price_support_distribution_information","T1",26,0.0142935678944475,"Decrease",243,306,243
"10_TPoI","tableA5_price_support_distribution_information","T1",26,0.0142935678944475,"Decrease",285,364,285
"10_TPoI","tableA5_price_support_distribution_information","T1",26,0.0142935678944475,"Decrease",301,387,301
"10_TPoI","tableA5_price_support_distribution_information","T1",26,0.0142935678944475,"Decrease",312,400,312
"10_TPoI","tableA5_price_support_distribution_information","T1",26,0.0142935678944475,"Decrease",349,450,349
"10_TPoI","tableA5_price_support_distribution_information","T1",26,0.0142935678944475,"Decrease",359,463,359
"10_TPoI","tableA5_price_support_distribution_information","T1",26,0.0142935678944475,"Decrease",396,510,396
"10_TPoI","tableA5_price_support_distribution_information","T1",27,0.0148433205057724,"Decrease",11,16,11
"10_TPoI","tableA5_price_support_distribution_information","T1",27,0.0148433205057724,"Decrease",12,17,12
"10_TPoI","tableA5_price_support_distribution_information","T1",27,0.0148433205057724,"Decrease",17,26,17
"10_TPoI","tableA5_price_support_distribution_information","T1",27,0.0148433205057724,"Decrease",33,45,33
"10_TPoI","tableA5_price_support_distribution_information","T1",27,0.0148433205057724,"Decrease",39,54,39
"10_TPoI","tableA5_price_support_distribution_information","T1",27,0.0148433205057724,"Decrease",52,69,52
"10_TPoI","tableA5_price_support_distribution_information","T1",27,0.0148433205057724,"Decrease",55,72,55
"10_TPoI","tableA5_price_support_distribution_information","T1",27,0.0148433205057724,"Decrease",58,77,58
"10_TPoI","tableA5_price_support_distribution_information","T1",27,0.0148433205057724,"Decrease",61,82,61
"10_TPoI","tableA5_price_support_distribution_information","T1",27,0.0148433205057724,"Decrease",75,98,75
"10_TPoI","tableA5_price_support_distribution_information","T1",27,0.0148433205057724,"Decrease",113,147,113
"10_TPoI","tableA5_price_support_distribution_information","T1",27,0.0148433205057724,"Decrease",116,150,116
"10_TPoI","tableA5_price_support_distribution_information","T1",27,0.0148433205057724,"Decrease",177,230,177
"10_TPoI","tableA5_price_support_distribution_information","T1",27,0.0148433205057724,"Decrease",180,233,180
"10_TPoI","tableA5_price_support_distribution_information","T1",27,0.0148433205057724,"Decrease",192,247,192
"10_TPoI","tableA5_price_support_distribution_information","T1",27,0.0148433205057724,"Decrease",199,256,199
"10_TPoI","tableA5_price_support_distribution_information","T1",27,0.0148433205057724,"Decrease",202,260,202
"10_TPoI","tableA5_price_support_distribution_information","T1",27,0.0148433205057724,"Decrease",225,285,225
"10_TPoI","tableA5_price_support_distribution_information","T1",27,0.0148433205057724,"Decrease",232,292,232
"10_TPoI","tableA5_price_support_distribution_information","T1",27,0.0148433205057724,"Decrease",243,306,243
"10_TPoI","tableA5_price_support_distribution_information","T1",27,0.0148433205057724,"Decrease",285,364,285
"10_TPoI","tableA5_price_support_distribution_information","T1",27,0.0148433205057724,"Decrease",301,387,301
"10_TPoI","tableA5_price_support_distribution_information","T1",27,0.0148433205057724,"Decrease",312,400,312
"10_TPoI","tableA5_price_support_distribution_information","T1",27,0.0148433205057724,"Decrease",349,450,349
"10_TPoI","tableA5_price_support_distribution_information","T1",27,0.0148433205057724,"Decrease",359,463,359
"10_TPoI","tableA5_price_support_distribution_information","T1",27,0.0148433205057724,"Decrease",396,510,396
"10_TPoI","tableA5_price_support_distribution_information","T1",27,0.0148433205057724,"Decrease",401,518,401
"10_TPoI","tableA5_price_support_distribution_information","T1",28,0.0153930731170973,"Decrease",11,16,11
"10_TPoI","tableA5_price_support_distribution_information","T1",28,0.0153930731170973,"Decrease",12,17,12
"10_TPoI","tableA5_price_support_distribution_information","T1",28,0.0153930731170973,"Decrease",17,26,17
"10_TPoI","tableA5_price_support_distribution_information","T1",28,0.0153930731170973,"Decrease",33,45,33
"10_TPoI","tableA5_price_support_distribution_information","T1",28,0.0153930731170973,"Decrease",39,54,39
"10_TPoI","tableA5_price_support_distribution_information","T1",28,0.0153930731170973,"Decrease",52,69,52
"10_TPoI","tableA5_price_support_distribution_information","T1",28,0.0153930731170973,"Decrease",55,72,55
"10_TPoI","tableA5_price_support_distribution_information","T1",28,0.0153930731170973,"Decrease",58,77,58
"10_TPoI","tableA5_price_support_distribution_information","T1",28,0.0153930731170973,"Decrease",61,82,61
"10_TPoI","tableA5_price_support_distribution_information","T1",28,0.0153930731170973,"Decrease",75,98,75
"10_TPoI","tableA5_price_support_distribution_information","T1",28,0.0153930731170973,"Decrease",113,147,113
"10_TPoI","tableA5_price_support_distribution_information","T1",28,0.0153930731170973,"Decrease",116,150,116
"10_TPoI","tableA5_price_support_distribution_information","T1",28,0.0153930731170973,"Decrease",177,230,177
"10_TPoI","tableA5_price_support_distribution_information","T1",28,0.0153930731170973,"Decrease",180,233,180
"10_TPoI","tableA5_price_support_distribution_information","T1",28,0.0153930731170973,"Decrease",192,247,192
"10_TPoI","tableA5_price_support_distribution_information","T1",28,0.0153930731170973,"Decrease",199,256,199
"10_TPoI","tableA5_price_support_distribution_information","T1",28,0.0153930731170973,"Decrease",202,260,202
"10_TPoI","tableA5_price_support_distribution_information","T1",28,0.0153930731170973,"Decrease",225,285,225
"10_TPoI","tableA5_price_support_distribution_information","T1",28,0.0153930731170973,"Decrease",232,292,232
"10_TPoI","tableA5_price_support_distribution_information","T1",28,0.0153930731170973,"Decrease",243,306,243
"10_TPoI","tableA5_price_support_distribution_information","T1",28,0.0153930731170973,"Decrease",285,364,285
"10_TPoI","tableA5_price_support_distribution_information","T1",28,0.0153930731170973,"Decrease",301,387,301
"10_TPoI","tableA5_price_support_distribution_information","T1",28,0.0153930731170973,"Decrease",312,400,312
"10_TPoI","tableA5_price_support_distribution_information","T1",28,0.0153930731170973,"Decrease",349,450,349
"10_TPoI","tableA5_price_support_distribution_information","T1",28,0.0153930731170973,"Decrease",359,463,359
"10_TPoI","tableA5_price_support_distribution_information","T1",28,0.0153930731170973,"Decrease",396,510,396
"10_TPoI","tableA5_price_support_distribution_information","T1",28,0.0153930731170973,"Decrease",401,518,401
"10_TPoI","tableA5_price_support_distribution_information","T1",28,0.0153930731170973,"Decrease",404,522,404
"10_TPoI","tableA5_price_support_distribution_information","T1",29,0.0159428257284222,"Decrease",11,16,11
"10_TPoI","tableA5_price_support_distribution_information","T1",29,0.0159428257284222,"Decrease",12,17,12
"10_TPoI","tableA5_price_support_distribution_information","T1",29,0.0159428257284222,"Decrease",17,26,17
"10_TPoI","tableA5_price_support_distribution_information","T1",29,0.0159428257284222,"Decrease",33,45,33
"10_TPoI","tableA5_price_support_distribution_information","T1",29,0.0159428257284222,"Decrease",39,54,39
"10_TPoI","tableA5_price_support_distribution_information","T1",29,0.0159428257284222,"Decrease",52,69,52
"10_TPoI","tableA5_price_support_distribution_information","T1",29,0.0159428257284222,"Decrease",55,72,55
"10_TPoI","tableA5_price_support_distribution_information","T1",29,0.0159428257284222,"Decrease",58,77,58
"10_TPoI","tableA5_price_support_distribution_information","T1",29,0.0159428257284222,"Decrease",61,82,61
"10_TPoI","tableA5_price_support_distribution_information","T1",29,0.0159428257284222,"Decrease",75,98,75
"10_TPoI","tableA5_price_support_distribution_information","T1",29,0.0159428257284222,"Decrease",113,147,113
"10_TPoI","tableA5_price_support_distribution_information","T1",29,0.0159428257284222,"Decrease",116,150,116
"10_TPoI","tableA5_price_support_distribution_information","T1",29,0.0159428257284222,"Decrease",177,230,177
"10_TPoI","tableA5_price_support_distribution_information","T1",29,0.0159428257284222,"Decrease",180,233,180
"10_TPoI","tableA5_price_support_distribution_information","T1",29,0.0159428257284222,"Decrease",192,247,192
"10_TPoI","tableA5_price_support_distribution_information","T1",29,0.0159428257284222,"Decrease",199,256,199
"10_TPoI","tableA5_price_support_distribution_information","T1",29,0.0159428257284222,"Decrease",202,260,202
"10_TPoI","tableA5_price_support_distribution_information","T1",29,0.0159428257284222,"Decrease",225,285,225
"10_TPoI","tableA5_price_support_distribution_information","T1",29,0.0159428257284222,"Decrease",232,292,232
"10_TPoI","tableA5_price_support_distribution_information","T1",29,0.0159428257284222,"Decrease",243,306,243
"10_TPoI","tableA5_price_support_distribution_information","T1",29,0.0159428257284222,"Decrease",285,364,285
"10_TPoI","tableA5_price_support_distribution_information","T1",29,0.0159428257284222,"Decrease",301,387,301
"10_TPoI","tableA5_price_support_distribution_information","T1",29,0.0159428257284222,"Decrease",312,400,312
"10_TPoI","tableA5_price_support_distribution_information","T1",29,0.0159428257284222,"Decrease",349,450,349
"10_TPoI","tableA5_price_support_distribution_information","T1",29,0.0159428257284222,"Decrease",359,463,359
"10_TPoI","tableA5_price_support_distribution_information","T1",29,0.0159428257284222,"Decrease",396,510,396
"10_TPoI","tableA5_price_support_distribution_information","T1",29,0.0159428257284222,"Decrease",401,518,401
"10_TPoI","tableA5_price_support_distribution_information","T1",29,0.0159428257284222,"Decrease",404,522,404
"10_TPoI","tableA5_price_support_distribution_information","T1",29,0.0159428257284222,"Decrease",451,579,451
"10_TPoI","tableA5_price_support_distribution_information","T1",30,0.0164925783397471,"Decrease",11,16,11
"10_TPoI","tableA5_price_support_distribution_information","T1",30,0.0164925783397471,"Decrease",12,17,12
"10_TPoI","tableA5_price_support_distribution_information","T1",30,0.0164925783397471,"Decrease",17,26,17
"10_TPoI","tableA5_price_support_distribution_information","T1",30,0.0164925783397471,"Decrease",33,45,33
"10_TPoI","tableA5_price_support_distribution_information","T1",30,0.0164925783397471,"Decrease",39,54,39
"10_TPoI","tableA5_price_support_distribution_information","T1",30,0.0164925783397471,"Decrease",52,69,52
"10_TPoI","tableA5_price_support_distribution_information","T1",30,0.0164925783397471,"Decrease",55,72,55
"10_TPoI","tableA5_price_support_distribution_information","T1",30,0.0164925783397471,"Decrease",58,77,58
"10_TPoI","tableA5_price_support_distribution_information","T1",30,0.0164925783397471,"Decrease",61,82,61
"10_TPoI","tableA5_price_support_distribution_information","T1",30,0.0164925783397471,"Decrease",75,98,75
"10_TPoI","tableA5_price_support_distribution_information","T1",30,0.0164925783397471,"Decrease",113,147,113
"10_TPoI","tableA5_price_support_distribution_information","T1",30,0.0164925783397471,"Decrease",116,150,116
"10_TPoI","tableA5_price_support_distribution_information","T1",30,0.0164925783397471,"Decrease",177,230,177
"10_TPoI","tableA5_price_support_distribution_information","T1",30,0.0164925783397471,"Decrease",180,233,180
"10_TPoI","tableA5_price_support_distribution_information","T1",30,0.0164925783397471,"Decrease",192,247,192
"10_TPoI","tableA5_price_support_distribution_information","T1",30,0.0164925783397471,"Decrease",199,256,199
"10_TPoI","tableA5_price_support_distribution_information","T1",30,0.0164925783397471,"Decrease",202,260,202
"10_TPoI","tableA5_price_support_distribution_information","T1",30,0.0164925783397471,"Decrease",225,285,225
"10_TPoI","tableA5_price_support_distribution_information","T1",30,0.0164925783397471,"Decrease",232,292,232
"10_TPoI","tableA5_price_support_distribution_information","T1",30,0.0164925783397471,"Decrease",243,306,243
"10_TPoI","tableA5_price_support_distribution_information","T1",30,0.0164925783397471,"Decrease",285,364,285
"10_TPoI","tableA5_price_support_distribution_information","T1",30,0.0164925783397471,"Decrease",301,387,301
"10_TPoI","tableA5_price_support_distribution_information","T1",30,0.0164925783397471,"Decrease",312,400,312
"10_TPoI","tableA5_price_support_distribution_information","T1",30,0.0164925783397471,"Decrease",349,450,349
"10_TPoI","tableA5_price_support_distribution_information","T1",30,0.0164925783397471,"Decrease",359,463,359
"10_TPoI","tableA5_price_support_distribution_information","T1",30,0.0164925783397471,"Decrease",396,510,396
"10_TPoI","tableA5_price_support_distribution_information","T1",30,0.0164925783397471,"Decrease",401,518,401
"10_TPoI","tableA5_price_support_distribution_information","T1",30,0.0164925783397471,"Decrease",404,522,404
"10_TPoI","tableA5_price_support_distribution_information","T1",30,0.0164925783397471,"Decrease",451,579,451
"10_TPoI","tableA5_price_support_distribution_information","T1",30,0.0164925783397471,"Decrease",540,696,540
"10_TPoI","tableA5_price_support_distribution_information","T1",31,0.017042330951072,"Decrease",11,16,11
"10_TPoI","tableA5_price_support_distribution_information","T1",31,0.017042330951072,"Decrease",12,17,12
"10_TPoI","tableA5_price_support_distribution_information","T1",31,0.017042330951072,"Decrease",17,26,17
"10_TPoI","tableA5_price_support_distribution_information","T1",31,0.017042330951072,"Decrease",33,45,33
"10_TPoI","tableA5_price_support_distribution_information","T1",31,0.017042330951072,"Decrease",39,54,39
"10_TPoI","tableA5_price_support_distribution_information","T1",31,0.017042330951072,"Decrease",52,69,52
"10_TPoI","tableA5_price_support_distribution_information","T1",31,0.017042330951072,"Decrease",55,72,55
"10_TPoI","tableA5_price_support_distribution_information","T1",31,0.017042330951072,"Decrease",58,77,58
"10_TPoI","tableA5_price_support_distribution_information","T1",31,0.017042330951072,"Decrease",61,82,61
"10_TPoI","tableA5_price_support_distribution_information","T1",31,0.017042330951072,"Decrease",75,98,75
"10_TPoI","tableA5_price_support_distribution_information","T1",31,0.017042330951072,"Decrease",113,147,113
"10_TPoI","tableA5_price_support_distribution_information","T1",31,0.017042330951072,"Decrease",116,150,116
"10_TPoI","tableA5_price_support_distribution_information","T1",31,0.017042330951072,"Decrease",177,230,177
"10_TPoI","tableA5_price_support_distribution_information","T1",31,0.017042330951072,"Decrease",180,233,180
"10_TPoI","tableA5_price_support_distribution_information","T1",31,0.017042330951072,"Decrease",192,247,192
"10_TPoI","tableA5_price_support_distribution_information","T1",31,0.017042330951072,"Decrease",199,256,199
"10_TPoI","tableA5_price_support_distribution_information","T1",31,0.017042330951072,"Decrease",202,260,202
"10_TPoI","tableA5_price_support_distribution_information","T1",31,0.017042330951072,"Decrease",225,285,225
"10_TPoI","tableA5_price_support_distribution_information","T1",31,0.017042330951072,"Decrease",232,292,232
"10_TPoI","tableA5_price_support_distribution_information","T1",31,0.017042330951072,"Decrease",243,306,243
"10_TPoI","tableA5_price_support_distribution_information","T1",31,0.017042330951072,"Decrease",285,364,285
"10_TPoI","tableA5_price_support_distribution_information","T1",31,0.017042330951072,"Decrease",301,387,301
"10_TPoI","tableA5_price_support_distribution_information","T1",31,0.017042330951072,"Decrease",312,400,312
"10_TPoI","tableA5_price_support_distribution_information","T1",31,0.017042330951072,"Decrease",349,450,349
"10_TPoI","tableA5_price_support_distribution_information","T1",31,0.017042330951072,"Decrease",359,463,359
"10_TPoI","tableA5_price_support_distribution_information","T1",31,0.017042330951072,"Decrease",396,510,396
"10_TPoI","tableA5_price_support_distribution_information","T1",31,0.017042330951072,"Decrease",401,518,401
"10_TPoI","tableA5_price_support_distribution_information","T1",31,0.017042330951072,"Decrease",404,522,404
"10_TPoI","tableA5_price_support_distribution_information","T1",31,0.017042330951072,"Decrease",451,579,451
"10_TPoI","tableA5_price_support_distribution_information","T1",31,0.017042330951072,"Decrease",540,696,540
"10_TPoI","tableA5_price_support_distribution_information","T1",31,0.017042330951072,"Decrease",639,828,639
"10_TPoI","tableA5_price_support_distribution_information","T1",32,0.0175920835623969,"Decrease",11,16,11
"10_TPoI","tableA5_price_support_distribution_information","T1",32,0.0175920835623969,"Decrease",12,17,12
"10_TPoI","tableA5_price_support_distribution_information","T1",32,0.0175920835623969,"Decrease",17,26,17
"10_TPoI","tableA5_price_support_distribution_information","T1",32,0.0175920835623969,"Decrease",33,45,33
"10_TPoI","tableA5_price_support_distribution_information","T1",32,0.0175920835623969,"Decrease",39,54,39
"10_TPoI","tableA5_price_support_distribution_information","T1",32,0.0175920835623969,"Decrease",52,69,52
"10_TPoI","tableA5_price_support_distribution_information","T1",32,0.0175920835623969,"Decrease",55,72,55
"10_TPoI","tableA5_price_support_distribution_information","T1",32,0.0175920835623969,"Decrease",58,77,58
"10_TPoI","tableA5_price_support_distribution_information","T1",32,0.0175920835623969,"Decrease",61,82,61
"10_TPoI","tableA5_price_support_distribution_information","T1",32,0.0175920835623969,"Decrease",75,98,75
"10_TPoI","tableA5_price_support_distribution_information","T1",32,0.0175920835623969,"Decrease",113,147,113
"10_TPoI","tableA5_price_support_distribution_information","T1",32,0.0175920835623969,"Decrease",116,150,116
"10_TPoI","tableA5_price_support_distribution_information","T1",32,0.0175920835623969,"Decrease",177,230,177
"10_TPoI","tableA5_price_support_distribution_information","T1",32,0.0175920835623969,"Decrease",180,233,180
"10_TPoI","tableA5_price_support_distribution_information","T1",32,0.0175920835623969,"Decrease",192,247,192
"10_TPoI","tableA5_price_support_distribution_information","T1",32,0.0175920835623969,"Decrease",199,256,199
"10_TPoI","tableA5_price_support_distribution_information","T1",32,0.0175920835623969,"Decrease",202,260,202
"10_TPoI","tableA5_price_support_distribution_information","T1",32,0.0175920835623969,"Decrease",225,285,225
"10_TPoI","tableA5_price_support_distribution_information","T1",32,0.0175920835623969,"Decrease",232,292,232
"10_TPoI","tableA5_price_support_distribution_information","T1",32,0.0175920835623969,"Decrease",243,306,243
"10_TPoI","tableA5_price_support_distribution_information","T1",32,0.0175920835623969,"Decrease",285,364,285
"10_TPoI","tableA5_price_support_distribution_information","T1",32,0.0175920835623969,"Decrease",301,387,301
"10_TPoI","tableA5_price_support_distribution_information","T1",32,0.0175920835623969,"Decrease",312,400,312
"10_TPoI","tableA5_price_support_distribution_information","T1",32,0.0175920835623969,"Decrease",349,450,349
"10_TPoI","tableA5_price_support_distribution_information","T1",32,0.0175920835623969,"Decrease",359,463,359
"10_TPoI","tableA5_price_support_distribution_information","T1",32,0.0175920835623969,"Decrease",396,510,396
"10_TPoI","tableA5_price_support_distribution_information","T1",32,0.0175920835623969,"Decrease",401,518,401
"10_TPoI","tableA5_price_support_distribution_information","T1",32,0.0175920835623969,"Decrease",404,522,404
"10_TPoI","tableA5_price_support_distribution_information","T1",32,0.0175920835623969,"Decrease",451,579,451
"10_TPoI","tableA5_price_support_distribution_information","T1",32,0.0175920835623969,"Decrease",540,696,540
"10_TPoI","tableA5_price_support_distribution_information","T1",32,0.0175920835623969,"Decrease",639,828,639
"10_TPoI","tableA5_price_support_distribution_information","T1",32,0.0175920835623969,"Decrease",642,831,642
"10_TPoI","tableA5_price_support_distribution_information","T1",33,0.0181418361737218,"Decrease",11,16,11
"10_TPoI","tableA5_price_support_distribution_information","T1",33,0.0181418361737218,"Decrease",12,17,12
"10_TPoI","tableA5_price_support_distribution_information","T1",33,0.0181418361737218,"Decrease",17,26,17
"10_TPoI","tableA5_price_support_distribution_information","T1",33,0.0181418361737218,"Decrease",33,45,33
"10_TPoI","tableA5_price_support_distribution_information","T1",33,0.0181418361737218,"Decrease",39,54,39
"10_TPoI","tableA5_price_support_distribution_information","T1",33,0.0181418361737218,"Decrease",52,69,52
"10_TPoI","tableA5_price_support_distribution_information","T1",33,0.0181418361737218,"Decrease",55,72,55
"10_TPoI","tableA5_price_support_distribution_information","T1",33,0.0181418361737218,"Decrease",58,77,58
"10_TPoI","tableA5_price_support_distribution_information","T1",33,0.0181418361737218,"Decrease",61,82,61
"10_TPoI","tableA5_price_support_distribution_information","T1",33,0.0181418361737218,"Decrease",75,98,75
"10_TPoI","tableA5_price_support_distribution_information","T1",33,0.0181418361737218,"Decrease",113,147,113
"10_TPoI","tableA5_price_support_distribution_information","T1",33,0.0181418361737218,"Decrease",116,150,116
"10_TPoI","tableA5_price_support_distribution_information","T1",33,0.0181418361737218,"Decrease",177,230,177
"10_TPoI","tableA5_price_support_distribution_information","T1",33,0.0181418361737218,"Decrease",180,233,180
"10_TPoI","tableA5_price_support_distribution_information","T1",33,0.0181418361737218,"Decrease",192,247,192
"10_TPoI","tableA5_price_support_distribution_information","T1",33,0.0181418361737218,"Decrease",199,256,199
"10_TPoI","tableA5_price_support_distribution_information","T1",33,0.0181418361737218,"Decrease",202,260,202
"10_TPoI","tableA5_price_support_distribution_information","T1",33,0.0181418361737218,"Decrease",225,285,225
"10_TPoI","tableA5_price_support_distribution_information","T1",33,0.0181418361737218,"Decrease",232,292,232
"10_TPoI","tableA5_price_support_distribution_information","T1",33,0.0181418361737218,"Decrease",243,306,243
"10_TPoI","tableA5_price_support_distribution_information","T1",33,0.0181418361737218,"Decrease",285,364,285
"10_TPoI","tableA5_price_support_distribution_information","T1",33,0.0181418361737218,"Decrease",301,387,301
"10_TPoI","tableA5_price_support_distribution_information","T1",33,0.0181418361737218,"Decrease",312,400,312
"10_TPoI","tableA5_price_support_distribution_information","T1",33,0.0181418361737218,"Decrease",349,450,349
"10_TPoI","tableA5_price_support_distribution_information","T1",33,0.0181418361737218,"Decrease",359,463,359
"10_TPoI","tableA5_price_support_distribution_information","T1",33,0.0181418361737218,"Decrease",396,510,396
"10_TPoI","tableA5_price_support_distribution_information","T1",33,0.0181418361737218,"Decrease",401,518,401
"10_TPoI","tableA5_price_support_distribution_information","T1",33,0.0181418361737218,"Decrease",404,522,404
"10_TPoI","tableA5_price_support_distribution_information","T1",33,0.0181418361737218,"Decrease",451,579,451
"10_TPoI","tableA5_price_support_distribution_information","T1",33,0.0181418361737218,"Decrease",540,696,540
"10_TPoI","tableA5_price_support_distribution_information","T1",33,0.0181418361737218,"Decrease",639,828,639
"10_TPoI","tableA5_price_support_distribution_information","T1",33,0.0181418361737218,"Decrease",642,831,642
"10_TPoI","tableA5_price_support_distribution_information","T1",33,0.0181418361737218,"Decrease",683,880,683
"10_TPoI","tableA5_price_support_distribution_information","T1",34,0.0186915887850467,"Decrease",11,16,11
"10_TPoI","tableA5_price_support_distribution_information","T1",34,0.0186915887850467,"Decrease",12,17,12
"10_TPoI","tableA5_price_support_distribution_information","T1",34,0.0186915887850467,"Decrease",17,26,17
"10_TPoI","tableA5_price_support_distribution_information","T1",34,0.0186915887850467,"Decrease",33,45,33
"10_TPoI","tableA5_price_support_distribution_information","T1",34,0.0186915887850467,"Decrease",39,54,39
"10_TPoI","tableA5_price_support_distribution_information","T1",34,0.0186915887850467,"Decrease",52,69,52
"10_TPoI","tableA5_price_support_distribution_information","T1",34,0.0186915887850467,"Decrease",55,72,55
"10_TPoI","tableA5_price_support_distribution_information","T1",34,0.0186915887850467,"Decrease",58,77,58
"10_TPoI","tableA5_price_support_distribution_information","T1",34,0.0186915887850467,"Decrease",61,82,61
"10_TPoI","tableA5_price_support_distribution_information","T1",34,0.0186915887850467,"Decrease",75,98,75
"10_TPoI","tableA5_price_support_distribution_information","T1",34,0.0186915887850467,"Decrease",113,147,113
"10_TPoI","tableA5_price_support_distribution_information","T1",34,0.0186915887850467,"Decrease",116,150,116
"10_TPoI","tableA5_price_support_distribution_information","T1",34,0.0186915887850467,"Decrease",177,230,177
"10_TPoI","tableA5_price_support_distribution_information","T1",34,0.0186915887850467,"Decrease",180,233,180
"10_TPoI","tableA5_price_support_distribution_information","T1",34,0.0186915887850467,"Decrease",192,247,192
"10_TPoI","tableA5_price_support_distribution_information","T1",34,0.0186915887850467,"Decrease",199,256,199
"10_TPoI","tableA5_price_support_distribution_information","T1",34,0.0186915887850467,"Decrease",202,260,202
"10_TPoI","tableA5_price_support_distribution_information","T1",34,0.0186915887850467,"Decrease",225,285,225
"10_TPoI","tableA5_price_support_distribution_information","T1",34,0.0186915887850467,"Decrease",232,292,232
"10_TPoI","tableA5_price_support_distribution_information","T1",34,0.0186915887850467,"Decrease",243,306,243
"10_TPoI","tableA5_price_support_distribution_information","T1",34,0.0186915887850467,"Decrease",285,364,285
"10_TPoI","tableA5_price_support_distribution_information","T1",34,0.0186915887850467,"Decrease",301,387,301
"10_TPoI","tableA5_price_support_distribution_information","T1",34,0.0186915887850467,"Decrease",312,400,312
"10_TPoI","tableA5_price_support_distribution_information","T1",34,0.0186915887850467,"Decrease",349,450,349
"10_TPoI","tableA5_price_support_distribution_information","T1",34,0.0186915887850467,"Decrease",359,463,359
"10_TPoI","tableA5_price_support_distribution_information","T1",34,0.0186915887850467,"Decrease",396,510,396
"10_TPoI","tableA5_price_support_distribution_information","T1",34,0.0186915887850467,"Decrease",401,518,401
"10_TPoI","tableA5_price_support_distribution_information","T1",34,0.0186915887850467,"Decrease",404,522,404
"10_TPoI","tableA5_price_support_distribution_information","T1",34,0.0186915887850467,"Decrease",451,579,451
"10_TPoI","tableA5_price_support_distribution_information","T1",34,0.0186915887850467,"Decrease",540,696,540
"10_TPoI","tableA5_price_support_distribution_information","T1",34,0.0186915887850467,"Decrease",639,828,639
"10_TPoI","tableA5_price_support_distribution_information","T1",34,0.0186915887850467,"Decrease",642,831,642
"10_TPoI","tableA5_price_support_distribution_information","T1",34,0.0186915887850467,"Decrease",683,880,683
"10_TPoI","tableA5_price_support_distribution_information","T1",34,0.0186915887850467,"Decrease",689,887,689
"10_TPoI","tableA5_price_support_distribution_information","T1",35,0.0192413413963716,"Decrease",11,16,11
"10_TPoI","tableA5_price_support_distribution_information","T1",35,0.0192413413963716,"Decrease",12,17,12
"10_TPoI","tableA5_price_support_distribution_information","T1",35,0.0192413413963716,"Decrease",17,26,17
"10_TPoI","tableA5_price_support_distribution_information","T1",35,0.0192413413963716,"Decrease",33,45,33
"10_TPoI","tableA5_price_support_distribution_information","T1",35,0.0192413413963716,"Decrease",39,54,39
"10_TPoI","tableA5_price_support_distribution_information","T1",35,0.0192413413963716,"Decrease",52,69,52
"10_TPoI","tableA5_price_support_distribution_information","T1",35,0.0192413413963716,"Decrease",55,72,55
"10_TPoI","tableA5_price_support_distribution_information","T1",35,0.0192413413963716,"Decrease",58,77,58
"10_TPoI","tableA5_price_support_distribution_information","T1",35,0.0192413413963716,"Decrease",61,82,61
"10_TPoI","tableA5_price_support_distribution_information","T1",35,0.0192413413963716,"Decrease",75,98,75
"10_TPoI","tableA5_price_support_distribution_information","T1",35,0.0192413413963716,"Decrease",113,147,113
"10_TPoI","tableA5_price_support_distribution_information","T1",35,0.0192413413963716,"Decrease",116,150,116
"10_TPoI","tableA5_price_support_distribution_information","T1",35,0.0192413413963716,"Decrease",177,230,177
"10_TPoI","tableA5_price_support_distribution_information","T1",35,0.0192413413963716,"Decrease",180,233,180
"10_TPoI","tableA5_price_support_distribution_information","T1",35,0.0192413413963716,"Decrease",192,247,192
"10_TPoI","tableA5_price_support_distribution_information","T1",35,0.0192413413963716,"Decrease",199,256,199
"10_TPoI","tableA5_price_support_distribution_information","T1",35,0.0192413413963716,"Decrease",202,260,202
"10_TPoI","tableA5_price_support_distribution_information","T1",35,0.0192413413963716,"Decrease",225,285,225
"10_TPoI","tableA5_price_support_distribution_information","T1",35,0.0192413413963716,"Decrease",232,292,232
"10_TPoI","tableA5_price_support_distribution_information","T1",35,0.0192413413963716,"Decrease",243,306,243
"10_TPoI","tableA5_price_support_distribution_information","T1",35,0.0192413413963716,"Decrease",285,364,285
"10_TPoI","tableA5_price_support_distribution_information","T1",35,0.0192413413963716,"Decrease",301,387,301
"10_TPoI","tableA5_price_support_distribution_information","T1",35,0.0192413413963716,"Decrease",312,400,312
"10_TPoI","tableA5_price_support_distribution_information","T1",35,0.0192413413963716,"Decrease",349,450,349
"10_TPoI","tableA5_price_support_distribution_information","T1",35,0.0192413413963716,"Decrease",359,463,359
"10_TPoI","tableA5_price_support_distribution_information","T1",35,0.0192413413963716,"Decrease",396,510,396
"10_TPoI","tableA5_price_support_distribution_information","T1",35,0.0192413413963716,"Decrease",401,518,401
"10_TPoI","tableA5_price_support_distribution_information","T1",35,0.0192413413963716,"Decrease",404,522,404
"10_TPoI","tableA5_price_support_distribution_information","T1",35,0.0192413413963716,"Decrease",451,579,451
"10_TPoI","tableA5_price_support_distribution_information","T1",35,0.0192413413963716,"Decrease",540,696,540
"10_TPoI","tableA5_price_support_distribution_information","T1",35,0.0192413413963716,"Decrease",639,828,639
"10_TPoI","tableA5_price_support_distribution_information","T1",35,0.0192413413963716,"Decrease",642,831,642
"10_TPoI","tableA5_price_support_distribution_information","T1",35,0.0192413413963716,"Decrease",683,880,683
"10_TPoI","tableA5_price_support_distribution_information","T1",35,0.0192413413963716,"Decrease",689,887,689
"10_TPoI","tableA5_price_support_distribution_information","T1",35,0.0192413413963716,"Decrease",704,908,704
"10_TPoI","tableA5_price_support_distribution_information","T1",36,0.0197910940076965,"Decrease",11,16,11
"10_TPoI","tableA5_price_support_distribution_information","T1",36,0.0197910940076965,"Decrease",12,17,12
"10_TPoI","tableA5_price_support_distribution_information","T1",36,0.0197910940076965,"Decrease",17,26,17
"10_TPoI","tableA5_price_support_distribution_information","T1",36,0.0197910940076965,"Decrease",33,45,33
"10_TPoI","tableA5_price_support_distribution_information","T1",36,0.0197910940076965,"Decrease",39,54,39
"10_TPoI","tableA5_price_support_distribution_information","T1",36,0.0197910940076965,"Decrease",52,69,52
"10_TPoI","tableA5_price_support_distribution_information","T1",36,0.0197910940076965,"Decrease",55,72,55
"10_TPoI","tableA5_price_support_distribution_information","T1",36,0.0197910940076965,"Decrease",58,77,58
"10_TPoI","tableA5_price_support_distribution_information","T1",36,0.0197910940076965,"Decrease",61,82,61
"10_TPoI","tableA5_price_support_distribution_information","T1",36,0.0197910940076965,"Decrease",75,98,75
"10_TPoI","tableA5_price_support_distribution_information","T1",36,0.0197910940076965,"Decrease",113,147,113
"10_TPoI","tableA5_price_support_distribution_information","T1",36,0.0197910940076965,"Decrease",116,150,116
"10_TPoI","tableA5_price_support_distribution_information","T1",36,0.0197910940076965,"Decrease",177,230,177
"10_TPoI","tableA5_price_support_distribution_information","T1",36,0.0197910940076965,"Decrease",180,233,180
"10_TPoI","tableA5_price_support_distribution_information","T1",36,0.0197910940076965,"Decrease",192,247,192
"10_TPoI","tableA5_price_support_distribution_information","T1",36,0.0197910940076965,"Decrease",199,256,199
"10_TPoI","tableA5_price_support_distribution_information","T1",36,0.0197910940076965,"Decrease",202,260,202
"10_TPoI","tableA5_price_support_distribution_information","T1",36,0.0197910940076965,"Decrease",225,285,225
"10_TPoI","tableA5_price_support_distribution_information","T1",36,0.0197910940076965,"Decrease",232,292,232
"10_TPoI","tableA5_price_support_distribution_information","T1",36,0.0197910940076965,"Decrease",243,306,243
"10_TPoI","tableA5_price_support_distribution_information","T1",36,0.0197910940076965,"Decrease",285,364,285
"10_TPoI","tableA5_price_support_distribution_information","T1",36,0.0197910940076965,"Decrease",301,387,301
"10_TPoI","tableA5_price_support_distribution_information","T1",36,0.0197910940076965,"Decrease",312,400,312
"10_TPoI","tableA5_price_support_distribution_information","T1",36,0.0197910940076965,"Decrease",349,450,349
"10_TPoI","tableA5_price_support_distribution_information","T1",36,0.0197910940076965,"Decrease",359,463,359
"10_TPoI","tableA5_price_support_distribution_information","T1",36,0.0197910940076965,"Decrease",396,510,396
"10_TPoI","tableA5_price_support_distribution_information","T1",36,0.0197910940076965,"Decrease",401,518,401
"10_TPoI","tableA5_price_support_distribution_information","T1",36,0.0197910940076965,"Decrease",404,522,404
"10_TPoI","tableA5_price_support_distribution_information","T1",36,0.0197910940076965,"Decrease",451,579,451
"10_TPoI","tableA5_price_support_distribution_information","T1",36,0.0197910940076965,"Decrease",540,696,540
"10_TPoI","tableA5_price_support_distribution_information","T1",36,0.0197910940076965,"Decrease",639,828,639
"10_TPoI","tableA5_price_support_distribution_information","T1",36,0.0197910940076965,"Decrease",642,831,642
"10_TPoI","tableA5_price_support_distribution_information","T1",36,0.0197910940076965,"Decrease",683,880,683
"10_TPoI","tableA5_price_support_distribution_information","T1",36,0.0197910940076965,"Decrease",689,887,689
"10_TPoI","tableA5_price_support_distribution_information","T1",36,0.0197910940076965,"Decrease",704,908,704
"10_TPoI","tableA5_price_support_distribution_information","T1",36,0.0197910940076965,"Decrease",707,911,707
"10_TPoI","tableA5_price_support_distribution_information","T1",37,0.0203408466190214,"Decrease",11,16,11
"10_TPoI","tableA5_price_support_distribution_information","T1",37,0.0203408466190214,"Decrease",12,17,12
"10_TPoI","tableA5_price_support_distribution_information","T1",37,0.0203408466190214,"Decrease",17,26,17
"10_TPoI","tableA5_price_support_distribution_information","T1",37,0.0203408466190214,"Decrease",33,45,33
"10_TPoI","tableA5_price_support_distribution_information","T1",37,0.0203408466190214,"Decrease",39,54,39
"10_TPoI","tableA5_price_support_distribution_information","T1",37,0.0203408466190214,"Decrease",52,69,52
"10_TPoI","tableA5_price_support_distribution_information","T1",37,0.0203408466190214,"Decrease",55,72,55
"10_TPoI","tableA5_price_support_distribution_information","T1",37,0.0203408466190214,"Decrease",58,77,58
"10_TPoI","tableA5_price_support_distribution_information","T1",37,0.0203408466190214,"Decrease",61,82,61
"10_TPoI","tableA5_price_support_distribution_information","T1",37,0.0203408466190214,"Decrease",75,98,75
"10_TPoI","tableA5_price_support_distribution_information","T1",37,0.0203408466190214,"Decrease",113,147,113
"10_TPoI","tableA5_price_support_distribution_information","T1",37,0.0203408466190214,"Decrease",116,150,116
"10_TPoI","tableA5_price_support_distribution_information","T1",37,0.0203408466190214,"Decrease",177,230,177
"10_TPoI","tableA5_price_support_distribution_information","T1",37,0.0203408466190214,"Decrease",180,233,180
"10_TPoI","tableA5_price_support_distribution_information","T1",37,0.0203408466190214,"Decrease",192,247,192
"10_TPoI","tableA5_price_support_distribution_information","T1",37,0.0203408466190214,"Decrease",199,256,199
"10_TPoI","tableA5_price_support_distribution_information","T1",37,0.0203408466190214,"Decrease",202,260,202
"10_TPoI","tableA5_price_support_distribution_information","T1",37,0.0203408466190214,"Decrease",225,285,225
"10_TPoI","tableA5_price_support_distribution_information","T1",37,0.0203408466190214,"Decrease",232,292,232
"10_TPoI","tableA5_price_support_distribution_information","T1",37,0.0203408466190214,"Decrease",243,306,243
"10_TPoI","tableA5_price_support_distribution_information","T1",37,0.0203408466190214,"Decrease",285,364,285
"10_TPoI","tableA5_price_support_distribution_information","T1",37,0.0203408466190214,"Decrease",301,387,301
"10_TPoI","tableA5_price_support_distribution_information","T1",37,0.0203408466190214,"Decrease",312,400,312
"10_TPoI","tableA5_price_support_distribution_information","T1",37,0.0203408466190214,"Decrease",349,450,349
"10_TPoI","tableA5_price_support_distribution_information","T1",37,0.0203408466190214,"Decrease",359,463,359
"10_TPoI","tableA5_price_support_distribution_information","T1",37,0.0203408466190214,"Decrease",396,510,396
"10_TPoI","tableA5_price_support_distribution_information","T1",37,0.0203408466190214,"Decrease",401,518,401
"10_TPoI","tableA5_price_support_distribution_information","T1",37,0.0203408466190214,"Decrease",404,522,404
"10_TPoI","tableA5_price_support_distribution_information","T1",37,0.0203408466190214,"Decrease",451,579,451
"10_TPoI","tableA5_price_support_distribution_information","T1",37,0.0203408466190214,"Decrease",540,696,540
"10_TPoI","tableA5_price_support_distribution_information","T1",37,0.0203408466190214,"Decrease",639,828,639
"10_TPoI","tableA5_price_support_distribution_information","T1",37,0.0203408466190214,"Decrease",642,831,642
"10_TPoI","tableA5_price_support_distribution_information","T1",37,0.0203408466190214,"Decrease",683,880,683
"10_TPoI","tableA5_price_support_distribution_information","T1",37,0.0203408466190214,"Decrease",689,887,689
"10_TPoI","tableA5_price_support_distribution_information","T1",37,0.0203408466190214,"Decrease",704,908,704
"10_TPoI","tableA5_price_support_distribution_information","T1",37,0.0203408466190214,"Decrease",707,911,707
"10_TPoI","tableA5_price_support_distribution_information","T1",37,0.0203408466190214,"Decrease",731,938,731
"10_TPoI","tableA5_price_support_distribution_information","T1",38,0.0208905992303463,"Decrease",11,16,11
"10_TPoI","tableA5_price_support_distribution_information","T1",38,0.0208905992303463,"Decrease",12,17,12
"10_TPoI","tableA5_price_support_distribution_information","T1",38,0.0208905992303463,"Decrease",17,26,17
"10_TPoI","tableA5_price_support_distribution_information","T1",38,0.0208905992303463,"Decrease",33,45,33
"10_TPoI","tableA5_price_support_distribution_information","T1",38,0.0208905992303463,"Decrease",39,54,39
"10_TPoI","tableA5_price_support_distribution_information","T1",38,0.0208905992303463,"Decrease",52,69,52
"10_TPoI","tableA5_price_support_distribution_information","T1",38,0.0208905992303463,"Decrease",55,72,55
"10_TPoI","tableA5_price_support_distribution_information","T1",38,0.0208905992303463,"Decrease",58,77,58
"10_TPoI","tableA5_price_support_distribution_information","T1",38,0.0208905992303463,"Decrease",61,82,61
"10_TPoI","tableA5_price_support_distribution_information","T1",38,0.0208905992303463,"Decrease",75,98,75
"10_TPoI","tableA5_price_support_distribution_information","T1",38,0.0208905992303463,"Decrease",113,147,113
"10_TPoI","tableA5_price_support_distribution_information","T1",38,0.0208905992303463,"Decrease",116,150,116
"10_TPoI","tableA5_price_support_distribution_information","T1",38,0.0208905992303463,"Decrease",177,230,177
"10_TPoI","tableA5_price_support_distribution_information","T1",38,0.0208905992303463,"Decrease",180,233,180
"10_TPoI","tableA5_price_support_distribution_information","T1",38,0.0208905992303463,"Decrease",192,247,192
"10_TPoI","tableA5_price_support_distribution_information","T1",38,0.0208905992303463,"Decrease",199,256,199
"10_TPoI","tableA5_price_support_distribution_information","T1",38,0.0208905992303463,"Decrease",202,260,202
"10_TPoI","tableA5_price_support_distribution_information","T1",38,0.0208905992303463,"Decrease",225,285,225
"10_TPoI","tableA5_price_support_distribution_information","T1",38,0.0208905992303463,"Decrease",232,292,232
"10_TPoI","tableA5_price_support_distribution_information","T1",38,0.0208905992303463,"Decrease",243,306,243
"10_TPoI","tableA5_price_support_distribution_information","T1",38,0.0208905992303463,"Decrease",285,364,285
"10_TPoI","tableA5_price_support_distribution_information","T1",38,0.0208905992303463,"Decrease",301,387,301
"10_TPoI","tableA5_price_support_distribution_information","T1",38,0.0208905992303463,"Decrease",312,400,312
"10_TPoI","tableA5_price_support_distribution_information","T1",38,0.0208905992303463,"Decrease",349,450,349
"10_TPoI","tableA5_price_support_distribution_information","T1",38,0.0208905992303463,"Decrease",359,463,359
"10_TPoI","tableA5_price_support_distribution_information","T1",38,0.0208905992303463,"Decrease",396,510,396
"10_TPoI","tableA5_price_support_distribution_information","T1",38,0.0208905992303463,"Decrease",401,518,401
"10_TPoI","tableA5_price_support_distribution_information","T1",38,0.0208905992303463,"Decrease",404,522,404
"10_TPoI","tableA5_price_support_distribution_information","T1",38,0.0208905992303463,"Decrease",451,579,451
"10_TPoI","tableA5_price_support_distribution_information","T1",38,0.0208905992303463,"Decrease",540,696,540
"10_TPoI","tableA5_price_support_distribution_information","T1",38,0.0208905992303463,"Decrease",639,828,639
"10_TPoI","tableA5_price_support_distribution_information","T1",38,0.0208905992303463,"Decrease",642,831,642
"10_TPoI","tableA5_price_support_distribution_information","T1",38,0.0208905992303463,"Decrease",683,880,683
"10_TPoI","tableA5_price_support_distribution_information","T1",38,0.0208905992303463,"Decrease",689,887,689
"10_TPoI","tableA5_price_support_distribution_information","T1",38,0.0208905992303463,"Decrease",704,908,704
"10_TPoI","tableA5_price_support_distribution_information","T1",38,0.0208905992303463,"Decrease",707,911,707
"10_TPoI","tableA5_price_support_distribution_information","T1",38,0.0208905992303463,"Decrease",731,938,731
"10_TPoI","tableA5_price_support_distribution_information","T1",38,0.0208905992303463,"Decrease",771,986,771
"10_TPoI","tableA5_price_support_distribution_information","T1",39,0.0214403518416712,"Decrease",11,16,11
"10_TPoI","tableA5_price_support_distribution_information","T1",39,0.0214403518416712,"Decrease",12,17,12
"10_TPoI","tableA5_price_support_distribution_information","T1",39,0.0214403518416712,"Decrease",17,26,17
"10_TPoI","tableA5_price_support_distribution_information","T1",39,0.0214403518416712,"Decrease",33,45,33
"10_TPoI","tableA5_price_support_distribution_information","T1",39,0.0214403518416712,"Decrease",39,54,39
"10_TPoI","tableA5_price_support_distribution_information","T1",39,0.0214403518416712,"Decrease",52,69,52
"10_TPoI","tableA5_price_support_distribution_information","T1",39,0.0214403518416712,"Decrease",55,72,55
"10_TPoI","tableA5_price_support_distribution_information","T1",39,0.0214403518416712,"Decrease",58,77,58
"10_TPoI","tableA5_price_support_distribution_information","T1",39,0.0214403518416712,"Decrease",61,82,61
"10_TPoI","tableA5_price_support_distribution_information","T1",39,0.0214403518416712,"Decrease",75,98,75
"10_TPoI","tableA5_price_support_distribution_information","T1",39,0.0214403518416712,"Decrease",113,147,113
"10_TPoI","tableA5_price_support_distribution_information","T1",39,0.0214403518416712,"Decrease",116,150,116
"10_TPoI","tableA5_price_support_distribution_information","T1",39,0.0214403518416712,"Decrease",177,230,177
"10_TPoI","tableA5_price_support_distribution_information","T1",39,0.0214403518416712,"Decrease",180,233,180
"10_TPoI","tableA5_price_support_distribution_information","T1",39,0.0214403518416712,"Decrease",192,247,192
"10_TPoI","tableA5_price_support_distribution_information","T1",39,0.0214403518416712,"Decrease",199,256,199
"10_TPoI","tableA5_price_support_distribution_information","T1",39,0.0214403518416712,"Decrease",202,260,202
"10_TPoI","tableA5_price_support_distribution_information","T1",39,0.0214403518416712,"Decrease",225,285,225
"10_TPoI","tableA5_price_support_distribution_information","T1",39,0.0214403518416712,"Decrease",232,292,232
"10_TPoI","tableA5_price_support_distribution_information","T1",39,0.0214403518416712,"Decrease",243,306,243
"10_TPoI","tableA5_price_support_distribution_information","T1",39,0.0214403518416712,"Decrease",285,364,285
"10_TPoI","tableA5_price_support_distribution_information","T1",39,0.0214403518416712,"Decrease",301,387,301
"10_TPoI","tableA5_price_support_distribution_information","T1",39,0.0214403518416712,"Decrease",312,400,312
"10_TPoI","tableA5_price_support_distribution_information","T1",39,0.0214403518416712,"Decrease",349,450,349
"10_TPoI","tableA5_price_support_distribution_information","T1",39,0.0214403518416712,"Decrease",359,463,359
"10_TPoI","tableA5_price_support_distribution_information","T1",39,0.0214403518416712,"Decrease",396,510,396
"10_TPoI","tableA5_price_support_distribution_information","T1",39,0.0214403518416712,"Decrease",401,518,401
"10_TPoI","tableA5_price_support_distribution_information","T1",39,0.0214403518416712,"Decrease",404,522,404
"10_TPoI","tableA5_price_support_distribution_information","T1",39,0.0214403518416712,"Decrease",451,579,451
"10_TPoI","tableA5_price_support_distribution_information","T1",39,0.0214403518416712,"Decrease",540,696,540
"10_TPoI","tableA5_price_support_distribution_information","T1",39,0.0214403518416712,"Decrease",639,828,639
"10_TPoI","tableA5_price_support_distribution_information","T1",39,0.0214403518416712,"Decrease",642,831,642
"10_TPoI","tableA5_price_support_distribution_information","T1",39,0.0214403518416712,"Decrease",683,880,683
"10_TPoI","tableA5_price_support_distribution_information","T1",39,0.0214403518416712,"Decrease",689,887,689
"10_TPoI","tableA5_price_support_distribution_information","T1",39,0.0214403518416712,"Decrease",704,908,704
"10_TPoI","tableA5_price_support_distribution_information","T1",39,0.0214403518416712,"Decrease",707,911,707
"10_TPoI","tableA5_price_support_distribution_information","T1",39,0.0214403518416712,"Decrease",731,938,731
"10_TPoI","tableA5_price_support_distribution_information","T1",39,0.0214403518416712,"Decrease",771,986,771
"10_TPoI","tableA5_price_support_distribution_information","T1",39,0.0214403518416712,"Decrease",794,1017,794
"10_TPoI","tableA5_price_support_distribution_information","T1",40,0.0219901044529962,"Decrease",11,16,11
"10_TPoI","tableA5_price_support_distribution_information","T1",40,0.0219901044529962,"Decrease",12,17,12
"10_TPoI","tableA5_price_support_distribution_information","T1",40,0.0219901044529962,"Decrease",17,26,17
"10_TPoI","tableA5_price_support_distribution_information","T1",40,0.0219901044529962,"Decrease",33,45,33
"10_TPoI","tableA5_price_support_distribution_information","T1",40,0.0219901044529962,"Decrease",39,54,39
"10_TPoI","tableA5_price_support_distribution_information","T1",40,0.0219901044529962,"Decrease",52,69,52
"10_TPoI","tableA5_price_support_distribution_information","T1",40,0.0219901044529962,"Decrease",55,72,55
"10_TPoI","tableA5_price_support_distribution_information","T1",40,0.0219901044529962,"Decrease",58,77,58
"10_TPoI","tableA5_price_support_distribution_information","T1",40,0.0219901044529962,"Decrease",61,82,61
"10_TPoI","tableA5_price_support_distribution_information","T1",40,0.0219901044529962,"Decrease",75,98,75
"10_TPoI","tableA5_price_support_distribution_information","T1",40,0.0219901044529962,"Decrease",113,147,113
"10_TPoI","tableA5_price_support_distribution_information","T1",40,0.0219901044529962,"Decrease",116,150,116
"10_TPoI","tableA5_price_support_distribution_information","T1",40,0.0219901044529962,"Decrease",177,230,177
"10_TPoI","tableA5_price_support_distribution_information","T1",40,0.0219901044529962,"Decrease",180,233,180
"10_TPoI","tableA5_price_support_distribution_information","T1",40,0.0219901044529962,"Decrease",192,247,192
"10_TPoI","tableA5_price_support_distribution_information","T1",40,0.0219901044529962,"Decrease",199,256,199
"10_TPoI","tableA5_price_support_distribution_information","T1",40,0.0219901044529962,"Decrease",202,260,202
"10_TPoI","tableA5_price_support_distribution_information","T1",40,0.0219901044529962,"Decrease",225,285,225
"10_TPoI","tableA5_price_support_distribution_information","T1",40,0.0219901044529962,"Decrease",232,292,232
"10_TPoI","tableA5_price_support_distribution_information","T1",40,0.0219901044529962,"Decrease",243,306,243
"10_TPoI","tableA5_price_support_distribution_information","T1",40,0.0219901044529962,"Decrease",285,364,285
"10_TPoI","tableA5_price_support_distribution_information","T1",40,0.0219901044529962,"Decrease",301,387,301
"10_TPoI","tableA5_price_support_distribution_information","T1",40,0.0219901044529962,"Decrease",312,400,312
"10_TPoI","tableA5_price_support_distribution_information","T1",40,0.0219901044529962,"Decrease",349,450,349
"10_TPoI","tableA5_price_support_distribution_information","T1",40,0.0219901044529962,"Decrease",359,463,359
"10_TPoI","tableA5_price_support_distribution_information","T1",40,0.0219901044529962,"Decrease",396,510,396
"10_TPoI","tableA5_price_support_distribution_information","T1",40,0.0219901044529962,"Decrease",401,518,401
"10_TPoI","tableA5_price_support_distribution_information","T1",40,0.0219901044529962,"Decrease",404,522,404
"10_TPoI","tableA5_price_support_distribution_information","T1",40,0.0219901044529962,"Decrease",451,579,451
"10_TPoI","tableA5_price_support_distribution_information","T1",40,0.0219901044529962,"Decrease",540,696,540
"10_TPoI","tableA5_price_support_distribution_information","T1",40,0.0219901044529962,"Decrease",639,828,639
"10_TPoI","tableA5_price_support_distribution_information","T1",40,0.0219901044529962,"Decrease",642,831,642
"10_TPoI","tableA5_price_support_distribution_information","T1",40,0.0219901044529962,"Decrease",683,880,683
"10_TPoI","tableA5_price_support_distribution_information","T1",40,0.0219901044529962,"Decrease",689,887,689
"10_TPoI","tableA5_price_support_distribution_information","T1",40,0.0219901044529962,"Decrease",704,908,704
"10_TPoI","tableA5_price_support_distribution_information","T1",40,0.0219901044529962,"Decrease",707,911,707
"10_TPoI","tableA5_price_support_distribution_information","T1",40,0.0219901044529962,"Decrease",731,938,731
"10_TPoI","tableA5_price_support_distribution_information","T1",40,0.0219901044529962,"Decrease",771,986,771
"10_TPoI","tableA5_price_support_distribution_information","T1",40,0.0219901044529962,"Decrease",794,1017,794
"10_TPoI","tableA5_price_support_distribution_information","T1",40,0.0219901044529962,"Decrease",806,1031,806
"10_TPoI","tableA5_price_support_distribution_information","T1",41,0.0225398570643211,"Decrease",11,16,11
"10_TPoI","tableA5_price_support_distribution_information","T1",41,0.0225398570643211,"Decrease",12,17,12
"10_TPoI","tableA5_price_support_distribution_information","T1",41,0.0225398570643211,"Decrease",17,26,17
"10_TPoI","tableA5_price_support_distribution_information","T1",41,0.0225398570643211,"Decrease",33,45,33
"10_TPoI","tableA5_price_support_distribution_information","T1",41,0.0225398570643211,"Decrease",39,54,39
"10_TPoI","tableA5_price_support_distribution_information","T1",41,0.0225398570643211,"Decrease",52,69,52
"10_TPoI","tableA5_price_support_distribution_information","T1",41,0.0225398570643211,"Decrease",55,72,55
"10_TPoI","tableA5_price_support_distribution_information","T1",41,0.0225398570643211,"Decrease",58,77,58
"10_TPoI","tableA5_price_support_distribution_information","T1",41,0.0225398570643211,"Decrease",61,82,61
"10_TPoI","tableA5_price_support_distribution_information","T1",41,0.0225398570643211,"Decrease",75,98,75
"10_TPoI","tableA5_price_support_distribution_information","T1",41,0.0225398570643211,"Decrease",113,147,113
"10_TPoI","tableA5_price_support_distribution_information","T1",41,0.0225398570643211,"Decrease",116,150,116
"10_TPoI","tableA5_price_support_distribution_information","T1",41,0.0225398570643211,"Decrease",177,230,177
"10_TPoI","tableA5_price_support_distribution_information","T1",41,0.0225398570643211,"Decrease",180,233,180
"10_TPoI","tableA5_price_support_distribution_information","T1",41,0.0225398570643211,"Decrease",192,247,192
"10_TPoI","tableA5_price_support_distribution_information","T1",41,0.0225398570643211,"Decrease",199,256,199
"10_TPoI","tableA5_price_support_distribution_information","T1",41,0.0225398570643211,"Decrease",202,260,202
"10_TPoI","tableA5_price_support_distribution_information","T1",41,0.0225398570643211,"Decrease",225,285,225
"10_TPoI","tableA5_price_support_distribution_information","T1",41,0.0225398570643211,"Decrease",232,292,232
"10_TPoI","tableA5_price_support_distribution_information","T1",41,0.0225398570643211,"Decrease",243,306,243
"10_TPoI","tableA5_price_support_distribution_information","T1",41,0.0225398570643211,"Decrease",285,364,285
"10_TPoI","tableA5_price_support_distribution_information","T1",41,0.0225398570643211,"Decrease",301,387,301
"10_TPoI","tableA5_price_support_distribution_information","T1",41,0.0225398570643211,"Decrease",312,400,312
"10_TPoI","tableA5_price_support_distribution_information","T1",41,0.0225398570643211,"Decrease",349,450,349
"10_TPoI","tableA5_price_support_distribution_information","T1",41,0.0225398570643211,"Decrease",359,463,359
"10_TPoI","tableA5_price_support_distribution_information","T1",41,0.0225398570643211,"Decrease",396,510,396
"10_TPoI","tableA5_price_support_distribution_information","T1",41,0.0225398570643211,"Decrease",401,518,401
"10_TPoI","tableA5_price_support_distribution_information","T1",41,0.0225398570643211,"Decrease",404,522,404
"10_TPoI","tableA5_price_support_distribution_information","T1",41,0.0225398570643211,"Decrease",451,579,451
"10_TPoI","tableA5_price_support_distribution_information","T1",41,0.0225398570643211,"Decrease",540,696,540
"10_TPoI","tableA5_price_support_distribution_information","T1",41,0.0225398570643211,"Decrease",639,828,639
"10_TPoI","tableA5_price_support_distribution_information","T1",41,0.0225398570643211,"Decrease",642,831,642
"10_TPoI","tableA5_price_support_distribution_information","T1",41,0.0225398570643211,"Decrease",683,880,683
"10_TPoI","tableA5_price_support_distribution_information","T1",41,0.0225398570643211,"Decrease",689,887,689
"10_TPoI","tableA5_price_support_distribution_information","T1",41,0.0225398570643211,"Decrease",704,908,704
"10_TPoI","tableA5_price_support_distribution_information","T1",41,0.0225398570643211,"Decrease",707,911,707
"10_TPoI","tableA5_price_support_distribution_information","T1",41,0.0225398570643211,"Decrease",731,938,731
"10_TPoI","tableA5_price_support_distribution_information","T1",41,0.0225398570643211,"Decrease",771,986,771
"10_TPoI","tableA5_price_support_distribution_information","T1",41,0.0225398570643211,"Decrease",794,1017,794
"10_TPoI","tableA5_price_support_distribution_information","T1",41,0.0225398570643211,"Decrease",806,1031,806
"10_TPoI","tableA5_price_support_distribution_information","T1",41,0.0225398570643211,"Decrease",807,1032,807
"10_TPoI","tableA5_price_support_distribution_information","T1",42,0.023089609675646,"Decrease",11,16,11
"10_TPoI","tableA5_price_support_distribution_information","T1",42,0.023089609675646,"Decrease",12,17,12
"10_TPoI","tableA5_price_support_distribution_information","T1",42,0.023089609675646,"Decrease",17,26,17
"10_TPoI","tableA5_price_support_distribution_information","T1",42,0.023089609675646,"Decrease",33,45,33
"10_TPoI","tableA5_price_support_distribution_information","T1",42,0.023089609675646,"Decrease",39,54,39
"10_TPoI","tableA5_price_support_distribution_information","T1",42,0.023089609675646,"Decrease",52,69,52
"10_TPoI","tableA5_price_support_distribution_information","T1",42,0.023089609675646,"Decrease",55,72,55
"10_TPoI","tableA5_price_support_distribution_information","T1",42,0.023089609675646,"Decrease",58,77,58
"10_TPoI","tableA5_price_support_distribution_information","T1",42,0.023089609675646,"Decrease",61,82,61
"10_TPoI","tableA5_price_support_distribution_information","T1",42,0.023089609675646,"Decrease",75,98,75
"10_TPoI","tableA5_price_support_distribution_information","T1",42,0.023089609675646,"Decrease",113,147,113
"10_TPoI","tableA5_price_support_distribution_information","T1",42,0.023089609675646,"Decrease",116,150,116
"10_TPoI","tableA5_price_support_distribution_information","T1",42,0.023089609675646,"Decrease",177,230,177
"10_TPoI","tableA5_price_support_distribution_information","T1",42,0.023089609675646,"Decrease",180,233,180
"10_TPoI","tableA5_price_support_distribution_information","T1",42,0.023089609675646,"Decrease",192,247,192
"10_TPoI","tableA5_price_support_distribution_information","T1",42,0.023089609675646,"Decrease",199,256,199
"10_TPoI","tableA5_price_support_distribution_information","T1",42,0.023089609675646,"Decrease",202,260,202
"10_TPoI","tableA5_price_support_distribution_information","T1",42,0.023089609675646,"Decrease",225,285,225
"10_TPoI","tableA5_price_support_distribution_information","T1",42,0.023089609675646,"Decrease",232,292,232
"10_TPoI","tableA5_price_support_distribution_information","T1",42,0.023089609675646,"Decrease",243,306,243
"10_TPoI","tableA5_price_support_distribution_information","T1",42,0.023089609675646,"Decrease",285,364,285
"10_TPoI","tableA5_price_support_distribution_information","T1",42,0.023089609675646,"Decrease",301,387,301
"10_TPoI","tableA5_price_support_distribution_information","T1",42,0.023089609675646,"Decrease",312,400,312
"10_TPoI","tableA5_price_support_distribution_information","T1",42,0.023089609675646,"Decrease",349,450,349
"10_TPoI","tableA5_price_support_distribution_information","T1",42,0.023089609675646,"Decrease",359,463,359
"10_TPoI","tableA5_price_support_distribution_information","T1",42,0.023089609675646,"Decrease",396,510,396
"10_TPoI","tableA5_price_support_distribution_information","T1",42,0.023089609675646,"Decrease",401,518,401
"10_TPoI","tableA5_price_support_distribution_information","T1",42,0.023089609675646,"Decrease",404,522,404
"10_TPoI","tableA5_price_support_distribution_information","T1",42,0.023089609675646,"Decrease",451,579,451
"10_TPoI","tableA5_price_support_distribution_information","T1",42,0.023089609675646,"Decrease",540,696,540
"10_TPoI","tableA5_price_support_distribution_information","T1",42,0.023089609675646,"Decrease",639,828,639
"10_TPoI","tableA5_price_support_distribution_information","T1",42,0.023089609675646,"Decrease",642,831,642
"10_TPoI","tableA5_price_support_distribution_information","T1",42,0.023089609675646,"Decrease",683,880,683
"10_TPoI","tableA5_price_support_distribution_information","T1",42,0.023089609675646,"Decrease",689,887,689
"10_TPoI","tableA5_price_support_distribution_information","T1",42,0.023089609675646,"Decrease",704,908,704
"10_TPoI","tableA5_price_support_distribution_information","T1",42,0.023089609675646,"Decrease",707,911,707
"10_TPoI","tableA5_price_support_distribution_information","T1",42,0.023089609675646,"Decrease",731,938,731
"10_TPoI","tableA5_price_support_distribution_information","T1",42,0.023089609675646,"Decrease",771,986,771
"10_TPoI","tableA5_price_support_distribution_information","T1",42,0.023089609675646,"Decrease",794,1017,794
"10_TPoI","tableA5_price_support_distribution_information","T1",42,0.023089609675646,"Decrease",806,1031,806
"10_TPoI","tableA5_price_support_distribution_information","T1",42,0.023089609675646,"Decrease",807,1032,807
"10_TPoI","tableA5_price_support_distribution_information","T1",42,0.023089609675646,"Decrease",810,1036,810
"10_TPoI","tableA5_price_support_distribution_information","T1",43,0.0236393622869709,"Decrease",11,16,11
"10_TPoI","tableA5_price_support_distribution_information","T1",43,0.0236393622869709,"Decrease",12,17,12
"10_TPoI","tableA5_price_support_distribution_information","T1",43,0.0236393622869709,"Decrease",17,26,17
"10_TPoI","tableA5_price_support_distribution_information","T1",43,0.0236393622869709,"Decrease",33,45,33
"10_TPoI","tableA5_price_support_distribution_information","T1",43,0.0236393622869709,"Decrease",39,54,39
"10_TPoI","tableA5_price_support_distribution_information","T1",43,0.0236393622869709,"Decrease",52,69,52
"10_TPoI","tableA5_price_support_distribution_information","T1",43,0.0236393622869709,"Decrease",55,72,55
"10_TPoI","tableA5_price_support_distribution_information","T1",43,0.0236393622869709,"Decrease",58,77,58
"10_TPoI","tableA5_price_support_distribution_information","T1",43,0.0236393622869709,"Decrease",61,82,61
"10_TPoI","tableA5_price_support_distribution_information","T1",43,0.0236393622869709,"Decrease",75,98,75
"10_TPoI","tableA5_price_support_distribution_information","T1",43,0.0236393622869709,"Decrease",113,147,113
"10_TPoI","tableA5_price_support_distribution_information","T1",43,0.0236393622869709,"Decrease",116,150,116
"10_TPoI","tableA5_price_support_distribution_information","T1",43,0.0236393622869709,"Decrease",177,230,177
"10_TPoI","tableA5_price_support_distribution_information","T1",43,0.0236393622869709,"Decrease",180,233,180
"10_TPoI","tableA5_price_support_distribution_information","T1",43,0.0236393622869709,"Decrease",192,247,192
"10_TPoI","tableA5_price_support_distribution_information","T1",43,0.0236393622869709,"Decrease",199,256,199
"10_TPoI","tableA5_price_support_distribution_information","T1",43,0.0236393622869709,"Decrease",202,260,202
"10_TPoI","tableA5_price_support_distribution_information","T1",43,0.0236393622869709,"Decrease",225,285,225
"10_TPoI","tableA5_price_support_distribution_information","T1",43,0.0236393622869709,"Decrease",232,292,232
"10_TPoI","tableA5_price_support_distribution_information","T1",43,0.0236393622869709,"Decrease",243,306,243
"10_TPoI","tableA5_price_support_distribution_information","T1",43,0.0236393622869709,"Decrease",285,364,285
"10_TPoI","tableA5_price_support_distribution_information","T1",43,0.0236393622869709,"Decrease",301,387,301
"10_TPoI","tableA5_price_support_distribution_information","T1",43,0.0236393622869709,"Decrease",312,400,312
"10_TPoI","tableA5_price_support_distribution_information","T1",43,0.0236393622869709,"Decrease",349,450,349
"10_TPoI","tableA5_price_support_distribution_information","T1",43,0.0236393622869709,"Decrease",359,463,359
"10_TPoI","tableA5_price_support_distribution_information","T1",43,0.0236393622869709,"Decrease",396,510,396
"10_TPoI","tableA5_price_support_distribution_information","T1",43,0.0236393622869709,"Decrease",401,518,401
"10_TPoI","tableA5_price_support_distribution_information","T1",43,0.0236393622869709,"Decrease",404,522,404
"10_TPoI","tableA5_price_support_distribution_information","T1",43,0.0236393622869709,"Decrease",451,579,451
"10_TPoI","tableA5_price_support_distribution_information","T1",43,0.0236393622869709,"Decrease",540,696,540
"10_TPoI","tableA5_price_support_distribution_information","T1",43,0.0236393622869709,"Decrease",639,828,639
"10_TPoI","tableA5_price_support_distribution_information","T1",43,0.0236393622869709,"Decrease",642,831,642
"10_TPoI","tableA5_price_support_distribution_information","T1",43,0.0236393622869709,"Decrease",683,880,683
"10_TPoI","tableA5_price_support_distribution_information","T1",43,0.0236393622869709,"Decrease",689,887,689
"10_TPoI","tableA5_price_support_distribution_information","T1",43,0.0236393622869709,"Decrease",704,908,704
"10_TPoI","tableA5_price_support_distribution_information","T1",43,0.0236393622869709,"Decrease",707,911,707
"10_TPoI","tableA5_price_support_distribution_information","T1",43,0.0236393622869709,"Decrease",731,938,731
"10_TPoI","tableA5_price_support_distribution_information","T1",43,0.0236393622869709,"Decrease",771,986,771
"10_TPoI","tableA5_price_support_distribution_information","T1",43,0.0236393622869709,"Decrease",794,1017,794
"10_TPoI","tableA5_price_support_distribution_information","T1",43,0.0236393622869709,"Decrease",806,1031,806
"10_TPoI","tableA5_price_support_distribution_information","T1",43,0.0236393622869709,"Decrease",807,1032,807
"10_TPoI","tableA5_price_support_distribution_information","T1",43,0.0236393622869709,"Decrease",810,1036,810
"10_TPoI","tableA5_price_support_distribution_information","T1",43,0.0236393622869709,"Decrease",838,1071,838
"10_TPoI","tableA5_price_support_distribution_information","T1",44,0.0241891148982958,"Decrease",11,16,11
"10_TPoI","tableA5_price_support_distribution_information","T1",44,0.0241891148982958,"Decrease",12,17,12
"10_TPoI","tableA5_price_support_distribution_information","T1",44,0.0241891148982958,"Decrease",17,26,17
"10_TPoI","tableA5_price_support_distribution_information","T1",44,0.0241891148982958,"Decrease",33,45,33
"10_TPoI","tableA5_price_support_distribution_information","T1",44,0.0241891148982958,"Decrease",39,54,39
"10_TPoI","tableA5_price_support_distribution_information","T1",44,0.0241891148982958,"Decrease",52,69,52
"10_TPoI","tableA5_price_support_distribution_information","T1",44,0.0241891148982958,"Decrease",55,72,55
"10_TPoI","tableA5_price_support_distribution_information","T1",44,0.0241891148982958,"Decrease",58,77,58
"10_TPoI","tableA5_price_support_distribution_information","T1",44,0.0241891148982958,"Decrease",61,82,61
"10_TPoI","tableA5_price_support_distribution_information","T1",44,0.0241891148982958,"Decrease",75,98,75
"10_TPoI","tableA5_price_support_distribution_information","T1",44,0.0241891148982958,"Decrease",113,147,113
"10_TPoI","tableA5_price_support_distribution_information","T1",44,0.0241891148982958,"Decrease",116,150,116
"10_TPoI","tableA5_price_support_distribution_information","T1",44,0.0241891148982958,"Decrease",177,230,177
"10_TPoI","tableA5_price_support_distribution_information","T1",44,0.0241891148982958,"Decrease",180,233,180
"10_TPoI","tableA5_price_support_distribution_information","T1",44,0.0241891148982958,"Decrease",192,247,192
"10_TPoI","tableA5_price_support_distribution_information","T1",44,0.0241891148982958,"Decrease",199,256,199
"10_TPoI","tableA5_price_support_distribution_information","T1",44,0.0241891148982958,"Decrease",202,260,202
"10_TPoI","tableA5_price_support_distribution_information","T1",44,0.0241891148982958,"Decrease",225,285,225
"10_TPoI","tableA5_price_support_distribution_information","T1",44,0.0241891148982958,"Decrease",232,292,232
"10_TPoI","tableA5_price_support_distribution_information","T1",44,0.0241891148982958,"Decrease",243,306,243
"10_TPoI","tableA5_price_support_distribution_information","T1",44,0.0241891148982958,"Decrease",285,364,285
"10_TPoI","tableA5_price_support_distribution_information","T1",44,0.0241891148982958,"Decrease",301,387,301
"10_TPoI","tableA5_price_support_distribution_information","T1",44,0.0241891148982958,"Decrease",312,400,312
"10_TPoI","tableA5_price_support_distribution_information","T1",44,0.0241891148982958,"Decrease",349,450,349
"10_TPoI","tableA5_price_support_distribution_information","T1",44,0.0241891148982958,"Decrease",359,463,359
"10_TPoI","tableA5_price_support_distribution_information","T1",44,0.0241891148982958,"Decrease",396,510,396
"10_TPoI","tableA5_price_support_distribution_information","T1",44,0.0241891148982958,"Decrease",401,518,401
"10_TPoI","tableA5_price_support_distribution_information","T1",44,0.0241891148982958,"Decrease",404,522,404
"10_TPoI","tableA5_price_support_distribution_information","T1",44,0.0241891148982958,"Decrease",451,579,451
"10_TPoI","tableA5_price_support_distribution_information","T1",44,0.0241891148982958,"Decrease",540,696,540
"10_TPoI","tableA5_price_support_distribution_information","T1",44,0.0241891148982958,"Decrease",639,828,639
"10_TPoI","tableA5_price_support_distribution_information","T1",44,0.0241891148982958,"Decrease",642,831,642
"10_TPoI","tableA5_price_support_distribution_information","T1",44,0.0241891148982958,"Decrease",683,880,683
"10_TPoI","tableA5_price_support_distribution_information","T1",44,0.0241891148982958,"Decrease",689,887,689
"10_TPoI","tableA5_price_support_distribution_information","T1",44,0.0241891148982958,"Decrease",704,908,704
"10_TPoI","tableA5_price_support_distribution_information","T1",44,0.0241891148982958,"Decrease",707,911,707
"10_TPoI","tableA5_price_support_distribution_information","T1",44,0.0241891148982958,"Decrease",731,938,731
"10_TPoI","tableA5_price_support_distribution_information","T1",44,0.0241891148982958,"Decrease",771,986,771
"10_TPoI","tableA5_price_support_distribution_information","T1",44,0.0241891148982958,"Decrease",794,1017,794
"10_TPoI","tableA5_price_support_distribution_information","T1",44,0.0241891148982958,"Decrease",806,1031,806
"10_TPoI","tableA5_price_support_distribution_information","T1",44,0.0241891148982958,"Decrease",807,1032,807
"10_TPoI","tableA5_price_support_distribution_information","T1",44,0.0241891148982958,"Decrease",810,1036,810
"10_TPoI","tableA5_price_support_distribution_information","T1",44,0.0241891148982958,"Decrease",838,1071,838
"10_TPoI","tableA5_price_support_distribution_information","T1",44,0.0241891148982958,"Decrease",880,1130,880
"10_TPoI","tableA5_price_support_distribution_information","T1",45,0.0247388675096207,"Decrease",11,16,11
"10_TPoI","tableA5_price_support_distribution_information","T1",45,0.0247388675096207,"Decrease",12,17,12
"10_TPoI","tableA5_price_support_distribution_information","T1",45,0.0247388675096207,"Decrease",17,26,17
"10_TPoI","tableA5_price_support_distribution_information","T1",45,0.0247388675096207,"Decrease",33,45,33
"10_TPoI","tableA5_price_support_distribution_information","T1",45,0.0247388675096207,"Decrease",39,54,39
"10_TPoI","tableA5_price_support_distribution_information","T1",45,0.0247388675096207,"Decrease",52,69,52
"10_TPoI","tableA5_price_support_distribution_information","T1",45,0.0247388675096207,"Decrease",55,72,55
"10_TPoI","tableA5_price_support_distribution_information","T1",45,0.0247388675096207,"Decrease",58,77,58
"10_TPoI","tableA5_price_support_distribution_information","T1",45,0.0247388675096207,"Decrease",61,82,61
"10_TPoI","tableA5_price_support_distribution_information","T1",45,0.0247388675096207,"Decrease",75,98,75
"10_TPoI","tableA5_price_support_distribution_information","T1",45,0.0247388675096207,"Decrease",113,147,113
"10_TPoI","tableA5_price_support_distribution_information","T1",45,0.0247388675096207,"Decrease",116,150,116
"10_TPoI","tableA5_price_support_distribution_information","T1",45,0.0247388675096207,"Decrease",177,230,177
"10_TPoI","tableA5_price_support_distribution_information","T1",45,0.0247388675096207,"Decrease",180,233,180
"10_TPoI","tableA5_price_support_distribution_information","T1",45,0.0247388675096207,"Decrease",192,247,192
"10_TPoI","tableA5_price_support_distribution_information","T1",45,0.0247388675096207,"Decrease",199,256,199
"10_TPoI","tableA5_price_support_distribution_information","T1",45,0.0247388675096207,"Decrease",202,260,202
"10_TPoI","tableA5_price_support_distribution_information","T1",45,0.0247388675096207,"Decrease",225,285,225
"10_TPoI","tableA5_price_support_distribution_information","T1",45,0.0247388675096207,"Decrease",232,292,232
"10_TPoI","tableA5_price_support_distribution_information","T1",45,0.0247388675096207,"Decrease",243,306,243
"10_TPoI","tableA5_price_support_distribution_information","T1",45,0.0247388675096207,"Decrease",285,364,285
"10_TPoI","tableA5_price_support_distribution_information","T1",45,0.0247388675096207,"Decrease",301,387,301
"10_TPoI","tableA5_price_support_distribution_information","T1",45,0.0247388675096207,"Decrease",312,400,312
"10_TPoI","tableA5_price_support_distribution_information","T1",45,0.0247388675096207,"Decrease",349,450,349
"10_TPoI","tableA5_price_support_distribution_information","T1",45,0.0247388675096207,"Decrease",359,463,359
"10_TPoI","tableA5_price_support_distribution_information","T1",45,0.0247388675096207,"Decrease",396,510,396
"10_TPoI","tableA5_price_support_distribution_information","T1",45,0.0247388675096207,"Decrease",401,518,401
"10_TPoI","tableA5_price_support_distribution_information","T1",45,0.0247388675096207,"Decrease",404,522,404
"10_TPoI","tableA5_price_support_distribution_information","T1",45,0.0247388675096207,"Decrease",451,579,451
"10_TPoI","tableA5_price_support_distribution_information","T1",45,0.0247388675096207,"Decrease",540,696,540
"10_TPoI","tableA5_price_support_distribution_information","T1",45,0.0247388675096207,"Decrease",639,828,639
"10_TPoI","tableA5_price_support_distribution_information","T1",45,0.0247388675096207,"Decrease",642,831,642
"10_TPoI","tableA5_price_support_distribution_information","T1",45,0.0247388675096207,"Decrease",683,880,683
"10_TPoI","tableA5_price_support_distribution_information","T1",45,0.0247388675096207,"Decrease",689,887,689
"10_TPoI","tableA5_price_support_distribution_information","T1",45,0.0247388675096207,"Decrease",704,908,704
"10_TPoI","tableA5_price_support_distribution_information","T1",45,0.0247388675096207,"Decrease",707,911,707
"10_TPoI","tableA5_price_support_distribution_information","T1",45,0.0247388675096207,"Decrease",731,938,731
"10_TPoI","tableA5_price_support_distribution_information","T1",45,0.0247388675096207,"Decrease",771,986,771
"10_TPoI","tableA5_price_support_distribution_information","T1",45,0.0247388675096207,"Decrease",794,1017,794
"10_TPoI","tableA5_price_support_distribution_information","T1",45,0.0247388675096207,"Decrease",806,1031,806
"10_TPoI","tableA5_price_support_distribution_information","T1",45,0.0247388675096207,"Decrease",807,1032,807
"10_TPoI","tableA5_price_support_distribution_information","T1",45,0.0247388675096207,"Decrease",810,1036,810
"10_TPoI","tableA5_price_support_distribution_information","T1",45,0.0247388675096207,"Decrease",838,1071,838
"10_TPoI","tableA5_price_support_distribution_information","T1",45,0.0247388675096207,"Decrease",880,1130,880
"10_TPoI","tableA5_price_support_distribution_information","T1",45,0.0247388675096207,"Decrease",899,1156,899
"10_TPoI","tableA5_price_support_distribution_information","T1",46,0.0252886201209456,"Decrease",11,16,11
"10_TPoI","tableA5_price_support_distribution_information","T1",46,0.0252886201209456,"Decrease",12,17,12
"10_TPoI","tableA5_price_support_distribution_information","T1",46,0.0252886201209456,"Decrease",17,26,17
"10_TPoI","tableA5_price_support_distribution_information","T1",46,0.0252886201209456,"Decrease",33,45,33
"10_TPoI","tableA5_price_support_distribution_information","T1",46,0.0252886201209456,"Decrease",39,54,39
"10_TPoI","tableA5_price_support_distribution_information","T1",46,0.0252886201209456,"Decrease",52,69,52
"10_TPoI","tableA5_price_support_distribution_information","T1",46,0.0252886201209456,"Decrease",55,72,55
"10_TPoI","tableA5_price_support_distribution_information","T1",46,0.0252886201209456,"Decrease",58,77,58
"10_TPoI","tableA5_price_support_distribution_information","T1",46,0.0252886201209456,"Decrease",61,82,61
"10_TPoI","tableA5_price_support_distribution_information","T1",46,0.0252886201209456,"Decrease",75,98,75
"10_TPoI","tableA5_price_support_distribution_information","T1",46,0.0252886201209456,"Decrease",113,147,113
"10_TPoI","tableA5_price_support_distribution_information","T1",46,0.0252886201209456,"Decrease",116,150,116
"10_TPoI","tableA5_price_support_distribution_information","T1",46,0.0252886201209456,"Decrease",177,230,177
"10_TPoI","tableA5_price_support_distribution_information","T1",46,0.0252886201209456,"Decrease",180,233,180
"10_TPoI","tableA5_price_support_distribution_information","T1",46,0.0252886201209456,"Decrease",192,247,192
"10_TPoI","tableA5_price_support_distribution_information","T1",46,0.0252886201209456,"Decrease",199,256,199
"10_TPoI","tableA5_price_support_distribution_information","T1",46,0.0252886201209456,"Decrease",202,260,202
"10_TPoI","tableA5_price_support_distribution_information","T1",46,0.0252886201209456,"Decrease",225,285,225
"10_TPoI","tableA5_price_support_distribution_information","T1",46,0.0252886201209456,"Decrease",232,292,232
"10_TPoI","tableA5_price_support_distribution_information","T1",46,0.0252886201209456,"Decrease",243,306,243
"10_TPoI","tableA5_price_support_distribution_information","T1",46,0.0252886201209456,"Decrease",285,364,285
"10_TPoI","tableA5_price_support_distribution_information","T1",46,0.0252886201209456,"Decrease",301,387,301
"10_TPoI","tableA5_price_support_distribution_information","T1",46,0.0252886201209456,"Decrease",312,400,312
"10_TPoI","tableA5_price_support_distribution_information","T1",46,0.0252886201209456,"Decrease",349,450,349
"10_TPoI","tableA5_price_support_distribution_information","T1",46,0.0252886201209456,"Decrease",359,463,359
"10_TPoI","tableA5_price_support_distribution_information","T1",46,0.0252886201209456,"Decrease",396,510,396
"10_TPoI","tableA5_price_support_distribution_information","T1",46,0.0252886201209456,"Decrease",401,518,401
"10_TPoI","tableA5_price_support_distribution_information","T1",46,0.0252886201209456,"Decrease",404,522,404
"10_TPoI","tableA5_price_support_distribution_information","T1",46,0.0252886201209456,"Decrease",451,579,451
"10_TPoI","tableA5_price_support_distribution_information","T1",46,0.0252886201209456,"Decrease",540,696,540
"10_TPoI","tableA5_price_support_distribution_information","T1",46,0.0252886201209456,"Decrease",639,828,639
"10_TPoI","tableA5_price_support_distribution_information","T1",46,0.0252886201209456,"Decrease",642,831,642
"10_TPoI","tableA5_price_support_distribution_information","T1",46,0.0252886201209456,"Decrease",683,880,683
"10_TPoI","tableA5_price_support_distribution_information","T1",46,0.0252886201209456,"Decrease",689,887,689
"10_TPoI","tableA5_price_support_distribution_information","T1",46,0.0252886201209456,"Decrease",704,908,704
"10_TPoI","tableA5_price_support_distribution_information","T1",46,0.0252886201209456,"Decrease",707,911,707
"10_TPoI","tableA5_price_support_distribution_information","T1",46,0.0252886201209456,"Decrease",731,938,731
"10_TPoI","tableA5_price_support_distribution_information","T1",46,0.0252886201209456,"Decrease",771,986,771
"10_TPoI","tableA5_price_support_distribution_information","T1",46,0.0252886201209456,"Decrease",794,1017,794
"10_TPoI","tableA5_price_support_distribution_information","T1",46,0.0252886201209456,"Decrease",806,1031,806
"10_TPoI","tableA5_price_support_distribution_information","T1",46,0.0252886201209456,"Decrease",807,1032,807
"10_TPoI","tableA5_price_support_distribution_information","T1",46,0.0252886201209456,"Decrease",810,1036,810
"10_TPoI","tableA5_price_support_distribution_information","T1",46,0.0252886201209456,"Decrease",838,1071,838
"10_TPoI","tableA5_price_support_distribution_information","T1",46,0.0252886201209456,"Decrease",880,1130,880
"10_TPoI","tableA5_price_support_distribution_information","T1",46,0.0252886201209456,"Decrease",899,1156,899
"10_TPoI","tableA5_price_support_distribution_information","T1",46,0.0252886201209456,"Decrease",945,1218,945
"10_TPoI","tableA5_price_support_distribution_information","T1",47,0.0258383727322705,"Decrease",11,16,11
"10_TPoI","tableA5_price_support_distribution_information","T1",47,0.0258383727322705,"Decrease",12,17,12
"10_TPoI","tableA5_price_support_distribution_information","T1",47,0.0258383727322705,"Decrease",17,26,17
"10_TPoI","tableA5_price_support_distribution_information","T1",47,0.0258383727322705,"Decrease",33,45,33
"10_TPoI","tableA5_price_support_distribution_information","T1",47,0.0258383727322705,"Decrease",39,54,39
"10_TPoI","tableA5_price_support_distribution_information","T1",47,0.0258383727322705,"Decrease",52,69,52
"10_TPoI","tableA5_price_support_distribution_information","T1",47,0.0258383727322705,"Decrease",55,72,55
"10_TPoI","tableA5_price_support_distribution_information","T1",47,0.0258383727322705,"Decrease",58,77,58
"10_TPoI","tableA5_price_support_distribution_information","T1",47,0.0258383727322705,"Decrease",61,82,61
"10_TPoI","tableA5_price_support_distribution_information","T1",47,0.0258383727322705,"Decrease",75,98,75
"10_TPoI","tableA5_price_support_distribution_information","T1",47,0.0258383727322705,"Decrease",113,147,113
"10_TPoI","tableA5_price_support_distribution_information","T1",47,0.0258383727322705,"Decrease",116,150,116
"10_TPoI","tableA5_price_support_distribution_information","T1",47,0.0258383727322705,"Decrease",177,230,177
"10_TPoI","tableA5_price_support_distribution_information","T1",47,0.0258383727322705,"Decrease",180,233,180
"10_TPoI","tableA5_price_support_distribution_information","T1",47,0.0258383727322705,"Decrease",192,247,192
"10_TPoI","tableA5_price_support_distribution_information","T1",47,0.0258383727322705,"Decrease",199,256,199
"10_TPoI","tableA5_price_support_distribution_information","T1",47,0.0258383727322705,"Decrease",202,260,202
"10_TPoI","tableA5_price_support_distribution_information","T1",47,0.0258383727322705,"Decrease",225,285,225
"10_TPoI","tableA5_price_support_distribution_information","T1",47,0.0258383727322705,"Decrease",232,292,232
"10_TPoI","tableA5_price_support_distribution_information","T1",47,0.0258383727322705,"Decrease",243,306,243
"10_TPoI","tableA5_price_support_distribution_information","T1",47,0.0258383727322705,"Decrease",285,364,285
"10_TPoI","tableA5_price_support_distribution_information","T1",47,0.0258383727322705,"Decrease",301,387,301
"10_TPoI","tableA5_price_support_distribution_information","T1",47,0.0258383727322705,"Decrease",312,400,312
"10_TPoI","tableA5_price_support_distribution_information","T1",47,0.0258383727322705,"Decrease",349,450,349
"10_TPoI","tableA5_price_support_distribution_information","T1",47,0.0258383727322705,"Decrease",359,463,359
"10_TPoI","tableA5_price_support_distribution_information","T1",47,0.0258383727322705,"Decrease",396,510,396
"10_TPoI","tableA5_price_support_distribution_information","T1",47,0.0258383727322705,"Decrease",401,518,401
"10_TPoI","tableA5_price_support_distribution_information","T1",47,0.0258383727322705,"Decrease",404,522,404
"10_TPoI","tableA5_price_support_distribution_information","T1",47,0.0258383727322705,"Decrease",451,579,451
"10_TPoI","tableA5_price_support_distribution_information","T1",47,0.0258383727322705,"Decrease",540,696,540
"10_TPoI","tableA5_price_support_distribution_information","T1",47,0.0258383727322705,"Decrease",639,828,639
"10_TPoI","tableA5_price_support_distribution_information","T1",47,0.0258383727322705,"Decrease",642,831,642
"10_TPoI","tableA5_price_support_distribution_information","T1",47,0.0258383727322705,"Decrease",683,880,683
"10_TPoI","tableA5_price_support_distribution_information","T1",47,0.0258383727322705,"Decrease",689,887,689
"10_TPoI","tableA5_price_support_distribution_information","T1",47,0.0258383727322705,"Decrease",704,908,704
"10_TPoI","tableA5_price_support_distribution_information","T1",47,0.0258383727322705,"Decrease",707,911,707
"10_TPoI","tableA5_price_support_distribution_information","T1",47,0.0258383727322705,"Decrease",731,938,731
"10_TPoI","tableA5_price_support_distribution_information","T1",47,0.0258383727322705,"Decrease",771,986,771
"10_TPoI","tableA5_price_support_distribution_information","T1",47,0.0258383727322705,"Decrease",794,1017,794
"10_TPoI","tableA5_price_support_distribution_information","T1",47,0.0258383727322705,"Decrease",806,1031,806
"10_TPoI","tableA5_price_support_distribution_information","T1",47,0.0258383727322705,"Decrease",807,1032,807
"10_TPoI","tableA5_price_support_distribution_information","T1",47,0.0258383727322705,"Decrease",810,1036,810
"10_TPoI","tableA5_price_support_distribution_information","T1",47,0.0258383727322705,"Decrease",838,1071,838
"10_TPoI","tableA5_price_support_distribution_information","T1",47,0.0258383727322705,"Decrease",880,1130,880
"10_TPoI","tableA5_price_support_distribution_information","T1",47,0.0258383727322705,"Decrease",899,1156,899
"10_TPoI","tableA5_price_support_distribution_information","T1",47,0.0258383727322705,"Decrease",945,1218,945
"10_TPoI","tableA5_price_support_distribution_information","T1",47,0.0258383727322705,"Decrease",949,1222,949
"10_TPoI","tableA5_price_support_distribution_information","T1",48,0.0263881253435954,"Decrease",11,16,11
"10_TPoI","tableA5_price_support_distribution_information","T1",48,0.0263881253435954,"Decrease",12,17,12
"10_TPoI","tableA5_price_support_distribution_information","T1",48,0.0263881253435954,"Decrease",17,26,17
"10_TPoI","tableA5_price_support_distribution_information","T1",48,0.0263881253435954,"Decrease",33,45,33
"10_TPoI","tableA5_price_support_distribution_information","T1",48,0.0263881253435954,"Decrease",39,54,39
"10_TPoI","tableA5_price_support_distribution_information","T1",48,0.0263881253435954,"Decrease",52,69,52
"10_TPoI","tableA5_price_support_distribution_information","T1",48,0.0263881253435954,"Decrease",55,72,55
"10_TPoI","tableA5_price_support_distribution_information","T1",48,0.0263881253435954,"Decrease",58,77,58
"10_TPoI","tableA5_price_support_distribution_information","T1",48,0.0263881253435954,"Decrease",61,82,61
"10_TPoI","tableA5_price_support_distribution_information","T1",48,0.0263881253435954,"Decrease",75,98,75
"10_TPoI","tableA5_price_support_distribution_information","T1",48,0.0263881253435954,"Decrease",113,147,113
"10_TPoI","tableA5_price_support_distribution_information","T1",48,0.0263881253435954,"Decrease",116,150,116
"10_TPoI","tableA5_price_support_distribution_information","T1",48,0.0263881253435954,"Decrease",177,230,177
"10_TPoI","tableA5_price_support_distribution_information","T1",48,0.0263881253435954,"Decrease",180,233,180
"10_TPoI","tableA5_price_support_distribution_information","T1",48,0.0263881253435954,"Decrease",192,247,192
"10_TPoI","tableA5_price_support_distribution_information","T1",48,0.0263881253435954,"Decrease",199,256,199
"10_TPoI","tableA5_price_support_distribution_information","T1",48,0.0263881253435954,"Decrease",202,260,202
"10_TPoI","tableA5_price_support_distribution_information","T1",48,0.0263881253435954,"Decrease",225,285,225
"10_TPoI","tableA5_price_support_distribution_information","T1",48,0.0263881253435954,"Decrease",232,292,232
"10_TPoI","tableA5_price_support_distribution_information","T1",48,0.0263881253435954,"Decrease",243,306,243
"10_TPoI","tableA5_price_support_distribution_information","T1",48,0.0263881253435954,"Decrease",285,364,285
"10_TPoI","tableA5_price_support_distribution_information","T1",48,0.0263881253435954,"Decrease",301,387,301
"10_TPoI","tableA5_price_support_distribution_information","T1",48,0.0263881253435954,"Decrease",312,400,312
"10_TPoI","tableA5_price_support_distribution_information","T1",48,0.0263881253435954,"Decrease",349,450,349
"10_TPoI","tableA5_price_support_distribution_information","T1",48,0.0263881253435954,"Decrease",359,463,359
"10_TPoI","tableA5_price_support_distribution_information","T1",48,0.0263881253435954,"Decrease",396,510,396
"10_TPoI","tableA5_price_support_distribution_information","T1",48,0.0263881253435954,"Decrease",401,518,401
"10_TPoI","tableA5_price_support_distribution_information","T1",48,0.0263881253435954,"Decrease",404,522,404
"10_TPoI","tableA5_price_support_distribution_information","T1",48,0.0263881253435954,"Decrease",451,579,451
"10_TPoI","tableA5_price_support_distribution_information","T1",48,0.0263881253435954,"Decrease",540,696,540
"10_TPoI","tableA5_price_support_distribution_information","T1",48,0.0263881253435954,"Decrease",639,828,639
"10_TPoI","tableA5_price_support_distribution_information","T1",48,0.0263881253435954,"Decrease",642,831,642
"10_TPoI","tableA5_price_support_distribution_information","T1",48,0.0263881253435954,"Decrease",683,880,683
"10_TPoI","tableA5_price_support_distribution_information","T1",48,0.0263881253435954,"Decrease",689,887,689
"10_TPoI","tableA5_price_support_distribution_information","T1",48,0.0263881253435954,"Decrease",704,908,704
"10_TPoI","tableA5_price_support_distribution_information","T1",48,0.0263881253435954,"Decrease",707,911,707
"10_TPoI","tableA5_price_support_distribution_information","T1",48,0.0263881253435954,"Decrease",731,938,731
"10_TPoI","tableA5_price_support_distribution_information","T1",48,0.0263881253435954,"Decrease",771,986,771
"10_TPoI","tableA5_price_support_distribution_information","T1",48,0.0263881253435954,"Decrease",794,1017,794
"10_TPoI","tableA5_price_support_distribution_information","T1",48,0.0263881253435954,"Decrease",806,1031,806
"10_TPoI","tableA5_price_support_distribution_information","T1",48,0.0263881253435954,"Decrease",807,1032,807
"10_TPoI","tableA5_price_support_distribution_information","T1",48,0.0263881253435954,"Decrease",810,1036,810
"10_TPoI","tableA5_price_support_distribution_information","T1",48,0.0263881253435954,"Decrease",838,1071,838
"10_TPoI","tableA5_price_support_distribution_information","T1",48,0.0263881253435954,"Decrease",880,1130,880
"10_TPoI","tableA5_price_support_distribution_information","T1",48,0.0263881253435954,"Decrease",899,1156,899
"10_TPoI","tableA5_price_support_distribution_information","T1",48,0.0263881253435954,"Decrease",945,1218,945
"10_TPoI","tableA5_price_support_distribution_information","T1",48,0.0263881253435954,"Decrease",949,1222,949
"10_TPoI","tableA5_price_support_distribution_information","T1",48,0.0263881253435954,"Decrease",979,1264,979
"10_TPoI","tableA5_price_support_distribution_information","T1",49,0.0269378779549203,"Decrease",11,16,11
"10_TPoI","tableA5_price_support_distribution_information","T1",49,0.0269378779549203,"Decrease",12,17,12
"10_TPoI","tableA5_price_support_distribution_information","T1",49,0.0269378779549203,"Decrease",17,26,17
"10_TPoI","tableA5_price_support_distribution_information","T1",49,0.0269378779549203,"Decrease",33,45,33
"10_TPoI","tableA5_price_support_distribution_information","T1",49,0.0269378779549203,"Decrease",39,54,39
"10_TPoI","tableA5_price_support_distribution_information","T1",49,0.0269378779549203,"Decrease",52,69,52
"10_TPoI","tableA5_price_support_distribution_information","T1",49,0.0269378779549203,"Decrease",55,72,55
"10_TPoI","tableA5_price_support_distribution_information","T1",49,0.0269378779549203,"Decrease",58,77,58
"10_TPoI","tableA5_price_support_distribution_information","T1",49,0.0269378779549203,"Decrease",61,82,61
"10_TPoI","tableA5_price_support_distribution_information","T1",49,0.0269378779549203,"Decrease",75,98,75
"10_TPoI","tableA5_price_support_distribution_information","T1",49,0.0269378779549203,"Decrease",113,147,113
"10_TPoI","tableA5_price_support_distribution_information","T1",49,0.0269378779549203,"Decrease",116,150,116
"10_TPoI","tableA5_price_support_distribution_information","T1",49,0.0269378779549203,"Decrease",177,230,177
"10_TPoI","tableA5_price_support_distribution_information","T1",49,0.0269378779549203,"Decrease",180,233,180
"10_TPoI","tableA5_price_support_distribution_information","T1",49,0.0269378779549203,"Decrease",192,247,192
"10_TPoI","tableA5_price_support_distribution_information","T1",49,0.0269378779549203,"Decrease",199,256,199
"10_TPoI","tableA5_price_support_distribution_information","T1",49,0.0269378779549203,"Decrease",202,260,202
"10_TPoI","tableA5_price_support_distribution_information","T1",49,0.0269378779549203,"Decrease",225,285,225
"10_TPoI","tableA5_price_support_distribution_information","T1",49,0.0269378779549203,"Decrease",232,292,232
"10_TPoI","tableA5_price_support_distribution_information","T1",49,0.0269378779549203,"Decrease",243,306,243
"10_TPoI","tableA5_price_support_distribution_information","T1",49,0.0269378779549203,"Decrease",285,364,285
"10_TPoI","tableA5_price_support_distribution_information","T1",49,0.0269378779549203,"Decrease",301,387,301
"10_TPoI","tableA5_price_support_distribution_information","T1",49,0.0269378779549203,"Decrease",312,400,312
"10_TPoI","tableA5_price_support_distribution_information","T1",49,0.0269378779549203,"Decrease",349,450,349
"10_TPoI","tableA5_price_support_distribution_information","T1",49,0.0269378779549203,"Decrease",359,463,359
"10_TPoI","tableA5_price_support_distribution_information","T1",49,0.0269378779549203,"Decrease",396,510,396
"10_TPoI","tableA5_price_support_distribution_information","T1",49,0.0269378779549203,"Decrease",401,518,401
"10_TPoI","tableA5_price_support_distribution_information","T1",49,0.0269378779549203,"Decrease",404,522,404
"10_TPoI","tableA5_price_support_distribution_information","T1",49,0.0269378779549203,"Decrease",451,579,451
"10_TPoI","tableA5_price_support_distribution_information","T1",49,0.0269378779549203,"Decrease",540,696,540
"10_TPoI","tableA5_price_support_distribution_information","T1",49,0.0269378779549203,"Decrease",639,828,639
"10_TPoI","tableA5_price_support_distribution_information","T1",49,0.0269378779549203,"Decrease",642,831,642
"10_TPoI","tableA5_price_support_distribution_information","T1",49,0.0269378779549203,"Decrease",683,880,683
"10_TPoI","tableA5_price_support_distribution_information","T1",49,0.0269378779549203,"Decrease",689,887,689
"10_TPoI","tableA5_price_support_distribution_information","T1",49,0.0269378779549203,"Decrease",704,908,704
"10_TPoI","tableA5_price_support_distribution_information","T1",49,0.0269378779549203,"Decrease",707,911,707
"10_TPoI","tableA5_price_support_distribution_information","T1",49,0.0269378779549203,"Decrease",731,938,731
"10_TPoI","tableA5_price_support_distribution_information","T1",49,0.0269378779549203,"Decrease",771,986,771
"10_TPoI","tableA5_price_support_distribution_information","T1",49,0.0269378779549203,"Decrease",794,1017,794
"10_TPoI","tableA5_price_support_distribution_information","T1",49,0.0269378779549203,"Decrease",806,1031,806
"10_TPoI","tableA5_price_support_distribution_information","T1",49,0.0269378779549203,"Decrease",807,1032,807
"10_TPoI","tableA5_price_support_distribution_information","T1",49,0.0269378779549203,"Decrease",810,1036,810
"10_TPoI","tableA5_price_support_distribution_information","T1",49,0.0269378779549203,"Decrease",838,1071,838
"10_TPoI","tableA5_price_support_distribution_information","T1",49,0.0269378779549203,"Decrease",880,1130,880
"10_TPoI","tableA5_price_support_distribution_information","T1",49,0.0269378779549203,"Decrease",899,1156,899
"10_TPoI","tableA5_price_support_distribution_information","T1",49,0.0269378779549203,"Decrease",945,1218,945
"10_TPoI","tableA5_price_support_distribution_information","T1",49,0.0269378779549203,"Decrease",949,1222,949
"10_TPoI","tableA5_price_support_distribution_information","T1",49,0.0269378779549203,"Decrease",979,1264,979
"10_TPoI","tableA5_price_support_distribution_information","T1",49,0.0269378779549203,"Decrease",1083,1398,1083
"10_TPoI","tableA5_price_support_distribution_information","T1",50,0.0274876305662452,"Decrease",11,16,11
"10_TPoI","tableA5_price_support_distribution_information","T1",50,0.0274876305662452,"Decrease",12,17,12
"10_TPoI","tableA5_price_support_distribution_information","T1",50,0.0274876305662452,"Decrease",17,26,17
"10_TPoI","tableA5_price_support_distribution_information","T1",50,0.0274876305662452,"Decrease",33,45,33
"10_TPoI","tableA5_price_support_distribution_information","T1",50,0.0274876305662452,"Decrease",39,54,39
"10_TPoI","tableA5_price_support_distribution_information","T1",50,0.0274876305662452,"Decrease",52,69,52
"10_TPoI","tableA5_price_support_distribution_information","T1",50,0.0274876305662452,"Decrease",55,72,55
"10_TPoI","tableA5_price_support_distribution_information","T1",50,0.0274876305662452,"Decrease",58,77,58
"10_TPoI","tableA5_price_support_distribution_information","T1",50,0.0274876305662452,"Decrease",61,82,61
"10_TPoI","tableA5_price_support_distribution_information","T1",50,0.0274876305662452,"Decrease",75,98,75
"10_TPoI","tableA5_price_support_distribution_information","T1",50,0.0274876305662452,"Decrease",113,147,113
"10_TPoI","tableA5_price_support_distribution_information","T1",50,0.0274876305662452,"Decrease",116,150,116
"10_TPoI","tableA5_price_support_distribution_information","T1",50,0.0274876305662452,"Decrease",177,230,177
"10_TPoI","tableA5_price_support_distribution_information","T1",50,0.0274876305662452,"Decrease",180,233,180
"10_TPoI","tableA5_price_support_distribution_information","T1",50,0.0274876305662452,"Decrease",192,247,192
"10_TPoI","tableA5_price_support_distribution_information","T1",50,0.0274876305662452,"Decrease",199,256,199
"10_TPoI","tableA5_price_support_distribution_information","T1",50,0.0274876305662452,"Decrease",202,260,202
"10_TPoI","tableA5_price_support_distribution_information","T1",50,0.0274876305662452,"Decrease",225,285,225
"10_TPoI","tableA5_price_support_distribution_information","T1",50,0.0274876305662452,"Decrease",232,292,232
"10_TPoI","tableA5_price_support_distribution_information","T1",50,0.0274876305662452,"Decrease",243,306,243
"10_TPoI","tableA5_price_support_distribution_information","T1",50,0.0274876305662452,"Decrease",285,364,285
"10_TPoI","tableA5_price_support_distribution_information","T1",50,0.0274876305662452,"Decrease",301,387,301
"10_TPoI","tableA5_price_support_distribution_information","T1",50,0.0274876305662452,"Decrease",312,400,312
"10_TPoI","tableA5_price_support_distribution_information","T1",50,0.0274876305662452,"Decrease",349,450,349
"10_TPoI","tableA5_price_support_distribution_information","T1",50,0.0274876305662452,"Decrease",359,463,359
"10_TPoI","tableA5_price_support_distribution_information","T1",50,0.0274876305662452,"Decrease",396,510,396
"10_TPoI","tableA5_price_support_distribution_information","T1",50,0.0274876305662452,"Decrease",401,518,401
"10_TPoI","tableA5_price_support_distribution_information","T1",50,0.0274876305662452,"Decrease",404,522,404
"10_TPoI","tableA5_price_support_distribution_information","T1",50,0.0274876305662452,"Decrease",451,579,451
"10_TPoI","tableA5_price_support_distribution_information","T1",50,0.0274876305662452,"Decrease",540,696,540
"10_TPoI","tableA5_price_support_distribution_information","T1",50,0.0274876305662452,"Decrease",639,828,639
"10_TPoI","tableA5_price_support_distribution_information","T1",50,0.0274876305662452,"Decrease",642,831,642
"10_TPoI","tableA5_price_support_distribution_information","T1",50,0.0274876305662452,"Decrease",683,880,683
"10_TPoI","tableA5_price_support_distribution_information","T1",50,0.0274876305662452,"Decrease",689,887,689
"10_TPoI","tableA5_price_support_distribution_information","T1",50,0.0274876305662452,"Decrease",704,908,704
"10_TPoI","tableA5_price_support_distribution_information","T1",50,0.0274876305662452,"Decrease",707,911,707
"10_TPoI","tableA5_price_support_distribution_information","T1",50,0.0274876305662452,"Decrease",731,938,731
"10_TPoI","tableA5_price_support_distribution_information","T1",50,0.0274876305662452,"Decrease",771,986,771
"10_TPoI","tableA5_price_support_distribution_information","T1",50,0.0274876305662452,"Decrease",794,1017,794
"10_TPoI","tableA5_price_support_distribution_information","T1",50,0.0274876305662452,"Decrease",806,1031,806
"10_TPoI","tableA5_price_support_distribution_information","T1",50,0.0274876305662452,"Decrease",807,1032,807
"10_TPoI","tableA5_price_support_distribution_information","T1",50,0.0274876305662452,"Decrease",810,1036,810
"10_TPoI","tableA5_price_support_distribution_information","T1",50,0.0274876305662452,"Decrease",838,1071,838
"10_TPoI","tableA5_price_support_distribution_information","T1",50,0.0274876305662452,"Decrease",880,1130,880
"10_TPoI","tableA5_price_support_distribution_information","T1",50,0.0274876305662452,"Decrease",899,1156,899
"10_TPoI","tableA5_price_support_distribution_information","T1",50,0.0274876305662452,"Decrease",945,1218,945
"10_TPoI","tableA5_price_support_distribution_information","T1",50,0.0274876305662452,"Decrease",949,1222,949
"10_TPoI","tableA5_price_support_distribution_information","T1",50,0.0274876305662452,"Decrease",979,1264,979
"10_TPoI","tableA5_price_support_distribution_information","T1",50,0.0274876305662452,"Decrease",1083,1398,1083
"10_TPoI","tableA5_price_support_distribution_information","T1",50,0.0274876305662452,"Decrease",1093,1409,1093
"10_TPoI","tableA5_price_support_distribution_information","T1",51,0.0280373831775701,"Decrease",11,16,11
"10_TPoI","tableA5_price_support_distribution_information","T1",51,0.0280373831775701,"Decrease",12,17,12
"10_TPoI","tableA5_price_support_distribution_information","T1",51,0.0280373831775701,"Decrease",17,26,17
"10_TPoI","tableA5_price_support_distribution_information","T1",51,0.0280373831775701,"Decrease",33,45,33
"10_TPoI","tableA5_price_support_distribution_information","T1",51,0.0280373831775701,"Decrease",39,54,39
"10_TPoI","tableA5_price_support_distribution_information","T1",51,0.0280373831775701,"Decrease",52,69,52
"10_TPoI","tableA5_price_support_distribution_information","T1",51,0.0280373831775701,"Decrease",55,72,55
"10_TPoI","tableA5_price_support_distribution_information","T1",51,0.0280373831775701,"Decrease",58,77,58
"10_TPoI","tableA5_price_support_distribution_information","T1",51,0.0280373831775701,"Decrease",61,82,61
"10_TPoI","tableA5_price_support_distribution_information","T1",51,0.0280373831775701,"Decrease",75,98,75
"10_TPoI","tableA5_price_support_distribution_information","T1",51,0.0280373831775701,"Decrease",113,147,113
"10_TPoI","tableA5_price_support_distribution_information","T1",51,0.0280373831775701,"Decrease",116,150,116
"10_TPoI","tableA5_price_support_distribution_information","T1",51,0.0280373831775701,"Decrease",177,230,177
"10_TPoI","tableA5_price_support_distribution_information","T1",51,0.0280373831775701,"Decrease",180,233,180
"10_TPoI","tableA5_price_support_distribution_information","T1",51,0.0280373831775701,"Decrease",192,247,192
"10_TPoI","tableA5_price_support_distribution_information","T1",51,0.0280373831775701,"Decrease",199,256,199
"10_TPoI","tableA5_price_support_distribution_information","T1",51,0.0280373831775701,"Decrease",202,260,202
"10_TPoI","tableA5_price_support_distribution_information","T1",51,0.0280373831775701,"Decrease",225,285,225
"10_TPoI","tableA5_price_support_distribution_information","T1",51,0.0280373831775701,"Decrease",232,292,232
"10_TPoI","tableA5_price_support_distribution_information","T1",51,0.0280373831775701,"Decrease",243,306,243
"10_TPoI","tableA5_price_support_distribution_information","T1",51,0.0280373831775701,"Decrease",285,364,285
"10_TPoI","tableA5_price_support_distribution_information","T1",51,0.0280373831775701,"Decrease",301,387,301
"10_TPoI","tableA5_price_support_distribution_information","T1",51,0.0280373831775701,"Decrease",312,400,312
"10_TPoI","tableA5_price_support_distribution_information","T1",51,0.0280373831775701,"Decrease",349,450,349
"10_TPoI","tableA5_price_support_distribution_information","T1",51,0.0280373831775701,"Decrease",359,463,359
"10_TPoI","tableA5_price_support_distribution_information","T1",51,0.0280373831775701,"Decrease",396,510,396
"10_TPoI","tableA5_price_support_distribution_information","T1",51,0.0280373831775701,"Decrease",401,518,401
"10_TPoI","tableA5_price_support_distribution_information","T1",51,0.0280373831775701,"Decrease",404,522,404
"10_TPoI","tableA5_price_support_distribution_information","T1",51,0.0280373831775701,"Decrease",451,579,451
"10_TPoI","tableA5_price_support_distribution_information","T1",51,0.0280373831775701,"Decrease",540,696,540
"10_TPoI","tableA5_price_support_distribution_information","T1",51,0.0280373831775701,"Decrease",639,828,639
"10_TPoI","tableA5_price_support_distribution_information","T1",51,0.0280373831775701,"Decrease",642,831,642
"10_TPoI","tableA5_price_support_distribution_information","T1",51,0.0280373831775701,"Decrease",683,880,683
"10_TPoI","tableA5_price_support_distribution_information","T1",51,0.0280373831775701,"Decrease",689,887,689
"10_TPoI","tableA5_price_support_distribution_information","T1",51,0.0280373831775701,"Decrease",704,908,704
"10_TPoI","tableA5_price_support_distribution_information","T1",51,0.0280373831775701,"Decrease",707,911,707
"10_TPoI","tableA5_price_support_distribution_information","T1",51,0.0280373831775701,"Decrease",731,938,731
"10_TPoI","tableA5_price_support_distribution_information","T1",51,0.0280373831775701,"Decrease",771,986,771
"10_TPoI","tableA5_price_support_distribution_information","T1",51,0.0280373831775701,"Decrease",794,1017,794
"10_TPoI","tableA5_price_support_distribution_information","T1",51,0.0280373831775701,"Decrease",806,1031,806
"10_TPoI","tableA5_price_support_distribution_information","T1",51,0.0280373831775701,"Decrease",807,1032,807
"10_TPoI","tableA5_price_support_distribution_information","T1",51,0.0280373831775701,"Decrease",810,1036,810
"10_TPoI","tableA5_price_support_distribution_information","T1",51,0.0280373831775701,"Decrease",838,1071,838
"10_TPoI","tableA5_price_support_distribution_information","T1",51,0.0280373831775701,"Decrease",880,1130,880
"10_TPoI","tableA5_price_support_distribution_information","T1",51,0.0280373831775701,"Decrease",899,1156,899
"10_TPoI","tableA5_price_support_distribution_information","T1",51,0.0280373831775701,"Decrease",945,1218,945
"10_TPoI","tableA5_price_support_distribution_information","T1",51,0.0280373831775701,"Decrease",949,1222,949
"10_TPoI","tableA5_price_support_distribution_information","T1",51,0.0280373831775701,"Decrease",979,1264,979
"10_TPoI","tableA5_price_support_distribution_information","T1",51,0.0280373831775701,"Decrease",1083,1398,1083
"10_TPoI","tableA5_price_support_distribution_information","T1",51,0.0280373831775701,"Decrease",1093,1409,1093
"10_TPoI","tableA5_price_support_distribution_information","T1",51,0.0280373831775701,"Decrease",1108,1424,1108
"10_TPoI","tableA5_price_support_distribution_information","T1",52,0.028587135788895,"Decrease",11,16,11
"10_TPoI","tableA5_price_support_distribution_information","T1",52,0.028587135788895,"Decrease",12,17,12
"10_TPoI","tableA5_price_support_distribution_information","T1",52,0.028587135788895,"Decrease",17,26,17
"10_TPoI","tableA5_price_support_distribution_information","T1",52,0.028587135788895,"Decrease",33,45,33
"10_TPoI","tableA5_price_support_distribution_information","T1",52,0.028587135788895,"Decrease",39,54,39
"10_TPoI","tableA5_price_support_distribution_information","T1",52,0.028587135788895,"Decrease",52,69,52
"10_TPoI","tableA5_price_support_distribution_information","T1",52,0.028587135788895,"Decrease",55,72,55
"10_TPoI","tableA5_price_support_distribution_information","T1",52,0.028587135788895,"Decrease",58,77,58
"10_TPoI","tableA5_price_support_distribution_information","T1",52,0.028587135788895,"Decrease",61,82,61
"10_TPoI","tableA5_price_support_distribution_information","T1",52,0.028587135788895,"Decrease",75,98,75
"10_TPoI","tableA5_price_support_distribution_information","T1",52,0.028587135788895,"Decrease",113,147,113
"10_TPoI","tableA5_price_support_distribution_information","T1",52,0.028587135788895,"Decrease",116,150,116
"10_TPoI","tableA5_price_support_distribution_information","T1",52,0.028587135788895,"Decrease",177,230,177
"10_TPoI","tableA5_price_support_distribution_information","T1",52,0.028587135788895,"Decrease",180,233,180
"10_TPoI","tableA5_price_support_distribution_information","T1",52,0.028587135788895,"Decrease",192,247,192
"10_TPoI","tableA5_price_support_distribution_information","T1",52,0.028587135788895,"Decrease",199,256,199
"10_TPoI","tableA5_price_support_distribution_information","T1",52,0.028587135788895,"Decrease",202,260,202
"10_TPoI","tableA5_price_support_distribution_information","T1",52,0.028587135788895,"Decrease",225,285,225
"10_TPoI","tableA5_price_support_distribution_information","T1",52,0.028587135788895,"Decrease",232,292,232
"10_TPoI","tableA5_price_support_distribution_information","T1",52,0.028587135788895,"Decrease",243,306,243
"10_TPoI","tableA5_price_support_distribution_information","T1",52,0.028587135788895,"Decrease",285,364,285
"10_TPoI","tableA5_price_support_distribution_information","T1",52,0.028587135788895,"Decrease",301,387,301
"10_TPoI","tableA5_price_support_distribution_information","T1",52,0.028587135788895,"Decrease",312,400,312
"10_TPoI","tableA5_price_support_distribution_information","T1",52,0.028587135788895,"Decrease",349,450,349
"10_TPoI","tableA5_price_support_distribution_information","T1",52,0.028587135788895,"Decrease",359,463,359
"10_TPoI","tableA5_price_support_distribution_information","T1",52,0.028587135788895,"Decrease",396,510,396
"10_TPoI","tableA5_price_support_distribution_information","T1",52,0.028587135788895,"Decrease",401,518,401
"10_TPoI","tableA5_price_support_distribution_information","T1",52,0.028587135788895,"Decrease",404,522,404
"10_TPoI","tableA5_price_support_distribution_information","T1",52,0.028587135788895,"Decrease",451,579,451
"10_TPoI","tableA5_price_support_distribution_information","T1",52,0.028587135788895,"Decrease",540,696,540
"10_TPoI","tableA5_price_support_distribution_information","T1",52,0.028587135788895,"Decrease",639,828,639
"10_TPoI","tableA5_price_support_distribution_information","T1",52,0.028587135788895,"Decrease",642,831,642
"10_TPoI","tableA5_price_support_distribution_information","T1",52,0.028587135788895,"Decrease",683,880,683
"10_TPoI","tableA5_price_support_distribution_information","T1",52,0.028587135788895,"Decrease",689,887,689
"10_TPoI","tableA5_price_support_distribution_information","T1",52,0.028587135788895,"Decrease",704,908,704
"10_TPoI","tableA5_price_support_distribution_information","T1",52,0.028587135788895,"Decrease",707,911,707
"10_TPoI","tableA5_price_support_distribution_information","T1",52,0.028587135788895,"Decrease",731,938,731
"10_TPoI","tableA5_price_support_distribution_information","T1",52,0.028587135788895,"Decrease",771,986,771
"10_TPoI","tableA5_price_support_distribution_information","T1",52,0.028587135788895,"Decrease",794,1017,794
"10_TPoI","tableA5_price_support_distribution_information","T1",52,0.028587135788895,"Decrease",806,1031,806
"10_TPoI","tableA5_price_support_distribution_information","T1",52,0.028587135788895,"Decrease",807,1032,807
"10_TPoI","tableA5_price_support_distribution_information","T1",52,0.028587135788895,"Decrease",810,1036,810
"10_TPoI","tableA5_price_support_distribution_information","T1",52,0.028587135788895,"Decrease",838,1071,838
"10_TPoI","tableA5_price_support_distribution_information","T1",52,0.028587135788895,"Decrease",880,1130,880
"10_TPoI","tableA5_price_support_distribution_information","T1",52,0.028587135788895,"Decrease",899,1156,899
"10_TPoI","tableA5_price_support_distribution_information","T1",52,0.028587135788895,"Decrease",945,1218,945
"10_TPoI","tableA5_price_support_distribution_information","T1",52,0.028587135788895,"Decrease",949,1222,949
"10_TPoI","tableA5_price_support_distribution_information","T1",52,0.028587135788895,"Decrease",979,1264,979
"10_TPoI","tableA5_price_support_distribution_information","T1",52,0.028587135788895,"Decrease",1083,1398,1083
"10_TPoI","tableA5_price_support_distribution_information","T1",52,0.028587135788895,"Decrease",1093,1409,1093
"10_TPoI","tableA5_price_support_distribution_information","T1",52,0.028587135788895,"Decrease",1108,1424,1108
"10_TPoI","tableA5_price_support_distribution_information","T1",52,0.028587135788895,"Decrease",1145,1475,1145
"10_TPoI","tableA5_price_support_distribution_information","T1",53,0.0291368884002199,"Decrease",11,16,11
"10_TPoI","tableA5_price_support_distribution_information","T1",53,0.0291368884002199,"Decrease",12,17,12
"10_TPoI","tableA5_price_support_distribution_information","T1",53,0.0291368884002199,"Decrease",17,26,17
"10_TPoI","tableA5_price_support_distribution_information","T1",53,0.0291368884002199,"Decrease",33,45,33
"10_TPoI","tableA5_price_support_distribution_information","T1",53,0.0291368884002199,"Decrease",39,54,39
"10_TPoI","tableA5_price_support_distribution_information","T1",53,0.0291368884002199,"Decrease",52,69,52
"10_TPoI","tableA5_price_support_distribution_information","T1",53,0.0291368884002199,"Decrease",55,72,55
"10_TPoI","tableA5_price_support_distribution_information","T1",53,0.0291368884002199,"Decrease",58,77,58
"10_TPoI","tableA5_price_support_distribution_information","T1",53,0.0291368884002199,"Decrease",61,82,61
"10_TPoI","tableA5_price_support_distribution_information","T1",53,0.0291368884002199,"Decrease",75,98,75
"10_TPoI","tableA5_price_support_distribution_information","T1",53,0.0291368884002199,"Decrease",113,147,113
"10_TPoI","tableA5_price_support_distribution_information","T1",53,0.0291368884002199,"Decrease",116,150,116
"10_TPoI","tableA5_price_support_distribution_information","T1",53,0.0291368884002199,"Decrease",177,230,177
"10_TPoI","tableA5_price_support_distribution_information","T1",53,0.0291368884002199,"Decrease",180,233,180
"10_TPoI","tableA5_price_support_distribution_information","T1",53,0.0291368884002199,"Decrease",192,247,192
"10_TPoI","tableA5_price_support_distribution_information","T1",53,0.0291368884002199,"Decrease",199,256,199
"10_TPoI","tableA5_price_support_distribution_information","T1",53,0.0291368884002199,"Decrease",202,260,202
"10_TPoI","tableA5_price_support_distribution_information","T1",53,0.0291368884002199,"Decrease",225,285,225
"10_TPoI","tableA5_price_support_distribution_information","T1",53,0.0291368884002199,"Decrease",232,292,232
"10_TPoI","tableA5_price_support_distribution_information","T1",53,0.0291368884002199,"Decrease",243,306,243
"10_TPoI","tableA5_price_support_distribution_information","T1",53,0.0291368884002199,"Decrease",285,364,285
"10_TPoI","tableA5_price_support_distribution_information","T1",53,0.0291368884002199,"Decrease",301,387,301
"10_TPoI","tableA5_price_support_distribution_information","T1",53,0.0291368884002199,"Decrease",312,400,312
"10_TPoI","tableA5_price_support_distribution_information","T1",53,0.0291368884002199,"Decrease",349,450,349
"10_TPoI","tableA5_price_support_distribution_information","T1",53,0.0291368884002199,"Decrease",359,463,359
"10_TPoI","tableA5_price_support_distribution_information","T1",53,0.0291368884002199,"Decrease",396,510,396
"10_TPoI","tableA5_price_support_distribution_information","T1",53,0.0291368884002199,"Decrease",401,518,401
"10_TPoI","tableA5_price_support_distribution_information","T1",53,0.0291368884002199,"Decrease",404,522,404
"10_TPoI","tableA5_price_support_distribution_information","T1",53,0.0291368884002199,"Decrease",451,579,451
"10_TPoI","tableA5_price_support_distribution_information","T1",53,0.0291368884002199,"Decrease",540,696,540
"10_TPoI","tableA5_price_support_distribution_information","T1",53,0.0291368884002199,"Decrease",639,828,639
"10_TPoI","tableA5_price_support_distribution_information","T1",53,0.0291368884002199,"Decrease",642,831,642
"10_TPoI","tableA5_price_support_distribution_information","T1",53,0.0291368884002199,"Decrease",683,880,683
"10_TPoI","tableA5_price_support_distribution_information","T1",53,0.0291368884002199,"Decrease",689,887,689
"10_TPoI","tableA5_price_support_distribution_information","T1",53,0.0291368884002199,"Decrease",704,908,704
"10_TPoI","tableA5_price_support_distribution_information","T1",53,0.0291368884002199,"Decrease",707,911,707
"10_TPoI","tableA5_price_support_distribution_information","T1",53,0.0291368884002199,"Decrease",731,938,731
"10_TPoI","tableA5_price_support_distribution_information","T1",53,0.0291368884002199,"Decrease",771,986,771
"10_TPoI","tableA5_price_support_distribution_information","T1",53,0.0291368884002199,"Decrease",794,1017,794
"10_TPoI","tableA5_price_support_distribution_information","T1",53,0.0291368884002199,"Decrease",806,1031,806
"10_TPoI","tableA5_price_support_distribution_information","T1",53,0.0291368884002199,"Decrease",807,1032,807
"10_TPoI","tableA5_price_support_distribution_information","T1",53,0.0291368884002199,"Decrease",810,1036,810
"10_TPoI","tableA5_price_support_distribution_information","T1",53,0.0291368884002199,"Decrease",838,1071,838
"10_TPoI","tableA5_price_support_distribution_information","T1",53,0.0291368884002199,"Decrease",880,1130,880
"10_TPoI","tableA5_price_support_distribution_information","T1",53,0.0291368884002199,"Decrease",899,1156,899
"10_TPoI","tableA5_price_support_distribution_information","T1",53,0.0291368884002199,"Decrease",945,1218,945
"10_TPoI","tableA5_price_support_distribution_information","T1",53,0.0291368884002199,"Decrease",949,1222,949
"10_TPoI","tableA5_price_support_distribution_information","T1",53,0.0291368884002199,"Decrease",979,1264,979
"10_TPoI","tableA5_price_support_distribution_information","T1",53,0.0291368884002199,"Decrease",1083,1398,1083
"10_TPoI","tableA5_price_support_distribution_information","T1",53,0.0291368884002199,"Decrease",1093,1409,1093
"10_TPoI","tableA5_price_support_distribution_information","T1",53,0.0291368884002199,"Decrease",1108,1424,1108
"10_TPoI","tableA5_price_support_distribution_information","T1",53,0.0291368884002199,"Decrease",1145,1475,1145
"10_TPoI","tableA5_price_support_distribution_information","T1",53,0.0291368884002199,"Decrease",1153,1483,1153
"10_TPoI","tableA5_price_support_distribution_information","T1",54,0.0296866410115448,"Decrease",11,16,11
"10_TPoI","tableA5_price_support_distribution_information","T1",54,0.0296866410115448,"Decrease",12,17,12
"10_TPoI","tableA5_price_support_distribution_information","T1",54,0.0296866410115448,"Decrease",17,26,17
"10_TPoI","tableA5_price_support_distribution_information","T1",54,0.0296866410115448,"Decrease",33,45,33
"10_TPoI","tableA5_price_support_distribution_information","T1",54,0.0296866410115448,"Decrease",39,54,39
"10_TPoI","tableA5_price_support_distribution_information","T1",54,0.0296866410115448,"Decrease",52,69,52
"10_TPoI","tableA5_price_support_distribution_information","T1",54,0.0296866410115448,"Decrease",55,72,55
"10_TPoI","tableA5_price_support_distribution_information","T1",54,0.0296866410115448,"Decrease",58,77,58
"10_TPoI","tableA5_price_support_distribution_information","T1",54,0.0296866410115448,"Decrease",61,82,61
"10_TPoI","tableA5_price_support_distribution_information","T1",54,0.0296866410115448,"Decrease",75,98,75
"10_TPoI","tableA5_price_support_distribution_information","T1",54,0.0296866410115448,"Decrease",113,147,113
"10_TPoI","tableA5_price_support_distribution_information","T1",54,0.0296866410115448,"Decrease",116,150,116
"10_TPoI","tableA5_price_support_distribution_information","T1",54,0.0296866410115448,"Decrease",177,230,177
"10_TPoI","tableA5_price_support_distribution_information","T1",54,0.0296866410115448,"Decrease",180,233,180
"10_TPoI","tableA5_price_support_distribution_information","T1",54,0.0296866410115448,"Decrease",192,247,192
"10_TPoI","tableA5_price_support_distribution_information","T1",54,0.0296866410115448,"Decrease",199,256,199
"10_TPoI","tableA5_price_support_distribution_information","T1",54,0.0296866410115448,"Decrease",202,260,202
"10_TPoI","tableA5_price_support_distribution_information","T1",54,0.0296866410115448,"Decrease",225,285,225
"10_TPoI","tableA5_price_support_distribution_information","T1",54,0.0296866410115448,"Decrease",232,292,232
"10_TPoI","tableA5_price_support_distribution_information","T1",54,0.0296866410115448,"Decrease",243,306,243
"10_TPoI","tableA5_price_support_distribution_information","T1",54,0.0296866410115448,"Decrease",285,364,285
"10_TPoI","tableA5_price_support_distribution_information","T1",54,0.0296866410115448,"Decrease",301,387,301
"10_TPoI","tableA5_price_support_distribution_information","T1",54,0.0296866410115448,"Decrease",312,400,312
"10_TPoI","tableA5_price_support_distribution_information","T1",54,0.0296866410115448,"Decrease",349,450,349
"10_TPoI","tableA5_price_support_distribution_information","T1",54,0.0296866410115448,"Decrease",359,463,359
"10_TPoI","tableA5_price_support_distribution_information","T1",54,0.0296866410115448,"Decrease",396,510,396
"10_TPoI","tableA5_price_support_distribution_information","T1",54,0.0296866410115448,"Decrease",401,518,401
"10_TPoI","tableA5_price_support_distribution_information","T1",54,0.0296866410115448,"Decrease",404,522,404
"10_TPoI","tableA5_price_support_distribution_information","T1",54,0.0296866410115448,"Decrease",451,579,451
"10_TPoI","tableA5_price_support_distribution_information","T1",54,0.0296866410115448,"Decrease",540,696,540
"10_TPoI","tableA5_price_support_distribution_information","T1",54,0.0296866410115448,"Decrease",639,828,639
"10_TPoI","tableA5_price_support_distribution_information","T1",54,0.0296866410115448,"Decrease",642,831,642
"10_TPoI","tableA5_price_support_distribution_information","T1",54,0.0296866410115448,"Decrease",683,880,683
"10_TPoI","tableA5_price_support_distribution_information","T1",54,0.0296866410115448,"Decrease",689,887,689
"10_TPoI","tableA5_price_support_distribution_information","T1",54,0.0296866410115448,"Decrease",704,908,704
"10_TPoI","tableA5_price_support_distribution_information","T1",54,0.0296866410115448,"Decrease",707,911,707
"10_TPoI","tableA5_price_support_distribution_information","T1",54,0.0296866410115448,"Decrease",731,938,731
"10_TPoI","tableA5_price_support_distribution_information","T1",54,0.0296866410115448,"Decrease",771,986,771
"10_TPoI","tableA5_price_support_distribution_information","T1",54,0.0296866410115448,"Decrease",794,1017,794
"10_TPoI","tableA5_price_support_distribution_information","T1",54,0.0296866410115448,"Decrease",806,1031,806
"10_TPoI","tableA5_price_support_distribution_information","T1",54,0.0296866410115448,"Decrease",807,1032,807
"10_TPoI","tableA5_price_support_distribution_information","T1",54,0.0296866410115448,"Decrease",810,1036,810
"10_TPoI","tableA5_price_support_distribution_information","T1",54,0.0296866410115448,"Decrease",838,1071,838
"10_TPoI","tableA5_price_support_distribution_information","T1",54,0.0296866410115448,"Decrease",880,1130,880
"10_TPoI","tableA5_price_support_distribution_information","T1",54,0.0296866410115448,"Decrease",899,1156,899
"10_TPoI","tableA5_price_support_distribution_information","T1",54,0.0296866410115448,"Decrease",945,1218,945
"10_TPoI","tableA5_price_support_distribution_information","T1",54,0.0296866410115448,"Decrease",949,1222,949
"10_TPoI","tableA5_price_support_distribution_information","T1",54,0.0296866410115448,"Decrease",979,1264,979
"10_TPoI","tableA5_price_support_distribution_information","T1",54,0.0296866410115448,"Decrease",1083,1398,1083
"10_TPoI","tableA5_price_support_distribution_information","T1",54,0.0296866410115448,"Decrease",1093,1409,1093
"10_TPoI","tableA5_price_support_distribution_information","T1",54,0.0296866410115448,"Decrease",1108,1424,1108
"10_TPoI","tableA5_price_support_distribution_information","T1",54,0.0296866410115448,"Decrease",1145,1475,1145
"10_TPoI","tableA5_price_support_distribution_information","T1",54,0.0296866410115448,"Decrease",1153,1483,1153
"10_TPoI","tableA5_price_support_distribution_information","T1",54,0.0296866410115448,"Decrease",1189,1530,1189
"10_TPoI","tableA5_price_support_distribution_information","T1",55,0.0302363936228697,"Decrease",11,16,11
"10_TPoI","tableA5_price_support_distribution_information","T1",55,0.0302363936228697,"Decrease",12,17,12
"10_TPoI","tableA5_price_support_distribution_information","T1",55,0.0302363936228697,"Decrease",17,26,17
"10_TPoI","tableA5_price_support_distribution_information","T1",55,0.0302363936228697,"Decrease",33,45,33
"10_TPoI","tableA5_price_support_distribution_information","T1",55,0.0302363936228697,"Decrease",39,54,39
"10_TPoI","tableA5_price_support_distribution_information","T1",55,0.0302363936228697,"Decrease",52,69,52
"10_TPoI","tableA5_price_support_distribution_information","T1",55,0.0302363936228697,"Decrease",55,72,55
"10_TPoI","tableA5_price_support_distribution_information","T1",55,0.0302363936228697,"Decrease",58,77,58
"10_TPoI","tableA5_price_support_distribution_information","T1",55,0.0302363936228697,"Decrease",61,82,61
"10_TPoI","tableA5_price_support_distribution_information","T1",55,0.0302363936228697,"Decrease",75,98,75
"10_TPoI","tableA5_price_support_distribution_information","T1",55,0.0302363936228697,"Decrease",113,147,113
"10_TPoI","tableA5_price_support_distribution_information","T1",55,0.0302363936228697,"Decrease",116,150,116
"10_TPoI","tableA5_price_support_distribution_information","T1",55,0.0302363936228697,"Decrease",177,230,177
"10_TPoI","tableA5_price_support_distribution_information","T1",55,0.0302363936228697,"Decrease",180,233,180
"10_TPoI","tableA5_price_support_distribution_information","T1",55,0.0302363936228697,"Decrease",192,247,192
"10_TPoI","tableA5_price_support_distribution_information","T1",55,0.0302363936228697,"Decrease",199,256,199
"10_TPoI","tableA5_price_support_distribution_information","T1",55,0.0302363936228697,"Decrease",202,260,202
"10_TPoI","tableA5_price_support_distribution_information","T1",55,0.0302363936228697,"Decrease",225,285,225
"10_TPoI","tableA5_price_support_distribution_information","T1",55,0.0302363936228697,"Decrease",232,292,232
"10_TPoI","tableA5_price_support_distribution_information","T1",55,0.0302363936228697,"Decrease",243,306,243
"10_TPoI","tableA5_price_support_distribution_information","T1",55,0.0302363936228697,"Decrease",285,364,285
"10_TPoI","tableA5_price_support_distribution_information","T1",55,0.0302363936228697,"Decrease",301,387,301
"10_TPoI","tableA5_price_support_distribution_information","T1",55,0.0302363936228697,"Decrease",312,400,312
"10_TPoI","tableA5_price_support_distribution_information","T1",55,0.0302363936228697,"Decrease",349,450,349
"10_TPoI","tableA5_price_support_distribution_information","T1",55,0.0302363936228697,"Decrease",359,463,359
"10_TPoI","tableA5_price_support_distribution_information","T1",55,0.0302363936228697,"Decrease",396,510,396
"10_TPoI","tableA5_price_support_distribution_information","T1",55,0.0302363936228697,"Decrease",401,518,401
"10_TPoI","tableA5_price_support_distribution_information","T1",55,0.0302363936228697,"Decrease",404,522,404
"10_TPoI","tableA5_price_support_distribution_information","T1",55,0.0302363936228697,"Decrease",451,579,451
"10_TPoI","tableA5_price_support_distribution_information","T1",55,0.0302363936228697,"Decrease",540,696,540
"10_TPoI","tableA5_price_support_distribution_information","T1",55,0.0302363936228697,"Decrease",639,828,639
"10_TPoI","tableA5_price_support_distribution_information","T1",55,0.0302363936228697,"Decrease",642,831,642
"10_TPoI","tableA5_price_support_distribution_information","T1",55,0.0302363936228697,"Decrease",683,880,683
"10_TPoI","tableA5_price_support_distribution_information","T1",55,0.0302363936228697,"Decrease",689,887,689
"10_TPoI","tableA5_price_support_distribution_information","T1",55,0.0302363936228697,"Decrease",704,908,704
"10_TPoI","tableA5_price_support_distribution_information","T1",55,0.0302363936228697,"Decrease",707,911,707
"10_TPoI","tableA5_price_support_distribution_information","T1",55,0.0302363936228697,"Decrease",731,938,731
"10_TPoI","tableA5_price_support_distribution_information","T1",55,0.0302363936228697,"Decrease",771,986,771
"10_TPoI","tableA5_price_support_distribution_information","T1",55,0.0302363936228697,"Decrease",794,1017,794
"10_TPoI","tableA5_price_support_distribution_information","T1",55,0.0302363936228697,"Decrease",806,1031,806
"10_TPoI","tableA5_price_support_distribution_information","T1",55,0.0302363936228697,"Decrease",807,1032,807
"10_TPoI","tableA5_price_support_distribution_information","T1",55,0.0302363936228697,"Decrease",810,1036,810
"10_TPoI","tableA5_price_support_distribution_information","T1",55,0.0302363936228697,"Decrease",838,1071,838
"10_TPoI","tableA5_price_support_distribution_information","T1",55,0.0302363936228697,"Decrease",880,1130,880
"10_TPoI","tableA5_price_support_distribution_information","T1",55,0.0302363936228697,"Decrease",899,1156,899
"10_TPoI","tableA5_price_support_distribution_information","T1",55,0.0302363936228697,"Decrease",945,1218,945
"10_TPoI","tableA5_price_support_distribution_information","T1",55,0.0302363936228697,"Decrease",949,1222,949
"10_TPoI","tableA5_price_support_distribution_information","T1",55,0.0302363936228697,"Decrease",979,1264,979
"10_TPoI","tableA5_price_support_distribution_information","T1",55,0.0302363936228697,"Decrease",1083,1398,1083
"10_TPoI","tableA5_price_support_distribution_information","T1",55,0.0302363936228697,"Decrease",1093,1409,1093
"10_TPoI","tableA5_price_support_distribution_information","T1",55,0.0302363936228697,"Decrease",1108,1424,1108
"10_TPoI","tableA5_price_support_distribution_information","T1",55,0.0302363936228697,"Decrease",1145,1475,1145
"10_TPoI","tableA5_price_support_distribution_information","T1",55,0.0302363936228697,"Decrease",1153,1483,1153
"10_TPoI","tableA5_price_support_distribution_information","T1",55,0.0302363936228697,"Decrease",1189,1530,1189
"10_TPoI","tableA5_price_support_distribution_information","T1",55,0.0302363936228697,"Decrease",1191,1532,1191
"10_TPoI","tableA5_price_support_distribution_information","T1",56,0.0307861462341946,"Decrease",11,16,11
"10_TPoI","tableA5_price_support_distribution_information","T1",56,0.0307861462341946,"Decrease",12,17,12
"10_TPoI","tableA5_price_support_distribution_information","T1",56,0.0307861462341946,"Decrease",17,26,17
"10_TPoI","tableA5_price_support_distribution_information","T1",56,0.0307861462341946,"Decrease",33,45,33
"10_TPoI","tableA5_price_support_distribution_information","T1",56,0.0307861462341946,"Decrease",39,54,39
"10_TPoI","tableA5_price_support_distribution_information","T1",56,0.0307861462341946,"Decrease",52,69,52
"10_TPoI","tableA5_price_support_distribution_information","T1",56,0.0307861462341946,"Decrease",55,72,55
"10_TPoI","tableA5_price_support_distribution_information","T1",56,0.0307861462341946,"Decrease",58,77,58
"10_TPoI","tableA5_price_support_distribution_information","T1",56,0.0307861462341946,"Decrease",61,82,61
"10_TPoI","tableA5_price_support_distribution_information","T1",56,0.0307861462341946,"Decrease",75,98,75
"10_TPoI","tableA5_price_support_distribution_information","T1",56,0.0307861462341946,"Decrease",113,147,113
"10_TPoI","tableA5_price_support_distribution_information","T1",56,0.0307861462341946,"Decrease",116,150,116
"10_TPoI","tableA5_price_support_distribution_information","T1",56,0.0307861462341946,"Decrease",177,230,177
"10_TPoI","tableA5_price_support_distribution_information","T1",56,0.0307861462341946,"Decrease",180,233,180
"10_TPoI","tableA5_price_support_distribution_information","T1",56,0.0307861462341946,"Decrease",192,247,192
"10_TPoI","tableA5_price_support_distribution_information","T1",56,0.0307861462341946,"Decrease",199,256,199
"10_TPoI","tableA5_price_support_distribution_information","T1",56,0.0307861462341946,"Decrease",202,260,202
"10_TPoI","tableA5_price_support_distribution_information","T1",56,0.0307861462341946,"Decrease",225,285,225
"10_TPoI","tableA5_price_support_distribution_information","T1",56,0.0307861462341946,"Decrease",232,292,232
"10_TPoI","tableA5_price_support_distribution_information","T1",56,0.0307861462341946,"Decrease",243,306,243
"10_TPoI","tableA5_price_support_distribution_information","T1",56,0.0307861462341946,"Decrease",285,364,285
"10_TPoI","tableA5_price_support_distribution_information","T1",56,0.0307861462341946,"Decrease",301,387,301
"10_TPoI","tableA5_price_support_distribution_information","T1",56,0.0307861462341946,"Decrease",312,400,312
"10_TPoI","tableA5_price_support_distribution_information","T1",56,0.0307861462341946,"Decrease",349,450,349
"10_TPoI","tableA5_price_support_distribution_information","T1",56,0.0307861462341946,"Decrease",359,463,359
"10_TPoI","tableA5_price_support_distribution_information","T1",56,0.0307861462341946,"Decrease",396,510,396
"10_TPoI","tableA5_price_support_distribution_information","T1",56,0.0307861462341946,"Decrease",401,518,401
"10_TPoI","tableA5_price_support_distribution_information","T1",56,0.0307861462341946,"Decrease",404,522,404
"10_TPoI","tableA5_price_support_distribution_information","T1",56,0.0307861462341946,"Decrease",451,579,451
"10_TPoI","tableA5_price_support_distribution_information","T1",56,0.0307861462341946,"Decrease",540,696,540
"10_TPoI","tableA5_price_support_distribution_information","T1",56,0.0307861462341946,"Decrease",639,828,639
"10_TPoI","tableA5_price_support_distribution_information","T1",56,0.0307861462341946,"Decrease",642,831,642
"10_TPoI","tableA5_price_support_distribution_information","T1",56,0.0307861462341946,"Decrease",683,880,683
"10_TPoI","tableA5_price_support_distribution_information","T1",56,0.0307861462341946,"Decrease",689,887,689
"10_TPoI","tableA5_price_support_distribution_information","T1",56,0.0307861462341946,"Decrease",704,908,704
"10_TPoI","tableA5_price_support_distribution_information","T1",56,0.0307861462341946,"Decrease",707,911,707
"10_TPoI","tableA5_price_support_distribution_information","T1",56,0.0307861462341946,"Decrease",731,938,731
"10_TPoI","tableA5_price_support_distribution_information","T1",56,0.0307861462341946,"Decrease",771,986,771
"10_TPoI","tableA5_price_support_distribution_information","T1",56,0.0307861462341946,"Decrease",794,1017,794
"10_TPoI","tableA5_price_support_distribution_information","T1",56,0.0307861462341946,"Decrease",806,1031,806
"10_TPoI","tableA5_price_support_distribution_information","T1",56,0.0307861462341946,"Decrease",807,1032,807
"10_TPoI","tableA5_price_support_distribution_information","T1",56,0.0307861462341946,"Decrease",810,1036,810
"10_TPoI","tableA5_price_support_distribution_information","T1",56,0.0307861462341946,"Decrease",838,1071,838
"10_TPoI","tableA5_price_support_distribution_information","T1",56,0.0307861462341946,"Decrease",880,1130,880
"10_TPoI","tableA5_price_support_distribution_information","T1",56,0.0307861462341946,"Decrease",899,1156,899
"10_TPoI","tableA5_price_support_distribution_information","T1",56,0.0307861462341946,"Decrease",945,1218,945
"10_TPoI","tableA5_price_support_distribution_information","T1",56,0.0307861462341946,"Decrease",949,1222,949
"10_TPoI","tableA5_price_support_distribution_information","T1",56,0.0307861462341946,"Decrease",979,1264,979
"10_TPoI","tableA5_price_support_distribution_information","T1",56,0.0307861462341946,"Decrease",1083,1398,1083
"10_TPoI","tableA5_price_support_distribution_information","T1",56,0.0307861462341946,"Decrease",1093,1409,1093
"10_TPoI","tableA5_price_support_distribution_information","T1",56,0.0307861462341946,"Decrease",1108,1424,1108
"10_TPoI","tableA5_price_support_distribution_information","T1",56,0.0307861462341946,"Decrease",1145,1475,1145
"10_TPoI","tableA5_price_support_distribution_information","T1",56,0.0307861462341946,"Decrease",1153,1483,1153
"10_TPoI","tableA5_price_support_distribution_information","T1",56,0.0307861462341946,"Decrease",1189,1530,1189
"10_TPoI","tableA5_price_support_distribution_information","T1",56,0.0307861462341946,"Decrease",1191,1532,1191
"10_TPoI","tableA5_price_support_distribution_information","T1",56,0.0307861462341946,"Decrease",1204,1551,1204
"10_TPoI","tableA5_price_support_distribution_information","T1",57,0.0313358988455195,"Decrease",11,16,11
"10_TPoI","tableA5_price_support_distribution_information","T1",57,0.0313358988455195,"Decrease",12,17,12
"10_TPoI","tableA5_price_support_distribution_information","T1",57,0.0313358988455195,"Decrease",17,26,17
"10_TPoI","tableA5_price_support_distribution_information","T1",57,0.0313358988455195,"Decrease",33,45,33
"10_TPoI","tableA5_price_support_distribution_information","T1",57,0.0313358988455195,"Decrease",39,54,39
"10_TPoI","tableA5_price_support_distribution_information","T1",57,0.0313358988455195,"Decrease",52,69,52
"10_TPoI","tableA5_price_support_distribution_information","T1",57,0.0313358988455195,"Decrease",55,72,55
"10_TPoI","tableA5_price_support_distribution_information","T1",57,0.0313358988455195,"Decrease",58,77,58
"10_TPoI","tableA5_price_support_distribution_information","T1",57,0.0313358988455195,"Decrease",61,82,61
"10_TPoI","tableA5_price_support_distribution_information","T1",57,0.0313358988455195,"Decrease",75,98,75
"10_TPoI","tableA5_price_support_distribution_information","T1",57,0.0313358988455195,"Decrease",113,147,113
"10_TPoI","tableA5_price_support_distribution_information","T1",57,0.0313358988455195,"Decrease",116,150,116
"10_TPoI","tableA5_price_support_distribution_information","T1",57,0.0313358988455195,"Decrease",177,230,177
"10_TPoI","tableA5_price_support_distribution_information","T1",57,0.0313358988455195,"Decrease",180,233,180
"10_TPoI","tableA5_price_support_distribution_information","T1",57,0.0313358988455195,"Decrease",192,247,192
"10_TPoI","tableA5_price_support_distribution_information","T1",57,0.0313358988455195,"Decrease",199,256,199
"10_TPoI","tableA5_price_support_distribution_information","T1",57,0.0313358988455195,"Decrease",202,260,202
"10_TPoI","tableA5_price_support_distribution_information","T1",57,0.0313358988455195,"Decrease",225,285,225
"10_TPoI","tableA5_price_support_distribution_information","T1",57,0.0313358988455195,"Decrease",232,292,232
"10_TPoI","tableA5_price_support_distribution_information","T1",57,0.0313358988455195,"Decrease",243,306,243
"10_TPoI","tableA5_price_support_distribution_information","T1",57,0.0313358988455195,"Decrease",285,364,285
"10_TPoI","tableA5_price_support_distribution_information","T1",57,0.0313358988455195,"Decrease",301,387,301
"10_TPoI","tableA5_price_support_distribution_information","T1",57,0.0313358988455195,"Decrease",312,400,312
"10_TPoI","tableA5_price_support_distribution_information","T1",57,0.0313358988455195,"Decrease",349,450,349
"10_TPoI","tableA5_price_support_distribution_information","T1",57,0.0313358988455195,"Decrease",359,463,359
"10_TPoI","tableA5_price_support_distribution_information","T1",57,0.0313358988455195,"Decrease",396,510,396
"10_TPoI","tableA5_price_support_distribution_information","T1",57,0.0313358988455195,"Decrease",401,518,401
"10_TPoI","tableA5_price_support_distribution_information","T1",57,0.0313358988455195,"Decrease",404,522,404
"10_TPoI","tableA5_price_support_distribution_information","T1",57,0.0313358988455195,"Decrease",451,579,451
"10_TPoI","tableA5_price_support_distribution_information","T1",57,0.0313358988455195,"Decrease",540,696,540
"10_TPoI","tableA5_price_support_distribution_information","T1",57,0.0313358988455195,"Decrease",639,828,639
"10_TPoI","tableA5_price_support_distribution_information","T1",57,0.0313358988455195,"Decrease",642,831,642
"10_TPoI","tableA5_price_support_distribution_information","T1",57,0.0313358988455195,"Decrease",683,880,683
"10_TPoI","tableA5_price_support_distribution_information","T1",57,0.0313358988455195,"Decrease",689,887,689
"10_TPoI","tableA5_price_support_distribution_information","T1",57,0.0313358988455195,"Decrease",704,908,704
"10_TPoI","tableA5_price_support_distribution_information","T1",57,0.0313358988455195,"Decrease",707,911,707
"10_TPoI","tableA5_price_support_distribution_information","T1",57,0.0313358988455195,"Decrease",731,938,731
"10_TPoI","tableA5_price_support_distribution_information","T1",57,0.0313358988455195,"Decrease",771,986,771
"10_TPoI","tableA5_price_support_distribution_information","T1",57,0.0313358988455195,"Decrease",794,1017,794
"10_TPoI","tableA5_price_support_distribution_information","T1",57,0.0313358988455195,"Decrease",806,1031,806
"10_TPoI","tableA5_price_support_distribution_information","T1",57,0.0313358988455195,"Decrease",807,1032,807
"10_TPoI","tableA5_price_support_distribution_information","T1",57,0.0313358988455195,"Decrease",810,1036,810
"10_TPoI","tableA5_price_support_distribution_information","T1",57,0.0313358988455195,"Decrease",838,1071,838
"10_TPoI","tableA5_price_support_distribution_information","T1",57,0.0313358988455195,"Decrease",880,1130,880
"10_TPoI","tableA5_price_support_distribution_information","T1",57,0.0313358988455195,"Decrease",899,1156,899
"10_TPoI","tableA5_price_support_distribution_information","T1",57,0.0313358988455195,"Decrease",945,1218,945
"10_TPoI","tableA5_price_support_distribution_information","T1",57,0.0313358988455195,"Decrease",949,1222,949
"10_TPoI","tableA5_price_support_distribution_information","T1",57,0.0313358988455195,"Decrease",979,1264,979
"10_TPoI","tableA5_price_support_distribution_information","T1",57,0.0313358988455195,"Decrease",1083,1398,1083
"10_TPoI","tableA5_price_support_distribution_information","T1",57,0.0313358988455195,"Decrease",1093,1409,1093
"10_TPoI","tableA5_price_support_distribution_information","T1",57,0.0313358988455195,"Decrease",1108,1424,1108
"10_TPoI","tableA5_price_support_distribution_information","T1",57,0.0313358988455195,"Decrease",1145,1475,1145
"10_TPoI","tableA5_price_support_distribution_information","T1",57,0.0313358988455195,"Decrease",1153,1483,1153
"10_TPoI","tableA5_price_support_distribution_information","T1",57,0.0313358988455195,"Decrease",1189,1530,1189
"10_TPoI","tableA5_price_support_distribution_information","T1",57,0.0313358988455195,"Decrease",1191,1532,1191
"10_TPoI","tableA5_price_support_distribution_information","T1",57,0.0313358988455195,"Decrease",1204,1551,1204
"10_TPoI","tableA5_price_support_distribution_information","T1",57,0.0313358988455195,"Decrease",1206,1554,1206
"10_TPoI","tableA5_price_support_distribution_information","T1",58,0.0318856514568444,"Decrease",11,16,11
"10_TPoI","tableA5_price_support_distribution_information","T1",58,0.0318856514568444,"Decrease",12,17,12
"10_TPoI","tableA5_price_support_distribution_information","T1",58,0.0318856514568444,"Decrease",17,26,17
"10_TPoI","tableA5_price_support_distribution_information","T1",58,0.0318856514568444,"Decrease",33,45,33
"10_TPoI","tableA5_price_support_distribution_information","T1",58,0.0318856514568444,"Decrease",39,54,39
"10_TPoI","tableA5_price_support_distribution_information","T1",58,0.0318856514568444,"Decrease",52,69,52
"10_TPoI","tableA5_price_support_distribution_information","T1",58,0.0318856514568444,"Decrease",55,72,55
"10_TPoI","tableA5_price_support_distribution_information","T1",58,0.0318856514568444,"Decrease",58,77,58
"10_TPoI","tableA5_price_support_distribution_information","T1",58,0.0318856514568444,"Decrease",61,82,61
"10_TPoI","tableA5_price_support_distribution_information","T1",58,0.0318856514568444,"Decrease",75,98,75
"10_TPoI","tableA5_price_support_distribution_information","T1",58,0.0318856514568444,"Decrease",113,147,113
"10_TPoI","tableA5_price_support_distribution_information","T1",58,0.0318856514568444,"Decrease",116,150,116
"10_TPoI","tableA5_price_support_distribution_information","T1",58,0.0318856514568444,"Decrease",177,230,177
"10_TPoI","tableA5_price_support_distribution_information","T1",58,0.0318856514568444,"Decrease",180,233,180
"10_TPoI","tableA5_price_support_distribution_information","T1",58,0.0318856514568444,"Decrease",192,247,192
"10_TPoI","tableA5_price_support_distribution_information","T1",58,0.0318856514568444,"Decrease",199,256,199
"10_TPoI","tableA5_price_support_distribution_information","T1",58,0.0318856514568444,"Decrease",202,260,202
"10_TPoI","tableA5_price_support_distribution_information","T1",58,0.0318856514568444,"Decrease",225,285,225
"10_TPoI","tableA5_price_support_distribution_information","T1",58,0.0318856514568444,"Decrease",232,292,232
"10_TPoI","tableA5_price_support_distribution_information","T1",58,0.0318856514568444,"Decrease",243,306,243
"10_TPoI","tableA5_price_support_distribution_information","T1",58,0.0318856514568444,"Decrease",285,364,285
"10_TPoI","tableA5_price_support_distribution_information","T1",58,0.0318856514568444,"Decrease",301,387,301
"10_TPoI","tableA5_price_support_distribution_information","T1",58,0.0318856514568444,"Decrease",312,400,312
"10_TPoI","tableA5_price_support_distribution_information","T1",58,0.0318856514568444,"Decrease",349,450,349
"10_TPoI","tableA5_price_support_distribution_information","T1",58,0.0318856514568444,"Decrease",359,463,359
"10_TPoI","tableA5_price_support_distribution_information","T1",58,0.0318856514568444,"Decrease",396,510,396
"10_TPoI","tableA5_price_support_distribution_information","T1",58,0.0318856514568444,"Decrease",401,518,401
"10_TPoI","tableA5_price_support_distribution_information","T1",58,0.0318856514568444,"Decrease",404,522,404
"10_TPoI","tableA5_price_support_distribution_information","T1",58,0.0318856514568444,"Decrease",451,579,451
"10_TPoI","tableA5_price_support_distribution_information","T1",58,0.0318856514568444,"Decrease",540,696,540
"10_TPoI","tableA5_price_support_distribution_information","T1",58,0.0318856514568444,"Decrease",639,828,639
"10_TPoI","tableA5_price_support_distribution_information","T1",58,0.0318856514568444,"Decrease",642,831,642
"10_TPoI","tableA5_price_support_distribution_information","T1",58,0.0318856514568444,"Decrease",683,880,683
"10_TPoI","tableA5_price_support_distribution_information","T1",58,0.0318856514568444,"Decrease",689,887,689
"10_TPoI","tableA5_price_support_distribution_information","T1",58,0.0318856514568444,"Decrease",704,908,704
"10_TPoI","tableA5_price_support_distribution_information","T1",58,0.0318856514568444,"Decrease",707,911,707
"10_TPoI","tableA5_price_support_distribution_information","T1",58,0.0318856514568444,"Decrease",731,938,731
"10_TPoI","tableA5_price_support_distribution_information","T1",58,0.0318856514568444,"Decrease",771,986,771
"10_TPoI","tableA5_price_support_distribution_information","T1",58,0.0318856514568444,"Decrease",794,1017,794
"10_TPoI","tableA5_price_support_distribution_information","T1",58,0.0318856514568444,"Decrease",806,1031,806
"10_TPoI","tableA5_price_support_distribution_information","T1",58,0.0318856514568444,"Decrease",807,1032,807
"10_TPoI","tableA5_price_support_distribution_information","T1",58,0.0318856514568444,"Decrease",810,1036,810
"10_TPoI","tableA5_price_support_distribution_information","T1",58,0.0318856514568444,"Decrease",838,1071,838
"10_TPoI","tableA5_price_support_distribution_information","T1",58,0.0318856514568444,"Decrease",880,1130,880
"10_TPoI","tableA5_price_support_distribution_information","T1",58,0.0318856514568444,"Decrease",899,1156,899
"10_TPoI","tableA5_price_support_distribution_information","T1",58,0.0318856514568444,"Decrease",945,1218,945
"10_TPoI","tableA5_price_support_distribution_information","T1",58,0.0318856514568444,"Decrease",949,1222,949
"10_TPoI","tableA5_price_support_distribution_information","T1",58,0.0318856514568444,"Decrease",979,1264,979
"10_TPoI","tableA5_price_support_distribution_information","T1",58,0.0318856514568444,"Decrease",1083,1398,1083
"10_TPoI","tableA5_price_support_distribution_information","T1",58,0.0318856514568444,"Decrease",1093,1409,1093
"10_TPoI","tableA5_price_support_distribution_information","T1",58,0.0318856514568444,"Decrease",1108,1424,1108
"10_TPoI","tableA5_price_support_distribution_information","T1",58,0.0318856514568444,"Decrease",1145,1475,1145
"10_TPoI","tableA5_price_support_distribution_information","T1",58,0.0318856514568444,"Decrease",1153,1483,1153
"10_TPoI","tableA5_price_support_distribution_information","T1",58,0.0318856514568444,"Decrease",1189,1530,1189
"10_TPoI","tableA5_price_support_distribution_information","T1",58,0.0318856514568444,"Decrease",1191,1532,1191
"10_TPoI","tableA5_price_support_distribution_information","T1",58,0.0318856514568444,"Decrease",1204,1551,1204
"10_TPoI","tableA5_price_support_distribution_information","T1",58,0.0318856514568444,"Decrease",1206,1554,1206
"10_TPoI","tableA5_price_support_distribution_information","T1",58,0.0318856514568444,"Decrease",1267,1631,1267
"10_TPoI","tableA5_price_support_distribution_information","T1",59,0.0324354040681693,"Decrease",11,16,11
"10_TPoI","tableA5_price_support_distribution_information","T1",59,0.0324354040681693,"Decrease",12,17,12
"10_TPoI","tableA5_price_support_distribution_information","T1",59,0.0324354040681693,"Decrease",17,26,17
"10_TPoI","tableA5_price_support_distribution_information","T1",59,0.0324354040681693,"Decrease",33,45,33
"10_TPoI","tableA5_price_support_distribution_information","T1",59,0.0324354040681693,"Decrease",39,54,39
"10_TPoI","tableA5_price_support_distribution_information","T1",59,0.0324354040681693,"Decrease",52,69,52
"10_TPoI","tableA5_price_support_distribution_information","T1",59,0.0324354040681693,"Decrease",55,72,55
"10_TPoI","tableA5_price_support_distribution_information","T1",59,0.0324354040681693,"Decrease",58,77,58
"10_TPoI","tableA5_price_support_distribution_information","T1",59,0.0324354040681693,"Decrease",61,82,61
"10_TPoI","tableA5_price_support_distribution_information","T1",59,0.0324354040681693,"Decrease",75,98,75
"10_TPoI","tableA5_price_support_distribution_information","T1",59,0.0324354040681693,"Decrease",113,147,113
"10_TPoI","tableA5_price_support_distribution_information","T1",59,0.0324354040681693,"Decrease",116,150,116
"10_TPoI","tableA5_price_support_distribution_information","T1",59,0.0324354040681693,"Decrease",177,230,177
"10_TPoI","tableA5_price_support_distribution_information","T1",59,0.0324354040681693,"Decrease",180,233,180
"10_TPoI","tableA5_price_support_distribution_information","T1",59,0.0324354040681693,"Decrease",192,247,192
"10_TPoI","tableA5_price_support_distribution_information","T1",59,0.0324354040681693,"Decrease",199,256,199
"10_TPoI","tableA5_price_support_distribution_information","T1",59,0.0324354040681693,"Decrease",202,260,202
"10_TPoI","tableA5_price_support_distribution_information","T1",59,0.0324354040681693,"Decrease",225,285,225
"10_TPoI","tableA5_price_support_distribution_information","T1",59,0.0324354040681693,"Decrease",232,292,232
"10_TPoI","tableA5_price_support_distribution_information","T1",59,0.0324354040681693,"Decrease",243,306,243
"10_TPoI","tableA5_price_support_distribution_information","T1",59,0.0324354040681693,"Decrease",285,364,285
"10_TPoI","tableA5_price_support_distribution_information","T1",59,0.0324354040681693,"Decrease",301,387,301
"10_TPoI","tableA5_price_support_distribution_information","T1",59,0.0324354040681693,"Decrease",312,400,312
"10_TPoI","tableA5_price_support_distribution_information","T1",59,0.0324354040681693,"Decrease",349,450,349
"10_TPoI","tableA5_price_support_distribution_information","T1",59,0.0324354040681693,"Decrease",359,463,359
"10_TPoI","tableA5_price_support_distribution_information","T1",59,0.0324354040681693,"Decrease",396,510,396
"10_TPoI","tableA5_price_support_distribution_information","T1",59,0.0324354040681693,"Decrease",401,518,401
"10_TPoI","tableA5_price_support_distribution_information","T1",59,0.0324354040681693,"Decrease",404,522,404
"10_TPoI","tableA5_price_support_distribution_information","T1",59,0.0324354040681693,"Decrease",451,579,451
"10_TPoI","tableA5_price_support_distribution_information","T1",59,0.0324354040681693,"Decrease",540,696,540
"10_TPoI","tableA5_price_support_distribution_information","T1",59,0.0324354040681693,"Decrease",639,828,639
"10_TPoI","tableA5_price_support_distribution_information","T1",59,0.0324354040681693,"Decrease",642,831,642
"10_TPoI","tableA5_price_support_distribution_information","T1",59,0.0324354040681693,"Decrease",683,880,683
"10_TPoI","tableA5_price_support_distribution_information","T1",59,0.0324354040681693,"Decrease",689,887,689
"10_TPoI","tableA5_price_support_distribution_information","T1",59,0.0324354040681693,"Decrease",704,908,704
"10_TPoI","tableA5_price_support_distribution_information","T1",59,0.0324354040681693,"Decrease",707,911,707
"10_TPoI","tableA5_price_support_distribution_information","T1",59,0.0324354040681693,"Decrease",731,938,731
"10_TPoI","tableA5_price_support_distribution_information","T1",59,0.0324354040681693,"Decrease",771,986,771
"10_TPoI","tableA5_price_support_distribution_information","T1",59,0.0324354040681693,"Decrease",794,1017,794
"10_TPoI","tableA5_price_support_distribution_information","T1",59,0.0324354040681693,"Decrease",806,1031,806
"10_TPoI","tableA5_price_support_distribution_information","T1",59,0.0324354040681693,"Decrease",807,1032,807
"10_TPoI","tableA5_price_support_distribution_information","T1",59,0.0324354040681693,"Decrease",810,1036,810
"10_TPoI","tableA5_price_support_distribution_information","T1",59,0.0324354040681693,"Decrease",838,1071,838
"10_TPoI","tableA5_price_support_distribution_information","T1",59,0.0324354040681693,"Decrease",880,1130,880
"10_TPoI","tableA5_price_support_distribution_information","T1",59,0.0324354040681693,"Decrease",899,1156,899
"10_TPoI","tableA5_price_support_distribution_information","T1",59,0.0324354040681693,"Decrease",945,1218,945
"10_TPoI","tableA5_price_support_distribution_information","T1",59,0.0324354040681693,"Decrease",949,1222,949
"10_TPoI","tableA5_price_support_distribution_information","T1",59,0.0324354040681693,"Decrease",979,1264,979
"10_TPoI","tableA5_price_support_distribution_information","T1",59,0.0324354040681693,"Decrease",1083,1398,1083
"10_TPoI","tableA5_price_support_distribution_information","T1",59,0.0324354040681693,"Decrease",1093,1409,1093
"10_TPoI","tableA5_price_support_distribution_information","T1",59,0.0324354040681693,"Decrease",1108,1424,1108
"10_TPoI","tableA5_price_support_distribution_information","T1",59,0.0324354040681693,"Decrease",1145,1475,1145
"10_TPoI","tableA5_price_support_distribution_information","T1",59,0.0324354040681693,"Decrease",1153,1483,1153
"10_TPoI","tableA5_price_support_distribution_information","T1",59,0.0324354040681693,"Decrease",1189,1530,1189
"10_TPoI","tableA5_price_support_distribution_information","T1",59,0.0324354040681693,"Decrease",1191,1532,1191
"10_TPoI","tableA5_price_support_distribution_information","T1",59,0.0324354040681693,"Decrease",1204,1551,1204
"10_TPoI","tableA5_price_support_distribution_information","T1",59,0.0324354040681693,"Decrease",1206,1554,1206
"10_TPoI","tableA5_price_support_distribution_information","T1",59,0.0324354040681693,"Decrease",1267,1631,1267
"10_TPoI","tableA5_price_support_distribution_information","T1",59,0.0324354040681693,"Decrease",1285,1656,1285
"10_TPoI","tableA5_price_support_distribution_information","T1",60,0.0329851566794942,"Decrease",11,16,11
"10_TPoI","tableA5_price_support_distribution_information","T1",60,0.0329851566794942,"Decrease",12,17,12
"10_TPoI","tableA5_price_support_distribution_information","T1",60,0.0329851566794942,"Decrease",17,26,17
"10_TPoI","tableA5_price_support_distribution_information","T1",60,0.0329851566794942,"Decrease",33,45,33
"10_TPoI","tableA5_price_support_distribution_information","T1",60,0.0329851566794942,"Decrease",39,54,39
"10_TPoI","tableA5_price_support_distribution_information","T1",60,0.0329851566794942,"Decrease",52,69,52
"10_TPoI","tableA5_price_support_distribution_information","T1",60,0.0329851566794942,"Decrease",55,72,55
"10_TPoI","tableA5_price_support_distribution_information","T1",60,0.0329851566794942,"Decrease",58,77,58
"10_TPoI","tableA5_price_support_distribution_information","T1",60,0.0329851566794942,"Decrease",61,82,61
"10_TPoI","tableA5_price_support_distribution_information","T1",60,0.0329851566794942,"Decrease",75,98,75
"10_TPoI","tableA5_price_support_distribution_information","T1",60,0.0329851566794942,"Decrease",113,147,113
"10_TPoI","tableA5_price_support_distribution_information","T1",60,0.0329851566794942,"Decrease",116,150,116
"10_TPoI","tableA5_price_support_distribution_information","T1",60,0.0329851566794942,"Decrease",177,230,177
"10_TPoI","tableA5_price_support_distribution_information","T1",60,0.0329851566794942,"Decrease",180,233,180
"10_TPoI","tableA5_price_support_distribution_information","T1",60,0.0329851566794942,"Decrease",192,247,192
"10_TPoI","tableA5_price_support_distribution_information","T1",60,0.0329851566794942,"Decrease",199,256,199
"10_TPoI","tableA5_price_support_distribution_information","T1",60,0.0329851566794942,"Decrease",202,260,202
"10_TPoI","tableA5_price_support_distribution_information","T1",60,0.0329851566794942,"Decrease",225,285,225
"10_TPoI","tableA5_price_support_distribution_information","T1",60,0.0329851566794942,"Decrease",232,292,232
"10_TPoI","tableA5_price_support_distribution_information","T1",60,0.0329851566794942,"Decrease",243,306,243
"10_TPoI","tableA5_price_support_distribution_information","T1",60,0.0329851566794942,"Decrease",285,364,285
"10_TPoI","tableA5_price_support_distribution_information","T1",60,0.0329851566794942,"Decrease",301,387,301
"10_TPoI","tableA5_price_support_distribution_information","T1",60,0.0329851566794942,"Decrease",312,400,312
"10_TPoI","tableA5_price_support_distribution_information","T1",60,0.0329851566794942,"Decrease",349,450,349
"10_TPoI","tableA5_price_support_distribution_information","T1",60,0.0329851566794942,"Decrease",359,463,359
"10_TPoI","tableA5_price_support_distribution_information","T1",60,0.0329851566794942,"Decrease",396,510,396
"10_TPoI","tableA5_price_support_distribution_information","T1",60,0.0329851566794942,"Decrease",401,518,401
"10_TPoI","tableA5_price_support_distribution_information","T1",60,0.0329851566794942,"Decrease",404,522,404
"10_TPoI","tableA5_price_support_distribution_information","T1",60,0.0329851566794942,"Decrease",451,579,451
"10_TPoI","tableA5_price_support_distribution_information","T1",60,0.0329851566794942,"Decrease",540,696,540
"10_TPoI","tableA5_price_support_distribution_information","T1",60,0.0329851566794942,"Decrease",639,828,639
"10_TPoI","tableA5_price_support_distribution_information","T1",60,0.0329851566794942,"Decrease",642,831,642
"10_TPoI","tableA5_price_support_distribution_information","T1",60,0.0329851566794942,"Decrease",683,880,683
"10_TPoI","tableA5_price_support_distribution_information","T1",60,0.0329851566794942,"Decrease",689,887,689
"10_TPoI","tableA5_price_support_distribution_information","T1",60,0.0329851566794942,"Decrease",704,908,704
"10_TPoI","tableA5_price_support_distribution_information","T1",60,0.0329851566794942,"Decrease",707,911,707
"10_TPoI","tableA5_price_support_distribution_information","T1",60,0.0329851566794942,"Decrease",731,938,731
"10_TPoI","tableA5_price_support_distribution_information","T1",60,0.0329851566794942,"Decrease",771,986,771
"10_TPoI","tableA5_price_support_distribution_information","T1",60,0.0329851566794942,"Decrease",794,1017,794
"10_TPoI","tableA5_price_support_distribution_information","T1",60,0.0329851566794942,"Decrease",806,1031,806
"10_TPoI","tableA5_price_support_distribution_information","T1",60,0.0329851566794942,"Decrease",807,1032,807
"10_TPoI","tableA5_price_support_distribution_information","T1",60,0.0329851566794942,"Decrease",810,1036,810
"10_TPoI","tableA5_price_support_distribution_information","T1",60,0.0329851566794942,"Decrease",838,1071,838
"10_TPoI","tableA5_price_support_distribution_information","T1",60,0.0329851566794942,"Decrease",880,1130,880
"10_TPoI","tableA5_price_support_distribution_information","T1",60,0.0329851566794942,"Decrease",899,1156,899
"10_TPoI","tableA5_price_support_distribution_information","T1",60,0.0329851566794942,"Decrease",945,1218,945
"10_TPoI","tableA5_price_support_distribution_information","T1",60,0.0329851566794942,"Decrease",949,1222,949
"10_TPoI","tableA5_price_support_distribution_information","T1",60,0.0329851566794942,"Decrease",979,1264,979
"10_TPoI","tableA5_price_support_distribution_information","T1",60,0.0329851566794942,"Decrease",1083,1398,1083
"10_TPoI","tableA5_price_support_distribution_information","T1",60,0.0329851566794942,"Decrease",1093,1409,1093
"10_TPoI","tableA5_price_support_distribution_information","T1",60,0.0329851566794942,"Decrease",1108,1424,1108
"10_TPoI","tableA5_price_support_distribution_information","T1",60,0.0329851566794942,"Decrease",1145,1475,1145
"10_TPoI","tableA5_price_support_distribution_information","T1",60,0.0329851566794942,"Decrease",1153,1483,1153
"10_TPoI","tableA5_price_support_distribution_information","T1",60,0.0329851566794942,"Decrease",1189,1530,1189
"10_TPoI","tableA5_price_support_distribution_information","T1",60,0.0329851566794942,"Decrease",1191,1532,1191
"10_TPoI","tableA5_price_support_distribution_information","T1",60,0.0329851566794942,"Decrease",1204,1551,1204
"10_TPoI","tableA5_price_support_distribution_information","T1",60,0.0329851566794942,"Decrease",1206,1554,1206
"10_TPoI","tableA5_price_support_distribution_information","T1",60,0.0329851566794942,"Decrease",1267,1631,1267
"10_TPoI","tableA5_price_support_distribution_information","T1",60,0.0329851566794942,"Decrease",1285,1656,1285
"10_TPoI","tableA5_price_support_distribution_information","T1",60,0.0329851566794942,"Decrease",1294,1668,1294
"10_TPoI","tableA5_price_support_distribution_information","T1",61,0.0335349092908191,"Decrease",11,16,11
"10_TPoI","tableA5_price_support_distribution_information","T1",61,0.0335349092908191,"Decrease",12,17,12
"10_TPoI","tableA5_price_support_distribution_information","T1",61,0.0335349092908191,"Decrease",17,26,17
"10_TPoI","tableA5_price_support_distribution_information","T1",61,0.0335349092908191,"Decrease",33,45,33
"10_TPoI","tableA5_price_support_distribution_information","T1",61,0.0335349092908191,"Decrease",39,54,39
"10_TPoI","tableA5_price_support_distribution_information","T1",61,0.0335349092908191,"Decrease",52,69,52
"10_TPoI","tableA5_price_support_distribution_information","T1",61,0.0335349092908191,"Decrease",55,72,55
"10_TPoI","tableA5_price_support_distribution_information","T1",61,0.0335349092908191,"Decrease",58,77,58
"10_TPoI","tableA5_price_support_distribution_information","T1",61,0.0335349092908191,"Decrease",61,82,61
"10_TPoI","tableA5_price_support_distribution_information","T1",61,0.0335349092908191,"Decrease",75,98,75
"10_TPoI","tableA5_price_support_distribution_information","T1",61,0.0335349092908191,"Decrease",113,147,113
"10_TPoI","tableA5_price_support_distribution_information","T1",61,0.0335349092908191,"Decrease",116,150,116
"10_TPoI","tableA5_price_support_distribution_information","T1",61,0.0335349092908191,"Decrease",177,230,177
"10_TPoI","tableA5_price_support_distribution_information","T1",61,0.0335349092908191,"Decrease",180,233,180
"10_TPoI","tableA5_price_support_distribution_information","T1",61,0.0335349092908191,"Decrease",192,247,192
"10_TPoI","tableA5_price_support_distribution_information","T1",61,0.0335349092908191,"Decrease",199,256,199
"10_TPoI","tableA5_price_support_distribution_information","T1",61,0.0335349092908191,"Decrease",202,260,202
"10_TPoI","tableA5_price_support_distribution_information","T1",61,0.0335349092908191,"Decrease",225,285,225
"10_TPoI","tableA5_price_support_distribution_information","T1",61,0.0335349092908191,"Decrease",232,292,232
"10_TPoI","tableA5_price_support_distribution_information","T1",61,0.0335349092908191,"Decrease",243,306,243
"10_TPoI","tableA5_price_support_distribution_information","T1",61,0.0335349092908191,"Decrease",285,364,285
"10_TPoI","tableA5_price_support_distribution_information","T1",61,0.0335349092908191,"Decrease",301,387,301
"10_TPoI","tableA5_price_support_distribution_information","T1",61,0.0335349092908191,"Decrease",312,400,312
"10_TPoI","tableA5_price_support_distribution_information","T1",61,0.0335349092908191,"Decrease",349,450,349
"10_TPoI","tableA5_price_support_distribution_information","T1",61,0.0335349092908191,"Decrease",359,463,359
"10_TPoI","tableA5_price_support_distribution_information","T1",61,0.0335349092908191,"Decrease",396,510,396
"10_TPoI","tableA5_price_support_distribution_information","T1",61,0.0335349092908191,"Decrease",401,518,401
"10_TPoI","tableA5_price_support_distribution_information","T1",61,0.0335349092908191,"Decrease",404,522,404
"10_TPoI","tableA5_price_support_distribution_information","T1",61,0.0335349092908191,"Decrease",451,579,451
"10_TPoI","tableA5_price_support_distribution_information","T1",61,0.0335349092908191,"Decrease",540,696,540
"10_TPoI","tableA5_price_support_distribution_information","T1",61,0.0335349092908191,"Decrease",639,828,639
"10_TPoI","tableA5_price_support_distribution_information","T1",61,0.0335349092908191,"Decrease",642,831,642
"10_TPoI","tableA5_price_support_distribution_information","T1",61,0.0335349092908191,"Decrease",683,880,683
"10_TPoI","tableA5_price_support_distribution_information","T1",61,0.0335349092908191,"Decrease",689,887,689
"10_TPoI","tableA5_price_support_distribution_information","T1",61,0.0335349092908191,"Decrease",704,908,704
"10_TPoI","tableA5_price_support_distribution_information","T1",61,0.0335349092908191,"Decrease",707,911,707
"10_TPoI","tableA5_price_support_distribution_information","T1",61,0.0335349092908191,"Decrease",731,938,731
"10_TPoI","tableA5_price_support_distribution_information","T1",61,0.0335349092908191,"Decrease",771,986,771
"10_TPoI","tableA5_price_support_distribution_information","T1",61,0.0335349092908191,"Decrease",794,1017,794
"10_TPoI","tableA5_price_support_distribution_information","T1",61,0.0335349092908191,"Decrease",806,1031,806
"10_TPoI","tableA5_price_support_distribution_information","T1",61,0.0335349092908191,"Decrease",807,1032,807
"10_TPoI","tableA5_price_support_distribution_information","T1",61,0.0335349092908191,"Decrease",810,1036,810
"10_TPoI","tableA5_price_support_distribution_information","T1",61,0.0335349092908191,"Decrease",838,1071,838
"10_TPoI","tableA5_price_support_distribution_information","T1",61,0.0335349092908191,"Decrease",880,1130,880
"10_TPoI","tableA5_price_support_distribution_information","T1",61,0.0335349092908191,"Decrease",899,1156,899
"10_TPoI","tableA5_price_support_distribution_information","T1",61,0.0335349092908191,"Decrease",945,1218,945
"10_TPoI","tableA5_price_support_distribution_information","T1",61,0.0335349092908191,"Decrease",949,1222,949
"10_TPoI","tableA5_price_support_distribution_information","T1",61,0.0335349092908191,"Decrease",979,1264,979
"10_TPoI","tableA5_price_support_distribution_information","T1",61,0.0335349092908191,"Decrease",1083,1398,1083
"10_TPoI","tableA5_price_support_distribution_information","T1",61,0.0335349092908191,"Decrease",1093,1409,1093
"10_TPoI","tableA5_price_support_distribution_information","T1",61,0.0335349092908191,"Decrease",1108,1424,1108
"10_TPoI","tableA5_price_support_distribution_information","T1",61,0.0335349092908191,"Decrease",1145,1475,1145
"10_TPoI","tableA5_price_support_distribution_information","T1",61,0.0335349092908191,"Decrease",1153,1483,1153
"10_TPoI","tableA5_price_support_distribution_information","T1",61,0.0335349092908191,"Decrease",1189,1530,1189
"10_TPoI","tableA5_price_support_distribution_information","T1",61,0.0335349092908191,"Decrease",1191,1532,1191
"10_TPoI","tableA5_price_support_distribution_information","T1",61,0.0335349092908191,"Decrease",1204,1551,1204
"10_TPoI","tableA5_price_support_distribution_information","T1",61,0.0335349092908191,"Decrease",1206,1554,1206
"10_TPoI","tableA5_price_support_distribution_information","T1",61,0.0335349092908191,"Decrease",1267,1631,1267
"10_TPoI","tableA5_price_support_distribution_information","T1",61,0.0335349092908191,"Decrease",1285,1656,1285
"10_TPoI","tableA5_price_support_distribution_information","T1",61,0.0335349092908191,"Decrease",1294,1668,1294
"10_TPoI","tableA5_price_support_distribution_information","T1",61,0.0335349092908191,"Decrease",1315,1697,1315
"10_TPoI","tableA5_price_support_distribution_information","T1",62,0.034084661902144,"Decrease",11,16,11
"10_TPoI","tableA5_price_support_distribution_information","T1",62,0.034084661902144,"Decrease",12,17,12
"10_TPoI","tableA5_price_support_distribution_information","T1",62,0.034084661902144,"Decrease",17,26,17
"10_TPoI","tableA5_price_support_distribution_information","T1",62,0.034084661902144,"Decrease",33,45,33
"10_TPoI","tableA5_price_support_distribution_information","T1",62,0.034084661902144,"Decrease",39,54,39
"10_TPoI","tableA5_price_support_distribution_information","T1",62,0.034084661902144,"Decrease",52,69,52
"10_TPoI","tableA5_price_support_distribution_information","T1",62,0.034084661902144,"Decrease",55,72,55
"10_TPoI","tableA5_price_support_distribution_information","T1",62,0.034084661902144,"Decrease",58,77,58
"10_TPoI","tableA5_price_support_distribution_information","T1",62,0.034084661902144,"Decrease",61,82,61
"10_TPoI","tableA5_price_support_distribution_information","T1",62,0.034084661902144,"Decrease",75,98,75
"10_TPoI","tableA5_price_support_distribution_information","T1",62,0.034084661902144,"Decrease",113,147,113
"10_TPoI","tableA5_price_support_distribution_information","T1",62,0.034084661902144,"Decrease",116,150,116
"10_TPoI","tableA5_price_support_distribution_information","T1",62,0.034084661902144,"Decrease",177,230,177
"10_TPoI","tableA5_price_support_distribution_information","T1",62,0.034084661902144,"Decrease",180,233,180
"10_TPoI","tableA5_price_support_distribution_information","T1",62,0.034084661902144,"Decrease",192,247,192
"10_TPoI","tableA5_price_support_distribution_information","T1",62,0.034084661902144,"Decrease",199,256,199
"10_TPoI","tableA5_price_support_distribution_information","T1",62,0.034084661902144,"Decrease",202,260,202
"10_TPoI","tableA5_price_support_distribution_information","T1",62,0.034084661902144,"Decrease",225,285,225
"10_TPoI","tableA5_price_support_distribution_information","T1",62,0.034084661902144,"Decrease",232,292,232
"10_TPoI","tableA5_price_support_distribution_information","T1",62,0.034084661902144,"Decrease",243,306,243
"10_TPoI","tableA5_price_support_distribution_information","T1",62,0.034084661902144,"Decrease",285,364,285
"10_TPoI","tableA5_price_support_distribution_information","T1",62,0.034084661902144,"Decrease",301,387,301
"10_TPoI","tableA5_price_support_distribution_information","T1",62,0.034084661902144,"Decrease",312,400,312
"10_TPoI","tableA5_price_support_distribution_information","T1",62,0.034084661902144,"Decrease",349,450,349
"10_TPoI","tableA5_price_support_distribution_information","T1",62,0.034084661902144,"Decrease",359,463,359
"10_TPoI","tableA5_price_support_distribution_information","T1",62,0.034084661902144,"Decrease",396,510,396
"10_TPoI","tableA5_price_support_distribution_information","T1",62,0.034084661902144,"Decrease",401,518,401
"10_TPoI","tableA5_price_support_distribution_information","T1",62,0.034084661902144,"Decrease",404,522,404
"10_TPoI","tableA5_price_support_distribution_information","T1",62,0.034084661902144,"Decrease",451,579,451
"10_TPoI","tableA5_price_support_distribution_information","T1",62,0.034084661902144,"Decrease",540,696,540
"10_TPoI","tableA5_price_support_distribution_information","T1",62,0.034084661902144,"Decrease",639,828,639
"10_TPoI","tableA5_price_support_distribution_information","T1",62,0.034084661902144,"Decrease",642,831,642
"10_TPoI","tableA5_price_support_distribution_information","T1",62,0.034084661902144,"Decrease",683,880,683
"10_TPoI","tableA5_price_support_distribution_information","T1",62,0.034084661902144,"Decrease",689,887,689
"10_TPoI","tableA5_price_support_distribution_information","T1",62,0.034084661902144,"Decrease",704,908,704
"10_TPoI","tableA5_price_support_distribution_information","T1",62,0.034084661902144,"Decrease",707,911,707
"10_TPoI","tableA5_price_support_distribution_information","T1",62,0.034084661902144,"Decrease",731,938,731
"10_TPoI","tableA5_price_support_distribution_information","T1",62,0.034084661902144,"Decrease",771,986,771
"10_TPoI","tableA5_price_support_distribution_information","T1",62,0.034084661902144,"Decrease",794,1017,794
"10_TPoI","tableA5_price_support_distribution_information","T1",62,0.034084661902144,"Decrease",806,1031,806
"10_TPoI","tableA5_price_support_distribution_information","T1",62,0.034084661902144,"Decrease",807,1032,807
"10_TPoI","tableA5_price_support_distribution_information","T1",62,0.034084661902144,"Decrease",810,1036,810
"10_TPoI","tableA5_price_support_distribution_information","T1",62,0.034084661902144,"Decrease",838,1071,838
"10_TPoI","tableA5_price_support_distribution_information","T1",62,0.034084661902144,"Decrease",880,1130,880
"10_TPoI","tableA5_price_support_distribution_information","T1",62,0.034084661902144,"Decrease",899,1156,899
"10_TPoI","tableA5_price_support_distribution_information","T1",62,0.034084661902144,"Decrease",945,1218,945
"10_TPoI","tableA5_price_support_distribution_information","T1",62,0.034084661902144,"Decrease",949,1222,949
"10_TPoI","tableA5_price_support_distribution_information","T1",62,0.034084661902144,"Decrease",979,1264,979
"10_TPoI","tableA5_price_support_distribution_information","T1",62,0.034084661902144,"Decrease",1083,1398,1083
"10_TPoI","tableA5_price_support_distribution_information","T1",62,0.034084661902144,"Decrease",1093,1409,1093
"10_TPoI","tableA5_price_support_distribution_information","T1",62,0.034084661902144,"Decrease",1108,1424,1108
"10_TPoI","tableA5_price_support_distribution_information","T1",62,0.034084661902144,"Decrease",1145,1475,1145
"10_TPoI","tableA5_price_support_distribution_information","T1",62,0.034084661902144,"Decrease",1153,1483,1153
"10_TPoI","tableA5_price_support_distribution_information","T1",62,0.034084661902144,"Decrease",1189,1530,1189
"10_TPoI","tableA5_price_support_distribution_information","T1",62,0.034084661902144,"Decrease",1191,1532,1191
"10_TPoI","tableA5_price_support_distribution_information","T1",62,0.034084661902144,"Decrease",1204,1551,1204
"10_TPoI","tableA5_price_support_distribution_information","T1",62,0.034084661902144,"Decrease",1206,1554,1206
"10_TPoI","tableA5_price_support_distribution_information","T1",62,0.034084661902144,"Decrease",1267,1631,1267
"10_TPoI","tableA5_price_support_distribution_information","T1",62,0.034084661902144,"Decrease",1285,1656,1285
"10_TPoI","tableA5_price_support_distribution_information","T1",62,0.034084661902144,"Decrease",1294,1668,1294
"10_TPoI","tableA5_price_support_distribution_information","T1",62,0.034084661902144,"Decrease",1315,1697,1315
"10_TPoI","tableA5_price_support_distribution_information","T1",62,0.034084661902144,"Decrease",1337,1722,1337
"10_TPoI","tableA5_price_support_distribution_information","T1",63,0.0346344145134689,"Decrease",11,16,11
"10_TPoI","tableA5_price_support_distribution_information","T1",63,0.0346344145134689,"Decrease",12,17,12
"10_TPoI","tableA5_price_support_distribution_information","T1",63,0.0346344145134689,"Decrease",17,26,17
"10_TPoI","tableA5_price_support_distribution_information","T1",63,0.0346344145134689,"Decrease",33,45,33
"10_TPoI","tableA5_price_support_distribution_information","T1",63,0.0346344145134689,"Decrease",39,54,39
"10_TPoI","tableA5_price_support_distribution_information","T1",63,0.0346344145134689,"Decrease",52,69,52
"10_TPoI","tableA5_price_support_distribution_information","T1",63,0.0346344145134689,"Decrease",55,72,55
"10_TPoI","tableA5_price_support_distribution_information","T1",63,0.0346344145134689,"Decrease",58,77,58
"10_TPoI","tableA5_price_support_distribution_information","T1",63,0.0346344145134689,"Decrease",61,82,61
"10_TPoI","tableA5_price_support_distribution_information","T1",63,0.0346344145134689,"Decrease",75,98,75
"10_TPoI","tableA5_price_support_distribution_information","T1",63,0.0346344145134689,"Decrease",113,147,113
"10_TPoI","tableA5_price_support_distribution_information","T1",63,0.0346344145134689,"Decrease",116,150,116
"10_TPoI","tableA5_price_support_distribution_information","T1",63,0.0346344145134689,"Decrease",177,230,177
"10_TPoI","tableA5_price_support_distribution_information","T1",63,0.0346344145134689,"Decrease",180,233,180
"10_TPoI","tableA5_price_support_distribution_information","T1",63,0.0346344145134689,"Decrease",192,247,192
"10_TPoI","tableA5_price_support_distribution_information","T1",63,0.0346344145134689,"Decrease",199,256,199
"10_TPoI","tableA5_price_support_distribution_information","T1",63,0.0346344145134689,"Decrease",202,260,202
"10_TPoI","tableA5_price_support_distribution_information","T1",63,0.0346344145134689,"Decrease",225,285,225
"10_TPoI","tableA5_price_support_distribution_information","T1",63,0.0346344145134689,"Decrease",232,292,232
"10_TPoI","tableA5_price_support_distribution_information","T1",63,0.0346344145134689,"Decrease",243,306,243
"10_TPoI","tableA5_price_support_distribution_information","T1",63,0.0346344145134689,"Decrease",285,364,285
"10_TPoI","tableA5_price_support_distribution_information","T1",63,0.0346344145134689,"Decrease",301,387,301
"10_TPoI","tableA5_price_support_distribution_information","T1",63,0.0346344145134689,"Decrease",312,400,312
"10_TPoI","tableA5_price_support_distribution_information","T1",63,0.0346344145134689,"Decrease",349,450,349
"10_TPoI","tableA5_price_support_distribution_information","T1",63,0.0346344145134689,"Decrease",359,463,359
"10_TPoI","tableA5_price_support_distribution_information","T1",63,0.0346344145134689,"Decrease",396,510,396
"10_TPoI","tableA5_price_support_distribution_information","T1",63,0.0346344145134689,"Decrease",401,518,401
"10_TPoI","tableA5_price_support_distribution_information","T1",63,0.0346344145134689,"Decrease",404,522,404
"10_TPoI","tableA5_price_support_distribution_information","T1",63,0.0346344145134689,"Decrease",451,579,451
"10_TPoI","tableA5_price_support_distribution_information","T1",63,0.0346344145134689,"Decrease",540,696,540
"10_TPoI","tableA5_price_support_distribution_information","T1",63,0.0346344145134689,"Decrease",639,828,639
"10_TPoI","tableA5_price_support_distribution_information","T1",63,0.0346344145134689,"Decrease",642,831,642
"10_TPoI","tableA5_price_support_distribution_information","T1",63,0.0346344145134689,"Decrease",683,880,683
"10_TPoI","tableA5_price_support_distribution_information","T1",63,0.0346344145134689,"Decrease",689,887,689
"10_TPoI","tableA5_price_support_distribution_information","T1",63,0.0346344145134689,"Decrease",704,908,704
"10_TPoI","tableA5_price_support_distribution_information","T1",63,0.0346344145134689,"Decrease",707,911,707
"10_TPoI","tableA5_price_support_distribution_information","T1",63,0.0346344145134689,"Decrease",731,938,731
"10_TPoI","tableA5_price_support_distribution_information","T1",63,0.0346344145134689,"Decrease",771,986,771
"10_TPoI","tableA5_price_support_distribution_information","T1",63,0.0346344145134689,"Decrease",794,1017,794
"10_TPoI","tableA5_price_support_distribution_information","T1",63,0.0346344145134689,"Decrease",806,1031,806
"10_TPoI","tableA5_price_support_distribution_information","T1",63,0.0346344145134689,"Decrease",807,1032,807
"10_TPoI","tableA5_price_support_distribution_information","T1",63,0.0346344145134689,"Decrease",810,1036,810
"10_TPoI","tableA5_price_support_distribution_information","T1",63,0.0346344145134689,"Decrease",838,1071,838
"10_TPoI","tableA5_price_support_distribution_information","T1",63,0.0346344145134689,"Decrease",880,1130,880
"10_TPoI","tableA5_price_support_distribution_information","T1",63,0.0346344145134689,"Decrease",899,1156,899
"10_TPoI","tableA5_price_support_distribution_information","T1",63,0.0346344145134689,"Decrease",945,1218,945
"10_TPoI","tableA5_price_support_distribution_information","T1",63,0.0346344145134689,"Decrease",949,1222,949
"10_TPoI","tableA5_price_support_distribution_information","T1",63,0.0346344145134689,"Decrease",979,1264,979
"10_TPoI","tableA5_price_support_distribution_information","T1",63,0.0346344145134689,"Decrease",1083,1398,1083
"10_TPoI","tableA5_price_support_distribution_information","T1",63,0.0346344145134689,"Decrease",1093,1409,1093
"10_TPoI","tableA5_price_support_distribution_information","T1",63,0.0346344145134689,"Decrease",1108,1424,1108
"10_TPoI","tableA5_price_support_distribution_information","T1",63,0.0346344145134689,"Decrease",1145,1475,1145
"10_TPoI","tableA5_price_support_distribution_information","T1",63,0.0346344145134689,"Decrease",1153,1483,1153
"10_TPoI","tableA5_price_support_distribution_information","T1",63,0.0346344145134689,"Decrease",1189,1530,1189
"10_TPoI","tableA5_price_support_distribution_information","T1",63,0.0346344145134689,"Decrease",1191,1532,1191
"10_TPoI","tableA5_price_support_distribution_information","T1",63,0.0346344145134689,"Decrease",1204,1551,1204
"10_TPoI","tableA5_price_support_distribution_information","T1",63,0.0346344145134689,"Decrease",1206,1554,1206
"10_TPoI","tableA5_price_support_distribution_information","T1",63,0.0346344145134689,"Decrease",1267,1631,1267
"10_TPoI","tableA5_price_support_distribution_information","T1",63,0.0346344145134689,"Decrease",1285,1656,1285
"10_TPoI","tableA5_price_support_distribution_information","T1",63,0.0346344145134689,"Decrease",1294,1668,1294
"10_TPoI","tableA5_price_support_distribution_information","T1",63,0.0346344145134689,"Decrease",1315,1697,1315
"10_TPoI","tableA5_price_support_distribution_information","T1",63,0.0346344145134689,"Decrease",1337,1722,1337
"10_TPoI","tableA5_price_support_distribution_information","T1",63,0.0346344145134689,"Decrease",1358,1750,1358
"10_TPoI","tableA5_price_support_distribution_information","T1",64,0.0351841671247938,"Decrease",11,16,11
"10_TPoI","tableA5_price_support_distribution_information","T1",64,0.0351841671247938,"Decrease",12,17,12
"10_TPoI","tableA5_price_support_distribution_information","T1",64,0.0351841671247938,"Decrease",17,26,17
"10_TPoI","tableA5_price_support_distribution_information","T1",64,0.0351841671247938,"Decrease",33,45,33
"10_TPoI","tableA5_price_support_distribution_information","T1",64,0.0351841671247938,"Decrease",39,54,39
"10_TPoI","tableA5_price_support_distribution_information","T1",64,0.0351841671247938,"Decrease",52,69,52
"10_TPoI","tableA5_price_support_distribution_information","T1",64,0.0351841671247938,"Decrease",55,72,55
"10_TPoI","tableA5_price_support_distribution_information","T1",64,0.0351841671247938,"Decrease",58,77,58
"10_TPoI","tableA5_price_support_distribution_information","T1",64,0.0351841671247938,"Decrease",61,82,61
"10_TPoI","tableA5_price_support_distribution_information","T1",64,0.0351841671247938,"Decrease",75,98,75
"10_TPoI","tableA5_price_support_distribution_information","T1",64,0.0351841671247938,"Decrease",113,147,113
"10_TPoI","tableA5_price_support_distribution_information","T1",64,0.0351841671247938,"Decrease",116,150,116
"10_TPoI","tableA5_price_support_distribution_information","T1",64,0.0351841671247938,"Decrease",177,230,177
"10_TPoI","tableA5_price_support_distribution_information","T1",64,0.0351841671247938,"Decrease",180,233,180
"10_TPoI","tableA5_price_support_distribution_information","T1",64,0.0351841671247938,"Decrease",192,247,192
"10_TPoI","tableA5_price_support_distribution_information","T1",64,0.0351841671247938,"Decrease",199,256,199
"10_TPoI","tableA5_price_support_distribution_information","T1",64,0.0351841671247938,"Decrease",202,260,202
"10_TPoI","tableA5_price_support_distribution_information","T1",64,0.0351841671247938,"Decrease",225,285,225
"10_TPoI","tableA5_price_support_distribution_information","T1",64,0.0351841671247938,"Decrease",232,292,232
"10_TPoI","tableA5_price_support_distribution_information","T1",64,0.0351841671247938,"Decrease",243,306,243
"10_TPoI","tableA5_price_support_distribution_information","T1",64,0.0351841671247938,"Decrease",285,364,285
"10_TPoI","tableA5_price_support_distribution_information","T1",64,0.0351841671247938,"Decrease",301,387,301
"10_TPoI","tableA5_price_support_distribution_information","T1",64,0.0351841671247938,"Decrease",312,400,312
"10_TPoI","tableA5_price_support_distribution_information","T1",64,0.0351841671247938,"Decrease",349,450,349
"10_TPoI","tableA5_price_support_distribution_information","T1",64,0.0351841671247938,"Decrease",359,463,359
"10_TPoI","tableA5_price_support_distribution_information","T1",64,0.0351841671247938,"Decrease",396,510,396
"10_TPoI","tableA5_price_support_distribution_information","T1",64,0.0351841671247938,"Decrease",401,518,401
"10_TPoI","tableA5_price_support_distribution_information","T1",64,0.0351841671247938,"Decrease",404,522,404
"10_TPoI","tableA5_price_support_distribution_information","T1",64,0.0351841671247938,"Decrease",451,579,451
"10_TPoI","tableA5_price_support_distribution_information","T1",64,0.0351841671247938,"Decrease",540,696,540
"10_TPoI","tableA5_price_support_distribution_information","T1",64,0.0351841671247938,"Decrease",639,828,639
"10_TPoI","tableA5_price_support_distribution_information","T1",64,0.0351841671247938,"Decrease",642,831,642
"10_TPoI","tableA5_price_support_distribution_information","T1",64,0.0351841671247938,"Decrease",683,880,683
"10_TPoI","tableA5_price_support_distribution_information","T1",64,0.0351841671247938,"Decrease",689,887,689
"10_TPoI","tableA5_price_support_distribution_information","T1",64,0.0351841671247938,"Decrease",704,908,704
"10_TPoI","tableA5_price_support_distribution_information","T1",64,0.0351841671247938,"Decrease",707,911,707
"10_TPoI","tableA5_price_support_distribution_information","T1",64,0.0351841671247938,"Decrease",731,938,731
"10_TPoI","tableA5_price_support_distribution_information","T1",64,0.0351841671247938,"Decrease",771,986,771
"10_TPoI","tableA5_price_support_distribution_information","T1",64,0.0351841671247938,"Decrease",794,1017,794
"10_TPoI","tableA5_price_support_distribution_information","T1",64,0.0351841671247938,"Decrease",806,1031,806
"10_TPoI","tableA5_price_support_distribution_information","T1",64,0.0351841671247938,"Decrease",807,1032,807
"10_TPoI","tableA5_price_support_distribution_information","T1",64,0.0351841671247938,"Decrease",810,1036,810
"10_TPoI","tableA5_price_support_distribution_information","T1",64,0.0351841671247938,"Decrease",838,1071,838
"10_TPoI","tableA5_price_support_distribution_information","T1",64,0.0351841671247938,"Decrease",880,1130,880
"10_TPoI","tableA5_price_support_distribution_information","T1",64,0.0351841671247938,"Decrease",899,1156,899
"10_TPoI","tableA5_price_support_distribution_information","T1",64,0.0351841671247938,"Decrease",945,1218,945
"10_TPoI","tableA5_price_support_distribution_information","T1",64,0.0351841671247938,"Decrease",949,1222,949
"10_TPoI","tableA5_price_support_distribution_information","T1",64,0.0351841671247938,"Decrease",979,1264,979
"10_TPoI","tableA5_price_support_distribution_information","T1",64,0.0351841671247938,"Decrease",1083,1398,1083
"10_TPoI","tableA5_price_support_distribution_information","T1",64,0.0351841671247938,"Decrease",1093,1409,1093
"10_TPoI","tableA5_price_support_distribution_information","T1",64,0.0351841671247938,"Decrease",1108,1424,1108
"10_TPoI","tableA5_price_support_distribution_information","T1",64,0.0351841671247938,"Decrease",1145,1475,1145
"10_TPoI","tableA5_price_support_distribution_information","T1",64,0.0351841671247938,"Decrease",1153,1483,1153
"10_TPoI","tableA5_price_support_distribution_information","T1",64,0.0351841671247938,"Decrease",1189,1530,1189
"10_TPoI","tableA5_price_support_distribution_information","T1",64,0.0351841671247938,"Decrease",1191,1532,1191
"10_TPoI","tableA5_price_support_distribution_information","T1",64,0.0351841671247938,"Decrease",1204,1551,1204
"10_TPoI","tableA5_price_support_distribution_information","T1",64,0.0351841671247938,"Decrease",1206,1554,1206
"10_TPoI","tableA5_price_support_distribution_information","T1",64,0.0351841671247938,"Decrease",1267,1631,1267
"10_TPoI","tableA5_price_support_distribution_information","T1",64,0.0351841671247938,"Decrease",1285,1656,1285
"10_TPoI","tableA5_price_support_distribution_information","T1",64,0.0351841671247938,"Decrease",1294,1668,1294
"10_TPoI","tableA5_price_support_distribution_information","T1",64,0.0351841671247938,"Decrease",1315,1697,1315
"10_TPoI","tableA5_price_support_distribution_information","T1",64,0.0351841671247938,"Decrease",1337,1722,1337
"10_TPoI","tableA5_price_support_distribution_information","T1",64,0.0351841671247938,"Decrease",1358,1750,1358
"10_TPoI","tableA5_price_support_distribution_information","T1",64,0.0351841671247938,"Decrease",1380,1777,1380
"10_TPoI","tableA5_price_support_distribution_information","T1",65,0.0357339197361187,"Decrease",11,16,11
"10_TPoI","tableA5_price_support_distribution_information","T1",65,0.0357339197361187,"Decrease",12,17,12
"10_TPoI","tableA5_price_support_distribution_information","T1",65,0.0357339197361187,"Decrease",17,26,17
"10_TPoI","tableA5_price_support_distribution_information","T1",65,0.0357339197361187,"Decrease",33,45,33
"10_TPoI","tableA5_price_support_distribution_information","T1",65,0.0357339197361187,"Decrease",39,54,39
"10_TPoI","tableA5_price_support_distribution_information","T1",65,0.0357339197361187,"Decrease",52,69,52
"10_TPoI","tableA5_price_support_distribution_information","T1",65,0.0357339197361187,"Decrease",55,72,55
"10_TPoI","tableA5_price_support_distribution_information","T1",65,0.0357339197361187,"Decrease",58,77,58
"10_TPoI","tableA5_price_support_distribution_information","T1",65,0.0357339197361187,"Decrease",61,82,61
"10_TPoI","tableA5_price_support_distribution_information","T1",65,0.0357339197361187,"Decrease",75,98,75
"10_TPoI","tableA5_price_support_distribution_information","T1",65,0.0357339197361187,"Decrease",113,147,113
"10_TPoI","tableA5_price_support_distribution_information","T1",65,0.0357339197361187,"Decrease",116,150,116
"10_TPoI","tableA5_price_support_distribution_information","T1",65,0.0357339197361187,"Decrease",177,230,177
"10_TPoI","tableA5_price_support_distribution_information","T1",65,0.0357339197361187,"Decrease",180,233,180
"10_TPoI","tableA5_price_support_distribution_information","T1",65,0.0357339197361187,"Decrease",192,247,192
"10_TPoI","tableA5_price_support_distribution_information","T1",65,0.0357339197361187,"Decrease",199,256,199
"10_TPoI","tableA5_price_support_distribution_information","T1",65,0.0357339197361187,"Decrease",202,260,202
"10_TPoI","tableA5_price_support_distribution_information","T1",65,0.0357339197361187,"Decrease",225,285,225
"10_TPoI","tableA5_price_support_distribution_information","T1",65,0.0357339197361187,"Decrease",232,292,232
"10_TPoI","tableA5_price_support_distribution_information","T1",65,0.0357339197361187,"Decrease",243,306,243
"10_TPoI","tableA5_price_support_distribution_information","T1",65,0.0357339197361187,"Decrease",285,364,285
"10_TPoI","tableA5_price_support_distribution_information","T1",65,0.0357339197361187,"Decrease",301,387,301
"10_TPoI","tableA5_price_support_distribution_information","T1",65,0.0357339197361187,"Decrease",312,400,312
"10_TPoI","tableA5_price_support_distribution_information","T1",65,0.0357339197361187,"Decrease",349,450,349
"10_TPoI","tableA5_price_support_distribution_information","T1",65,0.0357339197361187,"Decrease",359,463,359
"10_TPoI","tableA5_price_support_distribution_information","T1",65,0.0357339197361187,"Decrease",396,510,396
"10_TPoI","tableA5_price_support_distribution_information","T1",65,0.0357339197361187,"Decrease",401,518,401
"10_TPoI","tableA5_price_support_distribution_information","T1",65,0.0357339197361187,"Decrease",404,522,404
"10_TPoI","tableA5_price_support_distribution_information","T1",65,0.0357339197361187,"Decrease",451,579,451
"10_TPoI","tableA5_price_support_distribution_information","T1",65,0.0357339197361187,"Decrease",540,696,540
"10_TPoI","tableA5_price_support_distribution_information","T1",65,0.0357339197361187,"Decrease",639,828,639
"10_TPoI","tableA5_price_support_distribution_information","T1",65,0.0357339197361187,"Decrease",642,831,642
"10_TPoI","tableA5_price_support_distribution_information","T1",65,0.0357339197361187,"Decrease",683,880,683
"10_TPoI","tableA5_price_support_distribution_information","T1",65,0.0357339197361187,"Decrease",689,887,689
"10_TPoI","tableA5_price_support_distribution_information","T1",65,0.0357339197361187,"Decrease",704,908,704
"10_TPoI","tableA5_price_support_distribution_information","T1",65,0.0357339197361187,"Decrease",707,911,707
"10_TPoI","tableA5_price_support_distribution_information","T1",65,0.0357339197361187,"Decrease",731,938,731
"10_TPoI","tableA5_price_support_distribution_information","T1",65,0.0357339197361187,"Decrease",771,986,771
"10_TPoI","tableA5_price_support_distribution_information","T1",65,0.0357339197361187,"Decrease",794,1017,794
"10_TPoI","tableA5_price_support_distribution_information","T1",65,0.0357339197361187,"Decrease",806,1031,806
"10_TPoI","tableA5_price_support_distribution_information","T1",65,0.0357339197361187,"Decrease",807,1032,807
"10_TPoI","tableA5_price_support_distribution_information","T1",65,0.0357339197361187,"Decrease",810,1036,810
"10_TPoI","tableA5_price_support_distribution_information","T1",65,0.0357339197361187,"Decrease",838,1071,838
"10_TPoI","tableA5_price_support_distribution_information","T1",65,0.0357339197361187,"Decrease",880,1130,880
"10_TPoI","tableA5_price_support_distribution_information","T1",65,0.0357339197361187,"Decrease",899,1156,899
"10_TPoI","tableA5_price_support_distribution_information","T1",65,0.0357339197361187,"Decrease",945,1218,945
"10_TPoI","tableA5_price_support_distribution_information","T1",65,0.0357339197361187,"Decrease",949,1222,949
"10_TPoI","tableA5_price_support_distribution_information","T1",65,0.0357339197361187,"Decrease",979,1264,979
"10_TPoI","tableA5_price_support_distribution_information","T1",65,0.0357339197361187,"Decrease",1083,1398,1083
"10_TPoI","tableA5_price_support_distribution_information","T1",65,0.0357339197361187,"Decrease",1093,1409,1093
"10_TPoI","tableA5_price_support_distribution_information","T1",65,0.0357339197361187,"Decrease",1108,1424,1108
"10_TPoI","tableA5_price_support_distribution_information","T1",65,0.0357339197361187,"Decrease",1145,1475,1145
"10_TPoI","tableA5_price_support_distribution_information","T1",65,0.0357339197361187,"Decrease",1153,1483,1153
"10_TPoI","tableA5_price_support_distribution_information","T1",65,0.0357339197361187,"Decrease",1189,1530,1189
"10_TPoI","tableA5_price_support_distribution_information","T1",65,0.0357339197361187,"Decrease",1191,1532,1191
"10_TPoI","tableA5_price_support_distribution_information","T1",65,0.0357339197361187,"Decrease",1204,1551,1204
"10_TPoI","tableA5_price_support_distribution_information","T1",65,0.0357339197361187,"Decrease",1206,1554,1206
"10_TPoI","tableA5_price_support_distribution_information","T1",65,0.0357339197361187,"Decrease",1267,1631,1267
"10_TPoI","tableA5_price_support_distribution_information","T1",65,0.0357339197361187,"Decrease",1285,1656,1285
"10_TPoI","tableA5_price_support_distribution_information","T1",65,0.0357339197361187,"Decrease",1294,1668,1294
"10_TPoI","tableA5_price_support_distribution_information","T1",65,0.0357339197361187,"Decrease",1315,1697,1315
"10_TPoI","tableA5_price_support_distribution_information","T1",65,0.0357339197361187,"Decrease",1337,1722,1337
"10_TPoI","tableA5_price_support_distribution_information","T1",65,0.0357339197361187,"Decrease",1358,1750,1358
"10_TPoI","tableA5_price_support_distribution_information","T1",65,0.0357339197361187,"Decrease",1380,1777,1380
"10_TPoI","tableA5_price_support_distribution_information","T1",65,0.0357339197361187,"Decrease",1424,1843,1424
"10_TPoI","tableA5_price_support_distribution_information","T1",66,0.0362836723474437,"Decrease",11,16,11
"10_TPoI","tableA5_price_support_distribution_information","T1",66,0.0362836723474437,"Decrease",12,17,12
"10_TPoI","tableA5_price_support_distribution_information","T1",66,0.0362836723474437,"Decrease",17,26,17
"10_TPoI","tableA5_price_support_distribution_information","T1",66,0.0362836723474437,"Decrease",33,45,33
"10_TPoI","tableA5_price_support_distribution_information","T1",66,0.0362836723474437,"Decrease",39,54,39
"10_TPoI","tableA5_price_support_distribution_information","T1",66,0.0362836723474437,"Decrease",52,69,52
"10_TPoI","tableA5_price_support_distribution_information","T1",66,0.0362836723474437,"Decrease",55,72,55
"10_TPoI","tableA5_price_support_distribution_information","T1",66,0.0362836723474437,"Decrease",58,77,58
"10_TPoI","tableA5_price_support_distribution_information","T1",66,0.0362836723474437,"Decrease",61,82,61
"10_TPoI","tableA5_price_support_distribution_information","T1",66,0.0362836723474437,"Decrease",75,98,75
"10_TPoI","tableA5_price_support_distribution_information","T1",66,0.0362836723474437,"Decrease",113,147,113
"10_TPoI","tableA5_price_support_distribution_information","T1",66,0.0362836723474437,"Decrease",116,150,116
"10_TPoI","tableA5_price_support_distribution_information","T1",66,0.0362836723474437,"Decrease",177,230,177
"10_TPoI","tableA5_price_support_distribution_information","T1",66,0.0362836723474437,"Decrease",180,233,180
"10_TPoI","tableA5_price_support_distribution_information","T1",66,0.0362836723474437,"Decrease",192,247,192
"10_TPoI","tableA5_price_support_distribution_information","T1",66,0.0362836723474437,"Decrease",199,256,199
"10_TPoI","tableA5_price_support_distribution_information","T1",66,0.0362836723474437,"Decrease",202,260,202
"10_TPoI","tableA5_price_support_distribution_information","T1",66,0.0362836723474437,"Decrease",225,285,225
"10_TPoI","tableA5_price_support_distribution_information","T1",66,0.0362836723474437,"Decrease",232,292,232
"10_TPoI","tableA5_price_support_distribution_information","T1",66,0.0362836723474437,"Decrease",243,306,243
"10_TPoI","tableA5_price_support_distribution_information","T1",66,0.0362836723474437,"Decrease",285,364,285
"10_TPoI","tableA5_price_support_distribution_information","T1",66,0.0362836723474437,"Decrease",301,387,301
"10_TPoI","tableA5_price_support_distribution_information","T1",66,0.0362836723474437,"Decrease",312,400,312
"10_TPoI","tableA5_price_support_distribution_information","T1",66,0.0362836723474437,"Decrease",349,450,349
"10_TPoI","tableA5_price_support_distribution_information","T1",66,0.0362836723474437,"Decrease",359,463,359
"10_TPoI","tableA5_price_support_distribution_information","T1",66,0.0362836723474437,"Decrease",396,510,396
"10_TPoI","tableA5_price_support_distribution_information","T1",66,0.0362836723474437,"Decrease",401,518,401
"10_TPoI","tableA5_price_support_distribution_information","T1",66,0.0362836723474437,"Decrease",404,522,404
"10_TPoI","tableA5_price_support_distribution_information","T1",66,0.0362836723474437,"Decrease",451,579,451
"10_TPoI","tableA5_price_support_distribution_information","T1",66,0.0362836723474437,"Decrease",540,696,540
"10_TPoI","tableA5_price_support_distribution_information","T1",66,0.0362836723474437,"Decrease",639,828,639
"10_TPoI","tableA5_price_support_distribution_information","T1",66,0.0362836723474437,"Decrease",642,831,642
"10_TPoI","tableA5_price_support_distribution_information","T1",66,0.0362836723474437,"Decrease",683,880,683
"10_TPoI","tableA5_price_support_distribution_information","T1",66,0.0362836723474437,"Decrease",689,887,689
"10_TPoI","tableA5_price_support_distribution_information","T1",66,0.0362836723474437,"Decrease",704,908,704
"10_TPoI","tableA5_price_support_distribution_information","T1",66,0.0362836723474437,"Decrease",707,911,707
"10_TPoI","tableA5_price_support_distribution_information","T1",66,0.0362836723474437,"Decrease",731,938,731
"10_TPoI","tableA5_price_support_distribution_information","T1",66,0.0362836723474437,"Decrease",771,986,771
"10_TPoI","tableA5_price_support_distribution_information","T1",66,0.0362836723474437,"Decrease",794,1017,794
"10_TPoI","tableA5_price_support_distribution_information","T1",66,0.0362836723474437,"Decrease",806,1031,806
"10_TPoI","tableA5_price_support_distribution_information","T1",66,0.0362836723474437,"Decrease",807,1032,807
"10_TPoI","tableA5_price_support_distribution_information","T1",66,0.0362836723474437,"Decrease",810,1036,810
"10_TPoI","tableA5_price_support_distribution_information","T1",66,0.0362836723474437,"Decrease",838,1071,838
"10_TPoI","tableA5_price_support_distribution_information","T1",66,0.0362836723474437,"Decrease",880,1130,880
"10_TPoI","tableA5_price_support_distribution_information","T1",66,0.0362836723474437,"Decrease",899,1156,899
"10_TPoI","tableA5_price_support_distribution_information","T1",66,0.0362836723474437,"Decrease",945,1218,945
"10_TPoI","tableA5_price_support_distribution_information","T1",66,0.0362836723474437,"Decrease",949,1222,949
"10_TPoI","tableA5_price_support_distribution_information","T1",66,0.0362836723474437,"Decrease",979,1264,979
"10_TPoI","tableA5_price_support_distribution_information","T1",66,0.0362836723474437,"Decrease",1083,1398,1083
"10_TPoI","tableA5_price_support_distribution_information","T1",66,0.0362836723474437,"Decrease",1093,1409,1093
"10_TPoI","tableA5_price_support_distribution_information","T1",66,0.0362836723474437,"Decrease",1108,1424,1108
"10_TPoI","tableA5_price_support_distribution_information","T1",66,0.0362836723474437,"Decrease",1145,1475,1145
"10_TPoI","tableA5_price_support_distribution_information","T1",66,0.0362836723474437,"Decrease",1153,1483,1153
"10_TPoI","tableA5_price_support_distribution_information","T1",66,0.0362836723474437,"Decrease",1189,1530,1189
"10_TPoI","tableA5_price_support_distribution_information","T1",66,0.0362836723474437,"Decrease",1191,1532,1191
"10_TPoI","tableA5_price_support_distribution_information","T1",66,0.0362836723474437,"Decrease",1204,1551,1204
"10_TPoI","tableA5_price_support_distribution_information","T1",66,0.0362836723474437,"Decrease",1206,1554,1206
"10_TPoI","tableA5_price_support_distribution_information","T1",66,0.0362836723474437,"Decrease",1267,1631,1267
"10_TPoI","tableA5_price_support_distribution_information","T1",66,0.0362836723474437,"Decrease",1285,1656,1285
"10_TPoI","tableA5_price_support_distribution_information","T1",66,0.0362836723474437,"Decrease",1294,1668,1294
"10_TPoI","tableA5_price_support_distribution_information","T1",66,0.0362836723474437,"Decrease",1315,1697,1315
"10_TPoI","tableA5_price_support_distribution_information","T1",66,0.0362836723474437,"Decrease",1337,1722,1337
"10_TPoI","tableA5_price_support_distribution_information","T1",66,0.0362836723474437,"Decrease",1358,1750,1358
"10_TPoI","tableA5_price_support_distribution_information","T1",66,0.0362836723474437,"Decrease",1380,1777,1380
"10_TPoI","tableA5_price_support_distribution_information","T1",66,0.0362836723474437,"Decrease",1424,1843,1424
"10_TPoI","tableA5_price_support_distribution_information","T1",66,0.0362836723474437,"Decrease",1447,1873,1447
"10_TPoI","tableA5_price_support_distribution_information","T1",67,0.0368334249587686,"Decrease",11,16,11
"10_TPoI","tableA5_price_support_distribution_information","T1",67,0.0368334249587686,"Decrease",12,17,12
"10_TPoI","tableA5_price_support_distribution_information","T1",67,0.0368334249587686,"Decrease",17,26,17
"10_TPoI","tableA5_price_support_distribution_information","T1",67,0.0368334249587686,"Decrease",33,45,33
"10_TPoI","tableA5_price_support_distribution_information","T1",67,0.0368334249587686,"Decrease",39,54,39
"10_TPoI","tableA5_price_support_distribution_information","T1",67,0.0368334249587686,"Decrease",52,69,52
"10_TPoI","tableA5_price_support_distribution_information","T1",67,0.0368334249587686,"Decrease",55,72,55
"10_TPoI","tableA5_price_support_distribution_information","T1",67,0.0368334249587686,"Decrease",58,77,58
"10_TPoI","tableA5_price_support_distribution_information","T1",67,0.0368334249587686,"Decrease",61,82,61
"10_TPoI","tableA5_price_support_distribution_information","T1",67,0.0368334249587686,"Decrease",75,98,75
"10_TPoI","tableA5_price_support_distribution_information","T1",67,0.0368334249587686,"Decrease",113,147,113
"10_TPoI","tableA5_price_support_distribution_information","T1",67,0.0368334249587686,"Decrease",116,150,116
"10_TPoI","tableA5_price_support_distribution_information","T1",67,0.0368334249587686,"Decrease",177,230,177
"10_TPoI","tableA5_price_support_distribution_information","T1",67,0.0368334249587686,"Decrease",180,233,180
"10_TPoI","tableA5_price_support_distribution_information","T1",67,0.0368334249587686,"Decrease",192,247,192
"10_TPoI","tableA5_price_support_distribution_information","T1",67,0.0368334249587686,"Decrease",199,256,199
"10_TPoI","tableA5_price_support_distribution_information","T1",67,0.0368334249587686,"Decrease",202,260,202
"10_TPoI","tableA5_price_support_distribution_information","T1",67,0.0368334249587686,"Decrease",225,285,225
"10_TPoI","tableA5_price_support_distribution_information","T1",67,0.0368334249587686,"Decrease",232,292,232
"10_TPoI","tableA5_price_support_distribution_information","T1",67,0.0368334249587686,"Decrease",243,306,243
"10_TPoI","tableA5_price_support_distribution_information","T1",67,0.0368334249587686,"Decrease",285,364,285
"10_TPoI","tableA5_price_support_distribution_information","T1",67,0.0368334249587686,"Decrease",301,387,301
"10_TPoI","tableA5_price_support_distribution_information","T1",67,0.0368334249587686,"Decrease",312,400,312
"10_TPoI","tableA5_price_support_distribution_information","T1",67,0.0368334249587686,"Decrease",349,450,349
"10_TPoI","tableA5_price_support_distribution_information","T1",67,0.0368334249587686,"Decrease",359,463,359
"10_TPoI","tableA5_price_support_distribution_information","T1",67,0.0368334249587686,"Decrease",396,510,396
"10_TPoI","tableA5_price_support_distribution_information","T1",67,0.0368334249587686,"Decrease",401,518,401
"10_TPoI","tableA5_price_support_distribution_information","T1",67,0.0368334249587686,"Decrease",404,522,404
"10_TPoI","tableA5_price_support_distribution_information","T1",67,0.0368334249587686,"Decrease",451,579,451
"10_TPoI","tableA5_price_support_distribution_information","T1",67,0.0368334249587686,"Decrease",540,696,540
"10_TPoI","tableA5_price_support_distribution_information","T1",67,0.0368334249587686,"Decrease",639,828,639
"10_TPoI","tableA5_price_support_distribution_information","T1",67,0.0368334249587686,"Decrease",642,831,642
"10_TPoI","tableA5_price_support_distribution_information","T1",67,0.0368334249587686,"Decrease",683,880,683
"10_TPoI","tableA5_price_support_distribution_information","T1",67,0.0368334249587686,"Decrease",689,887,689
"10_TPoI","tableA5_price_support_distribution_information","T1",67,0.0368334249587686,"Decrease",704,908,704
"10_TPoI","tableA5_price_support_distribution_information","T1",67,0.0368334249587686,"Decrease",707,911,707
"10_TPoI","tableA5_price_support_distribution_information","T1",67,0.0368334249587686,"Decrease",731,938,731
"10_TPoI","tableA5_price_support_distribution_information","T1",67,0.0368334249587686,"Decrease",771,986,771
"10_TPoI","tableA5_price_support_distribution_information","T1",67,0.0368334249587686,"Decrease",794,1017,794
"10_TPoI","tableA5_price_support_distribution_information","T1",67,0.0368334249587686,"Decrease",806,1031,806
"10_TPoI","tableA5_price_support_distribution_information","T1",67,0.0368334249587686,"Decrease",807,1032,807
"10_TPoI","tableA5_price_support_distribution_information","T1",67,0.0368334249587686,"Decrease",810,1036,810
"10_TPoI","tableA5_price_support_distribution_information","T1",67,0.0368334249587686,"Decrease",838,1071,838
"10_TPoI","tableA5_price_support_distribution_information","T1",67,0.0368334249587686,"Decrease",880,1130,880
"10_TPoI","tableA5_price_support_distribution_information","T1",67,0.0368334249587686,"Decrease",899,1156,899
"10_TPoI","tableA5_price_support_distribution_information","T1",67,0.0368334249587686,"Decrease",945,1218,945
"10_TPoI","tableA5_price_support_distribution_information","T1",67,0.0368334249587686,"Decrease",949,1222,949
"10_TPoI","tableA5_price_support_distribution_information","T1",67,0.0368334249587686,"Decrease",979,1264,979
"10_TPoI","tableA5_price_support_distribution_information","T1",67,0.0368334249587686,"Decrease",1083,1398,1083
"10_TPoI","tableA5_price_support_distribution_information","T1",67,0.0368334249587686,"Decrease",1093,1409,1093
"10_TPoI","tableA5_price_support_distribution_information","T1",67,0.0368334249587686,"Decrease",1108,1424,1108
"10_TPoI","tableA5_price_support_distribution_information","T1",67,0.0368334249587686,"Decrease",1145,1475,1145
"10_TPoI","tableA5_price_support_distribution_information","T1",67,0.0368334249587686,"Decrease",1153,1483,1153
"10_TPoI","tableA5_price_support_distribution_information","T1",67,0.0368334249587686,"Decrease",1189,1530,1189
"10_TPoI","tableA5_price_support_distribution_information","T1",67,0.0368334249587686,"Decrease",1191,1532,1191
"10_TPoI","tableA5_price_support_distribution_information","T1",67,0.0368334249587686,"Decrease",1204,1551,1204
"10_TPoI","tableA5_price_support_distribution_information","T1",67,0.0368334249587686,"Decrease",1206,1554,1206
"10_TPoI","tableA5_price_support_distribution_information","T1",67,0.0368334249587686,"Decrease",1267,1631,1267
"10_TPoI","tableA5_price_support_distribution_information","T1",67,0.0368334249587686,"Decrease",1285,1656,1285
"10_TPoI","tableA5_price_support_distribution_information","T1",67,0.0368334249587686,"Decrease",1294,1668,1294
"10_TPoI","tableA5_price_support_distribution_information","T1",67,0.0368334249587686,"Decrease",1315,1697,1315
"10_TPoI","tableA5_price_support_distribution_information","T1",67,0.0368334249587686,"Decrease",1337,1722,1337
"10_TPoI","tableA5_price_support_distribution_information","T1",67,0.0368334249587686,"Decrease",1358,1750,1358
"10_TPoI","tableA5_price_support_distribution_information","T1",67,0.0368334249587686,"Decrease",1380,1777,1380
"10_TPoI","tableA5_price_support_distribution_information","T1",67,0.0368334249587686,"Decrease",1424,1843,1424
"10_TPoI","tableA5_price_support_distribution_information","T1",67,0.0368334249587686,"Decrease",1447,1873,1447
"10_TPoI","tableA5_price_support_distribution_information","T1",67,0.0368334249587686,"Decrease",1450,1876,1450
"10_TPoI","tableA5_price_support_distribution_information","T1",68,0.0373831775700935,"Decrease",11,16,11
"10_TPoI","tableA5_price_support_distribution_information","T1",68,0.0373831775700935,"Decrease",12,17,12
"10_TPoI","tableA5_price_support_distribution_information","T1",68,0.0373831775700935,"Decrease",17,26,17
"10_TPoI","tableA5_price_support_distribution_information","T1",68,0.0373831775700935,"Decrease",33,45,33
"10_TPoI","tableA5_price_support_distribution_information","T1",68,0.0373831775700935,"Decrease",39,54,39
"10_TPoI","tableA5_price_support_distribution_information","T1",68,0.0373831775700935,"Decrease",52,69,52
"10_TPoI","tableA5_price_support_distribution_information","T1",68,0.0373831775700935,"Decrease",55,72,55
"10_TPoI","tableA5_price_support_distribution_information","T1",68,0.0373831775700935,"Decrease",58,77,58
"10_TPoI","tableA5_price_support_distribution_information","T1",68,0.0373831775700935,"Decrease",61,82,61
"10_TPoI","tableA5_price_support_distribution_information","T1",68,0.0373831775700935,"Decrease",75,98,75
"10_TPoI","tableA5_price_support_distribution_information","T1",68,0.0373831775700935,"Decrease",113,147,113
"10_TPoI","tableA5_price_support_distribution_information","T1",68,0.0373831775700935,"Decrease",116,150,116
"10_TPoI","tableA5_price_support_distribution_information","T1",68,0.0373831775700935,"Decrease",177,230,177
"10_TPoI","tableA5_price_support_distribution_information","T1",68,0.0373831775700935,"Decrease",180,233,180
"10_TPoI","tableA5_price_support_distribution_information","T1",68,0.0373831775700935,"Decrease",192,247,192
"10_TPoI","tableA5_price_support_distribution_information","T1",68,0.0373831775700935,"Decrease",199,256,199
"10_TPoI","tableA5_price_support_distribution_information","T1",68,0.0373831775700935,"Decrease",202,260,202
"10_TPoI","tableA5_price_support_distribution_information","T1",68,0.0373831775700935,"Decrease",225,285,225
"10_TPoI","tableA5_price_support_distribution_information","T1",68,0.0373831775700935,"Decrease",232,292,232
"10_TPoI","tableA5_price_support_distribution_information","T1",68,0.0373831775700935,"Decrease",243,306,243
"10_TPoI","tableA5_price_support_distribution_information","T1",68,0.0373831775700935,"Decrease",285,364,285
"10_TPoI","tableA5_price_support_distribution_information","T1",68,0.0373831775700935,"Decrease",301,387,301
"10_TPoI","tableA5_price_support_distribution_information","T1",68,0.0373831775700935,"Decrease",312,400,312
"10_TPoI","tableA5_price_support_distribution_information","T1",68,0.0373831775700935,"Decrease",349,450,349
"10_TPoI","tableA5_price_support_distribution_information","T1",68,0.0373831775700935,"Decrease",359,463,359
"10_TPoI","tableA5_price_support_distribution_information","T1",68,0.0373831775700935,"Decrease",396,510,396
"10_TPoI","tableA5_price_support_distribution_information","T1",68,0.0373831775700935,"Decrease",401,518,401
"10_TPoI","tableA5_price_support_distribution_information","T1",68,0.0373831775700935,"Decrease",404,522,404
"10_TPoI","tableA5_price_support_distribution_information","T1",68,0.0373831775700935,"Decrease",451,579,451
"10_TPoI","tableA5_price_support_distribution_information","T1",68,0.0373831775700935,"Decrease",540,696,540
"10_TPoI","tableA5_price_support_distribution_information","T1",68,0.0373831775700935,"Decrease",639,828,639
"10_TPoI","tableA5_price_support_distribution_information","T1",68,0.0373831775700935,"Decrease",642,831,642
"10_TPoI","tableA5_price_support_distribution_information","T1",68,0.0373831775700935,"Decrease",683,880,683
"10_TPoI","tableA5_price_support_distribution_information","T1",68,0.0373831775700935,"Decrease",689,887,689
"10_TPoI","tableA5_price_support_distribution_information","T1",68,0.0373831775700935,"Decrease",704,908,704
"10_TPoI","tableA5_price_support_distribution_information","T1",68,0.0373831775700935,"Decrease",707,911,707
"10_TPoI","tableA5_price_support_distribution_information","T1",68,0.0373831775700935,"Decrease",731,938,731
"10_TPoI","tableA5_price_support_distribution_information","T1",68,0.0373831775700935,"Decrease",771,986,771
"10_TPoI","tableA5_price_support_distribution_information","T1",68,0.0373831775700935,"Decrease",794,1017,794
"10_TPoI","tableA5_price_support_distribution_information","T1",68,0.0373831775700935,"Decrease",806,1031,806
"10_TPoI","tableA5_price_support_distribution_information","T1",68,0.0373831775700935,"Decrease",807,1032,807
"10_TPoI","tableA5_price_support_distribution_information","T1",68,0.0373831775700935,"Decrease",810,1036,810
"10_TPoI","tableA5_price_support_distribution_information","T1",68,0.0373831775700935,"Decrease",838,1071,838
"10_TPoI","tableA5_price_support_distribution_information","T1",68,0.0373831775700935,"Decrease",880,1130,880
"10_TPoI","tableA5_price_support_distribution_information","T1",68,0.0373831775700935,"Decrease",899,1156,899
"10_TPoI","tableA5_price_support_distribution_information","T1",68,0.0373831775700935,"Decrease",945,1218,945
"10_TPoI","tableA5_price_support_distribution_information","T1",68,0.0373831775700935,"Decrease",949,1222,949
"10_TPoI","tableA5_price_support_distribution_information","T1",68,0.0373831775700935,"Decrease",979,1264,979
"10_TPoI","tableA5_price_support_distribution_information","T1",68,0.0373831775700935,"Decrease",1083,1398,1083
"10_TPoI","tableA5_price_support_distribution_information","T1",68,0.0373831775700935,"Decrease",1093,1409,1093
"10_TPoI","tableA5_price_support_distribution_information","T1",68,0.0373831775700935,"Decrease",1108,1424,1108
"10_TPoI","tableA5_price_support_distribution_information","T1",68,0.0373831775700935,"Decrease",1145,1475,1145
"10_TPoI","tableA5_price_support_distribution_information","T1",68,0.0373831775700935,"Decrease",1153,1483,1153
"10_TPoI","tableA5_price_support_distribution_information","T1",68,0.0373831775700935,"Decrease",1189,1530,1189
"10_TPoI","tableA5_price_support_distribution_information","T1",68,0.0373831775700935,"Decrease",1191,1532,1191
"10_TPoI","tableA5_price_support_distribution_information","T1",68,0.0373831775700935,"Decrease",1204,1551,1204
"10_TPoI","tableA5_price_support_distribution_information","T1",68,0.0373831775700935,"Decrease",1206,1554,1206
"10_TPoI","tableA5_price_support_distribution_information","T1",68,0.0373831775700935,"Decrease",1267,1631,1267
"10_TPoI","tableA5_price_support_distribution_information","T1",68,0.0373831775700935,"Decrease",1285,1656,1285
"10_TPoI","tableA5_price_support_distribution_information","T1",68,0.0373831775700935,"Decrease",1294,1668,1294
"10_TPoI","tableA5_price_support_distribution_information","T1",68,0.0373831775700935,"Decrease",1315,1697,1315
"10_TPoI","tableA5_price_support_distribution_information","T1",68,0.0373831775700935,"Decrease",1337,1722,1337
"10_TPoI","tableA5_price_support_distribution_information","T1",68,0.0373831775700935,"Decrease",1358,1750,1358
"10_TPoI","tableA5_price_support_distribution_information","T1",68,0.0373831775700935,"Decrease",1380,1777,1380
"10_TPoI","tableA5_price_support_distribution_information","T1",68,0.0373831775700935,"Decrease",1424,1843,1424
"10_TPoI","tableA5_price_support_distribution_information","T1",68,0.0373831775700935,"Decrease",1447,1873,1447
"10_TPoI","tableA5_price_support_distribution_information","T1",68,0.0373831775700935,"Decrease",1450,1876,1450
"10_TPoI","tableA5_price_support_distribution_information","T1",68,0.0373831775700935,"Decrease",1479,1907,1479
"10_TPoI","tableA5_price_support_distribution_information","T1",69,0.0379329301814184,"Decrease",11,16,11
"10_TPoI","tableA5_price_support_distribution_information","T1",69,0.0379329301814184,"Decrease",12,17,12
"10_TPoI","tableA5_price_support_distribution_information","T1",69,0.0379329301814184,"Decrease",17,26,17
"10_TPoI","tableA5_price_support_distribution_information","T1",69,0.0379329301814184,"Decrease",33,45,33
"10_TPoI","tableA5_price_support_distribution_information","T1",69,0.0379329301814184,"Decrease",39,54,39
"10_TPoI","tableA5_price_support_distribution_information","T1",69,0.0379329301814184,"Decrease",52,69,52
"10_TPoI","tableA5_price_support_distribution_information","T1",69,0.0379329301814184,"Decrease",55,72,55
"10_TPoI","tableA5_price_support_distribution_information","T1",69,0.0379329301814184,"Decrease",58,77,58
"10_TPoI","tableA5_price_support_distribution_information","T1",69,0.0379329301814184,"Decrease",61,82,61
"10_TPoI","tableA5_price_support_distribution_information","T1",69,0.0379329301814184,"Decrease",75,98,75
"10_TPoI","tableA5_price_support_distribution_information","T1",69,0.0379329301814184,"Decrease",113,147,113
"10_TPoI","tableA5_price_support_distribution_information","T1",69,0.0379329301814184,"Decrease",116,150,116
"10_TPoI","tableA5_price_support_distribution_information","T1",69,0.0379329301814184,"Decrease",177,230,177
"10_TPoI","tableA5_price_support_distribution_information","T1",69,0.0379329301814184,"Decrease",180,233,180
"10_TPoI","tableA5_price_support_distribution_information","T1",69,0.0379329301814184,"Decrease",192,247,192
"10_TPoI","tableA5_price_support_distribution_information","T1",69,0.0379329301814184,"Decrease",199,256,199
"10_TPoI","tableA5_price_support_distribution_information","T1",69,0.0379329301814184,"Decrease",202,260,202
"10_TPoI","tableA5_price_support_distribution_information","T1",69,0.0379329301814184,"Decrease",225,285,225
"10_TPoI","tableA5_price_support_distribution_information","T1",69,0.0379329301814184,"Decrease",232,292,232
"10_TPoI","tableA5_price_support_distribution_information","T1",69,0.0379329301814184,"Decrease",243,306,243
"10_TPoI","tableA5_price_support_distribution_information","T1",69,0.0379329301814184,"Decrease",285,364,285
"10_TPoI","tableA5_price_support_distribution_information","T1",69,0.0379329301814184,"Decrease",301,387,301
"10_TPoI","tableA5_price_support_distribution_information","T1",69,0.0379329301814184,"Decrease",312,400,312
"10_TPoI","tableA5_price_support_distribution_information","T1",69,0.0379329301814184,"Decrease",349,450,349
"10_TPoI","tableA5_price_support_distribution_information","T1",69,0.0379329301814184,"Decrease",359,463,359
"10_TPoI","tableA5_price_support_distribution_information","T1",69,0.0379329301814184,"Decrease",396,510,396
"10_TPoI","tableA5_price_support_distribution_information","T1",69,0.0379329301814184,"Decrease",401,518,401
"10_TPoI","tableA5_price_support_distribution_information","T1",69,0.0379329301814184,"Decrease",404,522,404
"10_TPoI","tableA5_price_support_distribution_information","T1",69,0.0379329301814184,"Decrease",451,579,451
"10_TPoI","tableA5_price_support_distribution_information","T1",69,0.0379329301814184,"Decrease",540,696,540
"10_TPoI","tableA5_price_support_distribution_information","T1",69,0.0379329301814184,"Decrease",639,828,639
"10_TPoI","tableA5_price_support_distribution_information","T1",69,0.0379329301814184,"Decrease",642,831,642
"10_TPoI","tableA5_price_support_distribution_information","T1",69,0.0379329301814184,"Decrease",683,880,683
"10_TPoI","tableA5_price_support_distribution_information","T1",69,0.0379329301814184,"Decrease",689,887,689
"10_TPoI","tableA5_price_support_distribution_information","T1",69,0.0379329301814184,"Decrease",704,908,704
"10_TPoI","tableA5_price_support_distribution_information","T1",69,0.0379329301814184,"Decrease",707,911,707
"10_TPoI","tableA5_price_support_distribution_information","T1",69,0.0379329301814184,"Decrease",731,938,731
"10_TPoI","tableA5_price_support_distribution_information","T1",69,0.0379329301814184,"Decrease",771,986,771
"10_TPoI","tableA5_price_support_distribution_information","T1",69,0.0379329301814184,"Decrease",794,1017,794
"10_TPoI","tableA5_price_support_distribution_information","T1",69,0.0379329301814184,"Decrease",806,1031,806
"10_TPoI","tableA5_price_support_distribution_information","T1",69,0.0379329301814184,"Decrease",807,1032,807
"10_TPoI","tableA5_price_support_distribution_information","T1",69,0.0379329301814184,"Decrease",810,1036,810
"10_TPoI","tableA5_price_support_distribution_information","T1",69,0.0379329301814184,"Decrease",838,1071,838
"10_TPoI","tableA5_price_support_distribution_information","T1",69,0.0379329301814184,"Decrease",880,1130,880
"10_TPoI","tableA5_price_support_distribution_information","T1",69,0.0379329301814184,"Decrease",899,1156,899
"10_TPoI","tableA5_price_support_distribution_information","T1",69,0.0379329301814184,"Decrease",945,1218,945
"10_TPoI","tableA5_price_support_distribution_information","T1",69,0.0379329301814184,"Decrease",949,1222,949
"10_TPoI","tableA5_price_support_distribution_information","T1",69,0.0379329301814184,"Decrease",979,1264,979
"10_TPoI","tableA5_price_support_distribution_information","T1",69,0.0379329301814184,"Decrease",1083,1398,1083
"10_TPoI","tableA5_price_support_distribution_information","T1",69,0.0379329301814184,"Decrease",1093,1409,1093
"10_TPoI","tableA5_price_support_distribution_information","T1",69,0.0379329301814184,"Decrease",1108,1424,1108
"10_TPoI","tableA5_price_support_distribution_information","T1",69,0.0379329301814184,"Decrease",1145,1475,1145
"10_TPoI","tableA5_price_support_distribution_information","T1",69,0.0379329301814184,"Decrease",1153,1483,1153
"10_TPoI","tableA5_price_support_distribution_information","T1",69,0.0379329301814184,"Decrease",1189,1530,1189
"10_TPoI","tableA5_price_support_distribution_information","T1",69,0.0379329301814184,"Decrease",1191,1532,1191
"10_TPoI","tableA5_price_support_distribution_information","T1",69,0.0379329301814184,"Decrease",1204,1551,1204
"10_TPoI","tableA5_price_support_distribution_information","T1",69,0.0379329301814184,"Decrease",1206,1554,1206
"10_TPoI","tableA5_price_support_distribution_information","T1",69,0.0379329301814184,"Decrease",1267,1631,1267
"10_TPoI","tableA5_price_support_distribution_information","T1",69,0.0379329301814184,"Decrease",1285,1656,1285
"10_TPoI","tableA5_price_support_distribution_information","T1",69,0.0379329301814184,"Decrease",1294,1668,1294
"10_TPoI","tableA5_price_support_distribution_information","T1",69,0.0379329301814184,"Decrease",1315,1697,1315
"10_TPoI","tableA5_price_support_distribution_information","T1",69,0.0379329301814184,"Decrease",1337,1722,1337
"10_TPoI","tableA5_price_support_distribution_information","T1",69,0.0379329301814184,"Decrease",1358,1750,1358
"10_TPoI","tableA5_price_support_distribution_information","T1",69,0.0379329301814184,"Decrease",1380,1777,1380
"10_TPoI","tableA5_price_support_distribution_information","T1",69,0.0379329301814184,"Decrease",1424,1843,1424
"10_TPoI","tableA5_price_support_distribution_information","T1",69,0.0379329301814184,"Decrease",1447,1873,1447
"10_TPoI","tableA5_price_support_distribution_information","T1",69,0.0379329301814184,"Decrease",1450,1876,1450
"10_TPoI","tableA5_price_support_distribution_information","T1",69,0.0379329301814184,"Decrease",1479,1907,1479
"10_TPoI","tableA5_price_support_distribution_information","T1",69,0.0379329301814184,"Decrease",1513,1946,1513
"10_TPoI","tableA5_price_support_distribution_information","T1",70,0.0384826827927433,"Decrease",11,16,11
"10_TPoI","tableA5_price_support_distribution_information","T1",70,0.0384826827927433,"Decrease",12,17,12
"10_TPoI","tableA5_price_support_distribution_information","T1",70,0.0384826827927433,"Decrease",17,26,17
"10_TPoI","tableA5_price_support_distribution_information","T1",70,0.0384826827927433,"Decrease",33,45,33
"10_TPoI","tableA5_price_support_distribution_information","T1",70,0.0384826827927433,"Decrease",39,54,39
"10_TPoI","tableA5_price_support_distribution_information","T1",70,0.0384826827927433,"Decrease",52,69,52
"10_TPoI","tableA5_price_support_distribution_information","T1",70,0.0384826827927433,"Decrease",55,72,55
"10_TPoI","tableA5_price_support_distribution_information","T1",70,0.0384826827927433,"Decrease",58,77,58
"10_TPoI","tableA5_price_support_distribution_information","T1",70,0.0384826827927433,"Decrease",61,82,61
"10_TPoI","tableA5_price_support_distribution_information","T1",70,0.0384826827927433,"Decrease",75,98,75
"10_TPoI","tableA5_price_support_distribution_information","T1",70,0.0384826827927433,"Decrease",113,147,113
"10_TPoI","tableA5_price_support_distribution_information","T1",70,0.0384826827927433,"Decrease",116,150,116
"10_TPoI","tableA5_price_support_distribution_information","T1",70,0.0384826827927433,"Decrease",177,230,177
"10_TPoI","tableA5_price_support_distribution_information","T1",70,0.0384826827927433,"Decrease",180,233,180
"10_TPoI","tableA5_price_support_distribution_information","T1",70,0.0384826827927433,"Decrease",192,247,192
"10_TPoI","tableA5_price_support_distribution_information","T1",70,0.0384826827927433,"Decrease",199,256,199
"10_TPoI","tableA5_price_support_distribution_information","T1",70,0.0384826827927433,"Decrease",202,260,202
"10_TPoI","tableA5_price_support_distribution_information","T1",70,0.0384826827927433,"Decrease",225,285,225
"10_TPoI","tableA5_price_support_distribution_information","T1",70,0.0384826827927433,"Decrease",232,292,232
"10_TPoI","tableA5_price_support_distribution_information","T1",70,0.0384826827927433,"Decrease",243,306,243
"10_TPoI","tableA5_price_support_distribution_information","T1",70,0.0384826827927433,"Decrease",285,364,285
"10_TPoI","tableA5_price_support_distribution_information","T1",70,0.0384826827927433,"Decrease",301,387,301
"10_TPoI","tableA5_price_support_distribution_information","T1",70,0.0384826827927433,"Decrease",312,400,312
"10_TPoI","tableA5_price_support_distribution_information","T1",70,0.0384826827927433,"Decrease",349,450,349
"10_TPoI","tableA5_price_support_distribution_information","T1",70,0.0384826827927433,"Decrease",359,463,359
"10_TPoI","tableA5_price_support_distribution_information","T1",70,0.0384826827927433,"Decrease",396,510,396
"10_TPoI","tableA5_price_support_distribution_information","T1",70,0.0384826827927433,"Decrease",401,518,401
"10_TPoI","tableA5_price_support_distribution_information","T1",70,0.0384826827927433,"Decrease",404,522,404
"10_TPoI","tableA5_price_support_distribution_information","T1",70,0.0384826827927433,"Decrease",451,579,451
"10_TPoI","tableA5_price_support_distribution_information","T1",70,0.0384826827927433,"Decrease",540,696,540
"10_TPoI","tableA5_price_support_distribution_information","T1",70,0.0384826827927433,"Decrease",639,828,639
"10_TPoI","tableA5_price_support_distribution_information","T1",70,0.0384826827927433,"Decrease",642,831,642
"10_TPoI","tableA5_price_support_distribution_information","T1",70,0.0384826827927433,"Decrease",683,880,683
"10_TPoI","tableA5_price_support_distribution_information","T1",70,0.0384826827927433,"Decrease",689,887,689
"10_TPoI","tableA5_price_support_distribution_information","T1",70,0.0384826827927433,"Decrease",704,908,704
"10_TPoI","tableA5_price_support_distribution_information","T1",70,0.0384826827927433,"Decrease",707,911,707
"10_TPoI","tableA5_price_support_distribution_information","T1",70,0.0384826827927433,"Decrease",731,938,731
"10_TPoI","tableA5_price_support_distribution_information","T1",70,0.0384826827927433,"Decrease",771,986,771
"10_TPoI","tableA5_price_support_distribution_information","T1",70,0.0384826827927433,"Decrease",794,1017,794
"10_TPoI","tableA5_price_support_distribution_information","T1",70,0.0384826827927433,"Decrease",806,1031,806
"10_TPoI","tableA5_price_support_distribution_information","T1",70,0.0384826827927433,"Decrease",807,1032,807
"10_TPoI","tableA5_price_support_distribution_information","T1",70,0.0384826827927433,"Decrease",810,1036,810
"10_TPoI","tableA5_price_support_distribution_information","T1",70,0.0384826827927433,"Decrease",838,1071,838
"10_TPoI","tableA5_price_support_distribution_information","T1",70,0.0384826827927433,"Decrease",880,1130,880
"10_TPoI","tableA5_price_support_distribution_information","T1",70,0.0384826827927433,"Decrease",899,1156,899
"10_TPoI","tableA5_price_support_distribution_information","T1",70,0.0384826827927433,"Decrease",945,1218,945
"10_TPoI","tableA5_price_support_distribution_information","T1",70,0.0384826827927433,"Decrease",949,1222,949
"10_TPoI","tableA5_price_support_distribution_information","T1",70,0.0384826827927433,"Decrease",979,1264,979
"10_TPoI","tableA5_price_support_distribution_information","T1",70,0.0384826827927433,"Decrease",1083,1398,1083
"10_TPoI","tableA5_price_support_distribution_information","T1",70,0.0384826827927433,"Decrease",1093,1409,1093
"10_TPoI","tableA5_price_support_distribution_information","T1",70,0.0384826827927433,"Decrease",1108,1424,1108
"10_TPoI","tableA5_price_support_distribution_information","T1",70,0.0384826827927433,"Decrease",1145,1475,1145
"10_TPoI","tableA5_price_support_distribution_information","T1",70,0.0384826827927433,"Decrease",1153,1483,1153
"10_TPoI","tableA5_price_support_distribution_information","T1",70,0.0384826827927433,"Decrease",1189,1530,1189
"10_TPoI","tableA5_price_support_distribution_information","T1",70,0.0384826827927433,"Decrease",1191,1532,1191
"10_TPoI","tableA5_price_support_distribution_information","T1",70,0.0384826827927433,"Decrease",1204,1551,1204
"10_TPoI","tableA5_price_support_distribution_information","T1",70,0.0384826827927433,"Decrease",1206,1554,1206
"10_TPoI","tableA5_price_support_distribution_information","T1",70,0.0384826827927433,"Decrease",1267,1631,1267
"10_TPoI","tableA5_price_support_distribution_information","T1",70,0.0384826827927433,"Decrease",1285,1656,1285
"10_TPoI","tableA5_price_support_distribution_information","T1",70,0.0384826827927433,"Decrease",1294,1668,1294
"10_TPoI","tableA5_price_support_distribution_information","T1",70,0.0384826827927433,"Decrease",1315,1697,1315
"10_TPoI","tableA5_price_support_distribution_information","T1",70,0.0384826827927433,"Decrease",1337,1722,1337
"10_TPoI","tableA5_price_support_distribution_information","T1",70,0.0384826827927433,"Decrease",1358,1750,1358
"10_TPoI","tableA5_price_support_distribution_information","T1",70,0.0384826827927433,"Decrease",1380,1777,1380
"10_TPoI","tableA5_price_support_distribution_information","T1",70,0.0384826827927433,"Decrease",1424,1843,1424
"10_TPoI","tableA5_price_support_distribution_information","T1",70,0.0384826827927433,"Decrease",1447,1873,1447
"10_TPoI","tableA5_price_support_distribution_information","T1",70,0.0384826827927433,"Decrease",1450,1876,1450
"10_TPoI","tableA5_price_support_distribution_information","T1",70,0.0384826827927433,"Decrease",1479,1907,1479
"10_TPoI","tableA5_price_support_distribution_information","T1",70,0.0384826827927433,"Decrease",1513,1946,1513
"10_TPoI","tableA5_price_support_distribution_information","T1",70,0.0384826827927433,"Decrease",1516,1952,1516
"10_TPoI","tableA5_price_support_distribution_information","T1",71,0.0390324354040682,"Decrease",11,16,11
"10_TPoI","tableA5_price_support_distribution_information","T1",71,0.0390324354040682,"Decrease",12,17,12
"10_TPoI","tableA5_price_support_distribution_information","T1",71,0.0390324354040682,"Decrease",17,26,17
"10_TPoI","tableA5_price_support_distribution_information","T1",71,0.0390324354040682,"Decrease",33,45,33
"10_TPoI","tableA5_price_support_distribution_information","T1",71,0.0390324354040682,"Decrease",39,54,39
"10_TPoI","tableA5_price_support_distribution_information","T1",71,0.0390324354040682,"Decrease",52,69,52
"10_TPoI","tableA5_price_support_distribution_information","T1",71,0.0390324354040682,"Decrease",55,72,55
"10_TPoI","tableA5_price_support_distribution_information","T1",71,0.0390324354040682,"Decrease",58,77,58
"10_TPoI","tableA5_price_support_distribution_information","T1",71,0.0390324354040682,"Decrease",61,82,61
"10_TPoI","tableA5_price_support_distribution_information","T1",71,0.0390324354040682,"Decrease",75,98,75
"10_TPoI","tableA5_price_support_distribution_information","T1",71,0.0390324354040682,"Decrease",113,147,113
"10_TPoI","tableA5_price_support_distribution_information","T1",71,0.0390324354040682,"Decrease",116,150,116
"10_TPoI","tableA5_price_support_distribution_information","T1",71,0.0390324354040682,"Decrease",177,230,177
"10_TPoI","tableA5_price_support_distribution_information","T1",71,0.0390324354040682,"Decrease",180,233,180
"10_TPoI","tableA5_price_support_distribution_information","T1",71,0.0390324354040682,"Decrease",192,247,192
"10_TPoI","tableA5_price_support_distribution_information","T1",71,0.0390324354040682,"Decrease",199,256,199
"10_TPoI","tableA5_price_support_distribution_information","T1",71,0.0390324354040682,"Decrease",202,260,202
"10_TPoI","tableA5_price_support_distribution_information","T1",71,0.0390324354040682,"Decrease",225,285,225
"10_TPoI","tableA5_price_support_distribution_information","T1",71,0.0390324354040682,"Decrease",232,292,232
"10_TPoI","tableA5_price_support_distribution_information","T1",71,0.0390324354040682,"Decrease",243,306,243
"10_TPoI","tableA5_price_support_distribution_information","T1",71,0.0390324354040682,"Decrease",285,364,285
"10_TPoI","tableA5_price_support_distribution_information","T1",71,0.0390324354040682,"Decrease",301,387,301
"10_TPoI","tableA5_price_support_distribution_information","T1",71,0.0390324354040682,"Decrease",312,400,312
"10_TPoI","tableA5_price_support_distribution_information","T1",71,0.0390324354040682,"Decrease",349,450,349
"10_TPoI","tableA5_price_support_distribution_information","T1",71,0.0390324354040682,"Decrease",359,463,359
"10_TPoI","tableA5_price_support_distribution_information","T1",71,0.0390324354040682,"Decrease",396,510,396
"10_TPoI","tableA5_price_support_distribution_information","T1",71,0.0390324354040682,"Decrease",401,518,401
"10_TPoI","tableA5_price_support_distribution_information","T1",71,0.0390324354040682,"Decrease",404,522,404
"10_TPoI","tableA5_price_support_distribution_information","T1",71,0.0390324354040682,"Decrease",451,579,451
"10_TPoI","tableA5_price_support_distribution_information","T1",71,0.0390324354040682,"Decrease",540,696,540
"10_TPoI","tableA5_price_support_distribution_information","T1",71,0.0390324354040682,"Decrease",639,828,639
"10_TPoI","tableA5_price_support_distribution_information","T1",71,0.0390324354040682,"Decrease",642,831,642
"10_TPoI","tableA5_price_support_distribution_information","T1",71,0.0390324354040682,"Decrease",683,880,683
"10_TPoI","tableA5_price_support_distribution_information","T1",71,0.0390324354040682,"Decrease",689,887,689
"10_TPoI","tableA5_price_support_distribution_information","T1",71,0.0390324354040682,"Decrease",704,908,704
"10_TPoI","tableA5_price_support_distribution_information","T1",71,0.0390324354040682,"Decrease",707,911,707
"10_TPoI","tableA5_price_support_distribution_information","T1",71,0.0390324354040682,"Decrease",731,938,731
"10_TPoI","tableA5_price_support_distribution_information","T1",71,0.0390324354040682,"Decrease",771,986,771
"10_TPoI","tableA5_price_support_distribution_information","T1",71,0.0390324354040682,"Decrease",794,1017,794
"10_TPoI","tableA5_price_support_distribution_information","T1",71,0.0390324354040682,"Decrease",806,1031,806
"10_TPoI","tableA5_price_support_distribution_information","T1",71,0.0390324354040682,"Decrease",807,1032,807
"10_TPoI","tableA5_price_support_distribution_information","T1",71,0.0390324354040682,"Decrease",810,1036,810
"10_TPoI","tableA5_price_support_distribution_information","T1",71,0.0390324354040682,"Decrease",838,1071,838
"10_TPoI","tableA5_price_support_distribution_information","T1",71,0.0390324354040682,"Decrease",880,1130,880
"10_TPoI","tableA5_price_support_distribution_information","T1",71,0.0390324354040682,"Decrease",899,1156,899
"10_TPoI","tableA5_price_support_distribution_information","T1",71,0.0390324354040682,"Decrease",945,1218,945
"10_TPoI","tableA5_price_support_distribution_information","T1",71,0.0390324354040682,"Decrease",949,1222,949
"10_TPoI","tableA5_price_support_distribution_information","T1",71,0.0390324354040682,"Decrease",979,1264,979
"10_TPoI","tableA5_price_support_distribution_information","T1",71,0.0390324354040682,"Decrease",1083,1398,1083
"10_TPoI","tableA5_price_support_distribution_information","T1",71,0.0390324354040682,"Decrease",1093,1409,1093
"10_TPoI","tableA5_price_support_distribution_information","T1",71,0.0390324354040682,"Decrease",1108,1424,1108
"10_TPoI","tableA5_price_support_distribution_information","T1",71,0.0390324354040682,"Decrease",1145,1475,1145
"10_TPoI","tableA5_price_support_distribution_information","T1",71,0.0390324354040682,"Decrease",1153,1483,1153
"10_TPoI","tableA5_price_support_distribution_information","T1",71,0.0390324354040682,"Decrease",1189,1530,1189
"10_TPoI","tableA5_price_support_distribution_information","T1",71,0.0390324354040682,"Decrease",1191,1532,1191
"10_TPoI","tableA5_price_support_distribution_information","T1",71,0.0390324354040682,"Decrease",1204,1551,1204
"10_TPoI","tableA5_price_support_distribution_information","T1",71,0.0390324354040682,"Decrease",1206,1554,1206
"10_TPoI","tableA5_price_support_distribution_information","T1",71,0.0390324354040682,"Decrease",1267,1631,1267
"10_TPoI","tableA5_price_support_distribution_information","T1",71,0.0390324354040682,"Decrease",1285,1656,1285
"10_TPoI","tableA5_price_support_distribution_information","T1",71,0.0390324354040682,"Decrease",1294,1668,1294
"10_TPoI","tableA5_price_support_distribution_information","T1",71,0.0390324354040682,"Decrease",1315,1697,1315
"10_TPoI","tableA5_price_support_distribution_information","T1",71,0.0390324354040682,"Decrease",1337,1722,1337
"10_TPoI","tableA5_price_support_distribution_information","T1",71,0.0390324354040682,"Decrease",1358,1750,1358
"10_TPoI","tableA5_price_support_distribution_information","T1",71,0.0390324354040682,"Decrease",1380,1777,1380
"10_TPoI","tableA5_price_support_distribution_information","T1",71,0.0390324354040682,"Decrease",1424,1843,1424
"10_TPoI","tableA5_price_support_distribution_information","T1",71,0.0390324354040682,"Decrease",1447,1873,1447
"10_TPoI","tableA5_price_support_distribution_information","T1",71,0.0390324354040682,"Decrease",1450,1876,1450
"10_TPoI","tableA5_price_support_distribution_information","T1",71,0.0390324354040682,"Decrease",1479,1907,1479
"10_TPoI","tableA5_price_support_distribution_information","T1",71,0.0390324354040682,"Decrease",1513,1946,1513
"10_TPoI","tableA5_price_support_distribution_information","T1",71,0.0390324354040682,"Decrease",1516,1952,1516
"10_TPoI","tableA5_price_support_distribution_information","T1",71,0.0390324354040682,"Decrease",1524,1963,1524
"10_TPoI","tableA5_price_support_distribution_information","T1",72,0.0395821880153931,"Decrease",11,16,11
"10_TPoI","tableA5_price_support_distribution_information","T1",72,0.0395821880153931,"Decrease",12,17,12
"10_TPoI","tableA5_price_support_distribution_information","T1",72,0.0395821880153931,"Decrease",17,26,17
"10_TPoI","tableA5_price_support_distribution_information","T1",72,0.0395821880153931,"Decrease",33,45,33
"10_TPoI","tableA5_price_support_distribution_information","T1",72,0.0395821880153931,"Decrease",39,54,39
"10_TPoI","tableA5_price_support_distribution_information","T1",72,0.0395821880153931,"Decrease",52,69,52
"10_TPoI","tableA5_price_support_distribution_information","T1",72,0.0395821880153931,"Decrease",55,72,55
"10_TPoI","tableA5_price_support_distribution_information","T1",72,0.0395821880153931,"Decrease",58,77,58
"10_TPoI","tableA5_price_support_distribution_information","T1",72,0.0395821880153931,"Decrease",61,82,61
"10_TPoI","tableA5_price_support_distribution_information","T1",72,0.0395821880153931,"Decrease",75,98,75
"10_TPoI","tableA5_price_support_distribution_information","T1",72,0.0395821880153931,"Decrease",113,147,113
"10_TPoI","tableA5_price_support_distribution_information","T1",72,0.0395821880153931,"Decrease",116,150,116
"10_TPoI","tableA5_price_support_distribution_information","T1",72,0.0395821880153931,"Decrease",177,230,177
"10_TPoI","tableA5_price_support_distribution_information","T1",72,0.0395821880153931,"Decrease",180,233,180
"10_TPoI","tableA5_price_support_distribution_information","T1",72,0.0395821880153931,"Decrease",192,247,192
"10_TPoI","tableA5_price_support_distribution_information","T1",72,0.0395821880153931,"Decrease",199,256,199
"10_TPoI","tableA5_price_support_distribution_information","T1",72,0.0395821880153931,"Decrease",202,260,202
"10_TPoI","tableA5_price_support_distribution_information","T1",72,0.0395821880153931,"Decrease",225,285,225
"10_TPoI","tableA5_price_support_distribution_information","T1",72,0.0395821880153931,"Decrease",232,292,232
"10_TPoI","tableA5_price_support_distribution_information","T1",72,0.0395821880153931,"Decrease",243,306,243
"10_TPoI","tableA5_price_support_distribution_information","T1",72,0.0395821880153931,"Decrease",285,364,285
"10_TPoI","tableA5_price_support_distribution_information","T1",72,0.0395821880153931,"Decrease",301,387,301
"10_TPoI","tableA5_price_support_distribution_information","T1",72,0.0395821880153931,"Decrease",312,400,312
"10_TPoI","tableA5_price_support_distribution_information","T1",72,0.0395821880153931,"Decrease",349,450,349
"10_TPoI","tableA5_price_support_distribution_information","T1",72,0.0395821880153931,"Decrease",359,463,359
"10_TPoI","tableA5_price_support_distribution_information","T1",72,0.0395821880153931,"Decrease",396,510,396
"10_TPoI","tableA5_price_support_distribution_information","T1",72,0.0395821880153931,"Decrease",401,518,401
"10_TPoI","tableA5_price_support_distribution_information","T1",72,0.0395821880153931,"Decrease",404,522,404
"10_TPoI","tableA5_price_support_distribution_information","T1",72,0.0395821880153931,"Decrease",451,579,451
"10_TPoI","tableA5_price_support_distribution_information","T1",72,0.0395821880153931,"Decrease",540,696,540
"10_TPoI","tableA5_price_support_distribution_information","T1",72,0.0395821880153931,"Decrease",639,828,639
"10_TPoI","tableA5_price_support_distribution_information","T1",72,0.0395821880153931,"Decrease",642,831,642
"10_TPoI","tableA5_price_support_distribution_information","T1",72,0.0395821880153931,"Decrease",683,880,683
"10_TPoI","tableA5_price_support_distribution_information","T1",72,0.0395821880153931,"Decrease",689,887,689
"10_TPoI","tableA5_price_support_distribution_information","T1",72,0.0395821880153931,"Decrease",704,908,704
"10_TPoI","tableA5_price_support_distribution_information","T1",72,0.0395821880153931,"Decrease",707,911,707
"10_TPoI","tableA5_price_support_distribution_information","T1",72,0.0395821880153931,"Decrease",731,938,731
"10_TPoI","tableA5_price_support_distribution_information","T1",72,0.0395821880153931,"Decrease",771,986,771
"10_TPoI","tableA5_price_support_distribution_information","T1",72,0.0395821880153931,"Decrease",794,1017,794
"10_TPoI","tableA5_price_support_distribution_information","T1",72,0.0395821880153931,"Decrease",806,1031,806
"10_TPoI","tableA5_price_support_distribution_information","T1",72,0.0395821880153931,"Decrease",807,1032,807
"10_TPoI","tableA5_price_support_distribution_information","T1",72,0.0395821880153931,"Decrease",810,1036,810
"10_TPoI","tableA5_price_support_distribution_information","T1",72,0.0395821880153931,"Decrease",838,1071,838
"10_TPoI","tableA5_price_support_distribution_information","T1",72,0.0395821880153931,"Decrease",880,1130,880
"10_TPoI","tableA5_price_support_distribution_information","T1",72,0.0395821880153931,"Decrease",899,1156,899
"10_TPoI","tableA5_price_support_distribution_information","T1",72,0.0395821880153931,"Decrease",945,1218,945
"10_TPoI","tableA5_price_support_distribution_information","T1",72,0.0395821880153931,"Decrease",949,1222,949
"10_TPoI","tableA5_price_support_distribution_information","T1",72,0.0395821880153931,"Decrease",979,1264,979
"10_TPoI","tableA5_price_support_distribution_information","T1",72,0.0395821880153931,"Decrease",1083,1398,1083
"10_TPoI","tableA5_price_support_distribution_information","T1",72,0.0395821880153931,"Decrease",1093,1409,1093
"10_TPoI","tableA5_price_support_distribution_information","T1",72,0.0395821880153931,"Decrease",1108,1424,1108
"10_TPoI","tableA5_price_support_distribution_information","T1",72,0.0395821880153931,"Decrease",1145,1475,1145
"10_TPoI","tableA5_price_support_distribution_information","T1",72,0.0395821880153931,"Decrease",1153,1483,1153
"10_TPoI","tableA5_price_support_distribution_information","T1",72,0.0395821880153931,"Decrease",1189,1530,1189
"10_TPoI","tableA5_price_support_distribution_information","T1",72,0.0395821880153931,"Decrease",1191,1532,1191
"10_TPoI","tableA5_price_support_distribution_information","T1",72,0.0395821880153931,"Decrease",1204,1551,1204
"10_TPoI","tableA5_price_support_distribution_information","T1",72,0.0395821880153931,"Decrease",1206,1554,1206
"10_TPoI","tableA5_price_support_distribution_information","T1",72,0.0395821880153931,"Decrease",1267,1631,1267
"10_TPoI","tableA5_price_support_distribution_information","T1",72,0.0395821880153931,"Decrease",1285,1656,1285
"10_TPoI","tableA5_price_support_distribution_information","T1",72,0.0395821880153931,"Decrease",1294,1668,1294
"10_TPoI","tableA5_price_support_distribution_information","T1",72,0.0395821880153931,"Decrease",1315,1697,1315
"10_TPoI","tableA5_price_support_distribution_information","T1",72,0.0395821880153931,"Decrease",1337,1722,1337
"10_TPoI","tableA5_price_support_distribution_information","T1",72,0.0395821880153931,"Decrease",1358,1750,1358
"10_TPoI","tableA5_price_support_distribution_information","T1",72,0.0395821880153931,"Decrease",1380,1777,1380
"10_TPoI","tableA5_price_support_distribution_information","T1",72,0.0395821880153931,"Decrease",1424,1843,1424
"10_TPoI","tableA5_price_support_distribution_information","T1",72,0.0395821880153931,"Decrease",1447,1873,1447
"10_TPoI","tableA5_price_support_distribution_information","T1",72,0.0395821880153931,"Decrease",1450,1876,1450
"10_TPoI","tableA5_price_support_distribution_information","T1",72,0.0395821880153931,"Decrease",1479,1907,1479
"10_TPoI","tableA5_price_support_distribution_information","T1",72,0.0395821880153931,"Decrease",1513,1946,1513
"10_TPoI","tableA5_price_support_distribution_information","T1",72,0.0395821880153931,"Decrease",1516,1952,1516
"10_TPoI","tableA5_price_support_distribution_information","T1",72,0.0395821880153931,"Decrease",1524,1963,1524
"10_TPoI","tableA5_price_support_distribution_information","T1",72,0.0395821880153931,"Decrease",1543,1988,1543
"10_TPoI","tableA5_price_support_distribution_information","T1",73,0.040131940626718,"Decrease",11,16,11
"10_TPoI","tableA5_price_support_distribution_information","T1",73,0.040131940626718,"Decrease",12,17,12
"10_TPoI","tableA5_price_support_distribution_information","T1",73,0.040131940626718,"Decrease",17,26,17
"10_TPoI","tableA5_price_support_distribution_information","T1",73,0.040131940626718,"Decrease",33,45,33
"10_TPoI","tableA5_price_support_distribution_information","T1",73,0.040131940626718,"Decrease",39,54,39
"10_TPoI","tableA5_price_support_distribution_information","T1",73,0.040131940626718,"Decrease",52,69,52
"10_TPoI","tableA5_price_support_distribution_information","T1",73,0.040131940626718,"Decrease",55,72,55
"10_TPoI","tableA5_price_support_distribution_information","T1",73,0.040131940626718,"Decrease",58,77,58
"10_TPoI","tableA5_price_support_distribution_information","T1",73,0.040131940626718,"Decrease",61,82,61
"10_TPoI","tableA5_price_support_distribution_information","T1",73,0.040131940626718,"Decrease",75,98,75
"10_TPoI","tableA5_price_support_distribution_information","T1",73,0.040131940626718,"Decrease",113,147,113
"10_TPoI","tableA5_price_support_distribution_information","T1",73,0.040131940626718,"Decrease",116,150,116
"10_TPoI","tableA5_price_support_distribution_information","T1",73,0.040131940626718,"Decrease",177,230,177
"10_TPoI","tableA5_price_support_distribution_information","T1",73,0.040131940626718,"Decrease",180,233,180
"10_TPoI","tableA5_price_support_distribution_information","T1",73,0.040131940626718,"Decrease",192,247,192
"10_TPoI","tableA5_price_support_distribution_information","T1",73,0.040131940626718,"Decrease",199,256,199
"10_TPoI","tableA5_price_support_distribution_information","T1",73,0.040131940626718,"Decrease",202,260,202
"10_TPoI","tableA5_price_support_distribution_information","T1",73,0.040131940626718,"Decrease",225,285,225
"10_TPoI","tableA5_price_support_distribution_information","T1",73,0.040131940626718,"Decrease",232,292,232
"10_TPoI","tableA5_price_support_distribution_information","T1",73,0.040131940626718,"Decrease",243,306,243
"10_TPoI","tableA5_price_support_distribution_information","T1",73,0.040131940626718,"Decrease",285,364,285
"10_TPoI","tableA5_price_support_distribution_information","T1",73,0.040131940626718,"Decrease",301,387,301
"10_TPoI","tableA5_price_support_distribution_information","T1",73,0.040131940626718,"Decrease",312,400,312
"10_TPoI","tableA5_price_support_distribution_information","T1",73,0.040131940626718,"Decrease",349,450,349
"10_TPoI","tableA5_price_support_distribution_information","T1",73,0.040131940626718,"Decrease",359,463,359
"10_TPoI","tableA5_price_support_distribution_information","T1",73,0.040131940626718,"Decrease",396,510,396
"10_TPoI","tableA5_price_support_distribution_information","T1",73,0.040131940626718,"Decrease",401,518,401
"10_TPoI","tableA5_price_support_distribution_information","T1",73,0.040131940626718,"Decrease",404,522,404
"10_TPoI","tableA5_price_support_distribution_information","T1",73,0.040131940626718,"Decrease",451,579,451
"10_TPoI","tableA5_price_support_distribution_information","T1",73,0.040131940626718,"Decrease",540,696,540
"10_TPoI","tableA5_price_support_distribution_information","T1",73,0.040131940626718,"Decrease",639,828,639
"10_TPoI","tableA5_price_support_distribution_information","T1",73,0.040131940626718,"Decrease",642,831,642
"10_TPoI","tableA5_price_support_distribution_information","T1",73,0.040131940626718,"Decrease",683,880,683
"10_TPoI","tableA5_price_support_distribution_information","T1",73,0.040131940626718,"Decrease",689,887,689
"10_TPoI","tableA5_price_support_distribution_information","T1",73,0.040131940626718,"Decrease",704,908,704
"10_TPoI","tableA5_price_support_distribution_information","T1",73,0.040131940626718,"Decrease",707,911,707
"10_TPoI","tableA5_price_support_distribution_information","T1",73,0.040131940626718,"Decrease",731,938,731
"10_TPoI","tableA5_price_support_distribution_information","T1",73,0.040131940626718,"Decrease",771,986,771
"10_TPoI","tableA5_price_support_distribution_information","T1",73,0.040131940626718,"Decrease",794,1017,794
"10_TPoI","tableA5_price_support_distribution_information","T1",73,0.040131940626718,"Decrease",806,1031,806
"10_TPoI","tableA5_price_support_distribution_information","T1",73,0.040131940626718,"Decrease",807,1032,807
"10_TPoI","tableA5_price_support_distribution_information","T1",73,0.040131940626718,"Decrease",810,1036,810
"10_TPoI","tableA5_price_support_distribution_information","T1",73,0.040131940626718,"Decrease",838,1071,838
"10_TPoI","tableA5_price_support_distribution_information","T1",73,0.040131940626718,"Decrease",880,1130,880
"10_TPoI","tableA5_price_support_distribution_information","T1",73,0.040131940626718,"Decrease",899,1156,899
"10_TPoI","tableA5_price_support_distribution_information","T1",73,0.040131940626718,"Decrease",945,1218,945
"10_TPoI","tableA5_price_support_distribution_information","T1",73,0.040131940626718,"Decrease",949,1222,949
"10_TPoI","tableA5_price_support_distribution_information","T1",73,0.040131940626718,"Decrease",979,1264,979
"10_TPoI","tableA5_price_support_distribution_information","T1",73,0.040131940626718,"Decrease",1083,1398,1083
"10_TPoI","tableA5_price_support_distribution_information","T1",73,0.040131940626718,"Decrease",1093,1409,1093
"10_TPoI","tableA5_price_support_distribution_information","T1",73,0.040131940626718,"Decrease",1108,1424,1108
"10_TPoI","tableA5_price_support_distribution_information","T1",73,0.040131940626718,"Decrease",1145,1475,1145
"10_TPoI","tableA5_price_support_distribution_information","T1",73,0.040131940626718,"Decrease",1153,1483,1153
"10_TPoI","tableA5_price_support_distribution_information","T1",73,0.040131940626718,"Decrease",1189,1530,1189
"10_TPoI","tableA5_price_support_distribution_information","T1",73,0.040131940626718,"Decrease",1191,1532,1191
"10_TPoI","tableA5_price_support_distribution_information","T1",73,0.040131940626718,"Decrease",1204,1551,1204
"10_TPoI","tableA5_price_support_distribution_information","T1",73,0.040131940626718,"Decrease",1206,1554,1206
"10_TPoI","tableA5_price_support_distribution_information","T1",73,0.040131940626718,"Decrease",1267,1631,1267
"10_TPoI","tableA5_price_support_distribution_information","T1",73,0.040131940626718,"Decrease",1285,1656,1285
"10_TPoI","tableA5_price_support_distribution_information","T1",73,0.040131940626718,"Decrease",1294,1668,1294
"10_TPoI","tableA5_price_support_distribution_information","T1",73,0.040131940626718,"Decrease",1315,1697,1315
"10_TPoI","tableA5_price_support_distribution_information","T1",73,0.040131940626718,"Decrease",1337,1722,1337
"10_TPoI","tableA5_price_support_distribution_information","T1",73,0.040131940626718,"Decrease",1358,1750,1358
"10_TPoI","tableA5_price_support_distribution_information","T1",73,0.040131940626718,"Decrease",1380,1777,1380
"10_TPoI","tableA5_price_support_distribution_information","T1",73,0.040131940626718,"Decrease",1424,1843,1424
"10_TPoI","tableA5_price_support_distribution_information","T1",73,0.040131940626718,"Decrease",1447,1873,1447
"10_TPoI","tableA5_price_support_distribution_information","T1",73,0.040131940626718,"Decrease",1450,1876,1450
"10_TPoI","tableA5_price_support_distribution_information","T1",73,0.040131940626718,"Decrease",1479,1907,1479
"10_TPoI","tableA5_price_support_distribution_information","T1",73,0.040131940626718,"Decrease",1513,1946,1513
"10_TPoI","tableA5_price_support_distribution_information","T1",73,0.040131940626718,"Decrease",1516,1952,1516
"10_TPoI","tableA5_price_support_distribution_information","T1",73,0.040131940626718,"Decrease",1524,1963,1524
"10_TPoI","tableA5_price_support_distribution_information","T1",73,0.040131940626718,"Decrease",1543,1988,1543
"10_TPoI","tableA5_price_support_distribution_information","T1",73,0.040131940626718,"Decrease",1563,2012,1563
"10_TPoI","tableA5_price_support_distribution_information","T1",74,0.0406816932380429,"Decrease",11,16,11
"10_TPoI","tableA5_price_support_distribution_information","T1",74,0.0406816932380429,"Decrease",12,17,12
"10_TPoI","tableA5_price_support_distribution_information","T1",74,0.0406816932380429,"Decrease",17,26,17
"10_TPoI","tableA5_price_support_distribution_information","T1",74,0.0406816932380429,"Decrease",33,45,33
"10_TPoI","tableA5_price_support_distribution_information","T1",74,0.0406816932380429,"Decrease",39,54,39
"10_TPoI","tableA5_price_support_distribution_information","T1",74,0.0406816932380429,"Decrease",52,69,52
"10_TPoI","tableA5_price_support_distribution_information","T1",74,0.0406816932380429,"Decrease",55,72,55
"10_TPoI","tableA5_price_support_distribution_information","T1",74,0.0406816932380429,"Decrease",58,77,58
"10_TPoI","tableA5_price_support_distribution_information","T1",74,0.0406816932380429,"Decrease",61,82,61
"10_TPoI","tableA5_price_support_distribution_information","T1",74,0.0406816932380429,"Decrease",75,98,75
"10_TPoI","tableA5_price_support_distribution_information","T1",74,0.0406816932380429,"Decrease",113,147,113
"10_TPoI","tableA5_price_support_distribution_information","T1",74,0.0406816932380429,"Decrease",116,150,116
"10_TPoI","tableA5_price_support_distribution_information","T1",74,0.0406816932380429,"Decrease",177,230,177
"10_TPoI","tableA5_price_support_distribution_information","T1",74,0.0406816932380429,"Decrease",180,233,180
"10_TPoI","tableA5_price_support_distribution_information","T1",74,0.0406816932380429,"Decrease",192,247,192
"10_TPoI","tableA5_price_support_distribution_information","T1",74,0.0406816932380429,"Decrease",199,256,199
"10_TPoI","tableA5_price_support_distribution_information","T1",74,0.0406816932380429,"Decrease",202,260,202
"10_TPoI","tableA5_price_support_distribution_information","T1",74,0.0406816932380429,"Decrease",225,285,225
"10_TPoI","tableA5_price_support_distribution_information","T1",74,0.0406816932380429,"Decrease",232,292,232
"10_TPoI","tableA5_price_support_distribution_information","T1",74,0.0406816932380429,"Decrease",243,306,243
"10_TPoI","tableA5_price_support_distribution_information","T1",74,0.0406816932380429,"Decrease",285,364,285
"10_TPoI","tableA5_price_support_distribution_information","T1",74,0.0406816932380429,"Decrease",301,387,301
"10_TPoI","tableA5_price_support_distribution_information","T1",74,0.0406816932380429,"Decrease",312,400,312
"10_TPoI","tableA5_price_support_distribution_information","T1",74,0.0406816932380429,"Decrease",349,450,349
"10_TPoI","tableA5_price_support_distribution_information","T1",74,0.0406816932380429,"Decrease",359,463,359
"10_TPoI","tableA5_price_support_distribution_information","T1",74,0.0406816932380429,"Decrease",396,510,396
"10_TPoI","tableA5_price_support_distribution_information","T1",74,0.0406816932380429,"Decrease",401,518,401
"10_TPoI","tableA5_price_support_distribution_information","T1",74,0.0406816932380429,"Decrease",404,522,404
"10_TPoI","tableA5_price_support_distribution_information","T1",74,0.0406816932380429,"Decrease",451,579,451
"10_TPoI","tableA5_price_support_distribution_information","T1",74,0.0406816932380429,"Decrease",540,696,540
"10_TPoI","tableA5_price_support_distribution_information","T1",74,0.0406816932380429,"Decrease",639,828,639
"10_TPoI","tableA5_price_support_distribution_information","T1",74,0.0406816932380429,"Decrease",642,831,642
"10_TPoI","tableA5_price_support_distribution_information","T1",74,0.0406816932380429,"Decrease",683,880,683
"10_TPoI","tableA5_price_support_distribution_information","T1",74,0.0406816932380429,"Decrease",689,887,689
"10_TPoI","tableA5_price_support_distribution_information","T1",74,0.0406816932380429,"Decrease",704,908,704
"10_TPoI","tableA5_price_support_distribution_information","T1",74,0.0406816932380429,"Decrease",707,911,707
"10_TPoI","tableA5_price_support_distribution_information","T1",74,0.0406816932380429,"Decrease",731,938,731
"10_TPoI","tableA5_price_support_distribution_information","T1",74,0.0406816932380429,"Decrease",771,986,771
"10_TPoI","tableA5_price_support_distribution_information","T1",74,0.0406816932380429,"Decrease",794,1017,794
"10_TPoI","tableA5_price_support_distribution_information","T1",74,0.0406816932380429,"Decrease",806,1031,806
"10_TPoI","tableA5_price_support_distribution_information","T1",74,0.0406816932380429,"Decrease",807,1032,807
"10_TPoI","tableA5_price_support_distribution_information","T1",74,0.0406816932380429,"Decrease",810,1036,810
"10_TPoI","tableA5_price_support_distribution_information","T1",74,0.0406816932380429,"Decrease",838,1071,838
"10_TPoI","tableA5_price_support_distribution_information","T1",74,0.0406816932380429,"Decrease",880,1130,880
"10_TPoI","tableA5_price_support_distribution_information","T1",74,0.0406816932380429,"Decrease",899,1156,899
"10_TPoI","tableA5_price_support_distribution_information","T1",74,0.0406816932380429,"Decrease",945,1218,945
"10_TPoI","tableA5_price_support_distribution_information","T1",74,0.0406816932380429,"Decrease",949,1222,949
"10_TPoI","tableA5_price_support_distribution_information","T1",74,0.0406816932380429,"Decrease",979,1264,979
"10_TPoI","tableA5_price_support_distribution_information","T1",74,0.0406816932380429,"Decrease",1083,1398,1083
"10_TPoI","tableA5_price_support_distribution_information","T1",74,0.0406816932380429,"Decrease",1093,1409,1093
"10_TPoI","tableA5_price_support_distribution_information","T1",74,0.0406816932380429,"Decrease",1108,1424,1108
"10_TPoI","tableA5_price_support_distribution_information","T1",74,0.0406816932380429,"Decrease",1145,1475,1145
"10_TPoI","tableA5_price_support_distribution_information","T1",74,0.0406816932380429,"Decrease",1153,1483,1153
"10_TPoI","tableA5_price_support_distribution_information","T1",74,0.0406816932380429,"Decrease",1189,1530,1189
"10_TPoI","tableA5_price_support_distribution_information","T1",74,0.0406816932380429,"Decrease",1191,1532,1191
"10_TPoI","tableA5_price_support_distribution_information","T1",74,0.0406816932380429,"Decrease",1204,1551,1204
"10_TPoI","tableA5_price_support_distribution_information","T1",74,0.0406816932380429,"Decrease",1206,1554,1206
"10_TPoI","tableA5_price_support_distribution_information","T1",74,0.0406816932380429,"Decrease",1267,1631,1267
"10_TPoI","tableA5_price_support_distribution_information","T1",74,0.0406816932380429,"Decrease",1285,1656,1285
"10_TPoI","tableA5_price_support_distribution_information","T1",74,0.0406816932380429,"Decrease",1294,1668,1294
"10_TPoI","tableA5_price_support_distribution_information","T1",74,0.0406816932380429,"Decrease",1315,1697,1315
"10_TPoI","tableA5_price_support_distribution_information","T1",74,0.0406816932380429,"Decrease",1337,1722,1337
"10_TPoI","tableA5_price_support_distribution_information","T1",74,0.0406816932380429,"Decrease",1358,1750,1358
"10_TPoI","tableA5_price_support_distribution_information","T1",74,0.0406816932380429,"Decrease",1380,1777,1380
"10_TPoI","tableA5_price_support_distribution_information","T1",74,0.0406816932380429,"Decrease",1424,1843,1424
"10_TPoI","tableA5_price_support_distribution_information","T1",74,0.0406816932380429,"Decrease",1447,1873,1447
"10_TPoI","tableA5_price_support_distribution_information","T1",74,0.0406816932380429,"Decrease",1450,1876,1450
"10_TPoI","tableA5_price_support_distribution_information","T1",74,0.0406816932380429,"Decrease",1479,1907,1479
"10_TPoI","tableA5_price_support_distribution_information","T1",74,0.0406816932380429,"Decrease",1513,1946,1513
"10_TPoI","tableA5_price_support_distribution_information","T1",74,0.0406816932380429,"Decrease",1516,1952,1516
"10_TPoI","tableA5_price_support_distribution_information","T1",74,0.0406816932380429,"Decrease",1524,1963,1524
"10_TPoI","tableA5_price_support_distribution_information","T1",74,0.0406816932380429,"Decrease",1543,1988,1543
"10_TPoI","tableA5_price_support_distribution_information","T1",74,0.0406816932380429,"Decrease",1563,2012,1563
"10_TPoI","tableA5_price_support_distribution_information","T1",74,0.0406816932380429,"Decrease",1586,2050,1586
"10_TPoI","tableA5_price_support_distribution_information","T1",75,0.0412314458493678,"Decrease",11,16,11
"10_TPoI","tableA5_price_support_distribution_information","T1",75,0.0412314458493678,"Decrease",12,17,12
"10_TPoI","tableA5_price_support_distribution_information","T1",75,0.0412314458493678,"Decrease",17,26,17
"10_TPoI","tableA5_price_support_distribution_information","T1",75,0.0412314458493678,"Decrease",33,45,33
"10_TPoI","tableA5_price_support_distribution_information","T1",75,0.0412314458493678,"Decrease",39,54,39
"10_TPoI","tableA5_price_support_distribution_information","T1",75,0.0412314458493678,"Decrease",52,69,52
"10_TPoI","tableA5_price_support_distribution_information","T1",75,0.0412314458493678,"Decrease",55,72,55
"10_TPoI","tableA5_price_support_distribution_information","T1",75,0.0412314458493678,"Decrease",58,77,58
"10_TPoI","tableA5_price_support_distribution_information","T1",75,0.0412314458493678,"Decrease",61,82,61
"10_TPoI","tableA5_price_support_distribution_information","T1",75,0.0412314458493678,"Decrease",75,98,75
"10_TPoI","tableA5_price_support_distribution_information","T1",75,0.0412314458493678,"Decrease",113,147,113
"10_TPoI","tableA5_price_support_distribution_information","T1",75,0.0412314458493678,"Decrease",116,150,116
"10_TPoI","tableA5_price_support_distribution_information","T1",75,0.0412314458493678,"Decrease",177,230,177
"10_TPoI","tableA5_price_support_distribution_information","T1",75,0.0412314458493678,"Decrease",180,233,180
"10_TPoI","tableA5_price_support_distribution_information","T1",75,0.0412314458493678,"Decrease",192,247,192
"10_TPoI","tableA5_price_support_distribution_information","T1",75,0.0412314458493678,"Decrease",199,256,199
"10_TPoI","tableA5_price_support_distribution_information","T1",75,0.0412314458493678,"Decrease",202,260,202
"10_TPoI","tableA5_price_support_distribution_information","T1",75,0.0412314458493678,"Decrease",225,285,225
"10_TPoI","tableA5_price_support_distribution_information","T1",75,0.0412314458493678,"Decrease",232,292,232
"10_TPoI","tableA5_price_support_distribution_information","T1",75,0.0412314458493678,"Decrease",243,306,243
"10_TPoI","tableA5_price_support_distribution_information","T1",75,0.0412314458493678,"Decrease",285,364,285
"10_TPoI","tableA5_price_support_distribution_information","T1",75,0.0412314458493678,"Decrease",301,387,301
"10_TPoI","tableA5_price_support_distribution_information","T1",75,0.0412314458493678,"Decrease",312,400,312
"10_TPoI","tableA5_price_support_distribution_information","T1",75,0.0412314458493678,"Decrease",349,450,349
"10_TPoI","tableA5_price_support_distribution_information","T1",75,0.0412314458493678,"Decrease",359,463,359
"10_TPoI","tableA5_price_support_distribution_information","T1",75,0.0412314458493678,"Decrease",396,510,396
"10_TPoI","tableA5_price_support_distribution_information","T1",75,0.0412314458493678,"Decrease",401,518,401
"10_TPoI","tableA5_price_support_distribution_information","T1",75,0.0412314458493678,"Decrease",404,522,404
"10_TPoI","tableA5_price_support_distribution_information","T1",75,0.0412314458493678,"Decrease",451,579,451
"10_TPoI","tableA5_price_support_distribution_information","T1",75,0.0412314458493678,"Decrease",540,696,540
"10_TPoI","tableA5_price_support_distribution_information","T1",75,0.0412314458493678,"Decrease",639,828,639
"10_TPoI","tableA5_price_support_distribution_information","T1",75,0.0412314458493678,"Decrease",642,831,642
"10_TPoI","tableA5_price_support_distribution_information","T1",75,0.0412314458493678,"Decrease",683,880,683
"10_TPoI","tableA5_price_support_distribution_information","T1",75,0.0412314458493678,"Decrease",689,887,689
"10_TPoI","tableA5_price_support_distribution_information","T1",75,0.0412314458493678,"Decrease",704,908,704
"10_TPoI","tableA5_price_support_distribution_information","T1",75,0.0412314458493678,"Decrease",707,911,707
"10_TPoI","tableA5_price_support_distribution_information","T1",75,0.0412314458493678,"Decrease",731,938,731
"10_TPoI","tableA5_price_support_distribution_information","T1",75,0.0412314458493678,"Decrease",771,986,771
"10_TPoI","tableA5_price_support_distribution_information","T1",75,0.0412314458493678,"Decrease",794,1017,794
"10_TPoI","tableA5_price_support_distribution_information","T1",75,0.0412314458493678,"Decrease",806,1031,806
"10_TPoI","tableA5_price_support_distribution_information","T1",75,0.0412314458493678,"Decrease",807,1032,807
"10_TPoI","tableA5_price_support_distribution_information","T1",75,0.0412314458493678,"Decrease",810,1036,810
"10_TPoI","tableA5_price_support_distribution_information","T1",75,0.0412314458493678,"Decrease",838,1071,838
"10_TPoI","tableA5_price_support_distribution_information","T1",75,0.0412314458493678,"Decrease",880,1130,880
"10_TPoI","tableA5_price_support_distribution_information","T1",75,0.0412314458493678,"Decrease",899,1156,899
"10_TPoI","tableA5_price_support_distribution_information","T1",75,0.0412314458493678,"Decrease",945,1218,945
"10_TPoI","tableA5_price_support_distribution_information","T1",75,0.0412314458493678,"Decrease",949,1222,949
"10_TPoI","tableA5_price_support_distribution_information","T1",75,0.0412314458493678,"Decrease",979,1264,979
"10_TPoI","tableA5_price_support_distribution_information","T1",75,0.0412314458493678,"Decrease",1083,1398,1083
"10_TPoI","tableA5_price_support_distribution_information","T1",75,0.0412314458493678,"Decrease",1093,1409,1093
"10_TPoI","tableA5_price_support_distribution_information","T1",75,0.0412314458493678,"Decrease",1108,1424,1108
"10_TPoI","tableA5_price_support_distribution_information","T1",75,0.0412314458493678,"Decrease",1145,1475,1145
"10_TPoI","tableA5_price_support_distribution_information","T1",75,0.0412314458493678,"Decrease",1153,1483,1153
"10_TPoI","tableA5_price_support_distribution_information","T1",75,0.0412314458493678,"Decrease",1189,1530,1189
"10_TPoI","tableA5_price_support_distribution_information","T1",75,0.0412314458493678,"Decrease",1191,1532,1191
"10_TPoI","tableA5_price_support_distribution_information","T1",75,0.0412314458493678,"Decrease",1204,1551,1204
"10_TPoI","tableA5_price_support_distribution_information","T1",75,0.0412314458493678,"Decrease",1206,1554,1206
"10_TPoI","tableA5_price_support_distribution_information","T1",75,0.0412314458493678,"Decrease",1267,1631,1267
"10_TPoI","tableA5_price_support_distribution_information","T1",75,0.0412314458493678,"Decrease",1285,1656,1285
"10_TPoI","tableA5_price_support_distribution_information","T1",75,0.0412314458493678,"Decrease",1294,1668,1294
"10_TPoI","tableA5_price_support_distribution_information","T1",75,0.0412314458493678,"Decrease",1315,1697,1315
"10_TPoI","tableA5_price_support_distribution_information","T1",75,0.0412314458493678,"Decrease",1337,1722,1337
"10_TPoI","tableA5_price_support_distribution_information","T1",75,0.0412314458493678,"Decrease",1358,1750,1358
"10_TPoI","tableA5_price_support_distribution_information","T1",75,0.0412314458493678,"Decrease",1380,1777,1380
"10_TPoI","tableA5_price_support_distribution_information","T1",75,0.0412314458493678,"Decrease",1424,1843,1424
"10_TPoI","tableA5_price_support_distribution_information","T1",75,0.0412314458493678,"Decrease",1447,1873,1447
"10_TPoI","tableA5_price_support_distribution_information","T1",75,0.0412314458493678,"Decrease",1450,1876,1450
"10_TPoI","tableA5_price_support_distribution_information","T1",75,0.0412314458493678,"Decrease",1479,1907,1479
"10_TPoI","tableA5_price_support_distribution_information","T1",75,0.0412314458493678,"Decrease",1513,1946,1513
"10_TPoI","tableA5_price_support_distribution_information","T1",75,0.0412314458493678,"Decrease",1516,1952,1516
"10_TPoI","tableA5_price_support_distribution_information","T1",75,0.0412314458493678,"Decrease",1524,1963,1524
"10_TPoI","tableA5_price_support_distribution_information","T1",75,0.0412314458493678,"Decrease",1543,1988,1543
"10_TPoI","tableA5_price_support_distribution_information","T1",75,0.0412314458493678,"Decrease",1563,2012,1563
"10_TPoI","tableA5_price_support_distribution_information","T1",75,0.0412314458493678,"Decrease",1586,2050,1586
"10_TPoI","tableA5_price_support_distribution_information","T1",75,0.0412314458493678,"Decrease",1606,2076,1606
"10_TPoI","tableA5_price_support_distribution_information","T1",76,0.0417811984606927,"Decrease",11,16,11
"10_TPoI","tableA5_price_support_distribution_information","T1",76,0.0417811984606927,"Decrease",12,17,12
"10_TPoI","tableA5_price_support_distribution_information","T1",76,0.0417811984606927,"Decrease",17,26,17
"10_TPoI","tableA5_price_support_distribution_information","T1",76,0.0417811984606927,"Decrease",33,45,33
"10_TPoI","tableA5_price_support_distribution_information","T1",76,0.0417811984606927,"Decrease",39,54,39
"10_TPoI","tableA5_price_support_distribution_information","T1",76,0.0417811984606927,"Decrease",52,69,52
"10_TPoI","tableA5_price_support_distribution_information","T1",76,0.0417811984606927,"Decrease",55,72,55
"10_TPoI","tableA5_price_support_distribution_information","T1",76,0.0417811984606927,"Decrease",58,77,58
"10_TPoI","tableA5_price_support_distribution_information","T1",76,0.0417811984606927,"Decrease",61,82,61
"10_TPoI","tableA5_price_support_distribution_information","T1",76,0.0417811984606927,"Decrease",75,98,75
"10_TPoI","tableA5_price_support_distribution_information","T1",76,0.0417811984606927,"Decrease",113,147,113
"10_TPoI","tableA5_price_support_distribution_information","T1",76,0.0417811984606927,"Decrease",116,150,116
"10_TPoI","tableA5_price_support_distribution_information","T1",76,0.0417811984606927,"Decrease",177,230,177
"10_TPoI","tableA5_price_support_distribution_information","T1",76,0.0417811984606927,"Decrease",180,233,180
"10_TPoI","tableA5_price_support_distribution_information","T1",76,0.0417811984606927,"Decrease",192,247,192
"10_TPoI","tableA5_price_support_distribution_information","T1",76,0.0417811984606927,"Decrease",199,256,199
"10_TPoI","tableA5_price_support_distribution_information","T1",76,0.0417811984606927,"Decrease",202,260,202
"10_TPoI","tableA5_price_support_distribution_information","T1",76,0.0417811984606927,"Decrease",225,285,225
"10_TPoI","tableA5_price_support_distribution_information","T1",76,0.0417811984606927,"Decrease",232,292,232
"10_TPoI","tableA5_price_support_distribution_information","T1",76,0.0417811984606927,"Decrease",243,306,243
"10_TPoI","tableA5_price_support_distribution_information","T1",76,0.0417811984606927,"Decrease",285,364,285
"10_TPoI","tableA5_price_support_distribution_information","T1",76,0.0417811984606927,"Decrease",301,387,301
"10_TPoI","tableA5_price_support_distribution_information","T1",76,0.0417811984606927,"Decrease",312,400,312
"10_TPoI","tableA5_price_support_distribution_information","T1",76,0.0417811984606927,"Decrease",349,450,349
"10_TPoI","tableA5_price_support_distribution_information","T1",76,0.0417811984606927,"Decrease",359,463,359
"10_TPoI","tableA5_price_support_distribution_information","T1",76,0.0417811984606927,"Decrease",396,510,396
"10_TPoI","tableA5_price_support_distribution_information","T1",76,0.0417811984606927,"Decrease",401,518,401
"10_TPoI","tableA5_price_support_distribution_information","T1",76,0.0417811984606927,"Decrease",404,522,404
"10_TPoI","tableA5_price_support_distribution_information","T1",76,0.0417811984606927,"Decrease",451,579,451
"10_TPoI","tableA5_price_support_distribution_information","T1",76,0.0417811984606927,"Decrease",540,696,540
"10_TPoI","tableA5_price_support_distribution_information","T1",76,0.0417811984606927,"Decrease",639,828,639
"10_TPoI","tableA5_price_support_distribution_information","T1",76,0.0417811984606927,"Decrease",642,831,642
"10_TPoI","tableA5_price_support_distribution_information","T1",76,0.0417811984606927,"Decrease",683,880,683
"10_TPoI","tableA5_price_support_distribution_information","T1",76,0.0417811984606927,"Decrease",689,887,689
"10_TPoI","tableA5_price_support_distribution_information","T1",76,0.0417811984606927,"Decrease",704,908,704
"10_TPoI","tableA5_price_support_distribution_information","T1",76,0.0417811984606927,"Decrease",707,911,707
"10_TPoI","tableA5_price_support_distribution_information","T1",76,0.0417811984606927,"Decrease",731,938,731
"10_TPoI","tableA5_price_support_distribution_information","T1",76,0.0417811984606927,"Decrease",771,986,771
"10_TPoI","tableA5_price_support_distribution_information","T1",76,0.0417811984606927,"Decrease",794,1017,794
"10_TPoI","tableA5_price_support_distribution_information","T1",76,0.0417811984606927,"Decrease",806,1031,806
"10_TPoI","tableA5_price_support_distribution_information","T1",76,0.0417811984606927,"Decrease",807,1032,807
"10_TPoI","tableA5_price_support_distribution_information","T1",76,0.0417811984606927,"Decrease",810,1036,810
"10_TPoI","tableA5_price_support_distribution_information","T1",76,0.0417811984606927,"Decrease",838,1071,838
"10_TPoI","tableA5_price_support_distribution_information","T1",76,0.0417811984606927,"Decrease",880,1130,880
"10_TPoI","tableA5_price_support_distribution_information","T1",76,0.0417811984606927,"Decrease",899,1156,899
"10_TPoI","tableA5_price_support_distribution_information","T1",76,0.0417811984606927,"Decrease",945,1218,945
"10_TPoI","tableA5_price_support_distribution_information","T1",76,0.0417811984606927,"Decrease",949,1222,949
"10_TPoI","tableA5_price_support_distribution_information","T1",76,0.0417811984606927,"Decrease",979,1264,979
"10_TPoI","tableA5_price_support_distribution_information","T1",76,0.0417811984606927,"Decrease",1083,1398,1083
"10_TPoI","tableA5_price_support_distribution_information","T1",76,0.0417811984606927,"Decrease",1093,1409,1093
"10_TPoI","tableA5_price_support_distribution_information","T1",76,0.0417811984606927,"Decrease",1108,1424,1108
"10_TPoI","tableA5_price_support_distribution_information","T1",76,0.0417811984606927,"Decrease",1145,1475,1145
"10_TPoI","tableA5_price_support_distribution_information","T1",76,0.0417811984606927,"Decrease",1153,1483,1153
"10_TPoI","tableA5_price_support_distribution_information","T1",76,0.0417811984606927,"Decrease",1189,1530,1189
"10_TPoI","tableA5_price_support_distribution_information","T1",76,0.0417811984606927,"Decrease",1191,1532,1191
"10_TPoI","tableA5_price_support_distribution_information","T1",76,0.0417811984606927,"Decrease",1204,1551,1204
"10_TPoI","tableA5_price_support_distribution_information","T1",76,0.0417811984606927,"Decrease",1206,1554,1206
"10_TPoI","tableA5_price_support_distribution_information","T1",76,0.0417811984606927,"Decrease",1267,1631,1267
"10_TPoI","tableA5_price_support_distribution_information","T1",76,0.0417811984606927,"Decrease",1285,1656,1285
"10_TPoI","tableA5_price_support_distribution_information","T1",76,0.0417811984606927,"Decrease",1294,1668,1294
"10_TPoI","tableA5_price_support_distribution_information","T1",76,0.0417811984606927,"Decrease",1315,1697,1315
"10_TPoI","tableA5_price_support_distribution_information","T1",76,0.0417811984606927,"Decrease",1337,1722,1337
"10_TPoI","tableA5_price_support_distribution_information","T1",76,0.0417811984606927,"Decrease",1358,1750,1358
"10_TPoI","tableA5_price_support_distribution_information","T1",76,0.0417811984606927,"Decrease",1380,1777,1380
"10_TPoI","tableA5_price_support_distribution_information","T1",76,0.0417811984606927,"Decrease",1424,1843,1424
"10_TPoI","tableA5_price_support_distribution_information","T1",76,0.0417811984606927,"Decrease",1447,1873,1447
"10_TPoI","tableA5_price_support_distribution_information","T1",76,0.0417811984606927,"Decrease",1450,1876,1450
"10_TPoI","tableA5_price_support_distribution_information","T1",76,0.0417811984606927,"Decrease",1479,1907,1479
"10_TPoI","tableA5_price_support_distribution_information","T1",76,0.0417811984606927,"Decrease",1513,1946,1513
"10_TPoI","tableA5_price_support_distribution_information","T1",76,0.0417811984606927,"Decrease",1516,1952,1516
"10_TPoI","tableA5_price_support_distribution_information","T1",76,0.0417811984606927,"Decrease",1524,1963,1524
"10_TPoI","tableA5_price_support_distribution_information","T1",76,0.0417811984606927,"Decrease",1543,1988,1543
"10_TPoI","tableA5_price_support_distribution_information","T1",76,0.0417811984606927,"Decrease",1563,2012,1563
"10_TPoI","tableA5_price_support_distribution_information","T1",76,0.0417811984606927,"Decrease",1586,2050,1586
"10_TPoI","tableA5_price_support_distribution_information","T1",76,0.0417811984606927,"Decrease",1606,2076,1606
"10_TPoI","tableA5_price_support_distribution_information","T1",76,0.0417811984606927,"Decrease",1625,2101,1625
"10_TPoI","tableA5_price_support_distribution_information","T1",77,0.0423309510720176,"Decrease",11,16,11
"10_TPoI","tableA5_price_support_distribution_information","T1",77,0.0423309510720176,"Decrease",12,17,12
"10_TPoI","tableA5_price_support_distribution_information","T1",77,0.0423309510720176,"Decrease",17,26,17
"10_TPoI","tableA5_price_support_distribution_information","T1",77,0.0423309510720176,"Decrease",33,45,33
"10_TPoI","tableA5_price_support_distribution_information","T1",77,0.0423309510720176,"Decrease",39,54,39
"10_TPoI","tableA5_price_support_distribution_information","T1",77,0.0423309510720176,"Decrease",52,69,52
"10_TPoI","tableA5_price_support_distribution_information","T1",77,0.0423309510720176,"Decrease",55,72,55
"10_TPoI","tableA5_price_support_distribution_information","T1",77,0.0423309510720176,"Decrease",58,77,58
"10_TPoI","tableA5_price_support_distribution_information","T1",77,0.0423309510720176,"Decrease",61,82,61
"10_TPoI","tableA5_price_support_distribution_information","T1",77,0.0423309510720176,"Decrease",75,98,75
"10_TPoI","tableA5_price_support_distribution_information","T1",77,0.0423309510720176,"Decrease",113,147,113
"10_TPoI","tableA5_price_support_distribution_information","T1",77,0.0423309510720176,"Decrease",116,150,116
"10_TPoI","tableA5_price_support_distribution_information","T1",77,0.0423309510720176,"Decrease",177,230,177
"10_TPoI","tableA5_price_support_distribution_information","T1",77,0.0423309510720176,"Decrease",180,233,180
"10_TPoI","tableA5_price_support_distribution_information","T1",77,0.0423309510720176,"Decrease",192,247,192
"10_TPoI","tableA5_price_support_distribution_information","T1",77,0.0423309510720176,"Decrease",199,256,199
"10_TPoI","tableA5_price_support_distribution_information","T1",77,0.0423309510720176,"Decrease",202,260,202
"10_TPoI","tableA5_price_support_distribution_information","T1",77,0.0423309510720176,"Decrease",225,285,225
"10_TPoI","tableA5_price_support_distribution_information","T1",77,0.0423309510720176,"Decrease",232,292,232
"10_TPoI","tableA5_price_support_distribution_information","T1",77,0.0423309510720176,"Decrease",243,306,243
"10_TPoI","tableA5_price_support_distribution_information","T1",77,0.0423309510720176,"Decrease",285,364,285
"10_TPoI","tableA5_price_support_distribution_information","T1",77,0.0423309510720176,"Decrease",301,387,301
"10_TPoI","tableA5_price_support_distribution_information","T1",77,0.0423309510720176,"Decrease",312,400,312
"10_TPoI","tableA5_price_support_distribution_information","T1",77,0.0423309510720176,"Decrease",349,450,349
"10_TPoI","tableA5_price_support_distribution_information","T1",77,0.0423309510720176,"Decrease",359,463,359
"10_TPoI","tableA5_price_support_distribution_information","T1",77,0.0423309510720176,"Decrease",396,510,396
"10_TPoI","tableA5_price_support_distribution_information","T1",77,0.0423309510720176,"Decrease",401,518,401
"10_TPoI","tableA5_price_support_distribution_information","T1",77,0.0423309510720176,"Decrease",404,522,404
"10_TPoI","tableA5_price_support_distribution_information","T1",77,0.0423309510720176,"Decrease",451,579,451
"10_TPoI","tableA5_price_support_distribution_information","T1",77,0.0423309510720176,"Decrease",540,696,540
"10_TPoI","tableA5_price_support_distribution_information","T1",77,0.0423309510720176,"Decrease",639,828,639
"10_TPoI","tableA5_price_support_distribution_information","T1",77,0.0423309510720176,"Decrease",642,831,642
"10_TPoI","tableA5_price_support_distribution_information","T1",77,0.0423309510720176,"Decrease",683,880,683
"10_TPoI","tableA5_price_support_distribution_information","T1",77,0.0423309510720176,"Decrease",689,887,689
"10_TPoI","tableA5_price_support_distribution_information","T1",77,0.0423309510720176,"Decrease",704,908,704
"10_TPoI","tableA5_price_support_distribution_information","T1",77,0.0423309510720176,"Decrease",707,911,707
"10_TPoI","tableA5_price_support_distribution_information","T1",77,0.0423309510720176,"Decrease",731,938,731
"10_TPoI","tableA5_price_support_distribution_information","T1",77,0.0423309510720176,"Decrease",771,986,771
"10_TPoI","tableA5_price_support_distribution_information","T1",77,0.0423309510720176,"Decrease",794,1017,794
"10_TPoI","tableA5_price_support_distribution_information","T1",77,0.0423309510720176,"Decrease",806,1031,806
"10_TPoI","tableA5_price_support_distribution_information","T1",77,0.0423309510720176,"Decrease",807,1032,807
"10_TPoI","tableA5_price_support_distribution_information","T1",77,0.0423309510720176,"Decrease",810,1036,810
"10_TPoI","tableA5_price_support_distribution_information","T1",77,0.0423309510720176,"Decrease",838,1071,838
"10_TPoI","tableA5_price_support_distribution_information","T1",77,0.0423309510720176,"Decrease",880,1130,880
"10_TPoI","tableA5_price_support_distribution_information","T1",77,0.0423309510720176,"Decrease",899,1156,899
"10_TPoI","tableA5_price_support_distribution_information","T1",77,0.0423309510720176,"Decrease",945,1218,945
"10_TPoI","tableA5_price_support_distribution_information","T1",77,0.0423309510720176,"Decrease",949,1222,949
"10_TPoI","tableA5_price_support_distribution_information","T1",77,0.0423309510720176,"Decrease",979,1264,979
"10_TPoI","tableA5_price_support_distribution_information","T1",77,0.0423309510720176,"Decrease",1083,1398,1083
"10_TPoI","tableA5_price_support_distribution_information","T1",77,0.0423309510720176,"Decrease",1093,1409,1093
"10_TPoI","tableA5_price_support_distribution_information","T1",77,0.0423309510720176,"Decrease",1108,1424,1108
"10_TPoI","tableA5_price_support_distribution_information","T1",77,0.0423309510720176,"Decrease",1145,1475,1145
"10_TPoI","tableA5_price_support_distribution_information","T1",77,0.0423309510720176,"Decrease",1153,1483,1153
"10_TPoI","tableA5_price_support_distribution_information","T1",77,0.0423309510720176,"Decrease",1189,1530,1189
"10_TPoI","tableA5_price_support_distribution_information","T1",77,0.0423309510720176,"Decrease",1191,1532,1191
"10_TPoI","tableA5_price_support_distribution_information","T1",77,0.0423309510720176,"Decrease",1204,1551,1204
"10_TPoI","tableA5_price_support_distribution_information","T1",77,0.0423309510720176,"Decrease",1206,1554,1206
"10_TPoI","tableA5_price_support_distribution_information","T1",77,0.0423309510720176,"Decrease",1267,1631,1267
"10_TPoI","tableA5_price_support_distribution_information","T1",77,0.0423309510720176,"Decrease",1285,1656,1285
"10_TPoI","tableA5_price_support_distribution_information","T1",77,0.0423309510720176,"Decrease",1294,1668,1294
"10_TPoI","tableA5_price_support_distribution_information","T1",77,0.0423309510720176,"Decrease",1315,1697,1315
"10_TPoI","tableA5_price_support_distribution_information","T1",77,0.0423309510720176,"Decrease",1337,1722,1337
"10_TPoI","tableA5_price_support_distribution_information","T1",77,0.0423309510720176,"Decrease",1358,1750,1358
"10_TPoI","tableA5_price_support_distribution_information","T1",77,0.0423309510720176,"Decrease",1380,1777,1380
"10_TPoI","tableA5_price_support_distribution_information","T1",77,0.0423309510720176,"Decrease",1424,1843,1424
"10_TPoI","tableA5_price_support_distribution_information","T1",77,0.0423309510720176,"Decrease",1447,1873,1447
"10_TPoI","tableA5_price_support_distribution_information","T1",77,0.0423309510720176,"Decrease",1450,1876,1450
"10_TPoI","tableA5_price_support_distribution_information","T1",77,0.0423309510720176,"Decrease",1479,1907,1479
"10_TPoI","tableA5_price_support_distribution_information","T1",77,0.0423309510720176,"Decrease",1513,1946,1513
"10_TPoI","tableA5_price_support_distribution_information","T1",77,0.0423309510720176,"Decrease",1516,1952,1516
"10_TPoI","tableA5_price_support_distribution_information","T1",77,0.0423309510720176,"Decrease",1524,1963,1524
"10_TPoI","tableA5_price_support_distribution_information","T1",77,0.0423309510720176,"Decrease",1543,1988,1543
"10_TPoI","tableA5_price_support_distribution_information","T1",77,0.0423309510720176,"Decrease",1563,2012,1563
"10_TPoI","tableA5_price_support_distribution_information","T1",77,0.0423309510720176,"Decrease",1586,2050,1586
"10_TPoI","tableA5_price_support_distribution_information","T1",77,0.0423309510720176,"Decrease",1606,2076,1606
"10_TPoI","tableA5_price_support_distribution_information","T1",77,0.0423309510720176,"Decrease",1625,2101,1625
"10_TPoI","tableA5_price_support_distribution_information","T1",77,0.0423309510720176,"Decrease",1630,2107,1630
"10_TPoI","tableA5_price_support_distribution_information","T1",78,0.0428807036833425,"Decrease",11,16,11
"10_TPoI","tableA5_price_support_distribution_information","T1",78,0.0428807036833425,"Decrease",12,17,12
"10_TPoI","tableA5_price_support_distribution_information","T1",78,0.0428807036833425,"Decrease",17,26,17
"10_TPoI","tableA5_price_support_distribution_information","T1",78,0.0428807036833425,"Decrease",33,45,33
"10_TPoI","tableA5_price_support_distribution_information","T1",78,0.0428807036833425,"Decrease",39,54,39
"10_TPoI","tableA5_price_support_distribution_information","T1",78,0.0428807036833425,"Decrease",52,69,52
"10_TPoI","tableA5_price_support_distribution_information","T1",78,0.0428807036833425,"Decrease",55,72,55
"10_TPoI","tableA5_price_support_distribution_information","T1",78,0.0428807036833425,"Decrease",58,77,58
"10_TPoI","tableA5_price_support_distribution_information","T1",78,0.0428807036833425,"Decrease",61,82,61
"10_TPoI","tableA5_price_support_distribution_information","T1",78,0.0428807036833425,"Decrease",75,98,75
"10_TPoI","tableA5_price_support_distribution_information","T1",78,0.0428807036833425,"Decrease",113,147,113
"10_TPoI","tableA5_price_support_distribution_information","T1",78,0.0428807036833425,"Decrease",116,150,116
"10_TPoI","tableA5_price_support_distribution_information","T1",78,0.0428807036833425,"Decrease",177,230,177
"10_TPoI","tableA5_price_support_distribution_information","T1",78,0.0428807036833425,"Decrease",180,233,180
"10_TPoI","tableA5_price_support_distribution_information","T1",78,0.0428807036833425,"Decrease",192,247,192
"10_TPoI","tableA5_price_support_distribution_information","T1",78,0.0428807036833425,"Decrease",199,256,199
"10_TPoI","tableA5_price_support_distribution_information","T1",78,0.0428807036833425,"Decrease",202,260,202
"10_TPoI","tableA5_price_support_distribution_information","T1",78,0.0428807036833425,"Decrease",225,285,225
"10_TPoI","tableA5_price_support_distribution_information","T1",78,0.0428807036833425,"Decrease",232,292,232
"10_TPoI","tableA5_price_support_distribution_information","T1",78,0.0428807036833425,"Decrease",243,306,243
"10_TPoI","tableA5_price_support_distribution_information","T1",78,0.0428807036833425,"Decrease",285,364,285
"10_TPoI","tableA5_price_support_distribution_information","T1",78,0.0428807036833425,"Decrease",301,387,301
"10_TPoI","tableA5_price_support_distribution_information","T1",78,0.0428807036833425,"Decrease",312,400,312
"10_TPoI","tableA5_price_support_distribution_information","T1",78,0.0428807036833425,"Decrease",349,450,349
"10_TPoI","tableA5_price_support_distribution_information","T1",78,0.0428807036833425,"Decrease",359,463,359
"10_TPoI","tableA5_price_support_distribution_information","T1",78,0.0428807036833425,"Decrease",396,510,396
"10_TPoI","tableA5_price_support_distribution_information","T1",78,0.0428807036833425,"Decrease",401,518,401
"10_TPoI","tableA5_price_support_distribution_information","T1",78,0.0428807036833425,"Decrease",404,522,404
"10_TPoI","tableA5_price_support_distribution_information","T1",78,0.0428807036833425,"Decrease",451,579,451
"10_TPoI","tableA5_price_support_distribution_information","T1",78,0.0428807036833425,"Decrease",540,696,540
"10_TPoI","tableA5_price_support_distribution_information","T1",78,0.0428807036833425,"Decrease",639,828,639
"10_TPoI","tableA5_price_support_distribution_information","T1",78,0.0428807036833425,"Decrease",642,831,642
"10_TPoI","tableA5_price_support_distribution_information","T1",78,0.0428807036833425,"Decrease",683,880,683
"10_TPoI","tableA5_price_support_distribution_information","T1",78,0.0428807036833425,"Decrease",689,887,689
"10_TPoI","tableA5_price_support_distribution_information","T1",78,0.0428807036833425,"Decrease",704,908,704
"10_TPoI","tableA5_price_support_distribution_information","T1",78,0.0428807036833425,"Decrease",707,911,707
"10_TPoI","tableA5_price_support_distribution_information","T1",78,0.0428807036833425,"Decrease",731,938,731
"10_TPoI","tableA5_price_support_distribution_information","T1",78,0.0428807036833425,"Decrease",771,986,771
"10_TPoI","tableA5_price_support_distribution_information","T1",78,0.0428807036833425,"Decrease",794,1017,794
"10_TPoI","tableA5_price_support_distribution_information","T1",78,0.0428807036833425,"Decrease",806,1031,806
"10_TPoI","tableA5_price_support_distribution_information","T1",78,0.0428807036833425,"Decrease",807,1032,807
"10_TPoI","tableA5_price_support_distribution_information","T1",78,0.0428807036833425,"Decrease",810,1036,810
"10_TPoI","tableA5_price_support_distribution_information","T1",78,0.0428807036833425,"Decrease",838,1071,838
"10_TPoI","tableA5_price_support_distribution_information","T1",78,0.0428807036833425,"Decrease",880,1130,880
"10_TPoI","tableA5_price_support_distribution_information","T1",78,0.0428807036833425,"Decrease",899,1156,899
"10_TPoI","tableA5_price_support_distribution_information","T1",78,0.0428807036833425,"Decrease",945,1218,945
"10_TPoI","tableA5_price_support_distribution_information","T1",78,0.0428807036833425,"Decrease",949,1222,949
"10_TPoI","tableA5_price_support_distribution_information","T1",78,0.0428807036833425,"Decrease",979,1264,979
"10_TPoI","tableA5_price_support_distribution_information","T1",78,0.0428807036833425,"Decrease",1083,1398,1083
"10_TPoI","tableA5_price_support_distribution_information","T1",78,0.0428807036833425,"Decrease",1093,1409,1093
"10_TPoI","tableA5_price_support_distribution_information","T1",78,0.0428807036833425,"Decrease",1108,1424,1108
"10_TPoI","tableA5_price_support_distribution_information","T1",78,0.0428807036833425,"Decrease",1145,1475,1145
"10_TPoI","tableA5_price_support_distribution_information","T1",78,0.0428807036833425,"Decrease",1153,1483,1153
"10_TPoI","tableA5_price_support_distribution_information","T1",78,0.0428807036833425,"Decrease",1189,1530,1189
"10_TPoI","tableA5_price_support_distribution_information","T1",78,0.0428807036833425,"Decrease",1191,1532,1191
"10_TPoI","tableA5_price_support_distribution_information","T1",78,0.0428807036833425,"Decrease",1204,1551,1204
"10_TPoI","tableA5_price_support_distribution_information","T1",78,0.0428807036833425,"Decrease",1206,1554,1206
"10_TPoI","tableA5_price_support_distribution_information","T1",78,0.0428807036833425,"Decrease",1267,1631,1267
"10_TPoI","tableA5_price_support_distribution_information","T1",78,0.0428807036833425,"Decrease",1285,1656,1285
"10_TPoI","tableA5_price_support_distribution_information","T1",78,0.0428807036833425,"Decrease",1294,1668,1294
"10_TPoI","tableA5_price_support_distribution_information","T1",78,0.0428807036833425,"Decrease",1315,1697,1315
"10_TPoI","tableA5_price_support_distribution_information","T1",78,0.0428807036833425,"Decrease",1337,1722,1337
"10_TPoI","tableA5_price_support_distribution_information","T1",78,0.0428807036833425,"Decrease",1358,1750,1358
"10_TPoI","tableA5_price_support_distribution_information","T1",78,0.0428807036833425,"Decrease",1380,1777,1380
"10_TPoI","tableA5_price_support_distribution_information","T1",78,0.0428807036833425,"Decrease",1424,1843,1424
"10_TPoI","tableA5_price_support_distribution_information","T1",78,0.0428807036833425,"Decrease",1447,1873,1447
"10_TPoI","tableA5_price_support_distribution_information","T1",78,0.0428807036833425,"Decrease",1450,1876,1450
"10_TPoI","tableA5_price_support_distribution_information","T1",78,0.0428807036833425,"Decrease",1479,1907,1479
"10_TPoI","tableA5_price_support_distribution_information","T1",78,0.0428807036833425,"Decrease",1513,1946,1513
"10_TPoI","tableA5_price_support_distribution_information","T1",78,0.0428807036833425,"Decrease",1516,1952,1516
"10_TPoI","tableA5_price_support_distribution_information","T1",78,0.0428807036833425,"Decrease",1524,1963,1524
"10_TPoI","tableA5_price_support_distribution_information","T1",78,0.0428807036833425,"Decrease",1543,1988,1543
"10_TPoI","tableA5_price_support_distribution_information","T1",78,0.0428807036833425,"Decrease",1563,2012,1563
"10_TPoI","tableA5_price_support_distribution_information","T1",78,0.0428807036833425,"Decrease",1586,2050,1586
"10_TPoI","tableA5_price_support_distribution_information","T1",78,0.0428807036833425,"Decrease",1606,2076,1606
"10_TPoI","tableA5_price_support_distribution_information","T1",78,0.0428807036833425,"Decrease",1625,2101,1625
"10_TPoI","tableA5_price_support_distribution_information","T1",78,0.0428807036833425,"Decrease",1630,2107,1630
"10_TPoI","tableA5_price_support_distribution_information","T1",78,0.0428807036833425,"Decrease",1636,2114,1636
"10_TPoI","tableA5_price_support_distribution_information","T1",79,0.0434304562946674,"Decrease",11,16,11
"10_TPoI","tableA5_price_support_distribution_information","T1",79,0.0434304562946674,"Decrease",12,17,12
"10_TPoI","tableA5_price_support_distribution_information","T1",79,0.0434304562946674,"Decrease",17,26,17
"10_TPoI","tableA5_price_support_distribution_information","T1",79,0.0434304562946674,"Decrease",33,45,33
"10_TPoI","tableA5_price_support_distribution_information","T1",79,0.0434304562946674,"Decrease",39,54,39
"10_TPoI","tableA5_price_support_distribution_information","T1",79,0.0434304562946674,"Decrease",52,69,52
"10_TPoI","tableA5_price_support_distribution_information","T1",79,0.0434304562946674,"Decrease",55,72,55
"10_TPoI","tableA5_price_support_distribution_information","T1",79,0.0434304562946674,"Decrease",58,77,58
"10_TPoI","tableA5_price_support_distribution_information","T1",79,0.0434304562946674,"Decrease",61,82,61
"10_TPoI","tableA5_price_support_distribution_information","T1",79,0.0434304562946674,"Decrease",75,98,75
"10_TPoI","tableA5_price_support_distribution_information","T1",79,0.0434304562946674,"Decrease",113,147,113
"10_TPoI","tableA5_price_support_distribution_information","T1",79,0.0434304562946674,"Decrease",116,150,116
"10_TPoI","tableA5_price_support_distribution_information","T1",79,0.0434304562946674,"Decrease",177,230,177
"10_TPoI","tableA5_price_support_distribution_information","T1",79,0.0434304562946674,"Decrease",180,233,180
"10_TPoI","tableA5_price_support_distribution_information","T1",79,0.0434304562946674,"Decrease",192,247,192
"10_TPoI","tableA5_price_support_distribution_information","T1",79,0.0434304562946674,"Decrease",199,256,199
"10_TPoI","tableA5_price_support_distribution_information","T1",79,0.0434304562946674,"Decrease",202,260,202
"10_TPoI","tableA5_price_support_distribution_information","T1",79,0.0434304562946674,"Decrease",225,285,225
"10_TPoI","tableA5_price_support_distribution_information","T1",79,0.0434304562946674,"Decrease",232,292,232
"10_TPoI","tableA5_price_support_distribution_information","T1",79,0.0434304562946674,"Decrease",243,306,243
"10_TPoI","tableA5_price_support_distribution_information","T1",79,0.0434304562946674,"Decrease",285,364,285
"10_TPoI","tableA5_price_support_distribution_information","T1",79,0.0434304562946674,"Decrease",301,387,301
"10_TPoI","tableA5_price_support_distribution_information","T1",79,0.0434304562946674,"Decrease",312,400,312
"10_TPoI","tableA5_price_support_distribution_information","T1",79,0.0434304562946674,"Decrease",349,450,349
"10_TPoI","tableA5_price_support_distribution_information","T1",79,0.0434304562946674,"Decrease",359,463,359
"10_TPoI","tableA5_price_support_distribution_information","T1",79,0.0434304562946674,"Decrease",396,510,396
"10_TPoI","tableA5_price_support_distribution_information","T1",79,0.0434304562946674,"Decrease",401,518,401
"10_TPoI","tableA5_price_support_distribution_information","T1",79,0.0434304562946674,"Decrease",404,522,404
"10_TPoI","tableA5_price_support_distribution_information","T1",79,0.0434304562946674,"Decrease",451,579,451
"10_TPoI","tableA5_price_support_distribution_information","T1",79,0.0434304562946674,"Decrease",540,696,540
"10_TPoI","tableA5_price_support_distribution_information","T1",79,0.0434304562946674,"Decrease",639,828,639
"10_TPoI","tableA5_price_support_distribution_information","T1",79,0.0434304562946674,"Decrease",642,831,642
"10_TPoI","tableA5_price_support_distribution_information","T1",79,0.0434304562946674,"Decrease",683,880,683
"10_TPoI","tableA5_price_support_distribution_information","T1",79,0.0434304562946674,"Decrease",689,887,689
"10_TPoI","tableA5_price_support_distribution_information","T1",79,0.0434304562946674,"Decrease",704,908,704
"10_TPoI","tableA5_price_support_distribution_information","T1",79,0.0434304562946674,"Decrease",707,911,707
"10_TPoI","tableA5_price_support_distribution_information","T1",79,0.0434304562946674,"Decrease",731,938,731
"10_TPoI","tableA5_price_support_distribution_information","T1",79,0.0434304562946674,"Decrease",771,986,771
"10_TPoI","tableA5_price_support_distribution_information","T1",79,0.0434304562946674,"Decrease",794,1017,794
"10_TPoI","tableA5_price_support_distribution_information","T1",79,0.0434304562946674,"Decrease",806,1031,806
"10_TPoI","tableA5_price_support_distribution_information","T1",79,0.0434304562946674,"Decrease",807,1032,807
"10_TPoI","tableA5_price_support_distribution_information","T1",79,0.0434304562946674,"Decrease",810,1036,810
"10_TPoI","tableA5_price_support_distribution_information","T1",79,0.0434304562946674,"Decrease",838,1071,838
"10_TPoI","tableA5_price_support_distribution_information","T1",79,0.0434304562946674,"Decrease",880,1130,880
"10_TPoI","tableA5_price_support_distribution_information","T1",79,0.0434304562946674,"Decrease",899,1156,899
"10_TPoI","tableA5_price_support_distribution_information","T1",79,0.0434304562946674,"Decrease",945,1218,945
"10_TPoI","tableA5_price_support_distribution_information","T1",79,0.0434304562946674,"Decrease",949,1222,949
"10_TPoI","tableA5_price_support_distribution_information","T1",79,0.0434304562946674,"Decrease",979,1264,979
"10_TPoI","tableA5_price_support_distribution_information","T1",79,0.0434304562946674,"Decrease",1083,1398,1083
"10_TPoI","tableA5_price_support_distribution_information","T1",79,0.0434304562946674,"Decrease",1093,1409,1093
"10_TPoI","tableA5_price_support_distribution_information","T1",79,0.0434304562946674,"Decrease",1108,1424,1108
"10_TPoI","tableA5_price_support_distribution_information","T1",79,0.0434304562946674,"Decrease",1145,1475,1145
"10_TPoI","tableA5_price_support_distribution_information","T1",79,0.0434304562946674,"Decrease",1153,1483,1153
"10_TPoI","tableA5_price_support_distribution_information","T1",79,0.0434304562946674,"Decrease",1189,1530,1189
"10_TPoI","tableA5_price_support_distribution_information","T1",79,0.0434304562946674,"Decrease",1191,1532,1191
"10_TPoI","tableA5_price_support_distribution_information","T1",79,0.0434304562946674,"Decrease",1204,1551,1204
"10_TPoI","tableA5_price_support_distribution_information","T1",79,0.0434304562946674,"Decrease",1206,1554,1206
"10_TPoI","tableA5_price_support_distribution_information","T1",79,0.0434304562946674,"Decrease",1267,1631,1267
"10_TPoI","tableA5_price_support_distribution_information","T1",79,0.0434304562946674,"Decrease",1285,1656,1285
"10_TPoI","tableA5_price_support_distribution_information","T1",79,0.0434304562946674,"Decrease",1294,1668,1294
"10_TPoI","tableA5_price_support_distribution_information","T1",79,0.0434304562946674,"Decrease",1315,1697,1315
"10_TPoI","tableA5_price_support_distribution_information","T1",79,0.0434304562946674,"Decrease",1337,1722,1337
"10_TPoI","tableA5_price_support_distribution_information","T1",79,0.0434304562946674,"Decrease",1358,1750,1358
"10_TPoI","tableA5_price_support_distribution_information","T1",79,0.0434304562946674,"Decrease",1380,1777,1380
"10_TPoI","tableA5_price_support_distribution_information","T1",79,0.0434304562946674,"Decrease",1424,1843,1424
"10_TPoI","tableA5_price_support_distribution_information","T1",79,0.0434304562946674,"Decrease",1447,1873,1447
"10_TPoI","tableA5_price_support_distribution_information","T1",79,0.0434304562946674,"Decrease",1450,1876,1450
"10_TPoI","tableA5_price_support_distribution_information","T1",79,0.0434304562946674,"Decrease",1479,1907,1479
"10_TPoI","tableA5_price_support_distribution_information","T1",79,0.0434304562946674,"Decrease",1513,1946,1513
"10_TPoI","tableA5_price_support_distribution_information","T1",79,0.0434304562946674,"Decrease",1516,1952,1516
"10_TPoI","tableA5_price_support_distribution_information","T1",79,0.0434304562946674,"Decrease",1524,1963,1524
"10_TPoI","tableA5_price_support_distribution_information","T1",79,0.0434304562946674,"Decrease",1543,1988,1543
"10_TPoI","tableA5_price_support_distribution_information","T1",79,0.0434304562946674,"Decrease",1563,2012,1563
"10_TPoI","tableA5_price_support_distribution_information","T1",79,0.0434304562946674,"Decrease",1586,2050,1586
"10_TPoI","tableA5_price_support_distribution_information","T1",79,0.0434304562946674,"Decrease",1606,2076,1606
"10_TPoI","tableA5_price_support_distribution_information","T1",79,0.0434304562946674,"Decrease",1625,2101,1625
"10_TPoI","tableA5_price_support_distribution_information","T1",79,0.0434304562946674,"Decrease",1630,2107,1630
"10_TPoI","tableA5_price_support_distribution_information","T1",79,0.0434304562946674,"Decrease",1636,2114,1636
"10_TPoI","tableA5_price_support_distribution_information","T1",79,0.0434304562946674,"Decrease",1641,2122,1641
"10_TPoI","tableA5_price_support_distribution_information","T1",80,0.0439802089059923,"Decrease",11,16,11
"10_TPoI","tableA5_price_support_distribution_information","T1",80,0.0439802089059923,"Decrease",12,17,12
"10_TPoI","tableA5_price_support_distribution_information","T1",80,0.0439802089059923,"Decrease",17,26,17
"10_TPoI","tableA5_price_support_distribution_information","T1",80,0.0439802089059923,"Decrease",33,45,33
"10_TPoI","tableA5_price_support_distribution_information","T1",80,0.0439802089059923,"Decrease",39,54,39
"10_TPoI","tableA5_price_support_distribution_information","T1",80,0.0439802089059923,"Decrease",52,69,52
"10_TPoI","tableA5_price_support_distribution_information","T1",80,0.0439802089059923,"Decrease",55,72,55
"10_TPoI","tableA5_price_support_distribution_information","T1",80,0.0439802089059923,"Decrease",58,77,58
"10_TPoI","tableA5_price_support_distribution_information","T1",80,0.0439802089059923,"Decrease",61,82,61
"10_TPoI","tableA5_price_support_distribution_information","T1",80,0.0439802089059923,"Decrease",75,98,75
"10_TPoI","tableA5_price_support_distribution_information","T1",80,0.0439802089059923,"Decrease",113,147,113
"10_TPoI","tableA5_price_support_distribution_information","T1",80,0.0439802089059923,"Decrease",116,150,116
"10_TPoI","tableA5_price_support_distribution_information","T1",80,0.0439802089059923,"Decrease",177,230,177
"10_TPoI","tableA5_price_support_distribution_information","T1",80,0.0439802089059923,"Decrease",180,233,180
"10_TPoI","tableA5_price_support_distribution_information","T1",80,0.0439802089059923,"Decrease",192,247,192
"10_TPoI","tableA5_price_support_distribution_information","T1",80,0.0439802089059923,"Decrease",199,256,199
"10_TPoI","tableA5_price_support_distribution_information","T1",80,0.0439802089059923,"Decrease",202,260,202
"10_TPoI","tableA5_price_support_distribution_information","T1",80,0.0439802089059923,"Decrease",225,285,225
"10_TPoI","tableA5_price_support_distribution_information","T1",80,0.0439802089059923,"Decrease",232,292,232
"10_TPoI","tableA5_price_support_distribution_information","T1",80,0.0439802089059923,"Decrease",243,306,243
"10_TPoI","tableA5_price_support_distribution_information","T1",80,0.0439802089059923,"Decrease",285,364,285
"10_TPoI","tableA5_price_support_distribution_information","T1",80,0.0439802089059923,"Decrease",301,387,301
"10_TPoI","tableA5_price_support_distribution_information","T1",80,0.0439802089059923,"Decrease",312,400,312
"10_TPoI","tableA5_price_support_distribution_information","T1",80,0.0439802089059923,"Decrease",349,450,349
"10_TPoI","tableA5_price_support_distribution_information","T1",80,0.0439802089059923,"Decrease",359,463,359
"10_TPoI","tableA5_price_support_distribution_information","T1",80,0.0439802089059923,"Decrease",396,510,396
"10_TPoI","tableA5_price_support_distribution_information","T1",80,0.0439802089059923,"Decrease",401,518,401
"10_TPoI","tableA5_price_support_distribution_information","T1",80,0.0439802089059923,"Decrease",404,522,404
"10_TPoI","tableA5_price_support_distribution_information","T1",80,0.0439802089059923,"Decrease",451,579,451
"10_TPoI","tableA5_price_support_distribution_information","T1",80,0.0439802089059923,"Decrease",540,696,540
"10_TPoI","tableA5_price_support_distribution_information","T1",80,0.0439802089059923,"Decrease",639,828,639
"10_TPoI","tableA5_price_support_distribution_information","T1",80,0.0439802089059923,"Decrease",642,831,642
"10_TPoI","tableA5_price_support_distribution_information","T1",80,0.0439802089059923,"Decrease",683,880,683
"10_TPoI","tableA5_price_support_distribution_information","T1",80,0.0439802089059923,"Decrease",689,887,689
"10_TPoI","tableA5_price_support_distribution_information","T1",80,0.0439802089059923,"Decrease",704,908,704
"10_TPoI","tableA5_price_support_distribution_information","T1",80,0.0439802089059923,"Decrease",707,911,707
"10_TPoI","tableA5_price_support_distribution_information","T1",80,0.0439802089059923,"Decrease",731,938,731
"10_TPoI","tableA5_price_support_distribution_information","T1",80,0.0439802089059923,"Decrease",771,986,771
"10_TPoI","tableA5_price_support_distribution_information","T1",80,0.0439802089059923,"Decrease",794,1017,794
"10_TPoI","tableA5_price_support_distribution_information","T1",80,0.0439802089059923,"Decrease",806,1031,806
"10_TPoI","tableA5_price_support_distribution_information","T1",80,0.0439802089059923,"Decrease",807,1032,807
"10_TPoI","tableA5_price_support_distribution_information","T1",80,0.0439802089059923,"Decrease",810,1036,810
"10_TPoI","tableA5_price_support_distribution_information","T1",80,0.0439802089059923,"Decrease",838,1071,838
"10_TPoI","tableA5_price_support_distribution_information","T1",80,0.0439802089059923,"Decrease",880,1130,880
"10_TPoI","tableA5_price_support_distribution_information","T1",80,0.0439802089059923,"Decrease",899,1156,899
"10_TPoI","tableA5_price_support_distribution_information","T1",80,0.0439802089059923,"Decrease",945,1218,945
"10_TPoI","tableA5_price_support_distribution_information","T1",80,0.0439802089059923,"Decrease",949,1222,949
"10_TPoI","tableA5_price_support_distribution_information","T1",80,0.0439802089059923,"Decrease",979,1264,979
"10_TPoI","tableA5_price_support_distribution_information","T1",80,0.0439802089059923,"Decrease",1083,1398,1083
"10_TPoI","tableA5_price_support_distribution_information","T1",80,0.0439802089059923,"Decrease",1093,1409,1093
"10_TPoI","tableA5_price_support_distribution_information","T1",80,0.0439802089059923,"Decrease",1108,1424,1108
"10_TPoI","tableA5_price_support_distribution_information","T1",80,0.0439802089059923,"Decrease",1145,1475,1145
"10_TPoI","tableA5_price_support_distribution_information","T1",80,0.0439802089059923,"Decrease",1153,1483,1153
"10_TPoI","tableA5_price_support_distribution_information","T1",80,0.0439802089059923,"Decrease",1189,1530,1189
"10_TPoI","tableA5_price_support_distribution_information","T1",80,0.0439802089059923,"Decrease",1191,1532,1191
"10_TPoI","tableA5_price_support_distribution_information","T1",80,0.0439802089059923,"Decrease",1204,1551,1204
"10_TPoI","tableA5_price_support_distribution_information","T1",80,0.0439802089059923,"Decrease",1206,1554,1206
"10_TPoI","tableA5_price_support_distribution_information","T1",80,0.0439802089059923,"Decrease",1267,1631,1267
"10_TPoI","tableA5_price_support_distribution_information","T1",80,0.0439802089059923,"Decrease",1285,1656,1285
"10_TPoI","tableA5_price_support_distribution_information","T1",80,0.0439802089059923,"Decrease",1294,1668,1294
"10_TPoI","tableA5_price_support_distribution_information","T1",80,0.0439802089059923,"Decrease",1315,1697,1315
"10_TPoI","tableA5_price_support_distribution_information","T1",80,0.0439802089059923,"Decrease",1337,1722,1337
"10_TPoI","tableA5_price_support_distribution_information","T1",80,0.0439802089059923,"Decrease",1358,1750,1358
"10_TPoI","tableA5_price_support_distribution_information","T1",80,0.0439802089059923,"Decrease",1380,1777,1380
"10_TPoI","tableA5_price_support_distribution_information","T1",80,0.0439802089059923,"Decrease",1424,1843,1424
"10_TPoI","tableA5_price_support_distribution_information","T1",80,0.0439802089059923,"Decrease",1447,1873,1447
"10_TPoI","tableA5_price_support_distribution_information","T1",80,0.0439802089059923,"Decrease",1450,1876,1450
"10_TPoI","tableA5_price_support_distribution_information","T1",80,0.0439802089059923,"Decrease",1479,1907,1479
"10_TPoI","tableA5_price_support_distribution_information","T1",80,0.0439802089059923,"Decrease",1513,1946,1513
"10_TPoI","tableA5_price_support_distribution_information","T1",80,0.0439802089059923,"Decrease",1516,1952,1516
"10_TPoI","tableA5_price_support_distribution_information","T1",80,0.0439802089059923,"Decrease",1524,1963,1524
"10_TPoI","tableA5_price_support_distribution_information","T1",80,0.0439802089059923,"Decrease",1543,1988,1543
"10_TPoI","tableA5_price_support_distribution_information","T1",80,0.0439802089059923,"Decrease",1563,2012,1563
"10_TPoI","tableA5_price_support_distribution_information","T1",80,0.0439802089059923,"Decrease",1586,2050,1586
"10_TPoI","tableA5_price_support_distribution_information","T1",80,0.0439802089059923,"Decrease",1606,2076,1606
"10_TPoI","tableA5_price_support_distribution_information","T1",80,0.0439802089059923,"Decrease",1625,2101,1625
"10_TPoI","tableA5_price_support_distribution_information","T1",80,0.0439802089059923,"Decrease",1630,2107,1630
"10_TPoI","tableA5_price_support_distribution_information","T1",80,0.0439802089059923,"Decrease",1636,2114,1636
"10_TPoI","tableA5_price_support_distribution_information","T1",80,0.0439802089059923,"Decrease",1641,2122,1641
"10_TPoI","tableA5_price_support_distribution_information","T1",80,0.0439802089059923,"Decrease",1669,2154,1669
"10_TPoI","tableA5_price_support_distribution_information","T1",81,0.0445299615173172,"Decrease",11,16,11
"10_TPoI","tableA5_price_support_distribution_information","T1",81,0.0445299615173172,"Decrease",12,17,12
"10_TPoI","tableA5_price_support_distribution_information","T1",81,0.0445299615173172,"Decrease",17,26,17
"10_TPoI","tableA5_price_support_distribution_information","T1",81,0.0445299615173172,"Decrease",33,45,33
"10_TPoI","tableA5_price_support_distribution_information","T1",81,0.0445299615173172,"Decrease",39,54,39
"10_TPoI","tableA5_price_support_distribution_information","T1",81,0.0445299615173172,"Decrease",52,69,52
"10_TPoI","tableA5_price_support_distribution_information","T1",81,0.0445299615173172,"Decrease",55,72,55
"10_TPoI","tableA5_price_support_distribution_information","T1",81,0.0445299615173172,"Decrease",58,77,58
"10_TPoI","tableA5_price_support_distribution_information","T1",81,0.0445299615173172,"Decrease",61,82,61
"10_TPoI","tableA5_price_support_distribution_information","T1",81,0.0445299615173172,"Decrease",75,98,75
"10_TPoI","tableA5_price_support_distribution_information","T1",81,0.0445299615173172,"Decrease",113,147,113
"10_TPoI","tableA5_price_support_distribution_information","T1",81,0.0445299615173172,"Decrease",116,150,116
"10_TPoI","tableA5_price_support_distribution_information","T1",81,0.0445299615173172,"Decrease",177,230,177
"10_TPoI","tableA5_price_support_distribution_information","T1",81,0.0445299615173172,"Decrease",180,233,180
"10_TPoI","tableA5_price_support_distribution_information","T1",81,0.0445299615173172,"Decrease",192,247,192
"10_TPoI","tableA5_price_support_distribution_information","T1",81,0.0445299615173172,"Decrease",199,256,199
"10_TPoI","tableA5_price_support_distribution_information","T1",81,0.0445299615173172,"Decrease",202,260,202
"10_TPoI","tableA5_price_support_distribution_information","T1",81,0.0445299615173172,"Decrease",225,285,225
"10_TPoI","tableA5_price_support_distribution_information","T1",81,0.0445299615173172,"Decrease",232,292,232
"10_TPoI","tableA5_price_support_distribution_information","T1",81,0.0445299615173172,"Decrease",243,306,243
"10_TPoI","tableA5_price_support_distribution_information","T1",81,0.0445299615173172,"Decrease",285,364,285
"10_TPoI","tableA5_price_support_distribution_information","T1",81,0.0445299615173172,"Decrease",301,387,301
"10_TPoI","tableA5_price_support_distribution_information","T1",81,0.0445299615173172,"Decrease",312,400,312
"10_TPoI","tableA5_price_support_distribution_information","T1",81,0.0445299615173172,"Decrease",349,450,349
"10_TPoI","tableA5_price_support_distribution_information","T1",81,0.0445299615173172,"Decrease",359,463,359
"10_TPoI","tableA5_price_support_distribution_information","T1",81,0.0445299615173172,"Decrease",396,510,396
"10_TPoI","tableA5_price_support_distribution_information","T1",81,0.0445299615173172,"Decrease",401,518,401
"10_TPoI","tableA5_price_support_distribution_information","T1",81,0.0445299615173172,"Decrease",404,522,404
"10_TPoI","tableA5_price_support_distribution_information","T1",81,0.0445299615173172,"Decrease",451,579,451
"10_TPoI","tableA5_price_support_distribution_information","T1",81,0.0445299615173172,"Decrease",540,696,540
"10_TPoI","tableA5_price_support_distribution_information","T1",81,0.0445299615173172,"Decrease",639,828,639
"10_TPoI","tableA5_price_support_distribution_information","T1",81,0.0445299615173172,"Decrease",642,831,642
"10_TPoI","tableA5_price_support_distribution_information","T1",81,0.0445299615173172,"Decrease",683,880,683
"10_TPoI","tableA5_price_support_distribution_information","T1",81,0.0445299615173172,"Decrease",689,887,689
"10_TPoI","tableA5_price_support_distribution_information","T1",81,0.0445299615173172,"Decrease",704,908,704
"10_TPoI","tableA5_price_support_distribution_information","T1",81,0.0445299615173172,"Decrease",707,911,707
"10_TPoI","tableA5_price_support_distribution_information","T1",81,0.0445299615173172,"Decrease",731,938,731
"10_TPoI","tableA5_price_support_distribution_information","T1",81,0.0445299615173172,"Decrease",771,986,771
"10_TPoI","tableA5_price_support_distribution_information","T1",81,0.0445299615173172,"Decrease",794,1017,794
"10_TPoI","tableA5_price_support_distribution_information","T1",81,0.0445299615173172,"Decrease",806,1031,806
"10_TPoI","tableA5_price_support_distribution_information","T1",81,0.0445299615173172,"Decrease",807,1032,807
"10_TPoI","tableA5_price_support_distribution_information","T1",81,0.0445299615173172,"Decrease",810,1036,810
"10_TPoI","tableA5_price_support_distribution_information","T1",81,0.0445299615173172,"Decrease",838,1071,838
"10_TPoI","tableA5_price_support_distribution_information","T1",81,0.0445299615173172,"Decrease",880,1130,880
"10_TPoI","tableA5_price_support_distribution_information","T1",81,0.0445299615173172,"Decrease",899,1156,899
"10_TPoI","tableA5_price_support_distribution_information","T1",81,0.0445299615173172,"Decrease",945,1218,945
"10_TPoI","tableA5_price_support_distribution_information","T1",81,0.0445299615173172,"Decrease",949,1222,949
"10_TPoI","tableA5_price_support_distribution_information","T1",81,0.0445299615173172,"Decrease",979,1264,979
"10_TPoI","tableA5_price_support_distribution_information","T1",81,0.0445299615173172,"Decrease",1083,1398,1083
"10_TPoI","tableA5_price_support_distribution_information","T1",81,0.0445299615173172,"Decrease",1093,1409,1093
"10_TPoI","tableA5_price_support_distribution_information","T1",81,0.0445299615173172,"Decrease",1108,1424,1108
"10_TPoI","tableA5_price_support_distribution_information","T1",81,0.0445299615173172,"Decrease",1145,1475,1145
"10_TPoI","tableA5_price_support_distribution_information","T1",81,0.0445299615173172,"Decrease",1153,1483,1153
"10_TPoI","tableA5_price_support_distribution_information","T1",81,0.0445299615173172,"Decrease",1189,1530,1189
"10_TPoI","tableA5_price_support_distribution_information","T1",81,0.0445299615173172,"Decrease",1191,1532,1191
"10_TPoI","tableA5_price_support_distribution_information","T1",81,0.0445299615173172,"Decrease",1204,1551,1204
"10_TPoI","tableA5_price_support_distribution_information","T1",81,0.0445299615173172,"Decrease",1206,1554,1206
"10_TPoI","tableA5_price_support_distribution_information","T1",81,0.0445299615173172,"Decrease",1267,1631,1267
"10_TPoI","tableA5_price_support_distribution_information","T1",81,0.0445299615173172,"Decrease",1285,1656,1285
"10_TPoI","tableA5_price_support_distribution_information","T1",81,0.0445299615173172,"Decrease",1294,1668,1294
"10_TPoI","tableA5_price_support_distribution_information","T1",81,0.0445299615173172,"Decrease",1315,1697,1315
"10_TPoI","tableA5_price_support_distribution_information","T1",81,0.0445299615173172,"Decrease",1337,1722,1337
"10_TPoI","tableA5_price_support_distribution_information","T1",81,0.0445299615173172,"Decrease",1358,1750,1358
"10_TPoI","tableA5_price_support_distribution_information","T1",81,0.0445299615173172,"Decrease",1380,1777,1380
"10_TPoI","tableA5_price_support_distribution_information","T1",81,0.0445299615173172,"Decrease",1424,1843,1424
"10_TPoI","tableA5_price_support_distribution_information","T1",81,0.0445299615173172,"Decrease",1447,1873,1447
"10_TPoI","tableA5_price_support_distribution_information","T1",81,0.0445299615173172,"Decrease",1450,1876,1450
"10_TPoI","tableA5_price_support_distribution_information","T1",81,0.0445299615173172,"Decrease",1479,1907,1479
"10_TPoI","tableA5_price_support_distribution_information","T1",81,0.0445299615173172,"Decrease",1513,1946,1513
"10_TPoI","tableA5_price_support_distribution_information","T1",81,0.0445299615173172,"Decrease",1516,1952,1516
"10_TPoI","tableA5_price_support_distribution_information","T1",81,0.0445299615173172,"Decrease",1524,1963,1524
"10_TPoI","tableA5_price_support_distribution_information","T1",81,0.0445299615173172,"Decrease",1543,1988,1543
"10_TPoI","tableA5_price_support_distribution_information","T1",81,0.0445299615173172,"Decrease",1563,2012,1563
"10_TPoI","tableA5_price_support_distribution_information","T1",81,0.0445299615173172,"Decrease",1586,2050,1586
"10_TPoI","tableA5_price_support_distribution_information","T1",81,0.0445299615173172,"Decrease",1606,2076,1606
"10_TPoI","tableA5_price_support_distribution_information","T1",81,0.0445299615173172,"Decrease",1625,2101,1625
"10_TPoI","tableA5_price_support_distribution_information","T1",81,0.0445299615173172,"Decrease",1630,2107,1630
"10_TPoI","tableA5_price_support_distribution_information","T1",81,0.0445299615173172,"Decrease",1636,2114,1636
"10_TPoI","tableA5_price_support_distribution_information","T1",81,0.0445299615173172,"Decrease",1641,2122,1641
"10_TPoI","tableA5_price_support_distribution_information","T1",81,0.0445299615173172,"Decrease",1669,2154,1669
"10_TPoI","tableA5_price_support_distribution_information","T1",81,0.0445299615173172,"Decrease",1685,2175,1685
"10_TPoI","tableA5_price_support_distribution_information","T1",82,0.0450797141286421,"Decrease",11,16,11
"10_TPoI","tableA5_price_support_distribution_information","T1",82,0.0450797141286421,"Decrease",12,17,12
"10_TPoI","tableA5_price_support_distribution_information","T1",82,0.0450797141286421,"Decrease",17,26,17
"10_TPoI","tableA5_price_support_distribution_information","T1",82,0.0450797141286421,"Decrease",33,45,33
"10_TPoI","tableA5_price_support_distribution_information","T1",82,0.0450797141286421,"Decrease",39,54,39
"10_TPoI","tableA5_price_support_distribution_information","T1",82,0.0450797141286421,"Decrease",52,69,52
"10_TPoI","tableA5_price_support_distribution_information","T1",82,0.0450797141286421,"Decrease",55,72,55
"10_TPoI","tableA5_price_support_distribution_information","T1",82,0.0450797141286421,"Decrease",58,77,58
"10_TPoI","tableA5_price_support_distribution_information","T1",82,0.0450797141286421,"Decrease",61,82,61
"10_TPoI","tableA5_price_support_distribution_information","T1",82,0.0450797141286421,"Decrease",75,98,75
"10_TPoI","tableA5_price_support_distribution_information","T1",82,0.0450797141286421,"Decrease",113,147,113
"10_TPoI","tableA5_price_support_distribution_information","T1",82,0.0450797141286421,"Decrease",116,150,116
"10_TPoI","tableA5_price_support_distribution_information","T1",82,0.0450797141286421,"Decrease",177,230,177
"10_TPoI","tableA5_price_support_distribution_information","T1",82,0.0450797141286421,"Decrease",180,233,180
"10_TPoI","tableA5_price_support_distribution_information","T1",82,0.0450797141286421,"Decrease",192,247,192
"10_TPoI","tableA5_price_support_distribution_information","T1",82,0.0450797141286421,"Decrease",199,256,199
"10_TPoI","tableA5_price_support_distribution_information","T1",82,0.0450797141286421,"Decrease",202,260,202
"10_TPoI","tableA5_price_support_distribution_information","T1",82,0.0450797141286421,"Decrease",225,285,225
"10_TPoI","tableA5_price_support_distribution_information","T1",82,0.0450797141286421,"Decrease",232,292,232
"10_TPoI","tableA5_price_support_distribution_information","T1",82,0.0450797141286421,"Decrease",243,306,243
"10_TPoI","tableA5_price_support_distribution_information","T1",82,0.0450797141286421,"Decrease",285,364,285
"10_TPoI","tableA5_price_support_distribution_information","T1",82,0.0450797141286421,"Decrease",301,387,301
"10_TPoI","tableA5_price_support_distribution_information","T1",82,0.0450797141286421,"Decrease",312,400,312
"10_TPoI","tableA5_price_support_distribution_information","T1",82,0.0450797141286421,"Decrease",349,450,349
"10_TPoI","tableA5_price_support_distribution_information","T1",82,0.0450797141286421,"Decrease",359,463,359
"10_TPoI","tableA5_price_support_distribution_information","T1",82,0.0450797141286421,"Decrease",396,510,396
"10_TPoI","tableA5_price_support_distribution_information","T1",82,0.0450797141286421,"Decrease",401,518,401
"10_TPoI","tableA5_price_support_distribution_information","T1",82,0.0450797141286421,"Decrease",404,522,404
"10_TPoI","tableA5_price_support_distribution_information","T1",82,0.0450797141286421,"Decrease",451,579,451
"10_TPoI","tableA5_price_support_distribution_information","T1",82,0.0450797141286421,"Decrease",540,696,540
"10_TPoI","tableA5_price_support_distribution_information","T1",82,0.0450797141286421,"Decrease",639,828,639
"10_TPoI","tableA5_price_support_distribution_information","T1",82,0.0450797141286421,"Decrease",642,831,642
"10_TPoI","tableA5_price_support_distribution_information","T1",82,0.0450797141286421,"Decrease",683,880,683
"10_TPoI","tableA5_price_support_distribution_information","T1",82,0.0450797141286421,"Decrease",689,887,689
"10_TPoI","tableA5_price_support_distribution_information","T1",82,0.0450797141286421,"Decrease",704,908,704
"10_TPoI","tableA5_price_support_distribution_information","T1",82,0.0450797141286421,"Decrease",707,911,707
"10_TPoI","tableA5_price_support_distribution_information","T1",82,0.0450797141286421,"Decrease",731,938,731
"10_TPoI","tableA5_price_support_distribution_information","T1",82,0.0450797141286421,"Decrease",771,986,771
"10_TPoI","tableA5_price_support_distribution_information","T1",82,0.0450797141286421,"Decrease",794,1017,794
"10_TPoI","tableA5_price_support_distribution_information","T1",82,0.0450797141286421,"Decrease",806,1031,806
"10_TPoI","tableA5_price_support_distribution_information","T1",82,0.0450797141286421,"Decrease",807,1032,807
"10_TPoI","tableA5_price_support_distribution_information","T1",82,0.0450797141286421,"Decrease",810,1036,810
"10_TPoI","tableA5_price_support_distribution_information","T1",82,0.0450797141286421,"Decrease",838,1071,838
"10_TPoI","tableA5_price_support_distribution_information","T1",82,0.0450797141286421,"Decrease",880,1130,880
"10_TPoI","tableA5_price_support_distribution_information","T1",82,0.0450797141286421,"Decrease",899,1156,899
"10_TPoI","tableA5_price_support_distribution_information","T1",82,0.0450797141286421,"Decrease",945,1218,945
"10_TPoI","tableA5_price_support_distribution_information","T1",82,0.0450797141286421,"Decrease",949,1222,949
"10_TPoI","tableA5_price_support_distribution_information","T1",82,0.0450797141286421,"Decrease",979,1264,979
"10_TPoI","tableA5_price_support_distribution_information","T1",82,0.0450797141286421,"Decrease",1083,1398,1083
"10_TPoI","tableA5_price_support_distribution_information","T1",82,0.0450797141286421,"Decrease",1093,1409,1093
"10_TPoI","tableA5_price_support_distribution_information","T1",82,0.0450797141286421,"Decrease",1108,1424,1108
"10_TPoI","tableA5_price_support_distribution_information","T1",82,0.0450797141286421,"Decrease",1145,1475,1145
"10_TPoI","tableA5_price_support_distribution_information","T1",82,0.0450797141286421,"Decrease",1153,1483,1153
"10_TPoI","tableA5_price_support_distribution_information","T1",82,0.0450797141286421,"Decrease",1189,1530,1189
"10_TPoI","tableA5_price_support_distribution_information","T1",82,0.0450797141286421,"Decrease",1191,1532,1191
"10_TPoI","tableA5_price_support_distribution_information","T1",82,0.0450797141286421,"Decrease",1204,1551,1204
"10_TPoI","tableA5_price_support_distribution_information","T1",82,0.0450797141286421,"Decrease",1206,1554,1206
"10_TPoI","tableA5_price_support_distribution_information","T1",82,0.0450797141286421,"Decrease",1267,1631,1267
"10_TPoI","tableA5_price_support_distribution_information","T1",82,0.0450797141286421,"Decrease",1285,1656,1285
"10_TPoI","tableA5_price_support_distribution_information","T1",82,0.0450797141286421,"Decrease",1294,1668,1294
"10_TPoI","tableA5_price_support_distribution_information","T1",82,0.0450797141286421,"Decrease",1315,1697,1315
"10_TPoI","tableA5_price_support_distribution_information","T1",82,0.0450797141286421,"Decrease",1337,1722,1337
"10_TPoI","tableA5_price_support_distribution_information","T1",82,0.0450797141286421,"Decrease",1358,1750,1358
"10_TPoI","tableA5_price_support_distribution_information","T1",82,0.0450797141286421,"Decrease",1380,1777,1380
"10_TPoI","tableA5_price_support_distribution_information","T1",82,0.0450797141286421,"Decrease",1424,1843,1424
"10_TPoI","tableA5_price_support_distribution_information","T1",82,0.0450797141286421,"Decrease",1447,1873,1447
"10_TPoI","tableA5_price_support_distribution_information","T1",82,0.0450797141286421,"Decrease",1450,1876,1450
"10_TPoI","tableA5_price_support_distribution_information","T1",82,0.0450797141286421,"Decrease",1479,1907,1479
"10_TPoI","tableA5_price_support_distribution_information","T1",82,0.0450797141286421,"Decrease",1513,1946,1513
"10_TPoI","tableA5_price_support_distribution_information","T1",82,0.0450797141286421,"Decrease",1516,1952,1516
"10_TPoI","tableA5_price_support_distribution_information","T1",82,0.0450797141286421,"Decrease",1524,1963,1524
"10_TPoI","tableA5_price_support_distribution_information","T1",82,0.0450797141286421,"Decrease",1543,1988,1543
"10_TPoI","tableA5_price_support_distribution_information","T1",82,0.0450797141286421,"Decrease",1563,2012,1563
"10_TPoI","tableA5_price_support_distribution_information","T1",82,0.0450797141286421,"Decrease",1586,2050,1586
"10_TPoI","tableA5_price_support_distribution_information","T1",82,0.0450797141286421,"Decrease",1606,2076,1606
"10_TPoI","tableA5_price_support_distribution_information","T1",82,0.0450797141286421,"Decrease",1625,2101,1625
"10_TPoI","tableA5_price_support_distribution_information","T1",82,0.0450797141286421,"Decrease",1630,2107,1630
"10_TPoI","tableA5_price_support_distribution_information","T1",82,0.0450797141286421,"Decrease",1636,2114,1636
"10_TPoI","tableA5_price_support_distribution_information","T1",82,0.0450797141286421,"Decrease",1641,2122,1641
"10_TPoI","tableA5_price_support_distribution_information","T1",82,0.0450797141286421,"Decrease",1669,2154,1669
"10_TPoI","tableA5_price_support_distribution_information","T1",82,0.0450797141286421,"Decrease",1685,2175,1685
"10_TPoI","tableA5_price_support_distribution_information","T1",82,0.0450797141286421,"Decrease",1690,2182,1690
"10_TPoI","tableA5_price_support_distribution_information","T1",83,0.045629466739967,"Decrease",11,16,11
"10_TPoI","tableA5_price_support_distribution_information","T1",83,0.045629466739967,"Decrease",12,17,12
"10_TPoI","tableA5_price_support_distribution_information","T1",83,0.045629466739967,"Decrease",17,26,17
"10_TPoI","tableA5_price_support_distribution_information","T1",83,0.045629466739967,"Decrease",33,45,33
"10_TPoI","tableA5_price_support_distribution_information","T1",83,0.045629466739967,"Decrease",39,54,39
"10_TPoI","tableA5_price_support_distribution_information","T1",83,0.045629466739967,"Decrease",52,69,52
"10_TPoI","tableA5_price_support_distribution_information","T1",83,0.045629466739967,"Decrease",55,72,55
"10_TPoI","tableA5_price_support_distribution_information","T1",83,0.045629466739967,"Decrease",58,77,58
"10_TPoI","tableA5_price_support_distribution_information","T1",83,0.045629466739967,"Decrease",61,82,61
"10_TPoI","tableA5_price_support_distribution_information","T1",83,0.045629466739967,"Decrease",75,98,75
"10_TPoI","tableA5_price_support_distribution_information","T1",83,0.045629466739967,"Decrease",113,147,113
"10_TPoI","tableA5_price_support_distribution_information","T1",83,0.045629466739967,"Decrease",116,150,116
"10_TPoI","tableA5_price_support_distribution_information","T1",83,0.045629466739967,"Decrease",177,230,177
"10_TPoI","tableA5_price_support_distribution_information","T1",83,0.045629466739967,"Decrease",180,233,180
"10_TPoI","tableA5_price_support_distribution_information","T1",83,0.045629466739967,"Decrease",192,247,192
"10_TPoI","tableA5_price_support_distribution_information","T1",83,0.045629466739967,"Decrease",199,256,199
"10_TPoI","tableA5_price_support_distribution_information","T1",83,0.045629466739967,"Decrease",202,260,202
"10_TPoI","tableA5_price_support_distribution_information","T1",83,0.045629466739967,"Decrease",225,285,225
"10_TPoI","tableA5_price_support_distribution_information","T1",83,0.045629466739967,"Decrease",232,292,232
"10_TPoI","tableA5_price_support_distribution_information","T1",83,0.045629466739967,"Decrease",243,306,243
"10_TPoI","tableA5_price_support_distribution_information","T1",83,0.045629466739967,"Decrease",285,364,285
"10_TPoI","tableA5_price_support_distribution_information","T1",83,0.045629466739967,"Decrease",301,387,301
"10_TPoI","tableA5_price_support_distribution_information","T1",83,0.045629466739967,"Decrease",312,400,312
"10_TPoI","tableA5_price_support_distribution_information","T1",83,0.045629466739967,"Decrease",349,450,349
"10_TPoI","tableA5_price_support_distribution_information","T1",83,0.045629466739967,"Decrease",359,463,359
"10_TPoI","tableA5_price_support_distribution_information","T1",83,0.045629466739967,"Decrease",396,510,396
"10_TPoI","tableA5_price_support_distribution_information","T1",83,0.045629466739967,"Decrease",401,518,401
"10_TPoI","tableA5_price_support_distribution_information","T1",83,0.045629466739967,"Decrease",404,522,404
"10_TPoI","tableA5_price_support_distribution_information","T1",83,0.045629466739967,"Decrease",451,579,451
"10_TPoI","tableA5_price_support_distribution_information","T1",83,0.045629466739967,"Decrease",540,696,540
"10_TPoI","tableA5_price_support_distribution_information","T1",83,0.045629466739967,"Decrease",639,828,639
"10_TPoI","tableA5_price_support_distribution_information","T1",83,0.045629466739967,"Decrease",642,831,642
"10_TPoI","tableA5_price_support_distribution_information","T1",83,0.045629466739967,"Decrease",683,880,683
"10_TPoI","tableA5_price_support_distribution_information","T1",83,0.045629466739967,"Decrease",689,887,689
"10_TPoI","tableA5_price_support_distribution_information","T1",83,0.045629466739967,"Decrease",704,908,704
"10_TPoI","tableA5_price_support_distribution_information","T1",83,0.045629466739967,"Decrease",707,911,707
"10_TPoI","tableA5_price_support_distribution_information","T1",83,0.045629466739967,"Decrease",731,938,731
"10_TPoI","tableA5_price_support_distribution_information","T1",83,0.045629466739967,"Decrease",771,986,771
"10_TPoI","tableA5_price_support_distribution_information","T1",83,0.045629466739967,"Decrease",794,1017,794
"10_TPoI","tableA5_price_support_distribution_information","T1",83,0.045629466739967,"Decrease",806,1031,806
"10_TPoI","tableA5_price_support_distribution_information","T1",83,0.045629466739967,"Decrease",807,1032,807
"10_TPoI","tableA5_price_support_distribution_information","T1",83,0.045629466739967,"Decrease",810,1036,810
"10_TPoI","tableA5_price_support_distribution_information","T1",83,0.045629466739967,"Decrease",838,1071,838
"10_TPoI","tableA5_price_support_distribution_information","T1",83,0.045629466739967,"Decrease",880,1130,880
"10_TPoI","tableA5_price_support_distribution_information","T1",83,0.045629466739967,"Decrease",899,1156,899
"10_TPoI","tableA5_price_support_distribution_information","T1",83,0.045629466739967,"Decrease",945,1218,945
"10_TPoI","tableA5_price_support_distribution_information","T1",83,0.045629466739967,"Decrease",949,1222,949
"10_TPoI","tableA5_price_support_distribution_information","T1",83,0.045629466739967,"Decrease",979,1264,979
"10_TPoI","tableA5_price_support_distribution_information","T1",83,0.045629466739967,"Decrease",1083,1398,1083
"10_TPoI","tableA5_price_support_distribution_information","T1",83,0.045629466739967,"Decrease",1093,1409,1093
"10_TPoI","tableA5_price_support_distribution_information","T1",83,0.045629466739967,"Decrease",1108,1424,1108
"10_TPoI","tableA5_price_support_distribution_information","T1",83,0.045629466739967,"Decrease",1145,1475,1145
"10_TPoI","tableA5_price_support_distribution_information","T1",83,0.045629466739967,"Decrease",1153,1483,1153
"10_TPoI","tableA5_price_support_distribution_information","T1",83,0.045629466739967,"Decrease",1189,1530,1189
"10_TPoI","tableA5_price_support_distribution_information","T1",83,0.045629466739967,"Decrease",1191,1532,1191
"10_TPoI","tableA5_price_support_distribution_information","T1",83,0.045629466739967,"Decrease",1204,1551,1204
"10_TPoI","tableA5_price_support_distribution_information","T1",83,0.045629466739967,"Decrease",1206,1554,1206
"10_TPoI","tableA5_price_support_distribution_information","T1",83,0.045629466739967,"Decrease",1267,1631,1267
"10_TPoI","tableA5_price_support_distribution_information","T1",83,0.045629466739967,"Decrease",1285,1656,1285
"10_TPoI","tableA5_price_support_distribution_information","T1",83,0.045629466739967,"Decrease",1294,1668,1294
"10_TPoI","tableA5_price_support_distribution_information","T1",83,0.045629466739967,"Decrease",1315,1697,1315
"10_TPoI","tableA5_price_support_distribution_information","T1",83,0.045629466739967,"Decrease",1337,1722,1337
"10_TPoI","tableA5_price_support_distribution_information","T1",83,0.045629466739967,"Decrease",1358,1750,1358
"10_TPoI","tableA5_price_support_distribution_information","T1",83,0.045629466739967,"Decrease",1380,1777,1380
"10_TPoI","tableA5_price_support_distribution_information","T1",83,0.045629466739967,"Decrease",1424,1843,1424
"10_TPoI","tableA5_price_support_distribution_information","T1",83,0.045629466739967,"Decrease",1447,1873,1447
"10_TPoI","tableA5_price_support_distribution_information","T1",83,0.045629466739967,"Decrease",1450,1876,1450
"10_TPoI","tableA5_price_support_distribution_information","T1",83,0.045629466739967,"Decrease",1479,1907,1479
"10_TPoI","tableA5_price_support_distribution_information","T1",83,0.045629466739967,"Decrease",1513,1946,1513
"10_TPoI","tableA5_price_support_distribution_information","T1",83,0.045629466739967,"Decrease",1516,1952,1516
"10_TPoI","tableA5_price_support_distribution_information","T1",83,0.045629466739967,"Decrease",1524,1963,1524
"10_TPoI","tableA5_price_support_distribution_information","T1",83,0.045629466739967,"Decrease",1543,1988,1543
"10_TPoI","tableA5_price_support_distribution_information","T1",83,0.045629466739967,"Decrease",1563,2012,1563
"10_TPoI","tableA5_price_support_distribution_information","T1",83,0.045629466739967,"Decrease",1586,2050,1586
"10_TPoI","tableA5_price_support_distribution_information","T1",83,0.045629466739967,"Decrease",1606,2076,1606
"10_TPoI","tableA5_price_support_distribution_information","T1",83,0.045629466739967,"Decrease",1625,2101,1625
"10_TPoI","tableA5_price_support_distribution_information","T1",83,0.045629466739967,"Decrease",1630,2107,1630
"10_TPoI","tableA5_price_support_distribution_information","T1",83,0.045629466739967,"Decrease",1636,2114,1636
"10_TPoI","tableA5_price_support_distribution_information","T1",83,0.045629466739967,"Decrease",1641,2122,1641
"10_TPoI","tableA5_price_support_distribution_information","T1",83,0.045629466739967,"Decrease",1669,2154,1669
"10_TPoI","tableA5_price_support_distribution_information","T1",83,0.045629466739967,"Decrease",1685,2175,1685
"10_TPoI","tableA5_price_support_distribution_information","T1",83,0.045629466739967,"Decrease",1690,2182,1690
"10_TPoI","tableA5_price_support_distribution_information","T1",83,0.045629466739967,"Decrease",1737,2243,1737
"10_TPoI","tableA5_price_support_distribution_information","T1",84,0.0461792193512919,"Decrease",11,16,11
"10_TPoI","tableA5_price_support_distribution_information","T1",84,0.0461792193512919,"Decrease",12,17,12
"10_TPoI","tableA5_price_support_distribution_information","T1",84,0.0461792193512919,"Decrease",17,26,17
"10_TPoI","tableA5_price_support_distribution_information","T1",84,0.0461792193512919,"Decrease",33,45,33
"10_TPoI","tableA5_price_support_distribution_information","T1",84,0.0461792193512919,"Decrease",39,54,39
"10_TPoI","tableA5_price_support_distribution_information","T1",84,0.0461792193512919,"Decrease",52,69,52
"10_TPoI","tableA5_price_support_distribution_information","T1",84,0.0461792193512919,"Decrease",55,72,55
"10_TPoI","tableA5_price_support_distribution_information","T1",84,0.0461792193512919,"Decrease",58,77,58
"10_TPoI","tableA5_price_support_distribution_information","T1",84,0.0461792193512919,"Decrease",61,82,61
"10_TPoI","tableA5_price_support_distribution_information","T1",84,0.0461792193512919,"Decrease",75,98,75
"10_TPoI","tableA5_price_support_distribution_information","T1",84,0.0461792193512919,"Decrease",113,147,113
"10_TPoI","tableA5_price_support_distribution_information","T1",84,0.0461792193512919,"Decrease",116,150,116
"10_TPoI","tableA5_price_support_distribution_information","T1",84,0.0461792193512919,"Decrease",177,230,177
"10_TPoI","tableA5_price_support_distribution_information","T1",84,0.0461792193512919,"Decrease",180,233,180
"10_TPoI","tableA5_price_support_distribution_information","T1",84,0.0461792193512919,"Decrease",192,247,192
"10_TPoI","tableA5_price_support_distribution_information","T1",84,0.0461792193512919,"Decrease",199,256,199
"10_TPoI","tableA5_price_support_distribution_information","T1",84,0.0461792193512919,"Decrease",202,260,202
"10_TPoI","tableA5_price_support_distribution_information","T1",84,0.0461792193512919,"Decrease",225,285,225
"10_TPoI","tableA5_price_support_distribution_information","T1",84,0.0461792193512919,"Decrease",232,292,232
"10_TPoI","tableA5_price_support_distribution_information","T1",84,0.0461792193512919,"Decrease",243,306,243
"10_TPoI","tableA5_price_support_distribution_information","T1",84,0.0461792193512919,"Decrease",285,364,285
"10_TPoI","tableA5_price_support_distribution_information","T1",84,0.0461792193512919,"Decrease",301,387,301
"10_TPoI","tableA5_price_support_distribution_information","T1",84,0.0461792193512919,"Decrease",312,400,312
"10_TPoI","tableA5_price_support_distribution_information","T1",84,0.0461792193512919,"Decrease",349,450,349
"10_TPoI","tableA5_price_support_distribution_information","T1",84,0.0461792193512919,"Decrease",359,463,359
"10_TPoI","tableA5_price_support_distribution_information","T1",84,0.0461792193512919,"Decrease",396,510,396
"10_TPoI","tableA5_price_support_distribution_information","T1",84,0.0461792193512919,"Decrease",401,518,401
"10_TPoI","tableA5_price_support_distribution_information","T1",84,0.0461792193512919,"Decrease",404,522,404
"10_TPoI","tableA5_price_support_distribution_information","T1",84,0.0461792193512919,"Decrease",451,579,451
"10_TPoI","tableA5_price_support_distribution_information","T1",84,0.0461792193512919,"Decrease",540,696,540
"10_TPoI","tableA5_price_support_distribution_information","T1",84,0.0461792193512919,"Decrease",639,828,639
"10_TPoI","tableA5_price_support_distribution_information","T1",84,0.0461792193512919,"Decrease",642,831,642
"10_TPoI","tableA5_price_support_distribution_information","T1",84,0.0461792193512919,"Decrease",683,880,683
"10_TPoI","tableA5_price_support_distribution_information","T1",84,0.0461792193512919,"Decrease",689,887,689
"10_TPoI","tableA5_price_support_distribution_information","T1",84,0.0461792193512919,"Decrease",704,908,704
"10_TPoI","tableA5_price_support_distribution_information","T1",84,0.0461792193512919,"Decrease",707,911,707
"10_TPoI","tableA5_price_support_distribution_information","T1",84,0.0461792193512919,"Decrease",731,938,731
"10_TPoI","tableA5_price_support_distribution_information","T1",84,0.0461792193512919,"Decrease",771,986,771
"10_TPoI","tableA5_price_support_distribution_information","T1",84,0.0461792193512919,"Decrease",794,1017,794
"10_TPoI","tableA5_price_support_distribution_information","T1",84,0.0461792193512919,"Decrease",806,1031,806
"10_TPoI","tableA5_price_support_distribution_information","T1",84,0.0461792193512919,"Decrease",807,1032,807
"10_TPoI","tableA5_price_support_distribution_information","T1",84,0.0461792193512919,"Decrease",810,1036,810
"10_TPoI","tableA5_price_support_distribution_information","T1",84,0.0461792193512919,"Decrease",838,1071,838
"10_TPoI","tableA5_price_support_distribution_information","T1",84,0.0461792193512919,"Decrease",880,1130,880
"10_TPoI","tableA5_price_support_distribution_information","T1",84,0.0461792193512919,"Decrease",899,1156,899
"10_TPoI","tableA5_price_support_distribution_information","T1",84,0.0461792193512919,"Decrease",945,1218,945
"10_TPoI","tableA5_price_support_distribution_information","T1",84,0.0461792193512919,"Decrease",949,1222,949
"10_TPoI","tableA5_price_support_distribution_information","T1",84,0.0461792193512919,"Decrease",979,1264,979
"10_TPoI","tableA5_price_support_distribution_information","T1",84,0.0461792193512919,"Decrease",1083,1398,1083
"10_TPoI","tableA5_price_support_distribution_information","T1",84,0.0461792193512919,"Decrease",1093,1409,1093
"10_TPoI","tableA5_price_support_distribution_information","T1",84,0.0461792193512919,"Decrease",1108,1424,1108
"10_TPoI","tableA5_price_support_distribution_information","T1",84,0.0461792193512919,"Decrease",1145,1475,1145
"10_TPoI","tableA5_price_support_distribution_information","T1",84,0.0461792193512919,"Decrease",1153,1483,1153
"10_TPoI","tableA5_price_support_distribution_information","T1",84,0.0461792193512919,"Decrease",1189,1530,1189
"10_TPoI","tableA5_price_support_distribution_information","T1",84,0.0461792193512919,"Decrease",1191,1532,1191
"10_TPoI","tableA5_price_support_distribution_information","T1",84,0.0461792193512919,"Decrease",1204,1551,1204
"10_TPoI","tableA5_price_support_distribution_information","T1",84,0.0461792193512919,"Decrease",1206,1554,1206
"10_TPoI","tableA5_price_support_distribution_information","T1",84,0.0461792193512919,"Decrease",1267,1631,1267
"10_TPoI","tableA5_price_support_distribution_information","T1",84,0.0461792193512919,"Decrease",1285,1656,1285
"10_TPoI","tableA5_price_support_distribution_information","T1",84,0.0461792193512919,"Decrease",1294,1668,1294
"10_TPoI","tableA5_price_support_distribution_information","T1",84,0.0461792193512919,"Decrease",1315,1697,1315
"10_TPoI","tableA5_price_support_distribution_information","T1",84,0.0461792193512919,"Decrease",1337,1722,1337
"10_TPoI","tableA5_price_support_distribution_information","T1",84,0.0461792193512919,"Decrease",1358,1750,1358
"10_TPoI","tableA5_price_support_distribution_information","T1",84,0.0461792193512919,"Decrease",1380,1777,1380
"10_TPoI","tableA5_price_support_distribution_information","T1",84,0.0461792193512919,"Decrease",1424,1843,1424
"10_TPoI","tableA5_price_support_distribution_information","T1",84,0.0461792193512919,"Decrease",1447,1873,1447
"10_TPoI","tableA5_price_support_distribution_information","T1",84,0.0461792193512919,"Decrease",1450,1876,1450
"10_TPoI","tableA5_price_support_distribution_information","T1",84,0.0461792193512919,"Decrease",1479,1907,1479
"10_TPoI","tableA5_price_support_distribution_information","T1",84,0.0461792193512919,"Decrease",1513,1946,1513
"10_TPoI","tableA5_price_support_distribution_information","T1",84,0.0461792193512919,"Decrease",1516,1952,1516
"10_TPoI","tableA5_price_support_distribution_information","T1",84,0.0461792193512919,"Decrease",1524,1963,1524
"10_TPoI","tableA5_price_support_distribution_information","T1",84,0.0461792193512919,"Decrease",1543,1988,1543
"10_TPoI","tableA5_price_support_distribution_information","T1",84,0.0461792193512919,"Decrease",1563,2012,1563
"10_TPoI","tableA5_price_support_distribution_information","T1",84,0.0461792193512919,"Decrease",1586,2050,1586
"10_TPoI","tableA5_price_support_distribution_information","T1",84,0.0461792193512919,"Decrease",1606,2076,1606
"10_TPoI","tableA5_price_support_distribution_information","T1",84,0.0461792193512919,"Decrease",1625,2101,1625
"10_TPoI","tableA5_price_support_distribution_information","T1",84,0.0461792193512919,"Decrease",1630,2107,1630
"10_TPoI","tableA5_price_support_distribution_information","T1",84,0.0461792193512919,"Decrease",1636,2114,1636
"10_TPoI","tableA5_price_support_distribution_information","T1",84,0.0461792193512919,"Decrease",1641,2122,1641
"10_TPoI","tableA5_price_support_distribution_information","T1",84,0.0461792193512919,"Decrease",1669,2154,1669
"10_TPoI","tableA5_price_support_distribution_information","T1",84,0.0461792193512919,"Decrease",1685,2175,1685
"10_TPoI","tableA5_price_support_distribution_information","T1",84,0.0461792193512919,"Decrease",1690,2182,1690
"10_TPoI","tableA5_price_support_distribution_information","T1",84,0.0461792193512919,"Decrease",1737,2243,1737
"10_TPoI","tableA5_price_support_distribution_information","T1",84,0.0461792193512919,"Decrease",1740,2248,1740
"10_TPoI","tableA5_price_support_distribution_information","T1",85,0.0467289719626168,"Decrease",11,16,11
"10_TPoI","tableA5_price_support_distribution_information","T1",85,0.0467289719626168,"Decrease",12,17,12
"10_TPoI","tableA5_price_support_distribution_information","T1",85,0.0467289719626168,"Decrease",17,26,17
"10_TPoI","tableA5_price_support_distribution_information","T1",85,0.0467289719626168,"Decrease",33,45,33
"10_TPoI","tableA5_price_support_distribution_information","T1",85,0.0467289719626168,"Decrease",39,54,39
"10_TPoI","tableA5_price_support_distribution_information","T1",85,0.0467289719626168,"Decrease",52,69,52
"10_TPoI","tableA5_price_support_distribution_information","T1",85,0.0467289719626168,"Decrease",55,72,55
"10_TPoI","tableA5_price_support_distribution_information","T1",85,0.0467289719626168,"Decrease",58,77,58
"10_TPoI","tableA5_price_support_distribution_information","T1",85,0.0467289719626168,"Decrease",61,82,61
"10_TPoI","tableA5_price_support_distribution_information","T1",85,0.0467289719626168,"Decrease",75,98,75
"10_TPoI","tableA5_price_support_distribution_information","T1",85,0.0467289719626168,"Decrease",113,147,113
"10_TPoI","tableA5_price_support_distribution_information","T1",85,0.0467289719626168,"Decrease",116,150,116
"10_TPoI","tableA5_price_support_distribution_information","T1",85,0.0467289719626168,"Decrease",177,230,177
"10_TPoI","tableA5_price_support_distribution_information","T1",85,0.0467289719626168,"Decrease",180,233,180
"10_TPoI","tableA5_price_support_distribution_information","T1",85,0.0467289719626168,"Decrease",192,247,192
"10_TPoI","tableA5_price_support_distribution_information","T1",85,0.0467289719626168,"Decrease",199,256,199
"10_TPoI","tableA5_price_support_distribution_information","T1",85,0.0467289719626168,"Decrease",202,260,202
"10_TPoI","tableA5_price_support_distribution_information","T1",85,0.0467289719626168,"Decrease",225,285,225
"10_TPoI","tableA5_price_support_distribution_information","T1",85,0.0467289719626168,"Decrease",232,292,232
"10_TPoI","tableA5_price_support_distribution_information","T1",85,0.0467289719626168,"Decrease",243,306,243
"10_TPoI","tableA5_price_support_distribution_information","T1",85,0.0467289719626168,"Decrease",285,364,285
"10_TPoI","tableA5_price_support_distribution_information","T1",85,0.0467289719626168,"Decrease",301,387,301
"10_TPoI","tableA5_price_support_distribution_information","T1",85,0.0467289719626168,"Decrease",312,400,312
"10_TPoI","tableA5_price_support_distribution_information","T1",85,0.0467289719626168,"Decrease",349,450,349
"10_TPoI","tableA5_price_support_distribution_information","T1",85,0.0467289719626168,"Decrease",359,463,359
"10_TPoI","tableA5_price_support_distribution_information","T1",85,0.0467289719626168,"Decrease",396,510,396
"10_TPoI","tableA5_price_support_distribution_information","T1",85,0.0467289719626168,"Decrease",401,518,401
"10_TPoI","tableA5_price_support_distribution_information","T1",85,0.0467289719626168,"Decrease",404,522,404
"10_TPoI","tableA5_price_support_distribution_information","T1",85,0.0467289719626168,"Decrease",451,579,451
"10_TPoI","tableA5_price_support_distribution_information","T1",85,0.0467289719626168,"Decrease",540,696,540
"10_TPoI","tableA5_price_support_distribution_information","T1",85,0.0467289719626168,"Decrease",639,828,639
"10_TPoI","tableA5_price_support_distribution_information","T1",85,0.0467289719626168,"Decrease",642,831,642
"10_TPoI","tableA5_price_support_distribution_information","T1",85,0.0467289719626168,"Decrease",683,880,683
"10_TPoI","tableA5_price_support_distribution_information","T1",85,0.0467289719626168,"Decrease",689,887,689
"10_TPoI","tableA5_price_support_distribution_information","T1",85,0.0467289719626168,"Decrease",704,908,704
"10_TPoI","tableA5_price_support_distribution_information","T1",85,0.0467289719626168,"Decrease",707,911,707
"10_TPoI","tableA5_price_support_distribution_information","T1",85,0.0467289719626168,"Decrease",731,938,731
"10_TPoI","tableA5_price_support_distribution_information","T1",85,0.0467289719626168,"Decrease",771,986,771
"10_TPoI","tableA5_price_support_distribution_information","T1",85,0.0467289719626168,"Decrease",794,1017,794
"10_TPoI","tableA5_price_support_distribution_information","T1",85,0.0467289719626168,"Decrease",806,1031,806
"10_TPoI","tableA5_price_support_distribution_information","T1",85,0.0467289719626168,"Decrease",807,1032,807
"10_TPoI","tableA5_price_support_distribution_information","T1",85,0.0467289719626168,"Decrease",810,1036,810
"10_TPoI","tableA5_price_support_distribution_information","T1",85,0.0467289719626168,"Decrease",838,1071,838
"10_TPoI","tableA5_price_support_distribution_information","T1",85,0.0467289719626168,"Decrease",880,1130,880
"10_TPoI","tableA5_price_support_distribution_information","T1",85,0.0467289719626168,"Decrease",899,1156,899
"10_TPoI","tableA5_price_support_distribution_information","T1",85,0.0467289719626168,"Decrease",945,1218,945
"10_TPoI","tableA5_price_support_distribution_information","T1",85,0.0467289719626168,"Decrease",949,1222,949
"10_TPoI","tableA5_price_support_distribution_information","T1",85,0.0467289719626168,"Decrease",979,1264,979
"10_TPoI","tableA5_price_support_distribution_information","T1",85,0.0467289719626168,"Decrease",1083,1398,1083
"10_TPoI","tableA5_price_support_distribution_information","T1",85,0.0467289719626168,"Decrease",1093,1409,1093
"10_TPoI","tableA5_price_support_distribution_information","T1",85,0.0467289719626168,"Decrease",1108,1424,1108
"10_TPoI","tableA5_price_support_distribution_information","T1",85,0.0467289719626168,"Decrease",1145,1475,1145
"10_TPoI","tableA5_price_support_distribution_information","T1",85,0.0467289719626168,"Decrease",1153,1483,1153
"10_TPoI","tableA5_price_support_distribution_information","T1",85,0.0467289719626168,"Decrease",1189,1530,1189
"10_TPoI","tableA5_price_support_distribution_information","T1",85,0.0467289719626168,"Decrease",1191,1532,1191
"10_TPoI","tableA5_price_support_distribution_information","T1",85,0.0467289719626168,"Decrease",1204,1551,1204
"10_TPoI","tableA5_price_support_distribution_information","T1",85,0.0467289719626168,"Decrease",1206,1554,1206
"10_TPoI","tableA5_price_support_distribution_information","T1",85,0.0467289719626168,"Decrease",1267,1631,1267
"10_TPoI","tableA5_price_support_distribution_information","T1",85,0.0467289719626168,"Decrease",1285,1656,1285
"10_TPoI","tableA5_price_support_distribution_information","T1",85,0.0467289719626168,"Decrease",1294,1668,1294
"10_TPoI","tableA5_price_support_distribution_information","T1",85,0.0467289719626168,"Decrease",1315,1697,1315
"10_TPoI","tableA5_price_support_distribution_information","T1",85,0.0467289719626168,"Decrease",1337,1722,1337
"10_TPoI","tableA5_price_support_distribution_information","T1",85,0.0467289719626168,"Decrease",1358,1750,1358
"10_TPoI","tableA5_price_support_distribution_information","T1",85,0.0467289719626168,"Decrease",1380,1777,1380
"10_TPoI","tableA5_price_support_distribution_information","T1",85,0.0467289719626168,"Decrease",1424,1843,1424
"10_TPoI","tableA5_price_support_distribution_information","T1",85,0.0467289719626168,"Decrease",1447,1873,1447
"10_TPoI","tableA5_price_support_distribution_information","T1",85,0.0467289719626168,"Decrease",1450,1876,1450
"10_TPoI","tableA5_price_support_distribution_information","T1",85,0.0467289719626168,"Decrease",1479,1907,1479
"10_TPoI","tableA5_price_support_distribution_information","T1",85,0.0467289719626168,"Decrease",1513,1946,1513
"10_TPoI","tableA5_price_support_distribution_information","T1",85,0.0467289719626168,"Decrease",1516,1952,1516
"10_TPoI","tableA5_price_support_distribution_information","T1",85,0.0467289719626168,"Decrease",1524,1963,1524
"10_TPoI","tableA5_price_support_distribution_information","T1",85,0.0467289719626168,"Decrease",1543,1988,1543
"10_TPoI","tableA5_price_support_distribution_information","T1",85,0.0467289719626168,"Decrease",1563,2012,1563
"10_TPoI","tableA5_price_support_distribution_information","T1",85,0.0467289719626168,"Decrease",1586,2050,1586
"10_TPoI","tableA5_price_support_distribution_information","T1",85,0.0467289719626168,"Decrease",1606,2076,1606
"10_TPoI","tableA5_price_support_distribution_information","T1",85,0.0467289719626168,"Decrease",1625,2101,1625
"10_TPoI","tableA5_price_support_distribution_information","T1",85,0.0467289719626168,"Decrease",1630,2107,1630
"10_TPoI","tableA5_price_support_distribution_information","T1",85,0.0467289719626168,"Decrease",1636,2114,1636
"10_TPoI","tableA5_price_support_distribution_information","T1",85,0.0467289719626168,"Decrease",1641,2122,1641
"10_TPoI","tableA5_price_support_distribution_information","T1",85,0.0467289719626168,"Decrease",1669,2154,1669
"10_TPoI","tableA5_price_support_distribution_information","T1",85,0.0467289719626168,"Decrease",1685,2175,1685
"10_TPoI","tableA5_price_support_distribution_information","T1",85,0.0467289719626168,"Decrease",1690,2182,1690
"10_TPoI","tableA5_price_support_distribution_information","T1",85,0.0467289719626168,"Decrease",1737,2243,1737
"10_TPoI","tableA5_price_support_distribution_information","T1",85,0.0467289719626168,"Decrease",1740,2248,1740
"10_TPoI","tableA5_price_support_distribution_information","T1",85,0.0467289719626168,"Decrease",1743,2251,1743
"10_TPoI","tableA5_price_support_distribution_information","T1",86,0.0472787245739417,"Decrease",11,16,11
"10_TPoI","tableA5_price_support_distribution_information","T1",86,0.0472787245739417,"Decrease",12,17,12
"10_TPoI","tableA5_price_support_distribution_information","T1",86,0.0472787245739417,"Decrease",17,26,17
"10_TPoI","tableA5_price_support_distribution_information","T1",86,0.0472787245739417,"Decrease",33,45,33
"10_TPoI","tableA5_price_support_distribution_information","T1",86,0.0472787245739417,"Decrease",39,54,39
"10_TPoI","tableA5_price_support_distribution_information","T1",86,0.0472787245739417,"Decrease",52,69,52
"10_TPoI","tableA5_price_support_distribution_information","T1",86,0.0472787245739417,"Decrease",55,72,55
"10_TPoI","tableA5_price_support_distribution_information","T1",86,0.0472787245739417,"Decrease",58,77,58
"10_TPoI","tableA5_price_support_distribution_information","T1",86,0.0472787245739417,"Decrease",61,82,61
"10_TPoI","tableA5_price_support_distribution_information","T1",86,0.0472787245739417,"Decrease",75,98,75
"10_TPoI","tableA5_price_support_distribution_information","T1",86,0.0472787245739417,"Decrease",113,147,113
"10_TPoI","tableA5_price_support_distribution_information","T1",86,0.0472787245739417,"Decrease",116,150,116
"10_TPoI","tableA5_price_support_distribution_information","T1",86,0.0472787245739417,"Decrease",177,230,177
"10_TPoI","tableA5_price_support_distribution_information","T1",86,0.0472787245739417,"Decrease",180,233,180
"10_TPoI","tableA5_price_support_distribution_information","T1",86,0.0472787245739417,"Decrease",192,247,192
"10_TPoI","tableA5_price_support_distribution_information","T1",86,0.0472787245739417,"Decrease",199,256,199
"10_TPoI","tableA5_price_support_distribution_information","T1",86,0.0472787245739417,"Decrease",202,260,202
"10_TPoI","tableA5_price_support_distribution_information","T1",86,0.0472787245739417,"Decrease",225,285,225
"10_TPoI","tableA5_price_support_distribution_information","T1",86,0.0472787245739417,"Decrease",232,292,232
"10_TPoI","tableA5_price_support_distribution_information","T1",86,0.0472787245739417,"Decrease",243,306,243
"10_TPoI","tableA5_price_support_distribution_information","T1",86,0.0472787245739417,"Decrease",285,364,285
"10_TPoI","tableA5_price_support_distribution_information","T1",86,0.0472787245739417,"Decrease",301,387,301
"10_TPoI","tableA5_price_support_distribution_information","T1",86,0.0472787245739417,"Decrease",312,400,312
"10_TPoI","tableA5_price_support_distribution_information","T1",86,0.0472787245739417,"Decrease",349,450,349
"10_TPoI","tableA5_price_support_distribution_information","T1",86,0.0472787245739417,"Decrease",359,463,359
"10_TPoI","tableA5_price_support_distribution_information","T1",86,0.0472787245739417,"Decrease",396,510,396
"10_TPoI","tableA5_price_support_distribution_information","T1",86,0.0472787245739417,"Decrease",401,518,401
"10_TPoI","tableA5_price_support_distribution_information","T1",86,0.0472787245739417,"Decrease",404,522,404
"10_TPoI","tableA5_price_support_distribution_information","T1",86,0.0472787245739417,"Decrease",451,579,451
"10_TPoI","tableA5_price_support_distribution_information","T1",86,0.0472787245739417,"Decrease",540,696,540
"10_TPoI","tableA5_price_support_distribution_information","T1",86,0.0472787245739417,"Decrease",639,828,639
"10_TPoI","tableA5_price_support_distribution_information","T1",86,0.0472787245739417,"Decrease",642,831,642
"10_TPoI","tableA5_price_support_distribution_information","T1",86,0.0472787245739417,"Decrease",683,880,683
"10_TPoI","tableA5_price_support_distribution_information","T1",86,0.0472787245739417,"Decrease",689,887,689
"10_TPoI","tableA5_price_support_distribution_information","T1",86,0.0472787245739417,"Decrease",704,908,704
"10_TPoI","tableA5_price_support_distribution_information","T1",86,0.0472787245739417,"Decrease",707,911,707
"10_TPoI","tableA5_price_support_distribution_information","T1",86,0.0472787245739417,"Decrease",731,938,731
"10_TPoI","tableA5_price_support_distribution_information","T1",86,0.0472787245739417,"Decrease",771,986,771
"10_TPoI","tableA5_price_support_distribution_information","T1",86,0.0472787245739417,"Decrease",794,1017,794
"10_TPoI","tableA5_price_support_distribution_information","T1",86,0.0472787245739417,"Decrease",806,1031,806
"10_TPoI","tableA5_price_support_distribution_information","T1",86,0.0472787245739417,"Decrease",807,1032,807
"10_TPoI","tableA5_price_support_distribution_information","T1",86,0.0472787245739417,"Decrease",810,1036,810
"10_TPoI","tableA5_price_support_distribution_information","T1",86,0.0472787245739417,"Decrease",838,1071,838
"10_TPoI","tableA5_price_support_distribution_information","T1",86,0.0472787245739417,"Decrease",880,1130,880
"10_TPoI","tableA5_price_support_distribution_information","T1",86,0.0472787245739417,"Decrease",899,1156,899
"10_TPoI","tableA5_price_support_distribution_information","T1",86,0.0472787245739417,"Decrease",945,1218,945
"10_TPoI","tableA5_price_support_distribution_information","T1",86,0.0472787245739417,"Decrease",949,1222,949
"10_TPoI","tableA5_price_support_distribution_information","T1",86,0.0472787245739417,"Decrease",979,1264,979
"10_TPoI","tableA5_price_support_distribution_information","T1",86,0.0472787245739417,"Decrease",1083,1398,1083
"10_TPoI","tableA5_price_support_distribution_information","T1",86,0.0472787245739417,"Decrease",1093,1409,1093
"10_TPoI","tableA5_price_support_distribution_information","T1",86,0.0472787245739417,"Decrease",1108,1424,1108
"10_TPoI","tableA5_price_support_distribution_information","T1",86,0.0472787245739417,"Decrease",1145,1475,1145
"10_TPoI","tableA5_price_support_distribution_information","T1",86,0.0472787245739417,"Decrease",1153,1483,1153
"10_TPoI","tableA5_price_support_distribution_information","T1",86,0.0472787245739417,"Decrease",1189,1530,1189
"10_TPoI","tableA5_price_support_distribution_information","T1",86,0.0472787245739417,"Decrease",1191,1532,1191
"10_TPoI","tableA5_price_support_distribution_information","T1",86,0.0472787245739417,"Decrease",1204,1551,1204
"10_TPoI","tableA5_price_support_distribution_information","T1",86,0.0472787245739417,"Decrease",1206,1554,1206
"10_TPoI","tableA5_price_support_distribution_information","T1",86,0.0472787245739417,"Decrease",1267,1631,1267
"10_TPoI","tableA5_price_support_distribution_information","T1",86,0.0472787245739417,"Decrease",1285,1656,1285
"10_TPoI","tableA5_price_support_distribution_information","T1",86,0.0472787245739417,"Decrease",1294,1668,1294
"10_TPoI","tableA5_price_support_distribution_information","T1",86,0.0472787245739417,"Decrease",1315,1697,1315
"10_TPoI","tableA5_price_support_distribution_information","T1",86,0.0472787245739417,"Decrease",1337,1722,1337
"10_TPoI","tableA5_price_support_distribution_information","T1",86,0.0472787245739417,"Decrease",1358,1750,1358
"10_TPoI","tableA5_price_support_distribution_information","T1",86,0.0472787245739417,"Decrease",1380,1777,1380
"10_TPoI","tableA5_price_support_distribution_information","T1",86,0.0472787245739417,"Decrease",1424,1843,1424
"10_TPoI","tableA5_price_support_distribution_information","T1",86,0.0472787245739417,"Decrease",1447,1873,1447
"10_TPoI","tableA5_price_support_distribution_information","T1",86,0.0472787245739417,"Decrease",1450,1876,1450
"10_TPoI","tableA5_price_support_distribution_information","T1",86,0.0472787245739417,"Decrease",1479,1907,1479
"10_TPoI","tableA5_price_support_distribution_information","T1",86,0.0472787245739417,"Decrease",1513,1946,1513
"10_TPoI","tableA5_price_support_distribution_information","T1",86,0.0472787245739417,"Decrease",1516,1952,1516
"10_TPoI","tableA5_price_support_distribution_information","T1",86,0.0472787245739417,"Decrease",1524,1963,1524
"10_TPoI","tableA5_price_support_distribution_information","T1",86,0.0472787245739417,"Decrease",1543,1988,1543
"10_TPoI","tableA5_price_support_distribution_information","T1",86,0.0472787245739417,"Decrease",1563,2012,1563
"10_TPoI","tableA5_price_support_distribution_information","T1",86,0.0472787245739417,"Decrease",1586,2050,1586
"10_TPoI","tableA5_price_support_distribution_information","T1",86,0.0472787245739417,"Decrease",1606,2076,1606
"10_TPoI","tableA5_price_support_distribution_information","T1",86,0.0472787245739417,"Decrease",1625,2101,1625
"10_TPoI","tableA5_price_support_distribution_information","T1",86,0.0472787245739417,"Decrease",1630,2107,1630
"10_TPoI","tableA5_price_support_distribution_information","T1",86,0.0472787245739417,"Decrease",1636,2114,1636
"10_TPoI","tableA5_price_support_distribution_information","T1",86,0.0472787245739417,"Decrease",1641,2122,1641
"10_TPoI","tableA5_price_support_distribution_information","T1",86,0.0472787245739417,"Decrease",1669,2154,1669
"10_TPoI","tableA5_price_support_distribution_information","T1",86,0.0472787245739417,"Decrease",1685,2175,1685
"10_TPoI","tableA5_price_support_distribution_information","T1",86,0.0472787245739417,"Decrease",1690,2182,1690
"10_TPoI","tableA5_price_support_distribution_information","T1",86,0.0472787245739417,"Decrease",1737,2243,1737
"10_TPoI","tableA5_price_support_distribution_information","T1",86,0.0472787245739417,"Decrease",1740,2248,1740
"10_TPoI","tableA5_price_support_distribution_information","T1",86,0.0472787245739417,"Decrease",1743,2251,1743
"10_TPoI","tableA5_price_support_distribution_information","T1",86,0.0472787245739417,"Decrease",1747,2256,1747
"10_TPoI","tableA5_price_support_distribution_information","T1",87,0.0478284771852666,"Decrease",11,16,11
"10_TPoI","tableA5_price_support_distribution_information","T1",87,0.0478284771852666,"Decrease",12,17,12
"10_TPoI","tableA5_price_support_distribution_information","T1",87,0.0478284771852666,"Decrease",17,26,17
"10_TPoI","tableA5_price_support_distribution_information","T1",87,0.0478284771852666,"Decrease",33,45,33
"10_TPoI","tableA5_price_support_distribution_information","T1",87,0.0478284771852666,"Decrease",39,54,39
"10_TPoI","tableA5_price_support_distribution_information","T1",87,0.0478284771852666,"Decrease",52,69,52
"10_TPoI","tableA5_price_support_distribution_information","T1",87,0.0478284771852666,"Decrease",55,72,55
"10_TPoI","tableA5_price_support_distribution_information","T1",87,0.0478284771852666,"Decrease",58,77,58
"10_TPoI","tableA5_price_support_distribution_information","T1",87,0.0478284771852666,"Decrease",61,82,61
"10_TPoI","tableA5_price_support_distribution_information","T1",87,0.0478284771852666,"Decrease",75,98,75
"10_TPoI","tableA5_price_support_distribution_information","T1",87,0.0478284771852666,"Decrease",113,147,113
"10_TPoI","tableA5_price_support_distribution_information","T1",87,0.0478284771852666,"Decrease",116,150,116
"10_TPoI","tableA5_price_support_distribution_information","T1",87,0.0478284771852666,"Decrease",177,230,177
"10_TPoI","tableA5_price_support_distribution_information","T1",87,0.0478284771852666,"Decrease",180,233,180
"10_TPoI","tableA5_price_support_distribution_information","T1",87,0.0478284771852666,"Decrease",192,247,192
"10_TPoI","tableA5_price_support_distribution_information","T1",87,0.0478284771852666,"Decrease",199,256,199
"10_TPoI","tableA5_price_support_distribution_information","T1",87,0.0478284771852666,"Decrease",202,260,202
"10_TPoI","tableA5_price_support_distribution_information","T1",87,0.0478284771852666,"Decrease",225,285,225
"10_TPoI","tableA5_price_support_distribution_information","T1",87,0.0478284771852666,"Decrease",232,292,232
"10_TPoI","tableA5_price_support_distribution_information","T1",87,0.0478284771852666,"Decrease",243,306,243
"10_TPoI","tableA5_price_support_distribution_information","T1",87,0.0478284771852666,"Decrease",285,364,285
"10_TPoI","tableA5_price_support_distribution_information","T1",87,0.0478284771852666,"Decrease",301,387,301
"10_TPoI","tableA5_price_support_distribution_information","T1",87,0.0478284771852666,"Decrease",312,400,312
"10_TPoI","tableA5_price_support_distribution_information","T1",87,0.0478284771852666,"Decrease",349,450,349
"10_TPoI","tableA5_price_support_distribution_information","T1",87,0.0478284771852666,"Decrease",359,463,359
"10_TPoI","tableA5_price_support_distribution_information","T1",87,0.0478284771852666,"Decrease",396,510,396
"10_TPoI","tableA5_price_support_distribution_information","T1",87,0.0478284771852666,"Decrease",401,518,401
"10_TPoI","tableA5_price_support_distribution_information","T1",87,0.0478284771852666,"Decrease",404,522,404
"10_TPoI","tableA5_price_support_distribution_information","T1",87,0.0478284771852666,"Decrease",451,579,451
"10_TPoI","tableA5_price_support_distribution_information","T1",87,0.0478284771852666,"Decrease",540,696,540
"10_TPoI","tableA5_price_support_distribution_information","T1",87,0.0478284771852666,"Decrease",639,828,639
"10_TPoI","tableA5_price_support_distribution_information","T1",87,0.0478284771852666,"Decrease",642,831,642
"10_TPoI","tableA5_price_support_distribution_information","T1",87,0.0478284771852666,"Decrease",683,880,683
"10_TPoI","tableA5_price_support_distribution_information","T1",87,0.0478284771852666,"Decrease",689,887,689
"10_TPoI","tableA5_price_support_distribution_information","T1",87,0.0478284771852666,"Decrease",704,908,704
"10_TPoI","tableA5_price_support_distribution_information","T1",87,0.0478284771852666,"Decrease",707,911,707
"10_TPoI","tableA5_price_support_distribution_information","T1",87,0.0478284771852666,"Decrease",731,938,731
"10_TPoI","tableA5_price_support_distribution_information","T1",87,0.0478284771852666,"Decrease",771,986,771
"10_TPoI","tableA5_price_support_distribution_information","T1",87,0.0478284771852666,"Decrease",794,1017,794
"10_TPoI","tableA5_price_support_distribution_information","T1",87,0.0478284771852666,"Decrease",806,1031,806
"10_TPoI","tableA5_price_support_distribution_information","T1",87,0.0478284771852666,"Decrease",807,1032,807
"10_TPoI","tableA5_price_support_distribution_information","T1",87,0.0478284771852666,"Decrease",810,1036,810
"10_TPoI","tableA5_price_support_distribution_information","T1",87,0.0478284771852666,"Decrease",838,1071,838
"10_TPoI","tableA5_price_support_distribution_information","T1",87,0.0478284771852666,"Decrease",880,1130,880
"10_TPoI","tableA5_price_support_distribution_information","T1",87,0.0478284771852666,"Decrease",899,1156,899
"10_TPoI","tableA5_price_support_distribution_information","T1",87,0.0478284771852666,"Decrease",945,1218,945
"10_TPoI","tableA5_price_support_distribution_information","T1",87,0.0478284771852666,"Decrease",949,1222,949
"10_TPoI","tableA5_price_support_distribution_information","T1",87,0.0478284771852666,"Decrease",979,1264,979
"10_TPoI","tableA5_price_support_distribution_information","T1",87,0.0478284771852666,"Decrease",1083,1398,1083
"10_TPoI","tableA5_price_support_distribution_information","T1",87,0.0478284771852666,"Decrease",1093,1409,1093
"10_TPoI","tableA5_price_support_distribution_information","T1",87,0.0478284771852666,"Decrease",1108,1424,1108
"10_TPoI","tableA5_price_support_distribution_information","T1",87,0.0478284771852666,"Decrease",1145,1475,1145
"10_TPoI","tableA5_price_support_distribution_information","T1",87,0.0478284771852666,"Decrease",1153,1483,1153
"10_TPoI","tableA5_price_support_distribution_information","T1",87,0.0478284771852666,"Decrease",1189,1530,1189
"10_TPoI","tableA5_price_support_distribution_information","T1",87,0.0478284771852666,"Decrease",1191,1532,1191
"10_TPoI","tableA5_price_support_distribution_information","T1",87,0.0478284771852666,"Decrease",1204,1551,1204
"10_TPoI","tableA5_price_support_distribution_information","T1",87,0.0478284771852666,"Decrease",1206,1554,1206
"10_TPoI","tableA5_price_support_distribution_information","T1",87,0.0478284771852666,"Decrease",1267,1631,1267
"10_TPoI","tableA5_price_support_distribution_information","T1",87,0.0478284771852666,"Decrease",1285,1656,1285
"10_TPoI","tableA5_price_support_distribution_information","T1",87,0.0478284771852666,"Decrease",1294,1668,1294
"10_TPoI","tableA5_price_support_distribution_information","T1",87,0.0478284771852666,"Decrease",1315,1697,1315
"10_TPoI","tableA5_price_support_distribution_information","T1",87,0.0478284771852666,"Decrease",1337,1722,1337
"10_TPoI","tableA5_price_support_distribution_information","T1",87,0.0478284771852666,"Decrease",1358,1750,1358
"10_TPoI","tableA5_price_support_distribution_information","T1",87,0.0478284771852666,"Decrease",1380,1777,1380
"10_TPoI","tableA5_price_support_distribution_information","T1",87,0.0478284771852666,"Decrease",1424,1843,1424
"10_TPoI","tableA5_price_support_distribution_information","T1",87,0.0478284771852666,"Decrease",1447,1873,1447
"10_TPoI","tableA5_price_support_distribution_information","T1",87,0.0478284771852666,"Decrease",1450,1876,1450
"10_TPoI","tableA5_price_support_distribution_information","T1",87,0.0478284771852666,"Decrease",1479,1907,1479
"10_TPoI","tableA5_price_support_distribution_information","T1",87,0.0478284771852666,"Decrease",1513,1946,1513
"10_TPoI","tableA5_price_support_distribution_information","T1",87,0.0478284771852666,"Decrease",1516,1952,1516
"10_TPoI","tableA5_price_support_distribution_information","T1",87,0.0478284771852666,"Decrease",1524,1963,1524
"10_TPoI","tableA5_price_support_distribution_information","T1",87,0.0478284771852666,"Decrease",1543,1988,1543
"10_TPoI","tableA5_price_support_distribution_information","T1",87,0.0478284771852666,"Decrease",1563,2012,1563
"10_TPoI","tableA5_price_support_distribution_information","T1",87,0.0478284771852666,"Decrease",1586,2050,1586
"10_TPoI","tableA5_price_support_distribution_information","T1",87,0.0478284771852666,"Decrease",1606,2076,1606
"10_TPoI","tableA5_price_support_distribution_information","T1",87,0.0478284771852666,"Decrease",1625,2101,1625
"10_TPoI","tableA5_price_support_distribution_information","T1",87,0.0478284771852666,"Decrease",1630,2107,1630
"10_TPoI","tableA5_price_support_distribution_information","T1",87,0.0478284771852666,"Decrease",1636,2114,1636
"10_TPoI","tableA5_price_support_distribution_information","T1",87,0.0478284771852666,"Decrease",1641,2122,1641
"10_TPoI","tableA5_price_support_distribution_information","T1",87,0.0478284771852666,"Decrease",1669,2154,1669
"10_TPoI","tableA5_price_support_distribution_information","T1",87,0.0478284771852666,"Decrease",1685,2175,1685
"10_TPoI","tableA5_price_support_distribution_information","T1",87,0.0478284771852666,"Decrease",1690,2182,1690
"10_TPoI","tableA5_price_support_distribution_information","T1",87,0.0478284771852666,"Decrease",1737,2243,1737
"10_TPoI","tableA5_price_support_distribution_information","T1",87,0.0478284771852666,"Decrease",1740,2248,1740
"10_TPoI","tableA5_price_support_distribution_information","T1",87,0.0478284771852666,"Decrease",1743,2251,1743
"10_TPoI","tableA5_price_support_distribution_information","T1",87,0.0478284771852666,"Decrease",1747,2256,1747
"10_TPoI","tableA5_price_support_distribution_information","T1",87,0.0478284771852666,"Decrease",1774,2293,1774
"10_TPoI","tableA5_price_support_distribution_information","T1",88,0.0483782297965915,"Decrease",11,16,11
"10_TPoI","tableA5_price_support_distribution_information","T1",88,0.0483782297965915,"Decrease",12,17,12
"10_TPoI","tableA5_price_support_distribution_information","T1",88,0.0483782297965915,"Decrease",17,26,17
"10_TPoI","tableA5_price_support_distribution_information","T1",88,0.0483782297965915,"Decrease",33,45,33
"10_TPoI","tableA5_price_support_distribution_information","T1",88,0.0483782297965915,"Decrease",39,54,39
"10_TPoI","tableA5_price_support_distribution_information","T1",88,0.0483782297965915,"Decrease",52,69,52
"10_TPoI","tableA5_price_support_distribution_information","T1",88,0.0483782297965915,"Decrease",55,72,55
"10_TPoI","tableA5_price_support_distribution_information","T1",88,0.0483782297965915,"Decrease",58,77,58
"10_TPoI","tableA5_price_support_distribution_information","T1",88,0.0483782297965915,"Decrease",61,82,61
"10_TPoI","tableA5_price_support_distribution_information","T1",88,0.0483782297965915,"Decrease",75,98,75
"10_TPoI","tableA5_price_support_distribution_information","T1",88,0.0483782297965915,"Decrease",113,147,113
"10_TPoI","tableA5_price_support_distribution_information","T1",88,0.0483782297965915,"Decrease",116,150,116
"10_TPoI","tableA5_price_support_distribution_information","T1",88,0.0483782297965915,"Decrease",177,230,177
"10_TPoI","tableA5_price_support_distribution_information","T1",88,0.0483782297965915,"Decrease",180,233,180
"10_TPoI","tableA5_price_support_distribution_information","T1",88,0.0483782297965915,"Decrease",192,247,192
"10_TPoI","tableA5_price_support_distribution_information","T1",88,0.0483782297965915,"Decrease",199,256,199
"10_TPoI","tableA5_price_support_distribution_information","T1",88,0.0483782297965915,"Decrease",202,260,202
"10_TPoI","tableA5_price_support_distribution_information","T1",88,0.0483782297965915,"Decrease",225,285,225
"10_TPoI","tableA5_price_support_distribution_information","T1",88,0.0483782297965915,"Decrease",232,292,232
"10_TPoI","tableA5_price_support_distribution_information","T1",88,0.0483782297965915,"Decrease",243,306,243
"10_TPoI","tableA5_price_support_distribution_information","T1",88,0.0483782297965915,"Decrease",285,364,285
"10_TPoI","tableA5_price_support_distribution_information","T1",88,0.0483782297965915,"Decrease",301,387,301
"10_TPoI","tableA5_price_support_distribution_information","T1",88,0.0483782297965915,"Decrease",312,400,312
"10_TPoI","tableA5_price_support_distribution_information","T1",88,0.0483782297965915,"Decrease",349,450,349
"10_TPoI","tableA5_price_support_distribution_information","T1",88,0.0483782297965915,"Decrease",359,463,359
"10_TPoI","tableA5_price_support_distribution_information","T1",88,0.0483782297965915,"Decrease",396,510,396
"10_TPoI","tableA5_price_support_distribution_information","T1",88,0.0483782297965915,"Decrease",401,518,401
"10_TPoI","tableA5_price_support_distribution_information","T1",88,0.0483782297965915,"Decrease",404,522,404
"10_TPoI","tableA5_price_support_distribution_information","T1",88,0.0483782297965915,"Decrease",451,579,451
"10_TPoI","tableA5_price_support_distribution_information","T1",88,0.0483782297965915,"Decrease",540,696,540
"10_TPoI","tableA5_price_support_distribution_information","T1",88,0.0483782297965915,"Decrease",639,828,639
"10_TPoI","tableA5_price_support_distribution_information","T1",88,0.0483782297965915,"Decrease",642,831,642
"10_TPoI","tableA5_price_support_distribution_information","T1",88,0.0483782297965915,"Decrease",683,880,683
"10_TPoI","tableA5_price_support_distribution_information","T1",88,0.0483782297965915,"Decrease",689,887,689
"10_TPoI","tableA5_price_support_distribution_information","T1",88,0.0483782297965915,"Decrease",704,908,704
"10_TPoI","tableA5_price_support_distribution_information","T1",88,0.0483782297965915,"Decrease",707,911,707
"10_TPoI","tableA5_price_support_distribution_information","T1",88,0.0483782297965915,"Decrease",731,938,731
"10_TPoI","tableA5_price_support_distribution_information","T1",88,0.0483782297965915,"Decrease",771,986,771
"10_TPoI","tableA5_price_support_distribution_information","T1",88,0.0483782297965915,"Decrease",794,1017,794
"10_TPoI","tableA5_price_support_distribution_information","T1",88,0.0483782297965915,"Decrease",806,1031,806
"10_TPoI","tableA5_price_support_distribution_information","T1",88,0.0483782297965915,"Decrease",807,1032,807
"10_TPoI","tableA5_price_support_distribution_information","T1",88,0.0483782297965915,"Decrease",810,1036,810
"10_TPoI","tableA5_price_support_distribution_information","T1",88,0.0483782297965915,"Decrease",838,1071,838
"10_TPoI","tableA5_price_support_distribution_information","T1",88,0.0483782297965915,"Decrease",880,1130,880
"10_TPoI","tableA5_price_support_distribution_information","T1",88,0.0483782297965915,"Decrease",899,1156,899
"10_TPoI","tableA5_price_support_distribution_information","T1",88,0.0483782297965915,"Decrease",945,1218,945
"10_TPoI","tableA5_price_support_distribution_information","T1",88,0.0483782297965915,"Decrease",949,1222,949
"10_TPoI","tableA5_price_support_distribution_information","T1",88,0.0483782297965915,"Decrease",979,1264,979
"10_TPoI","tableA5_price_support_distribution_information","T1",88,0.0483782297965915,"Decrease",1083,1398,1083
"10_TPoI","tableA5_price_support_distribution_information","T1",88,0.0483782297965915,"Decrease",1093,1409,1093
"10_TPoI","tableA5_price_support_distribution_information","T1",88,0.0483782297965915,"Decrease",1108,1424,1108
"10_TPoI","tableA5_price_support_distribution_information","T1",88,0.0483782297965915,"Decrease",1145,1475,1145
"10_TPoI","tableA5_price_support_distribution_information","T1",88,0.0483782297965915,"Decrease",1153,1483,1153
"10_TPoI","tableA5_price_support_distribution_information","T1",88,0.0483782297965915,"Decrease",1189,1530,1189
"10_TPoI","tableA5_price_support_distribution_information","T1",88,0.0483782297965915,"Decrease",1191,1532,1191
"10_TPoI","tableA5_price_support_distribution_information","T1",88,0.0483782297965915,"Decrease",1204,1551,1204
"10_TPoI","tableA5_price_support_distribution_information","T1",88,0.0483782297965915,"Decrease",1206,1554,1206
"10_TPoI","tableA5_price_support_distribution_information","T1",88,0.0483782297965915,"Decrease",1267,1631,1267
"10_TPoI","tableA5_price_support_distribution_information","T1",88,0.0483782297965915,"Decrease",1285,1656,1285
"10_TPoI","tableA5_price_support_distribution_information","T1",88,0.0483782297965915,"Decrease",1294,1668,1294
"10_TPoI","tableA5_price_support_distribution_information","T1",88,0.0483782297965915,"Decrease",1315,1697,1315
"10_TPoI","tableA5_price_support_distribution_information","T1",88,0.0483782297965915,"Decrease",1337,1722,1337
"10_TPoI","tableA5_price_support_distribution_information","T1",88,0.0483782297965915,"Decrease",1358,1750,1358
"10_TPoI","tableA5_price_support_distribution_information","T1",88,0.0483782297965915,"Decrease",1380,1777,1380
"10_TPoI","tableA5_price_support_distribution_information","T1",88,0.0483782297965915,"Decrease",1424,1843,1424
"10_TPoI","tableA5_price_support_distribution_information","T1",88,0.0483782297965915,"Decrease",1447,1873,1447
"10_TPoI","tableA5_price_support_distribution_information","T1",88,0.0483782297965915,"Decrease",1450,1876,1450
"10_TPoI","tableA5_price_support_distribution_information","T1",88,0.0483782297965915,"Decrease",1479,1907,1479
"10_TPoI","tableA5_price_support_distribution_information","T1",88,0.0483782297965915,"Decrease",1513,1946,1513
"10_TPoI","tableA5_price_support_distribution_information","T1",88,0.0483782297965915,"Decrease",1516,1952,1516
"10_TPoI","tableA5_price_support_distribution_information","T1",88,0.0483782297965915,"Decrease",1524,1963,1524
"10_TPoI","tableA5_price_support_distribution_information","T1",88,0.0483782297965915,"Decrease",1543,1988,1543
"10_TPoI","tableA5_price_support_distribution_information","T1",88,0.0483782297965915,"Decrease",1563,2012,1563
"10_TPoI","tableA5_price_support_distribution_information","T1",88,0.0483782297965915,"Decrease",1586,2050,1586
"10_TPoI","tableA5_price_support_distribution_information","T1",88,0.0483782297965915,"Decrease",1606,2076,1606
"10_TPoI","tableA5_price_support_distribution_information","T1",88,0.0483782297965915,"Decrease",1625,2101,1625
"10_TPoI","tableA5_price_support_distribution_information","T1",88,0.0483782297965915,"Decrease",1630,2107,1630
"10_TPoI","tableA5_price_support_distribution_information","T1",88,0.0483782297965915,"Decrease",1636,2114,1636
"10_TPoI","tableA5_price_support_distribution_information","T1",88,0.0483782297965915,"Decrease",1641,2122,1641
"10_TPoI","tableA5_price_support_distribution_information","T1",88,0.0483782297965915,"Decrease",1669,2154,1669
"10_TPoI","tableA5_price_support_distribution_information","T1",88,0.0483782297965915,"Decrease",1685,2175,1685
"10_TPoI","tableA5_price_support_distribution_information","T1",88,0.0483782297965915,"Decrease",1690,2182,1690
"10_TPoI","tableA5_price_support_distribution_information","T1",88,0.0483782297965915,"Decrease",1737,2243,1737
"10_TPoI","tableA5_price_support_distribution_information","T1",88,0.0483782297965915,"Decrease",1740,2248,1740
"10_TPoI","tableA5_price_support_distribution_information","T1",88,0.0483782297965915,"Decrease",1743,2251,1743
"10_TPoI","tableA5_price_support_distribution_information","T1",88,0.0483782297965915,"Decrease",1747,2256,1747
"10_TPoI","tableA5_price_support_distribution_information","T1",88,0.0483782297965915,"Decrease",1774,2293,1774
"10_TPoI","tableA5_price_support_distribution_information","T1",88,0.0483782297965915,"Decrease",1786,2308,1786
"10_TPoI","tableA5_price_support_distribution_information","T1",89,0.0489279824079164,"Decrease",11,16,11
"10_TPoI","tableA5_price_support_distribution_information","T1",89,0.0489279824079164,"Decrease",12,17,12
"10_TPoI","tableA5_price_support_distribution_information","T1",89,0.0489279824079164,"Decrease",17,26,17
"10_TPoI","tableA5_price_support_distribution_information","T1",89,0.0489279824079164,"Decrease",33,45,33
"10_TPoI","tableA5_price_support_distribution_information","T1",89,0.0489279824079164,"Decrease",39,54,39
"10_TPoI","tableA5_price_support_distribution_information","T1",89,0.0489279824079164,"Decrease",52,69,52
"10_TPoI","tableA5_price_support_distribution_information","T1",89,0.0489279824079164,"Decrease",55,72,55
"10_TPoI","tableA5_price_support_distribution_information","T1",89,0.0489279824079164,"Decrease",58,77,58
"10_TPoI","tableA5_price_support_distribution_information","T1",89,0.0489279824079164,"Decrease",61,82,61
"10_TPoI","tableA5_price_support_distribution_information","T1",89,0.0489279824079164,"Decrease",75,98,75
"10_TPoI","tableA5_price_support_distribution_information","T1",89,0.0489279824079164,"Decrease",113,147,113
"10_TPoI","tableA5_price_support_distribution_information","T1",89,0.0489279824079164,"Decrease",116,150,116
"10_TPoI","tableA5_price_support_distribution_information","T1",89,0.0489279824079164,"Decrease",177,230,177
"10_TPoI","tableA5_price_support_distribution_information","T1",89,0.0489279824079164,"Decrease",180,233,180
"10_TPoI","tableA5_price_support_distribution_information","T1",89,0.0489279824079164,"Decrease",192,247,192
"10_TPoI","tableA5_price_support_distribution_information","T1",89,0.0489279824079164,"Decrease",199,256,199
"10_TPoI","tableA5_price_support_distribution_information","T1",89,0.0489279824079164,"Decrease",202,260,202
"10_TPoI","tableA5_price_support_distribution_information","T1",89,0.0489279824079164,"Decrease",225,285,225
"10_TPoI","tableA5_price_support_distribution_information","T1",89,0.0489279824079164,"Decrease",232,292,232
"10_TPoI","tableA5_price_support_distribution_information","T1",89,0.0489279824079164,"Decrease",243,306,243
"10_TPoI","tableA5_price_support_distribution_information","T1",89,0.0489279824079164,"Decrease",285,364,285
"10_TPoI","tableA5_price_support_distribution_information","T1",89,0.0489279824079164,"Decrease",301,387,301
"10_TPoI","tableA5_price_support_distribution_information","T1",89,0.0489279824079164,"Decrease",312,400,312
"10_TPoI","tableA5_price_support_distribution_information","T1",89,0.0489279824079164,"Decrease",349,450,349
"10_TPoI","tableA5_price_support_distribution_information","T1",89,0.0489279824079164,"Decrease",359,463,359
"10_TPoI","tableA5_price_support_distribution_information","T1",89,0.0489279824079164,"Decrease",396,510,396
"10_TPoI","tableA5_price_support_distribution_information","T1",89,0.0489279824079164,"Decrease",401,518,401
"10_TPoI","tableA5_price_support_distribution_information","T1",89,0.0489279824079164,"Decrease",404,522,404
"10_TPoI","tableA5_price_support_distribution_information","T1",89,0.0489279824079164,"Decrease",451,579,451
"10_TPoI","tableA5_price_support_distribution_information","T1",89,0.0489279824079164,"Decrease",540,696,540
"10_TPoI","tableA5_price_support_distribution_information","T1",89,0.0489279824079164,"Decrease",639,828,639
"10_TPoI","tableA5_price_support_distribution_information","T1",89,0.0489279824079164,"Decrease",642,831,642
"10_TPoI","tableA5_price_support_distribution_information","T1",89,0.0489279824079164,"Decrease",683,880,683
"10_TPoI","tableA5_price_support_distribution_information","T1",89,0.0489279824079164,"Decrease",689,887,689
"10_TPoI","tableA5_price_support_distribution_information","T1",89,0.0489279824079164,"Decrease",704,908,704
"10_TPoI","tableA5_price_support_distribution_information","T1",89,0.0489279824079164,"Decrease",707,911,707
"10_TPoI","tableA5_price_support_distribution_information","T1",89,0.0489279824079164,"Decrease",731,938,731
"10_TPoI","tableA5_price_support_distribution_information","T1",89,0.0489279824079164,"Decrease",771,986,771
"10_TPoI","tableA5_price_support_distribution_information","T1",89,0.0489279824079164,"Decrease",794,1017,794
"10_TPoI","tableA5_price_support_distribution_information","T1",89,0.0489279824079164,"Decrease",806,1031,806
"10_TPoI","tableA5_price_support_distribution_information","T1",89,0.0489279824079164,"Decrease",807,1032,807
"10_TPoI","tableA5_price_support_distribution_information","T1",89,0.0489279824079164,"Decrease",810,1036,810
"10_TPoI","tableA5_price_support_distribution_information","T1",89,0.0489279824079164,"Decrease",838,1071,838
"10_TPoI","tableA5_price_support_distribution_information","T1",89,0.0489279824079164,"Decrease",880,1130,880
"10_TPoI","tableA5_price_support_distribution_information","T1",89,0.0489279824079164,"Decrease",899,1156,899
"10_TPoI","tableA5_price_support_distribution_information","T1",89,0.0489279824079164,"Decrease",945,1218,945
"10_TPoI","tableA5_price_support_distribution_information","T1",89,0.0489279824079164,"Decrease",949,1222,949
"10_TPoI","tableA5_price_support_distribution_information","T1",89,0.0489279824079164,"Decrease",979,1264,979
"10_TPoI","tableA5_price_support_distribution_information","T1",89,0.0489279824079164,"Decrease",1083,1398,1083
"10_TPoI","tableA5_price_support_distribution_information","T1",89,0.0489279824079164,"Decrease",1093,1409,1093
"10_TPoI","tableA5_price_support_distribution_information","T1",89,0.0489279824079164,"Decrease",1108,1424,1108
"10_TPoI","tableA5_price_support_distribution_information","T1",89,0.0489279824079164,"Decrease",1145,1475,1145
"10_TPoI","tableA5_price_support_distribution_information","T1",89,0.0489279824079164,"Decrease",1153,1483,1153
"10_TPoI","tableA5_price_support_distribution_information","T1",89,0.0489279824079164,"Decrease",1189,1530,1189
"10_TPoI","tableA5_price_support_distribution_information","T1",89,0.0489279824079164,"Decrease",1191,1532,1191
"10_TPoI","tableA5_price_support_distribution_information","T1",89,0.0489279824079164,"Decrease",1204,1551,1204
"10_TPoI","tableA5_price_support_distribution_information","T1",89,0.0489279824079164,"Decrease",1206,1554,1206
"10_TPoI","tableA5_price_support_distribution_information","T1",89,0.0489279824079164,"Decrease",1267,1631,1267
"10_TPoI","tableA5_price_support_distribution_information","T1",89,0.0489279824079164,"Decrease",1285,1656,1285
"10_TPoI","tableA5_price_support_distribution_information","T1",89,0.0489279824079164,"Decrease",1294,1668,1294
"10_TPoI","tableA5_price_support_distribution_information","T1",89,0.0489279824079164,"Decrease",1315,1697,1315
"10_TPoI","tableA5_price_support_distribution_information","T1",89,0.0489279824079164,"Decrease",1337,1722,1337
"10_TPoI","tableA5_price_support_distribution_information","T1",89,0.0489279824079164,"Decrease",1358,1750,1358
"10_TPoI","tableA5_price_support_distribution_information","T1",89,0.0489279824079164,"Decrease",1380,1777,1380
"10_TPoI","tableA5_price_support_distribution_information","T1",89,0.0489279824079164,"Decrease",1424,1843,1424
"10_TPoI","tableA5_price_support_distribution_information","T1",89,0.0489279824079164,"Decrease",1447,1873,1447
"10_TPoI","tableA5_price_support_distribution_information","T1",89,0.0489279824079164,"Decrease",1450,1876,1450
"10_TPoI","tableA5_price_support_distribution_information","T1",89,0.0489279824079164,"Decrease",1479,1907,1479
"10_TPoI","tableA5_price_support_distribution_information","T1",89,0.0489279824079164,"Decrease",1513,1946,1513
"10_TPoI","tableA5_price_support_distribution_information","T1",89,0.0489279824079164,"Decrease",1516,1952,1516
"10_TPoI","tableA5_price_support_distribution_information","T1",89,0.0489279824079164,"Decrease",1524,1963,1524
"10_TPoI","tableA5_price_support_distribution_information","T1",89,0.0489279824079164,"Decrease",1543,1988,1543
"10_TPoI","tableA5_price_support_distribution_information","T1",89,0.0489279824079164,"Decrease",1563,2012,1563
"10_TPoI","tableA5_price_support_distribution_information","T1",89,0.0489279824079164,"Decrease",1586,2050,1586
"10_TPoI","tableA5_price_support_distribution_information","T1",89,0.0489279824079164,"Decrease",1606,2076,1606
"10_TPoI","tableA5_price_support_distribution_information","T1",89,0.0489279824079164,"Decrease",1625,2101,1625
"10_TPoI","tableA5_price_support_distribution_information","T1",89,0.0489279824079164,"Decrease",1630,2107,1630
"10_TPoI","tableA5_price_support_distribution_information","T1",89,0.0489279824079164,"Decrease",1636,2114,1636
"10_TPoI","tableA5_price_support_distribution_information","T1",89,0.0489279824079164,"Decrease",1641,2122,1641
"10_TPoI","tableA5_price_support_distribution_information","T1",89,0.0489279824079164,"Decrease",1669,2154,1669
"10_TPoI","tableA5_price_support_distribution_information","T1",89,0.0489279824079164,"Decrease",1685,2175,1685
"10_TPoI","tableA5_price_support_distribution_information","T1",89,0.0489279824079164,"Decrease",1690,2182,1690
"10_TPoI","tableA5_price_support_distribution_information","T1",89,0.0489279824079164,"Decrease",1737,2243,1737
"10_TPoI","tableA5_price_support_distribution_information","T1",89,0.0489279824079164,"Decrease",1740,2248,1740
"10_TPoI","tableA5_price_support_distribution_information","T1",89,0.0489279824079164,"Decrease",1743,2251,1743
"10_TPoI","tableA5_price_support_distribution_information","T1",89,0.0489279824079164,"Decrease",1747,2256,1747
"10_TPoI","tableA5_price_support_distribution_information","T1",89,0.0489279824079164,"Decrease",1774,2293,1774
"10_TPoI","tableA5_price_support_distribution_information","T1",89,0.0489279824079164,"Decrease",1786,2308,1786
"10_TPoI","tableA5_price_support_distribution_information","T1",89,0.0489279824079164,"Decrease",1810,2338,1810
"10_TPoI","tableA5_price_support_distribution_information","T1",90,0.0494777350192413,"Decrease",11,16,11
"10_TPoI","tableA5_price_support_distribution_information","T1",90,0.0494777350192413,"Decrease",12,17,12
"10_TPoI","tableA5_price_support_distribution_information","T1",90,0.0494777350192413,"Decrease",17,26,17
"10_TPoI","tableA5_price_support_distribution_information","T1",90,0.0494777350192413,"Decrease",33,45,33
"10_TPoI","tableA5_price_support_distribution_information","T1",90,0.0494777350192413,"Decrease",39,54,39
"10_TPoI","tableA5_price_support_distribution_information","T1",90,0.0494777350192413,"Decrease",52,69,52
"10_TPoI","tableA5_price_support_distribution_information","T1",90,0.0494777350192413,"Decrease",55,72,55
"10_TPoI","tableA5_price_support_distribution_information","T1",90,0.0494777350192413,"Decrease",58,77,58
"10_TPoI","tableA5_price_support_distribution_information","T1",90,0.0494777350192413,"Decrease",61,82,61
"10_TPoI","tableA5_price_support_distribution_information","T1",90,0.0494777350192413,"Decrease",75,98,75
"10_TPoI","tableA5_price_support_distribution_information","T1",90,0.0494777350192413,"Decrease",113,147,113
"10_TPoI","tableA5_price_support_distribution_information","T1",90,0.0494777350192413,"Decrease",116,150,116
"10_TPoI","tableA5_price_support_distribution_information","T1",90,0.0494777350192413,"Decrease",177,230,177
"10_TPoI","tableA5_price_support_distribution_information","T1",90,0.0494777350192413,"Decrease",180,233,180
"10_TPoI","tableA5_price_support_distribution_information","T1",90,0.0494777350192413,"Decrease",192,247,192
"10_TPoI","tableA5_price_support_distribution_information","T1",90,0.0494777350192413,"Decrease",199,256,199
"10_TPoI","tableA5_price_support_distribution_information","T1",90,0.0494777350192413,"Decrease",202,260,202
"10_TPoI","tableA5_price_support_distribution_information","T1",90,0.0494777350192413,"Decrease",225,285,225
"10_TPoI","tableA5_price_support_distribution_information","T1",90,0.0494777350192413,"Decrease",232,292,232
"10_TPoI","tableA5_price_support_distribution_information","T1",90,0.0494777350192413,"Decrease",243,306,243
"10_TPoI","tableA5_price_support_distribution_information","T1",90,0.0494777350192413,"Decrease",285,364,285
"10_TPoI","tableA5_price_support_distribution_information","T1",90,0.0494777350192413,"Decrease",301,387,301
"10_TPoI","tableA5_price_support_distribution_information","T1",90,0.0494777350192413,"Decrease",312,400,312
"10_TPoI","tableA5_price_support_distribution_information","T1",90,0.0494777350192413,"Decrease",349,450,349
"10_TPoI","tableA5_price_support_distribution_information","T1",90,0.0494777350192413,"Decrease",359,463,359
"10_TPoI","tableA5_price_support_distribution_information","T1",90,0.0494777350192413,"Decrease",396,510,396
"10_TPoI","tableA5_price_support_distribution_information","T1",90,0.0494777350192413,"Decrease",401,518,401
"10_TPoI","tableA5_price_support_distribution_information","T1",90,0.0494777350192413,"Decrease",404,522,404
"10_TPoI","tableA5_price_support_distribution_information","T1",90,0.0494777350192413,"Decrease",451,579,451
"10_TPoI","tableA5_price_support_distribution_information","T1",90,0.0494777350192413,"Decrease",540,696,540
"10_TPoI","tableA5_price_support_distribution_information","T1",90,0.0494777350192413,"Decrease",639,828,639
"10_TPoI","tableA5_price_support_distribution_information","T1",90,0.0494777350192413,"Decrease",642,831,642
"10_TPoI","tableA5_price_support_distribution_information","T1",90,0.0494777350192413,"Decrease",683,880,683
"10_TPoI","tableA5_price_support_distribution_information","T1",90,0.0494777350192413,"Decrease",689,887,689
"10_TPoI","tableA5_price_support_distribution_information","T1",90,0.0494777350192413,"Decrease",704,908,704
"10_TPoI","tableA5_price_support_distribution_information","T1",90,0.0494777350192413,"Decrease",707,911,707
"10_TPoI","tableA5_price_support_distribution_information","T1",90,0.0494777350192413,"Decrease",731,938,731
"10_TPoI","tableA5_price_support_distribution_information","T1",90,0.0494777350192413,"Decrease",771,986,771
"10_TPoI","tableA5_price_support_distribution_information","T1",90,0.0494777350192413,"Decrease",794,1017,794
"10_TPoI","tableA5_price_support_distribution_information","T1",90,0.0494777350192413,"Decrease",806,1031,806
"10_TPoI","tableA5_price_support_distribution_information","T1",90,0.0494777350192413,"Decrease",807,1032,807
"10_TPoI","tableA5_price_support_distribution_information","T1",90,0.0494777350192413,"Decrease",810,1036,810
"10_TPoI","tableA5_price_support_distribution_information","T1",90,0.0494777350192413,"Decrease",838,1071,838
"10_TPoI","tableA5_price_support_distribution_information","T1",90,0.0494777350192413,"Decrease",880,1130,880
"10_TPoI","tableA5_price_support_distribution_information","T1",90,0.0494777350192413,"Decrease",899,1156,899
"10_TPoI","tableA5_price_support_distribution_information","T1",90,0.0494777350192413,"Decrease",945,1218,945
"10_TPoI","tableA5_price_support_distribution_information","T1",90,0.0494777350192413,"Decrease",949,1222,949
"10_TPoI","tableA5_price_support_distribution_information","T1",90,0.0494777350192413,"Decrease",979,1264,979
"10_TPoI","tableA5_price_support_distribution_information","T1",90,0.0494777350192413,"Decrease",1083,1398,1083
"10_TPoI","tableA5_price_support_distribution_information","T1",90,0.0494777350192413,"Decrease",1093,1409,1093
"10_TPoI","tableA5_price_support_distribution_information","T1",90,0.0494777350192413,"Decrease",1108,1424,1108
"10_TPoI","tableA5_price_support_distribution_information","T1",90,0.0494777350192413,"Decrease",1145,1475,1145
"10_TPoI","tableA5_price_support_distribution_information","T1",90,0.0494777350192413,"Decrease",1153,1483,1153
"10_TPoI","tableA5_price_support_distribution_information","T1",90,0.0494777350192413,"Decrease",1189,1530,1189
"10_TPoI","tableA5_price_support_distribution_information","T1",90,0.0494777350192413,"Decrease",1191,1532,1191
"10_TPoI","tableA5_price_support_distribution_information","T1",90,0.0494777350192413,"Decrease",1204,1551,1204
"10_TPoI","tableA5_price_support_distribution_information","T1",90,0.0494777350192413,"Decrease",1206,1554,1206
"10_TPoI","tableA5_price_support_distribution_information","T1",90,0.0494777350192413,"Decrease",1267,1631,1267
"10_TPoI","tableA5_price_support_distribution_information","T1",90,0.0494777350192413,"Decrease",1285,1656,1285
"10_TPoI","tableA5_price_support_distribution_information","T1",90,0.0494777350192413,"Decrease",1294,1668,1294
"10_TPoI","tableA5_price_support_distribution_information","T1",90,0.0494777350192413,"Decrease",1315,1697,1315
"10_TPoI","tableA5_price_support_distribution_information","T1",90,0.0494777350192413,"Decrease",1337,1722,1337
"10_TPoI","tableA5_price_support_distribution_information","T1",90,0.0494777350192413,"Decrease",1358,1750,1358
"10_TPoI","tableA5_price_support_distribution_information","T1",90,0.0494777350192413,"Decrease",1380,1777,1380
"10_TPoI","tableA5_price_support_distribution_information","T1",90,0.0494777350192413,"Decrease",1424,1843,1424
"10_TPoI","tableA5_price_support_distribution_information","T1",90,0.0494777350192413,"Decrease",1447,1873,1447
"10_TPoI","tableA5_price_support_distribution_information","T1",90,0.0494777350192413,"Decrease",1450,1876,1450
"10_TPoI","tableA5_price_support_distribution_information","T1",90,0.0494777350192413,"Decrease",1479,1907,1479
"10_TPoI","tableA5_price_support_distribution_information","T1",90,0.0494777350192413,"Decrease",1513,1946,1513
"10_TPoI","tableA5_price_support_distribution_information","T1",90,0.0494777350192413,"Decrease",1516,1952,1516
"10_TPoI","tableA5_price_support_distribution_information","T1",90,0.0494777350192413,"Decrease",1524,1963,1524
"10_TPoI","tableA5_price_support_distribution_information","T1",90,0.0494777350192413,"Decrease",1543,1988,1543
"10_TPoI","tableA5_price_support_distribution_information","T1",90,0.0494777350192413,"Decrease",1563,2012,1563
"10_TPoI","tableA5_price_support_distribution_information","T1",90,0.0494777350192413,"Decrease",1586,2050,1586
"10_TPoI","tableA5_price_support_distribution_information","T1",90,0.0494777350192413,"Decrease",1606,2076,1606
"10_TPoI","tableA5_price_support_distribution_information","T1",90,0.0494777350192413,"Decrease",1625,2101,1625
"10_TPoI","tableA5_price_support_distribution_information","T1",90,0.0494777350192413,"Decrease",1630,2107,1630
"10_TPoI","tableA5_price_support_distribution_information","T1",90,0.0494777350192413,"Decrease",1636,2114,1636
"10_TPoI","tableA5_price_support_distribution_information","T1",90,0.0494777350192413,"Decrease",1641,2122,1641
"10_TPoI","tableA5_price_support_distribution_information","T1",90,0.0494777350192413,"Decrease",1669,2154,1669
"10_TPoI","tableA5_price_support_distribution_information","T1",90,0.0494777350192413,"Decrease",1685,2175,1685
"10_TPoI","tableA5_price_support_distribution_information","T1",90,0.0494777350192413,"Decrease",1690,2182,1690
"10_TPoI","tableA5_price_support_distribution_information","T1",90,0.0494777350192413,"Decrease",1737,2243,1737
"10_TPoI","tableA5_price_support_distribution_information","T1",90,0.0494777350192413,"Decrease",1740,2248,1740
"10_TPoI","tableA5_price_support_distribution_information","T1",90,0.0494777350192413,"Decrease",1743,2251,1743
"10_TPoI","tableA5_price_support_distribution_information","T1",90,0.0494777350192413,"Decrease",1747,2256,1747
"10_TPoI","tableA5_price_support_distribution_information","T1",90,0.0494777350192413,"Decrease",1774,2293,1774
"10_TPoI","tableA5_price_support_distribution_information","T1",90,0.0494777350192413,"Decrease",1786,2308,1786
"10_TPoI","tableA5_price_support_distribution_information","T1",90,0.0494777350192413,"Decrease",1810,2338,1810
"10_TPoI","tableA5_price_support_distribution_information","T1",90,0.0494777350192413,"Decrease",1818,2346,1818
