"study_id","estimand_id","target","k","removal_fraction","direction","beta_original","beta_mis","delta_mis","abs_delta_mis","relative_change_mis","valid_mis","refit_error_mis","nested_mis","mis_positions","mis_ids","N","beta_after","delta_beta","abs_delta_beta","relative_change","nested","valid_refit","refit_error"
"10_TPoI","tableA5_price_support_distribution_information","T1",1,0.000549752611324904,"Increase",-0.116782146310028,-0.115167972219977,0.00161417409005028,0.00161417409005028,0.0138220964509853,TRUE,,,"4","6",1819,-0.115167972219977,0.00161417409005028,0.00161417409005028,0.0138220964509853,,TRUE,
"10_TPoI","tableA5_price_support_distribution_information","T1",2,0.00109950522264981,"Increase",-0.116782146310028,-0.113546219847823,0.00323592646220497,0.00323592646220497,0.0277090853734987,TRUE,,TRUE,"4;7","6;10",1819,-0.113546219847823,0.00323592646220497,0.00323592646220497,0.0277090853734987,TRUE,TRUE,
"10_TPoI","tableA5_price_support_distribution_information","T1",3,0.00164925783397471,"Increase",-0.116782146310028,-0.111916835699796,0.00486531061023204,0.00486531061023204,0.0416614248321473,TRUE,,TRUE,"4;7;18","6;10;27",1819,-0.111916835699796,0.00486531061023204,0.00486531061023204,0.0416614248321473,TRUE,TRUE,
"10_TPoI","tableA5_price_support_distribution_information","T1",4,0.00219901044529962,"Increase",-0.116782146310028,-0.110279765777487,0.0065023805325411,0.0065023805325411,0.0556795772127606,TRUE,,TRUE,"4;7;18;45","6;10;27;60",1819,-0.110279765777487,0.0065023805325411,0.0065023805325411,0.0556795772127606,TRUE,TRUE,
"10_TPoI","tableA5_price_support_distribution_information","T1",5,0.00274876305662452,"Increase",-0.116782146310028,-0.10863495557186,0.00814719073816722,0.00814719073816722,0.0697640092736303,TRUE,,TRUE,"4;7;18;45;49","6;10;27;60;66",1819,-0.10863495557186,0.00814719073816722,0.00814719073816722,0.0697640092736303,TRUE,TRUE,
"10_TPoI","tableA5_price_support_distribution_information","T1",6,0.00329851566794942,"Increase",-0.116782146310028,-0.106982350057193,0.0097997962528345,0.0097997962528345,0.0839151921974312,TRUE,,TRUE,"4;7;18;45;49;59","6;10;27;60;66;79",1819,-0.106982350057193,0.0097997962528345,0.0097997962528345,0.0839151921974312,TRUE,TRUE,
"10_TPoI","tableA5_price_support_distribution_information","T1",7,0.00384826827927433,"Increase",-0.116782146310028,-0.105321893684994,0.011460252625034,0.011460252625034,0.0981336016432673,TRUE,,TRUE,"4;7;18;45;49;59;62","6;10;27;60;66;79;84",1819,-0.105321893684994,0.011460252625034,0.011460252625034,0.0981336016432673,TRUE,TRUE,
"10_TPoI","tableA5_price_support_distribution_information","T1",8,0.00439802089059923,"Increase",-0.116782146310028,-0.103653530377668,0.0131286159323597,0.0131286159323597,0.112419717800926,TRUE,,TRUE,"4;7;18;45;49;59;62;74","6;10;27;60;66;79;84;97",1819,-0.103653530377668,0.0131286159323597,0.0131286159323597,0.112419717800926,TRUE,TRUE,
"10_TPoI","tableA5_price_support_distribution_information","T1",9,0.00494777350192413,"Increase",-0.116782146310028,-0.101977203522342,0.0148049427876854,0.0148049427876854,0.126774025443769,TRUE,,TRUE,"4;7;18;45;49;59;62;74;91","6;10;27;60;66;79;84;97;118",1819,-0.101977203522342,0.0148049427876854,0.0148049427876854,0.126774025443769,TRUE,TRUE,
"10_TPoI","tableA5_price_support_distribution_information","T1",10,0.00549752611324904,"Increase",-0.116782146310028,-0.100292855964361,0.0164892903456669,0.0164892903456669,0.141197013984414,TRUE,,TRUE,"4;7;18;45;49;59;62;74;91;93","6;10;27;60;66;79;84;97;118;122",1819,-0.100292855964361,0.0164892903456669,0.0164892903456669,0.141197013984414,TRUE,TRUE,
"10_TPoI","tableA5_price_support_distribution_information","T1",11,0.00604727872457394,"Increase",-0.116782146310028,-0.0986004300008288,0.0181817163091989,0.0181817163091989,0.155689177530022,TRUE,,TRUE,"4;7;18;45;49;59;62;74;91;93;100","6;10;27;60;66;79;84;97;118;122;131",1819,-0.0986004300008288,0.0181817163091989,0.0181817163091989,0.155689177530022,TRUE,TRUE,
"10_TPoI","tableA5_price_support_distribution_information","T1",12,0.00659703133589885,"Increase",-0.116782146310028,-0.096899867374007,0.0198822789360207,0.0198822789360207,0.17025101493886,TRUE,,TRUE,"4;7;18;45;49;59;62;74;91;93;100;104","6;10;27;60;66;79;84;97;118;122;131;137",1819,-0.096899867374007,0.0198822789360207,0.0198822789360207,0.17025101493886,TRUE,TRUE,
"10_TPoI","tableA5_price_support_distribution_information","T1",13,0.00714678394722375,"Increase",-0.116782146310028,-0.0951911092646456,0.0215910370453821,0.0215910370453821,0.184883029877386,TRUE,,TRUE,"4;7;18;45;49;59;62;74;91;93;100;104;114","6;10;27;60;66;79;84;97;118;122;131;137;148",1819,-0.0951911092646456,0.0215910370453821,0.0215910370453821,0.184883029877386,TRUE,TRUE,
"10_TPoI","tableA5_price_support_distribution_information","T1",14,0.00769653655854865,"Increase",-0.116782146310028,-0.0934740962851926,0.023308050024835,0.023308050024835,0.199585730878399,TRUE,,TRUE,"4;7;18;45;49;59;62;74;91;93;100;104;114;119","6;10;27;60;66;79;84;97;118;122;131;137;148;153",1819,-0.0934740962851926,0.023308050024835,0.023308050024835,0.199585730878399,TRUE,TRUE,
"10_TPoI","tableA5_price_support_distribution_information","T1",15,0.00824628916987356,"Increase",-0.116782146310028,-0.0917487684729068,0.0250333778371208,0.0250333778371208,0.214359631400021,TRUE,,TRUE,"4;7;18;45;49;59;62;74;91;93;100;104;114;119;123","6;10;27;60;66;79;84;97;118;122;131;137;148;153;158",1819,-0.0917487684729068,0.0250333778371208,0.0250333778371208,0.214359631400021,TRUE,TRUE,
"10_TPoI","tableA5_price_support_distribution_information","T1",16,0.00879604178119846,"Increase",-0.116782146310028,-0.0900150652828919,0.0267670810271358,0.0267670810271358,0.229205249885336,TRUE,,TRUE,"4;7;18;45;49;59;62;74;91;93;100;104;114;119;123;166","6;10;27;60;66;79;84;97;118;122;131;137;148;153;158;216",1819,-0.0900150652828919,0.0267670810271358,0.0267670810271358,0.229205249885336,TRUE,TRUE,
"10_TPoI","tableA5_price_support_distribution_information","T1",17,0.00934579439252336,"Increase",-0.116782146310028,-0.0882729255810037,0.028509220729024,0.028509220729024,0.244123109823132,TRUE,,TRUE,"4;7;18;45;49;59;62;74;91;93;100;104;114;119;123;166;169","6;10;27;60;66;79;84;97;118;122;131;137;148;153;158;216;221",1819,-0.0882729255810037,0.028509220729024,0.028509220729024,0.244123109823132,TRUE,TRUE,
"10_TPoI","tableA5_price_support_distribution_information","T1",18,0.00989554700384827,"Increase",-0.116782146310028,-0.0865222876366703,0.0302598586733574,0.0302598586733574,0.25911373980938,TRUE,,TRUE,"4;7;18;45;49;59;62;74;91;93;100;104;114;119;123;166;169;183","6;10;27;60;66;79;84;97;118;122;131;137;148;153;158;216;221;236",1819,-0.0865222876366703,0.0302598586733574,0.0302598586733574,0.25911373980938,TRUE,TRUE,
"10_TPoI","tableA5_price_support_distribution_information","T1",19,0.0104452996151732,"Increase",-0.116782146310028,-0.0847630891155904,0.0320190571944373,0.0320190571944373,0.274177673609754,TRUE,,TRUE,"4;7;18;45;49;59;62;74;91;93;100;104;114;119;123;166;169;183;216","6;10;27;60;66;79;84;97;118;122;131;137;148;153;158;216;221;236;274",1819,-0.0847630891155904,0.0320190571944373,0.0320190571944373,0.274177673609754,TRUE,TRUE,
"10_TPoI","tableA5_price_support_distribution_information","T1",20,0.0109950522264981,"Increase",-0.116782146310028,-0.0829952670723441,0.0337868792376836,0.0337868792376836,0.289315450222912,TRUE,,TRUE,"4;7;18;45;49;59;62;74;91;93;100;104;114;119;123;166;169;183;216;218","6;10;27;60;66;79;84;97;118;122;131;137;148;153;158;216;221;236;274;276",1819,-0.0829952670723441,0.0337868792376836,0.0337868792376836,0.289315450222912,TRUE,TRUE,
"10_TPoI","tableA5_price_support_distribution_information","T1",21,0.011544804837823,"Increase",-0.116782146310028,-0.0812187579428936,0.035563388367134,0.035563388367134,0.304527613944704,TRUE,,TRUE,"4;7;18;45;49;59;62;74;91;93;100;104;114;119;123;166;169;183;216;218;220","6;10;27;60;66;79;84;97;118;122;131;137;148;153;158;216;221;236;274;276;278",1819,-0.0812187579428936,0.035563388367134,0.035563388367134,0.304527613944704,TRUE,TRUE,
"10_TPoI","tableA5_price_support_distribution_information","T1",22,0.0120945574491479,"Increase",-0.116782146310028,-0.079433497536946,0.0373486487730817,0.0373486487730817,0.319814714433577,TRUE,,TRUE,"4;7;18;45;49;59;62;74;91;93;100;104;114;119;123;166;169;183;216;218;220;224","6;10;27;60;66;79;84;97;118;122;131;137;148;153;158;216;221;236;274;276;278;284",1819,-0.079433497536946,0.0373486487730817,0.0373486487730817,0.319814714433577,TRUE,TRUE,
"10_TPoI","tableA5_price_support_distribution_information","T1",23,0.0126443100604728,"Increase",-0.116782146310028,-0.0776394210302231,0.0391427252798045,0.0391427252798045,0.335177306776759,TRUE,,TRUE,"4;7;18;45;49;59;62;74;91;93;100;104;114;119;123;166;169;183;216;218;220;224;226","6;10;27;60;66;79;84;97;118;122;131;137;148;153;158;216;221;236;274;276;278;284;286",1819,-0.0776394210302231,0.0391427252798045,0.0391427252798045,0.335177306776759,TRUE,TRUE,
"10_TPoI","tableA5_price_support_distribution_information","T1",24,0.0131940626717977,"Increase",-0.116782146310028,-0.0758364629566415,0.0409456833533862,0.0409456833533862,0.350615951557232,TRUE,,TRUE,"4;7;18;45;49;59;62;74;91;93;100;104;114;119;123;166;169;183;216;218;220;224;226;227","6;10;27;60;66;79;84;97;118;122;131;137;148;153;158;216;221;236;274;276;278;284;286;287",1819,-0.0758364629566415,0.0409456833533862,0.0409456833533862,0.350615951557232,TRUE,TRUE,
"10_TPoI","tableA5_price_support_distribution_information","T1",25,0.0137438152831226,"Increase",-0.116782146310028,-0.0740245572003038,0.0427575891097239,0.0427575891097239,0.366131214922297,TRUE,,TRUE,"4;7;18;45;49;59;62;74;91;93;100;104;114;119;123;166;169;183;216;218;220;224;226;227;239","6;10;27;60;66;79;84;97;118;122;131;137;148;153;158;216;221;236;274;276;278;284;286;287;300",1819,-0.0740245572003038,0.0427575891097239,0.0427575891097239,0.366131214922297,TRUE,TRUE,
"10_TPoI","tableA5_price_support_distribution_information","T1",26,0.0142935678944475,"Increase",-0.116782146310028,-0.0722036369874741,0.0445785093225536,0.0445785093225536,0.381723668652301,TRUE,,TRUE,"4;7;18;45;49;59;62;74;91;93;100;104;114;119;123;166;169;183;216;218;220;224;226;227;239;245","6;10;27;60;66;79;84;97;118;122;131;137;148;153;158;216;221;236;274;276;278;284;286;287;300;309",1819,-0.0722036369874741,0.0445785093225536,0.0445785093225536,0.381723668652301,TRUE,TRUE,
"10_TPoI","tableA5_price_support_distribution_information","T1",27,0.0148433205057724,"Increase",-0.116782146310028,-0.0703736348783213,0.0464085114317064,0.0464085114317064,0.397393890231331,TRUE,,TRUE,"4;7;18;45;49;59;62;74;91;93;100;104;114;119;123;166;169;183;216;218;220;224;226;227;239;245;269","6;10;27;60;66;79;84;97;118;122;131;137;148;153;158;216;221;236;274;276;278;284;286;287;300;309;344",1819,-0.0703736348783213,0.0464085114317064,0.0464085114317064,0.397393890231331,TRUE,TRUE,
"10_TPoI","tableA5_price_support_distribution_information","T1",28,0.0153930731170973,"Increase",-0.116782146310028,-0.0685344827586195,0.0482476635514082,0.0482476635514082,0.413142462918284,TRUE,,TRUE,"4;7;18;45;49;59;62;74;91;93;100;104;114;119;123;166;169;183;216;218;220;224;226;227;239;245;269;283","6;10;27;60;66;79;84;97;118;122;131;137;148;153;158;216;221;236;274;276;278;284;286;287;300;309;344;361",1819,-0.0685344827586195,0.0482476635514082,0.0482476635514082,0.413142462918284,TRUE,TRUE,
"10_TPoI","tableA5_price_support_distribution_information","T1",29,0.0159428257284222,"Increase",-0.116782146310028,-0.0666861118313029,0.0500960344787247,0.0500960344787247,0.428969975819182,TRUE,,TRUE,"4;7;18;45;49;59;62;74;91;93;100;104;114;119;123;166;169;183;216;218;220;224;226;227;239;245;269;283;290","6;10;27;60;66;79;84;97;118;122;131;137;148;153;158;216;221;236;274;276;278;284;286;287;300;309;344;361;370",1819,-0.0666861118313029,0.0500960344787247,0.0500960344787247,0.428969975819182,TRUE,TRUE,
"10_TPoI","tableA5_price_support_distribution_information","T1",30,0.0164925783397471,"Increase",-0.116782146310028,-0.064828452607869,0.0519536937021587,0.0519536937021587,0.44487702396079,TRUE,,TRUE,"4;7;18;45;49;59;62;74;91;93;100;104;114;119;123;166;169;183;216;218;220;224;226;227;239;245;269;283;290;292","6;10;27;60;66;79;84;97;118;122;131;137;148;153;158;216;221;236;274;276;278;284;286;287;300;309;344;361;370;372",1819,-0.064828452607869,0.0519536937021587,0.0519536937021587,0.44487702396079,TRUE,TRUE,
"10_TPoI","tableA5_price_support_distribution_information","T1",31,0.017042330951072,"Increase",-0.116782146310028,-0.0629614348996782,0.0538207114103494,0.0538207114103494,0.460864208365111,TRUE,,TRUE,"4;7;18;45;49;59;62;74;91;93;100;104;114;119;123;166;169;183;216;218;220;224;226;227;239;245;269;283;290;292;309","6;10;27;60;66;79;84;97;118;122;131;137;148;153;158;216;221;236;274;276;278;284;286;287;300;309;344;361;370;372;396",1819,-0.0629614348996782,0.0538207114103494,0.0538207114103494,0.460864208365111,TRUE,TRUE,
"10_TPoI","tableA5_price_support_distribution_information","T1",32,0.0175920835623969,"Increase",-0.116782146310028,-0.0610849878091261,0.0556971585009016,0.0556971585009016,0.476932136124981,TRUE,,TRUE,"4;7;18;45;49;59;62;74;91;93;100;104;114;119;123;166;169;183;216;218;220;224;226;227;239;245;269;283;290;292;309;336","6;10;27;60;66;79;84;97;118;122;131;137;148;153;158;216;221;236;274;276;278;284;286;287;300;309;344;361;370;372;396;432",1819,-0.0610849878091261,0.0556971585009016,0.0556971585009016,0.476932136124981,TRUE,TRUE,
"10_TPoI","tableA5_price_support_distribution_information","T1",33,0.0181418361737218,"Increase",-0.116782146310028,-0.0591990397206476,0.05758310658938,0.05758310658938,0.4930814204811,TRUE,,TRUE,"4;7;18;45;49;59;62;74;91;93;100;104;114;119;123;166;169;183;216;218;220;224;226;227;239;245;269;283;290;292;309;336;337","6;10;27;60;66;79;84;97;118;122;131;137;148;153;158;216;221;236;274;276;278;284;286;287;300;309;344;361;370;372;396;432;433",1819,-0.0591990397206476,0.05758310658938,0.05758310658938,0.4930814204811,TRUE,TRUE,
"10_TPoI","tableA5_price_support_distribution_information","T1",34,0.0186915887850467,"Increase",-0.116782146310028,-0.0573035182916163,0.0594786280184114,0.0594786280184114,0.509312680899959,TRUE,,TRUE,"4;7;18;45;49;59;62;74;91;93;100;104;114;119;123;166;169;183;216;218;220;224;226;227;239;245;269;283;290;292;309;336;337;357","6;10;27;60;66;79;84;97;118;122;131;137;148;153;158;216;221;236;274;276;278;284;286;287;300;309;344;361;370;372;396;432;433;459",1819,-0.0573035182916163,0.0594786280184114,0.0594786280184114,0.509312680899959,TRUE,TRUE,
"10_TPoI","tableA5_price_support_distribution_information","T1",35,0.0192413413963716,"Increase",-0.116782146310028,-0.0553983504430978,0.0613837958669298,0.0613837958669298,0.525626543153018,TRUE,,TRUE,"4;7;18;45;49;59;62;74;91;93;100;104;114;119;123;166;169;183;216;218;220;224;226;227;239;245;269;283;290;292;309;336;337;357;385","6;10;27;60;66;79;84;97;118;122;131;137;148;153;158;216;221;236;274;276;278;284;286;287;300;309;344;361;370;372;396;432;433;459;495",1819,-0.0553983504430978,0.0613837958669298,0.0613837958669298,0.525626543153018,TRUE,TRUE,
"10_TPoI","tableA5_price_support_distribution_information","T1",36,0.0197910940076965,"Increase",-0.116782146310028,-0.053483462350456,0.0632986839595717,0.0632986839595717,0.54202363939715,TRUE,,TRUE,"4;7;18;45;49;59;62;74;91;93;100;104;114;119;123;166;169;183;216;218;220;224;226;227;239;245;269;283;290;292;309;336;337;357;385;412","6;10;27;60;66;79;84;97;118;122;131;137;148;153;158;216;221;236;274;276;278;284;286;287;300;309;344;361;370;372;396;432;433;459;495;531",1819,-0.053483462350456,0.0632986839595717,0.0632986839595717,0.54202363939715,TRUE,TRUE,
"10_TPoI","tableA5_price_support_distribution_information","T1",37,0.0203408466190214,"Increase",-0.116782146310028,-0.0515587794338125,0.0652233668762152,0.0652233668762152,0.558504608256328,TRUE,,TRUE,"4;7;18;45;49;59;62;74;91;93;100;104;114;119;123;166;169;183;216;218;220;224;226;227;239;245;269;283;290;292;309;336;337;357;385;412;414","6;10;27;60;66;79;84;97;118;122;131;137;148;153;158;216;221;236;274;276;278;284;286;287;300;309;344;361;370;372;396;432;433;459;495;531;533",1819,-0.0515587794338125,0.0652233668762152,0.0652233668762152,0.558504608256328,TRUE,TRUE,
"10_TPoI","tableA5_price_support_distribution_information","T1",38,0.0208905992303463,"Increase",-0.116782146310028,-0.0496242263483644,0.0671579199616633,0.0671579199616633,0.575070094904538,TRUE,,TRUE,"4;7;18;45;49;59;62;74;91;93;100;104;114;119;123;166;169;183;216;218;220;224;226;227;239;245;269;283;290;292;309;336;337;357;385;412;414;419","6;10;27;60;66;79;84;97;118;122;131;137;148;153;158;216;221;236;274;276;278;284;286;287;300;309;344;361;370;372;396;432;433;459;495;531;533;539",1819,-0.0496242263483644,0.0671579199616633,0.0671579199616633,0.575070094904538,TRUE,TRUE,
"10_TPoI","tableA5_price_support_distribution_information","T1",39,0.0214403518416712,"Increase",-0.116782146310028,-0.047679726974559,0.0691024193354686,0.0691024193354686,0.591720751149913,TRUE,,TRUE,"4;7;18;45;49;59;62;74;91;93;100;104;114;119;123;166;169;183;216;218;220;224;226;227;239;245;269;283;290;292;309;336;337;357;385;412;414;419;423","6;10;27;60;66;79;84;97;118;122;131;137;148;153;158;216;221;236;274;276;278;284;286;287;300;309;344;361;370;372;396;432;433;459;495;531;533;539;543",1819,-0.047679726974559,0.0691024193354686,0.0691024193354686,0.591720751149913,TRUE,TRUE,
"10_TPoI","tableA5_price_support_distribution_information","T1",40,0.0219901044529962,"Increase",-0.116782146310028,-0.0457252044081072,0.0710569419019204,0.0710569419019204,0.608457235520247,TRUE,,TRUE,"4;7;18;45;49;59;62;74;91;93;100;104;114;119;123;166;169;183;216;218;220;224;226;227;239;245;269;283;290;292;309;336;337;357;385;412;414;419;423;433","6;10;27;60;66;79;84;97;118;122;131;137;148;153;158;216;221;236;274;276;278;284;286;287;300;309;344;361;370;372;396;432;433;459;495;531;533;539;543;555",1819,-0.0457252044081072,0.0710569419019204,0.0710569419019204,0.608457235520247,TRUE,TRUE,
"10_TPoI","tableA5_price_support_distribution_information","T1",41,0.0225398570643211,"Increase",-0.116782146310028,-0.0437605809498338,0.0730215653601939,0.0730215653601939,0.625280213349904,TRUE,,TRUE,"4;7;18;45;49;59;62;74;91;93;100;104;114;119;123;166;169;183;216;218;220;224;226;227;239;245;269;283;290;292;309;336;337;357;385;412;414;419;423;433;442","6;10;27;60;66;79;84;97;118;122;131;137;148;153;158;216;221;236;274;276;278;284;286;287;300;309;344;361;370;372;396;432;433;459;495;531;533;539;543;555;565",1819,-0.0437605809498338,0.0730215653601939,0.0730215653601939,0.625280213349904,TRUE,TRUE,
"10_TPoI","tableA5_price_support_distribution_information","T1",42,0.023089609675646,"Increase",-0.116782146310028,-0.0417857780954071,0.0749963682146205,0.0749963682146205,0.642190356867768,TRUE,,TRUE,"4;7;18;45;49;59;62;74;91;93;100;104;114;119;123;166;169;183;216;218;220;224;226;227;239;245;269;283;290;292;309;336;337;357;385;412;414;419;423;433;442;450","6;10;27;60;66;79;84;97;118;122;131;137;148;153;158;216;221;236;274;276;278;284;286;287;300;309;344;361;370;372;396;432;433;459;495;531;533;539;543;555;565;578",1819,-0.0417857780954071,0.0749963682146205,0.0749963682146205,0.642190356867768,TRUE,TRUE,
"10_TPoI","tableA5_price_support_distribution_information","T1",43,0.0236393622869709,"Increase",-0.116782146310028,-0.039800716524854,0.0769814297851737,0.0769814297851737,0.659188345287019,TRUE,,TRUE,"4;7;18;45;49;59;62;74;91;93;100;104;114;119;123;166;169;183;216;218;220;224;226;227;239;245;269;283;290;292;309;336;337;357;385;412;414;419;423;433;442;450;463","6;10;27;60;66;79;84;97;118;122;131;137;148;153;158;216;221;236;274;276;278;284;286;287;300;309;344;361;370;372;396;432;433;459;495;531;533;539;543;555;565;578;597",1819,-0.039800716524854,0.0769814297851737,0.0769814297851737,0.659188345287019,TRUE,TRUE,
"10_TPoI","tableA5_price_support_distribution_information","T1",44,0.0241891148982958,"Increase",-0.116782146310028,-0.0378053160919552,0.0789768302180724,0.0789768302180724,0.676274864895945,TRUE,,TRUE,"4;7;18;45;49;59;62;74;91;93;100;104;114;119;123;166;169;183;216;218;220;224;226;227;239;245;269;283;290;292;309;336;337;357;385;412;414;419;423;433;442;450;463;464","6;10;27;60;66;79;84;97;118;122;131;137;148;153;158;216;221;236;274;276;278;284;286;287;300;309;344;361;370;372;396;432;433;459;495;531;533;539;543;555;565;578;597;598",1819,-0.0378053160919552,0.0789768302180724,0.0789768302180724,0.676274864895945,TRUE,TRUE,
"10_TPoI","tableA5_price_support_distribution_information","T1",45,0.0247388675096207,"Increase",-0.116782146310028,-0.0357994958134548,0.0809826504965728,0.0809826504965728,0.69345060915034,TRUE,,TRUE,"4;7;18;45;49;59;62;74;91;93;100;104;114;119;123;166;169;183;216;218;220;224;226;227;239;245;269;283;290;292;309;336;337;357;385;412;414;419;423;433;442;450;463;464;467","6;10;27;60;66;79;84;97;118;122;131;137;148;153;158;216;221;236;274;276;278;284;286;287;300;309;344;361;370;372;396;432;433;459;495;531;533;539;543;555;565;578;597;598;601",1819,-0.0357994958134548,0.0809826504965728,0.0809826504965728,0.69345060915034,TRUE,TRUE,
"10_TPoI","tableA5_price_support_distribution_information","T1",46,0.0252886201209456,"Increase",-0.116782146310028,-0.0337831738580987,0.082998972451929,0.082998972451929,0.710716278767366,TRUE,,TRUE,"4;7;18;45;49;59;62;74;91;93;100;104;114;119;123;166;169;183;216;218;220;224;226;227;239;245;269;283;290;292;309;336;337;357;385;412;414;419;423;433;442;450;463;464;467;497","6;10;27;60;66;79;84;97;118;122;131;137;148;153;158;216;221;236;274;276;278;284;286;287;300;309;344;361;370;372;396;432;433;459;495;531;533;539;543;555;565;578;597;598;601;640",1819,-0.0337831738580987,0.082998972451929,0.082998972451929,0.710716278767366,TRUE,TRUE,
"10_TPoI","tableA5_price_support_distribution_information","T1",47,0.0258383727322705,"Increase",-0.116782146310028,-0.0317562675355241,0.0850258787745035,0.0850258787745035,0.728072581820691,TRUE,,TRUE,"4;7;18;45;49;59;62;74;91;93;100;104;114;119;123;166;169;183;216;218;220;224;226;227;239;245;269;283;290;292;309;336;337;357;385;412;414;419;423;433;442;450;463;464;467;497;504","6;10;27;60;66;79;84;97;118;122;131;137;148;153;158;216;221;236;274;276;278;284;286;287;300;309;344;361;370;372;396;432;433;459;495;531;533;539;543;555;565;578;597;598;601;640;648",1819,-0.0317562675355241,0.0850258787745035,0.0850258787745035,0.728072581820691,TRUE,TRUE,
"10_TPoI","tableA5_price_support_distribution_information","T1",48,0.0263881253435954,"Increase",-0.116782146310028,-0.0297186932849374,0.0870634530250903,0.0870634530250903,0.745520233837443,TRUE,,TRUE,"4;7;18;45;49;59;62;74;91;93;100;104;114;119;123;166;169;183;216;218;220;224;226;227;239;245;269;283;290;292;309;336;337;357;385;412;414;419;423;433;442;450;463;464;467;497;504;521","6;10;27;60;66;79;84;97;118;122;131;137;148;153;158;216;221;236;274;276;278;284;286;287;300;309;344;361;370;372;396;432;433;459;495;531;533;539;543;555;565;578;597;598;601;640;648;670",1819,-0.0297186932849374,0.0870634530250903,0.0870634530250903,0.745520233837443,TRUE,TRUE,
"10_TPoI","tableA5_price_support_distribution_information","T1",49,0.0269378779549203,"Increase",-0.116782146310028,-0.0276703666636361,0.0891117796463916,0.0891117796463916,0.763059957896491,TRUE,,TRUE,"4;7;18;45;49;59;62;74;91;93;100;104;114;119;123;166;169;183;216;218;220;224;226;227;239;245;269;283;290;292;309;336;337;357;385;412;414;419;423;433;442;450;463;464;467;497;504;521;567","6;10;27;60;66;79;84;97;118;122;131;137;148;153;158;216;221;236;274;276;278;284;286;287;300;309;344;361;370;372;396;432;433;459;495;531;533;539;543;555;565;578;597;598;601;640;648;670;735",1819,-0.0276703666636361,0.0891117796463916,0.0891117796463916,0.763059957896491,TRUE,TRUE,
"10_TPoI","tableA5_price_support_distribution_information","T1",50,0.0274876305662452,"Increase",-0.116782146310028,-0.0256112023353395,0.0911709439746881,0.0911709439746881,0.780692484728375,TRUE,,TRUE,"4;7;18;45;49;59;62;74;91;93;100;104;114;119;123;166;169;183;216;218;220;224;226;227;239;245;269;283;290;292;309;336;337;357;385;412;414;419;423;433;442;450;463;464;467;497;504;521;567;569","6;10;27;60;66;79;84;97;118;122;131;137;148;153;158;216;221;236;274;276;278;284;286;287;300;309;344;361;370;372;396;432;433;459;495;531;533;539;543;555;565;578;597;598;601;640;648;670;735;737",1819,-0.0256112023353395,0.0911709439746881,0.0911709439746881,0.780692484728375,TRUE,TRUE,
"10_TPoI","tableA5_price_support_distribution_information","T1",51,0.0280373831775701,"Increase",-0.116782146310028,-0.0235411140583548,0.0932410322516729,0.0932410322516729,0.798418552816635,TRUE,,TRUE,"4;7;18;45;49;59;62;74;91;93;100;104;114;119;123;166;169;183;216;218;220;224;226;227;239;245;269;283;290;292;309;336;337;357;385;412;414;419;423;433;442;450;463;464;467;497;504;521;567;569;589","6;10;27;60;66;79;84;97;118;122;131;137;148;153;158;216;221;236;274;276;278;284;286;287;300;309;344;361;370;372;396;432;433;459;495;531;533;539;543;555;565;578;597;598;601;640;648;670;735;737;767",1819,-0.0235411140583548,0.0932410322516729,0.0932410322516729,0.798418552816635,TRUE,TRUE,
"10_TPoI","tableA5_price_support_distribution_information","T1",52,0.028587135788895,"Increase",-0.116782146310028,-0.0214600146735136,0.0953221316365141,0.0953221316365141,0.816238908501112,TRUE,,TRUE,"4;7;18;45;49;59;62;74;91;93;100;104;114;119;123;166;169;183;216;218;220;224;226;227;239;245;269;283;290;292;309;336;337;357;385;412;414;419;423;433;442;450;463;464;467;497;504;521;567;569;589;590","6;10;27;60;66;79;84;97;118;122;131;137;148;153;158;216;221;236;274;276;278;284;286;287;300;309;344;361;370;372;396;432;433;459;495;531;533;539;543;555;565;578;597;598;601;640;648;670;735;737;767;768",1819,-0.0214600146735136,0.0953221316365141,0.0953221316365141,0.816238908501112,TRUE,TRUE,
"10_TPoI","tableA5_price_support_distribution_information","T1",53,0.0291368884002199,"Increase",-0.116782146310028,-0.0193678160919554,0.0974143302180723,0.0974143302180723,0.834154306082553,TRUE,,TRUE,"4;7;18;45;49;59;62;74;91;93;100;104;114;119;123;166;169;183;216;218;220;224;226;227;239;245;269;283;290;292;309;336;337;357;385;412;414;419;423;433;442;450;463;464;467;497;504;521;567;569;589;590;597","6;10;27;60;66;79;84;97;118;122;131;137;148;153;158;216;221;236;274;276;278;284;286;287;300;309;344;361;370;372;396;432;433;459;495;531;533;539;543;555;565;578;597;598;601;640;648;670;735;737;767;768;777",1819,-0.0193678160919554,0.0974143302180723,0.0974143302180723,0.834154306082553,TRUE,TRUE,
"10_TPoI","tableA5_price_support_distribution_information","T1",54,0.0296866410115448,"Increase",-0.116782146310028,-0.0172644292826859,0.0995177170273417,0.0995177170273417,0.852165507929156,TRUE,,TRUE,"4;7;18;45;49;59;62;74;91;93;100;104;114;119;123;166;169;183;216;218;220;224;226;227;239;245;269;283;290;292;309;336;337;357;385;412;414;419;423;433;442;450;463;464;467;497;504;521;567;569;589;590;597;604","6;10;27;60;66;79;84;97;118;122;131;137;148;153;158;216;221;236;274;276;278;284;286;287;300;309;344;361;370;372;396;432;433;459;495;531;533;539;543;555;565;578;597;598;601;640;648;670;735;737;767;768;777;787",1819,-0.0172644292826859,0.0995177170273417,0.0995177170273417,0.852165507929156,TRUE,TRUE,
"10_TPoI","tableA5_price_support_distribution_information","T1",55,0.0302363936228697,"Increase",-0.116782146310028,-0.0151497642599593,0.101632382050068,0.101632382050068,0.870273284584611,TRUE,,TRUE,"4;7;18;45;49;59;62;74;91;93;100;104;114;119;123;166;169;183;216;218;220;224;226;227;239;245;269;283;290;292;309;336;337;357;385;412;414;419;423;433;442;450;463;464;467;497;504;521;567;569;589;590;597;604;613","6;10;27;60;66;79;84;97;118;122;131;137;148;153;158;216;221;236;274;276;278;284;286;287;300;309;344;361;370;372;396;432;433;459;495;531;533;539;543;555;565;578;597;598;601;640;648;670;735;737;767;768;777;787;796",1819,-0.0151497642599593,0.101632382050068,0.101632382050068,0.870273284584611,TRUE,TRUE,
"10_TPoI","tableA5_price_support_distribution_information","T1",56,0.0307861462341946,"Increase",-0.116782146310028,-0.0130237300704457,0.103758416239582,0.103758416239582,0.888478414877982,TRUE,,TRUE,"4;7;18;45;49;59;62;74;91;93;100;104;114;119;123;166;169;183;216;218;220;224;226;227;239;245;269;283;290;292;309;336;337;357;385;412;414;419;423;433;442;450;463;464;467;497;504;521;567;569;589;590;597;604;613;627","6;10;27;60;66;79;84;97;118;122;131;137;148;153;158;216;221;236;274;276;278;284;286;287;300;309;344;361;370;372;396;432;433;459;495;531;533;539;543;555;565;578;597;598;601;640;648;670;735;737;767;768;777;787;796;814",1819,-0.0130237300704457,0.103758416239582,0.103758416239582,0.888478414877982,TRUE,TRUE,
"10_TPoI","tableA5_price_support_distribution_information","T1",57,0.0313358988455195,"Increase",-0.116782146310028,-0.0108862347801831,0.105895911529845,0.105895911529845,0.906781686035442,TRUE,,TRUE,"4;7;18;45;49;59;62;74;91;93;100;104;114;119;123;166;169;183;216;218;220;224;226;227;239;245;269;283;290;292;309;336;337;357;385;412;414;419;423;433;442;450;463;464;467;497;504;521;567;569;589;590;597;604;613;627;633","6;10;27;60;66;79;84;97;118;122;131;137;148;153;158;216;221;236;274;276;278;284;286;287;300;309;344;361;370;372;396;432;433;459;495;531;533;539;543;555;565;578;597;598;601;640;648;670;735;737;767;768;777;787;796;814;821",1819,-0.0108862347801831,0.105895911529845,0.105895911529845,0.906781686035442,TRUE,TRUE,
"10_TPoI","tableA5_price_support_distribution_information","T1",58,0.0318856514568444,"Increase",-0.116782146310028,-0.00873718546132189,0.108044960848706,0.108044960848706,0.925183893793775,TRUE,,TRUE,"4;7;18;45;49;59;62;74;91;93;100;104;114;119;123;166;169;183;216;218;220;224;226;227;239;245;269;283;290;292;309;336;337;357;385;412;414;419;423;433;442;450;463;464;467;497;504;521;567;569;589;590;597;604;613;627;633;662","6;10;27;60;66;79;84;97;118;122;131;137;148;153;158;216;221;236;274;276;278;284;286;287;300;309;344;361;370;372;396;432;433;459;495;531;533;539;543;555;565;578;597;598;601;640;648;670;735;737;767;768;777;787;796;814;821;856",1819,-0.00873718546132189,0.108044960848706,0.108044960848706,0.925183893793775,TRUE,TRUE,
"10_TPoI","tableA5_price_support_distribution_information","T1",59,0.0324354040681693,"Increase",-0.116782146310028,-0.00657648817867246,0.110205658131355,0.110205658131355,0.943685842515572,TRUE,,TRUE,"4;7;18;45;49;59;62;74;91;93;100;104;114;119;123;166;169;183;216;218;220;224;226;227;239;245;269;283;290;292;309;336;337;357;385;412;414;419;423;433;442;450;463;464;467;497;504;521;567;569;589;590;597;604;613;627;633;662;669","6;10;27;60;66;79;84;97;118;122;131;137;148;153;158;216;221;236;274;276;278;284;286;287;300;309;344;361;370;372;396;432;433;459;495;531;533;539;543;555;565;578;597;598;601;640;648;670;735;737;767;768;777;787;796;814;821;856;864",1819,-0.00657648817867246,0.110205658131355,0.110205658131355,0.943685842515572,TRUE,TRUE,
"10_TPoI","tableA5_price_support_distribution_information","T1",60,0.0329851566794942,"Increase",-0.116782146310028,-0.00440404797601137,0.112378098334016,0.112378098334016,0.962288345306484,TRUE,,TRUE,"4;7;18;45;49;59;62;74;91;93;100;104;114;119;123;166;169;183;216;218;220;224;226;227;239;245;269;283;290;292;309;336;337;357;385;412;414;419;423;433;442;450;463;464;467;497;504;521;567;569;589;590;597;604;613;627;633;662;669;672","6;10;27;60;66;79;84;97;118;122;131;137;148;153;158;216;221;236;274;276;278;284;286;287;300;309;344;361;370;372;396;432;433;459;495;531;533;539;543;555;565;578;597;598;601;640;648;670;735;737;767;768;777;787;796;814;821;856;864;867",1819,-0.00440404797601137,0.112378098334016,0.112378098334016,0.962288345306484,TRUE,TRUE,
"10_TPoI","tableA5_price_support_distribution_information","T1",61,0.0335349092908191,"Increase",-0.116782146310028,-0.00221976886215998,0.114562377447868,0.114562377447868,0.980992224134441,TRUE,,TRUE,"4;7;18;45;49;59;62;74;91;93;100;104;114;119;123;166;169;183;216;218;220;224;226;227;239;245;269;283;290;292;309;336;337;357;385;412;414;419;423;433;442;450;463;464;467;497;504;521;567;569;589;590;597;604;613;627;633;662;669;672;673","6;10;27;60;66;79;84;97;118;122;131;137;148;153;158;216;221;236;274;276;278;284;286;287;300;309;344;361;370;372;396;432;433;459;495;531;533;539;543;555;565;578;597;598;601;640;648;670;735;737;767;768;777;787;796;814;821;856;864;867;868",1819,-0.00221976886215998,0.114562377447868,0.114562377447868,0.980992224134441,TRUE,TRUE,
"10_TPoI","tableA5_price_support_distribution_information","T1",62,0.034084661902144,"Increase",-0.116782146310028,-0.0000235537968745279,0.116758592513153,0.116758592513153,0.999798309950461,TRUE,,TRUE,"4;7;18;45;49;59;62;74;91;93;100;104;114;119;123;166;169;183;216;218;220;224;226;227;239;245;269;283;290;292;309;336;337;357;385;412;414;419;423;433;442;450;463;464;467;497;504;521;567;569;589;590;597;604;613;627;633;662;669;672;673;684","6;10;27;60;66;79;84;97;118;122;131;137;148;153;158;216;221;236;274;276;278;284;286;287;300;309;344;361;370;372;396;432;433;459;495;531;533;539;543;555;565;578;597;598;601;640;648;670;735;737;767;768;777;787;796;814;821;856;864;867;868;881",1819,-0.0000235537968745279,0.116758592513153,0.116758592513153,0.999798309950461,TRUE,TRUE,
"10_TPoI","tableA5_price_support_distribution_information","T1",63,0.0346344145134689,"Increase",-0.116782146310028,0.00218469532357188,0.1189668416336,0.1189668416336,1.01870744281212,TRUE,,TRUE,"4;7;18;45;49;59;62;74;91;93;100;104;114;119;123;166;169;183;216;218;220;224;226;227;239;245;269;283;290;292;309;336;337;357;385;412;414;419;423;433;442;450;463;464;467;497;504;521;567;569;589;590;597;604;613;627;633;662;669;672;673;684;685","6;10;27;60;66;79;84;97;118;122;131;137;148;153;158;216;221;236;274;276;278;284;286;287;300;309;344;361;370;372;396;432;433;459;495;531;533;539;543;555;565;578;597;598;601;640;648;670;735;737;767;768;777;787;796;814;821;856;864;867;868;881;882",1819,0.00218469532357188,0.1189668416336,0.1189668416336,1.01870744281212,TRUE,TRUE,
"10_TPoI","tableA5_price_support_distribution_information","T1",64,0.0351841671247938,"Increase",-0.116782146310028,0.00440507768093874,0.121187223990966,0.121187223990966,1.03772047200815,TRUE,,TRUE,"4;7;18;45;49;59;62;74;91;93;100;104;114;119;123;166;169;183;216;218;220;224;226;227;239;245;269;283;290;292;309;336;337;357;385;412;414;419;423;433;442;450;463;464;467;497;504;521;567;569;589;590;597;604;613;627;633;662;669;672;673;684;685;691","6;10;27;60;66;79;84;97;118;122;131;137;148;153;158;216;221;236;274;276;278;284;286;287;300;309;344;361;370;372;396;432;433;459;495;531;533;539;543;555;565;578;597;598;601;640;648;670;735;737;767;768;777;787;796;814;821;856;864;867;868;881;882;889",1819,0.00440507768093874,0.121187223990966,0.121187223990966,1.03772047200815,TRUE,TRUE,
"10_TPoI","tableA5_price_support_distribution_information","T1",65,0.0357339197361187,"Increase",-0.116782146310028,0.00663769354992178,0.123419839859949,0.123419839859949,1.05683825618601,TRUE,,TRUE,"4;7;18;45;49;59;62;74;91;93;100;104;114;119;123;166;169;183;216;218;220;224;226;227;239;245;269;283;290;292;309;336;337;357;385;412;414;419;423;433;442;450;463;464;467;497;504;521;567;569;589;590;597;604;613;627;633;662;669;672;673;684;685;691;700","6;10;27;60;66;79;84;97;118;122;131;137;148;153;158;216;221;236;274;276;278;284;286;287;300;309;344;361;370;372;396;432;433;459;495;531;533;539;543;555;565;578;597;598;601;640;648;670;735;737;767;768;777;787;796;814;821;856;864;867;868;881;882;889;902",1819,0.00663769354992178,0.123419839859949,0.123419839859949,1.05683825618601,TRUE,TRUE,
"10_TPoI","tableA5_price_support_distribution_information","T1",66,0.0362836723474437,"Increase",-0.116782146310028,0.00888264431320116,0.125664790623229,0.125664790623229,1.07606166348082,TRUE,,TRUE,"4;7;18;45;49;59;62;74;91;93;100;104;114;119;123;166;169;183;216;218;220;224;226;227;239;245;269;283;290;292;309;336;337;357;385;412;414;419;423;433;442;450;463;464;467;497;504;521;567;569;589;590;597;604;613;627;633;662;669;672;673;684;685;691;700;732","6;10;27;60;66;79;84;97;118;122;131;137;148;153;158;216;221;236;274;276;278;284;286;287;300;309;344;361;370;372;396;432;433;459;495;531;533;539;543;555;565;578;597;598;601;640;648;670;735;737;767;768;777;787;796;814;821;856;864;867;868;881;882;889;902;939",1819,0.00888264431320116,0.125664790623229,0.125664790623229,1.07606166348082,TRUE,TRUE,
"10_TPoI","tableA5_price_support_distribution_information","T1",67,0.0368334249587686,"Increase",-0.116782146310028,0.0111400324768363,0.127922178786864,0.127922178786864,1.09539157164711,TRUE,,TRUE,"4;7;18;45;49;59;62;74;91;93;100;104;114;119;123;166;169;183;216;218;220;224;226;227;239;245;269;283;290;292;309;336;337;357;385;412;414;419;423;433;442;450;463;464;467;497;504;521;567;569;589;590;597;604;613;627;633;662;669;672;673;684;685;691;700;732;759","6;10;27;60;66;79;84;97;118;122;131;137;148;153;158;216;221;236;274;276;278;284;286;287;300;309;344;361;370;372;396;432;433;459;495;531;533;539;543;555;565;578;597;598;601;640;648;670;735;737;767;768;777;787;796;814;821;856;864;867;868;881;882;889;902;939;973",1819,0.0111400324768363,0.127922178786864,0.127922178786864,1.09539157164711,TRUE,TRUE,
"10_TPoI","tableA5_price_support_distribution_information","T1",68,0.0373831775700935,"Increase",-0.116782146310028,0.0134099616858216,0.130192107995849,0.130192107995849,1.11482886819207,TRUE,,TRUE,"4;7;18;45;49;59;62;74;91;93;100;104;114;119;123;166;169;183;216;218;220;224;226;227;239;245;269;283;290;292;309;336;337;357;385;412;414;419;423;433;442;450;463;464;467;497;504;521;567;569;589;590;597;604;613;627;633;662;669;672;673;684;685;691;700;732;759;763","6;10;27;60;66;79;84;97;118;122;131;137;148;153;158;216;221;236;274;276;278;284;286;287;300;309;344;361;370;372;396;432;433;459;495;531;533;539;543;555;565;578;597;598;601;640;648;670;735;737;767;768;777;787;796;814;821;856;864;867;868;881;882;889;902;939;973;978",1819,0.0134099616858216,0.130192107995849,0.130192107995849,1.11482886819207,TRUE,TRUE,
"10_TPoI","tableA5_price_support_distribution_information","T1",69,0.0379329301814184,"Increase",-0.116782146310028,0.0156925367399884,0.132474683050016,0.132474683050016,1.13437445051171,TRUE,,TRUE,"4;7;18;45;49;59;62;74;91;93;100;104;114;119;123;166;169;183;216;218;220;224;226;227;239;245;269;283;290;292;309;336;337;357;385;412;414;419;423;433;442;450;463;464;467;497;504;521;567;569;589;590;597;604;613;627;633;662;669;672;673;684;685;691;700;732;759;763;784","6;10;27;60;66;79;84;97;118;122;131;137;148;153;158;216;221;236;274;276;278;284;286;287;300;309;344;361;370;372;396;432;433;459;495;531;533;539;543;555;565;578;597;598;601;640;648;670;735;737;767;768;777;787;796;814;821;856;864;867;868;881;882;889;902;939;973;978;1007",1819,0.0156925367399884,0.132474683050016,0.132474683050016,1.13437445051171,TRUE,TRUE,
"10_TPoI","tableA5_price_support_distribution_information","T1",70,0.0384826827927433,"Increase",-0.116782146310028,0.0179878636100943,0.134770009920122,0.134770009920122,1.15402922602862,TRUE,,TRUE,"4;7;18;45;49;59;62;74;91;93;100;104;114;119;123;166;169;183;216;218;220;224;226;227;239;245;269;283;290;292;309;336;337;357;385;412;414;419;423;433;442;450;463;464;467;497;504;521;567;569;589;590;597;604;613;627;633;662;669;672;673;684;685;691;700;732;759;763;784;816","6;10;27;60;66;79;84;97;118;122;131;137;148;153;158;216;221;236;274;276;278;284;286;287;300;309;344;361;370;372;396;432;433;459;495;531;533;539;543;555;565;578;597;598;601;640;648;670;735;737;767;768;777;787;796;814;821;856;864;867;868;881;882;889;902;939;973;978;1007;1044",1819,0.0179878636100943,0.134770009920122,0.134770009920122,1.15402922602862,TRUE,TRUE,
"10_TPoI","tableA5_price_support_distribution_information","T1",71,0.0390324354040682,"Increase",-0.116782146310028,0.0202960494542637,0.137078195764291,0.137078195764291,1.17379411233274,TRUE,,TRUE,"4;7;18;45;49;59;62;74;91;93;100;104;114;119;123;166;169;183;216;218;220;224;226;227;239;245;269;283;290;292;309;336;337;357;385;412;414;419;423;433;442;450;463;464;467;497;504;521;567;569;589;590;597;604;613;627;633;662;669;672;673;684;685;691;700;732;759;763;784;816;829","6;10;27;60;66;79;84;97;118;122;131;137;148;153;158;216;221;236;274;276;278;284;286;287;300;309;344;361;370;372;396;432;433;459;495;531;533;539;543;555;565;578;597;598;601;640;648;670;735;737;767;768;777;787;796;814;821;856;864;867;868;881;882;889;902;939;973;978;1007;1044;1061",1819,0.0202960494542637,0.137078195764291,0.137078195764291,1.17379411233274,TRUE,TRUE,
"10_TPoI","tableA5_price_support_distribution_information","T1",72,0.0395821880153931,"Increase",-0.116782146310028,0.0226172026346402,0.139399348944668,0.139399348944668,1.193670037324,TRUE,,TRUE,"4;7;18;45;49;59;62;74;91;93;100;104;114;119;123;166;169;183;216;218;220;224;226;227;239;245;269;283;290;292;309;336;337;357;385;412;414;419;423;433;442;450;463;464;467;497;504;521;567;569;589;590;597;604;613;627;633;662;669;672;673;684;685;691;700;732;759;763;784;816;829;847","6;10;27;60;66;79;84;97;118;122;131;137;148;153;158;216;221;236;274;276;278;284;286;287;300;309;344;361;370;372;396;432;433;459;495;531;533;539;543;555;565;578;597;598;601;640;648;670;735;737;767;768;777;787;796;814;821;856;864;867;868;881;882;889;902;939;973;978;1007;1044;1061;1081",1819,0.0226172026346402,0.139399348944668,0.139399348944668,1.193670037324,TRUE,TRUE,
"10_TPoI","tableA5_price_support_distribution_information","T1",73,0.040131940626718,"Increase",-0.116782146310028,0.0249514327343413,0.141733579044369,0.141733579044369,1.21365793935745,TRUE,,TRUE,"4;7;18;45;49;59;62;74;91;93;100;104;114;119;123;166;169;183;216;218;220;224;226;227;239;245;269;283;290;292;309;336;337;357;385;412;414;419;423;433;442;450;463;464;467;497;504;521;567;569;589;590;597;604;613;627;633;662;669;672;673;684;685;691;700;732;759;763;784;816;829;847;897","6;10;27;60;66;79;84;97;118;122;131;137;148;153;158;216;221;236;274;276;278;284;286;287;300;309;344;361;370;372;396;432;433;459;495;531;533;539;543;555;565;578;597;598;601;640;648;670;735;737;767;768;777;787;796;814;821;856;864;867;868;881;882;889;902;939;973;978;1007;1044;1061;1081;1152",1819,0.0249514327343413,0.141733579044369,0.141733579044369,1.21365793935745,TRUE,TRUE,
"10_TPoI","tableA5_price_support_distribution_information","T1",74,0.0406816932380429,"Increase",-0.116782146310028,0.0272988505747077,0.144080996884735,0.144080996884735,1.233758767391,TRUE,,TRUE,"4;7;18;45;49;59;62;74;91;93;100;104;114;119;123;166;169;183;216;218;220;224;226;227;239;245;269;283;290;292;309;336;337;357;385;412;414;419;423;433;442;450;463;464;467;497;504;521;567;569;589;590;597;604;613;627;633;662;669;672;673;684;685;691;700;732;759;763;784;816;829;847;897;902","6;10;27;60;66;79;84;97;118;122;131;137;148;153;158;216;221;236;274;276;278;284;286;287;300;309;344;361;370;372;396;432;433;459;495;531;533;539;543;555;565;578;597;598;601;640;648;670;735;737;767;768;777;787;796;814;821;856;864;867;868;881;882;889;902;939;973;978;1007;1044;1061;1081;1152;1159",1819,0.0272988505747077,0.144080996884735,0.144080996884735,1.233758767391,TRUE,TRUE,
"10_TPoI","tableA5_price_support_distribution_information","T1",75,0.0412314458493678,"Increase",-0.116782146310028,0.0296595682328805,0.146441714542908,0.146441714542908,1.25397348113591,TRUE,,TRUE,"4;7;18;45;49;59;62;74;91;93;100;104;114;119;123;166;169;183;216;218;220;224;226;227;239;245;269;283;290;292;309;336;337;357;385;412;414;419;423;433;442;450;463;464;467;497;504;521;567;569;589;590;597;604;613;627;633;662;669;672;673;684;685;691;700;732;759;763;784;816;829;847;897;902;911","6;10;27;60;66;79;84;97;118;122;131;137;148;153;158;216;221;236;274;276;278;284;286;287;300;309;344;361;370;372;396;432;433;459;495;531;533;539;543;555;565;578;597;598;601;640;648;670;735;737;767;768;777;787;796;814;821;856;864;867;868;881;882;889;902;939;973;978;1007;1044;1061;1081;1152;1159;1176",1819,0.0296595682328805,0.146441714542908,0.146441714542908,1.25397348113591,TRUE,TRUE,
"10_TPoI","tableA5_price_support_distribution_information","T1",76,0.0417811984606927,"Increase",-0.116782146310028,0.0320336990595584,0.148815845369586,0.148815845369586,1.27430305120885,TRUE,,TRUE,"4;7;18;45;49;59;62;74;91;93;100;104;114;119;123;166;169;183;216;218;220;224;226;227;239;245;269;283;290;292;309;336;337;357;385;412;414;419;423;433;442;450;463;464;467;497;504;521;567;569;589;590;597;604;613;627;633;662;669;672;673;684;685;691;700;732;759;763;784;816;829;847;897;902;911;934","6;10;27;60;66;79;84;97;118;122;131;137;148;153;158;216;221;236;274;276;278;284;286;287;300;309;344;361;370;372;396;432;433;459;495;531;533;539;543;555;565;578;597;598;601;640;648;670;735;737;767;768;777;787;796;814;821;856;864;867;868;881;882;889;902;939;973;978;1007;1044;1061;1081;1152;1159;1176;1202",1819,0.0320336990595584,0.148815845369586,0.148815845369586,1.27430305120885,TRUE,TRUE,
"10_TPoI","tableA5_price_support_distribution_information","T1",77,0.0423309510720176,"Increase",-0.116782146310028,0.0344213576972169,0.151203504007245,0.151203504007245,1.29474845928792,TRUE,,TRUE,"4;7;18;45;49;59;62;74;91;93;100;104;114;119;123;166;169;183;216;218;220;224;226;227;239;245;269;283;290;292;309;336;337;357;385;412;414;419;423;433;442;450;463;464;467;497;504;521;567;569;589;590;597;604;613;627;633;662;669;672;673;684;685;691;700;732;759;763;784;816;829;847;897;902;911;934;1000","6;10;27;60;66;79;84;97;118;122;131;137;148;153;158;216;221;236;274;276;278;284;286;287;300;309;344;361;370;372;396;432;433;459;495;531;533;539;543;555;565;578;597;598;601;640;648;670;735;737;767;768;777;787;796;814;821;856;864;867;868;881;882;889;902;939;973;978;1007;1044;1061;1081;1152;1159;1176;1202;1293",1819,0.0344213576972169,0.151203504007245,0.151203504007245,1.29474845928792,TRUE,TRUE,
"10_TPoI","tableA5_price_support_distribution_information","T1",78,0.0428807036833425,"Increase",-0.116782146310028,0.0368226600985215,0.153604806408549,0.153604806408549,1.31531069827032,TRUE,,TRUE,"4;7;18;45;49;59;62;74;91;93;100;104;114;119;123;166;169;183;216;218;220;224;226;227;239;245;269;283;290;292;309;336;337;357;385;412;414;419;423;433;442;450;463;464;467;497;504;521;567;569;589;590;597;604;613;627;633;662;669;672;673;684;685;691;700;732;759;763;784;816;829;847;897;902;911;934;1000;1013","6;10;27;60;66;79;84;97;118;122;131;137;148;153;158;216;221;236;274;276;278;284;286;287;300;309;344;361;370;372;396;432;433;459;495;531;533;539;543;555;565;578;597;598;601;640;648;670;735;737;767;768;777;787;796;814;821;856;864;867;868;881;882;889;902;939;973;978;1007;1044;1061;1081;1152;1159;1176;1202;1293;1308",1819,0.0368226600985215,0.153604806408549,0.153604806408549,1.31531069827032,TRUE,TRUE,
"10_TPoI","tableA5_price_support_distribution_information","T1",79,0.0434304562946674,"Increase",-0.116782146310028,0.0392377235451052,0.156019869855133,0.156019869855133,1.33599077243313,TRUE,,TRUE,"4;7;18;45;49;59;62;74;91;93;100;104;114;119;123;166;169;183;216;218;220;224;226;227;239;245;269;283;290;292;309;336;337;357;385;412;414;419;423;433;442;450;463;464;467;497;504;521;567;569;589;590;597;604;613;627;633;662;669;672;673;684;685;691;700;732;759;763;784;816;829;847;897;902;911;934;1000;1013;1019","6;10;27;60;66;79;84;97;118;122;131;137;148;153;158;216;221;236;274;276;278;284;286;287;300;309;344;361;370;372;396;432;433;459;495;531;533;539;543;555;565;578;597;598;601;640;648;670;735;737;767;768;777;787;796;814;821;856;864;867;868;881;882;889;902;939;973;978;1007;1044;1061;1081;1152;1159;1176;1202;1293;1308;1318",1819,0.0392377235451052,0.156019869855133,0.156019869855133,1.33599077243313,TRUE,TRUE,
"10_TPoI","tableA5_price_support_distribution_information","T1",80,0.0439802089059923,"Increase",-0.116782146310028,0.0416666666666635,0.158448812976691,0.158448812976691,1.35678969759683,TRUE,,TRUE,"4;7;18;45;49;59;62;74;91;93;100;104;114;119;123;166;169;183;216;218;220;224;226;227;239;245;269;283;290;292;309;336;337;357;385;412;414;419;423;433;442;450;463;464;467;497;504;521;567;569;589;590;597;604;613;627;633;662;669;672;673;684;685;691;700;732;759;763;784;816;829;847;897;902;911;934;1000;1013;1019;1028","6;10;27;60;66;79;84;97;118;122;131;137;148;153;158;216;221;236;274;276;278;284;286;287;300;309;344;361;370;372;396;432;433;459;495;531;533;539;543;555;565;578;597;598;601;640;648;670;735;737;767;768;777;787;796;814;821;856;864;867;868;881;882;889;902;939;973;978;1007;1044;1061;1081;1152;1159;1176;1202;1293;1308;1318;1330",1819,0.0416666666666635,0.158448812976691,0.158448812976691,1.35678969759683,TRUE,TRUE,
"10_TPoI","tableA5_price_support_distribution_information","T1",81,0.0445299615173172,"Increase",-0.116782146310028,0.0441096094604029,0.160891755770431,0.160891755770431,1.37770850129182,TRUE,,TRUE,"4;7;18;45;49;59;62;74;91;93;100;104;114;119;123;166;169;183;216;218;220;224;226;227;239;245;269;283;290;292;309;336;337;357;385;412;414;419;423;433;442;450;463;464;467;497;504;521;567;569;589;590;597;604;613;627;633;662;669;672;673;684;685;691;700;732;759;763;784;816;829;847;897;902;911;934;1000;1013;1019;1028;1036","6;10;27;60;66;79;84;97;118;122;131;137;148;153;158;216;221;236;274;276;278;284;286;287;300;309;344;361;370;372;396;432;433;459;495;531;533;539;543;555;565;578;597;598;601;640;648;670;735;737;767;768;777;787;796;814;821;856;864;867;868;881;882;889;902;939;973;978;1007;1044;1061;1081;1152;1159;1176;1202;1293;1308;1318;1330;1340",1819,0.0441096094604029,0.160891755770431,0.160891755770431,1.37770850129182,TRUE,TRUE,
"10_TPoI","tableA5_price_support_distribution_information","T1",82,0.0450797141286421,"Increase",-0.116782146310028,0.0465666733107372,0.163348819620765,0.163348819620765,1.39874822292711,TRUE,,TRUE,"4;7;18;45;49;59;62;74;91;93;100;104;114;119;123;166;169;183;216;218;220;224;226;227;239;245;269;283;290;292;309;336;337;357;385;412;414;419;423;433;442;450;463;464;467;497;504;521;567;569;589;590;597;604;613;627;633;662;669;672;673;684;685;691;700;732;759;763;784;816;829;847;897;902;911;934;1000;1013;1019;1028;1036;1037","6;10;27;60;66;79;84;97;118;122;131;137;148;153;158;216;221;236;274;276;278;284;286;287;300;309;344;361;370;372;396;432;433;459;495;531;533;539;543;555;565;578;597;598;601;640;648;670;735;737;767;768;777;787;796;814;821;856;864;867;868;881;882;889;902;939;973;978;1007;1044;1061;1081;1152;1159;1176;1202;1293;1308;1318;1330;1340;1341",1819,0.0465666733107372,0.163348819620765,0.163348819620765,1.39874822292711,TRUE,TRUE,
"10_TPoI","tableA5_price_support_distribution_information","T1",83,0.045629466739967,"Increase",-0.116782146310028,0.0490379810094915,0.165820127319519,0.165820127319519,1.41990991396329,TRUE,,TRUE,"4;7;18;45;49;59;62;74;91;93;100;104;114;119;123;166;169;183;216;218;220;224;226;227;239;245;269;283;290;292;309;336;337;357;385;412;414;419;423;433;442;450;463;464;467;497;504;521;567;569;589;590;597;604;613;627;633;662;669;672;673;684;685;691;700;732;759;763;784;816;829;847;897;902;911;934;1000;1013;1019;1028;1036;1037;1042","6;10;27;60;66;79;84;97;118;122;131;137;148;153;158;216;221;236;274;276;278;284;286;287;300;309;344;361;370;372;396;432;433;459;495;531;533;539;543;555;565;578;597;598;601;640;648;670;735;737;767;768;777;787;796;814;821;856;864;867;868;881;882;889;902;939;973;978;1007;1044;1061;1081;1152;1159;1176;1202;1293;1308;1318;1330;1340;1341;1348",1819,0.0490379810094915,0.165820127319519,0.165820127319519,1.41990991396329,TRUE,TRUE,
"10_TPoI","tableA5_price_support_distribution_information","T1",84,0.0461792193512919,"Increase",-0.116782146310028,0.0515236567762629,0.168305803086291,0.168305803086291,1.44119463808689,TRUE,,TRUE,"4;7;18;45;49;59;62;74;91;93;100;104;114;119;123;166;169;183;216;218;220;224;226;227;239;245;269;283;290;292;309;336;337;357;385;412;414;419;423;433;442;450;463;464;467;497;504;521;567;569;589;590;597;604;613;627;633;662;669;672;673;684;685;691;700;732;759;763;784;816;829;847;897;902;911;934;1000;1013;1019;1028;1036;1037;1042;1070","6;10;27;60;66;79;84;97;118;122;131;137;148;153;158;216;221;236;274;276;278;284;286;287;300;309;344;361;370;372;396;432;433;459;495;531;533;539;543;555;565;578;597;598;601;640;648;670;735;737;767;768;777;787;796;814;821;856;864;867;868;881;882;889;902;939;973;978;1007;1044;1061;1081;1152;1159;1176;1202;1293;1308;1318;1330;1340;1341;1348;1385",1819,0.0515236567762629,0.168305803086291,0.168305803086291,1.44119463808689,TRUE,TRUE,
"10_TPoI","tableA5_price_support_distribution_information","T1",85,0.0467289719626168,"Increase",-0.116782146310028,0.0540238262792865,0.170805972589314,0.170805972589314,1.46260347138908,TRUE,,TRUE,"4;7;18;45;49;59;62;74;91;93;100;104;114;119;123;166;169;183;216;218;220;224;226;227;239;245;269;283;290;292;309;336;337;357;385;412;414;419;423;433;442;450;463;464;467;497;504;521;567;569;589;590;597;604;613;627;633;662;669;672;673;684;685;691;700;732;759;763;784;816;829;847;897;902;911;934;1000;1013;1019;1028;1036;1037;1042;1070;1112","6;10;27;60;66;79;84;97;118;122;131;137;148;153;158;216;221;236;274;276;278;284;286;287;300;309;344;361;370;372;396;432;433;459;495;531;533;539;543;555;565;578;597;598;601;640;648;670;735;737;767;768;777;787;796;814;821;856;864;867;868;881;882;889;902;939;973;978;1007;1044;1061;1081;1152;1159;1176;1202;1293;1308;1318;1330;1340;1341;1348;1385;1428",1819,0.0540238262792865,0.170805972589314,0.170805972589314,1.46260347138908,TRUE,TRUE,
"10_TPoI","tableA5_price_support_distribution_information","T1",86,0.0472787245739417,"Increase",-0.116782146310028,0.0565386166565795,0.173320762966607,0.173320762966607,1.48413750254669,TRUE,,TRUE,"4;7;18;45;49;59;62;74;91;93;100;104;114;119;123;166;169;183;216;218;220;224;226;227;239;245;269;283;290;292;309;336;337;357;385;412;414;419;423;433;442;450;463;464;467;497;504;521;567;569;589;590;597;604;613;627;633;662;669;672;673;684;685;691;700;732;759;763;784;816;829;847;897;902;911;934;1000;1013;1019;1028;1036;1037;1042;1070;1112;1122","6;10;27;60;66;79;84;97;118;122;131;137;148;153;158;216;221;236;274;276;278;284;286;287;300;309;344;361;370;372;396;432;433;459;495;531;533;539;543;555;565;578;597;598;601;640;648;670;735;737;767;768;777;787;796;814;821;856;864;867;868;881;882;889;902;939;973;978;1007;1044;1061;1081;1152;1159;1176;1202;1293;1308;1318;1330;1340;1341;1348;1385;1428;1444",1819,0.0565386166565795,0.173320762966607,0.173320762966607,1.48413750254669,TRUE,TRUE,
"10_TPoI","tableA5_price_support_distribution_information","T1",87,0.0478284771852666,"Increase",-0.116782146310028,0.0590681565375645,0.175850302847592,0.175850302847592,1.50579783300739,TRUE,,TRUE,"4;7;18;45;49;59;62;74;91;93;100;104;114;119;123;166;169;183;216;218;220;224;226;227;239;245;269;283;290;292;309;336;337;357;385;412;414;419;423;433;442;450;463;464;467;497;504;521;567;569;589;590;597;604;613;627;633;662;669;672;673;684;685;691;700;732;759;763;784;816;829;847;897;902;911;934;1000;1013;1019;1028;1036;1037;1042;1070;1112;1122;1130","6;10;27;60;66;79;84;97;118;122;131;137;148;153;158;216;221;236;274;276;278;284;286;287;300;309;344;361;370;372;396;432;433;459;495;531;533;539;543;555;565;578;597;598;601;640;648;670;735;737;767;768;777;787;796;814;821;856;864;867;868;881;882;889;902;939;973;978;1007;1044;1061;1081;1152;1159;1176;1202;1293;1308;1318;1330;1340;1341;1348;1385;1428;1444;1452",1819,0.0590681565375645,0.175850302847592,0.175850302847592,1.50579783300739,TRUE,TRUE,
"10_TPoI","tableA5_price_support_distribution_information","T1",88,0.0483782297965915,"Increase",-0.116782146310028,0.0616125760649034,0.178394722374931,0.178394722374931,1.52758557717665,TRUE,,TRUE,"4;7;18;45;49;59;62;74;91;93;100;104;114;119;123;166;169;183;216;218;220;224;226;227;239;245;269;283;290;292;309;336;337;357;385;412;414;419;423;433;442;450;463;464;467;497;504;521;567;569;589;590;597;604;613;627;633;662;669;672;673;684;685;691;700;732;759;763;784;816;829;847;897;902;911;934;1000;1013;1019;1028;1036;1037;1042;1070;1112;1122;1130;1183","6;10;27;60;66;79;84;97;118;122;131;137;148;153;158;216;221;236;274;276;278;284;286;287;300;309;344;361;370;372;396;432;433;459;495;531;533;539;543;555;565;578;597;598;601;640;648;670;735;737;767;768;777;787;796;814;821;856;864;867;868;881;882;889;902;939;973;978;1007;1044;1061;1081;1152;1159;1176;1202;1293;1308;1318;1330;1340;1341;1348;1385;1428;1444;1452;1523",1819,0.0616125760649034,0.178394722374931,0.178394722374931,1.52758557717665,TRUE,TRUE,
"10_TPoI","tableA5_price_support_distribution_information","T1",89,0.0489279824079164,"Increase",-0.116782146310028,0.0641720069168924,0.18095415322692,0.18095415322692,1.54950186260947,TRUE,,TRUE,"4;7;18;45;49;59;62;74;91;93;100;104;114;119;123;166;169;183;216;218;220;224;226;227;239;245;269;283;290;292;309;336;337;357;385;412;414;419;423;433;442;450;463;464;467;497;504;521;567;569;589;590;597;604;613;627;633;662;669;672;673;684;685;691;700;732;759;763;784;816;829;847;897;902;911;934;1000;1013;1019;1028;1036;1037;1042;1070;1112;1122;1130;1183;1194","6;10;27;60;66;79;84;97;118;122;131;137;148;153;158;216;221;236;274;276;278;284;286;287;300;309;344;361;370;372;396;432;433;459;495;531;533;539;543;555;565;578;597;598;601;640;648;670;735;737;767;768;777;787;796;814;821;856;864;867;868;881;882;889;902;939;973;978;1007;1044;1061;1081;1152;1159;1176;1202;1293;1308;1318;1330;1340;1341;1348;1385;1428;1444;1452;1523;1538",1819,0.0641720069168924,0.18095415322692,0.18095415322692,1.54950186260947,TRUE,TRUE,
"10_TPoI","tableA5_price_support_distribution_information","T1",90,0.0494777350192413,"Increase",-0.116782146310028,0.0667465823301412,0.183528728640169,0.183528728640169,1.57154783020468,TRUE,,TRUE,"4;7;18;45;49;59;62;74;91;93;100;104;114;119;123;166;169;183;216;218;220;224;226;227;239;245;269;283;290;292;309;336;337;357;385;412;414;419;423;433;442;450;463;464;467;497;504;521;567;569;589;590;597;604;613;627;633;662;669;672;673;684;685;691;700;732;759;763;784;816;829;847;897;902;911;934;1000;1013;1019;1028;1036;1037;1042;1070;1112;1122;1130;1183;1194;1226","6;10;27;60;66;79;84;97;118;122;131;137;148;153;158;216;221;236;274;276;278;284;286;287;300;309;344;361;370;372;396;432;433;459;495;531;533;539;543;555;565;578;597;598;601;640;648;670;735;737;767;768;777;787;796;814;821;856;864;867;868;881;882;889;902;939;973;978;1007;1044;1061;1081;1152;1159;1176;1202;1293;1308;1318;1330;1340;1341;1348;1385;1428;1444;1452;1523;1538;1582",1819,0.0667465823301412,0.183528728640169,0.183528728640169,1.57154783020468,TRUE,TRUE,
"10_TPoI","tableA5_price_support_distribution_information","T1",1,0.000549752611324904,"Decrease",-0.116782146310028,-0.118523041521169,-0.00174089521114101,0.00174089521114101,0.0149072034223396,TRUE,,,"11","16",1819,-0.118523041521169,-0.00174089521114101,0.00174089521114101,0.0149072034223396,,TRUE,
"10_TPoI","tableA5_price_support_distribution_information","T1",2,0.00109950522264981,"Decrease",-0.116782146310028,-0.120271473075206,-0.00348932676517882,0.00348932676517882,0.0298789401927545,TRUE,,TRUE,"11;12","16;17",1819,-0.120271473075206,-0.00348932676517882,0.00348932676517882,0.0298789401927545,TRUE,TRUE,
"10_TPoI","tableA5_price_support_distribution_information","T1",3,0.00164925783397471,"Decrease",-0.116782146310028,-0.122027490015605,-0.00524534370557703,0.00524534370557703,0.0449156302681057,TRUE,,TRUE,"11;12;17","16;17;26",1819,-0.122027490015605,-0.00524534370557703,0.00524534370557703,0.0449156302681057,TRUE,TRUE,
"10_TPoI","tableA5_price_support_distribution_information","T1",4,0.00219901044529962,"Decrease",-0.116782146310028,-0.12379114181227,-0.00700899550224211,0.00700899550224211,0.0600176972568646,TRUE,,TRUE,"11;12;17;33","16;17;26;45",1819,-0.12379114181227,-0.00700899550224211,0.00700899550224211,0.0600176972568646,TRUE,TRUE,
"10_TPoI","tableA5_price_support_distribution_information","T1",5,0.00274876305662452,"Decrease",-0.116782146310028,-0.125562478366223,-0.00878033205619494,0.00878033205619494,0.0751855684591147,TRUE,,TRUE,"11;12;17;33;39","16;17;26;45;54",1819,-0.125562478366223,-0.00878033205619494,0.00878033205619494,0.0751855684591147,TRUE,TRUE,
"10_TPoI","tableA5_price_support_distribution_information","T1",6,0.00329851566794942,"Decrease",-0.116782146310028,-0.127341550014288,-0.0105594037042603,0.0105594037042603,0.0904196749067075,TRUE,,TRUE,"11;12;17;33;39;52","16;17;26;45;54;69",1819,-0.127341550014288,-0.0105594037042603,0.0105594037042603,0.0904196749067075,TRUE,TRUE,
"10_TPoI","tableA5_price_support_distribution_information","T1",7,0.00384826827927433,"Decrease",-0.116782146310028,-0.129128407533891,-0.0123462612238638,0.0123462612238638,0.10572045140434,TRUE,,TRUE,"11;12;17;33;39;52;55","16;17;26;45;54;69;72",1819,-0.129128407533891,-0.0123462612238638,0.0123462612238638,0.10572045140434,TRUE,TRUE,
"10_TPoI","tableA5_price_support_distribution_information","T1",8,0.00439802089059923,"Decrease",-0.116782146310028,-0.1309231021479,-0.0141409558378725,0.0141409558378725,0.121088336571001,TRUE,,TRUE,"11;12;17;33;39;52;55;58","16;17;26;45;54;69;72;77",1819,-0.1309231021479,-0.0141409558378725,0.0141409558378725,0.121088336571001,TRUE,TRUE,
"10_TPoI","tableA5_price_support_distribution_information","T1",9,0.00494777350192413,"Decrease",-0.116782146310028,-0.132725685529431,-0.015943539219403,0.015943539219403,0.136523772881146,TRUE,,TRUE,"11;12;17;33;39;52;55;58;61","16;17;26;45;54;69;72;77;82",1819,-0.132725685529431,-0.015943539219403,0.015943539219403,0.136523772881146,TRUE,TRUE,
"10_TPoI","tableA5_price_support_distribution_information","T1",10,0.00549752611324904,"Decrease",-0.116782146310028,-0.134536209806901,-0.0177540634968737,0.0177540634968737,0.152027206707959,TRUE,,TRUE,"11;12;17;33;39;52;55;58;61;75","16;17;26;45;54;69;72;77;82;98",1819,-0.134536209806901,-0.0177540634968737,0.0177540634968737,0.152027206707959,TRUE,TRUE,
"10_TPoI","tableA5_price_support_distribution_information","T1",11,0.00604727872457394,"Decrease",-0.116782146310028,-0.136354727569056,-0.0195725812590287,0.0195725812590287,0.16759908836637,TRUE,,TRUE,"11;12;17;33;39;52;55;58;61;75;113","16;17;26;45;54;69;72;77;82;98;147",1819,-0.136354727569056,-0.0195725812590287,0.0195725812590287,0.16759908836637,TRUE,TRUE,
"10_TPoI","tableA5_price_support_distribution_information","T1",12,0.00659703133589885,"Decrease",-0.116782146310028,-0.13818129186999,-0.0213991455599619,0.0213991455599619,0.183239872156078,TRUE,,TRUE,"11;12;17;33;39;52;55;58;61;75;113;116","16;17;26;45;54;69;72;77;82;98;147;150",1819,-0.13818129186999,-0.0213991455599619,0.0213991455599619,0.183239872156078,TRUE,TRUE,
"10_TPoI","tableA5_price_support_distribution_information","T1",13,0.00714678394722375,"Decrease",-0.116782146310028,-0.140015956234328,-0.0232338099243006,0.0232338099243006,0.198950016405937,TRUE,,TRUE,"11;12;17;33;39;52;55;58;61;75;113;116;177","16;17;26;45;54;69;72;77;82;98;147;150;230",1819,-0.140015956234328,-0.0232338099243006,0.0232338099243006,0.198950016405937,TRUE,TRUE,
"10_TPoI","tableA5_price_support_distribution_information","T1",14,0.00769653655854865,"Decrease",-0.116782146310028,-0.141858774662512,-0.0250766283524847,0.0250766283524847,0.214729983519163,TRUE,,TRUE,"11;12;17;33;39;52;55;58;61;75;113;116;177;180","16;17;26;45;54;69;72;77;82;98;147;150;230;233",1819,-0.141858774662512,-0.0250766283524847,0.0250766283524847,0.214729983519163,TRUE,TRUE,
"10_TPoI","tableA5_price_support_distribution_information","T1",15,0.00824628916987356,"Decrease",-0.116782146310028,-0.143709801636033,-0.0269276553260049,0.0269276553260049,0.230580240018184,TRUE,,TRUE,"11;12;17;33;39;52;55;58;61;75;113;116;177;180;192","16;17;26;45;54;69;72;77;82;98;147;150;230;233;247",1819,-0.143709801636033,-0.0269276553260049,0.0269276553260049,0.230580240018184,TRUE,TRUE,
"10_TPoI","tableA5_price_support_distribution_information","T1",16,0.00879604178119846,"Decrease",-0.116782146310028,-0.145569092122829,-0.0287869458128009,0.0287869458128009,0.246501256590872,TRUE,,TRUE,"11;12;17;33;39;52;55;58;61;75;113;116;177;180;192;199","16;17;26;45;54;69;72;77;82;98;147;150;230;233;247;256",1819,-0.145569092122829,-0.0287869458128009,0.0287869458128009,0.246501256590872,TRUE,TRUE,
"10_TPoI","tableA5_price_support_distribution_information","T1",17,0.00934579439252336,"Decrease",-0.116782146310028,-0.147436701582724,-0.0306545552726965,0.0306545552726965,0.262493508137076,TRUE,,TRUE,"11;12;17;33;39;52;55;58;61;75;113;116;177;180;192;199;202","16;17;26;45;54;69;72;77;82;98;147;150;230;233;247;256;260",1819,-0.147436701582724,-0.0306545552726965,0.0306545552726965,0.262493508137076,TRUE,TRUE,
"10_TPoI","tableA5_price_support_distribution_information","T1",18,0.00989554700384827,"Decrease",-0.116782146310028,-0.149312685972932,-0.0325305396629039,0.0325305396629039,0.278557473815761,TRUE,,TRUE,"11;12;17;33;39;52;55;58;61;75;113;116;177;180;192;199;202;225","16;17;26;45;54;69;72;77;82;98;147;150;230;233;247;256;260;285",1819,-0.149312685972932,-0.0325305396629039,0.0325305396629039,0.278557473815761,TRUE,TRUE,
"10_TPoI","tableA5_price_support_distribution_information","T1",19,0.0104452996151732,"Decrease",-0.116782146310028,-0.15119710175366,-0.0344149554436322,0.0344149554436322,0.294693637093028,TRUE,,TRUE,"11;12;17;33;39;52;55;58;61;75;113;116;177;180;192;199;202;225;232","16;17;26;45;54;69;72;77;82;98;147;150;230;233;247;256;260;285;292",1819,-0.15119710175366,-0.0344149554436322,0.0344149554436322,0.294693637093028,TRUE,TRUE,
"10_TPoI","tableA5_price_support_distribution_information","T1",20,0.0109950522264981,"Decrease",-0.116782146310028,-0.153090005893745,-0.036307859583717,0.036307859583717,0.310902485790325,TRUE,,TRUE,"11;12;17;33;39;52;55;58;61;75;113;116;177;180;192;199;202;225;232;243","16;17;26;45;54;69;72;77;82;98;147;150;230;233;247;256;260;285;292;306",1819,-0.153090005893745,-0.036307859583717,0.036307859583717,0.310902485790325,TRUE,TRUE,
"10_TPoI","tableA5_price_support_distribution_information","T1",21,0.011544804837823,"Decrease",-0.116782146310028,-0.154991455876455,-0.0382093095664273,0.0382093095664273,0.327184512134167,TRUE,,TRUE,"11;12;17;33;39;52;55;58;61;75;113;116;177;180;192;199;202;225;232;243;285","16;17;26;45;54;69;72;77;82;98;147;150;230;233;247;256;260;285;292;306;364",1819,-0.154991455876455,-0.0382093095664273,0.0382093095664273,0.327184512134167,TRUE,TRUE,
"10_TPoI","tableA5_price_support_distribution_information","T1",22,0.0120945574491479,"Decrease",-0.116782146310028,-0.156901509705246,-0.0401193633952181,0.0401193633952181,0.343540212805399,TRUE,,TRUE,"11;12;17;33;39;52;55;58;61;75;113;116;177;180;192;199;202;225;232;243;285;301","16;17;26;45;54;69;72;77;82;98;147;150;230;233;247;256;260;285;292;306;364;387",1819,-0.156901509705246,-0.0401193633952181,0.0401193633952181,0.343540212805399,TRUE,TRUE,
"10_TPoI","tableA5_price_support_distribution_information","T1",23,0.0126443100604728,"Decrease",-0.116782146310028,-0.158820225909673,-0.0420380795996456,0.0420380795996456,0.359970088989844,TRUE,,TRUE,"11;12;17;33;39;52;55;58;61;75;113;116;177;180;192;199;202;225;232;243;285;301;312","16;17;26;45;54;69;72;77;82;98;147;150;230;233;247;256;260;285;292;306;364;387;400",1819,-0.158820225909673,-0.0420380795996456,0.0420380795996456,0.359970088989844,TRUE,TRUE,
"10_TPoI","tableA5_price_support_distribution_information","T1",24,0.0131940626717977,"Decrease",-0.116782146310028,-0.160747663551404,-0.0439655172413768,0.0439655172413768,0.376474646429765,TRUE,,TRUE,"11;12;17;33;39;52;55;58;61;75;113;116;177;180;192;199;202;225;232;243;285;301;312;349","16;17;26;45;54;69;72;77;82;98;147;150;230;233;247;256;260;285;292;306;364;387;400;450",1819,-0.160747663551404,-0.0439655172413768,0.0439655172413768,0.376474646429765,TRUE,TRUE,
"10_TPoI","tableA5_price_support_distribution_information","T1",25,0.0137438152831226,"Decrease",-0.116782146310028,-0.162683882230211,-0.0459017359201829,0.0459017359201829,0.393054395475188,TRUE,,TRUE,"11;12;17;33;39;52;55;58;61;75;113;116;177;180;192;199;202;225;232;243;285;301;312;349;359","16;17;26;45;54;69;72;77;82;98;147;150;230;233;247;256;260;285;292;306;364;387;400;450;463",1819,-0.162683882230211,-0.0459017359201829,0.0459017359201829,0.393054395475188,TRUE,TRUE,
"10_TPoI","tableA5_price_support_distribution_information","T1",26,0.0142935678944475,"Decrease",-0.116782146310028,-0.164628942090204,-0.0478467957801767,0.0478467957801767,0.409709851137307,TRUE,,TRUE,"11;12;17;33;39;52;55;58;61;75;113;116;177;180;192;199;202;225;232;243;285;301;312;349;359;396","16;17;26;45;54;69;72;77;82;98;147;150;230;233;247;256;260;285;292;306;364;387;400;450;463;510",1819,-0.164628942090204,-0.0478467957801767,0.0478467957801767,0.409709851137307,TRUE,TRUE,
"10_TPoI","tableA5_price_support_distribution_information","T1",27,0.0148433205057724,"Decrease",-0.116782146310028,-0.166582903826007,-0.0498007575159796,0.0498007575159796,0.426441533141299,TRUE,,TRUE,"11;12;17;33;39;52;55;58;61;75;113;116;177;180;192;199;202;225;232;243;285;301;312;349;359;396;401","16;17;26;45;54;69;72;77;82;98;147;150;230;233;247;256;260;285;292;306;364;387;400;450;463;510;518",1819,-0.166582903826007,-0.0498007575159796,0.0498007575159796,0.426441533141299,TRUE,TRUE,
"10_TPoI","tableA5_price_support_distribution_information","T1",28,0.0153930731170973,"Decrease",-0.116782146310028,-0.168545828689015,-0.0517636823789869,0.0517636823789869,0.443249965979963,TRUE,,TRUE,"11;12;17;33;39;52;55;58;61;75;113;116;177;180;192;199;202;225;232;243;285;301;312;349;359;396;401;404","16;17;26;45;54;69;72;77;82;98;147;150;230;233;247;256;260;285;292;306;364;387;400;450;463;510;518;522",1819,-0.168545828689015,-0.0517636823789869,0.0517636823789869,0.443249965979963,TRUE,TRUE,
"10_TPoI","tableA5_price_support_distribution_information","T1",29,0.0159428257284222,"Decrease",-0.116782146310028,-0.170517778493924,-0.0537356321838967,0.0537356321838967,0.460135678969642,TRUE,,TRUE,"11;12;17;33;39;52;55;58;61;75;113;116;177;180;192;199;202;225;232;243;285;301;312;349;359;396;401;404;451","16;17;26;45;54;69;72;77;82;98;147;150;230;233;247;256;260;285;292;306;364;387;400;450;463;510;518;522;579",1819,-0.170517778493924,-0.0537356321838967,0.0537356321838967,0.460135678969642,TRUE,TRUE,
"10_TPoI","tableA5_price_support_distribution_information","T1",30,0.0164925783397471,"Decrease",-0.116782146310028,-0.172498815625142,-0.0557166693151146,0.0557166693151146,0.477099206305052,TRUE,,TRUE,"11;12;17;33;39;52;55;58;61;75;113;116;177;180;192;199;202;225;232;243;285;301;312;349;359;396;401;404;451;540","16;17;26;45;54;69;72;77;82;98;147;150;230;233;247;256;260;285;292;306;364;387;400;450;463;510;518;522;579;696",1819,-0.172498815625142,-0.0557166693151146,0.0557166693151146,0.477099206305052,TRUE,TRUE,
"10_TPoI","tableA5_price_support_distribution_information","T1",31,0.017042330951072,"Decrease",-0.116782146310028,-0.174489003043326,-0.057706856733298,0.057706856733298,0.494141087115325,TRUE,,TRUE,"11;12;17;33;39;52;55;58;61;75;113;116;177;180;192;199;202;225;232;243;285;301;312;349;359;396;401;404;451;540;639","16;17;26;45;54;69;72;77;82;98;147;150;230;233;247;256;260;285;292;306;364;387;400;450;463;510;518;522;579;696;828",1819,-0.174489003043326,-0.057706856733298,0.057706856733298,0.494141087115325,TRUE,TRUE,
"10_TPoI","tableA5_price_support_distribution_information","T1",32,0.0175920835623969,"Decrease",-0.116782146310028,-0.176488404292141,-0.0597062579821137,0.0597062579821137,0.511261865521878,TRUE,,TRUE,"11;12;17;33;39;52;55;58;61;75;113;116;177;180;192;199;202;225;232;243;285;301;312;349;359;396;401;404;451;540;639;642","16;17;26;45;54;69;72;77;82;98;147;150;230;233;247;256;260;285;292;306;364;387;400;450;463;510;518;522;579;696;828;831",1819,-0.176488404292141,-0.0597062579821137,0.0597062579821137,0.511261865521878,TRUE,TRUE,
"10_TPoI","tableA5_price_support_distribution_information","T1",33,0.0181418361737218,"Decrease",-0.116782146310028,-0.178497083505005,-0.0617149371949775,0.0617149371949775,0.528462090696121,TRUE,,TRUE,"11;12;17;33;39;52;55;58;61;75;113;116;177;180;192;199;202;225;232;243;285;301;312;349;359;396;401;404;451;540;639;642;683","16;17;26;45;54;69;72;77;82;98;147;150;230;233;247;256;260;285;292;306;364;387;400;450;463;510;518;522;579;696;828;831;880",1819,-0.178497083505005,-0.0617149371949775,0.0617149371949775,0.528462090696121,TRUE,TRUE,
"10_TPoI","tableA5_price_support_distribution_information","T1",34,0.0186915887850467,"Decrease",-0.116782146310028,-0.180515105411859,-0.0637329591018309,0.0637329591018309,0.545742316917482,TRUE,,TRUE,"11;12;17;33;39;52;55;58;61;75;113;116;177;180;192;199;202;225;232;243;285;301;312;349;359;396;401;404;451;540;639;642;683;689","16;17;26;45;54;69;72;77;82;98;147;150;230;233;247;256;260;285;292;306;364;387;400;450;463;510;518;522;579;696;828;831;880;887",1819,-0.180515105411859,-0.0637329591018309,0.0637329591018309,0.545742316917482,TRUE,TRUE,
"10_TPoI","tableA5_price_support_distribution_information","T1",35,0.0192413413963716,"Decrease",-0.116782146310028,-0.182542535346276,-0.0657603890362481,0.0657603890362481,0.563103103634271,TRUE,,TRUE,"11;12;17;33;39;52;55;58;61;75;113;116;177;180;192;199;202;225;232;243;285;301;312;349;359;396;401;404;451;540;639;642;683;689;704","16;17;26;45;54;69;72;77;82;98;147;150;230;233;247;256;260;285;292;306;364;387;400;450;463;510;518;522;579;696;828;831;880;887;908",1819,-0.182542535346276,-0.0657603890362481,0.0657603890362481,0.563103103634271,TRUE,TRUE,
"10_TPoI","tableA5_price_support_distribution_information","T1",36,0.0197910940076965,"Decrease",-0.116782146310028,-0.184579439252336,-0.0677972929423087,0.0677972929423087,0.580545015522524,TRUE,,TRUE,"11;12;17;33;39;52;55;58;61;75;113;116;177;180;192;199;202;225;232;243;285;301;312;349;359;396;401;404;451;540;639;642;683;689;704;707","16;17;26;45;54;69;72;77;82;98;147;150;230;233;247;256;260;285;292;306;364;387;400;450;463;510;518;522;579;696;828;831;880;887;908;911",1819,-0.184579439252336,-0.0677972929423087,0.0677972929423087,0.580545015522524,TRUE,TRUE,
"10_TPoI","tableA5_price_support_distribution_information","T1",37,0.0203408466190214,"Decrease",-0.116782146310028,-0.186625883691908,-0.06984373738188,0.06984373738188,0.598068622548366,TRUE,,TRUE,"11;12;17;33;39;52;55;58;61;75;113;116;177;180;192;199;202;225;232;243;285;301;312;349;359;396;401;404;451;540;639;642;683;689;704;707;731","16;17;26;45;54;69;72;77;82;98;147;150;230;233;247;256;260;285;292;306;364;387;400;450;463;510;518;522;579;696;828;831;880;887;908;911;938",1819,-0.186625883691908,-0.06984373738188,0.06984373738188,0.598068622548366,TRUE,TRUE,
"10_TPoI","tableA5_price_support_distribution_information","T1",38,0.0208905992303463,"Decrease",-0.116782146310028,-0.188681935851879,-0.0718997895418514,0.0718997895418514,0.615674500029955,TRUE,,TRUE,"11;12;17;33;39;52;55;58;61;75;113;116;177;180;192;199;202;225;232;243;285;301;312;349;359;396;401;404;451;540;639;642;683;689;704;707;731;771","16;17;26;45;54;69;72;77;82;98;147;150;230;233;247;256;260;285;292;306;364;387;400;450;463;510;518;522;579;696;828;831;880;887;908;911;938;986",1819,-0.188681935851879,-0.0718997895418514,0.0718997895418514,0.615674500029955,TRUE,TRUE,
"10_TPoI","tableA5_price_support_distribution_information","T1",39,0.0214403518416712,"Decrease",-0.116782146310028,-0.190747663551408,-0.0739655172413806,0.0739655172413806,0.633363228699535,TRUE,,TRUE,"11;12;17;33;39;52;55;58;61;75;113;116;177;180;192;199;202;225;232;243;285;301;312;349;359;396;401;404;451;540;639;642;683;689;704;707;731;771;794","16;17;26;45;54;69;72;77;82;98;147;150;230;233;247;256;260;285;292;306;364;387;400;450;463;510;518;522;579;696;828;831;880;887;908;911;938;986;1017",1819,-0.190747663551408,-0.0739655172413806,0.0739655172413806,0.633363228699535,TRUE,TRUE,
"10_TPoI","tableA5_price_support_distribution_information","T1",40,0.0219901044529962,"Decrease",-0.116782146310028,-0.192823135249509,-0.0760409889394818,0.0760409889394818,0.651135394768408,TRUE,,TRUE,"11;12;17;33;39;52;55;58;61;75;113;116;177;180;192;199;202;225;232;243;285;301;312;349;359;396;401;404;451;540;639;642;683;689;704;707;731;771;794;806","16;17;26;45;54;69;72;77;82;98;147;150;230;233;247;256;260;285;292;306;364;387;400;450;463;510;518;522;579;696;828;831;880;887;908;911;938;986;1017;1031",1819,-0.192823135249509,-0.0760409889394818,0.0760409889394818,0.651135394768408,TRUE,TRUE,
"10_TPoI","tableA5_price_support_distribution_information","T1",41,0.0225398570643211,"Decrease",-0.116782146310028,-0.194908420052582,-0.0781262737425542,0.0781262737425542,0.668991589991404,TRUE,,TRUE,"11;12;17;33;39;52;55;58;61;75;113;116;177;180;192;199;202;225;232;243;285;301;312;349;359;396;401;404;451;540;639;642;683;689;704;707;731;771;794;806;807","16;17;26;45;54;69;72;77;82;98;147;150;230;233;247;256;260;285;292;306;364;387;400;450;463;510;518;522;579;696;828;831;880;887;908;911;938;986;1017;1031;1032",1819,-0.194908420052582,-0.0781262737425542,0.0781262737425542,0.668991589991404,TRUE,TRUE,
"10_TPoI","tableA5_price_support_distribution_information","T1",42,0.023089609675646,"Decrease",-0.116782146310028,-0.197003587722019,-0.0802214414119913,0.0802214414119913,0.68693241173204,TRUE,,TRUE,"11;12;17;33;39;52;55;58;61;75;113;116;177;180;192;199;202;225;232;243;285;301;312;349;359;396;401;404;451;540;639;642;683;689;704;707;731;771;794;806;807;810","16;17;26;45;54;69;72;77;82;98;147;150;230;233;247;256;260;285;292;306;364;387;400;450;463;510;518;522;579;696;828;831;880;887;908;911;938;986;1017;1031;1032;1036",1819,-0.197003587722019,-0.0802214414119913,0.0802214414119913,0.68693241173204,TRUE,TRUE,
"10_TPoI","tableA5_price_support_distribution_information","T1",43,0.0236393622869709,"Decrease",-0.116782146310028,-0.199108708682044,-0.0823265623720164,0.0823265623720164,0.704958463029612,TRUE,,TRUE,"11;12;17;33;39;52;55;58;61;75;113;116;177;180;192;199;202;225;232;243;285;301;312;349;359;396;401;404;451;540;639;642;683;689;704;707;731;771;794;806;807;810;838","16;17;26;45;54;69;72;77;82;98;147;150;230;233;247;256;260;285;292;306;364;387;400;450;463;510;518;522;579;696;828;831;880;887;908;911;938;986;1017;1031;1032;1036;1071",1819,-0.199108708682044,-0.0823265623720164,0.0823265623720164,0.704958463029612,TRUE,TRUE,
"10_TPoI","tableA5_price_support_distribution_information","T1",44,0.0241891148982958,"Decrease",-0.116782146310028,-0.201223854027593,-0.0844417077175658,0.0844417077175658,0.7230703526667,TRUE,,TRUE,"11;12;17;33;39;52;55;58;61;75;113;116;177;180;192;199;202;225;232;243;285;301;312;349;359;396;401;404;451;540;639;642;683;689;704;707;731;771;794;806;807;810;838;880","16;17;26;45;54;69;72;77;82;98;147;150;230;233;247;256;260;285;292;306;364;387;400;450;463;510;518;522;579;696;828;831;880;887;908;911;938;986;1017;1031;1032;1036;1071;1130",1819,-0.201223854027593,-0.0844417077175658,0.0844417077175658,0.7230703526667,TRUE,TRUE,
"10_TPoI","tableA5_price_support_distribution_information","T1",45,0.0247388675096207,"Decrease",-0.116782146310028,-0.203349095532304,-0.0865669492222766,0.0865669492222766,0.741268695237565,TRUE,,TRUE,"11;12;17;33;39;52;55;58;61;75;113;116;177;180;192;199;202;225;232;243;285;301;312;349;359;396;401;404;451;540;639;642;683;689;704;707;731;771;794;806;807;810;838;880;899","16;17;26;45;54;69;72;77;82;98;147;150;230;233;247;256;260;285;292;306;364;387;400;450;463;510;518;522;579;696;828;831;880;887;908;911;938;986;1017;1031;1032;1036;1071;1130;1156",1819,-0.203349095532304,-0.0865669492222766,0.0865669492222766,0.741268695237565,TRUE,TRUE,
"10_TPoI","tableA5_price_support_distribution_information","T1",46,0.0252886201209456,"Decrease",-0.116782146310028,-0.20548450565666,-0.0887023593466318,0.0887023593466318,0.7595541112179,TRUE,,TRUE,"11;12;17;33;39;52;55;58;61;75;113;116;177;180;192;199;202;225;232;243;285;301;312;349;359;396;401;404;451;540;639;642;683;689;704;707;731;771;794;806;807;810;838;880;899;945","16;17;26;45;54;69;72;77;82;98;147;150;230;233;247;256;260;285;292;306;364;387;400;450;463;510;518;522;579;696;828;831;880;887;908;911;938;986;1017;1031;1032;1036;1071;1130;1156;1218",1819,-0.20548450565666,-0.0887023593466318,0.0887023593466318,0.7595541112179,TRUE,TRUE,
"10_TPoI","tableA5_price_support_distribution_information","T1",47,0.0258383727322705,"Decrease",-0.116782146310028,-0.207630157556206,-0.0908480112461787,0.0908480112461787,0.777927227035199,TRUE,,TRUE,"11;12;17;33;39;52;55;58;61;75;113;116;177;180;192;199;202;225;232;243;285;301;312;349;359;396;401;404;451;540;639;642;683;689;704;707;731;771;794;806;807;810;838;880;899;945;949","16;17;26;45;54;69;72;77;82;98;147;150;230;233;247;256;260;285;292;306;364;387;400;450;463;510;518;522;579;696;828;831;880;887;908;911;938;986;1017;1031;1032;1036;1071;1130;1156;1218;1222",1819,-0.207630157556206,-0.0908480112461787,0.0908480112461787,0.777927227035199,TRUE,TRUE,
"10_TPoI","tableA5_price_support_distribution_information","T1",48,0.0263881253435954,"Decrease",-0.116782146310028,-0.209786125089862,-0.093003978779834,0.093003978779834,0.796388675139875,TRUE,,TRUE,"11;12;17;33;39;52;55;58;61;75;113;116;177;180;192;199;202;225;232;243;285;301;312;349;359;396;401;404;451;540;639;642;683;689;704;707;731;771;794;806;807;810;838;880;899;945;949;979","16;17;26;45;54;69;72;77;82;98;147;150;230;233;247;256;260;285;292;306;364;387;400;450;463;510;518;522;579;696;828;831;880;887;908;911;938;986;1017;1031;1032;1036;1071;1130;1156;1218;1222;1264",1819,-0.209786125089862,-0.093003978779834,0.093003978779834,0.796388675139875,TRUE,TRUE,
"10_TPoI","tableA5_price_support_distribution_information","T1",49,0.0269378779549203,"Decrease",-0.116782146310028,-0.211952482828516,-0.0951703365184884,0.0951703365184884,0.814939094078942,TRUE,,TRUE,"11;12;17;33;39;52;55;58;61;75;113;116;177;180;192;199;202;225;232;243;285;301;312;349;359;396;401;404;451;540;639;642;683;689;704;707;731;771;794;806;807;810;838;880;899;945;949;979;1083","16;17;26;45;54;69;72;77;82;98;147;150;230;233;247;256;260;285;292;306;364;387;400;450;463;510;518;522;579;696;828;831;880;887;908;911;938;986;1017;1031;1032;1036;1071;1130;1156;1218;1222;1264;1398",1819,-0.211952482828516,-0.0951703365184884,0.0951703365184884,0.814939094078942,TRUE,TRUE,
"10_TPoI","tableA5_price_support_distribution_information","T1",50,0.0274876305662452,"Decrease",-0.116782146310028,-0.214129306063467,-0.0973471597534394,0.0973471597534394,0.833579128568221,TRUE,,TRUE,"11;12;17;33;39;52;55;58;61;75;113;116;177;180;192;199;202;225;232;243;285;301;312;349;359;396;401;404;451;540;639;642;683;689;704;707;731;771;794;806;807;810;838;880;899;945;949;979;1083;1093","16;17;26;45;54;69;72;77;82;98;147;150;230;233;247;256;260;285;292;306;364;387;400;450;463;510;518;522;579;696;828;831;880;887;908;911;938;986;1017;1031;1032;1036;1071;1130;1156;1218;1222;1264;1398;1409",1819,-0.214129306063467,-0.0973471597534394,0.0973471597534394,0.833579128568221,TRUE,TRUE,
"10_TPoI","tableA5_price_support_distribution_information","T1",51,0.0280373831775701,"Decrease",-0.116782146310028,-0.216316670815322,-0.0995345245052944,0.0995345245052944,0.852309429568582,TRUE,,TRUE,"11;12;17;33;39;52;55;58;61;75;113;116;177;180;192;199;202;225;232;243;285;301;312;349;359;396;401;404;451;540;639;642;683;689;704;707;731;771;794;806;807;810;838;880;899;945;949;979;1083;1093;1108","16;17;26;45;54;69;72;77;82;98;147;150;230;233;247;256;260;285;292;306;364;387;400;450;463;510;518;522;579;696;828;831;880;887;908;911;938;986;1017;1031;1032;1036;1071;1130;1156;1218;1222;1264;1398;1409;1424",1819,-0.216316670815322,-0.0995345245052944,0.0995345245052944,0.852309429568582,TRUE,TRUE,
"10_TPoI","tableA5_price_support_distribution_information","T1",52,0.028587135788895,"Decrease",-0.116782146310028,-0.218514653842666,-0.101732507532638,0.101732507532638,0.87113065436016,TRUE,,TRUE,"11;12;17;33;39;52;55;58;61;75;113;116;177;180;192;199;202;225;232;243;285;301;312;349;359;396;401;404;451;540;639;642;683;689;704;707;731;771;794;806;807;810;838;880;899;945;949;979;1083;1093;1108;1145","16;17;26;45;54;69;72;77;82;98;147;150;230;233;247;256;260;285;292;306;364;387;400;450;463;510;518;522;579;696;828;831;880;887;908;911;938;986;1017;1031;1032;1036;1071;1130;1156;1218;1222;1264;1398;1409;1424;1475",1819,-0.218514653842666,-0.101732507532638,0.101732507532638,0.87113065436016,TRUE,TRUE,
"10_TPoI","tableA5_price_support_distribution_information","T1",53,0.0291368884002199,"Decrease",-0.116782146310028,-0.220723332651163,-0.103941186341136,0.103941186341136,0.890043466620296,TRUE,,TRUE,"11;12;17;33;39;52;55;58;61;75;113;116;177;180;192;199;202;225;232;243;285;301;312;349;359;396;401;404;451;540;639;642;683;689;704;707;731;771;794;806;807;810;838;880;899;945;949;979;1083;1093;1108;1145;1153","16;17;26;45;54;69;72;77;82;98;147;150;230;233;247;256;260;285;292;306;364;387;400;450;463;510;518;522;579;696;828;831;880;887;908;911;938;986;1017;1031;1032;1036;1071;1130;1156;1218;1222;1264;1398;1409;1424;1475;1483",1819,-0.220723332651163,-0.103941186341136,0.103941186341136,0.890043466620296,TRUE,TRUE,
"10_TPoI","tableA5_price_support_distribution_information","T1",54,0.0296866410115448,"Decrease",-0.116782146310028,-0.222942785502627,-0.1061606391926,0.1061606391926,0.9090485365012,TRUE,,TRUE,"11;12;17;33;39;52;55;58;61;75;113;116;177;180;192;199;202;225;232;243;285;301;312;349;359;396;401;404;451;540;639;642;683;689;704;707;731;771;794;806;807;810;838;880;899;945;949;979;1083;1093;1108;1145;1153;1189","16;17;26;45;54;69;72;77;82;98;147;150;230;233;247;256;260;285;292;306;364;387;400;450;463;510;518;522;579;696;828;831;880;887;908;911;938;986;1017;1031;1032;1036;1071;1130;1156;1218;1222;1264;1398;1409;1424;1475;1483;1530",1819,-0.222942785502627,-0.1061606391926,0.1061606391926,0.9090485365012,TRUE,TRUE,
"10_TPoI","tableA5_price_support_distribution_information","T1",55,0.0302363936228697,"Decrease",-0.116782146310028,-0.225173091424252,-0.108390945114225,0.108390945114225,0.928146540709001,TRUE,,TRUE,"11;12;17;33;39;52;55;58;61;75;113;116;177;180;192;199;202;225;232;243;285;301;312;349;359;396;401;404;451;540;639;642;683;689;704;707;731;771;794;806;807;810;838;880;899;945;949;979;1083;1093;1108;1145;1153;1189;1191","16;17;26;45;54;69;72;77;82;98;147;150;230;233;247;256;260;285;292;306;364;387;400;450;463;510;518;522;579;696;828;831;880;887;908;911;938;986;1017;1031;1032;1036;1071;1130;1156;1218;1222;1264;1398;1409;1424;1475;1483;1530;1532",1819,-0.225173091424252,-0.108390945114225,0.108390945114225,0.928146540709001,TRUE,TRUE,
"10_TPoI","tableA5_price_support_distribution_information","T1",56,0.0307861462341946,"Decrease",-0.116782146310028,-0.227414330218069,-0.110632183908041,0.110632183908041,0.947338162584717,TRUE,,TRUE,"11;12;17;33;39;52;55;58;61;75;113;116;177;180;192;199;202;225;232;243;285;301;312;349;359;396;401;404;451;540;639;642;683;689;704;707;731;771;794;806;807;810;838;880;899;945;949;979;1083;1093;1108;1145;1153;1189;1191;1204","16;17;26;45;54;69;72;77;82;98;147;150;230;233;247;256;260;285;292;306;364;387;400;450;463;510;518;522;579;696;828;831;880;887;908;911;938;986;1017;1031;1032;1036;1071;1130;1156;1218;1222;1264;1398;1409;1424;1475;1483;1530;1532;1551",1819,-0.227414330218069,-0.110632183908041,0.110632183908041,0.947338162584717,TRUE,TRUE,
"10_TPoI","tableA5_price_support_distribution_information","T1",57,0.0313358988455195,"Decrease",-0.116782146310028,-0.229666582470331,-0.112884436160303,0.112884436160303,0.966624092184629,TRUE,,TRUE,"11;12;17;33;39;52;55;58;61;75;113;116;177;180;192;199;202;225;232;243;285;301;312;349;359;396;401;404;451;540;639;642;683;689;704;707;731;771;794;806;807;810;838;880;899;945;949;979;1083;1093;1108;1145;1153;1189;1191;1204;1206","16;17;26;45;54;69;72;77;82;98;147;150;230;233;247;256;260;285;292;306;364;387;400;450;463;510;518;522;579;696;828;831;880;887;908;911;938;986;1017;1031;1032;1036;1071;1130;1156;1218;1222;1264;1398;1409;1424;1475;1483;1530;1532;1551;1554",1819,-0.229666582470331,-0.112884436160303,0.112884436160303,0.966624092184629,TRUE,TRUE,
"10_TPoI","tableA5_price_support_distribution_information","T1",58,0.0318856514568444,"Decrease",-0.116782146310028,-0.231929929561255,-0.115147783251228,0.115147783251228,0.986005026363694,TRUE,,TRUE,"11;12;17;33;39;52;55;58;61;75;113;116;177;180;192;199;202;225;232;243;285;301;312;349;359;396;401;404;451;540;639;642;683;689;704;707;731;771;794;806;807;810;838;880;899;945;949;979;1083;1093;1108;1145;1153;1189;1191;1204;1206;1267","16;17;26;45;54;69;72;77;82;98;147;150;230;233;247;256;260;285;292;306;364;387;400;450;463;510;518;522;579;696;828;831;880;887;908;911;938;986;1017;1031;1032;1036;1071;1130;1156;1218;1222;1264;1398;1409;1424;1475;1483;1530;1532;1551;1554;1631",1819,-0.231929929561255,-0.115147783251228,0.115147783251228,0.986005026363694,TRUE,TRUE,
"10_TPoI","tableA5_price_support_distribution_information","T1",59,0.0324354040681693,"Decrease",-0.116782146310028,-0.234204453674851,-0.117422307364824,0.117422307364824,1.00548166885969,TRUE,,TRUE,"11;12;17;33;39;52;55;58;61;75;113;116;177;180;192;199;202;225;232;243;285;301;312;349;359;396;401;404;451;540;639;642;683;689;704;707;731;771;794;806;807;810;838;880;899;945;949;979;1083;1093;1108;1145;1153;1189;1191;1204;1206;1267;1285","16;17;26;45;54;69;72;77;82;98;147;150;230;233;247;256;260;285;292;306;364;387;400;450;463;510;518;522;579;696;828;831;880;887;908;911;938;986;1017;1031;1032;1036;1071;1130;1156;1218;1222;1264;1398;1409;1424;1475;1483;1530;1532;1551;1554;1631;1656",1819,-0.234204453674851,-0.117422307364824,0.117422307364824,1.00548166885969,TRUE,TRUE,
"10_TPoI","tableA5_price_support_distribution_information","T1",60,0.0329851566794942,"Decrease",-0.116782146310028,-0.236490237808829,-0.119708091498801,0.119708091498801,1.0250547303781,TRUE,,TRUE,"11;12;17;33;39;52;55;58;61;75;113;116;177;180;192;199;202;225;232;243;285;301;312;349;359;396;401;404;451;540;639;642;683;689;704;707;731;771;794;806;807;810;838;880;899;945;949;979;1083;1093;1108;1145;1153;1189;1191;1204;1206;1267;1285;1294","16;17;26;45;54;69;72;77;82;98;147;150;230;233;247;256;260;285;292;306;364;387;400;450;463;510;518;522;579;696;828;831;880;887;908;911;938;986;1017;1031;1032;1036;1071;1130;1156;1218;1222;1264;1398;1409;1424;1475;1483;1530;1532;1551;1554;1631;1656;1668",1819,-0.236490237808829,-0.119708091498801,0.119708091498801,1.0250547303781,TRUE,TRUE,
"10_TPoI","tableA5_price_support_distribution_information","T1",61,0.0335349092908191,"Decrease",-0.116782146310028,-0.238787365784656,-0.122005219474628,0.122005219474628,1.04472492867818,TRUE,,TRUE,"11;12;17;33;39;52;55;58;61;75;113;116;177;180;192;199;202;225;232;243;285;301;312;349;359;396;401;404;451;540;639;642;683;689;704;707;731;771;794;806;807;810;838;880;899;945;949;979;1083;1093;1108;1145;1153;1189;1191;1204;1206;1267;1285;1294;1315","16;17;26;45;54;69;72;77;82;98;147;150;230;233;247;256;260;285;292;306;364;387;400;450;463;510;518;522;579;696;828;831;880;887;908;911;938;986;1017;1031;1032;1036;1071;1130;1156;1218;1222;1264;1398;1409;1424;1475;1483;1530;1532;1551;1554;1631;1656;1668;1697",1819,-0.238787365784656,-0.122005219474628,0.122005219474628,1.04472492867818,TRUE,TRUE,
"10_TPoI","tableA5_price_support_distribution_information","T1",62,0.034084661902144,"Decrease",-0.116782146310028,-0.241095922257865,-0.124313775947837,0.124313775947837,1.06449298866126,TRUE,,TRUE,"11;12;17;33;39;52;55;58;61;75;113;116;177;180;192;199;202;225;232;243;285;301;312;349;359;396;401;404;451;540;639;642;683;689;704;707;731;771;794;806;807;810;838;880;899;945;949;979;1083;1093;1108;1145;1153;1189;1191;1204;1206;1267;1285;1294;1315;1337","16;17;26;45;54;69;72;77;82;98;147;150;230;233;247;256;260;285;292;306;364;387;400;450;463;510;518;522;579;696;828;831;880;887;908;911;938;986;1017;1031;1032;1036;1071;1130;1156;1218;1222;1264;1398;1409;1424;1475;1483;1530;1532;1551;1554;1631;1656;1668;1697;1722",1819,-0.241095922257865,-0.124313775947837,0.124313775947837,1.06449298866126,TRUE,TRUE,
"10_TPoI","tableA5_price_support_distribution_information","T1",63,0.0346344145134689,"Decrease",-0.116782146310028,-0.243415992728461,-0.126633846418433,0.126633846418433,1.08435964245983,TRUE,,TRUE,"11;12;17;33;39;52;55;58;61;75;113;116;177;180;192;199;202;225;232;243;285;301;312;349;359;396;401;404;451;540;639;642;683;689;704;707;731;771;794;806;807;810;838;880;899;945;949;979;1083;1093;1108;1145;1153;1189;1191;1204;1206;1267;1285;1294;1315;1337;1358","16;17;26;45;54;69;72;77;82;98;147;150;230;233;247;256;260;285;292;306;364;387;400;450;463;510;518;522;579;696;828;831;880;887;908;911;938;986;1017;1031;1032;1036;1071;1130;1156;1218;1222;1264;1398;1409;1424;1475;1483;1530;1532;1551;1554;1631;1656;1668;1697;1722;1750",1819,-0.243415992728461,-0.126633846418433,0.126633846418433,1.08435964245983,TRUE,TRUE,
"10_TPoI","tableA5_price_support_distribution_information","T1",64,0.0351841671247938,"Decrease",-0.116782146310028,-0.245747663551399,-0.128965517241372,0.128965517241372,1.10432562952731,TRUE,,TRUE,"11;12;17;33;39;52;55;58;61;75;113;116;177;180;192;199;202;225;232;243;285;301;312;349;359;396;401;404;451;540;639;642;683;689;704;707;731;771;794;806;807;810;838;880;899;945;949;979;1083;1093;1108;1145;1153;1189;1191;1204;1206;1267;1285;1294;1315;1337;1358;1380","16;17;26;45;54;69;72;77;82;98;147;150;230;233;247;256;260;285;292;306;364;387;400;450;463;510;518;522;579;696;828;831;880;887;908;911;938;986;1017;1031;1032;1036;1071;1130;1156;1218;1222;1264;1398;1409;1424;1475;1483;1530;1532;1551;1554;1631;1656;1668;1697;1722;1750;1777",1819,-0.245747663551399,-0.128965517241372,0.128965517241372,1.10432562952731,TRUE,TRUE,
"10_TPoI","tableA5_price_support_distribution_information","T1",65,0.0357339197361187,"Decrease",-0.116782146310028,-0.248091021947386,-0.131308875637358,0.131308875637358,1.12439169673047,TRUE,,TRUE,"11;12;17;33;39;52;55;58;61;75;113;116;177;180;192;199;202;225;232;243;285;301;312;349;359;396;401;404;451;540;639;642;683;689;704;707;731;771;794;806;807;810;838;880;899;945;949;979;1083;1093;1108;1145;1153;1189;1191;1204;1206;1267;1285;1294;1315;1337;1358;1380;1424","16;17;26;45;54;69;72;77;82;98;147;150;230;233;247;256;260;285;292;306;364;387;400;450;463;510;518;522;579;696;828;831;880;887;908;911;938;986;1017;1031;1032;1036;1071;1130;1156;1218;1222;1264;1398;1409;1424;1475;1483;1530;1532;1551;1554;1631;1656;1668;1697;1722;1750;1777;1843",1819,-0.248091021947386,-0.131308875637358,0.131308875637358,1.12439169673047,TRUE,TRUE,
"10_TPoI","tableA5_price_support_distribution_information","T1",66,0.0362836723474437,"Decrease",-0.116782146310028,-0.250446156013717,-0.133664009703689,0.133664009703689,1.1445585984423,TRUE,,TRUE,"11;12;17;33;39;52;55;58;61;75;113;116;177;180;192;199;202;225;232;243;285;301;312;349;359;396;401;404;451;540;639;642;683;689;704;707;731;771;794;806;807;810;838;880;899;945;949;979;1083;1093;1108;1145;1153;1189;1191;1204;1206;1267;1285;1294;1315;1337;1358;1380;1424;1447","16;17;26;45;54;69;72;77;82;98;147;150;230;233;247;256;260;285;292;306;364;387;400;450;463;510;518;522;579;696;828;831;880;887;908;911;938;986;1017;1031;1032;1036;1071;1130;1156;1218;1222;1264;1398;1409;1424;1475;1483;1530;1532;1551;1554;1631;1656;1668;1697;1722;1750;1777;1843;1873",1819,-0.250446156013717,-0.133664009703689,0.133664009703689,1.1445585984423,TRUE,TRUE,
"10_TPoI","tableA5_price_support_distribution_information","T1",67,0.0368334249587686,"Decrease",-0.116782146310028,-0.252813154735284,-0.136031008425256,0.136031008425256,1.16482709663622,TRUE,,TRUE,"11;12;17;33;39;52;55;58;61;75;113;116;177;180;192;199;202;225;232;243;285;301;312;349;359;396;401;404;451;540;639;642;683;689;704;707;731;771;794;806;807;810;838;880;899;945;949;979;1083;1093;1108;1145;1153;1189;1191;1204;1206;1267;1285;1294;1315;1337;1358;1380;1424;1447;1450","16;17;26;45;54;69;72;77;82;98;147;150;230;233;247;256;260;285;292;306;364;387;400;450;463;510;518;522;579;696;828;831;880;887;908;911;938;986;1017;1031;1032;1036;1071;1130;1156;1218;1222;1264;1398;1409;1424;1475;1483;1530;1532;1551;1554;1631;1656;1668;1697;1722;1750;1777;1843;1873;1876",1819,-0.252813154735284,-0.136031008425256,0.136031008425256,1.16482709663622,TRUE,TRUE,
"10_TPoI","tableA5_price_support_distribution_information","T1",68,0.0373831775700935,"Decrease",-0.116782146310028,-0.25519210799584,-0.138409961685812,0.138409961685812,1.18519796098257,TRUE,,TRUE,"11;12;17;33;39;52;55;58;61;75;113;116;177;180;192;199;202;225;232;243;285;301;312;349;359;396;401;404;451;540;639;642;683;689;704;707;731;771;794;806;807;810;838;880;899;945;949;979;1083;1093;1108;1145;1153;1189;1191;1204;1206;1267;1285;1294;1315;1337;1358;1380;1424;1447;1450;1479","16;17;26;45;54;69;72;77;82;98;147;150;230;233;247;256;260;285;292;306;364;387;400;450;463;510;518;522;579;696;828;831;880;887;908;911;938;986;1017;1031;1032;1036;1071;1130;1156;1218;1222;1264;1398;1409;1424;1475;1483;1530;1532;1551;1554;1631;1656;1668;1697;1722;1750;1777;1843;1873;1876;1907",1819,-0.25519210799584,-0.138409961685812,0.138409961685812,1.18519796098257,TRUE,TRUE,
"10_TPoI","tableA5_price_support_distribution_information","T1",69,0.0379329301814184,"Decrease",-0.116782146310028,-0.257583106589378,-0.14080096027935,0.14080096027935,1.20567196894599,TRUE,,TRUE,"11;12;17;33;39;52;55;58;61;75;113;116;177;180;192;199;202;225;232;243;285;301;312;349;359;396;401;404;451;540;639;642;683;689;704;707;731;771;794;806;807;810;838;880;899;945;949;979;1083;1093;1108;1145;1153;1189;1191;1204;1206;1267;1285;1294;1315;1337;1358;1380;1424;1447;1450;1479;1513","16;17;26;45;54;69;72;77;82;98;147;150;230;233;247;256;260;285;292;306;364;387;400;450;463;510;518;522;579;696;828;831;880;887;908;911;938;986;1017;1031;1032;1036;1071;1130;1156;1218;1222;1264;1398;1409;1424;1475;1483;1530;1532;1551;1554;1631;1656;1668;1697;1722;1750;1777;1843;1873;1876;1907;1946",1819,-0.257583106589378,-0.14080096027935,0.14080096027935,1.20567196894599,TRUE,TRUE,
"10_TPoI","tableA5_price_support_distribution_information","T1",70,0.0384826827927433,"Decrease",-0.116782146310028,-0.259986242231596,-0.143204095921568,0.143204095921568,1.2262499058837,TRUE,,TRUE,"11;12;17;33;39;52;55;58;61;75;113;116;177;180;192;199;202;225;232;243;285;301;312;349;359;396;401;404;451;540;639;642;683;689;704;707;731;771;794;806;807;810;838;880;899;945;949;979;1083;1093;1108;1145;1153;1189;1191;1204;1206;1267;1285;1294;1315;1337;1358;1380;1424;1447;1450;1479;1513;1516","16;17;26;45;54;69;72;77;82;98;147;150;230;233;247;256;260;285;292;306;364;387;400;450;463;510;518;522;579;696;828;831;880;887;908;911;938;986;1017;1031;1032;1036;1071;1130;1156;1218;1222;1264;1398;1409;1424;1475;1483;1530;1532;1551;1554;1631;1656;1668;1697;1722;1750;1777;1843;1873;1876;1907;1946;1952",1819,-0.259986242231596,-0.143204095921568,0.143204095921568,1.2262499058837,TRUE,TRUE,
"10_TPoI","tableA5_price_support_distribution_information","T1",71,0.0390324354040682,"Decrease",-0.116782146310028,-0.262401607571765,-0.145619461261737,0.145619461261737,1.24693256514702,TRUE,,TRUE,"11;12;17;33;39;52;55;58;61;75;113;116;177;180;192;199;202;225;232;243;285;301;312;349;359;396;401;404;451;540;639;642;683;689;704;707;731;771;794;806;807;810;838;880;899;945;949;979;1083;1093;1108;1145;1153;1189;1191;1204;1206;1267;1285;1294;1315;1337;1358;1380;1424;1447;1450;1479;1513;1516;1524","16;17;26;45;54;69;72;77;82;98;147;150;230;233;247;256;260;285;292;306;364;387;400;450;463;510;518;522;579;696;828;831;880;887;908;911;938;986;1017;1031;1032;1036;1071;1130;1156;1218;1222;1264;1398;1409;1424;1475;1483;1530;1532;1551;1554;1631;1656;1668;1697;1722;1750;1777;1843;1873;1876;1907;1946;1952;1963",1819,-0.262401607571765,-0.145619461261737,0.145619461261737,1.24693256514702,TRUE,TRUE,
"10_TPoI","tableA5_price_support_distribution_information","T1",72,0.0395821880153931,"Decrease",-0.116782146310028,-0.26482929620446,-0.148047149894433,0.148047149894433,1.26772074818187,TRUE,,TRUE,"11;12;17;33;39;52;55;58;61;75;113;116;177;180;192;199;202;225;232;243;285;301;312;349;359;396;401;404;451;540;639;642;683;689;704;707;731;771;794;806;807;810;838;880;899;945;949;979;1083;1093;1108;1145;1153;1189;1191;1204;1206;1267;1285;1294;1315;1337;1358;1380;1424;1447;1450;1479;1513;1516;1524;1543","16;17;26;45;54;69;72;77;82;98;147;150;230;233;247;256;260;285;292;306;364;387;400;450;463;510;518;522;579;696;828;831;880;887;908;911;938;986;1017;1031;1032;1036;1071;1130;1156;1218;1222;1264;1398;1409;1424;1475;1483;1530;1532;1551;1554;1631;1656;1668;1697;1722;1750;1777;1843;1873;1876;1907;1946;1952;1963;1988",1819,-0.26482929620446,-0.148047149894433,0.148047149894433,1.26772074818187,TRUE,TRUE,
"10_TPoI","tableA5_price_support_distribution_information","T1",73,0.040131940626718,"Decrease",-0.116782146310028,-0.267269402681833,-0.150487256371805,0.150487256371805,1.28861526463385,TRUE,,TRUE,"11;12;17;33;39;52;55;58;61;75;113;116;177;180;192;199;202;225;232;243;285;301;312;349;359;396;401;404;451;540;639;642;683;689;704;707;731;771;794;806;807;810;838;880;899;945;949;979;1083;1093;1108;1145;1153;1189;1191;1204;1206;1267;1285;1294;1315;1337;1358;1380;1424;1447;1450;1479;1513;1516;1524;1543;1563","16;17;26;45;54;69;72;77;82;98;147;150;230;233;247;256;260;285;292;306;364;387;400;450;463;510;518;522;579;696;828;831;880;887;908;911;938;986;1017;1031;1032;1036;1071;1130;1156;1218;1222;1264;1398;1409;1424;1475;1483;1530;1532;1551;1554;1631;1656;1668;1697;1722;1750;1777;1843;1873;1876;1907;1946;1952;1963;1988;2012",1819,-0.267269402681833,-0.150487256371805,0.150487256371805,1.28861526463385,TRUE,TRUE,
"10_TPoI","tableA5_price_support_distribution_information","T1",74,0.0406816932380429,"Decrease",-0.116782146310028,-0.269722022525761,-0.152939876215733,0.152939876215733,1.30961693245229,TRUE,,TRUE,"11;12;17;33;39;52;55;58;61;75;113;116;177;180;192;199;202;225;232;243;285;301;312;349;359;396;401;404;451;540;639;642;683;689;704;707;731;771;794;806;807;810;838;880;899;945;949;979;1083;1093;1108;1145;1153;1189;1191;1204;1206;1267;1285;1294;1315;1337;1358;1380;1424;1447;1450;1479;1513;1516;1524;1543;1563;1586","16;17;26;45;54;69;72;77;82;98;147;150;230;233;247;256;260;285;292;306;364;387;400;450;463;510;518;522;579;696;828;831;880;887;908;911;938;986;1017;1031;1032;1036;1071;1130;1156;1218;1222;1264;1398;1409;1424;1475;1483;1530;1532;1551;1554;1631;1656;1668;1697;1722;1750;1777;1843;1873;1876;1907;1946;1952;1963;1988;2012;2050",1819,-0.269722022525761,-0.152939876215733,0.152939876215733,1.30961693245229,TRUE,TRUE,
"10_TPoI","tableA5_price_support_distribution_information","T1",75,0.0412314458493678,"Decrease",-0.116782146310028,-0.272187252240345,-0.155405105930318,0.155405105930318,1.33072657799725,TRUE,,TRUE,"11;12;17;33;39;52;55;58;61;75;113;116;177;180;192;199;202;225;232;243;285;301;312;349;359;396;401;404;451;540;639;642;683;689;704;707;731;771;794;806;807;810;838;880;899;945;949;979;1083;1093;1108;1145;1153;1189;1191;1204;1206;1267;1285;1294;1315;1337;1358;1380;1424;1447;1450;1479;1513;1516;1524;1543;1563;1586;1606","16;17;26;45;54;69;72;77;82;98;147;150;230;233;247;256;260;285;292;306;364;387;400;450;463;510;518;522;579;696;828;831;880;887;908;911;938;986;1017;1031;1032;1036;1071;1130;1156;1218;1222;1264;1398;1409;1424;1475;1483;1530;1532;1551;1554;1631;1656;1668;1697;1722;1750;1777;1843;1873;1876;1907;1946;1952;1963;1988;2012;2050;2076",1819,-0.272187252240345,-0.155405105930318,0.155405105930318,1.33072657799725,TRUE,TRUE,
"10_TPoI","tableA5_price_support_distribution_information","T1",76,0.0417811984606927,"Decrease",-0.116782146310028,-0.274665189324604,-0.157883043014577,0.157883043014577,1.35194503614822,TRUE,,TRUE,"11;12;17;33;39;52;55;58;61;75;113;116;177;180;192;199;202;225;232;243;285;301;312;349;359;396;401;404;451;540;639;642;683;689;704;707;731;771;794;806;807;810;838;880;899;945;949;979;1083;1093;1108;1145;1153;1189;1191;1204;1206;1267;1285;1294;1315;1337;1358;1380;1424;1447;1450;1479;1513;1516;1524;1543;1563;1586;1606;1625","16;17;26;45;54;69;72;77;82;98;147;150;230;233;247;256;260;285;292;306;364;387;400;450;463;510;518;522;579;696;828;831;880;887;908;911;938;986;1017;1031;1032;1036;1071;1130;1156;1218;1222;1264;1398;1409;1424;1475;1483;1530;1532;1551;1554;1631;1656;1668;1697;1722;1750;1777;1843;1873;1876;1907;1946;1952;1963;1988;2012;2050;2076;2101",1819,-0.274665189324604,-0.157883043014577,0.157883043014577,1.35194503614822,TRUE,TRUE,
"10_TPoI","tableA5_price_support_distribution_information","T1",77,0.0423309510720176,"Decrease",-0.116782146310028,-0.277155932285244,-0.160373785975216,0.160373785975216,1.37327315041345,TRUE,,TRUE,"11;12;17;33;39;52;55;58;61;75;113;116;177;180;192;199;202;225;232;243;285;301;312;349;359;396;401;404;451;540;639;642;683;689;704;707;731;771;794;806;807;810;838;880;899;945;949;979;1083;1093;1108;1145;1153;1189;1191;1204;1206;1267;1285;1294;1315;1337;1358;1380;1424;1447;1450;1479;1513;1516;1524;1543;1563;1586;1606;1625;1630","16;17;26;45;54;69;72;77;82;98;147;150;230;233;247;256;260;285;292;306;364;387;400;450;463;510;518;522;579;696;828;831;880;887;908;911;938;986;1017;1031;1032;1036;1071;1130;1156;1218;1222;1264;1398;1409;1424;1475;1483;1530;1532;1551;1554;1631;1656;1668;1697;1722;1750;1777;1843;1873;1876;1907;1946;1952;1963;1988;2012;2050;2076;2101;2107",1819,-0.277155932285244,-0.160373785975216,0.160373785975216,1.37327315041345,TRUE,TRUE,
"10_TPoI","tableA5_price_support_distribution_information","T1",78,0.0428807036833425,"Decrease",-0.116782146310028,-0.279659580649846,-0.162877434339819,0.162877434339819,1.39471177304294,TRUE,,TRUE,"11;12;17;33;39;52;55;58;61;75;113;116;177;180;192;199;202;225;232;243;285;301;312;349;359;396;401;404;451;540;639;642;683;689;704;707;731;771;794;806;807;810;838;880;899;945;949;979;1083;1093;1108;1145;1153;1189;1191;1204;1206;1267;1285;1294;1315;1337;1358;1380;1424;1447;1450;1479;1513;1516;1524;1543;1563;1586;1606;1625;1630;1636","16;17;26;45;54;69;72;77;82;98;147;150;230;233;247;256;260;285;292;306;364;387;400;450;463;510;518;522;579;696;828;831;880;887;908;911;938;986;1017;1031;1032;1036;1071;1130;1156;1218;1222;1264;1398;1409;1424;1475;1483;1530;1532;1551;1554;1631;1656;1668;1697;1722;1750;1777;1843;1873;1876;1907;1946;1952;1963;1988;2012;2050;2076;2101;2107;2114",1819,-0.279659580649846,-0.162877434339819,0.162877434339819,1.39471177304294,TRUE,TRUE,
"10_TPoI","tableA5_price_support_distribution_information","T1",79,0.0434304562946674,"Decrease",-0.116782146310028,-0.282176234979968,-0.165394088669941,0.165394088669941,1.41626176514054,TRUE,,TRUE,"11;12;17;33;39;52;55;58;61;75;113;116;177;180;192;199;202;225;232;243;285;301;312;349;359;396;401;404;451;540;639;642;683;689;704;707;731;771;794;806;807;810;838;880;899;945;949;979;1083;1093;1108;1145;1153;1189;1191;1204;1206;1267;1285;1294;1315;1337;1358;1380;1424;1447;1450;1479;1513;1516;1524;1543;1563;1586;1606;1625;1630;1636;1641","16;17;26;45;54;69;72;77;82;98;147;150;230;233;247;256;260;285;292;306;364;387;400;450;463;510;518;522;579;696;828;831;880;887;908;911;938;986;1017;1031;1032;1036;1071;1130;1156;1218;1222;1264;1398;1409;1424;1475;1483;1530;1532;1551;1554;1631;1656;1668;1697;1722;1750;1777;1843;1873;1876;1907;1946;1952;1963;1988;2012;2050;2076;2101;2107;2114;2122",1819,-0.282176234979968,-0.165394088669941,0.165394088669941,1.41626176514054,TRUE,TRUE,
"10_TPoI","tableA5_price_support_distribution_information","T1",80,0.0439802089059923,"Decrease",-0.116782146310028,-0.284705996884737,-0.167923850574709,0.167923850574709,1.4379239967804,TRUE,,TRUE,"11;12;17;33;39;52;55;58;61;75;113;116;177;180;192;199;202;225;232;243;285;301;312;349;359;396;401;404;451;540;639;642;683;689;704;707;731;771;794;806;807;810;838;880;899;945;949;979;1083;1093;1108;1145;1153;1189;1191;1204;1206;1267;1285;1294;1315;1337;1358;1380;1424;1447;1450;1479;1513;1516;1524;1543;1563;1586;1606;1625;1630;1636;1641;1669","16;17;26;45;54;69;72;77;82;98;147;150;230;233;247;256;260;285;292;306;364;387;400;450;463;510;518;522;579;696;828;831;880;887;908;911;938;986;1017;1031;1032;1036;1071;1130;1156;1218;1222;1264;1398;1409;1424;1475;1483;1530;1532;1551;1554;1631;1656;1668;1697;1722;1750;1777;1843;1873;1876;1907;1946;1952;1963;1988;2012;2050;2076;2101;2107;2114;2122;2154",1819,-0.284705996884737,-0.167923850574709,0.167923850574709,1.4379239967804,TRUE,TRUE,
"10_TPoI","tableA5_price_support_distribution_information","T1",81,0.0445299615173172,"Decrease",-0.116782146310028,-0.287248969034441,-0.170466822724414,0.170466822724414,1.45969934712337,TRUE,,TRUE,"11;12;17;33;39;52;55;58;61;75;113;116;177;180;192;199;202;225;232;243;285;301;312;349;359;396;401;404;451;540;639;642;683;689;704;707;731;771;794;806;807;810;838;880;899;945;949;979;1083;1093;1108;1145;1153;1189;1191;1204;1206;1267;1285;1294;1315;1337;1358;1380;1424;1447;1450;1479;1513;1516;1524;1543;1563;1586;1606;1625;1630;1636;1641;1669;1685","16;17;26;45;54;69;72;77;82;98;147;150;230;233;247;256;260;285;292;306;364;387;400;450;463;510;518;522;579;696;828;831;880;887;908;911;938;986;1017;1031;1032;1036;1071;1130;1156;1218;1222;1264;1398;1409;1424;1475;1483;1530;1532;1551;1554;1631;1656;1668;1697;1722;1750;1777;1843;1873;1876;1907;1946;1952;1963;1988;2012;2050;2076;2101;2107;2114;2122;2154;2175",1819,-0.287248969034441,-0.170466822724414,0.170466822724414,1.45969934712337,TRUE,TRUE,
"10_TPoI","tableA5_price_support_distribution_information","T1",82,0.0450797141286421,"Decrease",-0.116782146310028,-0.289805255174442,-0.173023108864415,0.173023108864415,1.48158870453606,TRUE,,TRUE,"11;12;17;33;39;52;55;58;61;75;113;116;177;180;192;199;202;225;232;243;285;301;312;349;359;396;401;404;451;540;639;642;683;689;704;707;731;771;794;806;807;810;838;880;899;945;949;979;1083;1093;1108;1145;1153;1189;1191;1204;1206;1267;1285;1294;1315;1337;1358;1380;1424;1447;1450;1479;1513;1516;1524;1543;1563;1586;1606;1625;1630;1636;1641;1669;1685;1690","16;17;26;45;54;69;72;77;82;98;147;150;230;233;247;256;260;285;292;306;364;387;400;450;463;510;518;522;579;696;828;831;880;887;908;911;938;986;1017;1031;1032;1036;1071;1130;1156;1218;1222;1264;1398;1409;1424;1475;1483;1530;1532;1551;1554;1631;1656;1668;1697;1722;1750;1777;1843;1873;1876;1907;1946;1952;1963;1988;2012;2050;2076;2101;2107;2114;2122;2154;2175;2182",1819,-0.289805255174442,-0.173023108864415,0.173023108864415,1.48158870453606,TRUE,TRUE,
"10_TPoI","tableA5_price_support_distribution_information","T1",83,0.045629466739967,"Decrease",-0.116782146310028,-0.292374960139329,-0.175592813829301,0.175592813829301,1.5035929667121,TRUE,,TRUE,"11;12;17;33;39;52;55;58;61;75;113;116;177;180;192;199;202;225;232;243;285;301;312;349;359;396;401;404;451;540;639;642;683;689;704;707;731;771;794;806;807;810;838;880;899;945;949;979;1083;1093;1108;1145;1153;1189;1191;1204;1206;1267;1285;1294;1315;1337;1358;1380;1424;1447;1450;1479;1513;1516;1524;1543;1563;1586;1606;1625;1630;1636;1641;1669;1685;1690;1737","16;17;26;45;54;69;72;77;82;98;147;150;230;233;247;256;260;285;292;306;364;387;400;450;463;510;518;522;579;696;828;831;880;887;908;911;938;986;1017;1031;1032;1036;1071;1130;1156;1218;1222;1264;1398;1409;1424;1475;1483;1530;1532;1551;1554;1631;1656;1668;1697;1722;1750;1777;1843;1873;1876;1907;1946;1952;1963;1988;2012;2050;2076;2101;2107;2114;2122;2154;2175;2182;2243",1819,-0.292374960139329,-0.175592813829301,0.175592813829301,1.5035929667121,TRUE,TRUE,
"10_TPoI","tableA5_price_support_distribution_information","T1",84,0.0461792193512919,"Decrease",-0.116782146310028,-0.294958189867177,-0.17817604355715,0.17817604355715,1.52571304079424,TRUE,,TRUE,"11;12;17;33;39;52;55;58;61;75;113;116;177;180;192;199;202;225;232;243;285;301;312;349;359;396;401;404;451;540;639;642;683;689;704;707;731;771;794;806;807;810;838;880;899;945;949;979;1083;1093;1108;1145;1153;1189;1191;1204;1206;1267;1285;1294;1315;1337;1358;1380;1424;1447;1450;1479;1513;1516;1524;1543;1563;1586;1606;1625;1630;1636;1641;1669;1685;1690;1737;1740","16;17;26;45;54;69;72;77;82;98;147;150;230;233;247;256;260;285;292;306;364;387;400;450;463;510;518;522;579;696;828;831;880;887;908;911;938;986;1017;1031;1032;1036;1071;1130;1156;1218;1222;1264;1398;1409;1424;1475;1483;1530;1532;1551;1554;1631;1656;1668;1697;1722;1750;1777;1843;1873;1876;1907;1946;1952;1963;1988;2012;2050;2076;2101;2107;2114;2122;2154;2175;2182;2243;2248",1819,-0.294958189867177,-0.17817604355715,0.17817604355715,1.52571304079424,TRUE,TRUE,
"10_TPoI","tableA5_price_support_distribution_information","T1",85,0.0467289719626168,"Decrease",-0.116782146310028,-0.2975550514142,-0.180772905104172,0.180772905104172,1.54794984349975,TRUE,,TRUE,"11;12;17;33;39;52;55;58;61;75;113;116;177;180;192;199;202;225;232;243;285;301;312;349;359;396;401;404;451;540;639;642;683;689;704;707;731;771;794;806;807;810;838;880;899;945;949;979;1083;1093;1108;1145;1153;1189;1191;1204;1206;1267;1285;1294;1315;1337;1358;1380;1424;1447;1450;1479;1513;1516;1524;1543;1563;1586;1606;1625;1630;1636;1641;1669;1685;1690;1737;1740;1743","16;17;26;45;54;69;72;77;82;98;147;150;230;233;247;256;260;285;292;306;364;387;400;450;463;510;518;522;579;696;828;831;880;887;908;911;938;986;1017;1031;1032;1036;1071;1130;1156;1218;1222;1264;1398;1409;1424;1475;1483;1530;1532;1551;1554;1631;1656;1668;1697;1722;1750;1777;1843;1873;1876;1907;1946;1952;1963;1988;2012;2050;2076;2101;2107;2114;2122;2154;2175;2182;2243;2248;2251",1819,-0.2975550514142,-0.180772905104172,0.180772905104172,1.54794984349975,TRUE,TRUE,
"10_TPoI","tableA5_price_support_distribution_information","T1",86,0.0472787245739417,"Decrease",-0.116782146310028,-0.300165652969385,-0.183383506659358,0.183383506659358,1.57030430124584,TRUE,,TRUE,"11;12;17;33;39;52;55;58;61;75;113;116;177;180;192;199;202;225;232;243;285;301;312;349;359;396;401;404;451;540;639;642;683;689;704;707;731;771;794;806;807;810;838;880;899;945;949;979;1083;1093;1108;1145;1153;1189;1191;1204;1206;1267;1285;1294;1315;1337;1358;1380;1424;1447;1450;1479;1513;1516;1524;1543;1563;1586;1606;1625;1630;1636;1641;1669;1685;1690;1737;1740;1743;1747","16;17;26;45;54;69;72;77;82;98;147;150;230;233;247;256;260;285;292;306;364;387;400;450;463;510;518;522;579;696;828;831;880;887;908;911;938;986;1017;1031;1032;1036;1071;1130;1156;1218;1222;1264;1398;1409;1424;1475;1483;1530;1532;1551;1554;1631;1656;1668;1697;1722;1750;1777;1843;1873;1876;1907;1946;1952;1963;1988;2012;2050;2076;2101;2107;2114;2122;2154;2175;2182;2243;2248;2251;2256",1819,-0.300165652969385,-0.183383506659358,0.183383506659358,1.57030430124584,TRUE,TRUE,
"10_TPoI","tableA5_price_support_distribution_information","T1",87,0.0478284771852666,"Decrease",-0.116782146310028,-0.302790103869706,-0.186007957559678,0.186007957559678,1.59277735027984,TRUE,,TRUE,"11;12;17;33;39;52;55;58;61;75;113;116;177;180;192;199;202;225;232;243;285;301;312;349;359;396;401;404;451;540;639;642;683;689;704;707;731;771;794;806;807;810;838;880;899;945;949;979;1083;1093;1108;1145;1153;1189;1191;1204;1206;1267;1285;1294;1315;1337;1358;1380;1424;1447;1450;1479;1513;1516;1524;1543;1563;1586;1606;1625;1630;1636;1641;1669;1685;1690;1737;1740;1743;1747;1774","16;17;26;45;54;69;72;77;82;98;147;150;230;233;247;256;260;285;292;306;364;387;400;450;463;510;518;522;579;696;828;831;880;887;908;911;938;986;1017;1031;1032;1036;1071;1130;1156;1218;1222;1264;1398;1409;1424;1475;1483;1530;1532;1551;1554;1631;1656;1668;1697;1722;1750;1777;1843;1873;1876;1907;1946;1952;1963;1988;2012;2050;2076;2101;2107;2114;2122;2154;2175;2182;2243;2248;2251;2256;2293",1819,-0.302790103869706,-0.186007957559678,0.186007957559678,1.59277735027984,TRUE,TRUE,
"10_TPoI","tableA5_price_support_distribution_information","T1",88,0.0483782297965915,"Decrease",-0.116782146310028,-0.305428514615236,-0.188646368305208,0.188646368305208,1.61536993680865,TRUE,,TRUE,"11;12;17;33;39;52;55;58;61;75;113;116;177;180;192;199;202;225;232;243;285;301;312;349;359;396;401;404;451;540;639;642;683;689;704;707;731;771;794;806;807;810;838;880;899;945;949;979;1083;1093;1108;1145;1153;1189;1191;1204;1206;1267;1285;1294;1315;1337;1358;1380;1424;1447;1450;1479;1513;1516;1524;1543;1563;1586;1606;1625;1630;1636;1641;1669;1685;1690;1737;1740;1743;1747;1774;1786","16;17;26;45;54;69;72;77;82;98;147;150;230;233;247;256;260;285;292;306;364;387;400;450;463;510;518;522;579;696;828;831;880;887;908;911;938;986;1017;1031;1032;1036;1071;1130;1156;1218;1222;1264;1398;1409;1424;1475;1483;1530;1532;1551;1554;1631;1656;1668;1697;1722;1750;1777;1843;1873;1876;1907;1946;1952;1963;1988;2012;2050;2076;2101;2107;2114;2122;2154;2175;2182;2243;2248;2251;2256;2293;2308",1819,-0.305428514615236,-0.188646368305208,0.188646368305208,1.61536993680865,TRUE,TRUE,
"10_TPoI","tableA5_price_support_distribution_information","T1",89,0.0489279824079164,"Decrease",-0.116782146310028,-0.308080996884726,-0.191298850574698,0.191298850574698,1.63808301713215,TRUE,,TRUE,"11;12;17;33;39;52;55;58;61;75;113;116;177;180;192;199;202;225;232;243;285;301;312;349;359;396;401;404;451;540;639;642;683;689;704;707;731;771;794;806;807;810;838;880;899;945;949;979;1083;1093;1108;1145;1153;1189;1191;1204;1206;1267;1285;1294;1315;1337;1358;1380;1424;1447;1450;1479;1513;1516;1524;1543;1563;1586;1606;1625;1630;1636;1641;1669;1685;1690;1737;1740;1743;1747;1774;1786;1810","16;17;26;45;54;69;72;77;82;98;147;150;230;233;247;256;260;285;292;306;364;387;400;450;463;510;518;522;579;696;828;831;880;887;908;911;938;986;1017;1031;1032;1036;1071;1130;1156;1218;1222;1264;1398;1409;1424;1475;1483;1530;1532;1551;1554;1631;1656;1668;1697;1722;1750;1777;1843;1873;1876;1907;1946;1952;1963;1988;2012;2050;2076;2101;2107;2114;2122;2154;2175;2182;2243;2248;2251;2256;2293;2308;2338",1819,-0.308080996884726,-0.191298850574698,0.191298850574698,1.63808301713215,TRUE,TRUE,
"10_TPoI","tableA5_price_support_distribution_information","T1",90,0.0494777350192413,"Decrease",-0.116782146310028,-0.310747663551407,-0.193965517241379,0.193965517241379,1.66091755777847,TRUE,,TRUE,"11;12;17;33;39;52;55;58;61;75;113;116;177;180;192;199;202;225;232;243;285;301;312;349;359;396;401;404;451;540;639;642;683;689;704;707;731;771;794;806;807;810;838;880;899;945;949;979;1083;1093;1108;1145;1153;1189;1191;1204;1206;1267;1285;1294;1315;1337;1358;1380;1424;1447;1450;1479;1513;1516;1524;1543;1563;1586;1606;1625;1630;1636;1641;1669;1685;1690;1737;1740;1743;1747;1774;1786;1810;1818","16;17;26;45;54;69;72;77;82;98;147;150;230;233;247;256;260;285;292;306;364;387;400;450;463;510;518;522;579;696;828;831;880;887;908;911;938;986;1017;1031;1032;1036;1071;1130;1156;1218;1222;1264;1398;1409;1424;1475;1483;1530;1532;1551;1554;1631;1656;1668;1697;1722;1750;1777;1843;1873;1876;1907;1946;1952;1963;1988;2012;2050;2076;2101;2107;2114;2122;2154;2175;2182;2243;2248;2251;2256;2293;2308;2338;2346",1819,-0.310747663551407,-0.193965517241379,0.193965517241379,1.66091755777847,TRUE,TRUE,
