"study_id","estimand_id","target","k","removal_fraction","direction","beta_original","beta_mis","delta_mis","abs_delta_mis","relative_change_mis","valid_mis","refit_error_mis","nested_mis","mis_positions","mis_ids","N","beta_after","delta_beta","abs_delta_beta","relative_change","nested","valid_refit","refit_error"
"07_SwSIiUS","table2_treated_signup_neighbor_high","neighbor_high",1,0.000266169816342827,"Increase",-0.00975871055537053,-0.0102125414308441,-0.000453830875473576,0.000453830875473576,0.0465052091563284,TRUE,,,"1503","1809",3757,-0.0102125414308441,-0.000453830875473576,0.000453830875473576,0.0465052091563284,,TRUE,
"07_SwSIiUS","table2_treated_signup_neighbor_high","neighbor_high",2,0.000532339632685653,"Increase",-0.00975871055537053,-0.0106141055918741,-0.000855395036503609,0.000855395036503609,0.0876545145642072,TRUE,,TRUE,"1503;726","1809;873",3757,-0.0106141055918741,-0.000855395036503609,0.000855395036503609,0.0876545145642072,TRUE,TRUE,
"07_SwSIiUS","table2_treated_signup_neighbor_high","neighbor_high",3,0.00079850944902848,"Increase",-0.00975871055537053,-0.010981424168483,-0.00122271361311248,0.00122271361311248,0.125294587453419,TRUE,,TRUE,"1503;726;368","1809;873;440",3757,-0.010981424168483,-0.00122271361311248,0.00122271361311248,0.125294587453419,TRUE,TRUE,
"07_SwSIiUS","table2_treated_signup_neighbor_high","neighbor_high",4,0.00106467926537131,"Increase",-0.00975871055537053,-0.0113360432311791,-0.00157733267580861,0.00157733267580861,0.161633308710089,TRUE,,TRUE,"1503;726;368;99","1809;873;440;120",3757,-0.0113360432311791,-0.00157733267580861,0.00157733267580861,0.161633308710089,TRUE,TRUE,
"07_SwSIiUS","table2_treated_signup_neighbor_high","neighbor_high",5,0.00133084908171413,"Increase",-0.00975871055537053,-0.011663556585128,-0.00190484602975747,0.00190484602975747,0.195194438747768,TRUE,,TRUE,"1503;726;368;99;2063","1809;873;440;120;2485",3757,-0.011663556585128,-0.00190484602975747,0.00190484602975747,0.195194438747768,TRUE,TRUE,
"07_SwSIiUS","table2_treated_signup_neighbor_high","neighbor_high",6,0.00159701889805696,"Increase",-0.00975871055537053,-0.0119768338317905,-0.00221812327641997,0.00221812327641997,0.227296758504561,TRUE,,TRUE,"1503;726;368;99;2063;2171","1809;873;440;120;2485;2614",3757,-0.0119768338317905,-0.00221812327641997,0.00221812327641997,0.227296758504561,TRUE,TRUE,
"07_SwSIiUS","table2_treated_signup_neighbor_high","neighbor_high",7,0.00186318871439979,"Increase",-0.00975871055537053,-0.0122812226835728,-0.00252251212820224,0.00252251212820224,0.258488261731876,TRUE,,TRUE,"1503;726;368;99;2063;2171;3655","1809;873;440;120;2485;2614;4400",3757,-0.0122812226835728,-0.00252251212820224,0.00252251212820224,0.258488261731876,TRUE,TRUE,
"07_SwSIiUS","table2_treated_signup_neighbor_high","neighbor_high",8,0.00212935853074261,"Increase",-0.00975871055537053,-0.0125811894495976,-0.00282247889422709,0.00282247889422709,0.289226622535063,TRUE,,TRUE,"1503;726;368;99;2063;2171;3655;2057","1809;873;440;120;2485;2614;4400;2477",3757,-0.0125811894495976,-0.00282247889422709,0.00282247889422709,0.289226622535063,TRUE,TRUE,
"07_SwSIiUS","table2_treated_signup_neighbor_high","neighbor_high",9,0.00239552834708544,"Increase",-0.00975871055537053,-0.0128835983128524,-0.00312488775748185,0.00312488775748185,0.320215231279928,TRUE,,TRUE,"1503;726;368;99;2063;2171;3655;2057;3657","1809;873;440;120;2485;2614;4400;2477;4402",3757,-0.0128835983128524,-0.00312488775748185,0.00312488775748185,0.320215231279928,TRUE,TRUE,
"07_SwSIiUS","table2_treated_signup_neighbor_high","neighbor_high",10,0.00266169816342827,"Increase",-0.00975871055537053,-0.0131793857250718,-0.00342067516970127,0.00342067516970127,0.350525323022186,TRUE,,TRUE,"1503;726;368;99;2063;2171;3655;2057;3657;1762","1809;873;440;120;2485;2614;4400;2477;4402;2123",3757,-0.0131793857250718,-0.00342067516970127,0.00342067516970127,0.350525323022186,TRUE,TRUE,
"07_SwSIiUS","table2_treated_signup_neighbor_high","neighbor_high",11,0.00292786797977109,"Increase",-0.00975871055537053,-0.0134752407292318,-0.00371653017386124,0.00371653017386124,0.380842341083261,TRUE,,TRUE,"1503;726;368;99;2063;2171;3655;2057;3657;1762;3375","1809;873;440;120;2485;2614;4400;2477;4402;2123;4062",3757,-0.0134752407292318,-0.00371653017386124,0.00371653017386124,0.380842341083261,TRUE,TRUE,
"07_SwSIiUS","table2_treated_signup_neighbor_high","neighbor_high",12,0.00319403779611392,"Increase",-0.00975871055537053,-0.0137752108374924,-0.00401650028212188,0.00401650028212188,0.411581044373887,TRUE,,TRUE,"1503;726;368;99;2063;2171;3655;2057;3657;1762;3375;2212","1809;873;440;120;2485;2614;4400;2477;4402;2123;4062;2661",3757,-0.0137752108374924,-0.00401650028212188,0.00401650028212188,0.411581044373887,TRUE,TRUE,
"07_SwSIiUS","table2_treated_signup_neighbor_high","neighbor_high",13,0.00346020761245675,"Increase",-0.00975871055537053,-0.0140679418677837,-0.00430923131241313,0.00430923131241313,0.441577940852198,TRUE,,TRUE,"1503;726;368;99;2063;2171;3655;2057;3657;1762;3375;2212;3578","1809;873;440;120;2485;2614;4400;2477;4402;2123;4062;2661;4307",3757,-0.0140679418677837,-0.00430923131241313,0.00430923131241313,0.441577940852198,TRUE,TRUE,
"07_SwSIiUS","table2_treated_signup_neighbor_high","neighbor_high",14,0.00372637742879957,"Increase",-0.00975871055537053,-0.0143598353299754,-0.0046011247746049,0.0046011247746049,0.471489009587722,TRUE,,TRUE,"1503;726;368;99;2063;2171;3655;2057;3657;1762;3375;2212;3578;374","1809;873;440;120;2485;2614;4400;2477;4402;2123;4062;2661;4307;448",3757,-0.0143598353299754,-0.0046011247746049,0.0046011247746049,0.471489009587722,TRUE,TRUE,
"07_SwSIiUS","table2_treated_signup_neighbor_high","neighbor_high",15,0.0039925472451424,"Increase",-0.00975871055537053,-0.014646626491864,-0.00488791593649343,0.00488791593649343,0.500877232576947,TRUE,,TRUE,"1503;726;368;99;2063;2171;3655;2057;3657;1762;3375;2212;3578;374;511","1809;873;440;120;2485;2614;4400;2477;4402;2123;4062;2661;4307;448;612",3757,-0.014646626491864,-0.00488791593649343,0.00488791593649343,0.500877232576947,TRUE,TRUE,
"07_SwSIiUS","table2_treated_signup_neighbor_high","neighbor_high",16,0.00425871706148523,"Increase",-0.00975871055537053,-0.0149302869055995,-0.00517157635022896,0.00517157635022896,0.529944639805192,TRUE,,TRUE,"1503;726;368;99;2063;2171;3655;2057;3657;1762;3375;2212;3578;374;511;2873","1809;873;440;120;2485;2614;4400;2477;4402;2123;4062;2661;4307;448;612;3455",3757,-0.0149302869055995,-0.00517157635022896,0.00517157635022896,0.529944639805192,TRUE,TRUE,
"07_SwSIiUS","table2_treated_signup_neighbor_high","neighbor_high",17,0.00452488687782805,"Increase",-0.00975871055537053,-0.0152177311112549,-0.00545902055588438,0.00545902055588438,0.559399781857461,TRUE,,TRUE,"1503;726;368;99;2063;2171;3655;2057;3657;1762;3375;2212;3578;374;511;2873;377","1809;873;440;120;2485;2614;4400;2477;4402;2123;4062;2661;4307;448;612;3455;451",3757,-0.0152177311112549,-0.00545902055588438,0.00545902055588438,0.559399781857461,TRUE,TRUE,
"07_SwSIiUS","table2_treated_signup_neighbor_high","neighbor_high",18,0.00479105669417088,"Increase",-0.00975871055537053,-0.0155030111104315,-0.00574430055506098,0.00574430055506098,0.588633152143211,TRUE,,TRUE,"1503;726;368;99;2063;2171;3655;2057;1762;3657;3375;2212;3578;374;511;377;2873;1000","1809;873;440;120;2485;2614;4400;2477;2123;4402;4062;2661;4307;448;612;451;3455;1204",3757,-0.0155030111104315,-0.00574430055506098,0.00574430055506098,0.588633152143211,TRUE,TRUE,
"07_SwSIiUS","table2_treated_signup_neighbor_high","neighbor_high",19,0.00505722651051371,"Increase",-0.00975871055537053,-0.0157881311882342,-0.00602942063286364,0.00602942063286364,0.617850134877241,TRUE,,TRUE,"1503;726;368;99;2063;2171;3655;2057;1762;3657;3375;2212;3578;374;511;377;2873;1000;3492","1809;873;440;120;2485;2614;4400;2477;2123;4402;4062;2661;4307;448;612;451;3455;1204;4201",3757,-0.0157881311882342,-0.00602942063286364,0.00602942063286364,0.617850134877241,TRUE,TRUE,
"07_SwSIiUS","table2_treated_signup_neighbor_high","neighbor_high",20,0.00532339632685653,"Increase",-0.00975871055537053,-0.0160717542252077,-0.00631304366983721,0.00631304366983721,0.646913712013206,TRUE,,TRUE,"1503;726;368;99;2063;2171;3655;2057;1762;3657;3375;2212;3578;374;511;377;2873;1000;3492;1270","1809;873;440;120;2485;2614;4400;2477;2123;4402;4062;2661;4307;448;612;451;3455;1204;4201;1529",3757,-0.0160717542252077,-0.00631304366983721,0.00631304366983721,0.646913712013206,TRUE,TRUE,
"07_SwSIiUS","table2_treated_signup_neighbor_high","neighbor_high",21,0.00558956614319936,"Increase",-0.00975871055537053,-0.0163544209041357,-0.0065957103487652,0.0065957103487652,0.675879288697149,TRUE,,TRUE,"1503;726;368;99;2063;2171;3655;2057;1762;3657;3375;2212;3578;374;511;377;2873;1000;3492;1270;2957","1809;873;440;120;2485;2614;4400;2477;2123;4402;4062;2661;4307;448;612;451;3455;1204;4201;1529;3558",3757,-0.0163544209041357,-0.0065957103487652,0.0065957103487652,0.675879288697149,TRUE,TRUE,
"07_SwSIiUS","table2_treated_signup_neighbor_high","neighbor_high",22,0.00585573595954219,"Increase",-0.00975871055537053,-0.0166386480931844,-0.00687993753781385,0.00687993753781385,0.705004774839602,TRUE,,TRUE,"1503;726;368;99;2063;2171;3655;2057;1762;3657;3375;2212;3578;374;511;377;2873;1000;3492;1270;2957;3350","1809;873;440;120;2485;2614;4400;2477;2123;4402;4062;2661;4307;448;612;451;3455;1204;4201;1529;3558;4030",3757,-0.0166386480931844,-0.00687993753781385,0.00687993753781385,0.705004774839602,TRUE,TRUE,
"07_SwSIiUS","table2_treated_signup_neighbor_high","neighbor_high",23,0.00612190577588501,"Increase",-0.00975871055537053,-0.0169243066384093,-0.00716559608303872,0.00716559608303872,0.734276935705944,TRUE,,TRUE,"1503;726;368;99;2063;2171;3655;2057;1762;3657;3375;3578;2212;374;511;377;2873;1000;3492;1270;2957;3350;2643","1809;873;440;120;2485;2614;4400;2477;2123;4402;4062;4307;2661;448;612;451;3455;1204;4201;1529;3558;4030;3178",3757,-0.0169243066384093,-0.00716559608303872,0.00716559608303872,0.734276935705944,TRUE,TRUE,
"07_SwSIiUS","table2_treated_signup_neighbor_high","neighbor_high",24,0.00638807559222784,"Increase",-0.00975871055537053,-0.0172053984743462,-0.00744668791897564,0.00744668791897564,0.763081134205532,TRUE,,TRUE,"1503;726;368;99;2063;2171;3655;2057;1762;3657;3375;3578;2212;374;511;377;2873;1000;3492;1270;2957;3350;1739;2643","1809;873;440;120;2485;2614;4400;2477;2123;4402;4062;4307;2661;448;612;451;3455;1204;4201;1529;3558;4030;2094;3178",3757,-0.0172053984743462,-0.00744668791897564,0.00744668791897564,0.763081134205532,TRUE,TRUE,
"07_SwSIiUS","table2_treated_signup_neighbor_high","neighbor_high",25,0.00665424540857067,"Increase",-0.00975871055537053,-0.0174834396389089,-0.0077247290835384,0.0077247290835384,0.791572722616231,TRUE,,TRUE,"1503;726;368;99;2063;2171;3655;2057;1762;3657;3375;3578;2212;374;511;377;2873;1000;1270;3492;2957;3350;1739;2643;2962","1809;873;440;120;2485;2614;4400;2477;2123;4402;4062;4307;2661;448;612;451;3455;1204;1529;4201;3558;4030;2094;3178;3563",3757,-0.0174834396389089,-0.0077247290835384,0.0077247290835384,0.791572722616231,TRUE,TRUE,
"07_SwSIiUS","table2_treated_signup_neighbor_high","neighbor_high",26,0.0069204152249135,"Increase",-0.00975871055537053,-0.0177729524236837,-0.00801424186831313,0.00801424186831313,0.821239837255203,TRUE,,TRUE,"1503;726;368;99;2063;2171;3655;2057;1762;3657;3375;3578;2212;374;511;377;2873;1000;1270;3492;2957;3350;1739;2962;2643;2061","1809;873;440;120;2485;2614;4400;2477;2123;4402;4062;4307;2661;448;612;451;3455;1204;1529;4201;3558;4030;2094;3563;3178;2483",3757,-0.0177729524236837,-0.00801424186831313,0.00801424186831313,0.821239837255203,TRUE,TRUE,
"07_SwSIiUS","table2_treated_signup_neighbor_high","neighbor_high",27,0.00718658504125632,"Increase",-0.00975871055537053,-0.018062709889426,-0.00830399933405544,0.00830399933405544,0.85093202497798,TRUE,,TRUE,"1503;726;368;99;2063;2171;3655;2057;1762;3657;3375;3578;2212;374;511;377;2873;1000;1270;3492;2957;3350;2962;1739;2061;2643;3348","1809;873;440;120;2485;2614;4400;2477;2123;4402;4062;4307;2661;448;612;451;3455;1204;1529;4201;3558;4030;3563;2094;2483;3178;4028",3757,-0.018062709889426,-0.00830399933405544,0.00830399933405544,0.85093202497798,TRUE,TRUE,
"07_SwSIiUS","table2_treated_signup_neighbor_high","neighbor_high",28,0.00745275485759915,"Increase",-0.00975871055537053,-0.0183419850028859,-0.00858327444751538,0.00858327444751538,0.879550059284392,TRUE,,TRUE,"1503;726;368;99;2063;2171;3655;2057;1762;3657;3375;3578;2212;374;511;377;2873;1000;1270;3492;2957;3350;2962;2061;1739;2643;3348;2870","1809;873;440;120;2485;2614;4400;2477;2123;4402;4062;4307;2661;448;612;451;3455;1204;1529;4201;3558;4030;3563;2483;2094;3178;4028;3452",3757,-0.0183419850028859,-0.00858327444751538,0.00858327444751538,0.879550059284392,TRUE,TRUE,
"07_SwSIiUS","table2_treated_signup_neighbor_high","neighbor_high",29,0.00771892467394197,"Increase",-0.00975871055537053,-0.0186221148553066,-0.00886340429993602,0.00886340429993602,0.908255680875605,TRUE,,TRUE,"1503;726;368;99;2063;2171;3655;2057;1762;3657;3375;3578;2212;374;511;377;2873;1000;1270;3492;2957;2962;3350;2061;1739;2643;3348;2870;2794","1809;873;440;120;2485;2614;4400;2477;2123;4402;4062;4307;2661;448;612;451;3455;1204;1529;4201;3558;3563;4030;2483;2094;3178;4028;3452;3361",3757,-0.0186221148553066,-0.00886340429993602,0.00886340429993602,0.908255680875605,TRUE,TRUE,
"07_SwSIiUS","table2_treated_signup_neighbor_high","neighbor_high",30,0.0079850944902848,"Increase",-0.00975871055537053,-0.0188954830122569,-0.00913677245688635,0.00913677245688635,0.936268414258694,TRUE,,TRUE,"1503;726;368;99;2063;2171;3655;2057;1762;3657;3375;3578;2212;374;511;377;2873;1000;1270;3492;2957;2962;3350;2061;1739;2643;3348;2870;2794;1723","1809;873;440;120;2485;2614;4400;2477;2123;4402;4062;4307;2661;448;612;451;3455;1204;1529;4201;3558;3563;4030;2483;2094;3178;4028;3452;3361;2076",3757,-0.0188954830122569,-0.00913677245688635,0.00913677245688635,0.936268414258694,TRUE,TRUE,
"07_SwSIiUS","table2_treated_signup_neighbor_high","neighbor_high",31,0.00825126430662763,"Increase",-0.00975871055537053,-0.0191714826068752,-0.00941277205150466,0.00941277205150466,0.964550797781835,TRUE,,TRUE,"1503;726;368;99;2063;2171;3655;2057;1762;3375;3657;3578;2212;374;511;377;2873;1000;1270;3492;2957;2962;3350;2061;1739;2643;3348;2870;2794;1723;2964","1809;873;440;120;2485;2614;4400;2477;2123;4062;4402;4307;2661;448;612;451;3455;1204;1529;4201;3558;3563;4030;2483;2094;3178;4028;3452;3361;2076;3566",3757,-0.0191714826068752,-0.00941277205150466,0.00941277205150466,0.964550797781835,TRUE,TRUE,
"07_SwSIiUS","table2_treated_signup_neighbor_high","neighbor_high",32,0.00851743412297046,"Increase",-0.00975871055537053,-0.0194415617169934,-0.00968285116162289,0.00968285116162289,0.99222649413391,TRUE,,TRUE,"1503;726;368;99;2063;2171;3655;2057;1762;3375;3657;3578;2212;374;511;377;2873;1000;1270;3492;2957;2962;3350;2061;1739;2643;3348;2870;2794;1723;2964;2330","1809;873;440;120;2485;2614;4400;2477;2123;4062;4402;4307;2661;448;612;451;3455;1204;1529;4201;3558;3563;4030;2483;2094;3178;4028;3452;3361;2076;3566;2802",3757,-0.0194415617169934,-0.00968285116162289,0.00968285116162289,0.99222649413391,TRUE,TRUE,
"07_SwSIiUS","table2_treated_signup_neighbor_high","neighbor_high",33,0.00878360393931328,"Increase",-0.00975871055537053,-0.0197165799087007,-0.00995786935333013,0.00995786935333013,1.02040831079368,TRUE,,TRUE,"1503;726;368;99;2063;2171;3655;2057;1762;3375;3657;3578;374;2212;511;377;2873;1000;1270;3492;2957;2962;2061;3350;1739;2643;3348;2870;2794;1723;2964;2330;1547","1809;873;440;120;2485;2614;4400;2477;2123;4062;4402;4307;448;2661;612;451;3455;1204;1529;4201;3558;3563;2483;4030;2094;3178;4028;3452;3361;2076;3566;2802;1862",3757,-0.0197165799087007,-0.00995786935333013,0.00995786935333013,1.02040831079368,TRUE,TRUE,
"07_SwSIiUS","table2_treated_signup_neighbor_high","neighbor_high",34,0.00904977375565611,"Increase",-0.00975871055537053,-0.0199891944230283,-0.0102304838676577,0.0102304838676577,1.04834381649198,TRUE,,TRUE,"1503;726;368;99;2063;2171;3655;2057;1762;3375;3657;3578;374;2212;511;377;2873;1000;1270;3492;2957;2962;2061;3350;1739;2643;3348;2870;2794;1723;2964;2330;1547;1629","1809;873;440;120;2485;2614;4400;2477;2123;4062;4402;4307;448;2661;612;451;3455;1204;1529;4201;3558;3563;2483;4030;2094;3178;4028;3452;3361;2076;3566;2802;1862;1962",3757,-0.0199891944230283,-0.0102304838676577,0.0102304838676577,1.04834381649198,TRUE,TRUE,
"07_SwSIiUS","table2_treated_signup_neighbor_high","neighbor_high",35,0.00931594357199893,"Increase",-0.00975871055537053,-0.0202620977216643,-0.0105033871662938,0.0105033871662938,1.07630891465609,TRUE,,TRUE,"1503;726;368;99;2063;2171;3655;2057;1762;3375;3657;374;3578;2212;511;377;2873;1000;1270;3492;2957;2962;2061;3350;1739;2643;3348;2870;2794;1723;2964;2330;1547;1629;1269","1809;873;440;120;2485;2614;4400;2477;2123;4062;4402;448;4307;2661;612;451;3455;1204;1529;4201;3558;3563;2483;4030;2094;3178;4028;3452;3361;2076;3566;2802;1862;1962;1528",3757,-0.0202620977216643,-0.0105033871662938,0.0105033871662938,1.07630891465609,TRUE,TRUE,
"07_SwSIiUS","table2_treated_signup_neighbor_high","neighbor_high",36,0.00958211338834176,"Increase",-0.00975871055537053,-0.0205377544006987,-0.0107790438453281,0.0107790438453281,1.10455615874334,TRUE,,TRUE,"1503;726;368;99;2063;2171;2057;3655;1762;3375;3657;374;3578;2212;511;377;2873;1000;1270;2962;2957;3492;2061;3350;1739;2643;3348;2870;2794;1723;2964;2330;1547;1629;1269;3576","1809;873;440;120;2485;2614;2477;4400;2123;4062;4402;448;4307;2661;612;451;3455;1204;1529;3563;3558;4201;2483;4030;2094;3178;4028;3452;3361;2076;3566;2802;1862;1962;1528;4304",3757,-0.0205377544006987,-0.0107790438453281,0.0107790438453281,1.10455615874334,TRUE,TRUE,
"07_SwSIiUS","table2_treated_signup_neighbor_high","neighbor_high",37,0.00984828320468459,"Increase",-0.00975871055537053,-0.0208074994486885,-0.0110487888933179,0.0110487888933179,1.13219762289573,TRUE,,TRUE,"1503;726;368;99;2063;2171;2057;3655;1762;3375;3657;374;3578;2212;511;377;2873;1000;1270;2962;2957;3492;2061;3350;1739;2643;3348;2870;2794;2964;1723;2330;1547;1629;1269;3576;1508","1809;873;440;120;2485;2614;2477;4400;2123;4062;4402;448;4307;2661;612;451;3455;1204;1529;3563;3558;4201;2483;4030;2094;3178;4028;3452;3361;3566;2076;2802;1862;1962;1528;4304;1816",3757,-0.0208074994486885,-0.0110487888933179,0.0110487888933179,1.13219762289573,TRUE,TRUE,
"07_SwSIiUS","table2_treated_signup_neighbor_high","neighbor_high",38,0.0101144530210274,"Increase",-0.00975871055537053,-0.0210831329481256,-0.0113244223927551,0.0113244223927551,1.16044249171043,TRUE,,TRUE,"1503;726;368;99;2063;2171;2057;3655;1762;3375;3657;374;3578;2212;511;377;2873;1000;1270;2962;2957;3492;2061;3350;1739;2643;3348;2870;2794;2964;1723;2330;1547;1629;1269;3576;1508;2214","1809;873;440;120;2485;2614;2477;4400;2123;4062;4402;448;4307;2661;612;451;3455;1204;1529;3563;3558;4201;2483;4030;2094;3178;4028;3452;3361;3566;2076;2802;1862;1962;1528;4304;1816;2664",3757,-0.0210831329481256,-0.0113244223927551,0.0113244223927551,1.16044249171043,TRUE,TRUE,
"07_SwSIiUS","table2_treated_signup_neighbor_high","neighbor_high",39,0.0103806228373702,"Increase",-0.00975871055537053,-0.0213570550601043,-0.0115983445047338,0.0115983445047338,1.1885119902804,TRUE,,TRUE,"1503;726;368;99;2063;2171;2057;3655;1762;3375;3657;374;3578;2212;511;377;2873;1000;1270;2962;2957;3492;2061;3350;1739;2643;3348;2870;2794;2964;1723;2330;1547;1629;1269;3576;1508;2214;3391","1809;873;440;120;2485;2614;2477;4400;2123;4062;4402;448;4307;2661;612;451;3455;1204;1529;3563;3558;4201;2483;4030;2094;3178;4028;3452;3361;3566;2076;2802;1862;1962;1528;4304;1816;2664;4080",3757,-0.0213570550601043,-0.0115983445047338,0.0115983445047338,1.1885119902804,TRUE,TRUE,
"07_SwSIiUS","table2_treated_signup_neighbor_high","neighbor_high",40,0.0106467926537131,"Increase",-0.00975871055537053,-0.0216264890127242,-0.0118677784573537,0.0118677784573537,1.21612157569552,TRUE,,TRUE,"1503;726;368;99;2063;2171;2057;3655;1762;3375;3657;374;3578;2212;511;377;2873;1000;1270;2962;2957;3492;2061;3350;1739;2643;3348;2870;2794;2964;2330;1723;1547;1629;1269;3576;1508;2214;3391;1510","1809;873;440;120;2485;2614;2477;4400;2123;4062;4402;448;4307;2661;612;451;3455;1204;1529;3563;3558;4201;2483;4030;2094;3178;4028;3452;3361;3566;2802;2076;1862;1962;1528;4304;1816;2664;4080;1818",3757,-0.0216264890127242,-0.0118677784573537,0.0118677784573537,1.21612157569552,TRUE,TRUE,
"07_SwSIiUS","table2_treated_signup_neighbor_high","neighbor_high",41,0.0109129624700559,"Increase",-0.00975871055537053,-0.0218935193032811,-0.0121348087479105,0.0121348087479105,1.24348485171869,TRUE,,TRUE,"1503;726;368;99;2063;2171;2057;3655;1762;3375;3657;374;3578;2212;511;377;2873;1000;1270;2962;2957;3492;2061;3350;1739;2643;3348;2870;2794;2964;2330;1723;1547;1629;1269;3576;1508;2214;3391;1510;1267","1809;873;440;120;2485;2614;2477;4400;2123;4062;4402;448;4307;2661;612;451;3455;1204;1529;3563;3558;4201;2483;4030;2094;3178;4028;3452;3361;3566;2802;2076;1862;1962;1528;4304;1816;2664;4080;1818;1526",3757,-0.0218935193032811,-0.0121348087479105,0.0121348087479105,1.24348485171869,TRUE,TRUE,
"07_SwSIiUS","table2_treated_signup_neighbor_high","neighbor_high",42,0.0111791322863987,"Increase",-0.00975871055537053,-0.022158376634019,-0.0123996660786484,0.0123996660786484,1.27062545899822,TRUE,,TRUE,"1503;726;368;99;2063;2171;2057;3655;1762;3375;3657;374;3578;2212;511;377;2873;1000;1270;2962;2957;3492;2061;3350;1739;2643;3348;2870;2794;2964;2330;1723;1547;1629;1269;3576;1508;2214;3391;1510;1267;2969","1809;873;440;120;2485;2614;2477;4400;2123;4062;4402;448;4307;2661;612;451;3455;1204;1529;3563;3558;4201;2483;4030;2094;3178;4028;3452;3361;3566;2802;2076;1862;1962;1528;4304;1816;2664;4080;1818;1526;3573",3757,-0.022158376634019,-0.0123996660786484,0.0123996660786484,1.27062545899822,TRUE,TRUE,
"07_SwSIiUS","table2_treated_signup_neighbor_high","neighbor_high",43,0.0114453021027415,"Increase",-0.00975871055537053,-0.022426561893483,-0.0126678513381125,0.0126678513381125,1.29810708763577,TRUE,,TRUE,"1503;726;368;99;2063;2171;2057;3655;1762;3375;3657;374;3578;2212;511;377;2873;1000;1270;2962;2957;2061;3492;3350;1739;2643;3348;2870;2794;2964;2330;1723;1547;1629;1269;3576;1508;2214;3391;1510;1267;2969;2874","1809;873;440;120;2485;2614;2477;4400;2123;4062;4402;448;4307;2661;612;451;3455;1204;1529;3563;3558;2483;4201;4030;2094;3178;4028;3452;3361;3566;2802;2076;1862;1962;1528;4304;1816;2664;4080;1818;1526;3573;3457",3757,-0.022426561893483,-0.0126678513381125,0.0126678513381125,1.29810708763577,TRUE,TRUE,
"07_SwSIiUS","table2_treated_signup_neighbor_high","neighbor_high",44,0.0117114719190844,"Increase",-0.00975871055537053,-0.0226936031757509,-0.0129348926203804,0.0129348926203804,1.32547149000765,TRUE,,TRUE,"1503;726;368;99;2063;2171;2057;3655;1762;3375;3657;374;3578;2212;511;377;2873;1000;2962;1270;2957;2061;3492;3350;1739;3348;2643;2794;2870;2964;2330;1723;1629;1547;1269;1508;3576;2214;3391;1510;1267;2969;2874;375","1809;873;440;120;2485;2614;2477;4400;2123;4062;4402;448;4307;2661;612;451;3455;1204;3563;1529;3558;2483;4201;4030;2094;4028;3178;3361;3452;3566;2802;2076;1962;1862;1528;1816;4304;2664;4080;1818;1526;3573;3457;449",3757,-0.0226936031757509,-0.0129348926203804,0.0129348926203804,1.32547149000765,TRUE,TRUE,
"07_SwSIiUS","table2_treated_signup_neighbor_high","neighbor_high",45,0.0119776417354272,"Increase",-0.00975871055537053,-0.0229608490049611,-0.0132021384495906,0.0132021384495906,1.35285685282724,TRUE,,TRUE,"1503;726;368;99;2063;2171;2057;3655;1762;3375;3657;374;3578;2212;511;377;2873;1000;2962;1270;2957;2061;3492;3350;1739;3348;2643;2794;2870;2964;2330;1723;1629;1547;1269;1508;3576;2214;1510;3391;1267;2969;2874;375;1272","1809;873;440;120;2485;2614;2477;4400;2123;4062;4402;448;4307;2661;612;451;3455;1204;3563;1529;3558;2483;4201;4030;2094;4028;3178;3361;3452;3566;2802;2076;1962;1862;1528;1816;4304;2664;1818;4080;1526;3573;3457;449;1531",3757,-0.0229608490049611,-0.0132021384495906,0.0132021384495906,1.35285685282724,TRUE,TRUE,
"07_SwSIiUS","table2_treated_signup_neighbor_high","neighbor_high",46,0.01224381155177,"Increase",-0.00975871055537053,-0.0232259714328716,-0.0134672608775011,0.0134672608775011,1.38002462529126,TRUE,,TRUE,"1503;726;368;99;2063;2171;2057;3655;1762;3375;3657;374;3578;2212;511;377;2873;1000;2962;1270;2957;2061;3492;3350;1739;3348;2643;2794;2870;2964;2330;1723;1629;1547;1269;1508;3576;2214;1510;3391;1267;2969;2874;375;1272;2500","1809;873;440;120;2485;2614;2477;4400;2123;4062;4402;448;4307;2661;612;451;3455;1204;3563;1529;3558;2483;4201;4030;2094;4028;3178;3361;3452;3566;2802;2076;1962;1862;1528;1816;4304;2664;1818;4080;1526;3573;3457;449;1531;3010",3757,-0.0232259714328716,-0.0134672608775011,0.0134672608775011,1.38002462529126,TRUE,TRUE,
"07_SwSIiUS","table2_treated_signup_neighbor_high","neighbor_high",47,0.0125099813681129,"Increase",-0.00975871055537053,-0.0234891696267095,-0.013730459071339,0.013730459071339,1.40699521657425,TRUE,,TRUE,"1503;726;368;99;2063;2171;2057;3655;1762;3375;3657;374;3578;2212;511;377;2873;1000;2962;1270;2957;2061;3492;3350;1739;3348;2643;2794;2870;2964;2330;1723;1629;1547;1269;1508;3576;2214;1510;3391;1267;2969;2874;375;1272;2500;1725","1809;873;440;120;2485;2614;2477;4400;2123;4062;4402;448;4307;2661;612;451;3455;1204;3563;1529;3558;2483;4201;4030;2094;4028;3178;3361;3452;3566;2802;2076;1962;1862;1528;1816;4304;2664;1818;4080;1526;3573;3457;449;1531;3010;2078",3757,-0.0234891696267095,-0.013730459071339,0.013730459071339,1.40699521657425,TRUE,TRUE,
"07_SwSIiUS","table2_treated_signup_neighbor_high","neighbor_high",48,0.0127761511844557,"Increase",-0.00975871055537053,-0.0237528418228833,-0.0139941312675127,0.0139941312675127,1.43401438008747,TRUE,,TRUE,"1503;726;368;99;2063;2171;2057;3655;1762;3375;3657;374;3578;2212;377;511;2873;1000;2962;1270;2957;2061;3492;3350;1739;3348;2643;2794;2870;2964;2330;1723;1629;1547;1269;1508;3576;2214;1510;3391;1267;2969;2874;375;1272;2500;1725;101","1809;873;440;120;2485;2614;2477;4400;2123;4062;4402;448;4307;2661;451;612;3455;1204;3563;1529;3558;2483;4201;4030;2094;4028;3178;3361;3452;3566;2802;2076;1962;1862;1528;1816;4304;2664;1818;4080;1526;3573;3457;449;1531;3010;2078;122",3757,-0.0237528418228833,-0.0139941312675127,0.0139941312675127,1.43401438008747,TRUE,TRUE,
"07_SwSIiUS","table2_treated_signup_neighbor_high","neighbor_high",49,0.0130423210007985,"Increase",-0.00975871055537053,-0.0240175688800073,-0.0142588583246368,0.0142588583246368,1.46114163789699,TRUE,,TRUE,"1503;726;368;99;2063;2171;2057;3655;1762;3375;3657;374;3578;2212;377;511;2873;1000;2962;1270;2957;2061;3492;3350;1739;3348;2643;2794;2870;2964;2330;1723;1629;1547;1269;1508;3576;2214;1510;1267;3391;2969;2874;375;1272;2500;1725;101;147","1809;873;440;120;2485;2614;2477;4400;2123;4062;4402;448;4307;2661;451;612;3455;1204;3563;1529;3558;2483;4201;4030;2094;4028;3178;3361;3452;3566;2802;2076;1962;1862;1528;1816;4304;2664;1818;1526;4080;3573;3457;449;1531;3010;2078;122;177",3757,-0.0240175688800073,-0.0142588583246368,0.0142588583246368,1.46114163789699,TRUE,TRUE,
"07_SwSIiUS","table2_treated_signup_neighbor_high","neighbor_high",50,0.0133084908171413,"Increase",-0.00975871055537053,-0.0242813508052432,-0.0145226402498726,0.0145226402498726,1.48817204562752,TRUE,,TRUE,"1503;726;368;99;2063;2171;2057;3655;1762;3375;3657;374;3578;2212;377;511;2873;1000;2962;1270;2957;2061;3492;3350;1739;3348;2643;2794;2870;2964;2330;1723;1629;1547;1269;1508;3576;2214;1510;1267;3391;2969;2874;375;1272;2500;101;1725;147;1273","1809;873;440;120;2485;2614;2477;4400;2123;4062;4402;448;4307;2661;451;612;3455;1204;3563;1529;3558;2483;4201;4030;2094;4028;3178;3361;3452;3566;2802;2076;1962;1862;1528;1816;4304;2664;1818;1526;4080;3573;3457;449;1531;3010;122;2078;177;1532",3757,-0.0242813508052432,-0.0145226402498726,0.0145226402498726,1.48817204562752,TRUE,TRUE,
"07_SwSIiUS","table2_treated_signup_neighbor_high","neighbor_high",51,0.0135746606334842,"Increase",-0.00975871055537053,-0.0245475723832058,-0.0147888618278352,0.0147888618278352,1.51545245080524,TRUE,,TRUE,"1503;726;368;99;2063;2171;2057;3655;1762;3375;3657;374;3578;2212;377;511;2873;1000;2962;1270;2957;2061;3492;3350;1739;3348;2643;2794;2870;2964;2330;1723;1629;1547;1269;1508;3576;2214;1510;1267;3391;2969;2874;375;1272;2500;101;1725;147;1273;1737","1809;873;440;120;2485;2614;2477;4400;2123;4062;4402;448;4307;2661;451;612;3455;1204;3563;1529;3558;2483;4201;4030;2094;4028;3178;3361;3452;3566;2802;2076;1962;1862;1528;1816;4304;2664;1818;1526;4080;3573;3457;449;1531;3010;122;2078;177;1532;2092",3757,-0.0245475723832058,-0.0147888618278352,0.0147888618278352,1.51545245080524,TRUE,TRUE,
"07_SwSIiUS","table2_treated_signup_neighbor_high","neighbor_high",52,0.013840830449827,"Increase",-0.00975871055537053,-0.0248145123637224,-0.0150558018083518,0.0150558018083518,1.54280647252788,TRUE,,TRUE,"1503;726;368;99;2063;2171;2057;3655;1762;3375;3657;374;3578;2212;377;511;2873;1000;2962;1270;2957;2061;3492;3350;1739;3348;2643;2794;2870;2964;2330;1723;1629;1547;1269;1508;3576;1510;2214;1267;3391;2969;2874;375;1272;2500;101;1725;1273;147;1737;223","1809;873;440;120;2485;2614;2477;4400;2123;4062;4402;448;4307;2661;451;612;3455;1204;3563;1529;3558;2483;4201;4030;2094;4028;3178;3361;3452;3566;2802;2076;1962;1862;1528;1816;4304;1818;2664;1526;4080;3573;3457;449;1531;3010;122;2078;1532;177;2092;268",3757,-0.0248145123637224,-0.0150558018083518,0.0150558018083518,1.54280647252788,TRUE,TRUE,
"07_SwSIiUS","table2_treated_signup_neighbor_high","neighbor_high",53,0.0141070002661698,"Increase",-0.00975871055537053,-0.0250745222624976,-0.015315811707127,0.015315811707127,1.56945035107105,TRUE,,TRUE,"1503;726;368;99;2063;2171;2057;3655;1762;3375;3657;374;3578;2212;377;511;2873;1000;2962;1270;2957;2061;3492;3350;1739;3348;2643;2794;2870;2964;2330;1723;1629;1547;1269;1508;3576;1510;2214;1267;3391;2969;2874;375;1272;2500;101;1725;1273;147;1737;223;735","1809;873;440;120;2485;2614;2477;4400;2123;4062;4402;448;4307;2661;451;612;3455;1204;3563;1529;3558;2483;4201;4030;2094;4028;3178;3361;3452;3566;2802;2076;1962;1862;1528;1816;4304;1818;2664;1526;4080;3573;3457;449;1531;3010;122;2078;1532;177;2092;268;884",3757,-0.0250745222624976,-0.015315811707127,0.015315811707127,1.56945035107105,TRUE,TRUE,
"07_SwSIiUS","table2_treated_signup_neighbor_high","neighbor_high",54,0.0143731700825126,"Increase",-0.00975871055537053,-0.0253303969758987,-0.0155716864205282,0.0155716864205282,1.59567048660528,TRUE,,TRUE,"1503;726;368;99;2063;2171;2057;3655;1762;3375;3657;374;3578;2212;377;511;2873;1000;2962;1270;2957;2061;3492;3350;1739;3348;2643;2794;2870;2964;2330;1629;1723;1547;1269;1508;3576;1510;2214;1267;3391;2969;2874;375;1272;101;2500;1725;1273;147;1737;223;735;3265","1809;873;440;120;2485;2614;2477;4400;2123;4062;4402;448;4307;2661;451;612;3455;1204;3563;1529;3558;2483;4201;4030;2094;4028;3178;3361;3452;3566;2802;1962;2076;1862;1528;1816;4304;1818;2664;1526;4080;3573;3457;449;1531;122;3010;2078;1532;177;2092;268;884;3930",3757,-0.0253303969758987,-0.0155716864205282,0.0155716864205282,1.59567048660528,TRUE,TRUE,
"07_SwSIiUS","table2_treated_signup_neighbor_high","neighbor_high",55,0.0146393398988555,"Increase",-0.00975871055537053,-0.0255964206737403,-0.0158377101183698,0.0158377101183698,1.6229306145015,TRUE,,TRUE,"1503;726;368;99;2063;2171;2057;3655;1762;3375;3657;374;3578;2212;377;511;2873;1000;2962;1270;2957;2061;3492;3350;1739;3348;2643;2794;2870;2964;2330;1629;1723;1269;1547;1508;3576;1510;2214;1267;3391;2969;2874;375;1272;101;2500;1273;1725;147;1737;223;735;3265;2064","1809;873;440;120;2485;2614;2477;4400;2123;4062;4402;448;4307;2661;451;612;3455;1204;3563;1529;3558;2483;4201;4030;2094;4028;3178;3361;3452;3566;2802;1962;2076;1528;1862;1816;4304;1818;2664;1526;4080;3573;3457;449;1531;122;3010;1532;2078;177;2092;268;884;3930;2486",3757,-0.0255964206737403,-0.0158377101183698,0.0158377101183698,1.6229306145015,TRUE,TRUE,
"07_SwSIiUS","table2_treated_signup_neighbor_high","neighbor_high",56,0.0149055097151983,"Increase",-0.00975871055537053,-0.0258589402187158,-0.0161002296633452,0.0161002296633452,1.64983166290189,TRUE,,TRUE,"1503;726;368;99;2063;2171;2057;3655;1762;3375;3657;374;3578;2212;377;511;2873;2962;1000;1270;2957;2061;3492;3350;1739;3348;2794;2643;2870;2964;2330;1629;1723;1269;1547;1508;3576;1510;2214;1267;3391;2969;2874;375;1272;101;2500;1273;1725;147;1737;223;735;3265;2064;96","1809;873;440;120;2485;2614;2477;4400;2123;4062;4402;448;4307;2661;451;612;3455;3563;1204;1529;3558;2483;4201;4030;2094;4028;3361;3178;3452;3566;2802;1962;2076;1528;1862;1816;4304;1818;2664;1526;4080;3573;3457;449;1531;122;3010;1532;2078;177;2092;268;884;3930;2486;117",3757,-0.0258589402187158,-0.0161002296633452,0.0161002296633452,1.64983166290189,TRUE,TRUE,
"07_SwSIiUS","table2_treated_signup_neighbor_high","neighbor_high",57,0.0151716795315411,"Increase",-0.00975871055537053,-0.0261180949118104,-0.0163593843564398,0.0163593843564398,1.67638790633428,TRUE,,TRUE,"1503;726;368;99;2063;2171;2057;3655;1762;3375;3657;374;3578;2212;377;511;2873;2962;1000;1270;2957;2061;3492;3350;1739;3348;2794;2643;2870;2964;2330;1629;1723;1269;1547;1508;3576;1510;2214;1267;3391;2969;2874;375;1272;101;2500;1273;1725;147;1737;223;3265;735;2064;96;2743","1809;873;440;120;2485;2614;2477;4400;2123;4062;4402;448;4307;2661;451;612;3455;3563;1204;1529;3558;2483;4201;4030;2094;4028;3361;3178;3452;3566;2802;1962;2076;1528;1862;1816;4304;1818;2664;1526;4080;3573;3457;449;1531;122;3010;1532;2078;177;2092;268;3930;884;2486;117;3300",3757,-0.0261180949118104,-0.0163593843564398,0.0163593843564398,1.67638790633428,TRUE,TRUE,
"07_SwSIiUS","table2_treated_signup_neighbor_high","neighbor_high",58,0.0154378493478839,"Increase",-0.00975871055537053,-0.0263765256816551,-0.0166178151262846,0.0166178151262846,1.70286996750193,TRUE,,TRUE,"1503;726;368;99;2063;2171;2057;3655;1762;3375;3657;374;3578;2212;377;511;2873;2962;1000;1270;2957;2061;3492;3350;1739;3348;2794;2643;2870;2964;2330;1629;1723;1269;1547;1508;3576;1510;2214;1267;3391;2969;2874;375;1272;101;2500;1273;1725;147;1737;223;3265;735;2064;96;2743;345","1809;873;440;120;2485;2614;2477;4400;2123;4062;4402;448;4307;2661;451;612;3455;3563;1204;1529;3558;2483;4201;4030;2094;4028;3361;3178;3452;3566;2802;1962;2076;1528;1862;1816;4304;1818;2664;1526;4080;3573;3457;449;1531;122;3010;1532;2078;177;2092;268;3930;884;2486;117;3300;413",3757,-0.0263765256816551,-0.0166178151262846,0.0166178151262846,1.70286996750193,TRUE,TRUE,
"07_SwSIiUS","table2_treated_signup_neighbor_high","neighbor_high",59,0.0157040191642268,"Increase",-0.00975871055537053,-0.0266345081259781,-0.0168757975706076,0.0168757975706076,1.72930608760809,TRUE,,TRUE,"1503;726;368;99;2063;2171;2057;3655;1762;3375;3657;374;3578;2212;377;511;2873;2962;1000;1270;2061;2957;3492;3350;1739;3348;2794;2870;2643;2330;2964;1629;1723;1269;1547;1508;3576;1510;2214;1267;2969;3391;2874;375;1272;101;2500;1273;1725;147;1737;223;3265;735;2064;96;2743;345;95","1809;873;440;120;2485;2614;2477;4400;2123;4062;4402;448;4307;2661;451;612;3455;3563;1204;1529;2483;3558;4201;4030;2094;4028;3361;3452;3178;2802;3566;1962;2076;1528;1862;1816;4304;1818;2664;1526;3573;4080;3457;449;1531;122;3010;1532;2078;177;2092;268;3930;884;2486;117;3300;413;116",3757,-0.0266345081259781,-0.0168757975706076,0.0168757975706076,1.72930608760809,TRUE,TRUE,
"07_SwSIiUS","table2_treated_signup_neighbor_high","neighbor_high",60,0.0159701889805696,"Increase",-0.00975871055537053,-0.0268977906529453,-0.0171390800975748,0.0171390800975748,1.75628532072228,TRUE,,TRUE,"1503;726;368;99;2063;2171;2057;3655;1762;3375;3657;374;3578;2212;377;511;2873;2962;1000;1270;2061;2957;3492;3350;1739;2794;3348;2870;2643;2330;2964;1629;1723;1269;1547;1508;3576;1510;2214;1267;2969;3391;2874;375;1272;101;1273;2500;1725;147;1737;223;3265;735;2064;96;2743;345;95;98","1809;873;440;120;2485;2614;2477;4400;2123;4062;4402;448;4307;2661;451;612;3455;3563;1204;1529;2483;3558;4201;4030;2094;3361;4028;3452;3178;2802;3566;1962;2076;1528;1862;1816;4304;1818;2664;1526;3573;4080;3457;449;1531;122;1532;3010;2078;177;2092;268;3930;884;2486;117;3300;413;116;119",3757,-0.0268977906529453,-0.0171390800975748,0.0171390800975748,1.75628532072228,TRUE,TRUE,
"07_SwSIiUS","table2_treated_signup_neighbor_high","neighbor_high",61,0.0162363587969124,"Increase",-0.00975871055537053,-0.0271596244098281,-0.0174009138544575,0.0174009138544575,1.78311609466491,TRUE,,TRUE,"1503;726;368;99;2063;2171;2057;3655;1762;3375;3657;374;3578;2212;377;2962;511;2873;1000;1270;2061;2957;3492;3350;1739;2794;3348;2870;2643;2330;2964;1629;1723;1269;1547;1508;3576;1510;1267;2214;2969;3391;2874;375;1272;101;1273;2500;1725;147;1737;223;3265;735;2064;96;2743;345;95;98;100","1809;873;440;120;2485;2614;2477;4400;2123;4062;4402;448;4307;2661;451;3563;612;3455;1204;1529;2483;3558;4201;4030;2094;3361;4028;3452;3178;2802;3566;1962;2076;1528;1862;1816;4304;1818;1526;2664;3573;4080;3457;449;1531;122;1532;3010;2078;177;2092;268;3930;884;2486;117;3300;413;116;119;121",3757,-0.0271596244098281,-0.0174009138544575,0.0174009138544575,1.78311609466491,TRUE,TRUE,
"07_SwSIiUS","table2_treated_signup_neighbor_high","neighbor_high",62,0.0165025286132553,"Increase",-0.00975871055537053,-0.0274156618029047,-0.0176569512475342,0.0176569512475342,1.80935290040107,TRUE,,TRUE,"1503;726;368;99;2063;2171;2057;3655;1762;3375;3657;374;3578;2212;377;2962;2873;511;1000;1270;2061;2957;3492;3350;1739;2794;3348;2870;2643;2330;2964;1629;1723;1269;1547;1508;3576;1510;1267;2214;2969;3391;2874;375;1272;101;1273;2500;1725;147;1737;223;3265;735;2064;96;2743;345;95;98;100;3270","1809;873;440;120;2485;2614;2477;4400;2123;4062;4402;448;4307;2661;451;3563;3455;612;1204;1529;2483;3558;4201;4030;2094;3361;4028;3452;3178;2802;3566;1962;2076;1528;1862;1816;4304;1818;1526;2664;3573;4080;3457;449;1531;122;1532;3010;2078;177;2092;268;3930;884;2486;117;3300;413;116;119;121;3937",3757,-0.0274156618029047,-0.0176569512475342,0.0176569512475342,1.80935290040107,TRUE,TRUE,
"07_SwSIiUS","table2_treated_signup_neighbor_high","neighbor_high",63,0.0167686984295981,"Increase",-0.00975871055537053,-0.0276651044686691,-0.0179063939132986,0.0179063939132986,1.83491392758279,TRUE,,TRUE,"1503;726;368;99;2063;2171;2057;3655;1762;3375;3657;374;3578;377;2212;2962;2873;511;1000;1270;2061;2957;3492;3350;1739;2794;3348;2870;2643;2330;2964;1629;1723;1269;1547;1508;3576;1510;1267;2214;2969;3391;2874;375;1272;101;1273;2500;1725;147;1737;223;3265;2064;735;96;2743;345;95;98;100;3270;1365","1809;873;440;120;2485;2614;2477;4400;2123;4062;4402;448;4307;451;2661;3563;3455;612;1204;1529;2483;3558;4201;4030;2094;3361;4028;3452;3178;2802;3566;1962;2076;1528;1862;1816;4304;1818;1526;2664;3573;4080;3457;449;1531;122;1532;3010;2078;177;2092;268;3930;2486;884;117;3300;413;116;119;121;3937;1644",3757,-0.0276651044686691,-0.0179063939132986,0.0179063939132986,1.83491392758279,TRUE,TRUE,
"07_SwSIiUS","table2_treated_signup_neighbor_high","neighbor_high",64,0.0170348682459409,"Increase",-0.00975871055537053,-0.0279260479340528,-0.0181673373786823,0.0181673373786823,1.8616534710812,TRUE,,TRUE,"1503;726;368;99;2063;2171;2057;3655;1762;3375;3657;374;3578;377;2212;2962;2873;511;1000;1270;2061;2957;3492;3350;1739;2794;3348;2870;2643;2330;2964;1629;1723;1269;1547;1508;3576;1510;1267;2214;2969;3391;2874;375;1272;101;1273;2500;1725;147;1737;223;3265;2064;735;96;345;2743;95;98;100;3270;1365;369","1809;873;440;120;2485;2614;2477;4400;2123;4062;4402;448;4307;451;2661;3563;3455;612;1204;1529;2483;3558;4201;4030;2094;3361;4028;3452;3178;2802;3566;1962;2076;1528;1862;1816;4304;1818;1526;2664;3573;4080;3457;449;1531;122;1532;3010;2078;177;2092;268;3930;2486;884;117;413;3300;116;119;121;3937;1644;441",3757,-0.0279260479340528,-0.0181673373786823,0.0181673373786823,1.8616534710812,TRUE,TRUE,
"07_SwSIiUS","table2_treated_signup_neighbor_high","neighbor_high",65,0.0173010380622837,"Increase",-0.00975871055537053,-0.0281820056608064,-0.0184232951054359,0.0184232951054359,1.88788211320572,TRUE,,TRUE,"1503;726;368;99;2063;2171;2057;3655;1762;3375;3657;374;3578;377;2212;2962;2873;511;1000;1270;2061;2957;3492;3350;1739;2794;2870;3348;2643;2330;2964;1629;1269;1723;1547;1508;3576;1510;1267;2214;2969;3391;2874;375;1272;101;1273;2500;1725;147;1737;223;3265;2064;735;96;345;2743;95;98;100;3270;1365;369;3272","1809;873;440;120;2485;2614;2477;4400;2123;4062;4402;448;4307;451;2661;3563;3455;612;1204;1529;2483;3558;4201;4030;2094;3361;3452;4028;3178;2802;3566;1962;1528;2076;1862;1816;4304;1818;1526;2664;3573;4080;3457;449;1531;122;1532;3010;2078;177;2092;268;3930;2486;884;117;413;3300;116;119;121;3937;1644;441;3939",3757,-0.0281820056608064,-0.0184232951054359,0.0184232951054359,1.88788211320572,TRUE,TRUE,
"07_SwSIiUS","table2_treated_signup_neighbor_high","neighbor_high",66,0.0175672078786266,"Increase",-0.00975871055537053,-0.0284330694355344,-0.0186743588801638,0.0186743588801638,1.91360925956419,TRUE,,TRUE,"1503;726;368;99;2063;2171;2057;3655;1762;3375;3657;374;3578;377;2212;2962;2873;511;1000;1270;2061;2957;3492;3350;2794;1739;2870;3348;2643;2330;2964;1629;1269;1723;1508;1547;3576;1510;1267;2214;2969;3391;2874;375;1272;101;1273;2500;1725;147;1737;223;3265;2064;735;96;345;2743;95;98;100;3270;1365;369;3272;3271","1809;873;440;120;2485;2614;2477;4400;2123;4062;4402;448;4307;451;2661;3563;3455;612;1204;1529;2483;3558;4201;4030;3361;2094;3452;4028;3178;2802;3566;1962;1528;2076;1816;1862;4304;1818;1526;2664;3573;4080;3457;449;1531;122;1532;3010;2078;177;2092;268;3930;2486;884;117;413;3300;116;119;121;3937;1644;441;3939;3938",3757,-0.0284330694355344,-0.0186743588801638,0.0186743588801638,1.91360925956419,TRUE,TRUE,
"07_SwSIiUS","table2_treated_signup_neighbor_high","neighbor_high",67,0.0178333776949694,"Increase",-0.00975871055537053,-0.0286959235946694,-0.0189372130392989,0.0189372130392989,1.94054459673231,TRUE,,TRUE,"1503;726;368;99;2063;2171;2057;3655;1762;3375;3657;374;3578;377;2212;2962;2873;511;1000;1270;2061;2957;3492;3350;2794;1739;2870;3348;2643;2330;2964;1629;1269;1723;1508;1547;3576;1510;1267;2214;2969;3391;2874;375;1272;101;1273;2500;1725;147;1737;223;3265;2064;735;96;345;2743;95;98;100;3270;1365;369;3272;3271;3133","1809;873;440;120;2485;2614;2477;4400;2123;4062;4402;448;4307;451;2661;3563;3455;612;1204;1529;2483;3558;4201;4030;3361;2094;3452;4028;3178;2802;3566;1962;1528;2076;1816;1862;4304;1818;1526;2664;3573;4080;3457;449;1531;122;1532;3010;2078;177;2092;268;3930;2486;884;117;413;3300;116;119;121;3937;1644;441;3939;3938;3769",3757,-0.0286959235946694,-0.0189372130392989,0.0189372130392989,1.94054459673231,TRUE,TRUE,
"07_SwSIiUS","table2_treated_signup_neighbor_high","neighbor_high",68,0.0180995475113122,"Increase",-0.00975871055537053,-0.0289407296739881,-0.0191820191186176,0.0191820191186176,1.96563050105642,TRUE,,TRUE,"1503;726;368;99;2063;2171;2057;3655;1762;3375;3657;374;3578;377;2212;2962;2873;1000;511;1270;2061;2957;3492;3350;2794;1739;2870;3348;2643;2330;2964;1629;1269;1723;1508;1547;3576;1510;1267;2969;2214;3391;2874;375;1272;101;1273;2500;1725;147;1737;223;3265;2064;735;96;345;2743;95;98;100;3270;1365;369;3272;3271;3133;3423","1809;873;440;120;2485;2614;2477;4400;2123;4062;4402;448;4307;451;2661;3563;3455;1204;612;1529;2483;3558;4201;4030;3361;2094;3452;4028;3178;2802;3566;1962;1528;2076;1816;1862;4304;1818;1526;3573;2664;4080;3457;449;1531;122;1532;3010;2078;177;2092;268;3930;2486;884;117;413;3300;116;119;121;3937;1644;441;3939;3938;3769;4119",3757,-0.0289407296739881,-0.0191820191186176,0.0191820191186176,1.96563050105642,TRUE,TRUE,
"07_SwSIiUS","table2_treated_signup_neighbor_high","neighbor_high",69,0.018365717327655,"Increase",-0.00975871055537053,-0.0291883342678953,-0.0194296237125247,0.0194296237125247,1.99100317631944,TRUE,,TRUE,"1503;726;368;99;2063;2171;2057;3655;1762;3375;3657;374;377;3578;2962;2212;2873;1000;511;1270;2061;2957;3492;3350;2794;1739;2870;3348;2643;2330;2964;1629;1269;1723;1508;1547;3576;1510;1267;2969;2214;3391;2874;375;1272;101;1273;2500;1725;147;1737;223;3265;2064;96;735;345;2743;95;98;100;3270;1365;369;3272;3271;3133;3423;612","1809;873;440;120;2485;2614;2477;4400;2123;4062;4402;448;451;4307;3563;2661;3455;1204;612;1529;2483;3558;4201;4030;3361;2094;3452;4028;3178;2802;3566;1962;1528;2076;1816;1862;4304;1818;1526;3573;2664;4080;3457;449;1531;122;1532;3010;2078;177;2092;268;3930;2486;117;884;413;3300;116;119;121;3937;1644;441;3939;3938;3769;4119;735",3757,-0.0291883342678953,-0.0194296237125247,0.0194296237125247,1.99100317631944,TRUE,TRUE,
"07_SwSIiUS","table2_treated_signup_neighbor_high","neighbor_high",70,0.0186318871439979,"Increase",-0.00975871055537053,-0.0294469374832857,-0.0196882269279152,0.0196882269279152,2.01750290842269,TRUE,,TRUE,"1503;726;368;99;2063;2171;2057;3655;1762;3375;3657;374;377;3578;2962;2212;2873;1000;511;1270;2061;2957;3492;3350;2794;1739;2870;3348;2643;2330;2964;1629;1269;1723;1508;1547;3576;1510;1267;2969;2214;3391;2874;375;1272;101;1273;2500;1725;147;1737;223;3265;2064;96;735;345;2743;95;98;100;3270;1365;369;3272;3271;3133;3423;612;1501","1809;873;440;120;2485;2614;2477;4400;2123;4062;4402;448;451;4307;3563;2661;3455;1204;612;1529;2483;3558;4201;4030;3361;2094;3452;4028;3178;2802;3566;1962;1528;2076;1816;1862;4304;1818;1526;3573;2664;4080;3457;449;1531;122;1532;3010;2078;177;2092;268;3930;2486;117;884;413;3300;116;119;121;3937;1644;441;3939;3938;3769;4119;735;1806",3757,-0.0294469374832857,-0.0196882269279152,0.0196882269279152,2.01750290842269,TRUE,TRUE,
"07_SwSIiUS","table2_treated_signup_neighbor_high","neighbor_high",71,0.0188980569603407,"Increase",-0.00975871055537053,-0.0297039912964748,-0.0199452807411043,0.0199452807411043,2.04384386932429,TRUE,,TRUE,"1503;726;368;99;2063;2171;2057;3655;1762;3375;3657;374;377;3578;2962;2212;2873;1000;511;1270;2061;2957;3492;3350;2794;1739;2870;3348;2643;2330;2964;1629;1269;1723;1508;1547;1510;3576;1267;2969;2214;3391;2874;375;1272;101;1273;2500;1725;147;1737;223;3265;2064;96;735;345;95;2743;98;100;3270;1365;369;3272;3271;3133;3423;612;1501;1806","1809;873;440;120;2485;2614;2477;4400;2123;4062;4402;448;451;4307;3563;2661;3455;1204;612;1529;2483;3558;4201;4030;3361;2094;3452;4028;3178;2802;3566;1962;1528;2076;1816;1862;1818;4304;1526;3573;2664;4080;3457;449;1531;122;1532;3010;2078;177;2092;268;3930;2486;117;884;413;116;3300;119;121;3937;1644;441;3939;3938;3769;4119;735;1806;2176",3757,-0.0297039912964748,-0.0199452807411043,0.0199452807411043,2.04384386932429,TRUE,TRUE,
"07_SwSIiUS","table2_treated_signup_neighbor_high","neighbor_high",72,0.0191642267766835,"Increase",-0.00975871055537053,-0.0299501690127467,-0.0201914584573762,0.0201914584573762,2.06907032879095,TRUE,,TRUE,"1503;726;368;99;2063;2171;2057;3655;1762;3375;3657;374;377;3578;2962;2212;2873;1000;511;1270;2061;2957;3492;3350;2794;2870;1739;3348;2643;2330;2964;1629;1269;1723;1508;1547;1510;3576;1267;2969;2214;3391;2874;375;1272;101;1273;2500;1725;147;1737;3265;223;2064;96;735;345;95;2743;98;100;3270;1365;369;3271;3272;3133;3423;612;1501;1806;3424","1809;873;440;120;2485;2614;2477;4400;2123;4062;4402;448;451;4307;3563;2661;3455;1204;612;1529;2483;3558;4201;4030;3361;3452;2094;4028;3178;2802;3566;1962;1528;2076;1816;1862;1818;4304;1526;3573;2664;4080;3457;449;1531;122;1532;3010;2078;177;2092;3930;268;2486;117;884;413;116;3300;119;121;3937;1644;441;3938;3939;3769;4119;735;1806;2176;4120",3757,-0.0299501690127467,-0.0201914584573762,0.0201914584573762,2.06907032879095,TRUE,TRUE,
"07_SwSIiUS","table2_treated_signup_neighbor_high","neighbor_high",73,0.0194303965930263,"Increase",-0.00975871055537053,-0.0302069156500356,-0.0204482050946651,0.0204482050946651,2.09537981259335,TRUE,,TRUE,"1503;726;368;99;2063;2171;2057;3655;1762;3375;3657;374;377;2962;3578;2212;2873;1000;511;1270;2061;2957;3492;3350;2794;2870;1739;3348;2643;2330;2964;1629;1269;1723;1508;1547;1510;3576;1267;2969;2214;3391;2874;375;1272;101;1273;2500;1725;147;1737;3265;223;2064;96;735;345;95;98;2743;100;3270;1365;369;3271;3272;3133;612;3423;1501;3424;1806;2646","1809;873;440;120;2485;2614;2477;4400;2123;4062;4402;448;451;3563;4307;2661;3455;1204;612;1529;2483;3558;4201;4030;3361;3452;2094;4028;3178;2802;3566;1962;1528;2076;1816;1862;1818;4304;1526;3573;2664;4080;3457;449;1531;122;1532;3010;2078;177;2092;3930;268;2486;117;884;413;116;119;3300;121;3937;1644;441;3938;3939;3769;735;4119;1806;4120;2176;3181",3757,-0.0302069156500356,-0.0204482050946651,0.0204482050946651,2.09537981259335,TRUE,TRUE,
"07_SwSIiUS","table2_treated_signup_neighbor_high","neighbor_high",74,0.0196965664093692,"Increase",-0.00975871055537053,-0.0304609773595913,-0.0207022668042208,0.0207022668042208,2.12141416499208,TRUE,,TRUE,"1503;726;368;99;2063;2171;2057;3655;1762;3375;3657;374;377;2962;3578;2212;2873;1000;511;1270;2061;2957;3492;3350;2794;2870;1739;3348;2643;2330;2964;1629;1269;1723;1508;1547;1510;3576;1267;2969;2214;3391;2874;375;1272;101;1273;2500;1725;147;1737;3265;223;2064;96;735;345;95;98;100;2743;3270;1365;369;3271;3272;3133;612;3423;1501;3424;1806;2646;426","1809;873;440;120;2485;2614;2477;4400;2123;4062;4402;448;451;3563;4307;2661;3455;1204;612;1529;2483;3558;4201;4030;3361;3452;2094;4028;3178;2802;3566;1962;1528;2076;1816;1862;1818;4304;1526;3573;2664;4080;3457;449;1531;122;1532;3010;2078;177;2092;3930;268;2486;117;884;413;116;119;121;3300;3937;1644;441;3938;3939;3769;735;4119;1806;4120;2176;3181;510",3757,-0.0304609773595913,-0.0207022668042208,0.0207022668042208,2.12141416499208,TRUE,TRUE,
"07_SwSIiUS","table2_treated_signup_neighbor_high","neighbor_high",75,0.019962736225712,"Increase",-0.00975871055537053,-0.0307094864148154,-0.0209507758594448,0.0209507758594448,2.14687952271675,TRUE,,TRUE,"1503;726;368;99;2063;2171;2057;3655;1762;3375;3657;374;377;2962;3578;2212;2873;1000;511;1270;2061;2957;3492;3350;2794;2870;1739;3348;2643;2330;2964;1629;1269;1508;1723;1547;1510;3576;1267;2969;2214;2874;3391;375;1272;101;1273;2500;1725;147;1737;3265;223;2064;96;735;345;95;98;100;2743;3270;1365;369;3271;3272;3133;612;3423;1501;3424;1806;2646;426;1367","1809;873;440;120;2485;2614;2477;4400;2123;4062;4402;448;451;3563;4307;2661;3455;1204;612;1529;2483;3558;4201;4030;3361;3452;2094;4028;3178;2802;3566;1962;1528;1816;2076;1862;1818;4304;1526;3573;2664;3457;4080;449;1531;122;1532;3010;2078;177;2092;3930;268;2486;117;884;413;116;119;121;3300;3937;1644;441;3938;3939;3769;735;4119;1806;4120;2176;3181;510;1648",3757,-0.0307094864148154,-0.0209507758594448,0.0209507758594448,2.14687952271675,TRUE,TRUE,
"07_SwSIiUS","table2_treated_signup_neighbor_high","neighbor_high",76,0.0202289060420548,"Increase",-0.00975871055537053,-0.0309641621168916,-0.0212054515615211,0.0212054515615211,2.17297679249755,TRUE,,TRUE,"1503;726;99;368;2063;2171;2057;3655;1762;3375;3657;374;377;2962;3578;2212;2873;1000;511;1270;2061;2957;3492;3350;2794;2870;1739;3348;2643;2330;2964;1629;1269;1508;1723;1547;1510;3576;1267;2969;2214;2874;3391;375;1272;101;1273;2500;1725;147;3265;1737;2064;223;96;735;345;95;98;100;2743;3270;369;1365;3271;3272;3133;612;3423;1501;3424;1806;2646;426;1367;26","1809;873;120;440;2485;2614;2477;4400;2123;4062;4402;448;451;3563;4307;2661;3455;1204;612;1529;2483;3558;4201;4030;3361;3452;2094;4028;3178;2802;3566;1962;1528;1816;2076;1862;1818;4304;1526;3573;2664;3457;4080;449;1531;122;1532;3010;2078;177;3930;2092;2486;268;117;884;413;116;119;121;3300;3937;441;1644;3938;3939;3769;735;4119;1806;4120;2176;3181;510;1648;32",3757,-0.0309641621168916,-0.0212054515615211,0.0212054515615211,2.17297679249755,TRUE,TRUE,
"07_SwSIiUS","table2_treated_signup_neighbor_high","neighbor_high",77,0.0204950758583977,"Increase",-0.00975871055537053,-0.0312239233814977,-0.0214652128261271,0.0214652128261271,2.19959519286225,TRUE,,TRUE,"1503;726;99;368;2063;2171;2057;1762;3655;3375;3657;374;377;2962;3578;2212;2873;1000;511;1270;2061;2957;3492;3350;2794;2870;1739;3348;2643;2330;2964;1629;1269;1508;1723;1547;1510;3576;1267;2969;2214;2874;3391;375;1272;101;1273;2500;1725;147;3265;1737;2064;223;96;735;345;95;98;100;2743;3270;369;1365;3271;3272;3133;612;3423;1501;3424;1806;2646;426;1367;26;1074","1809;873;120;440;2485;2614;2477;2123;4400;4062;4402;448;451;3563;4307;2661;3455;1204;612;1529;2483;3558;4201;4030;3361;3452;2094;4028;3178;2802;3566;1962;1528;1816;2076;1862;1818;4304;1526;3573;2664;3457;4080;449;1531;122;1532;3010;2078;177;3930;2092;2486;268;117;884;413;116;119;121;3300;3937;441;1644;3938;3939;3769;735;4119;1806;4120;2176;3181;510;1648;32;1293",3757,-0.0312239233814977,-0.0214652128261271,0.0214652128261271,2.19959519286225,TRUE,TRUE,
"07_SwSIiUS","table2_treated_signup_neighbor_high","neighbor_high",78,0.0207612456747405,"Increase",-0.00975871055537053,-0.0314818348472198,-0.0217231242918493,0.0217231242918493,2.22602403960986,TRUE,,TRUE,"1503;726;99;368;2063;2171;2057;1762;3655;3375;3657;374;2962;377;3578;2212;2873;1000;511;1270;2061;2957;3492;3350;2794;2870;1739;3348;2643;2330;2964;1629;1269;1508;1723;1547;1510;3576;1267;2969;2214;2874;3391;375;1272;101;1273;2500;1725;147;3265;1737;2064;223;96;735;345;95;98;100;3270;2743;369;1365;3271;3272;3133;612;3423;1501;3424;1806;2646;426;1367;26;1074;2587","1809;873;120;440;2485;2614;2477;2123;4400;4062;4402;448;3563;451;4307;2661;3455;1204;612;1529;2483;3558;4201;4030;3361;3452;2094;4028;3178;2802;3566;1962;1528;1816;2076;1862;1818;4304;1526;3573;2664;3457;4080;449;1531;122;1532;3010;2078;177;3930;2092;2486;268;117;884;413;116;119;121;3937;3300;441;1644;3938;3939;3769;735;4119;1806;4120;2176;3181;510;1648;32;1293;3113",3757,-0.0314818348472198,-0.0217231242918493,0.0217231242918493,2.22602403960986,TRUE,TRUE,
"07_SwSIiUS","table2_treated_signup_neighbor_high","neighbor_high",79,0.0210274154910833,"Increase",-0.00975871055537053,-0.0317258354109842,-0.0219671248556137,0.0219671248556137,2.25102740069737,TRUE,,TRUE,"1503;726;99;368;2063;2171;2057;1762;3655;3375;3657;374;2962;377;3578;2212;2873;1000;511;1270;2061;2957;3492;3350;2794;2870;1739;3348;2643;2330;2964;1629;1269;1508;1723;1547;1510;3576;1267;2969;2214;2874;3391;375;1272;101;1273;2500;1725;147;3265;2064;1737;223;96;735;345;95;98;100;3270;2743;369;3271;1365;3272;3133;612;3423;1501;3424;1806;2646;426;1367;26;1074;2587;2487","1809;873;120;440;2485;2614;2477;2123;4400;4062;4402;448;3563;451;4307;2661;3455;1204;612;1529;2483;3558;4201;4030;3361;3452;2094;4028;3178;2802;3566;1962;1528;1816;2076;1862;1818;4304;1526;3573;2664;3457;4080;449;1531;122;1532;3010;2078;177;3930;2486;2092;268;117;884;413;116;119;121;3937;3300;441;3938;1644;3939;3769;735;4119;1806;4120;2176;3181;510;1648;32;1293;3113;2994",3757,-0.0317258354109842,-0.0219671248556137,0.0219671248556137,2.25102740069737,TRUE,TRUE,
"07_SwSIiUS","table2_treated_signup_neighbor_high","neighbor_high",80,0.0212935853074261,"Increase",-0.00975871055537053,-0.0319680957347369,-0.0222093851793664,0.0222093851793664,2.27585243494529,TRUE,,TRUE,"1503;726;99;368;2063;2171;2057;1762;3655;3375;3657;374;2962;377;3578;2873;2212;1000;511;2061;1270;2957;3492;3350;2794;2870;1739;3348;2643;2330;2964;1629;1269;1508;1723;1547;1510;3576;2969;1267;2214;2874;3391;375;1272;101;1273;2500;1725;3265;147;2064;1737;223;96;345;735;95;98;100;3270;2743;369;3271;1365;3272;3133;612;3423;1501;3424;1806;2646;426;1367;26;1074;2587;2487;1997","1809;873;120;440;2485;2614;2477;2123;4400;4062;4402;448;3563;451;4307;3455;2661;1204;612;2483;1529;3558;4201;4030;3361;3452;2094;4028;3178;2802;3566;1962;1528;1816;2076;1862;1818;4304;3573;1526;2664;3457;4080;449;1531;122;1532;3010;2078;3930;177;2486;2092;268;117;413;884;116;119;121;3937;3300;441;3938;1644;3939;3769;735;4119;1806;4120;2176;3181;510;1648;32;1293;3113;2994;2406",3757,-0.0319680957347369,-0.0222093851793664,0.0222093851793664,2.27585243494529,TRUE,TRUE,
"07_SwSIiUS","table2_treated_signup_neighbor_high","neighbor_high",81,0.021559755123769,"Increase",-0.00975871055537053,-0.0322096042207927,-0.0224508936654222,0.0224508936654222,2.30060042646379,TRUE,,TRUE,"1503;726;99;368;2063;2171;2057;1762;3655;3375;3657;374;2962;377;3578;2873;1000;2212;511;2061;1270;2957;3492;3350;2794;2870;1739;3348;2643;2330;2964;1629;1269;1508;1723;1547;1510;3576;2969;1267;2214;2874;375;3391;1272;101;1273;2500;1725;3265;147;2064;1737;223;96;345;735;95;98;100;3270;2743;369;3271;3272;1365;612;3133;3423;1501;3424;1806;2646;426;1367;26;1074;2587;2487;1997;3381","1809;873;120;440;2485;2614;2477;2123;4400;4062;4402;448;3563;451;4307;3455;1204;2661;612;2483;1529;3558;4201;4030;3361;3452;2094;4028;3178;2802;3566;1962;1528;1816;2076;1862;1818;4304;3573;1526;2664;3457;449;4080;1531;122;1532;3010;2078;3930;177;2486;2092;268;117;413;884;116;119;121;3937;3300;441;3938;3939;1644;735;3769;4119;1806;4120;2176;3181;510;1648;32;1293;3113;2994;2406;4068",3757,-0.0322096042207927,-0.0224508936654222,0.0224508936654222,2.30060042646379,TRUE,TRUE,
"07_SwSIiUS","table2_treated_signup_neighbor_high","neighbor_high",82,0.0218259249401118,"Increase",-0.00975871055537053,-0.0324431794299655,-0.022684468874595,0.022684468874595,2.32453547483391,TRUE,,TRUE,"1503;726;99;368;2063;2171;2057;1762;3655;3375;3657;374;2962;377;3578;2873;1000;2212;511;2061;1270;2957;3492;3350;2794;2870;1739;3348;2643;2330;2964;1629;1269;1508;1723;1547;1510;3576;2969;1267;2214;2874;375;3391;1272;101;1273;2500;1725;3265;2064;147;1737;223;96;345;735;95;98;100;3270;2743;369;3271;3272;1365;612;3133;3423;1501;3424;1806;2646;426;1367;26;1074;2587;2487;1997;2967;3381","1809;873;120;440;2485;2614;2477;2123;4400;4062;4402;448;3563;451;4307;3455;1204;2661;612;2483;1529;3558;4201;4030;3361;3452;2094;4028;3178;2802;3566;1962;1528;1816;2076;1862;1818;4304;3573;1526;2664;3457;449;4080;1531;122;1532;3010;2078;3930;2486;177;2092;268;117;413;884;116;119;121;3937;3300;441;3938;3939;1644;735;3769;4119;1806;4120;2176;3181;510;1648;32;1293;3113;2994;2406;3570;4068",3757,-0.0324431794299655,-0.022684468874595,0.022684468874595,2.32453547483391,TRUE,TRUE,
"07_SwSIiUS","table2_treated_signup_neighbor_high","neighbor_high",83,0.0220920947564546,"Increase",-0.00975871055537053,-0.0326866603233317,-0.0229279497679612,0.0229279497679612,2.34948558396818,TRUE,,TRUE,"1503;726;99;368;2063;2171;2057;1762;3655;3375;3657;374;2962;377;3578;2873;1000;2212;2061;511;1270;2957;3492;2794;3350;2870;1739;3348;2643;2330;2964;1629;1269;1508;1723;1547;1510;2969;3576;1267;2214;2874;375;1272;3391;101;1273;2500;1725;3265;2064;147;1737;223;96;345;735;95;98;100;3270;2743;369;3271;3272;1365;612;3133;3423;1501;3424;1806;426;2646;1367;26;1074;2587;2487;2967;1997;3381;1274","1809;873;120;440;2485;2614;2477;2123;4400;4062;4402;448;3563;451;4307;3455;1204;2661;2483;612;1529;3558;4201;3361;4030;3452;2094;4028;3178;2802;3566;1962;1528;1816;2076;1862;1818;3573;4304;1526;2664;3457;449;1531;4080;122;1532;3010;2078;3930;2486;177;2092;268;117;413;884;116;119;121;3937;3300;441;3938;3939;1644;735;3769;4119;1806;4120;2176;510;3181;1648;32;1293;3113;2994;3570;2406;4068;1533",3757,-0.0326866603233317,-0.0229279497679612,0.0229279497679612,2.34948558396818,TRUE,TRUE,
"07_SwSIiUS","table2_treated_signup_neighbor_high","neighbor_high",84,0.0223582645727974,"Increase",-0.00975871055537053,-0.0329280126477312,-0.0231693020923606,0.0231693020923606,2.37421757320283,TRUE,,TRUE,"1503;726;99;368;2063;2171;2057;1762;3655;3375;3657;374;2962;377;3578;2873;1000;2212;2061;1270;511;2957;3492;2794;3350;2870;1739;3348;2330;2643;2964;1629;1269;1508;1723;1547;1510;2969;3576;1267;2214;2874;375;1272;3391;101;1273;2500;3265;1725;2064;147;1737;96;223;345;735;95;98;100;3270;2743;369;3271;3272;1365;612;3133;3423;1501;3424;1806;426;2646;1367;26;1074;2587;2487;2967;3381;1997;1274;1589","1809;873;120;440;2485;2614;2477;2123;4400;4062;4402;448;3563;451;4307;3455;1204;2661;2483;1529;612;3558;4201;3361;4030;3452;2094;4028;2802;3178;3566;1962;1528;1816;2076;1862;1818;3573;4304;1526;2664;3457;449;1531;4080;122;1532;3010;3930;2078;2486;177;2092;117;268;413;884;116;119;121;3937;3300;441;3938;3939;1644;735;3769;4119;1806;4120;2176;510;3181;1648;32;1293;3113;2994;3570;4068;2406;1533;1914",3757,-0.0329280126477312,-0.0231693020923606,0.0231693020923606,2.37421757320283,TRUE,TRUE,
"07_SwSIiUS","table2_treated_signup_neighbor_high","neighbor_high",85,0.0226244343891403,"Increase",-0.00975871055537053,-0.0331735803140062,-0.0234148697586357,0.0234148697586357,2.39938151928789,TRUE,,TRUE,"1503;726;99;368;2063;2171;2057;1762;3655;3375;3657;374;2962;377;3578;2873;1000;2212;2061;1270;511;2957;3492;2794;3350;2870;1739;3348;2330;2643;2964;1629;1269;1508;1723;1547;1510;2969;1267;3576;2214;2874;375;1272;3391;101;1273;2500;3265;1725;2064;147;1737;96;223;345;95;735;98;100;3270;2743;369;3271;3272;1365;612;3133;3423;1501;3424;1806;426;2646;1367;26;1074;2587;2487;2967;3381;1997;1274;1589;740","1809;873;120;440;2485;2614;2477;2123;4400;4062;4402;448;3563;451;4307;3455;1204;2661;2483;1529;612;3558;4201;3361;4030;3452;2094;4028;2802;3178;3566;1962;1528;1816;2076;1862;1818;3573;1526;4304;2664;3457;449;1531;4080;122;1532;3010;3930;2078;2486;177;2092;117;268;413;116;884;119;121;3937;3300;441;3938;3939;1644;735;3769;4119;1806;4120;2176;510;3181;1648;32;1293;3113;2994;3570;4068;2406;1533;1914;889",3757,-0.0331735803140062,-0.0234148697586357,0.0234148697586357,2.39938151928789,TRUE,TRUE,
"07_SwSIiUS","table2_treated_signup_neighbor_high","neighbor_high",86,0.0228906042054831,"Increase",-0.00975871055537053,-0.0334328011505376,-0.0236740905951671,0.0236740905951671,2.42594454060721,TRUE,,TRUE,"1503;726;99;368;2063;2171;2057;1762;3655;3375;3657;374;2962;377;3578;2873;1000;2212;2061;1270;511;2957;3492;2794;3350;2870;1739;3348;2330;2643;2964;1629;1269;1508;1723;1547;1510;2969;1267;3576;2214;2874;375;1272;3391;101;1273;2500;3265;2064;1725;147;1737;96;223;345;95;735;98;100;3270;2743;369;3271;3272;1365;612;3133;3423;1501;3424;1806;426;2646;1367;26;1074;2587;2487;2967;3381;1997;1274;1589;740;780","1809;873;120;440;2485;2614;2477;2123;4400;4062;4402;448;3563;451;4307;3455;1204;2661;2483;1529;612;3558;4201;3361;4030;3452;2094;4028;2802;3178;3566;1962;1528;1816;2076;1862;1818;3573;1526;4304;2664;3457;449;1531;4080;122;1532;3010;3930;2486;2078;177;2092;117;268;413;116;884;119;121;3937;3300;441;3938;3939;1644;735;3769;4119;1806;4120;2176;510;3181;1648;32;1293;3113;2994;3570;4068;2406;1533;1914;889;937",3757,-0.0334328011505376,-0.0236740905951671,0.0236740905951671,2.42594454060721,TRUE,TRUE,
"07_SwSIiUS","table2_treated_signup_neighbor_high","neighbor_high",87,0.0231567740218259,"Increase",-0.00975871055537053,-0.0336717074150597,-0.0239129968596892,0.0239129968596892,2.45042587583757,TRUE,,TRUE,"1503;726;99;368;2063;2171;2057;1762;3655;3375;3657;374;2962;377;3578;2873;1000;2212;2061;1270;511;2957;3492;2794;3350;2870;1739;3348;2330;2964;2643;1629;1269;1508;1723;1547;1510;2969;1267;3576;2214;2874;375;1272;3391;101;1273;2500;3265;2064;1725;147;96;1737;223;345;95;735;98;100;3270;2743;369;3271;3272;1365;612;3133;3423;1501;3424;1806;426;2646;1367;26;1074;2967;2587;2487;3381;1997;1274;1589;740;617;780","1809;873;120;440;2485;2614;2477;2123;4400;4062;4402;448;3563;451;4307;3455;1204;2661;2483;1529;612;3558;4201;3361;4030;3452;2094;4028;2802;3566;3178;1962;1528;1816;2076;1862;1818;3573;1526;4304;2664;3457;449;1531;4080;122;1532;3010;3930;2486;2078;177;117;2092;268;413;116;884;119;121;3937;3300;441;3938;3939;1644;735;3769;4119;1806;4120;2176;510;3181;1648;32;1293;3570;3113;2994;4068;2406;1533;1914;889;742;937",3757,-0.0336717074150597,-0.0239129968596892,0.0239129968596892,2.45042587583757,TRUE,TRUE,
"07_SwSIiUS","table2_treated_signup_neighbor_high","neighbor_high",88,0.0234229438381688,"Increase",-0.00975871055537053,-0.0339243110941987,-0.0241656005388281,0.0241656005388281,2.47631082013484,TRUE,,TRUE,"1503;726;99;368;2063;2171;2057;1762;3655;3375;3657;374;2962;377;3578;1000;2873;2212;2061;1270;511;2957;3492;2794;3350;2870;1739;3348;2330;2964;2643;1629;1269;1508;1723;1547;1510;2969;1267;3576;2214;2874;375;1272;3391;101;1273;3265;2500;2064;1725;147;96;1737;223;345;95;98;735;100;3270;2743;3271;369;3272;1365;612;3133;3423;1501;3424;1806;426;2646;1367;26;1074;2967;2587;2487;3381;1997;1274;1589;740;617;780;2798","1809;873;120;440;2485;2614;2477;2123;4400;4062;4402;448;3563;451;4307;1204;3455;2661;2483;1529;612;3558;4201;3361;4030;3452;2094;4028;2802;3566;3178;1962;1528;1816;2076;1862;1818;3573;1526;4304;2664;3457;449;1531;4080;122;1532;3930;3010;2486;2078;177;117;2092;268;413;116;119;884;121;3937;3300;3938;441;3939;1644;735;3769;4119;1806;4120;2176;510;3181;1648;32;1293;3570;3113;2994;4068;2406;1533;1914;889;742;937;3366",3757,-0.0339243110941987,-0.0241656005388281,0.0241656005388281,2.47631082013484,TRUE,TRUE,
"07_SwSIiUS","table2_treated_signup_neighbor_high","neighbor_high",89,0.0236891136545116,"Increase",-0.00975871055537053,-0.0341660468558115,-0.024407336300441,0.024407336300441,2.50108210116026,TRUE,,TRUE,"1503;726;99;368;2063;2171;2057;1762;3655;3375;3657;374;2962;377;3578;1000;2873;2212;2061;1270;511;2957;2794;3492;3350;2870;1739;3348;2330;2964;2643;1629;1269;1508;1723;1547;1510;2969;1267;3576;2214;2874;1272;375;3391;101;1273;3265;2500;2064;1725;147;96;1737;223;345;95;98;100;735;3270;2743;3271;369;3272;1365;612;3133;3423;1501;3424;1806;426;2646;1367;26;1074;2967;2487;2587;3381;1997;1274;1589;617;740;780;2798;2878","1809;873;120;440;2485;2614;2477;2123;4400;4062;4402;448;3563;451;4307;1204;3455;2661;2483;1529;612;3558;3361;4201;4030;3452;2094;4028;2802;3566;3178;1962;1528;1816;2076;1862;1818;3573;1526;4304;2664;3457;1531;449;4080;122;1532;3930;3010;2486;2078;177;117;2092;268;413;116;119;121;884;3937;3300;3938;441;3939;1644;735;3769;4119;1806;4120;2176;510;3181;1648;32;1293;3570;2994;3113;4068;2406;1533;1914;742;889;937;3366;3461",3757,-0.0341660468558115,-0.024407336300441,0.024407336300441,2.50108210116026,TRUE,TRUE,
"07_SwSIiUS","table2_treated_signup_neighbor_high","neighbor_high",90,0.0239552834708544,"Increase",-0.00975871055537053,-0.0344245231924721,-0.0246658126371016,0.0246658126371016,2.52756883167594,TRUE,,TRUE,"1503;726;99;368;2063;2171;2057;1762;3375;3655;3657;374;2962;377;3578;1000;2873;2212;2061;1270;511;2957;2794;3492;3350;2870;1739;3348;2330;2964;2643;1629;1269;1508;1723;1547;1510;2969;1267;3576;2214;2874;1272;375;3391;101;1273;3265;2064;2500;1725;147;96;1737;223;345;95;98;100;735;3270;2743;3271;369;3272;1365;612;3133;3423;1501;3424;1806;426;2646;1367;26;2967;1074;3381;2487;2587;1997;1274;1589;617;740;780;2798;2878;781","1809;873;120;440;2485;2614;2477;2123;4062;4400;4402;448;3563;451;4307;1204;3455;2661;2483;1529;612;3558;3361;4201;4030;3452;2094;4028;2802;3566;3178;1962;1528;1816;2076;1862;1818;3573;1526;4304;2664;3457;1531;449;4080;122;1532;3930;2486;3010;2078;177;117;2092;268;413;116;119;121;884;3937;3300;3938;441;3939;1644;735;3769;4119;1806;4120;2176;510;3181;1648;32;3570;1293;4068;2994;3113;2406;1533;1914;742;889;937;3366;3461;939",3757,-0.0344245231924721,-0.0246658126371016,0.0246658126371016,2.52756883167594,TRUE,TRUE,
"07_SwSIiUS","table2_treated_signup_neighbor_high","neighbor_high",91,0.0242214532871972,"Increase",-0.00975871055537053,-0.0346708200093328,-0.0249121094539623,0.0249121094539623,2.55280749568419,TRUE,,TRUE,"1503;726;99;368;2063;2057;2171;1762;3375;3655;3657;374;2962;377;3578;1000;2873;2061;2212;1270;511;2957;2794;3492;3350;2870;1739;3348;2330;2964;2643;1629;1269;1508;1723;1510;1547;2969;1267;3576;2214;2874;1272;375;3391;101;1273;3265;2064;2500;1725;96;147;1737;223;345;95;98;100;735;3270;2743;3271;369;3272;1365;612;3133;3423;1501;3424;1806;426;2646;1367;26;2967;1074;3381;2487;2587;1997;1274;1589;617;740;780;2878;2798;781;3344","1809;873;120;440;2485;2477;2614;2123;4062;4400;4402;448;3563;451;4307;1204;3455;2483;2661;1529;612;3558;3361;4201;4030;3452;2094;4028;2802;3566;3178;1962;1528;1816;2076;1818;1862;3573;1526;4304;2664;3457;1531;449;4080;122;1532;3930;2486;3010;2078;117;177;2092;268;413;116;119;121;884;3937;3300;3938;441;3939;1644;735;3769;4119;1806;4120;2176;510;3181;1648;32;3570;1293;4068;2994;3113;2406;1533;1914;742;889;937;3461;3366;939;4024",3757,-0.0346708200093328,-0.0249121094539623,0.0249121094539623,2.55280749568419,TRUE,TRUE,
"07_SwSIiUS","table2_treated_signup_neighbor_high","neighbor_high",92,0.0244876231035401,"Increase",-0.00975871055537053,-0.0349056824281554,-0.0251469718727848,0.0251469718727848,2.57687444771539,TRUE,,TRUE,"1503;726;99;368;2063;2057;2171;1762;3375;3655;3657;374;2962;377;3578;1000;2873;2061;2212;1270;511;2957;2794;3492;3350;2870;1739;3348;2330;2964;1629;2643;1269;1508;1723;1510;1547;2969;1267;3576;2214;2874;1272;375;3391;101;1273;3265;2064;2500;1725;96;147;1737;223;345;95;98;100;735;3270;2743;3271;369;3272;1365;612;3133;3423;1501;3424;1806;426;2646;1367;26;2967;1074;3381;2487;2587;1274;1997;617;1589;740;2878;780;2798;781;3344;2363","1809;873;120;440;2485;2477;2614;2123;4062;4400;4402;448;3563;451;4307;1204;3455;2483;2661;1529;612;3558;3361;4201;4030;3452;2094;4028;2802;3566;1962;3178;1528;1816;2076;1818;1862;3573;1526;4304;2664;3457;1531;449;4080;122;1532;3930;2486;3010;2078;117;177;2092;268;413;116;119;121;884;3937;3300;3938;441;3939;1644;735;3769;4119;1806;4120;2176;510;3181;1648;32;3570;1293;4068;2994;3113;1533;2406;742;1914;889;3461;937;3366;939;4024;2843",3757,-0.0349056824281554,-0.0251469718727848,0.0251469718727848,2.57687444771539,TRUE,TRUE,
"07_SwSIiUS","table2_treated_signup_neighbor_high","neighbor_high",93,0.0247537929198829,"Increase",-0.00975871055537053,-0.035138054770302,-0.0253793442149314,0.0253793442149314,2.60068623522852,TRUE,,TRUE,"1503;726;99;368;2063;2057;2171;1762;3375;3655;3657;374;2962;377;1000;3578;2873;2061;2212;1270;511;2957;2794;3492;3350;2870;1739;3348;2330;2964;1629;2643;1269;1508;1723;1510;1547;2969;1267;3576;2214;2874;1272;375;3391;101;1273;3265;2064;2500;1725;96;147;1737;345;223;95;98;100;735;3270;2743;3271;369;3272;1365;612;3133;3423;1501;3424;1806;426;2646;1367;26;2967;1074;3381;2487;2587;1274;1997;617;1589;740;2878;780;2798;781;3344;2363;3622","1809;873;120;440;2485;2477;2614;2123;4062;4400;4402;448;3563;451;1204;4307;3455;2483;2661;1529;612;3558;3361;4201;4030;3452;2094;4028;2802;3566;1962;3178;1528;1816;2076;1818;1862;3573;1526;4304;2664;3457;1531;449;4080;122;1532;3930;2486;3010;2078;117;177;2092;413;268;116;119;121;884;3937;3300;3938;441;3939;1644;735;3769;4119;1806;4120;2176;510;3181;1648;32;3570;1293;4068;2994;3113;1533;2406;742;1914;889;3461;937;3366;939;4024;2843;4360",3757,-0.035138054770302,-0.0253793442149314,0.0253793442149314,2.60068623522852,TRUE,TRUE,
"07_SwSIiUS","table2_treated_signup_neighbor_high","neighbor_high",94,0.0250199627362257,"Increase",-0.00975871055537053,-0.0353743133486218,-0.0256156027932513,0.0256156027932513,2.62489625529002,TRUE,,TRUE,"1503;726;99;368;2063;2057;2171;1762;3375;3655;3657;374;2962;377;1000;2873;3578;2061;2212;1270;2957;511;2794;3492;3350;2870;1739;3348;2330;2964;1629;2643;1269;1508;1723;1510;1547;2969;1267;3576;2214;2874;1272;375;3391;101;1273;3265;2064;2500;1725;96;147;1737;345;223;95;98;100;735;3270;2743;3271;369;3272;1365;612;3133;3423;1501;3424;1806;426;2646;1367;26;2967;3381;1074;2487;2587;1274;1997;617;1589;740;2878;780;2798;781;3344;2363;3622;1936","1809;873;120;440;2485;2477;2614;2123;4062;4400;4402;448;3563;451;1204;3455;4307;2483;2661;1529;3558;612;3361;4201;4030;3452;2094;4028;2802;3566;1962;3178;1528;1816;2076;1818;1862;3573;1526;4304;2664;3457;1531;449;4080;122;1532;3930;2486;3010;2078;117;177;2092;413;268;116;119;121;884;3937;3300;3938;441;3939;1644;735;3769;4119;1806;4120;2176;510;3181;1648;32;3570;4068;1293;2994;3113;1533;2406;742;1914;889;3461;937;3366;939;4024;2843;4360;2334",3757,-0.0353743133486218,-0.0256156027932513,0.0256156027932513,2.62489625529002,TRUE,TRUE,
"07_SwSIiUS","table2_treated_signup_neighbor_high","neighbor_high",95,0.0252861325525685,"Increase",-0.00975871055537053,-0.0356193555235183,-0.0258606449681478,0.0258606449681478,2.65000635293111,TRUE,,TRUE,"1503;726;99;368;2063;2057;2171;1762;3375;3655;3657;374;2962;377;1000;2873;3578;2061;2212;1270;2957;511;2794;3492;3350;2870;1739;3348;2330;2964;1629;2643;1269;1508;1723;1510;1547;2969;1267;3576;2214;2874;1272;375;3391;101;1273;3265;2064;2500;96;1725;147;1737;345;223;95;98;100;735;3270;2743;3271;369;3272;1365;612;3133;3423;1501;3424;1806;426;2646;1367;26;2967;3381;1074;2487;2587;1274;1997;617;1589;2878;740;780;2798;781;3344;2363;3622;1936;1633","1809;873;120;440;2485;2477;2614;2123;4062;4400;4402;448;3563;451;1204;3455;4307;2483;2661;1529;3558;612;3361;4201;4030;3452;2094;4028;2802;3566;1962;3178;1528;1816;2076;1818;1862;3573;1526;4304;2664;3457;1531;449;4080;122;1532;3930;2486;3010;117;2078;177;2092;413;268;116;119;121;884;3937;3300;3938;441;3939;1644;735;3769;4119;1806;4120;2176;510;3181;1648;32;3570;4068;1293;2994;3113;1533;2406;742;1914;3461;889;937;3366;939;4024;2843;4360;2334;1967",3757,-0.0356193555235183,-0.0258606449681478,0.0258606449681478,2.65000635293111,TRUE,TRUE,
"07_SwSIiUS","table2_treated_signup_neighbor_high","neighbor_high",96,0.0255523023689114,"Increase",-0.00975871055537053,-0.0358755485475355,-0.0261168379921649,0.0261168379921649,2.67625910656731,TRUE,,TRUE,"1503;726;99;368;2063;2057;2171;1762;3375;3655;3657;374;2962;377;1000;2873;3578;2061;1270;2212;2957;511;2794;3492;3350;2870;1739;2330;3348;2964;1629;2643;1269;1508;1723;1510;1547;2969;1267;3576;2214;2874;1272;375;3391;101;1273;3265;2064;2500;96;1725;147;1737;345;95;223;100;98;735;3270;2743;3271;369;3272;1365;612;3133;3423;1501;3424;1806;426;2646;1367;26;2967;3381;1074;2487;2587;1274;1997;617;1589;2878;740;780;2798;781;3344;2363;3622;1936;1633;707","1809;873;120;440;2485;2477;2614;2123;4062;4400;4402;448;3563;451;1204;3455;4307;2483;1529;2661;3558;612;3361;4201;4030;3452;2094;2802;4028;3566;1962;3178;1528;1816;2076;1818;1862;3573;1526;4304;2664;3457;1531;449;4080;122;1532;3930;2486;3010;117;2078;177;2092;413;116;268;121;119;884;3937;3300;3938;441;3939;1644;735;3769;4119;1806;4120;2176;510;3181;1648;32;3570;4068;1293;2994;3113;1533;2406;742;1914;3461;889;937;3366;939;4024;2843;4360;2334;1967;850",3757,-0.0358755485475355,-0.0261168379921649,0.0261168379921649,2.67625910656731,TRUE,TRUE,
"07_SwSIiUS","table2_treated_signup_neighbor_high","neighbor_high",97,0.0258184721852542,"Increase",-0.00975871055537053,-0.0361232791020635,-0.0263645685466929,0.0263645685466929,2.70164468933692,TRUE,,TRUE,"1503;726;99;368;2063;2057;2171;1762;3375;3655;374;3657;2962;377;1000;2873;3578;2061;1270;2212;2957;511;2794;3492;3350;2870;1739;2330;3348;2964;1629;2643;1269;1508;1723;1510;1547;2969;1267;3576;2214;2874;1272;375;3391;101;1273;3265;2064;2500;96;1725;147;345;1737;95;223;100;98;3270;735;2743;3271;369;3272;1365;612;3133;3423;1501;3424;1806;426;2646;1367;26;2967;3381;1074;2487;1274;2587;1997;617;1589;2878;740;780;2798;781;3344;2363;3622;1936;1633;707;1151","1809;873;120;440;2485;2477;2614;2123;4062;4400;448;4402;3563;451;1204;3455;4307;2483;1529;2661;3558;612;3361;4201;4030;3452;2094;2802;4028;3566;1962;3178;1528;1816;2076;1818;1862;3573;1526;4304;2664;3457;1531;449;4080;122;1532;3930;2486;3010;117;2078;177;413;2092;116;268;121;119;3937;884;3300;3938;441;3939;1644;735;3769;4119;1806;4120;2176;510;3181;1648;32;3570;4068;1293;2994;1533;3113;2406;742;1914;3461;889;937;3366;939;4024;2843;4360;2334;1967;850;1385",3757,-0.0361232791020635,-0.0263645685466929,0.0263645685466929,2.70164468933692,TRUE,TRUE,
"07_SwSIiUS","table2_treated_signup_neighbor_high","neighbor_high",98,0.026084642001597,"Increase",-0.00975871055537053,-0.036370307616931,-0.0266115970615605,0.0266115970615605,2.7269583323091,TRUE,,TRUE,"1503;726;99;368;2063;2057;2171;1762;3375;3655;374;3657;2962;377;1000;2873;3578;2061;1270;2212;2957;511;2794;3492;3350;2870;1739;2330;3348;2964;1629;2643;1269;1508;1723;1510;1547;2969;1267;3576;2874;2214;1272;375;3391;101;1273;2064;3265;2500;96;1725;147;345;1737;95;223;100;98;3270;735;2743;3271;369;3272;1365;612;3133;3423;1501;3424;1806;426;2646;1367;2967;26;3381;1074;2487;1274;2587;1997;617;1589;2878;740;780;2798;781;3344;2363;3622;1936;1633;707;1151;102","1809;873;120;440;2485;2477;2614;2123;4062;4400;448;4402;3563;451;1204;3455;4307;2483;1529;2661;3558;612;3361;4201;4030;3452;2094;2802;4028;3566;1962;3178;1528;1816;2076;1818;1862;3573;1526;4304;3457;2664;1531;449;4080;122;1532;2486;3930;3010;117;2078;177;413;2092;116;268;121;119;3937;884;3300;3938;441;3939;1644;735;3769;4119;1806;4120;2176;510;3181;1648;3570;32;4068;1293;2994;1533;3113;2406;742;1914;3461;889;937;3366;939;4024;2843;4360;2334;1967;850;1385;123",3757,-0.036370307616931,-0.0266115970615605,0.0266115970615605,2.7269583323091,TRUE,TRUE,
"07_SwSIiUS","table2_treated_signup_neighbor_high","neighbor_high",99,0.0263508118179398,"Increase",-0.00975871055537053,-0.0365986731799249,-0.0268399626245544,0.0268399626245544,2.75035953492682,TRUE,,TRUE,"1503;726;99;368;2063;2057;2171;1762;3375;3655;374;3657;2962;377;1000;2873;3578;2061;1270;2212;2957;511;2794;3492;3350;2870;1739;2330;3348;2964;1629;2643;1269;1508;1510;1723;2969;1547;1267;3576;2874;2214;1272;375;3391;101;1273;2064;3265;2500;96;1725;147;345;95;1737;223;100;98;3270;735;3271;2743;369;3272;1365;612;3133;3423;1501;3424;1806;426;2646;1367;2967;26;3381;2487;1074;1274;2587;617;1997;1589;2878;740;780;2798;781;3344;2363;3622;1936;1633;707;1151;102;2493","1809;873;120;440;2485;2477;2614;2123;4062;4400;448;4402;3563;451;1204;3455;4307;2483;1529;2661;3558;612;3361;4201;4030;3452;2094;2802;4028;3566;1962;3178;1528;1816;1818;2076;3573;1862;1526;4304;3457;2664;1531;449;4080;122;1532;2486;3930;3010;117;2078;177;413;116;2092;268;121;119;3937;884;3938;3300;441;3939;1644;735;3769;4119;1806;4120;2176;510;3181;1648;3570;32;4068;2994;1293;1533;3113;742;2406;1914;3461;889;937;3366;939;4024;2843;4360;2334;1967;850;1385;123;3000",3757,-0.0365986731799249,-0.0268399626245544,0.0268399626245544,2.75035953492682,TRUE,TRUE,
"07_SwSIiUS","table2_treated_signup_neighbor_high","neighbor_high",100,0.0266169816342827,"Increase",-0.00975871055537053,-0.0368254255322146,-0.027066714976844,0.027066714976844,2.77359542772261,TRUE,,TRUE,"1503;726;99;368;2063;2057;2171;1762;3375;3655;374;3657;2962;377;1000;2873;3578;2061;1270;2212;2957;511;2794;3492;2870;3350;2330;1739;3348;2964;1629;2643;1269;1508;1510;1723;2969;1547;1267;3576;2874;2214;1272;375;3391;101;1273;2064;3265;96;2500;1725;345;147;95;1737;100;223;98;3270;735;3271;2743;369;3272;612;1365;3133;3423;1501;3424;1806;426;2646;1367;2967;26;3381;2487;1074;1274;2587;617;1997;1589;2878;740;780;2798;781;3344;2363;3622;1936;1633;707;1151;102;2493;952","1809;873;120;440;2485;2477;2614;2123;4062;4400;448;4402;3563;451;1204;3455;4307;2483;1529;2661;3558;612;3361;4201;3452;4030;2802;2094;4028;3566;1962;3178;1528;1816;1818;2076;3573;1862;1526;4304;3457;2664;1531;449;4080;122;1532;2486;3930;117;3010;2078;413;177;116;2092;121;268;119;3937;884;3938;3300;441;3939;735;1644;3769;4119;1806;4120;2176;510;3181;1648;3570;32;4068;2994;1293;1533;3113;742;2406;1914;3461;889;937;3366;939;4024;2843;4360;2334;1967;850;1385;123;3000;1146",3757,-0.0368254255322146,-0.027066714976844,0.027066714976844,2.77359542772261,TRUE,TRUE,
"07_SwSIiUS","table2_treated_signup_neighbor_high","neighbor_high",101,0.0268831514506255,"Increase",-0.00975871055537053,-0.0370773257878275,-0.027318615232457,0.027318615232457,2.79940829041422,TRUE,,TRUE,"1503;726;99;368;2063;2057;2171;1762;3375;3655;374;3657;2962;377;1000;2873;2061;3578;1270;2212;2957;511;2794;3492;2870;3350;2330;1739;3348;2964;1629;2643;1269;1508;1510;1723;2969;1547;1267;3576;2874;2214;1272;375;3391;101;1273;2064;3265;96;2500;1725;345;147;95;1737;100;98;223;3270;735;3271;369;2743;3272;612;1365;3133;3423;1501;3424;1806;426;2646;1367;2967;26;3381;2487;1274;1074;2587;617;1997;2878;1589;740;780;2798;781;3344;2363;3622;1936;1633;707;1151;102;2493;952;448","1809;873;120;440;2485;2477;2614;2123;4062;4400;448;4402;3563;451;1204;3455;2483;4307;1529;2661;3558;612;3361;4201;3452;4030;2802;2094;4028;3566;1962;3178;1528;1816;1818;2076;3573;1862;1526;4304;3457;2664;1531;449;4080;122;1532;2486;3930;117;3010;2078;413;177;116;2092;121;119;268;3937;884;3938;441;3300;3939;735;1644;3769;4119;1806;4120;2176;510;3181;1648;3570;32;4068;2994;1533;1293;3113;742;2406;3461;1914;889;937;3366;939;4024;2843;4360;2334;1967;850;1385;123;3000;1146;537",3757,-0.0370773257878275,-0.027318615232457,0.027318615232457,2.79940829041422,TRUE,TRUE,
"07_SwSIiUS","table2_treated_signup_neighbor_high","neighbor_high",102,0.0271493212669683,"Increase",-0.00975871055537053,-0.0373136455604821,-0.0275549350051116,0.0275549350051116,2.82362458121552,TRUE,,TRUE,"1503;726;99;368;2063;2057;2171;1762;3375;3655;374;2962;3657;377;1000;2873;2061;3578;1270;2212;2957;511;2794;3492;2870;3350;2330;1739;2964;3348;1629;2643;1269;1508;1510;1723;2969;1547;1267;3576;2874;1272;2214;375;3391;101;1273;2064;3265;96;2500;1725;345;95;147;1737;100;98;223;3270;735;3271;369;2743;3272;612;1365;3133;3423;1501;3424;1806;426;2967;2646;1367;26;3381;1274;2487;1074;617;2587;1997;2878;1589;740;780;2798;781;3344;2363;3622;1936;1633;707;1151;2493;102;952;448;103","1809;873;120;440;2485;2477;2614;2123;4062;4400;448;3563;4402;451;1204;3455;2483;4307;1529;2661;3558;612;3361;4201;3452;4030;2802;2094;3566;4028;1962;3178;1528;1816;1818;2076;3573;1862;1526;4304;3457;1531;2664;449;4080;122;1532;2486;3930;117;3010;2078;413;116;177;2092;121;119;268;3937;884;3938;441;3300;3939;735;1644;3769;4119;1806;4120;2176;510;3570;3181;1648;32;4068;1533;2994;1293;742;3113;2406;3461;1914;889;937;3366;939;4024;2843;4360;2334;1967;850;1385;3000;123;1146;537;124",3757,-0.0373136455604821,-0.0275549350051116,0.0275549350051116,2.82362458121552,TRUE,TRUE,
"07_SwSIiUS","table2_treated_signup_neighbor_high","neighbor_high",103,0.0274154910833112,"Increase",-0.00975871055537053,-0.0375420183886007,-0.0277833078332302,0.0277833078332302,2.84702652830912,TRUE,,TRUE,"1503;726;99;368;2063;2057;2171;1762;3375;3655;374;2962;3657;377;1000;2873;2061;3578;1270;2957;2212;511;2794;3492;2870;3350;2330;1739;2964;3348;1629;2643;1269;1508;1510;1723;2969;1547;1267;3576;2874;1272;2214;375;3391;101;1273;2064;3265;96;2500;1725;345;95;147;100;1737;98;223;3270;735;3271;369;2743;3272;612;1365;3423;3133;1501;3424;1806;426;2967;2646;1367;26;3381;1274;2487;1074;617;2587;1997;2878;1589;740;780;2798;781;3344;2363;3622;1936;1633;707;2493;102;1151;952;448;103;1505","1809;873;120;440;2485;2477;2614;2123;4062;4400;448;3563;4402;451;1204;3455;2483;4307;1529;3558;2661;612;3361;4201;3452;4030;2802;2094;3566;4028;1962;3178;1528;1816;1818;2076;3573;1862;1526;4304;3457;1531;2664;449;4080;122;1532;2486;3930;117;3010;2078;413;116;177;121;2092;119;268;3937;884;3938;441;3300;3939;735;1644;4119;3769;1806;4120;2176;510;3570;3181;1648;32;4068;1533;2994;1293;742;3113;2406;3461;1914;889;937;3366;939;4024;2843;4360;2334;1967;850;3000;123;1385;1146;537;124;1812",3757,-0.0375420183886007,-0.0277833078332302,0.0277833078332302,2.84702652830912,TRUE,TRUE,
"07_SwSIiUS","table2_treated_signup_neighbor_high","neighbor_high",104,0.027681660899654,"Increase",-0.00975871055537053,-0.0377809721819883,-0.0280222616266178,0.0280222616266178,2.87151273394375,TRUE,,TRUE,"1503;726;99;368;2063;2057;2171;1762;3375;3655;374;2962;3657;377;1000;2873;2061;3578;1270;2957;2212;511;2794;3492;2870;3350;2330;1739;2964;3348;1629;2643;1269;1508;1510;1723;2969;1547;1267;3576;2874;1272;2214;375;3391;101;1273;2064;3265;96;2500;345;1725;95;147;100;98;1737;223;3270;735;3271;369;2743;3272;612;1365;3423;3133;1501;3424;1806;426;2967;2646;1367;26;3381;1274;2487;1074;617;2587;1997;2878;1589;740;780;2798;781;3344;2363;3622;1936;1633;707;2493;102;1151;952;448;103;1505;3656","1809;873;120;440;2485;2477;2614;2123;4062;4400;448;3563;4402;451;1204;3455;2483;4307;1529;3558;2661;612;3361;4201;3452;4030;2802;2094;3566;4028;1962;3178;1528;1816;1818;2076;3573;1862;1526;4304;3457;1531;2664;449;4080;122;1532;2486;3930;117;3010;413;2078;116;177;121;119;2092;268;3937;884;3938;441;3300;3939;735;1644;4119;3769;1806;4120;2176;510;3570;3181;1648;32;4068;1533;2994;1293;742;3113;2406;3461;1914;889;937;3366;939;4024;2843;4360;2334;1967;850;3000;123;1385;1146;537;124;1812;4401",3757,-0.0377809721819883,-0.0280222616266178,0.0280222616266178,2.87151273394375,TRUE,TRUE,
"07_SwSIiUS","table2_treated_signup_neighbor_high","neighbor_high",105,0.0279478307159968,"Increase",-0.00975871055537053,-0.0380040307999184,-0.0282453202445479,0.0282453202445479,2.89437012034378,TRUE,,TRUE,"1503;726;99;368;2063;2057;2171;1762;3375;3655;2962;374;3657;377;1000;2873;2061;3578;1270;2957;2212;511;2794;2870;3492;3350;2330;1739;2964;3348;1629;2643;1269;1508;1510;1723;2969;1547;1267;3576;2874;1272;2214;375;3391;101;1273;2064;3265;96;2500;345;95;1725;147;100;98;1737;223;3270;735;3271;369;2743;3272;612;1365;3423;3133;1501;3424;1806;2967;426;2646;1367;26;3381;1274;2487;1074;617;2587;1997;2878;1589;740;780;2798;781;3344;2363;3622;1936;1633;707;2493;102;1151;952;448;103;1505;3656;1013","1809;873;120;440;2485;2477;2614;2123;4062;4400;3563;448;4402;451;1204;3455;2483;4307;1529;3558;2661;612;3361;3452;4201;4030;2802;2094;3566;4028;1962;3178;1528;1816;1818;2076;3573;1862;1526;4304;3457;1531;2664;449;4080;122;1532;2486;3930;117;3010;413;116;2078;177;121;119;2092;268;3937;884;3938;441;3300;3939;735;1644;4119;3769;1806;4120;2176;3570;510;3181;1648;32;4068;1533;2994;1293;742;3113;2406;3461;1914;889;937;3366;939;4024;2843;4360;2334;1967;850;3000;123;1385;1146;537;124;1812;4401;1219",3757,-0.0380040307999184,-0.0282453202445479,0.0282453202445479,2.89437012034378,TRUE,TRUE,
"07_SwSIiUS","table2_treated_signup_neighbor_high","neighbor_high",106,0.0282140005323396,"Increase",-0.00975871055537053,-0.0382308391830799,-0.0284721286277094,0.0284721286277094,2.91761175476613,TRUE,,TRUE,"1503;726;99;368;2063;2057;2171;1762;3375;3655;2962;374;3657;377;1000;2873;2061;3578;1270;2957;2212;511;2794;2870;3492;3350;2330;1739;2964;1629;3348;2643;1269;1508;1510;2969;1723;1547;1267;3576;2874;1272;2214;375;3391;101;1273;2064;3265;96;2500;345;95;1725;100;147;98;1737;223;3270;735;3271;369;2743;3272;612;1365;3423;3133;1501;3424;1806;2967;426;1367;2646;3381;26;1274;2487;617;1074;2587;1997;2878;1589;740;780;2798;3344;781;2363;3622;1936;1633;707;2493;102;1151;952;448;103;1505;3656;1013;2968","1809;873;120;440;2485;2477;2614;2123;4062;4400;3563;448;4402;451;1204;3455;2483;4307;1529;3558;2661;612;3361;3452;4201;4030;2802;2094;3566;1962;4028;3178;1528;1816;1818;3573;2076;1862;1526;4304;3457;1531;2664;449;4080;122;1532;2486;3930;117;3010;413;116;2078;121;177;119;2092;268;3937;884;3938;441;3300;3939;735;1644;4119;3769;1806;4120;2176;3570;510;1648;3181;4068;32;1533;2994;742;1293;3113;2406;3461;1914;889;937;3366;4024;939;2843;4360;2334;1967;850;3000;123;1385;1146;537;124;1812;4401;1219;3571",3757,-0.0382308391830799,-0.0284721286277094,0.0284721286277094,2.91761175476613,TRUE,TRUE,
"07_SwSIiUS","table2_treated_signup_neighbor_high","neighbor_high",107,0.0284801703486825,"Increase",-0.00975871055537053,-0.038459192794468,-0.0287004822390975,0.0287004822390975,2.94101173267227,TRUE,,TRUE,"1503;726;99;368;2063;2057;2171;1762;3375;3655;2962;374;3657;377;1000;2873;2061;3578;1270;2957;2212;511;2794;2870;3492;3350;2330;2964;1739;1629;3348;1269;2643;1508;1510;2969;1723;1547;1267;3576;2874;1272;2214;375;3391;101;1273;2064;3265;96;2500;345;95;1725;100;98;147;1737;223;3270;735;3271;369;3272;2743;612;1365;3423;3133;1501;3424;2967;1806;426;1367;2646;3381;26;1274;2487;617;1074;2587;1997;2878;1589;740;780;3344;2798;781;2363;3622;1936;1633;707;2493;102;1151;952;448;103;1505;3656;2968;1013;1854","1809;873;120;440;2485;2477;2614;2123;4062;4400;3563;448;4402;451;1204;3455;2483;4307;1529;3558;2661;612;3361;3452;4201;4030;2802;3566;2094;1962;4028;1528;3178;1816;1818;3573;2076;1862;1526;4304;3457;1531;2664;449;4080;122;1532;2486;3930;117;3010;413;116;2078;121;119;177;2092;268;3937;884;3938;441;3939;3300;735;1644;4119;3769;1806;4120;3570;2176;510;1648;3181;4068;32;1533;2994;742;1293;3113;2406;3461;1914;889;937;4024;3366;939;2843;4360;2334;1967;850;3000;123;1385;1146;537;124;1812;4401;3571;1219;2235",3757,-0.038459192794468,-0.0287004822390975,0.0287004822390975,2.94101173267227,TRUE,TRUE,
"07_SwSIiUS","table2_treated_signup_neighbor_high","neighbor_high",108,0.0287463401650253,"Increase",-0.00975871055537053,-0.0387063518790497,-0.0289476413236792,0.0289476413236792,2.96633875545662,TRUE,,TRUE,"1503;726;99;368;2063;2057;2171;1762;3375;3655;2962;374;3657;377;1000;2873;2061;3578;1270;2957;2212;511;2794;2870;3492;3350;2330;2964;1739;1629;3348;1269;2643;1508;1510;2969;1723;1547;1267;3576;2874;1272;375;2214;3391;101;1273;2064;3265;96;345;2500;95;1725;100;98;147;1737;223;3270;735;3271;369;3272;2743;612;1365;3423;3133;1501;3424;2967;1806;426;1367;2646;3381;26;1274;617;2487;1074;2587;1997;2878;1589;740;780;3344;2798;781;2363;3622;1936;1633;707;2493;102;1151;952;448;103;1505;3656;2968;1013;1854;775","1809;873;120;440;2485;2477;2614;2123;4062;4400;3563;448;4402;451;1204;3455;2483;4307;1529;3558;2661;612;3361;3452;4201;4030;2802;3566;2094;1962;4028;1528;3178;1816;1818;3573;2076;1862;1526;4304;3457;1531;449;2664;4080;122;1532;2486;3930;117;413;3010;116;2078;121;119;177;2092;268;3937;884;3938;441;3939;3300;735;1644;4119;3769;1806;4120;3570;2176;510;1648;3181;4068;32;1533;742;2994;1293;3113;2406;3461;1914;889;937;4024;3366;939;2843;4360;2334;1967;850;3000;123;1385;1146;537;124;1812;4401;3571;1219;2235;932",3757,-0.0387063518790497,-0.0289476413236792,0.0289476413236792,2.96633875545662,TRUE,TRUE,
"07_SwSIiUS","table2_treated_signup_neighbor_high","neighbor_high",109,0.0290125099813681,"Increase",-0.00975871055537053,-0.038934039254768,-0.0291753286993974,0.0291753286993974,2.98967046249172,TRUE,,TRUE,"1503;726;99;368;2063;2057;2171;1762;3375;3655;2962;374;3657;377;1000;2873;2061;3578;1270;2957;2212;511;2794;2870;3492;3350;2330;2964;1739;1629;3348;1269;2643;1508;1510;2969;1723;1547;1267;3576;2874;1272;375;2214;3391;101;1273;2064;3265;96;345;95;2500;1725;100;98;147;1737;223;3270;735;3271;369;3272;2743;612;1365;3423;3133;1501;3424;2967;1806;426;1367;2646;3381;26;1274;617;2487;1074;2587;1997;2878;1589;740;780;3344;2798;781;2363;3622;1936;1633;707;2493;102;1151;952;448;103;1505;3656;2968;1013;1854;775;1357","1809;873;120;440;2485;2477;2614;2123;4062;4400;3563;448;4402;451;1204;3455;2483;4307;1529;3558;2661;612;3361;3452;4201;4030;2802;3566;2094;1962;4028;1528;3178;1816;1818;3573;2076;1862;1526;4304;3457;1531;449;2664;4080;122;1532;2486;3930;117;413;116;3010;2078;121;119;177;2092;268;3937;884;3938;441;3939;3300;735;1644;4119;3769;1806;4120;3570;2176;510;1648;3181;4068;32;1533;742;2994;1293;3113;2406;3461;1914;889;937;4024;3366;939;2843;4360;2334;1967;850;3000;123;1385;1146;537;124;1812;4401;3571;1219;2235;932;1636",3757,-0.038934039254768,-0.0291753286993974,0.0291753286993974,2.98967046249172,TRUE,TRUE,
"07_SwSIiUS","table2_treated_signup_neighbor_high","neighbor_high",110,0.0292786797977109,"Increase",-0.00975871055537053,-0.0391771555468947,-0.0294184449915241,0.0294184449915241,3.01458321000557,TRUE,,TRUE,"1503;726;99;368;2063;2057;2171;1762;3375;3655;2962;374;3657;377;1000;2873;2061;3578;1270;2957;2212;511;2794;2870;3492;3350;2330;2964;1629;1739;3348;1269;2643;1508;1510;2969;1723;1267;1547;3576;2874;1272;375;2214;3391;101;1273;2064;3265;96;345;95;2500;100;1725;98;147;1737;223;3270;735;3271;369;3272;2743;612;1365;3423;3133;1501;3424;2967;1806;426;1367;2646;3381;26;1274;617;2487;1074;2587;1997;2878;1589;740;780;3344;781;2798;2363;3622;1936;1633;707;2493;102;1151;952;103;1505;448;3656;2968;1013;1854;775;1357;97","1809;873;120;440;2485;2477;2614;2123;4062;4400;3563;448;4402;451;1204;3455;2483;4307;1529;3558;2661;612;3361;3452;4201;4030;2802;3566;1962;2094;4028;1528;3178;1816;1818;3573;2076;1526;1862;4304;3457;1531;449;2664;4080;122;1532;2486;3930;117;413;116;3010;121;2078;119;177;2092;268;3937;884;3938;441;3939;3300;735;1644;4119;3769;1806;4120;3570;2176;510;1648;3181;4068;32;1533;742;2994;1293;3113;2406;3461;1914;889;937;4024;939;3366;2843;4360;2334;1967;850;3000;123;1385;1146;124;1812;537;4401;3571;1219;2235;932;1636;118",3757,-0.0391771555468947,-0.0294184449915241,0.0294184449915241,3.01458321000557,TRUE,TRUE,
"07_SwSIiUS","table2_treated_signup_neighbor_high","neighbor_high",111,0.0295448496140538,"Increase",-0.00975871055537053,-0.0394302411797428,-0.0296715306243723,0.0296715306243723,3.04051754133061,TRUE,,TRUE,"1503;726;99;368;2063;2057;2171;1762;3375;3655;2962;374;3657;377;1000;2061;2873;1270;3578;2957;2212;511;2794;2870;3492;3350;2330;2964;1629;1739;3348;1269;2643;1508;1510;2969;1723;1267;1547;3576;2874;1272;375;2214;3391;101;1273;2064;3265;96;345;95;2500;100;98;1725;147;1737;3270;223;735;3271;369;3272;2743;612;1365;3423;3133;1501;2967;3424;1806;426;1367;3381;2646;26;1274;617;2487;1074;2587;2878;1997;1589;740;780;3344;781;2798;2363;3622;1936;1633;707;2493;102;1151;952;103;1505;448;3656;2968;1013;1854;775;97;1357;1765","1809;873;120;440;2485;2477;2614;2123;4062;4400;3563;448;4402;451;1204;2483;3455;1529;4307;3558;2661;612;3361;3452;4201;4030;2802;3566;1962;2094;4028;1528;3178;1816;1818;3573;2076;1526;1862;4304;3457;1531;449;2664;4080;122;1532;2486;3930;117;413;116;3010;121;119;2078;177;2092;3937;268;884;3938;441;3939;3300;735;1644;4119;3769;1806;3570;4120;2176;510;1648;4068;3181;32;1533;742;2994;1293;3113;3461;2406;1914;889;937;4024;939;3366;2843;4360;2334;1967;850;3000;123;1385;1146;124;1812;537;4401;3571;1219;2235;932;118;1636;2126",3757,-0.0394302411797428,-0.0296715306243723,0.0296715306243723,3.04051754133061,TRUE,TRUE,
"07_SwSIiUS","table2_treated_signup_neighbor_high","neighbor_high",112,0.0298110194303966,"Increase",-0.00975871055537053,-0.0396662996908466,-0.0299075891354761,0.0299075891354761,3.06470705999339,TRUE,,TRUE,"1503;726;99;368;2063;2057;2171;1762;3375;3655;2962;374;3657;377;1000;2061;2873;1270;3578;2957;2212;511;2794;2870;3492;3350;2330;2964;1629;1739;3348;1269;2643;1508;1510;2969;1723;1267;1547;3576;2874;1272;375;2214;3391;101;1273;2064;3265;96;95;345;2500;100;98;1725;147;1737;3270;223;735;3271;369;3272;2743;612;1365;3423;3133;1501;2967;3424;1806;426;3381;1367;2646;1274;26;617;2487;1074;2587;2878;1997;1589;740;780;3344;781;2798;3622;2363;1936;1633;707;2493;102;1151;952;103;1505;448;3656;2968;1013;1854;775;97;1357;1765;373","1809;873;120;440;2485;2477;2614;2123;4062;4400;3563;448;4402;451;1204;2483;3455;1529;4307;3558;2661;612;3361;3452;4201;4030;2802;3566;1962;2094;4028;1528;3178;1816;1818;3573;2076;1526;1862;4304;3457;1531;449;2664;4080;122;1532;2486;3930;117;116;413;3010;121;119;2078;177;2092;3937;268;884;3938;441;3939;3300;735;1644;4119;3769;1806;3570;4120;2176;510;4068;1648;3181;1533;32;742;2994;1293;3113;3461;2406;1914;889;937;4024;939;3366;4360;2843;2334;1967;850;3000;123;1385;1146;124;1812;537;4401;3571;1219;2235;932;118;1636;2126;447",3757,-0.0396662996908466,-0.0299075891354761,0.0299075891354761,3.06470705999339,TRUE,TRUE,
"07_SwSIiUS","table2_treated_signup_neighbor_high","neighbor_high",113,0.0300771892467394,"Increase",-0.00975871055537053,-0.0399147781359362,-0.0301560675805657,0.0301560675805657,3.09016928101939,TRUE,,TRUE,"1503;726;99;368;2063;2057;2171;1762;3375;3655;2962;374;3657;377;1000;2061;2873;1270;3578;2957;2212;511;2794;2870;3492;3350;2330;2964;1629;1739;3348;1269;2643;1508;1510;2969;1723;1267;1547;3576;1272;2874;375;2214;101;3391;1273;2064;3265;96;95;345;100;2500;98;1725;147;1737;3270;223;735;3271;369;3272;2743;612;1365;3423;3133;1501;2967;3424;1806;426;3381;1367;2646;1274;26;617;2487;1074;2587;2878;1997;1589;740;3344;780;781;2798;3622;2363;1936;1633;707;2493;102;1151;952;1505;103;448;3656;2968;1013;1854;775;97;1357;1765;373;776","1809;873;120;440;2485;2477;2614;2123;4062;4400;3563;448;4402;451;1204;2483;3455;1529;4307;3558;2661;612;3361;3452;4201;4030;2802;3566;1962;2094;4028;1528;3178;1816;1818;3573;2076;1526;1862;4304;1531;3457;449;2664;122;4080;1532;2486;3930;117;116;413;121;3010;119;2078;177;2092;3937;268;884;3938;441;3939;3300;735;1644;4119;3769;1806;3570;4120;2176;510;4068;1648;3181;1533;32;742;2994;1293;3113;3461;2406;1914;889;4024;937;939;3366;4360;2843;2334;1967;850;3000;123;1385;1146;1812;124;537;4401;3571;1219;2235;932;118;1636;2126;447;933",3757,-0.0399147781359362,-0.0301560675805657,0.0301560675805657,3.09016928101939,TRUE,TRUE,
"07_SwSIiUS","table2_treated_signup_neighbor_high","neighbor_high",114,0.0303433590630822,"Increase",-0.00975871055537053,-0.0401561831313552,-0.0303974725759846,0.0303974725759846,3.11490666758796,TRUE,,TRUE,"1503;726;99;368;2063;2057;2171;1762;3375;3655;2962;374;3657;377;1000;2061;2873;1270;3578;2957;2212;511;2794;2870;3492;3350;2330;2964;1629;1739;3348;1269;1508;2643;1510;2969;1723;1267;1547;3576;1272;2874;375;2214;101;3391;1273;2064;3265;96;95;345;100;2500;98;1725;147;1737;3270;223;735;3271;369;3272;2743;612;1365;3423;3133;1501;2967;3424;1806;426;3381;1367;2646;1274;617;26;2487;1074;2587;2878;1997;1589;740;3344;780;781;2798;3622;2363;1936;1633;2493;707;102;1151;952;1505;103;448;3656;2968;1013;1854;97;775;1357;1765;373;776;2589","1809;873;120;440;2485;2477;2614;2123;4062;4400;3563;448;4402;451;1204;2483;3455;1529;4307;3558;2661;612;3361;3452;4201;4030;2802;3566;1962;2094;4028;1528;1816;3178;1818;3573;2076;1526;1862;4304;1531;3457;449;2664;122;4080;1532;2486;3930;117;116;413;121;3010;119;2078;177;2092;3937;268;884;3938;441;3939;3300;735;1644;4119;3769;1806;3570;4120;2176;510;4068;1648;3181;1533;742;32;2994;1293;3113;3461;2406;1914;889;4024;937;939;3366;4360;2843;2334;1967;3000;850;123;1385;1146;1812;124;537;4401;3571;1219;2235;118;932;1636;2126;447;933;3115",3757,-0.0401561831313552,-0.0303974725759846,0.0303974725759846,3.11490666758796,TRUE,TRUE,
"07_SwSIiUS","table2_treated_signup_neighbor_high","neighbor_high",115,0.0306095288794251,"Increase",-0.00975871055537053,-0.0403786957715986,-0.0306199852162281,0.0306199852162281,3.13770810625969,TRUE,,TRUE,"1503;726;99;368;2063;2057;2171;1762;3375;3655;2962;374;3657;377;1000;2061;2873;1270;3578;2957;2212;511;2794;2870;3492;3350;2330;2964;1629;1739;3348;1269;1508;2643;1510;2969;1723;1267;1547;3576;1272;2874;375;2214;101;3391;1273;2064;3265;96;95;345;100;98;2500;1725;147;3270;1737;223;735;3271;369;3272;2743;612;1365;3423;3133;1501;2967;3424;1806;426;3381;1367;2646;1274;617;26;2487;1074;2878;2587;1997;1589;740;3344;780;781;2798;3622;2363;1936;1633;2493;707;102;1151;952;1505;103;448;3656;2968;1013;1854;97;775;1357;373;1765;776;2589;730","1809;873;120;440;2485;2477;2614;2123;4062;4400;3563;448;4402;451;1204;2483;3455;1529;4307;3558;2661;612;3361;3452;4201;4030;2802;3566;1962;2094;4028;1528;1816;3178;1818;3573;2076;1526;1862;4304;1531;3457;449;2664;122;4080;1532;2486;3930;117;116;413;121;119;3010;2078;177;3937;2092;268;884;3938;441;3939;3300;735;1644;4119;3769;1806;3570;4120;2176;510;4068;1648;3181;1533;742;32;2994;1293;3461;3113;2406;1914;889;4024;937;939;3366;4360;2843;2334;1967;3000;850;123;1385;1146;1812;124;537;4401;3571;1219;2235;118;932;1636;447;2126;933;3115;878",3757,-0.0403786957715986,-0.0306199852162281,0.0306199852162281,3.13770810625969,TRUE,TRUE,
"07_SwSIiUS","table2_treated_signup_neighbor_high","neighbor_high",116,0.0308756986957679,"Increase",-0.00975871055537053,-0.0406025802372576,-0.0308438696818871,0.0308438696818871,3.16065011938618,TRUE,,TRUE,"1503;726;99;368;2063;2057;2171;1762;3375;3655;2962;374;3657;377;1000;2061;2873;1270;3578;2957;2212;511;2794;2870;3492;3350;2330;2964;1629;1739;3348;1269;1508;2643;1510;2969;1723;1267;1547;3576;1272;2874;375;2214;101;3391;1273;2064;3265;96;95;345;100;98;2500;1725;147;3270;1737;223;3271;735;369;3272;2743;612;1365;3423;3133;1501;2967;3424;1806;426;3381;1367;1274;2646;617;26;2487;1074;2878;2587;1997;1589;740;3344;780;781;2798;3622;2363;1936;2493;1633;102;707;1151;1505;103;952;448;2968;3656;97;1013;1854;775;1357;373;1765;776;2589;730;1777","1809;873;120;440;2485;2477;2614;2123;4062;4400;3563;448;4402;451;1204;2483;3455;1529;4307;3558;2661;612;3361;3452;4201;4030;2802;3566;1962;2094;4028;1528;1816;3178;1818;3573;2076;1526;1862;4304;1531;3457;449;2664;122;4080;1532;2486;3930;117;116;413;121;119;3010;2078;177;3937;2092;268;3938;884;441;3939;3300;735;1644;4119;3769;1806;3570;4120;2176;510;4068;1648;1533;3181;742;32;2994;1293;3461;3113;2406;1914;889;4024;937;939;3366;4360;2843;2334;3000;1967;123;850;1385;1812;124;1146;537;3571;4401;118;1219;2235;932;1636;447;2126;933;3115;878;2141",3757,-0.0406025802372576,-0.0308438696818871,0.0308438696818871,3.16065011938618,TRUE,TRUE,
"07_SwSIiUS","table2_treated_signup_neighbor_high","neighbor_high",117,0.0311418685121107,"Increase",-0.00975871055537053,-0.0408236922312743,-0.0310649816759038,0.0310649816759038,3.183308030261,TRUE,,TRUE,"1503;726;99;368;2063;2057;2171;1762;3375;3655;2962;374;3657;377;1000;2061;2873;1270;3578;2957;2212;511;2794;2870;3492;3350;2330;2964;1629;1739;3348;1269;1508;2643;1510;2969;1723;1267;1547;3576;1272;2874;375;2214;101;3391;1273;2064;3265;96;95;345;100;98;2500;1725;147;3270;1737;223;3271;735;369;3272;2743;612;1365;3423;3133;1501;2967;3424;1806;3381;426;1367;1274;617;2646;26;2487;1074;2878;2587;1997;1589;740;3344;780;781;2798;3622;2363;1936;2493;1633;102;707;1151;1505;103;952;448;2968;3656;97;1013;1854;775;1357;373;1765;776;2589;730;1777;75","1809;873;120;440;2485;2477;2614;2123;4062;4400;3563;448;4402;451;1204;2483;3455;1529;4307;3558;2661;612;3361;3452;4201;4030;2802;3566;1962;2094;4028;1528;1816;3178;1818;3573;2076;1526;1862;4304;1531;3457;449;2664;122;4080;1532;2486;3930;117;116;413;121;119;3010;2078;177;3937;2092;268;3938;884;441;3939;3300;735;1644;4119;3769;1806;3570;4120;2176;4068;510;1648;1533;742;3181;32;2994;1293;3461;3113;2406;1914;889;4024;937;939;3366;4360;2843;2334;3000;1967;123;850;1385;1812;124;1146;537;3571;4401;118;1219;2235;932;1636;447;2126;933;3115;878;2141;90",3757,-0.0408236922312743,-0.0310649816759038,0.0310649816759038,3.183308030261,TRUE,TRUE,
"07_SwSIiUS","table2_treated_signup_neighbor_high","neighbor_high",118,0.0314080383284536,"Increase",-0.00975871055537053,-0.04106749067772,-0.0313087801223495,0.0313087801223495,3.20829067987053,TRUE,,TRUE,"1503;726;99;368;2063;2057;2171;1762;3375;3655;2962;374;3657;377;1000;2061;2873;1270;3578;2957;2212;511;2794;2870;3492;3350;2330;2964;1629;1739;3348;1269;1508;2643;1510;2969;1723;1267;1547;3576;1272;2874;375;2214;101;3391;1273;2064;3265;96;95;345;100;98;2500;1725;3270;147;1737;223;3271;735;369;3272;2743;612;1365;3423;3133;1501;2967;3424;1806;3381;426;1274;1367;617;2646;26;2487;1074;2878;2587;1997;1589;740;3344;780;781;2798;3622;2363;2493;1936;1633;102;707;1505;1151;103;952;448;2968;3656;97;1013;1854;775;1357;373;1765;776;2589;730;1777;75;2572","1809;873;120;440;2485;2477;2614;2123;4062;4400;3563;448;4402;451;1204;2483;3455;1529;4307;3558;2661;612;3361;3452;4201;4030;2802;3566;1962;2094;4028;1528;1816;3178;1818;3573;2076;1526;1862;4304;1531;3457;449;2664;122;4080;1532;2486;3930;117;116;413;121;119;3010;2078;3937;177;2092;268;3938;884;441;3939;3300;735;1644;4119;3769;1806;3570;4120;2176;4068;510;1533;1648;742;3181;32;2994;1293;3461;3113;2406;1914;889;4024;937;939;3366;4360;2843;3000;2334;1967;123;850;1812;1385;124;1146;537;3571;4401;118;1219;2235;932;1636;447;2126;933;3115;878;2141;90;3095",3757,-0.04106749067772,-0.0313087801223495,0.0313087801223495,3.20829067987053,TRUE,TRUE,
"07_SwSIiUS","table2_treated_signup_neighbor_high","neighbor_high",119,0.0316742081447964,"Increase",-0.00975871055537053,-0.0412902926316218,-0.0315315820762513,0.0315315820762513,3.23112176525191,TRUE,,TRUE,"1503;726;99;368;2063;2057;2171;1762;3375;2962;3655;374;3657;377;1000;2061;2873;1270;3578;2957;2212;511;2794;2870;3492;3350;2330;2964;1629;1739;3348;1269;1508;2643;1510;2969;1723;1267;1547;3576;1272;2874;375;2214;101;3391;1273;2064;3265;96;95;345;100;98;2500;1725;3270;147;1737;223;3271;735;369;3272;2743;612;1365;3423;3133;1501;2967;3424;3381;1806;426;1274;617;1367;2646;26;2487;1074;2878;2587;1997;1589;3344;740;780;781;2798;3622;2363;2493;1936;102;1633;707;1505;103;1151;952;448;2968;3656;97;1013;1854;775;1357;373;1765;776;2589;730;1777;75;2572;869","1809;873;120;440;2485;2477;2614;2123;4062;3563;4400;448;4402;451;1204;2483;3455;1529;4307;3558;2661;612;3361;3452;4201;4030;2802;3566;1962;2094;4028;1528;1816;3178;1818;3573;2076;1526;1862;4304;1531;3457;449;2664;122;4080;1532;2486;3930;117;116;413;121;119;3010;2078;3937;177;2092;268;3938;884;441;3939;3300;735;1644;4119;3769;1806;3570;4120;4068;2176;510;1533;742;1648;3181;32;2994;1293;3461;3113;2406;1914;4024;889;937;939;3366;4360;2843;3000;2334;123;1967;850;1812;124;1385;1146;537;3571;4401;118;1219;2235;932;1636;447;2126;933;3115;878;2141;90;3095;1046",3757,-0.0412902926316218,-0.0315315820762513,0.0315315820762513,3.23112176525191,TRUE,TRUE,
"07_SwSIiUS","table2_treated_signup_neighbor_high","neighbor_high",120,0.0319403779611392,"Increase",-0.00975871055537053,-0.041538592043059,-0.0317798814876885,0.0317798814876885,3.25656564024219,TRUE,,TRUE,"1503;726;99;368;2063;2057;2171;1762;3375;2962;3655;374;3657;377;1000;2061;2873;1270;2957;3578;2212;511;2794;2870;3492;3350;2330;2964;1629;1739;3348;1269;1508;2643;1510;2969;1267;1723;1547;1272;3576;2874;375;2214;101;3391;1273;2064;3265;96;95;345;100;98;2500;1725;3270;147;1737;223;3271;735;369;3272;612;2743;1365;3423;3133;1501;2967;3424;3381;1806;426;617;1274;1367;2646;26;2487;1074;2878;2587;1997;1589;3344;740;780;781;2798;3622;2363;2493;1936;102;1633;707;1505;103;1151;952;448;2968;3656;97;1013;1854;775;1357;373;1765;776;730;2589;1777;75;2572;869;563","1809;873;120;440;2485;2477;2614;2123;4062;3563;4400;448;4402;451;1204;2483;3455;1529;3558;4307;2661;612;3361;3452;4201;4030;2802;3566;1962;2094;4028;1528;1816;3178;1818;3573;1526;2076;1862;1531;4304;3457;449;2664;122;4080;1532;2486;3930;117;116;413;121;119;3010;2078;3937;177;2092;268;3938;884;441;3939;735;3300;1644;4119;3769;1806;3570;4120;4068;2176;510;742;1533;1648;3181;32;2994;1293;3461;3113;2406;1914;4024;889;937;939;3366;4360;2843;3000;2334;123;1967;850;1812;124;1385;1146;537;3571;4401;118;1219;2235;932;1636;447;2126;933;878;3115;2141;90;3095;1046;676",3757,-0.041538592043059,-0.0317798814876885,0.0317798814876885,3.25656564024219,TRUE,TRUE,
"07_SwSIiUS","table2_treated_signup_neighbor_high","neighbor_high",121,0.032206547777482,"Increase",-0.00975871055537053,-0.041781359208453,-0.0320226486530825,0.0320226486530825,3.28144261184787,TRUE,,TRUE,"1503;726;99;368;2063;2057;2171;1762;3375;2962;3655;374;3657;377;1000;2061;2873;1270;2957;3578;2212;511;2794;2870;3492;3350;2330;1629;2964;1739;3348;1269;1508;2643;1510;2969;1267;1723;1547;1272;3576;2874;375;2214;101;3391;1273;2064;3265;96;95;345;100;98;2500;1725;3270;147;1737;223;3271;735;369;3272;612;2743;1365;3423;3133;1501;2967;3424;3381;1806;426;617;1274;1367;2646;26;2487;1074;2878;2587;1997;1589;3344;740;780;781;2798;3622;2363;2493;102;1936;1633;707;1505;103;1151;952;448;2968;3656;97;1013;1854;775;373;1357;1765;776;730;2589;1777;75;2572;869;563;1882","1809;873;120;440;2485;2477;2614;2123;4062;3563;4400;448;4402;451;1204;2483;3455;1529;3558;4307;2661;612;3361;3452;4201;4030;2802;1962;3566;2094;4028;1528;1816;3178;1818;3573;1526;2076;1862;1531;4304;3457;449;2664;122;4080;1532;2486;3930;117;116;413;121;119;3010;2078;3937;177;2092;268;3938;884;441;3939;735;3300;1644;4119;3769;1806;3570;4120;4068;2176;510;742;1533;1648;3181;32;2994;1293;3461;3113;2406;1914;4024;889;937;939;3366;4360;2843;3000;123;2334;1967;850;1812;124;1385;1146;537;3571;4401;118;1219;2235;932;447;1636;2126;933;878;3115;2141;90;3095;1046;676;2268",3757,-0.041781359208453,-0.0320226486530825,0.0320226486530825,3.28144261184787,TRUE,TRUE,
"07_SwSIiUS","table2_treated_signup_neighbor_high","neighbor_high",122,0.0324727175938249,"Increase",-0.00975871055537053,-0.0420240259150262,-0.0322653153596557,0.0322653153596557,3.30630928918156,TRUE,,TRUE,"1503;726;99;368;2063;2057;2171;1762;3375;2962;3655;374;3657;377;1000;2061;2873;1270;2957;3578;2212;511;2794;2870;3350;3492;2330;1629;2964;1739;3348;1269;1508;2643;1510;2969;1267;1723;1547;1272;2874;3576;375;2214;101;3391;1273;2064;3265;96;95;345;100;98;2500;1725;3270;147;1737;223;3271;735;369;3272;612;2743;1365;3423;3133;1501;2967;3424;3381;1806;617;426;1274;1367;2646;26;2487;1074;2878;2587;1997;3344;1589;740;780;781;2798;3622;2363;2493;102;1936;1633;707;1505;103;1151;952;448;2968;3656;97;1013;1854;775;373;1357;1765;776;730;2589;1777;75;2572;869;563;1882;2574","1809;873;120;440;2485;2477;2614;2123;4062;3563;4400;448;4402;451;1204;2483;3455;1529;3558;4307;2661;612;3361;3452;4030;4201;2802;1962;3566;2094;4028;1528;1816;3178;1818;3573;1526;2076;1862;1531;3457;4304;449;2664;122;4080;1532;2486;3930;117;116;413;121;119;3010;2078;3937;177;2092;268;3938;884;441;3939;735;3300;1644;4119;3769;1806;3570;4120;4068;2176;742;510;1533;1648;3181;32;2994;1293;3461;3113;2406;4024;1914;889;937;939;3366;4360;2843;3000;123;2334;1967;850;1812;124;1385;1146;537;3571;4401;118;1219;2235;932;447;1636;2126;933;878;3115;2141;90;3095;1046;676;2268;3097",3757,-0.0420240259150262,-0.0322653153596557,0.0322653153596557,3.30630928918156,TRUE,TRUE,
"07_SwSIiUS","table2_treated_signup_neighbor_high","neighbor_high",123,0.0327388874101677,"Increase",-0.00975871055537053,-0.0422542692582528,-0.0324955587028823,0.0324955587028823,3.32990291273666,TRUE,,TRUE,"1503;726;99;368;2063;2057;2171;1762;3375;2962;3655;374;3657;377;1000;2061;2873;1270;2957;3578;2212;511;2794;2870;3350;3492;2330;1629;2964;1739;3348;1269;1508;2643;1510;2969;1267;1723;1547;1272;2874;3576;375;2214;101;3391;1273;2064;3265;96;95;345;100;98;2500;1725;3270;147;1737;223;3271;735;369;3272;612;2743;1365;3423;3133;1501;2967;3424;3381;617;1806;1274;426;1367;2646;26;2487;2878;1074;2587;1997;3344;1589;740;780;781;2798;3622;2363;2493;102;1936;1633;707;1505;103;1151;952;2968;448;3656;97;1013;1854;373;775;1357;1765;776;730;2589;1777;75;2572;869;563;1882;2574;3136","1809;873;120;440;2485;2477;2614;2123;4062;3563;4400;448;4402;451;1204;2483;3455;1529;3558;4307;2661;612;3361;3452;4030;4201;2802;1962;3566;2094;4028;1528;1816;3178;1818;3573;1526;2076;1862;1531;3457;4304;449;2664;122;4080;1532;2486;3930;117;116;413;121;119;3010;2078;3937;177;2092;268;3938;884;441;3939;735;3300;1644;4119;3769;1806;3570;4120;4068;742;2176;1533;510;1648;3181;32;2994;3461;1293;3113;2406;4024;1914;889;937;939;3366;4360;2843;3000;123;2334;1967;850;1812;124;1385;1146;3571;537;4401;118;1219;2235;447;932;1636;2126;933;878;3115;2141;90;3095;1046;676;2268;3097;3772",3757,-0.0422542692582528,-0.0324955587028823,0.0324955587028823,3.32990291273666,TRUE,TRUE,
"07_SwSIiUS","table2_treated_signup_neighbor_high","neighbor_high",124,0.0330050572265105,"Increase",-0.00975871055537053,-0.0424689049784009,-0.0327101944230303,0.0327101944230303,3.351897183284,TRUE,,TRUE,"1503;726;99;368;2063;2057;2171;1762;3375;2962;3655;374;3657;377;1000;2061;2873;1270;2957;3578;2212;511;2794;2870;3350;3492;2330;1629;2964;1739;3348;1269;1508;2643;1510;2969;1267;1723;1547;1272;2874;3576;375;2214;101;3391;1273;2064;3265;96;95;345;100;98;2500;3270;1725;147;1737;223;3271;369;735;3272;612;2743;1365;3423;3133;1501;2967;3424;3381;617;1274;1806;426;1367;2646;26;2487;2878;1074;2587;1997;3344;1589;740;780;781;3622;2798;2363;2493;102;1936;1633;707;1505;103;1151;952;2968;448;3656;97;1013;1854;373;775;1357;1765;776;730;2589;1777;75;869;2572;563;1882;2574;3136;731","1809;873;120;440;2485;2477;2614;2123;4062;3563;4400;448;4402;451;1204;2483;3455;1529;3558;4307;2661;612;3361;3452;4030;4201;2802;1962;3566;2094;4028;1528;1816;3178;1818;3573;1526;2076;1862;1531;3457;4304;449;2664;122;4080;1532;2486;3930;117;116;413;121;119;3010;3937;2078;177;2092;268;3938;441;884;3939;735;3300;1644;4119;3769;1806;3570;4120;4068;742;1533;2176;510;1648;3181;32;2994;3461;1293;3113;2406;4024;1914;889;937;939;4360;3366;2843;3000;123;2334;1967;850;1812;124;1385;1146;3571;537;4401;118;1219;2235;447;932;1636;2126;933;878;3115;2141;90;1046;3095;676;2268;3097;3772;879",3757,-0.0424689049784009,-0.0327101944230303,0.0327101944230303,3.351897183284,TRUE,TRUE,
"07_SwSIiUS","table2_treated_signup_neighbor_high","neighbor_high",125,0.0332712270428533,"Increase",-0.00975871055537053,-0.0427108455753241,-0.0329521350199536,0.0329521350199536,3.37668945430695,TRUE,,TRUE,"1503;726;99;368;2063;2057;2171;1762;3375;2962;3655;374;3657;377;2061;1000;2873;1270;2957;3578;2212;511;2794;2870;3350;3492;2330;1629;2964;1739;3348;1269;1508;2643;1510;2969;1267;1723;1547;1272;2874;3576;375;2214;101;3391;1273;2064;3265;96;95;345;100;98;2500;3270;1725;147;1737;223;3271;369;735;3272;612;2743;1365;3423;3133;1501;2967;3424;3381;617;1274;1806;426;1367;2646;26;2487;2878;1074;2587;1997;3344;1589;740;780;781;3622;2798;2363;2493;102;1936;1633;707;1505;103;1151;952;2968;448;3656;97;373;1013;1854;775;1357;1765;776;730;2589;1777;869;75;2572;563;1882;2574;3136;731;1081","1809;873;120;440;2485;2477;2614;2123;4062;3563;4400;448;4402;451;2483;1204;3455;1529;3558;4307;2661;612;3361;3452;4030;4201;2802;1962;3566;2094;4028;1528;1816;3178;1818;3573;1526;2076;1862;1531;3457;4304;449;2664;122;4080;1532;2486;3930;117;116;413;121;119;3010;3937;2078;177;2092;268;3938;441;884;3939;735;3300;1644;4119;3769;1806;3570;4120;4068;742;1533;2176;510;1648;3181;32;2994;3461;1293;3113;2406;4024;1914;889;937;939;4360;3366;2843;3000;123;2334;1967;850;1812;124;1385;1146;3571;537;4401;118;447;1219;2235;932;1636;2126;933;878;3115;2141;1046;90;3095;676;2268;3097;3772;879;1302",3757,-0.0427108455753241,-0.0329521350199536,0.0329521350199536,3.37668945430695,TRUE,TRUE,
"07_SwSIiUS","table2_treated_signup_neighbor_high","neighbor_high",126,0.0335373968591962,"Increase",-0.00975871055537053,-0.0429420191711083,-0.0331833086157378,0.0331833086157378,3.40037840321803,TRUE,,TRUE,"1503;726;99;368;2063;2057;2171;1762;3375;2962;3655;374;377;3657;2061;1000;2873;1270;2957;3578;2212;511;2794;2870;3350;3492;2330;1629;2964;1739;3348;1269;1508;2643;1510;2969;1267;1723;1547;1272;2874;3576;375;2214;101;3391;1273;2064;3265;96;95;345;100;98;2500;3270;1725;147;1737;223;3271;369;735;3272;612;2743;1365;3423;3133;1501;2967;3424;3381;617;1274;1806;426;1367;2646;26;2487;2878;1074;2587;1997;3344;1589;740;780;781;3622;2798;2363;2493;102;1936;1633;707;1505;103;1151;952;2968;448;3656;97;373;1013;1854;775;1357;1765;776;730;2589;1777;869;75;2572;563;1882;2574;3136;731;1081;1720","1809;873;120;440;2485;2477;2614;2123;4062;3563;4400;448;451;4402;2483;1204;3455;1529;3558;4307;2661;612;3361;3452;4030;4201;2802;1962;3566;2094;4028;1528;1816;3178;1818;3573;1526;2076;1862;1531;3457;4304;449;2664;122;4080;1532;2486;3930;117;116;413;121;119;3010;3937;2078;177;2092;268;3938;441;884;3939;735;3300;1644;4119;3769;1806;3570;4120;4068;742;1533;2176;510;1648;3181;32;2994;3461;1293;3113;2406;4024;1914;889;937;939;4360;3366;2843;3000;123;2334;1967;850;1812;124;1385;1146;3571;537;4401;118;447;1219;2235;932;1636;2126;933;878;3115;2141;1046;90;3095;676;2268;3097;3772;879;1302;2072",3757,-0.0429420191711083,-0.0331833086157378,0.0331833086157378,3.40037840321803,TRUE,TRUE,
"07_SwSIiUS","table2_treated_signup_neighbor_high","neighbor_high",127,0.033803566675539,"Increase",-0.00975871055537053,-0.0431600600303773,-0.0334013494750068,0.0334013494750068,3.42272160706979,TRUE,,TRUE,"1503;726;99;368;2063;2057;2171;1762;3375;2962;3655;374;377;3657;2061;1000;2873;1270;2957;3578;2212;511;2794;2870;2330;3350;3492;1629;2964;1739;3348;1269;1508;2643;1510;2969;1267;1723;1547;1272;2874;3576;375;2214;101;3391;1273;2064;3265;96;95;345;100;98;2500;3270;1725;147;1737;3271;223;369;735;3272;612;2743;1365;3423;3133;2967;1501;3424;3381;617;1274;1806;426;1367;2646;26;2487;2878;1074;2587;1997;3344;1589;740;780;781;3622;2798;2363;2493;102;1936;1633;707;1505;103;1151;2968;952;448;3656;97;373;1013;1854;775;1357;1765;776;730;2589;1777;869;75;2572;563;1882;2574;3136;731;1081;1720;1355","1809;873;120;440;2485;2477;2614;2123;4062;3563;4400;448;451;4402;2483;1204;3455;1529;3558;4307;2661;612;3361;3452;2802;4030;4201;1962;3566;2094;4028;1528;1816;3178;1818;3573;1526;2076;1862;1531;3457;4304;449;2664;122;4080;1532;2486;3930;117;116;413;121;119;3010;3937;2078;177;2092;3938;268;441;884;3939;735;3300;1644;4119;3769;3570;1806;4120;4068;742;1533;2176;510;1648;3181;32;2994;3461;1293;3113;2406;4024;1914;889;937;939;4360;3366;2843;3000;123;2334;1967;850;1812;124;1385;3571;1146;537;4401;118;447;1219;2235;932;1636;2126;933;878;3115;2141;1046;90;3095;676;2268;3097;3772;879;1302;2072;1634",3757,-0.0431600600303773,-0.0334013494750068,0.0334013494750068,3.42272160706979,TRUE,TRUE,
"07_SwSIiUS","table2_treated_signup_neighbor_high","neighbor_high",128,0.0340697364918818,"Increase",-0.00975871055537053,-0.0434031880172053,-0.0336444774618348,0.0336444774618348,3.44763555296956,TRUE,,TRUE,"1503;726;99;368;2063;2057;2171;1762;3375;2962;3655;374;377;3657;2061;1000;2873;1270;2957;3578;2212;511;2794;2870;2330;3350;3492;1629;2964;1739;3348;1269;1508;2643;1510;2969;1267;1723;1547;1272;2874;3576;375;2214;101;3391;1273;2064;3265;96;95;345;100;98;3270;2500;1725;147;1737;3271;223;369;735;3272;612;2743;1365;3423;3133;2967;1501;3381;3424;617;1274;1806;426;1367;2646;26;2487;2878;1074;2587;1997;3344;1589;740;780;781;3622;2798;2363;2493;102;1936;1633;707;1505;103;2968;1151;952;448;3656;97;373;1013;1854;775;1357;1765;776;730;2589;1777;869;75;2572;563;1882;2574;3136;731;1081;1720;1355;1916","1809;873;120;440;2485;2477;2614;2123;4062;3563;4400;448;451;4402;2483;1204;3455;1529;3558;4307;2661;612;3361;3452;2802;4030;4201;1962;3566;2094;4028;1528;1816;3178;1818;3573;1526;2076;1862;1531;3457;4304;449;2664;122;4080;1532;2486;3930;117;116;413;121;119;3937;3010;2078;177;2092;3938;268;441;884;3939;735;3300;1644;4119;3769;3570;1806;4068;4120;742;1533;2176;510;1648;3181;32;2994;3461;1293;3113;2406;4024;1914;889;937;939;4360;3366;2843;3000;123;2334;1967;850;1812;124;3571;1385;1146;537;4401;118;447;1219;2235;932;1636;2126;933;878;3115;2141;1046;90;3095;676;2268;3097;3772;879;1302;2072;1634;2309",3757,-0.0434031880172053,-0.0336444774618348,0.0336444774618348,3.44763555296956,TRUE,TRUE,
"07_SwSIiUS","table2_treated_signup_neighbor_high","neighbor_high",129,0.0343359063082246,"Increase",-0.00975871055537053,-0.0436349200790049,-0.0338762095236344,0.0338762095236344,3.47138172931988,TRUE,,TRUE,"1503;726;99;368;2063;2057;2171;1762;3375;2962;3655;374;377;3657;2061;1000;2873;1270;2957;3578;2212;511;2794;2870;2330;3350;3492;1629;2964;1739;1269;3348;1508;2643;1510;2969;1267;1723;1547;1272;2874;3576;375;2214;101;3391;1273;2064;3265;96;95;345;100;98;3270;2500;1725;147;1737;3271;223;369;735;3272;612;2743;1365;3423;3133;2967;1501;3381;617;3424;1274;1806;426;1367;2646;26;2487;2878;1074;2587;1997;3344;1589;740;780;781;3622;2798;2363;2493;102;1936;1633;707;1505;103;2968;1151;952;448;3656;97;373;1013;1854;775;1357;1765;730;776;2589;869;1777;75;2572;563;2574;1882;3136;731;1081;1720;1355;2832;1916","1809;873;120;440;2485;2477;2614;2123;4062;3563;4400;448;451;4402;2483;1204;3455;1529;3558;4307;2661;612;3361;3452;2802;4030;4201;1962;3566;2094;1528;4028;1816;3178;1818;3573;1526;2076;1862;1531;3457;4304;449;2664;122;4080;1532;2486;3930;117;116;413;121;119;3937;3010;2078;177;2092;3938;268;441;884;3939;735;3300;1644;4119;3769;3570;1806;4068;742;4120;1533;2176;510;1648;3181;32;2994;3461;1293;3113;2406;4024;1914;889;937;939;4360;3366;2843;3000;123;2334;1967;850;1812;124;3571;1385;1146;537;4401;118;447;1219;2235;932;1636;2126;878;933;3115;1046;2141;90;3095;676;3097;2268;3772;879;1302;2072;1634;3406;2309",3757,-0.0436349200790049,-0.0338762095236344,0.0338762095236344,3.47138172931988,TRUE,TRUE,
"07_SwSIiUS","table2_treated_signup_neighbor_high","neighbor_high",130,0.0346020761245675,"Increase",-0.00975871055537053,-0.0438622235464313,-0.0341035129910607,0.0341035129910607,3.49467409629159,TRUE,,TRUE,"1503;726;99;368;2063;2057;2171;1762;3375;2962;3655;374;377;3657;2061;1000;2873;1270;2957;3578;2212;511;2794;2870;2330;3350;3492;1629;2964;1739;1269;3348;1508;2643;1510;2969;1267;1723;1547;1272;2874;3576;375;2214;101;3391;1273;2064;3265;96;95;345;100;98;3270;2500;1725;147;3271;1737;223;369;735;3272;612;2743;1365;3423;3133;2967;1501;3381;617;3424;1274;1806;426;1367;2646;26;2487;2878;1074;2587;1997;3344;1589;740;780;781;3622;2798;2363;2493;102;1936;1633;707;1505;103;2968;1151;952;448;3656;97;373;1013;1854;775;1357;1765;730;776;2589;869;1777;75;2572;2574;563;1882;3136;731;1081;1720;1355;2832;1916;2877","1809;873;120;440;2485;2477;2614;2123;4062;3563;4400;448;451;4402;2483;1204;3455;1529;3558;4307;2661;612;3361;3452;2802;4030;4201;1962;3566;2094;1528;4028;1816;3178;1818;3573;1526;2076;1862;1531;3457;4304;449;2664;122;4080;1532;2486;3930;117;116;413;121;119;3937;3010;2078;177;3938;2092;268;441;884;3939;735;3300;1644;4119;3769;3570;1806;4068;742;4120;1533;2176;510;1648;3181;32;2994;3461;1293;3113;2406;4024;1914;889;937;939;4360;3366;2843;3000;123;2334;1967;850;1812;124;3571;1385;1146;537;4401;118;447;1219;2235;932;1636;2126;878;933;3115;1046;2141;90;3095;3097;676;2268;3772;879;1302;2072;1634;3406;2309;3460",3757,-0.0438622235464313,-0.0341035129910607,0.0341035129910607,3.49467409629159,TRUE,TRUE,
"07_SwSIiUS","table2_treated_signup_neighbor_high","neighbor_high",131,0.0348682459409103,"Increase",-0.00975871055537053,-0.0440807485772721,-0.0343220380219015,0.0343220380219015,3.51706691444117,TRUE,,TRUE,"1503;726;99;368;2063;2057;2171;1762;3375;2962;3655;374;377;3657;2061;1000;2873;1270;2957;3578;2212;511;2794;2870;2330;3350;3492;1629;2964;1739;1269;3348;1508;2643;1510;2969;1267;1723;1547;1272;2874;3576;375;2214;101;3391;1273;2064;3265;96;95;345;100;98;3270;2500;1725;147;3271;1737;223;369;3272;735;612;2743;1365;3423;3133;2967;1501;3381;617;3424;1274;1806;426;1367;2646;26;2487;2878;1074;2587;1997;3344;1589;740;780;781;3622;2798;2363;2493;102;1936;1633;707;1505;103;2968;1151;952;448;3656;97;373;1013;1854;775;1357;1765;730;776;2589;869;1777;75;2572;2574;563;1882;3136;731;1081;1720;1355;2832;1916;2877;1462","1809;873;120;440;2485;2477;2614;2123;4062;3563;4400;448;451;4402;2483;1204;3455;1529;3558;4307;2661;612;3361;3452;2802;4030;4201;1962;3566;2094;1528;4028;1816;3178;1818;3573;1526;2076;1862;1531;3457;4304;449;2664;122;4080;1532;2486;3930;117;116;413;121;119;3937;3010;2078;177;3938;2092;268;441;3939;884;735;3300;1644;4119;3769;3570;1806;4068;742;4120;1533;2176;510;1648;3181;32;2994;3461;1293;3113;2406;4024;1914;889;937;939;4360;3366;2843;3000;123;2334;1967;850;1812;124;3571;1385;1146;537;4401;118;447;1219;2235;932;1636;2126;878;933;3115;1046;2141;90;3095;3097;676;2268;3772;879;1302;2072;1634;3406;2309;3460;1761",3757,-0.0440807485772721,-0.0343220380219015,0.0343220380219015,3.51706691444117,TRUE,TRUE,
"07_SwSIiUS","table2_treated_signup_neighbor_high","neighbor_high",132,0.0351344157572531,"Increase",-0.00975871055537053,-0.0443179092395829,-0.0345591986842123,0.0345591986842123,3.54136937335366,TRUE,,TRUE,"1503;726;99;368;2063;2057;2171;1762;3375;2962;3655;374;377;3657;2061;1000;2873;1270;2957;3578;2212;511;2794;2870;2330;3350;3492;1629;2964;1739;1269;3348;1508;1510;2643;2969;1267;1723;1547;1272;2874;375;3576;2214;101;3391;1273;2064;3265;96;95;345;100;98;3270;2500;1725;3271;147;1737;223;369;3272;735;612;2743;1365;3423;2967;3133;1501;617;3381;3424;1274;1806;426;1367;2646;26;2487;2878;1074;2587;3344;1997;1589;740;780;781;3622;2798;2363;2493;102;1936;1633;1505;707;103;2968;1151;952;448;3656;97;373;1013;1854;775;1357;730;1765;776;2589;869;1777;75;2572;2574;563;1882;3136;731;1081;1720;1355;2832;1916;2877;1462;709","1809;873;120;440;2485;2477;2614;2123;4062;3563;4400;448;451;4402;2483;1204;3455;1529;3558;4307;2661;612;3361;3452;2802;4030;4201;1962;3566;2094;1528;4028;1816;1818;3178;3573;1526;2076;1862;1531;3457;449;4304;2664;122;4080;1532;2486;3930;117;116;413;121;119;3937;3010;2078;3938;177;2092;268;441;3939;884;735;3300;1644;4119;3570;3769;1806;742;4068;4120;1533;2176;510;1648;3181;32;2994;3461;1293;3113;4024;2406;1914;889;937;939;4360;3366;2843;3000;123;2334;1967;1812;850;124;3571;1385;1146;537;4401;118;447;1219;2235;932;1636;878;2126;933;3115;1046;2141;90;3095;3097;676;2268;3772;879;1302;2072;1634;3406;2309;3460;1761;854",3757,-0.0443179092395829,-0.0345591986842123,0.0345591986842123,3.54136937335366,TRUE,TRUE,
"07_SwSIiUS","table2_treated_signup_neighbor_high","neighbor_high",133,0.035400585573596,"Increase",-0.00975871055537053,-0.0445533208508094,-0.0347946102954388,0.0347946102954388,3.56549260253346,TRUE,,TRUE,"1503;726;99;368;2063;2057;2171;1762;2962;3375;3655;374;377;3657;2061;1000;2873;1270;2957;3578;2212;511;2794;2870;2330;3350;3492;1629;2964;1269;1739;3348;1508;1510;2643;2969;1267;1723;1547;1272;2874;375;3576;2214;101;3391;1273;2064;3265;96;95;345;100;98;3270;2500;1725;3271;147;1737;223;369;3272;735;612;2743;1365;3423;2967;3133;1501;617;3381;1274;3424;1806;426;1367;2646;26;2487;2878;1074;3344;2587;1997;1589;740;780;781;3622;2798;2363;2493;102;1936;1505;1633;707;103;2968;1151;952;448;3656;97;373;1013;1854;775;1357;730;1765;776;2589;869;1777;75;2572;2574;563;1882;731;3136;1081;1720;1355;2832;1916;2877;1462;709;3386","1809;873;120;440;2485;2477;2614;2123;3563;4062;4400;448;451;4402;2483;1204;3455;1529;3558;4307;2661;612;3361;3452;2802;4030;4201;1962;3566;1528;2094;4028;1816;1818;3178;3573;1526;2076;1862;1531;3457;449;4304;2664;122;4080;1532;2486;3930;117;116;413;121;119;3937;3010;2078;3938;177;2092;268;441;3939;884;735;3300;1644;4119;3570;3769;1806;742;4068;1533;4120;2176;510;1648;3181;32;2994;3461;1293;4024;3113;2406;1914;889;937;939;4360;3366;2843;3000;123;2334;1812;1967;850;124;3571;1385;1146;537;4401;118;447;1219;2235;932;1636;878;2126;933;3115;1046;2141;90;3095;3097;676;2268;879;3772;1302;2072;1634;3406;2309;3460;1761;854;4073",3757,-0.0445533208508094,-0.0347946102954388,0.0347946102954388,3.56549260253346,TRUE,TRUE,
"07_SwSIiUS","table2_treated_signup_neighbor_high","neighbor_high",134,0.0356667553899388,"Increase",-0.00975871055537053,-0.0447894221844147,-0.0350307116290442,0.0350307116290442,3.58968650932737,TRUE,,TRUE,"1503;726;99;368;2063;2057;2171;1762;2962;3375;3655;374;377;3657;2061;1000;2873;1270;2957;3578;2212;511;2794;2870;2330;3350;3492;1629;2964;1269;1739;3348;1508;1510;2969;2643;1267;1723;1547;1272;2874;375;3576;2214;101;3391;1273;2064;3265;96;95;345;100;98;3270;2500;1725;3271;147;1737;223;369;3272;735;612;2743;1365;3423;2967;3133;1501;617;3381;1274;3424;1806;426;1367;2646;2487;26;2878;1074;3344;2587;1997;1589;740;780;3622;781;2798;2363;2493;102;1936;1505;1633;103;707;2968;1151;952;448;97;3656;373;1013;1854;1357;775;730;1765;776;2589;869;1777;75;2572;2574;563;1882;731;3136;1081;1720;1355;2832;2877;1916;1462;709;3386;2570","1809;873;120;440;2485;2477;2614;2123;3563;4062;4400;448;451;4402;2483;1204;3455;1529;3558;4307;2661;612;3361;3452;2802;4030;4201;1962;3566;1528;2094;4028;1816;1818;3573;3178;1526;2076;1862;1531;3457;449;4304;2664;122;4080;1532;2486;3930;117;116;413;121;119;3937;3010;2078;3938;177;2092;268;441;3939;884;735;3300;1644;4119;3570;3769;1806;742;4068;1533;4120;2176;510;1648;3181;2994;32;3461;1293;4024;3113;2406;1914;889;937;4360;939;3366;2843;3000;123;2334;1812;1967;124;850;3571;1385;1146;537;118;4401;447;1219;2235;1636;932;878;2126;933;3115;1046;2141;90;3095;3097;676;2268;879;3772;1302;2072;1634;3406;3460;2309;1761;854;4073;3092",3757,-0.0447894221844147,-0.0350307116290442,0.0350307116290442,3.58968650932737,TRUE,TRUE,
"07_SwSIiUS","table2_treated_signup_neighbor_high","neighbor_high",135,0.0359329252062816,"Increase",-0.00975871055537053,-0.0450166709003792,-0.0352579603450087,0.0352579603450087,3.61297326577691,TRUE,,TRUE,"1503;726;99;368;2063;2057;2171;1762;2962;3375;3655;374;377;3657;2061;1000;2873;1270;2957;3578;2212;511;2794;2870;2330;3350;1629;3492;2964;1269;1739;3348;1508;1510;2969;2643;1267;1723;1547;1272;2874;375;3576;2214;101;3391;1273;2064;3265;96;95;345;100;98;3270;2500;1725;3271;147;1737;223;369;3272;735;612;2743;1365;3423;2967;3133;1501;617;3381;1274;3424;1806;426;1367;2646;2487;26;2878;1074;3344;2587;1997;1589;740;780;3622;781;2798;2363;2493;102;1936;1505;1633;103;707;2968;1151;952;448;97;3656;373;1854;1013;1357;775;730;1765;776;2589;869;1777;75;2572;2574;563;1882;731;3136;1081;1720;1355;2877;2832;1916;1462;709;3386;2570;1338","1809;873;120;440;2485;2477;2614;2123;3563;4062;4400;448;451;4402;2483;1204;3455;1529;3558;4307;2661;612;3361;3452;2802;4030;1962;4201;3566;1528;2094;4028;1816;1818;3573;3178;1526;2076;1862;1531;3457;449;4304;2664;122;4080;1532;2486;3930;117;116;413;121;119;3937;3010;2078;3938;177;2092;268;441;3939;884;735;3300;1644;4119;3570;3769;1806;742;4068;1533;4120;2176;510;1648;3181;2994;32;3461;1293;4024;3113;2406;1914;889;937;4360;939;3366;2843;3000;123;2334;1812;1967;124;850;3571;1385;1146;537;118;4401;447;2235;1219;1636;932;878;2126;933;3115;1046;2141;90;3095;3097;676;2268;879;3772;1302;2072;1634;3460;3406;2309;1761;854;4073;3092;1611",3757,-0.0450166709003792,-0.0352579603450087,0.0352579603450087,3.61297326577691,TRUE,TRUE,
"07_SwSIiUS","table2_treated_signup_neighbor_high","neighbor_high",136,0.0361990950226244,"Increase",-0.00975871055537053,-0.0452281009271246,-0.0354693903717541,0.0354693903717541,3.63463904073209,TRUE,,TRUE,"1503;726;99;368;2063;2057;2171;1762;2962;3375;3655;374;377;3657;2061;1000;2873;1270;2957;3578;2212;511;2794;2870;2330;3350;1629;3492;2964;1269;1739;3348;1508;1510;2969;2643;1267;1723;1547;1272;2874;375;3576;2214;101;3391;1273;2064;3265;96;95;345;100;98;3270;2500;1725;3271;147;1737;223;369;3272;735;612;2743;1365;3423;2967;3133;1501;617;3381;1274;3424;1806;426;1367;2487;2646;26;2878;1074;3344;2587;1997;1589;740;780;3622;781;2798;2493;2363;102;1505;1936;103;1633;707;2968;952;1151;448;97;3656;373;1854;1013;1357;775;730;1765;776;2589;869;1777;75;2572;2574;563;1882;731;3136;1081;1720;1355;2877;2832;1916;1462;709;3386;2570;1338;2919","1809;873;120;440;2485;2477;2614;2123;3563;4062;4400;448;451;4402;2483;1204;3455;1529;3558;4307;2661;612;3361;3452;2802;4030;1962;4201;3566;1528;2094;4028;1816;1818;3573;3178;1526;2076;1862;1531;3457;449;4304;2664;122;4080;1532;2486;3930;117;116;413;121;119;3937;3010;2078;3938;177;2092;268;441;3939;884;735;3300;1644;4119;3570;3769;1806;742;4068;1533;4120;2176;510;1648;2994;3181;32;3461;1293;4024;3113;2406;1914;889;937;4360;939;3366;3000;2843;123;1812;2334;124;1967;850;3571;1146;1385;537;118;4401;447;2235;1219;1636;932;878;2126;933;3115;1046;2141;90;3095;3097;676;2268;879;3772;1302;2072;1634;3460;3406;2309;1761;854;4073;3092;1611;3511",3757,-0.0452281009271246,-0.0354693903717541,0.0354693903717541,3.63463904073209,TRUE,TRUE,
"07_SwSIiUS","table2_treated_signup_neighbor_high","neighbor_high",137,0.0364652648389673,"Increase",-0.00975871055537053,-0.0454452835796275,-0.0356865730242569,0.0356865730242569,3.65689430194417,TRUE,,TRUE,"1503;726;99;368;2063;2057;2171;1762;2962;3375;3655;374;377;3657;2061;1000;2873;1270;2957;3578;2212;511;2794;2870;2330;1629;3350;3492;2964;1269;1739;1508;3348;1510;2969;2643;1267;1723;1547;1272;2874;375;3576;2214;101;1273;3391;2064;3265;96;95;345;100;98;3270;2500;3271;1725;147;1737;223;369;3272;735;612;2743;1365;3423;2967;3133;1501;617;3381;1274;3424;1806;426;1367;2487;2878;2646;26;1074;3344;2587;1997;1589;740;780;3622;781;2798;2493;2363;102;1505;1936;103;1633;707;2968;952;1151;448;97;3656;373;1854;1013;1357;775;730;1765;776;869;2589;1777;75;2572;2574;731;563;1882;3136;1081;1720;1355;2877;2832;1916;1462;709;3386;2570;2919;1338;575","1809;873;120;440;2485;2477;2614;2123;3563;4062;4400;448;451;4402;2483;1204;3455;1529;3558;4307;2661;612;3361;3452;2802;1962;4030;4201;3566;1528;2094;1816;4028;1818;3573;3178;1526;2076;1862;1531;3457;449;4304;2664;122;1532;4080;2486;3930;117;116;413;121;119;3937;3010;3938;2078;177;2092;268;441;3939;884;735;3300;1644;4119;3570;3769;1806;742;4068;1533;4120;2176;510;1648;2994;3461;3181;32;1293;4024;3113;2406;1914;889;937;4360;939;3366;3000;2843;123;1812;2334;124;1967;850;3571;1146;1385;537;118;4401;447;2235;1219;1636;932;878;2126;933;1046;3115;2141;90;3095;3097;879;676;2268;3772;1302;2072;1634;3460;3406;2309;1761;854;4073;3092;3511;1611;690",3757,-0.0454452835796275,-0.0356865730242569,0.0356865730242569,3.65689430194417,TRUE,TRUE,
"07_SwSIiUS","table2_treated_signup_neighbor_high","neighbor_high",138,0.0367314346553101,"Increase",-0.00975871055537053,-0.0456766396071999,-0.0359179290518293,0.0359179290518293,3.68060194510663,TRUE,,TRUE,"1503;726;99;368;2063;2057;2171;2962;1762;3375;3655;374;377;3657;2061;1000;2873;1270;2957;3578;2212;511;2794;2870;2330;1629;3350;3492;2964;1269;1739;1508;3348;1510;2969;2643;1267;1723;1547;1272;2874;375;3576;2214;101;1273;3391;2064;3265;96;95;345;100;98;3270;2500;3271;1725;147;1737;369;223;3272;735;612;2743;1365;3423;2967;3133;1501;617;3381;1274;3424;1806;426;1367;2878;2487;2646;26;1074;3344;2587;1997;1589;740;3622;780;781;2493;2798;2363;102;1505;1936;103;1633;707;2968;952;1151;448;97;3656;373;1854;1013;1357;775;730;1765;776;869;2589;1777;75;2572;2574;731;563;1882;3136;1081;1720;2877;1355;2832;1916;1462;709;2570;3386;2919;1338;575;1760","1809;873;120;440;2485;2477;2614;3563;2123;4062;4400;448;451;4402;2483;1204;3455;1529;3558;4307;2661;612;3361;3452;2802;1962;4030;4201;3566;1528;2094;1816;4028;1818;3573;3178;1526;2076;1862;1531;3457;449;4304;2664;122;1532;4080;2486;3930;117;116;413;121;119;3937;3010;3938;2078;177;2092;441;268;3939;884;735;3300;1644;4119;3570;3769;1806;742;4068;1533;4120;2176;510;1648;3461;2994;3181;32;1293;4024;3113;2406;1914;889;4360;937;939;3000;3366;2843;123;1812;2334;124;1967;850;3571;1146;1385;537;118;4401;447;2235;1219;1636;932;878;2126;933;1046;3115;2141;90;3095;3097;879;676;2268;3772;1302;2072;3460;1634;3406;2309;1761;854;3092;4073;3511;1611;690;2121",3757,-0.0456766396071999,-0.0359179290518293,0.0359179290518293,3.68060194510663,TRUE,TRUE,
"07_SwSIiUS","table2_treated_signup_neighbor_high","neighbor_high",139,0.0369976044716529,"Increase",-0.00975871055537053,-0.0459015205951172,-0.0361428100397466,0.0361428100397466,3.70364607441462,TRUE,,TRUE,"1503;726;99;368;2063;2057;2171;2962;1762;3375;3655;374;377;3657;2061;1000;2873;1270;2957;3578;2212;511;2794;2870;2330;1629;3350;2964;3492;1269;1739;1508;3348;1510;2969;2643;1267;1723;1547;1272;2874;375;3576;2214;101;1273;3391;2064;3265;96;95;345;100;98;3270;2500;3271;1725;147;1737;369;223;3272;735;612;2743;1365;3423;2967;3133;1501;617;3381;1274;3424;1806;426;1367;2878;2487;2646;26;1074;3344;2587;1997;1589;740;3622;780;781;2493;2798;2363;102;1505;1936;103;1633;707;2968;952;1151;448;97;3656;373;1854;1013;730;1357;775;1765;776;869;2589;1777;75;2572;2574;731;563;1882;3136;1081;1720;2877;1355;2832;1916;1462;709;2570;3386;2919;1338;575;1760;434","1809;873;120;440;2485;2477;2614;3563;2123;4062;4400;448;451;4402;2483;1204;3455;1529;3558;4307;2661;612;3361;3452;2802;1962;4030;3566;4201;1528;2094;1816;4028;1818;3573;3178;1526;2076;1862;1531;3457;449;4304;2664;122;1532;4080;2486;3930;117;116;413;121;119;3937;3010;3938;2078;177;2092;441;268;3939;884;735;3300;1644;4119;3570;3769;1806;742;4068;1533;4120;2176;510;1648;3461;2994;3181;32;1293;4024;3113;2406;1914;889;4360;937;939;3000;3366;2843;123;1812;2334;124;1967;850;3571;1146;1385;537;118;4401;447;2235;1219;878;1636;932;2126;933;1046;3115;2141;90;3095;3097;879;676;2268;3772;1302;2072;3460;1634;3406;2309;1761;854;3092;4073;3511;1611;690;2121;520",3757,-0.0459015205951172,-0.0361428100397466,0.0361428100397466,3.70364607441462,TRUE,TRUE,
"07_SwSIiUS","table2_treated_signup_neighbor_high","neighbor_high",140,0.0372637742879957,"Increase",-0.00975871055537053,-0.0461208660220821,-0.0363621554667115,0.0363621554667115,3.72612296065081,TRUE,,TRUE,"1503;726;99;368;2063;2057;2171;2962;1762;3375;3655;374;377;3657;2061;1000;2873;1270;2957;3578;2212;511;2794;2870;2330;1629;3350;2964;3492;1269;1508;1739;3348;1510;2969;2643;1267;1723;1272;1547;2874;375;3576;101;2214;1273;3391;2064;3265;96;95;345;100;98;3270;3271;2500;1725;147;1737;369;223;3272;735;612;2743;1365;2967;3423;3133;1501;617;3381;1274;3424;1806;426;1367;2878;2487;2646;26;1074;3344;2587;1997;1589;740;3622;780;781;2493;2798;2363;102;1505;103;1936;1633;2968;707;952;1151;97;448;3656;373;730;1854;1013;1357;775;1765;776;869;2589;1777;75;2572;731;2574;563;1882;3136;1081;1720;2877;1355;2832;1916;1462;709;2570;3386;2919;1338;575;1760;434;3267","1809;873;120;440;2485;2477;2614;3563;2123;4062;4400;448;451;4402;2483;1204;3455;1529;3558;4307;2661;612;3361;3452;2802;1962;4030;3566;4201;1528;1816;2094;4028;1818;3573;3178;1526;2076;1531;1862;3457;449;4304;122;2664;1532;4080;2486;3930;117;116;413;121;119;3937;3938;3010;2078;177;2092;441;268;3939;884;735;3300;1644;3570;4119;3769;1806;742;4068;1533;4120;2176;510;1648;3461;2994;3181;32;1293;4024;3113;2406;1914;889;4360;937;939;3000;3366;2843;123;1812;124;2334;1967;3571;850;1146;1385;118;537;4401;447;878;2235;1219;1636;932;2126;933;1046;3115;2141;90;3095;879;3097;676;2268;3772;1302;2072;3460;1634;3406;2309;1761;854;3092;4073;3511;1611;690;2121;520;3934",3757,-0.0461208660220821,-0.0363621554667115,0.0363621554667115,3.72612296065081,TRUE,TRUE,
"07_SwSIiUS","table2_treated_signup_neighbor_high","neighbor_high",141,0.0375299441043386,"Increase",-0.00975871055537053,-0.0463414692626512,-0.0365827587072807,0.0365827587072807,3.7487287382602,TRUE,,TRUE,"1503;726;99;368;2063;2057;2171;2962;1762;3375;3655;374;377;3657;2061;1000;2873;1270;2957;3578;2212;511;2794;2870;2330;1629;3350;2964;3492;1269;1508;1739;3348;1510;2969;2643;1267;1723;1272;1547;2874;375;3576;101;2214;1273;3391;2064;3265;96;95;345;100;98;3270;3271;2500;1725;147;1737;369;223;3272;612;735;2743;1365;2967;3423;3133;1501;617;3381;1274;3424;1806;426;1367;2878;2487;26;2646;1074;3344;1997;2587;1589;740;3622;780;781;2493;2798;2363;102;1505;103;1936;2968;1633;707;952;1151;97;448;3656;373;730;1854;1013;1357;775;1765;776;869;2589;1777;75;2572;731;2574;1882;563;3136;1081;1720;2877;1355;2832;1916;1462;709;2570;3386;2919;1338;575;1760;434;3267;3337","1809;873;120;440;2485;2477;2614;3563;2123;4062;4400;448;451;4402;2483;1204;3455;1529;3558;4307;2661;612;3361;3452;2802;1962;4030;3566;4201;1528;1816;2094;4028;1818;3573;3178;1526;2076;1531;1862;3457;449;4304;122;2664;1532;4080;2486;3930;117;116;413;121;119;3937;3938;3010;2078;177;2092;441;268;3939;735;884;3300;1644;3570;4119;3769;1806;742;4068;1533;4120;2176;510;1648;3461;2994;32;3181;1293;4024;2406;3113;1914;889;4360;937;939;3000;3366;2843;123;1812;124;2334;3571;1967;850;1146;1385;118;537;4401;447;878;2235;1219;1636;932;2126;933;1046;3115;2141;90;3095;879;3097;2268;676;3772;1302;2072;3460;1634;3406;2309;1761;854;3092;4073;3511;1611;690;2121;520;3934;4016",3757,-0.0463414692626512,-0.0365827587072807,0.0365827587072807,3.7487287382602,TRUE,TRUE,
"07_SwSIiUS","table2_treated_signup_neighbor_high","neighbor_high",142,0.0377961139206814,"Increase",-0.00975871055537053,-0.0465522324355718,-0.0367935218802013,0.0367935218802013,3.77032617900042,TRUE,,TRUE,"1503;726;99;368;2063;2057;2171;2962;1762;3375;3655;374;377;3657;2061;1000;2873;1270;2957;3578;2212;511;2794;2870;2330;1629;3350;2964;3492;1269;1508;1739;3348;1510;2969;2643;1267;1723;1272;1547;2874;375;3576;101;2214;1273;3391;2064;3265;96;95;345;100;98;3270;3271;2500;1725;147;369;1737;223;3272;612;735;2743;1365;2967;3423;3133;1501;617;3381;1274;3424;1806;426;1367;2878;2487;26;2646;1074;3344;1997;2587;1589;740;3622;780;781;2493;2798;2363;102;1505;103;1936;2968;1633;707;952;1151;97;448;3656;373;730;1854;1013;1357;775;1765;776;869;2589;1777;75;2572;731;2574;1882;563;3136;1081;1720;2877;1355;2832;1916;1462;709;2570;3386;2919;1338;575;1760;434;3267;3337;1623","1809;873;120;440;2485;2477;2614;3563;2123;4062;4400;448;451;4402;2483;1204;3455;1529;3558;4307;2661;612;3361;3452;2802;1962;4030;3566;4201;1528;1816;2094;4028;1818;3573;3178;1526;2076;1531;1862;3457;449;4304;122;2664;1532;4080;2486;3930;117;116;413;121;119;3937;3938;3010;2078;177;441;2092;268;3939;735;884;3300;1644;3570;4119;3769;1806;742;4068;1533;4120;2176;510;1648;3461;2994;32;3181;1293;4024;2406;3113;1914;889;4360;937;939;3000;3366;2843;123;1812;124;2334;3571;1967;850;1146;1385;118;537;4401;447;878;2235;1219;1636;932;2126;933;1046;3115;2141;90;3095;879;3097;2268;676;3772;1302;2072;3460;1634;3406;2309;1761;854;3092;4073;3511;1611;690;2121;520;3934;4016;1955",3757,-0.0465522324355718,-0.0367935218802013,0.0367935218802013,3.77032617900042,TRUE,TRUE,
"07_SwSIiUS","table2_treated_signup_neighbor_high","neighbor_high",143,0.0380622837370242,"Increase",-0.00975871055537053,-0.0467790791793278,-0.0370203686239572,0.0370203686239572,3.79357174433089,TRUE,,TRUE,"1503;726;99;368;2063;2057;2171;2962;1762;3375;3655;374;377;3657;2061;1000;2873;1270;2957;3578;2212;511;2794;2870;2330;1629;2964;3350;3492;1269;1508;1739;3348;1510;2969;2643;1267;1723;1272;1547;2874;375;3576;101;2214;1273;3391;2064;3265;95;96;345;100;98;3270;3271;2500;1725;147;369;1737;223;3272;612;735;2743;1365;2967;3423;3133;1501;617;3381;1274;3424;1806;426;1367;2878;2487;26;2646;3344;1074;1997;2587;1589;740;3622;780;781;2493;2798;2363;102;1505;103;1936;2968;1633;707;952;1151;97;448;3656;373;730;1854;1013;1357;775;1765;776;869;2589;1777;75;2572;731;2574;1882;563;3136;1081;1720;2877;1355;2832;1916;1462;709;2570;3386;2919;1338;575;1760;434;3267;3337;1623;3743","1809;873;120;440;2485;2477;2614;3563;2123;4062;4400;448;451;4402;2483;1204;3455;1529;3558;4307;2661;612;3361;3452;2802;1962;3566;4030;4201;1528;1816;2094;4028;1818;3573;3178;1526;2076;1531;1862;3457;449;4304;122;2664;1532;4080;2486;3930;116;117;413;121;119;3937;3938;3010;2078;177;441;2092;268;3939;735;884;3300;1644;3570;4119;3769;1806;742;4068;1533;4120;2176;510;1648;3461;2994;32;3181;4024;1293;2406;3113;1914;889;4360;937;939;3000;3366;2843;123;1812;124;2334;3571;1967;850;1146;1385;118;537;4401;447;878;2235;1219;1636;932;2126;933;1046;3115;2141;90;3095;879;3097;2268;676;3772;1302;2072;3460;1634;3406;2309;1761;854;3092;4073;3511;1611;690;2121;520;3934;4016;1955;4504",3757,-0.0467790791793278,-0.0370203686239572,0.0370203686239572,3.79357174433089,TRUE,TRUE,
"07_SwSIiUS","table2_treated_signup_neighbor_high","neighbor_high",144,0.038328453553367,"Increase",-0.00975871055537053,-0.0470047081631977,-0.0372459976078271,0.0372459976078271,3.81669252269496,TRUE,,TRUE,"1503;726;99;368;2063;2057;2171;2962;1762;3375;374;3655;377;3657;2061;1000;2873;1270;2957;3578;2212;511;2794;2870;2330;1629;2964;3350;3492;1269;1508;1739;3348;2969;1510;2643;1267;1723;1272;1547;2874;375;3576;101;2214;1273;3391;2064;3265;95;96;345;100;98;3270;3271;2500;1725;369;147;1737;223;3272;612;735;2743;1365;2967;3423;3133;1501;617;3381;1274;3424;1806;426;1367;2878;2487;26;2646;3344;1074;1997;2587;1589;740;3622;780;781;2493;2363;2798;102;1505;103;2968;1936;1633;707;952;1151;97;448;373;3656;730;1854;1013;1357;775;1765;776;869;2589;1777;75;2572;731;2574;1882;563;3136;1081;1720;2877;1355;2832;1916;1462;709;2570;3386;2919;1338;575;3267;1760;434;3337;1623;3743;3258","1809;873;120;440;2485;2477;2614;3563;2123;4062;448;4400;451;4402;2483;1204;3455;1529;3558;4307;2661;612;3361;3452;2802;1962;3566;4030;4201;1528;1816;2094;4028;3573;1818;3178;1526;2076;1531;1862;3457;449;4304;122;2664;1532;4080;2486;3930;116;117;413;121;119;3937;3938;3010;2078;441;177;2092;268;3939;735;884;3300;1644;3570;4119;3769;1806;742;4068;1533;4120;2176;510;1648;3461;2994;32;3181;4024;1293;2406;3113;1914;889;4360;937;939;3000;2843;3366;123;1812;124;3571;2334;1967;850;1146;1385;118;537;447;4401;878;2235;1219;1636;932;2126;933;1046;3115;2141;90;3095;879;3097;2268;676;3772;1302;2072;3460;1634;3406;2309;1761;854;3092;4073;3511;1611;690;3934;2121;520;4016;1955;4504;3923",3757,-0.0470047081631977,-0.0372459976078271,0.0372459976078271,3.81669252269496,TRUE,TRUE,
"07_SwSIiUS","table2_treated_signup_neighbor_high","neighbor_high",145,0.0385946233697099,"Increase",-0.00975871055537053,-0.0472295069375597,-0.0374707963821891,0.0374707963821891,3.83972822736993,TRUE,,TRUE,"1503;726;99;368;2063;2057;2171;2962;1762;3375;374;3655;377;3657;2061;1000;2873;1270;2957;3578;2212;511;2794;2870;2330;1629;2964;3350;3492;1269;1508;1739;3348;2969;1510;2643;1267;1723;1272;1547;2874;375;3576;101;2214;1273;3391;2064;3265;95;96;345;100;98;3270;3271;2500;1725;369;147;1737;3272;223;612;735;2743;1365;2967;3423;3133;617;1501;3381;1274;3424;1806;426;1367;2878;2487;26;2646;3344;1074;1997;2587;1589;740;3622;780;781;2493;102;2363;2798;1505;103;2968;1936;1633;707;952;97;1151;448;373;3656;730;1854;1013;1357;775;1765;776;869;2589;1777;75;2572;731;2574;1882;563;3136;1081;2877;1720;1355;2832;1916;1462;709;2570;2919;3386;1338;575;3267;1760;3337;434;1623;3743;3258;3268","1809;873;120;440;2485;2477;2614;3563;2123;4062;448;4400;451;4402;2483;1204;3455;1529;3558;4307;2661;612;3361;3452;2802;1962;3566;4030;4201;1528;1816;2094;4028;3573;1818;3178;1526;2076;1531;1862;3457;449;4304;122;2664;1532;4080;2486;3930;116;117;413;121;119;3937;3938;3010;2078;441;177;2092;3939;268;735;884;3300;1644;3570;4119;3769;742;1806;4068;1533;4120;2176;510;1648;3461;2994;32;3181;4024;1293;2406;3113;1914;889;4360;937;939;3000;123;2843;3366;1812;124;3571;2334;1967;850;1146;118;1385;537;447;4401;878;2235;1219;1636;932;2126;933;1046;3115;2141;90;3095;879;3097;2268;676;3772;1302;3460;2072;1634;3406;2309;1761;854;3092;3511;4073;1611;690;3934;2121;4016;520;1955;4504;3923;3935",3757,-0.0472295069375597,-0.0374707963821891,0.0374707963821891,3.83972822736993,TRUE,TRUE,
"07_SwSIiUS","table2_treated_signup_neighbor_high","neighbor_high",146,0.0388607931860527,"Increase",-0.00975871055537053,-0.0474406950886263,-0.0376819845332558,0.0376819845332558,3.86136921670642,TRUE,,TRUE,"1503;726;99;368;2063;2057;2171;2962;1762;3375;374;3655;377;3657;2061;1000;2873;1270;2957;3578;2794;2212;511;2870;2330;1629;2964;3350;3492;1269;1508;1739;3348;2969;1510;2643;1267;1272;1723;1547;2874;375;3576;101;2214;1273;3391;2064;3265;95;96;345;100;98;3270;3271;2500;1725;369;147;1737;3272;223;612;735;2743;1365;2967;3423;3133;617;1501;3381;1274;3424;1806;426;2878;1367;2487;26;2646;3344;1074;1997;2587;1589;740;3622;780;781;2493;102;2363;2798;1505;103;2968;1936;1633;707;97;952;1151;448;373;3656;730;1854;1013;1357;775;1765;776;869;2589;1777;75;2572;731;2574;1882;563;3136;2877;1081;1720;1355;2832;1916;1462;709;2570;2919;3386;1338;575;3267;3337;1623;1760;434;3743;3258;1507;3268","1809;873;120;440;2485;2477;2614;3563;2123;4062;448;4400;451;4402;2483;1204;3455;1529;3558;4307;3361;2661;612;3452;2802;1962;3566;4030;4201;1528;1816;2094;4028;3573;1818;3178;1526;1531;2076;1862;3457;449;4304;122;2664;1532;4080;2486;3930;116;117;413;121;119;3937;3938;3010;2078;441;177;2092;3939;268;735;884;3300;1644;3570;4119;3769;742;1806;4068;1533;4120;2176;510;3461;1648;2994;32;3181;4024;1293;2406;3113;1914;889;4360;937;939;3000;123;2843;3366;1812;124;3571;2334;1967;850;118;1146;1385;537;447;4401;878;2235;1219;1636;932;2126;933;1046;3115;2141;90;3095;879;3097;2268;676;3772;3460;1302;2072;1634;3406;2309;1761;854;3092;3511;4073;1611;690;3934;4016;1955;2121;520;4504;3923;1815;3935",3757,-0.0474406950886263,-0.0376819845332558,0.0376819845332558,3.86136921670642,TRUE,TRUE,
"07_SwSIiUS","table2_treated_signup_neighbor_high","neighbor_high",147,0.0391269630023955,"Increase",-0.00975871055537053,-0.0476698848359508,-0.0379111742805802,0.0379111742805802,3.88485487559793,TRUE,,TRUE,"1503;726;99;368;2063;2057;2171;2962;1762;3375;374;3655;377;3657;2061;1000;2873;1270;2957;3578;2794;2212;511;2870;2330;1629;2964;3350;3492;1269;1508;1739;3348;2969;1510;2643;1267;1272;1723;1547;2874;375;3576;101;2214;1273;3391;2064;3265;95;96;345;100;98;3270;3271;2500;1725;369;147;1737;3272;223;612;735;2743;1365;2967;3423;617;3133;1501;3381;1274;3424;1806;426;2878;1367;2487;26;2646;3344;1074;1997;2587;1589;740;3622;780;781;2493;102;2363;2798;1505;103;2968;1936;1633;707;97;952;1151;448;373;3656;730;1854;1357;1013;775;1765;776;869;2589;1777;75;2572;731;2574;1882;563;3136;2877;1081;1720;1355;2832;1916;1462;709;2570;2919;3386;1338;575;3267;1623;3337;1760;434;3743;3258;1507;3268;3428","1809;873;120;440;2485;2477;2614;3563;2123;4062;448;4400;451;4402;2483;1204;3455;1529;3558;4307;3361;2661;612;3452;2802;1962;3566;4030;4201;1528;1816;2094;4028;3573;1818;3178;1526;1531;2076;1862;3457;449;4304;122;2664;1532;4080;2486;3930;116;117;413;121;119;3937;3938;3010;2078;441;177;2092;3939;268;735;884;3300;1644;3570;4119;742;3769;1806;4068;1533;4120;2176;510;3461;1648;2994;32;3181;4024;1293;2406;3113;1914;889;4360;937;939;3000;123;2843;3366;1812;124;3571;2334;1967;850;118;1146;1385;537;447;4401;878;2235;1636;1219;932;2126;933;1046;3115;2141;90;3095;879;3097;2268;676;3772;3460;1302;2072;1634;3406;2309;1761;854;3092;3511;4073;1611;690;3934;1955;4016;2121;520;4504;3923;1815;3935;4124",3757,-0.0476698848359508,-0.0379111742805802,0.0379111742805802,3.88485487559793,TRUE,TRUE,
"07_SwSIiUS","table2_treated_signup_neighbor_high","neighbor_high",148,0.0393931328187384,"Increase",-0.00975871055537053,-0.0478979911484214,-0.0381392805930509,0.0381392805930509,3.90822951215226,TRUE,,TRUE,"1503;726;99;368;2063;2057;2962;2171;1762;3375;374;3655;377;3657;2061;1000;2873;1270;2957;3578;2794;511;2212;2870;2330;1629;2964;3350;3492;1269;1508;1739;3348;2969;1510;2643;1267;1272;1723;1547;2874;375;3576;101;2214;1273;3391;2064;3265;95;96;345;100;98;3270;3271;2500;1725;369;147;1737;3272;223;612;735;2743;1365;2967;3423;617;3133;1501;3381;1274;3424;1806;426;2878;1367;2487;26;2646;3344;1074;1997;2587;1589;740;3622;2493;780;781;102;2363;2798;1505;103;2968;1936;1633;707;97;952;1151;373;448;3656;730;1357;1854;1013;775;1765;776;869;2589;1777;75;2572;731;2574;1882;563;3136;2877;1081;1720;1355;2832;1462;1916;709;2570;2919;3386;1338;575;3267;1623;3337;1760;434;3743;1507;3258;3268;1191;3428","1809;873;120;440;2485;2477;3563;2614;2123;4062;448;4400;451;4402;2483;1204;3455;1529;3558;4307;3361;612;2661;3452;2802;1962;3566;4030;4201;1528;1816;2094;4028;3573;1818;3178;1526;1531;2076;1862;3457;449;4304;122;2664;1532;4080;2486;3930;116;117;413;121;119;3937;3938;3010;2078;441;177;2092;3939;268;735;884;3300;1644;3570;4119;742;3769;1806;4068;1533;4120;2176;510;3461;1648;2994;32;3181;4024;1293;2406;3113;1914;889;4360;3000;937;939;123;2843;3366;1812;124;3571;2334;1967;850;118;1146;1385;447;537;4401;878;1636;2235;1219;932;2126;933;1046;3115;2141;90;3095;879;3097;2268;676;3772;3460;1302;2072;1634;3406;1761;2309;854;3092;3511;4073;1611;690;3934;1955;4016;2121;520;4504;1815;3923;3935;1433;4124",3757,-0.0478979911484214,-0.0381392805930509,0.0381392805930509,3.90822951215226,TRUE,TRUE,
"07_SwSIiUS","table2_treated_signup_neighbor_high","neighbor_high",149,0.0396593026350812,"Increase",-0.00975871055537053,-0.0481435388175992,-0.0383848282622287,0.0383848282622287,3.93339140908368,TRUE,,TRUE,"1503;726;99;368;2063;2057;2962;2171;1762;3375;374;3655;377;3657;2061;1000;2873;1270;2957;3578;2794;511;2212;2870;2330;1629;2964;3350;3492;1269;1508;1739;3348;2969;1510;2643;1267;1272;1723;2874;1547;375;3576;101;2214;1273;3391;2064;3265;95;96;345;100;98;3270;3271;2500;1725;369;147;3272;1737;223;612;735;2743;1365;2967;3423;617;3133;1501;3381;1274;3424;1806;426;2878;1367;2487;26;2646;3344;1074;1997;2587;1589;3622;740;2493;780;781;102;2363;2798;1505;103;2968;1936;1633;707;97;952;1151;373;448;3656;730;1357;1854;1013;775;1765;776;869;2589;1777;75;2572;731;2574;1882;563;3136;2877;1081;1720;1355;2832;1462;1916;709;2570;2919;1338;3386;3267;575;1623;3337;434;1760;3743;1507;3268;3258;1191;3428;820","1809;873;120;440;2485;2477;3563;2614;2123;4062;448;4400;451;4402;2483;1204;3455;1529;3558;4307;3361;612;2661;3452;2802;1962;3566;4030;4201;1528;1816;2094;4028;3573;1818;3178;1526;1531;2076;3457;1862;449;4304;122;2664;1532;4080;2486;3930;116;117;413;121;119;3937;3938;3010;2078;441;177;3939;2092;268;735;884;3300;1644;3570;4119;742;3769;1806;4068;1533;4120;2176;510;3461;1648;2994;32;3181;4024;1293;2406;3113;1914;4360;889;3000;937;939;123;2843;3366;1812;124;3571;2334;1967;850;118;1146;1385;447;537;4401;878;1636;2235;1219;932;2126;933;1046;3115;2141;90;3095;879;3097;2268;676;3772;3460;1302;2072;1634;3406;1761;2309;854;3092;3511;1611;4073;3934;690;1955;4016;520;2121;4504;1815;3935;3923;1433;4124;987",3757,-0.0481435388175992,-0.0383848282622287,0.0383848282622287,3.93339140908368,TRUE,TRUE,
"07_SwSIiUS","table2_treated_signup_neighbor_high","neighbor_high",150,0.039925472451424,"Increase",-0.00975871055537053,-0.0483525222432453,-0.0385938116878747,0.0385938116878747,3.95480647457418,TRUE,,TRUE,"1503;726;99;368;2063;2057;2962;2171;1762;3375;374;3655;377;3657;2061;1000;2873;1270;2957;3578;2794;511;2212;2870;2330;1629;2964;3350;3492;1269;1508;1739;3348;2969;1510;2643;1267;1272;1723;2874;1547;375;3576;101;2214;1273;3391;2064;3265;95;96;345;100;98;3270;3271;2500;1725;369;147;3272;1737;223;612;735;2743;1365;2967;3423;617;3133;1501;3381;1274;3424;1806;2878;426;1367;2487;26;2646;3344;1074;1997;2587;1589;3622;740;2493;780;781;102;2363;2798;1505;103;2968;1936;1633;707;97;952;373;1151;448;3656;730;1357;1854;1013;775;1765;776;869;2589;1777;75;2572;731;2574;1882;3136;563;2877;1081;1720;1355;2832;1462;1916;709;2570;2919;3267;1623;1338;3386;575;3337;434;1760;3743;1507;3268;3258;1191;3428;820;2754","1809;873;120;440;2485;2477;3563;2614;2123;4062;448;4400;451;4402;2483;1204;3455;1529;3558;4307;3361;612;2661;3452;2802;1962;3566;4030;4201;1528;1816;2094;4028;3573;1818;3178;1526;1531;2076;3457;1862;449;4304;122;2664;1532;4080;2486;3930;116;117;413;121;119;3937;3938;3010;2078;441;177;3939;2092;268;735;884;3300;1644;3570;4119;742;3769;1806;4068;1533;4120;2176;3461;510;1648;2994;32;3181;4024;1293;2406;3113;1914;4360;889;3000;937;939;123;2843;3366;1812;124;3571;2334;1967;850;118;1146;447;1385;537;4401;878;1636;2235;1219;932;2126;933;1046;3115;2141;90;3095;879;3097;2268;3772;676;3460;1302;2072;1634;3406;1761;2309;854;3092;3511;3934;1955;1611;4073;690;4016;520;2121;4504;1815;3935;3923;1433;4124;987;3312",3757,-0.0483525222432453,-0.0385938116878747,0.0385938116878747,3.95480647457418,TRUE,TRUE,
"07_SwSIiUS","table2_treated_signup_neighbor_high","neighbor_high",151,0.0401916422677668,"Increase",-0.00975871055537053,-0.0485743219909275,-0.0388156114355569,0.0388156114355569,3.97753486132401,TRUE,,TRUE,"1503;726;99;368;2063;2057;2962;2171;1762;3375;374;3655;377;3657;2061;1000;2873;1270;2957;3578;2794;511;2212;2870;2330;1629;2964;3350;3492;1269;1508;1739;3348;2969;1510;2643;1267;1272;1723;2874;1547;375;3576;101;2214;1273;3391;2064;3265;95;96;345;100;98;3270;3271;2500;369;1725;147;3272;1737;223;612;735;2743;1365;2967;3423;617;3133;3381;1501;1274;3424;2878;1806;426;1367;2487;26;2646;3344;1074;1997;2587;3622;1589;740;2493;781;780;102;2363;2798;1505;103;2968;1936;1633;707;97;952;373;1151;448;3656;730;1357;1854;1013;775;1765;776;869;2589;1777;75;2572;731;2574;3136;1882;563;2877;1081;1720;1355;2832;1462;1916;709;2570;2919;3267;1623;1338;3337;575;3386;434;1760;3743;1507;3268;3258;1191;3428;820;2754;2879","1809;873;120;440;2485;2477;3563;2614;2123;4062;448;4400;451;4402;2483;1204;3455;1529;3558;4307;3361;612;2661;3452;2802;1962;3566;4030;4201;1528;1816;2094;4028;3573;1818;3178;1526;1531;2076;3457;1862;449;4304;122;2664;1532;4080;2486;3930;116;117;413;121;119;3937;3938;3010;441;2078;177;3939;2092;268;735;884;3300;1644;3570;4119;742;3769;4068;1806;1533;4120;3461;2176;510;1648;2994;32;3181;4024;1293;2406;3113;4360;1914;889;3000;939;937;123;2843;3366;1812;124;3571;2334;1967;850;118;1146;447;1385;537;4401;878;1636;2235;1219;932;2126;933;1046;3115;2141;90;3095;879;3097;3772;2268;676;3460;1302;2072;1634;3406;1761;2309;854;3092;3511;3934;1955;1611;4016;690;4073;520;2121;4504;1815;3935;3923;1433;4124;987;3312;3463",3757,-0.0485743219909275,-0.0388156114355569,0.0388156114355569,3.97753486132401,TRUE,TRUE,
"07_SwSIiUS","table2_treated_signup_neighbor_high","neighbor_high",152,0.0404578120841097,"Increase",-0.00975871055537053,-0.0487986421280131,-0.0390399315726425,0.0390399315726425,4.00052151881455,TRUE,,TRUE,"1503;726;99;368;2063;2057;2962;2171;1762;3375;374;3655;377;3657;2061;1000;2873;1270;2957;3578;2794;511;2212;2870;2330;1629;2964;3350;3492;1269;1508;1739;3348;2969;1510;2643;1267;1272;1723;2874;1547;375;3576;101;2214;1273;3391;2064;3265;95;96;345;100;98;3270;3271;2500;369;1725;3272;147;1737;223;612;735;2743;1365;2967;3423;617;3133;3381;1501;1274;3424;2878;1806;426;1367;2487;26;2646;3344;1074;1997;2587;3622;1589;740;2493;781;780;102;2363;2798;1505;103;2968;1936;1633;707;97;373;952;1151;448;3656;730;1357;1854;1013;775;1765;776;869;2589;1777;75;2572;731;2574;3136;1882;563;2877;1081;1720;1355;2832;1462;1916;709;2570;2919;1623;3267;3337;1338;575;3386;434;1760;1507;3743;3268;3258;1191;3428;820;2754;2879;2875","1809;873;120;440;2485;2477;3563;2614;2123;4062;448;4400;451;4402;2483;1204;3455;1529;3558;4307;3361;612;2661;3452;2802;1962;3566;4030;4201;1528;1816;2094;4028;3573;1818;3178;1526;1531;2076;3457;1862;449;4304;122;2664;1532;4080;2486;3930;116;117;413;121;119;3937;3938;3010;441;2078;3939;177;2092;268;735;884;3300;1644;3570;4119;742;3769;4068;1806;1533;4120;3461;2176;510;1648;2994;32;3181;4024;1293;2406;3113;4360;1914;889;3000;939;937;123;2843;3366;1812;124;3571;2334;1967;850;118;447;1146;1385;537;4401;878;1636;2235;1219;932;2126;933;1046;3115;2141;90;3095;879;3097;3772;2268;676;3460;1302;2072;1634;3406;1761;2309;854;3092;3511;1955;3934;4016;1611;690;4073;520;2121;1815;4504;3935;3923;1433;4124;987;3312;3463;3458",3757,-0.0487986421280131,-0.0390399315726425,0.0390399315726425,4.00052151881455,TRUE,TRUE,
"07_SwSIiUS","table2_treated_signup_neighbor_high","neighbor_high",153,0.0407239819004525,"Increase",-0.00975871055537053,-0.0490103445449,-0.0392516339895294,0.0392516339895294,4.02221520628338,TRUE,,TRUE,"1503;726;99;368;2063;2057;2962;2171;1762;3375;374;3655;377;3657;2061;1000;2873;1270;2957;3578;2794;511;2212;2870;2330;1629;2964;3350;3492;1269;1508;1739;3348;2969;1510;2643;1267;1272;1723;2874;1547;375;3576;101;2214;1273;3391;2064;3265;95;96;345;100;98;3270;3271;2500;369;1725;3272;147;1737;612;223;735;2743;1365;2967;3423;617;3133;3381;1501;1274;3424;2878;1806;426;1367;2487;26;2646;3344;1074;1997;2587;3622;1589;740;2493;781;780;102;2363;2798;1505;2968;103;1936;1633;707;97;373;952;1151;448;3656;730;1357;1854;1013;775;1765;776;869;1777;2589;75;2572;731;2574;3136;1882;563;2877;1081;1720;1355;2832;1462;1916;709;2570;2919;1623;3267;3337;1338;575;3386;434;1760;1507;3743;3268;3258;1191;3428;820;2754;2879;2875;1996","1809;873;120;440;2485;2477;3563;2614;2123;4062;448;4400;451;4402;2483;1204;3455;1529;3558;4307;3361;612;2661;3452;2802;1962;3566;4030;4201;1528;1816;2094;4028;3573;1818;3178;1526;1531;2076;3457;1862;449;4304;122;2664;1532;4080;2486;3930;116;117;413;121;119;3937;3938;3010;441;2078;3939;177;2092;735;268;884;3300;1644;3570;4119;742;3769;4068;1806;1533;4120;3461;2176;510;1648;2994;32;3181;4024;1293;2406;3113;4360;1914;889;3000;939;937;123;2843;3366;1812;3571;124;2334;1967;850;118;447;1146;1385;537;4401;878;1636;2235;1219;932;2126;933;1046;2141;3115;90;3095;879;3097;3772;2268;676;3460;1302;2072;1634;3406;1761;2309;854;3092;3511;1955;3934;4016;1611;690;4073;520;2121;1815;4504;3935;3923;1433;4124;987;3312;3463;3458;2405",3757,-0.0490103445449,-0.0392516339895294,0.0392516339895294,4.02221520628338,TRUE,TRUE,
"07_SwSIiUS","table2_treated_signup_neighbor_high","neighbor_high",154,0.0409901517167953,"Increase",-0.00975871055537053,-0.0492383792794535,-0.039479668724083,0.039479668724083,4.04558250806569,TRUE,,TRUE,"1503;726;99;368;2063;2057;2962;2171;1762;3375;374;3655;377;3657;2061;1000;2873;1270;2957;3578;2794;511;2212;2870;2330;1629;2964;3350;3492;1269;1508;1739;3348;2969;1510;2643;1267;1272;1723;2874;1547;375;3576;101;2214;1273;3391;2064;3265;95;96;345;100;98;3270;3271;2500;369;1725;3272;147;1737;612;223;735;2743;1365;2967;3423;617;3381;3133;1274;1501;3424;2878;1806;426;1367;2487;26;2646;3344;1074;1997;2587;3622;1589;740;2493;781;780;102;2363;2798;1505;2968;103;1936;1633;707;97;373;952;1151;448;3656;730;1357;1854;1013;775;1765;776;869;1777;2589;75;2572;731;2574;3136;2877;1882;563;1081;1720;1355;2832;1462;1916;709;2570;1623;3267;2919;3337;1338;575;3386;434;1760;1507;3268;3743;3258;1191;3428;820;2754;2879;2875;1996;3352","1809;873;120;440;2485;2477;3563;2614;2123;4062;448;4400;451;4402;2483;1204;3455;1529;3558;4307;3361;612;2661;3452;2802;1962;3566;4030;4201;1528;1816;2094;4028;3573;1818;3178;1526;1531;2076;3457;1862;449;4304;122;2664;1532;4080;2486;3930;116;117;413;121;119;3937;3938;3010;441;2078;3939;177;2092;735;268;884;3300;1644;3570;4119;742;4068;3769;1533;1806;4120;3461;2176;510;1648;2994;32;3181;4024;1293;2406;3113;4360;1914;889;3000;939;937;123;2843;3366;1812;3571;124;2334;1967;850;118;447;1146;1385;537;4401;878;1636;2235;1219;932;2126;933;1046;2141;3115;90;3095;879;3097;3772;3460;2268;676;1302;2072;1634;3406;1761;2309;854;3092;1955;3934;3511;4016;1611;690;4073;520;2121;1815;3935;4504;3923;1433;4124;987;3312;3463;3458;2405;4034",3757,-0.0492383792794535,-0.039479668724083,0.039479668724083,4.04558250806569,TRUE,TRUE,
"07_SwSIiUS","table2_treated_signup_neighbor_high","neighbor_high",155,0.0412563215331381,"Increase",-0.00975871055537053,-0.0494536064220547,-0.0396948958666842,0.0396948958666842,4.06763738318264,TRUE,,TRUE,"1503;726;99;368;2063;2057;2962;2171;1762;3375;374;3655;377;2061;3657;1000;2873;1270;2957;3578;2794;511;2212;2870;2330;1629;2964;3350;3492;1269;1508;1739;3348;2969;1510;2643;1267;1272;1723;2874;1547;375;3576;101;2214;1273;3391;2064;3265;95;96;100;345;98;3270;3271;369;2500;1725;3272;147;1737;612;223;735;2743;2967;1365;3423;617;3381;3133;1274;1501;3424;2878;1806;426;1367;2487;26;3344;2646;1074;1997;2587;3622;1589;2493;740;781;780;102;2363;1505;2798;2968;103;1936;1633;707;97;373;952;1151;448;3656;730;1357;1854;1013;775;1765;869;776;1777;2589;75;2572;731;2574;2877;3136;1882;563;1081;1720;1355;2832;1462;1916;709;1623;3267;2570;2919;3337;1338;575;3386;434;1760;1507;3268;3743;3258;1191;3428;820;2754;2879;2875;1511;1996;3352","1809;873;120;440;2485;2477;3563;2614;2123;4062;448;4400;451;2483;4402;1204;3455;1529;3558;4307;3361;612;2661;3452;2802;1962;3566;4030;4201;1528;1816;2094;4028;3573;1818;3178;1526;1531;2076;3457;1862;449;4304;122;2664;1532;4080;2486;3930;116;117;121;413;119;3937;3938;441;3010;2078;3939;177;2092;735;268;884;3300;3570;1644;4119;742;4068;3769;1533;1806;4120;3461;2176;510;1648;2994;32;4024;3181;1293;2406;3113;4360;1914;3000;889;939;937;123;2843;1812;3366;3571;124;2334;1967;850;118;447;1146;1385;537;4401;878;1636;2235;1219;932;2126;1046;933;2141;3115;90;3095;879;3097;3460;3772;2268;676;1302;2072;1634;3406;1761;2309;854;1955;3934;3092;3511;4016;1611;690;4073;520;2121;1815;3935;4504;3923;1433;4124;987;3312;3463;3458;1819;2405;4034",3757,-0.0494536064220547,-0.0396948958666842,0.0396948958666842,4.06763738318264,TRUE,TRUE,
"07_SwSIiUS","table2_treated_signup_neighbor_high","neighbor_high",156,0.041522491349481,"Increase",-0.00975871055537053,-0.0496784415574601,-0.0399197310020896,0.0399197310020896,4.09067681386661,TRUE,,TRUE,"1503;726;99;368;2063;2057;2962;2171;1762;3375;374;3655;377;2061;3657;1000;2873;1270;2957;3578;2794;511;2212;2870;2330;1629;2964;3350;3492;1269;1508;1739;3348;2969;1510;2643;1267;1272;2874;1723;1547;375;101;3576;2214;1273;3391;2064;3265;95;96;100;345;98;3270;3271;369;2500;1725;3272;147;612;1737;223;735;2743;2967;1365;3423;617;3381;1274;3133;1501;3424;2878;1806;426;1367;2487;26;3344;2646;1074;1997;2587;3622;2493;1589;740;781;780;102;2363;1505;2798;2968;103;1936;1633;707;97;373;952;1151;448;3656;730;1357;1854;1013;775;1765;869;776;1777;2589;75;2572;731;2574;2877;3136;1882;563;1081;1720;1355;2832;1462;1916;709;1623;3267;2570;2919;3337;1338;575;3386;434;1760;1507;3268;3743;3258;1191;3428;820;2879;2754;2875;1511;1996;3352;3062","1809;873;120;440;2485;2477;3563;2614;2123;4062;448;4400;451;2483;4402;1204;3455;1529;3558;4307;3361;612;2661;3452;2802;1962;3566;4030;4201;1528;1816;2094;4028;3573;1818;3178;1526;1531;3457;2076;1862;449;122;4304;2664;1532;4080;2486;3930;116;117;121;413;119;3937;3938;441;3010;2078;3939;177;735;2092;268;884;3300;3570;1644;4119;742;4068;1533;3769;1806;4120;3461;2176;510;1648;2994;32;4024;3181;1293;2406;3113;4360;3000;1914;889;939;937;123;2843;1812;3366;3571;124;2334;1967;850;118;447;1146;1385;537;4401;878;1636;2235;1219;932;2126;1046;933;2141;3115;90;3095;879;3097;3460;3772;2268;676;1302;2072;1634;3406;1761;2309;854;1955;3934;3092;3511;4016;1611;690;4073;520;2121;1815;3935;4504;3923;1433;4124;987;3463;3312;3458;1819;2405;4034;3684",3757,-0.0496784415574601,-0.0399197310020896,0.0399197310020896,4.09067681386661,TRUE,TRUE,
"07_SwSIiUS","table2_treated_signup_neighbor_high","neighbor_high",157,0.0417886611658238,"Increase",-0.00975871055537053,-0.0499094940520805,-0.04015078349671,0.04015078349671,4.11435335323207,TRUE,,TRUE,"1503;726;99;368;2063;2057;2962;2171;1762;3375;374;3655;377;2061;3657;1000;2873;1270;2957;3578;2794;511;2212;2870;2330;1629;2964;3350;3492;1269;1508;1739;2969;3348;1510;1267;2643;1272;2874;1723;1547;375;101;3576;2214;1273;3391;2064;3265;95;96;100;345;98;3270;3271;369;2500;1725;3272;147;612;1737;223;735;2743;2967;1365;3423;617;3381;1274;3133;1501;3424;2878;1806;426;1367;2487;3344;26;2646;1074;1997;2587;3622;2493;1589;740;781;780;102;2363;1505;2798;2968;103;1936;1633;707;97;373;952;1151;448;3656;730;1357;1854;1013;775;1765;869;776;1777;2589;75;731;2572;2574;2877;3136;1882;563;1081;1720;1355;2832;1462;1916;709;1623;3267;3337;2570;2919;1338;575;434;3386;1760;1507;3268;3743;3258;1191;3428;820;2879;2754;2875;1511;1996;3352;3062;3355","1809;873;120;440;2485;2477;3563;2614;2123;4062;448;4400;451;2483;4402;1204;3455;1529;3558;4307;3361;612;2661;3452;2802;1962;3566;4030;4201;1528;1816;2094;3573;4028;1818;1526;3178;1531;3457;2076;1862;449;122;4304;2664;1532;4080;2486;3930;116;117;121;413;119;3937;3938;441;3010;2078;3939;177;735;2092;268;884;3300;3570;1644;4119;742;4068;1533;3769;1806;4120;3461;2176;510;1648;2994;4024;32;3181;1293;2406;3113;4360;3000;1914;889;939;937;123;2843;1812;3366;3571;124;2334;1967;850;118;447;1146;1385;537;4401;878;1636;2235;1219;932;2126;1046;933;2141;3115;90;879;3095;3097;3460;3772;2268;676;1302;2072;1634;3406;1761;2309;854;1955;3934;4016;3092;3511;1611;690;520;4073;2121;1815;3935;4504;3923;1433;4124;987;3463;3312;3458;1819;2405;4034;3684;4037",3757,-0.0499094940520805,-0.04015078349671,0.04015078349671,4.11435335323207,TRUE,TRUE,
"07_SwSIiUS","table2_treated_signup_neighbor_high","neighbor_high",158,0.0420548309821666,"Increase",-0.00975871055537053,-0.0501419227756427,-0.0403832122202722,0.0403832122202722,4.13817091829289,TRUE,,TRUE,"1503;726;99;368;2063;2057;2962;2171;1762;3375;374;3655;377;2061;3657;1000;2873;1270;2957;3578;2794;511;2212;2870;2330;1629;2964;3350;3492;1269;1508;1739;2969;3348;1510;1267;2643;1272;2874;1723;375;1547;101;3576;2214;1273;3391;2064;3265;95;96;100;345;98;3270;3271;369;2500;1725;3272;612;147;1737;223;735;2743;2967;1365;3423;617;3381;1274;3133;1501;3424;2878;1806;426;1367;2487;3344;26;2646;1074;1997;2587;3622;2493;1589;740;781;780;102;1505;2363;2968;2798;103;1936;1633;707;97;373;952;1151;448;3656;730;1357;1854;1013;775;869;1765;776;1777;2589;75;731;2572;2574;2877;3136;1882;563;1081;1720;1355;2832;1462;1916;709;1623;3267;3337;2919;2570;1338;575;434;1507;3386;1760;3268;3743;3258;1191;3428;820;2879;2875;2754;1511;1996;3352;3062;3355;446","1809;873;120;440;2485;2477;3563;2614;2123;4062;448;4400;451;2483;4402;1204;3455;1529;3558;4307;3361;612;2661;3452;2802;1962;3566;4030;4201;1528;1816;2094;3573;4028;1818;1526;3178;1531;3457;2076;449;1862;122;4304;2664;1532;4080;2486;3930;116;117;121;413;119;3937;3938;441;3010;2078;3939;735;177;2092;268;884;3300;3570;1644;4119;742;4068;1533;3769;1806;4120;3461;2176;510;1648;2994;4024;32;3181;1293;2406;3113;4360;3000;1914;889;939;937;123;1812;2843;3571;3366;124;2334;1967;850;118;447;1146;1385;537;4401;878;1636;2235;1219;932;1046;2126;933;2141;3115;90;879;3095;3097;3460;3772;2268;676;1302;2072;1634;3406;1761;2309;854;1955;3934;4016;3511;3092;1611;690;520;1815;4073;2121;3935;4504;3923;1433;4124;987;3463;3458;3312;1819;2405;4034;3684;4037;534",3757,-0.0501419227756427,-0.0403832122202722,0.0403832122202722,4.13817091829289,TRUE,TRUE,
"07_SwSIiUS","table2_treated_signup_neighbor_high","neighbor_high",159,0.0423210007985095,"Increase",-0.00975871055537053,-0.0503507158848062,-0.0405920053294357,0.0405920053294357,4.15956648156724,TRUE,,TRUE,"1503;726;99;368;2063;2057;2962;2171;1762;3375;374;3655;377;2061;3657;1000;2873;1270;2957;3578;2794;511;2212;2870;2330;1629;2964;3350;3492;1269;1508;2969;1739;1510;3348;1267;2643;1272;2874;1723;375;1547;101;3576;2214;1273;3391;2064;3265;95;96;100;345;98;3270;3271;369;2500;3272;1725;612;147;1737;223;735;2743;2967;1365;3423;617;3381;1274;3133;1501;3424;2878;1806;426;1367;2487;3344;26;2646;1074;1997;3622;2587;2493;1589;740;781;102;780;1505;2363;2968;2798;103;1936;1633;707;97;373;952;1151;448;3656;730;1357;1854;1013;775;869;1765;776;1777;2589;75;731;2572;2574;2877;3136;1882;563;1081;1720;1355;2832;1462;1916;709;1623;3267;3337;2919;2570;1338;575;1507;434;1760;3386;3268;3743;3258;1191;3428;820;2879;2875;2754;1511;1996;3062;3352;3355;446;1248","1809;873;120;440;2485;2477;3563;2614;2123;4062;448;4400;451;2483;4402;1204;3455;1529;3558;4307;3361;612;2661;3452;2802;1962;3566;4030;4201;1528;1816;3573;2094;1818;4028;1526;3178;1531;3457;2076;449;1862;122;4304;2664;1532;4080;2486;3930;116;117;121;413;119;3937;3938;441;3010;3939;2078;735;177;2092;268;884;3300;3570;1644;4119;742;4068;1533;3769;1806;4120;3461;2176;510;1648;2994;4024;32;3181;1293;2406;4360;3113;3000;1914;889;939;123;937;1812;2843;3571;3366;124;2334;1967;850;118;447;1146;1385;537;4401;878;1636;2235;1219;932;1046;2126;933;2141;3115;90;879;3095;3097;3460;3772;2268;676;1302;2072;1634;3406;1761;2309;854;1955;3934;4016;3511;3092;1611;690;1815;520;2121;4073;3935;4504;3923;1433;4124;987;3463;3458;3312;1819;2405;3684;4034;4037;534;1503",3757,-0.0503507158848062,-0.0405920053294357,0.0405920053294357,4.15956648156724,TRUE,TRUE,
"07_SwSIiUS","table2_treated_signup_neighbor_high","neighbor_high",160,0.0425871706148523,"Increase",-0.00975871055537053,-0.0505785913455383,-0.0408198807901677,0.0408198807901677,4.18291746215418,TRUE,,TRUE,"1503;726;99;368;2063;2057;2962;2171;1762;3375;374;3655;377;2061;3657;1000;2873;1270;2957;3578;2794;511;2212;2870;2330;1629;2964;3350;3492;1269;1508;2969;1739;1510;3348;1267;2643;1272;2874;1723;375;1547;101;3576;2214;1273;3391;2064;3265;95;96;100;345;98;3270;3271;369;2500;3272;1725;612;147;1737;223;735;2743;2967;1365;617;3423;3381;1274;3133;1501;3424;2878;1806;426;1367;2487;3344;26;2646;1074;1997;3622;2493;2587;1589;740;102;781;780;1505;2363;2968;103;2798;1936;1633;707;97;373;952;1151;448;730;3656;1357;1854;1013;775;869;1765;776;1777;2589;75;731;2572;2574;2877;3136;1882;563;1081;1720;1355;2832;1462;1916;709;1623;3267;3337;2919;2570;1338;575;1507;434;1760;3386;3268;3743;3258;1191;3428;820;2879;2875;2754;1511;1996;3062;3352;446;3355;1248;778","1809;873;120;440;2485;2477;3563;2614;2123;4062;448;4400;451;2483;4402;1204;3455;1529;3558;4307;3361;612;2661;3452;2802;1962;3566;4030;4201;1528;1816;3573;2094;1818;4028;1526;3178;1531;3457;2076;449;1862;122;4304;2664;1532;4080;2486;3930;116;117;121;413;119;3937;3938;441;3010;3939;2078;735;177;2092;268;884;3300;3570;1644;742;4119;4068;1533;3769;1806;4120;3461;2176;510;1648;2994;4024;32;3181;1293;2406;4360;3000;3113;1914;889;123;939;937;1812;2843;3571;124;3366;2334;1967;850;118;447;1146;1385;537;878;4401;1636;2235;1219;932;1046;2126;933;2141;3115;90;879;3095;3097;3460;3772;2268;676;1302;2072;1634;3406;1761;2309;854;1955;3934;4016;3511;3092;1611;690;1815;520;2121;4073;3935;4504;3923;1433;4124;987;3463;3458;3312;1819;2405;3684;4034;534;4037;1503;935",3757,-0.0505785913455383,-0.0408198807901677,0.0408198807901677,4.18291746215418,TRUE,TRUE,
"07_SwSIiUS","table2_treated_signup_neighbor_high","neighbor_high",161,0.0428533404311951,"Increase",-0.00975871055537053,-0.0507868162320288,-0.0410281056766583,0.0410281056766583,4.20425479819967,TRUE,,TRUE,"1503;726;99;368;2063;2057;2962;2171;1762;3375;374;3655;377;2061;3657;1000;2873;1270;2957;3578;2794;511;2212;2870;2330;1629;2964;3350;3492;1269;1508;2969;1739;1510;3348;1267;2643;1272;2874;1723;375;1547;101;3576;2214;1273;3391;2064;3265;95;96;100;345;98;3270;3271;369;2500;3272;1725;612;147;1737;223;735;2743;2967;1365;617;3423;3381;1274;3133;1501;3424;2878;1806;426;1367;2487;3344;26;2646;1074;3622;1997;2493;2587;1589;740;102;781;780;1505;2968;2363;103;2798;1936;1633;707;97;373;952;1151;730;448;3656;1357;1854;1013;775;869;1765;776;1777;2589;731;75;2572;2574;2877;3136;1882;563;1081;1720;1355;2832;1462;1916;709;1623;3267;3337;2919;2570;1338;1507;575;434;1760;3386;3268;3743;3258;1191;3428;820;2879;2875;2754;1511;1996;3062;3352;446;3355;1248;778;1632","1809;873;120;440;2485;2477;3563;2614;2123;4062;448;4400;451;2483;4402;1204;3455;1529;3558;4307;3361;612;2661;3452;2802;1962;3566;4030;4201;1528;1816;3573;2094;1818;4028;1526;3178;1531;3457;2076;449;1862;122;4304;2664;1532;4080;2486;3930;116;117;121;413;119;3937;3938;441;3010;3939;2078;735;177;2092;268;884;3300;3570;1644;742;4119;4068;1533;3769;1806;4120;3461;2176;510;1648;2994;4024;32;3181;1293;4360;2406;3000;3113;1914;889;123;939;937;1812;3571;2843;124;3366;2334;1967;850;118;447;1146;1385;878;537;4401;1636;2235;1219;932;1046;2126;933;2141;3115;879;90;3095;3097;3460;3772;2268;676;1302;2072;1634;3406;1761;2309;854;1955;3934;4016;3511;3092;1611;1815;690;520;2121;4073;3935;4504;3923;1433;4124;987;3463;3458;3312;1819;2405;3684;4034;534;4037;1503;935;1966",3757,-0.0507868162320288,-0.0410281056766583,0.0410281056766583,4.20425479819967,TRUE,TRUE,
"07_SwSIiUS","table2_treated_signup_neighbor_high","neighbor_high",162,0.0431195102475379,"Increase",-0.00975871055537053,-0.0510216630124703,-0.0412629524570997,0.0412629524570997,4.22832014772601,TRUE,,TRUE,"1503;726;99;368;2063;2057;2962;2171;1762;3375;374;377;3655;2061;3657;1000;2873;1270;2957;3578;2794;511;2212;2870;2330;1629;2964;3350;3492;1269;1508;2969;1510;1739;3348;1267;2643;1272;2874;1723;375;1547;101;3576;2214;1273;3391;2064;3265;95;96;100;345;98;3270;3271;369;2500;3272;1725;612;147;1737;223;735;2743;2967;1365;617;3423;3381;1274;3133;1501;3424;2878;1806;426;2487;1367;3344;26;2646;1074;2493;3622;1997;2587;1589;740;102;781;780;1505;2968;2363;103;2798;1936;1633;707;97;373;952;730;1151;448;3656;1357;1854;1013;775;869;1765;776;1777;2589;731;75;2572;2574;2877;3136;1882;563;1081;1720;1355;1462;2832;1916;709;1623;3267;3337;2919;2570;1507;1338;575;434;1760;3268;3386;3743;3258;1191;3428;2879;820;2875;2754;1511;1996;3062;3352;446;3355;1248;778;1632;1395","1809;873;120;440;2485;2477;3563;2614;2123;4062;448;451;4400;2483;4402;1204;3455;1529;3558;4307;3361;612;2661;3452;2802;1962;3566;4030;4201;1528;1816;3573;1818;2094;4028;1526;3178;1531;3457;2076;449;1862;122;4304;2664;1532;4080;2486;3930;116;117;121;413;119;3937;3938;441;3010;3939;2078;735;177;2092;268;884;3300;3570;1644;742;4119;4068;1533;3769;1806;4120;3461;2176;510;2994;1648;4024;32;3181;1293;3000;4360;2406;3113;1914;889;123;939;937;1812;3571;2843;124;3366;2334;1967;850;118;447;1146;878;1385;537;4401;1636;2235;1219;932;1046;2126;933;2141;3115;879;90;3095;3097;3460;3772;2268;676;1302;2072;1634;1761;3406;2309;854;1955;3934;4016;3511;3092;1815;1611;690;520;2121;3935;4073;4504;3923;1433;4124;3463;987;3458;3312;1819;2405;3684;4034;534;4037;1503;935;1966;1682",3757,-0.0510216630124703,-0.0412629524570997,0.0412629524570997,4.22832014772601,TRUE,TRUE,
"07_SwSIiUS","table2_treated_signup_neighbor_high","neighbor_high",163,0.0433856800638808,"Increase",-0.00975871055537053,-0.0512493810140929,-0.0414906704587224,0.0414906704587224,4.25165499307577,TRUE,,TRUE,"1503;726;99;368;2063;2057;2962;2171;1762;3375;374;377;3655;2061;3657;1000;2873;1270;2957;3578;2794;511;2212;2870;2330;1629;2964;3350;3492;1269;1508;2969;1510;1739;3348;1267;2643;1272;2874;1723;375;1547;101;3576;2214;1273;3391;2064;3265;95;96;100;345;98;3270;3271;369;3272;2500;1725;612;147;1737;223;735;2743;2967;1365;617;3423;3381;1274;3133;1501;3424;2878;1806;426;2487;1367;3344;26;2646;1074;2493;3622;1997;2587;1589;740;102;781;780;1505;2968;2363;103;2798;1936;97;1633;707;373;952;730;1151;3656;448;1357;1854;1013;775;869;1765;776;1777;2589;731;75;2572;2574;2877;3136;1882;563;1081;1720;1355;1462;2832;1916;709;1623;3267;3337;2919;2570;1507;1338;575;434;1760;3268;3386;3743;3258;1191;3428;2879;2875;820;1511;2754;1996;3062;3352;446;3355;1248;1632;778;1395;451","1809;873;120;440;2485;2477;3563;2614;2123;4062;448;451;4400;2483;4402;1204;3455;1529;3558;4307;3361;612;2661;3452;2802;1962;3566;4030;4201;1528;1816;3573;1818;2094;4028;1526;3178;1531;3457;2076;449;1862;122;4304;2664;1532;4080;2486;3930;116;117;121;413;119;3937;3938;441;3939;3010;2078;735;177;2092;268;884;3300;3570;1644;742;4119;4068;1533;3769;1806;4120;3461;2176;510;2994;1648;4024;32;3181;1293;3000;4360;2406;3113;1914;889;123;939;937;1812;3571;2843;124;3366;2334;118;1967;850;447;1146;878;1385;4401;537;1636;2235;1219;932;1046;2126;933;2141;3115;879;90;3095;3097;3460;3772;2268;676;1302;2072;1634;1761;3406;2309;854;1955;3934;4016;3511;3092;1815;1611;690;520;2121;3935;4073;4504;3923;1433;4124;3463;3458;987;1819;3312;2405;3684;4034;534;4037;1503;1966;935;1682;540",3757,-0.0512493810140929,-0.0414906704587224,0.0414906704587224,4.25165499307577,TRUE,TRUE,
"07_SwSIiUS","table2_treated_signup_neighbor_high","neighbor_high",164,0.0436518498802236,"Increase",-0.00975871055537053,-0.0514566158963206,-0.0416979053409501,0.0416979053409501,4.2728908808554,TRUE,,TRUE,"1503;726;99;368;2063;2057;2962;2171;1762;3375;374;377;3655;2061;3657;1000;2873;1270;2957;3578;2794;511;2212;2870;2330;1629;2964;3350;3492;1269;1508;2969;1510;1739;3348;1267;2643;1272;2874;1723;375;1547;101;3576;2214;1273;2064;3391;3265;95;96;100;345;98;3270;3271;369;3272;2500;612;1725;147;1737;223;735;2743;2967;1365;617;3423;3381;1274;3133;1501;3424;2878;1806;426;2487;1367;3344;26;2646;1074;2493;3622;1997;2587;1589;740;102;781;780;1505;2968;2363;103;2798;1936;97;1633;707;373;952;730;1151;3656;448;1357;1854;1013;775;869;1765;776;1777;2589;731;75;2572;2574;2877;3136;1882;563;1081;1720;1355;1462;2832;1916;709;1623;3267;3337;2919;2570;1507;1338;575;434;3268;1760;3386;3743;3258;1191;3428;2879;2875;820;1511;2754;1996;3062;3352;446;3355;1248;1632;778;1395;451;733","1809;873;120;440;2485;2477;3563;2614;2123;4062;448;451;4400;2483;4402;1204;3455;1529;3558;4307;3361;612;2661;3452;2802;1962;3566;4030;4201;1528;1816;3573;1818;2094;4028;1526;3178;1531;3457;2076;449;1862;122;4304;2664;1532;2486;4080;3930;116;117;121;413;119;3937;3938;441;3939;3010;735;2078;177;2092;268;884;3300;3570;1644;742;4119;4068;1533;3769;1806;4120;3461;2176;510;2994;1648;4024;32;3181;1293;3000;4360;2406;3113;1914;889;123;939;937;1812;3571;2843;124;3366;2334;118;1967;850;447;1146;878;1385;4401;537;1636;2235;1219;932;1046;2126;933;2141;3115;879;90;3095;3097;3460;3772;2268;676;1302;2072;1634;1761;3406;2309;854;1955;3934;4016;3511;3092;1815;1611;690;520;3935;2121;4073;4504;3923;1433;4124;3463;3458;987;1819;3312;2405;3684;4034;534;4037;1503;1966;935;1682;540;882",3757,-0.0514566158963206,-0.0416979053409501,0.0416979053409501,4.2728908808554,TRUE,TRUE,
"07_SwSIiUS","table2_treated_signup_neighbor_high","neighbor_high",165,0.0439180196965664,"Increase",-0.00975871055537053,-0.0516859084275298,-0.0419271978721592,0.0419271978721592,4.29638707227415,TRUE,,TRUE,"1503;726;99;368;2063;2057;2962;2171;1762;3375;374;377;3655;2061;3657;1000;2873;1270;2957;3578;2794;511;2212;2870;2330;1629;2964;3350;1269;3492;1508;2969;1510;1739;3348;1267;2643;1272;2874;375;1723;1547;101;3576;2214;1273;2064;3391;3265;95;96;100;345;98;3270;3271;369;3272;2500;612;1725;147;1737;223;735;2967;2743;1365;617;3423;3381;1274;3133;1501;3424;2878;1806;426;2487;1367;3344;26;2646;1074;2493;3622;1997;2587;1589;740;102;781;780;1505;2968;2363;103;2798;1936;97;1633;707;373;730;952;3656;1151;448;1357;1854;1013;775;869;1765;776;1777;731;2589;75;2572;2574;2877;3136;1882;563;1081;1720;1355;1462;2832;1916;709;1623;3267;3337;2919;2570;1507;1338;575;434;3268;1760;3386;3743;3258;1191;2879;3428;2875;820;1511;2754;1996;3062;3352;446;3355;1248;1632;778;1395;451;733;3347","1809;873;120;440;2485;2477;3563;2614;2123;4062;448;451;4400;2483;4402;1204;3455;1529;3558;4307;3361;612;2661;3452;2802;1962;3566;4030;1528;4201;1816;3573;1818;2094;4028;1526;3178;1531;3457;449;2076;1862;122;4304;2664;1532;2486;4080;3930;116;117;121;413;119;3937;3938;441;3939;3010;735;2078;177;2092;268;884;3570;3300;1644;742;4119;4068;1533;3769;1806;4120;3461;2176;510;2994;1648;4024;32;3181;1293;3000;4360;2406;3113;1914;889;123;939;937;1812;3571;2843;124;3366;2334;118;1967;850;447;878;1146;4401;1385;537;1636;2235;1219;932;1046;2126;933;2141;879;3115;90;3095;3097;3460;3772;2268;676;1302;2072;1634;1761;3406;2309;854;1955;3934;4016;3511;3092;1815;1611;690;520;3935;2121;4073;4504;3923;1433;3463;4124;3458;987;1819;3312;2405;3684;4034;534;4037;1503;1966;935;1682;540;882;4027",3757,-0.0516859084275298,-0.0419271978721592,0.0419271978721592,4.29638707227415,TRUE,TRUE,
"07_SwSIiUS","table2_treated_signup_neighbor_high","neighbor_high",166,0.0441841895129092,"Increase",-0.00975871055537053,-0.0519002742372343,-0.0421415636818638,0.0421415636818638,4.31835368440884,TRUE,,TRUE,"1503;726;99;368;2063;2057;2962;2171;1762;3375;374;377;3655;2061;3657;1000;2873;1270;2957;3578;2794;511;2212;2870;2330;1629;2964;3350;1269;3492;1508;2969;1510;1739;3348;1267;2643;1272;2874;375;1723;1547;101;3576;2214;1273;2064;3391;3265;95;96;100;345;98;3270;3271;369;3272;2500;612;1725;147;1737;223;735;2967;2743;1365;617;3423;3381;1274;3133;1501;3424;2878;1806;426;2487;1367;3344;26;2646;1074;2493;3622;1997;2587;740;1589;102;781;780;1505;2968;103;2363;2798;1936;97;1633;707;373;730;952;3656;1151;448;1357;1854;1013;775;869;1765;776;1777;731;2589;75;2572;2574;2877;3136;1882;563;1081;1720;1355;1462;2832;709;1916;1623;3267;3337;2919;1507;2570;1338;575;3268;434;1760;3386;3743;3258;1191;2879;2875;3428;1511;820;2754;1996;3062;3352;446;3355;1632;1248;778;1395;451;733;3347;1256","1809;873;120;440;2485;2477;3563;2614;2123;4062;448;451;4400;2483;4402;1204;3455;1529;3558;4307;3361;612;2661;3452;2802;1962;3566;4030;1528;4201;1816;3573;1818;2094;4028;1526;3178;1531;3457;449;2076;1862;122;4304;2664;1532;2486;4080;3930;116;117;121;413;119;3937;3938;441;3939;3010;735;2078;177;2092;268;884;3570;3300;1644;742;4119;4068;1533;3769;1806;4120;3461;2176;510;2994;1648;4024;32;3181;1293;3000;4360;2406;3113;889;1914;123;939;937;1812;3571;124;2843;3366;2334;118;1967;850;447;878;1146;4401;1385;537;1636;2235;1219;932;1046;2126;933;2141;879;3115;90;3095;3097;3460;3772;2268;676;1302;2072;1634;1761;3406;854;2309;1955;3934;4016;3511;1815;3092;1611;690;3935;520;2121;4073;4504;3923;1433;3463;3458;4124;1819;987;3312;2405;3684;4034;534;4037;1966;1503;935;1682;540;882;4027;1512",3757,-0.0519002742372343,-0.0421415636818638,0.0421415636818638,4.31835368440884,TRUE,TRUE,
"07_SwSIiUS","table2_treated_signup_neighbor_high","neighbor_high",167,0.0444503593292521,"Increase",-0.00975871055537053,-0.052130442463812,-0.0423717319084415,0.0423717319084415,4.34193961056903,TRUE,,TRUE,"1503;726;99;368;2063;2057;2962;2171;1762;3375;374;377;3655;2061;3657;1000;2873;1270;2957;3578;2794;511;2212;2870;2330;1629;2964;3350;1269;3492;1508;2969;1510;1739;3348;1267;2643;1272;2874;375;1723;1547;101;3576;2214;1273;2064;3391;3265;95;96;100;345;98;3270;3271;369;3272;2500;612;1725;147;1737;223;735;2967;2743;1365;617;3423;3381;1274;3133;1501;2878;3424;1806;426;2487;1367;3344;26;2646;1074;2493;3622;1997;2587;740;1589;102;781;780;1505;2968;103;2363;2798;1936;97;1633;707;373;730;952;3656;448;1151;1357;1854;1013;775;869;1765;776;1777;731;2589;75;2572;2574;2877;3136;1882;1081;563;1720;1355;1462;2832;709;1916;1623;3267;3337;2919;1507;2570;1338;575;3268;434;1760;3386;3743;3258;1191;2879;2875;3428;1511;820;2754;1996;3062;3352;446;3355;1632;1248;778;1395;733;451;3347;1256;3429","1809;873;120;440;2485;2477;3563;2614;2123;4062;448;451;4400;2483;4402;1204;3455;1529;3558;4307;3361;612;2661;3452;2802;1962;3566;4030;1528;4201;1816;3573;1818;2094;4028;1526;3178;1531;3457;449;2076;1862;122;4304;2664;1532;2486;4080;3930;116;117;121;413;119;3937;3938;441;3939;3010;735;2078;177;2092;268;884;3570;3300;1644;742;4119;4068;1533;3769;1806;3461;4120;2176;510;2994;1648;4024;32;3181;1293;3000;4360;2406;3113;889;1914;123;939;937;1812;3571;124;2843;3366;2334;118;1967;850;447;878;1146;4401;537;1385;1636;2235;1219;932;1046;2126;933;2141;879;3115;90;3095;3097;3460;3772;2268;1302;676;2072;1634;1761;3406;854;2309;1955;3934;4016;3511;1815;3092;1611;690;3935;520;2121;4073;4504;3923;1433;3463;3458;4124;1819;987;3312;2405;3684;4034;534;4037;1966;1503;935;1682;882;540;4027;1512;4126",3757,-0.052130442463812,-0.0423717319084415,0.0423717319084415,4.34193961056903,TRUE,TRUE,
"07_SwSIiUS","table2_treated_signup_neighbor_high","neighbor_high",168,0.0447165291455949,"Increase",-0.00975871055537053,-0.0523606193735413,-0.0426019088181708,0.0426019088181708,4.36552642651396,TRUE,,TRUE,"1503;726;99;368;2063;2057;2962;2171;1762;3375;374;377;3655;2061;3657;1000;2873;1270;2957;3578;2794;511;2212;2870;2330;1629;2964;3350;1269;3492;1508;2969;1510;1739;3348;1267;2643;1272;2874;375;1723;1547;101;3576;2214;1273;2064;3391;3265;95;96;100;345;98;3270;3271;369;3272;612;2500;1725;147;1737;223;735;2967;2743;1365;617;3423;3381;1274;1501;3133;2878;3424;1806;426;2487;3344;1367;26;2646;1074;2493;3622;1997;2587;102;740;1589;781;780;1505;2968;103;2363;2798;1936;97;373;1633;707;730;952;3656;448;1151;1357;1854;1013;775;869;1765;776;1777;731;2589;75;2572;2877;2574;3136;1081;1882;563;1720;1355;1462;2832;709;1623;1916;3267;3337;1507;2919;2570;1338;3268;575;434;1760;3386;3743;3258;1191;2879;2875;3428;1511;820;2754;1996;3062;3352;446;1632;3355;1248;778;1395;733;451;3347;713;1256;3429","1809;873;120;440;2485;2477;3563;2614;2123;4062;448;451;4400;2483;4402;1204;3455;1529;3558;4307;3361;612;2661;3452;2802;1962;3566;4030;1528;4201;1816;3573;1818;2094;4028;1526;3178;1531;3457;449;2076;1862;122;4304;2664;1532;2486;4080;3930;116;117;121;413;119;3937;3938;441;3939;735;3010;2078;177;2092;268;884;3570;3300;1644;742;4119;4068;1533;1806;3769;3461;4120;2176;510;2994;4024;1648;32;3181;1293;3000;4360;2406;3113;123;889;1914;939;937;1812;3571;124;2843;3366;2334;118;447;1967;850;878;1146;4401;537;1385;1636;2235;1219;932;1046;2126;933;2141;879;3115;90;3095;3460;3097;3772;1302;2268;676;2072;1634;1761;3406;854;1955;2309;3934;4016;1815;3511;3092;1611;3935;690;520;2121;4073;4504;3923;1433;3463;3458;4124;1819;987;3312;2405;3684;4034;534;1966;4037;1503;935;1682;882;540;4027;858;1512;4126",3757,-0.0523606193735413,-0.0426019088181708,0.0426019088181708,4.36552642651396,TRUE,TRUE,
"07_SwSIiUS","table2_treated_signup_neighbor_high","neighbor_high",169,0.0449826989619377,"Increase",-0.00975871055537053,-0.0525770239470761,-0.0428183133917056,0.0428183133917056,4.38770195598652,TRUE,,TRUE,"1503;726;99;368;2063;2057;2962;2171;1762;3375;374;377;3655;2061;1000;3657;2873;1270;2957;3578;2794;511;2212;2870;2330;1629;2964;3350;1269;3492;1508;2969;1510;1739;3348;1267;2643;1272;2874;375;1723;1547;101;3576;2214;1273;2064;3391;3265;95;96;100;345;98;3270;3271;369;3272;612;2500;1725;147;1737;223;735;2967;2743;1365;617;3423;3381;1274;1501;3133;2878;3424;1806;426;2487;3344;1367;26;2646;1074;2493;3622;1997;2587;102;740;1589;781;1505;2968;780;103;2363;2798;97;1936;373;1633;707;730;952;3656;448;1151;1357;1854;1013;869;775;1765;776;731;1777;2589;75;2572;2877;2574;3136;1081;1882;563;1720;1355;1462;2832;1623;709;1916;3267;3337;1507;2919;2570;3268;1338;575;434;1760;3386;3743;3258;1191;2879;2875;1511;3428;820;2754;1996;3062;3352;446;1632;3355;1248;778;733;1395;451;3347;713;1256;3429;1594","1809;873;120;440;2485;2477;3563;2614;2123;4062;448;451;4400;2483;1204;4402;3455;1529;3558;4307;3361;612;2661;3452;2802;1962;3566;4030;1528;4201;1816;3573;1818;2094;4028;1526;3178;1531;3457;449;2076;1862;122;4304;2664;1532;2486;4080;3930;116;117;121;413;119;3937;3938;441;3939;735;3010;2078;177;2092;268;884;3570;3300;1644;742;4119;4068;1533;1806;3769;3461;4120;2176;510;2994;4024;1648;32;3181;1293;3000;4360;2406;3113;123;889;1914;939;1812;3571;937;124;2843;3366;118;2334;447;1967;850;878;1146;4401;537;1385;1636;2235;1219;1046;932;2126;933;879;2141;3115;90;3095;3460;3097;3772;1302;2268;676;2072;1634;1761;3406;1955;854;2309;3934;4016;1815;3511;3092;3935;1611;690;520;2121;4073;4504;3923;1433;3463;3458;1819;4124;987;3312;2405;3684;4034;534;1966;4037;1503;935;882;1682;540;4027;858;1512;4126;1920",3757,-0.0525770239470761,-0.0428183133917056,0.0428183133917056,4.38770195598652,TRUE,TRUE,
"07_SwSIiUS","table2_treated_signup_neighbor_high","neighbor_high",170,0.0452488687782805,"Increase",-0.00975871055537053,-0.0527940825772431,-0.0430353720218726,0.0430353720218726,4.40994450831302,TRUE,,TRUE,"1503;726;99;368;2063;2057;2962;1762;2171;3375;374;377;3655;2061;1000;3657;2873;1270;2957;2794;3578;511;2212;2870;2330;1629;2964;3350;1269;3492;1508;2969;1510;1739;3348;1267;2643;1272;2874;375;1723;1547;101;3576;2214;1273;2064;3391;3265;95;96;100;345;98;3270;3271;369;3272;612;2500;1725;147;1737;223;735;2967;2743;1365;617;3423;3381;1274;1501;3133;2878;3424;1806;426;2487;3344;1367;26;2646;1074;2493;3622;1997;2587;102;740;1589;781;1505;2968;780;103;2363;2798;97;1936;373;1633;707;730;952;3656;448;1151;1357;1854;1013;869;775;1765;776;731;1777;2589;75;2572;2877;2574;3136;1081;1882;563;1720;1355;1462;2832;1623;709;1916;3267;3337;1507;2919;2570;3268;1338;575;434;1760;3386;3743;3258;1191;2879;2875;1511;3428;820;2754;1996;3062;446;3352;1632;3355;1248;778;733;1395;451;3347;713;1256;3429;1594;3739","1809;873;120;440;2485;2477;3563;2123;2614;4062;448;451;4400;2483;1204;4402;3455;1529;3558;3361;4307;612;2661;3452;2802;1962;3566;4030;1528;4201;1816;3573;1818;2094;4028;1526;3178;1531;3457;449;2076;1862;122;4304;2664;1532;2486;4080;3930;116;117;121;413;119;3937;3938;441;3939;735;3010;2078;177;2092;268;884;3570;3300;1644;742;4119;4068;1533;1806;3769;3461;4120;2176;510;2994;4024;1648;32;3181;1293;3000;4360;2406;3113;123;889;1914;939;1812;3571;937;124;2843;3366;118;2334;447;1967;850;878;1146;4401;537;1385;1636;2235;1219;1046;932;2126;933;879;2141;3115;90;3095;3460;3097;3772;1302;2268;676;2072;1634;1761;3406;1955;854;2309;3934;4016;1815;3511;3092;3935;1611;690;520;2121;4073;4504;3923;1433;3463;3458;1819;4124;987;3312;2405;3684;534;4034;1966;4037;1503;935;882;1682;540;4027;858;1512;4126;1920;4499",3757,-0.0527940825772431,-0.0430353720218726,0.0430353720218726,4.40994450831302,TRUE,TRUE,
"07_SwSIiUS","table2_treated_signup_neighbor_high","neighbor_high",171,0.0455150385946234,"Increase",-0.00975871055537053,-0.0530010758716398,-0.0432423653162693,0.0432423653162693,4.43115563997045,TRUE,,TRUE,"1503;726;99;368;2063;2057;2962;1762;2171;3375;374;377;3655;2061;1000;3657;2873;1270;2957;2794;3578;511;2212;2870;2330;1629;2964;3350;1269;1508;3492;2969;1510;1739;3348;1267;2643;1272;2874;375;1723;1547;101;3576;2214;1273;2064;3391;3265;95;96;100;345;98;3270;3271;369;3272;612;2500;1725;147;1737;223;735;2967;2743;1365;617;3423;3381;1274;1501;3133;2878;3424;1806;3344;426;2487;1367;26;2646;2493;1074;3622;1997;2587;102;740;1589;1505;2968;781;780;103;2363;2798;97;1936;373;1633;707;730;952;3656;448;1151;1357;1854;1013;869;775;1765;776;731;1777;2589;75;2572;2877;2574;3136;1081;1882;1720;563;1355;1462;2832;1623;709;3267;1916;3337;1507;2919;2570;3268;1338;575;434;1760;3386;3743;3258;1191;2879;2875;1511;3428;2754;820;1996;3062;446;1632;3352;1248;3355;778;733;1395;451;3347;713;1256;3429;1594;3739;954","1809;873;120;440;2485;2477;3563;2123;2614;4062;448;451;4400;2483;1204;4402;3455;1529;3558;3361;4307;612;2661;3452;2802;1962;3566;4030;1528;1816;4201;3573;1818;2094;4028;1526;3178;1531;3457;449;2076;1862;122;4304;2664;1532;2486;4080;3930;116;117;121;413;119;3937;3938;441;3939;735;3010;2078;177;2092;268;884;3570;3300;1644;742;4119;4068;1533;1806;3769;3461;4120;2176;4024;510;2994;1648;32;3181;3000;1293;4360;2406;3113;123;889;1914;1812;3571;939;937;124;2843;3366;118;2334;447;1967;850;878;1146;4401;537;1385;1636;2235;1219;1046;932;2126;933;879;2141;3115;90;3095;3460;3097;3772;1302;2268;2072;676;1634;1761;3406;1955;854;3934;2309;4016;1815;3511;3092;3935;1611;690;520;2121;4073;4504;3923;1433;3463;3458;1819;4124;3312;987;2405;3684;534;1966;4034;1503;4037;935;882;1682;540;4027;858;1512;4126;1920;4499;1148",3757,-0.0530010758716398,-0.0432423653162693,0.0432423653162693,4.43115563997045,TRUE,TRUE,
"07_SwSIiUS","table2_treated_signup_neighbor_high","neighbor_high",172,0.0457812084109662,"Increase",-0.00975871055537053,-0.0532339753845621,-0.0434752648291915,0.0434752648291915,4.45502144801966,TRUE,,TRUE,"1503;726;99;368;2063;2057;2962;1762;2171;3375;374;377;3655;2061;1000;3657;2873;1270;2957;2794;3578;511;2212;2870;2330;1629;2964;3350;1269;1508;3492;2969;1510;1739;3348;1267;2643;1272;2874;375;1723;1547;101;3576;2214;1273;2064;3391;3265;95;96;100;345;98;3270;3271;369;3272;612;2500;1725;147;1737;223;735;2967;2743;617;1365;3423;3381;1274;1501;3133;2878;3424;3344;1806;426;2487;1367;26;2646;2493;1074;3622;1997;102;2587;740;1589;2968;1505;781;780;103;2363;2798;97;1936;373;1633;707;730;952;3656;448;1151;1357;869;1854;1013;775;1765;776;731;1777;2589;75;2572;2877;2574;3136;1081;1882;1720;563;1355;1462;2832;1623;709;3267;1916;3337;1507;2919;2570;3268;1338;575;434;1760;3386;3743;3258;1191;2879;2875;1511;3428;2754;820;1996;3062;1632;446;3352;1248;3355;778;733;1395;451;3347;713;1256;3429;1594;3739;954;1697","1809;873;120;440;2485;2477;3563;2123;2614;4062;448;451;4400;2483;1204;4402;3455;1529;3558;3361;4307;612;2661;3452;2802;1962;3566;4030;1528;1816;4201;3573;1818;2094;4028;1526;3178;1531;3457;449;2076;1862;122;4304;2664;1532;2486;4080;3930;116;117;121;413;119;3937;3938;441;3939;735;3010;2078;177;2092;268;884;3570;3300;742;1644;4119;4068;1533;1806;3769;3461;4120;4024;2176;510;2994;1648;32;3181;3000;1293;4360;2406;123;3113;889;1914;3571;1812;939;937;124;2843;3366;118;2334;447;1967;850;878;1146;4401;537;1385;1636;1046;2235;1219;932;2126;933;879;2141;3115;90;3095;3460;3097;3772;1302;2268;2072;676;1634;1761;3406;1955;854;3934;2309;4016;1815;3511;3092;3935;1611;690;520;2121;4073;4504;3923;1433;3463;3458;1819;4124;3312;987;2405;3684;1966;534;4034;1503;4037;935;882;1682;540;4027;858;1512;4126;1920;4499;1148;2043",3757,-0.0532339753845621,-0.0434752648291915,0.0434752648291915,4.45502144801966,TRUE,TRUE,
"07_SwSIiUS","table2_treated_signup_neighbor_high","neighbor_high",173,0.046047378227309,"Increase",-0.00975871055537053,-0.0534387688738405,-0.0436800583184699,0.0436800583184699,4.47600716002704,TRUE,,TRUE,"1503;726;99;368;2063;2057;2962;1762;2171;3375;374;377;3655;2061;1000;3657;2873;1270;2957;2794;3578;511;2870;2212;2330;1629;2964;1269;3350;1508;3492;2969;1510;1739;3348;1267;2643;1272;2874;375;1723;1547;101;3576;2214;1273;2064;3391;3265;95;96;100;345;98;3270;3271;369;3272;612;2500;1725;147;1737;223;735;2967;2743;617;1365;3423;3381;1274;1501;3133;2878;3424;3344;2487;426;1806;1367;26;2646;2493;1074;3622;1997;102;2587;740;1589;2968;1505;781;780;103;2363;2798;97;1936;373;707;1633;730;952;3656;448;1151;1357;869;1854;1013;775;1765;776;731;1777;2589;75;2572;2877;2574;3136;1081;1882;1720;563;1355;1462;1623;2832;709;3267;3337;1916;1507;2919;2570;3268;1338;575;434;1760;3386;3743;3258;1191;2879;2875;1511;3428;2754;820;1996;3062;1632;446;3352;1248;3355;778;733;1395;451;3347;713;1594;1256;3429;3739;954;727;1697","1809;873;120;440;2485;2477;3563;2123;2614;4062;448;451;4400;2483;1204;4402;3455;1529;3558;3361;4307;612;3452;2661;2802;1962;3566;1528;4030;1816;4201;3573;1818;2094;4028;1526;3178;1531;3457;449;2076;1862;122;4304;2664;1532;2486;4080;3930;116;117;121;413;119;3937;3938;441;3939;735;3010;2078;177;2092;268;884;3570;3300;742;1644;4119;4068;1533;1806;3769;3461;4120;4024;2994;510;2176;1648;32;3181;3000;1293;4360;2406;123;3113;889;1914;3571;1812;939;937;124;2843;3366;118;2334;447;850;1967;878;1146;4401;537;1385;1636;1046;2235;1219;932;2126;933;879;2141;3115;90;3095;3460;3097;3772;1302;2268;2072;676;1634;1761;1955;3406;854;3934;4016;2309;1815;3511;3092;3935;1611;690;520;2121;4073;4504;3923;1433;3463;3458;1819;4124;3312;987;2405;3684;1966;534;4034;1503;4037;935;882;1682;540;4027;858;1920;1512;4126;4499;1148;874;2043",3757,-0.0534387688738405,-0.0436800583184699,0.0436800583184699,4.47600716002704,TRUE,TRUE,
"07_SwSIiUS","table2_treated_signup_neighbor_high","neighbor_high",174,0.0463135480436518,"Increase",-0.00975871055537053,-0.0536627097722482,-0.0439039992168777,0.0439039992168777,4.49895495596146,TRUE,,TRUE,"1503;726;99;368;2063;2057;2962;1762;2171;3375;374;377;3655;2061;1000;3657;2873;1270;2957;2794;3578;511;2870;2212;2330;1629;2964;1269;3350;1508;3492;2969;1510;1739;3348;1267;1272;2643;2874;375;1723;101;1547;3576;2214;1273;2064;3391;3265;95;96;100;345;98;3270;3271;369;3272;612;2500;1725;147;1737;223;735;2967;2743;617;1365;3423;3381;1274;1501;3133;2878;3424;3344;2487;426;1806;1367;26;2646;2493;1074;3622;1997;102;2587;740;1589;2968;1505;781;780;103;2363;2798;97;373;1936;707;1633;730;952;3656;448;1151;1357;869;1854;1013;775;1765;776;731;1777;2589;75;2572;2877;2574;3136;1081;1720;1882;563;1355;1462;1623;2832;3267;709;3337;1916;1507;2919;2570;3268;1338;434;575;1760;3386;3743;3258;1191;2879;2875;1511;3428;2754;820;1996;3062;1632;446;3352;1248;3355;778;733;451;1395;3347;713;1594;1256;3429;3739;954;727;1697;3065","1809;873;120;440;2485;2477;3563;2123;2614;4062;448;451;4400;2483;1204;4402;3455;1529;3558;3361;4307;612;3452;2661;2802;1962;3566;1528;4030;1816;4201;3573;1818;2094;4028;1526;1531;3178;3457;449;2076;122;1862;4304;2664;1532;2486;4080;3930;116;117;121;413;119;3937;3938;441;3939;735;3010;2078;177;2092;268;884;3570;3300;742;1644;4119;4068;1533;1806;3769;3461;4120;4024;2994;510;2176;1648;32;3181;3000;1293;4360;2406;123;3113;889;1914;3571;1812;939;937;124;2843;3366;118;447;2334;850;1967;878;1146;4401;537;1385;1636;1046;2235;1219;932;2126;933;879;2141;3115;90;3095;3460;3097;3772;1302;2072;2268;676;1634;1761;1955;3406;3934;854;4016;2309;1815;3511;3092;3935;1611;520;690;2121;4073;4504;3923;1433;3463;3458;1819;4124;3312;987;2405;3684;1966;534;4034;1503;4037;935;882;540;1682;4027;858;1920;1512;4126;4499;1148;874;2043;3687",3757,-0.0536627097722482,-0.0439039992168777,0.0439039992168777,4.49895495596146,TRUE,TRUE,
"07_SwSIiUS","table2_treated_signup_neighbor_high","neighbor_high",175,0.0465797178599947,"Increase",-0.00975871055537053,-0.0538948975529973,-0.0441361869976268,0.0441361869976268,4.52274783099671,TRUE,,TRUE,"1503;726;99;368;2063;2057;2962;1762;2171;3375;374;377;3655;2061;1000;3657;2873;1270;2957;2794;3578;511;2870;2212;2330;1629;2964;1269;3350;1508;3492;2969;1510;1739;3348;1267;1272;2643;2874;375;1723;101;1547;3576;2214;1273;2064;3391;3265;95;100;96;345;98;3270;3271;369;3272;612;2500;1725;147;1737;223;735;2967;2743;617;1365;3423;3381;1274;1501;3133;2878;3424;3344;2487;426;1806;1367;26;2646;2493;1074;3622;102;1997;2587;740;1589;2968;1505;781;780;103;2363;2798;97;373;1936;707;1633;730;952;3656;448;1151;1357;869;1854;1013;775;1765;776;731;1777;2589;75;2572;2877;2574;3136;1081;1720;1882;563;1355;1462;1623;2832;3267;709;3337;1916;1507;2919;3268;2570;1338;434;575;1760;3386;3743;3258;1191;2879;2875;1511;3428;2754;820;1996;1632;3062;446;3352;1248;3355;778;733;451;1395;3347;713;1594;3739;3429;1256;954;727;1697;3065;1227","1809;873;120;440;2485;2477;3563;2123;2614;4062;448;451;4400;2483;1204;4402;3455;1529;3558;3361;4307;612;3452;2661;2802;1962;3566;1528;4030;1816;4201;3573;1818;2094;4028;1526;1531;3178;3457;449;2076;122;1862;4304;2664;1532;2486;4080;3930;116;121;117;413;119;3937;3938;441;3939;735;3010;2078;177;2092;268;884;3570;3300;742;1644;4119;4068;1533;1806;3769;3461;4120;4024;2994;510;2176;1648;32;3181;3000;1293;4360;123;2406;3113;889;1914;3571;1812;939;937;124;2843;3366;118;447;2334;850;1967;878;1146;4401;537;1385;1636;1046;2235;1219;932;2126;933;879;2141;3115;90;3095;3460;3097;3772;1302;2072;2268;676;1634;1761;1955;3406;3934;854;4016;2309;1815;3511;3935;3092;1611;520;690;2121;4073;4504;3923;1433;3463;3458;1819;4124;3312;987;2405;1966;3684;534;4034;1503;4037;935;882;540;1682;4027;858;1920;4499;4126;1512;1148;874;2043;3687;1477",3757,-0.0538948975529973,-0.0441361869976268,0.0441361869976268,4.52274783099671,TRUE,TRUE,
"07_SwSIiUS","table2_treated_signup_neighbor_high","neighbor_high",176,0.0468458876763375,"Increase",-0.00975871055537053,-0.0541126770237791,-0.0443539664684086,0.0443539664684086,4.54506424970246,TRUE,,TRUE,"1503;726;99;368;2063;2057;2962;1762;2171;3375;374;377;3655;2061;1000;3657;2873;1270;2957;2794;3578;511;2870;2212;2330;1629;2964;1269;3350;1508;3492;2969;1510;1739;3348;1267;1272;2643;2874;375;1723;101;1547;3576;2214;1273;2064;3391;3265;95;100;96;345;98;3270;3271;369;3272;612;2500;1725;147;1737;223;735;2967;2743;617;1365;3423;3381;1274;1501;3133;2878;3424;3344;2487;426;1806;1367;26;2493;2646;1074;3622;102;1997;2587;740;2968;1589;1505;781;780;103;2363;2798;97;373;1936;707;1633;730;952;3656;448;1151;1357;869;1854;1013;775;1765;776;731;1777;2589;75;2572;2877;2574;3136;1081;1720;1882;563;1355;1623;1462;2832;3267;709;3337;1916;1507;2919;3268;2570;1338;434;575;1760;3386;3743;3258;2879;1191;2875;1511;3428;2754;820;1996;1632;3062;446;3352;1248;3355;778;733;451;1395;713;3347;1594;3739;3429;1256;954;727;1697;3065;3338;1227","1809;873;120;440;2485;2477;3563;2123;2614;4062;448;451;4400;2483;1204;4402;3455;1529;3558;3361;4307;612;3452;2661;2802;1962;3566;1528;4030;1816;4201;3573;1818;2094;4028;1526;1531;3178;3457;449;2076;122;1862;4304;2664;1532;2486;4080;3930;116;121;117;413;119;3937;3938;441;3939;735;3010;2078;177;2092;268;884;3570;3300;742;1644;4119;4068;1533;1806;3769;3461;4120;4024;2994;510;2176;1648;32;3000;3181;1293;4360;123;2406;3113;889;3571;1914;1812;939;937;124;2843;3366;118;447;2334;850;1967;878;1146;4401;537;1385;1636;1046;2235;1219;932;2126;933;879;2141;3115;90;3095;3460;3097;3772;1302;2072;2268;676;1634;1955;1761;3406;3934;854;4016;2309;1815;3511;3935;3092;1611;520;690;2121;4073;4504;3923;3463;1433;3458;1819;4124;3312;987;2405;1966;3684;534;4034;1503;4037;935;882;540;1682;858;4027;1920;4499;4126;1512;1148;874;2043;3687;4017;1477",3757,-0.0541126770237791,-0.0443539664684086,0.0443539664684086,4.54506424970246,TRUE,TRUE,
"07_SwSIiUS","table2_treated_signup_neighbor_high","neighbor_high",177,0.0471120574926803,"Increase",-0.00975871055537053,-0.0543213209640211,-0.0445626104086506,0.0445626104086506,4.56644452725636,TRUE,,TRUE,"1503;726;99;368;2063;2057;2962;1762;2171;3375;374;377;3655;2061;1000;3657;2873;1270;2957;2794;3578;511;2870;2330;2212;1629;2964;1269;3350;1508;3492;2969;1510;1739;3348;1267;1272;2643;2874;375;1723;101;1547;3576;2214;1273;2064;3265;3391;95;100;96;345;98;3270;3271;369;3272;612;2500;1725;147;1737;223;735;2967;2743;617;1365;3381;1274;3423;1501;3133;2878;3424;3344;2487;426;1806;1367;26;2493;2646;1074;3622;102;1997;2587;2968;740;1505;1589;781;103;780;2363;2798;97;373;1936;707;1633;730;952;3656;448;1151;869;1357;1854;1013;775;1765;776;731;1777;2589;75;2572;2877;2574;3136;1081;1720;1882;563;1355;1623;1462;2832;3267;709;3337;1507;1916;2919;3268;2570;1338;434;575;1760;3386;3743;3258;2879;1191;2875;1511;3428;2754;820;1996;1632;3062;446;3352;1248;3355;733;778;451;1395;713;3347;1594;3739;727;3429;1256;954;1697;3338;3065;1227;1371","1809;873;120;440;2485;2477;3563;2123;2614;4062;448;451;4400;2483;1204;4402;3455;1529;3558;3361;4307;612;3452;2802;2661;1962;3566;1528;4030;1816;4201;3573;1818;2094;4028;1526;1531;3178;3457;449;2076;122;1862;4304;2664;1532;2486;3930;4080;116;121;117;413;119;3937;3938;441;3939;735;3010;2078;177;2092;268;884;3570;3300;742;1644;4068;1533;4119;1806;3769;3461;4120;4024;2994;510;2176;1648;32;3000;3181;1293;4360;123;2406;3113;3571;889;1812;1914;939;124;937;2843;3366;118;447;2334;850;1967;878;1146;4401;537;1385;1046;1636;2235;1219;932;2126;933;879;2141;3115;90;3095;3460;3097;3772;1302;2072;2268;676;1634;1955;1761;3406;3934;854;4016;1815;2309;3511;3935;3092;1611;520;690;2121;4073;4504;3923;3463;1433;3458;1819;4124;3312;987;2405;1966;3684;534;4034;1503;4037;882;935;540;1682;858;4027;1920;4499;874;4126;1512;1148;2043;4017;3687;1477;1652",3757,-0.0543213209640211,-0.0445626104086506,0.0445626104086506,4.56644452725636,TRUE,TRUE,
"07_SwSIiUS","table2_treated_signup_neighbor_high","neighbor_high",178,0.0473782273090232,"Increase",-0.00975871055537053,-0.0545286056850021,-0.0447698951296316,0.0447698951296316,4.58768552214035,TRUE,,TRUE,"1503;726;99;368;2063;2057;2962;1762;2171;3375;374;377;3655;2061;1000;3657;2873;1270;2957;2794;3578;511;2870;2330;2212;1629;2964;1269;3350;1508;3492;2969;1510;1739;3348;1267;1272;2643;2874;375;1723;101;1547;3576;2214;1273;2064;3265;95;3391;100;96;345;98;3270;3271;369;3272;612;2500;1725;147;1737;223;735;2967;2743;617;1365;3381;1274;3423;1501;3133;2878;3424;3344;2487;426;1806;1367;26;2493;2646;3622;1074;102;1997;2968;2587;1505;740;1589;781;103;780;2363;2798;97;373;1936;730;707;1633;952;3656;448;1151;869;1357;1854;1013;775;1765;776;731;1777;2589;75;2572;2877;2574;3136;1081;1720;1882;1355;563;1623;1462;3267;2832;3337;709;1507;1916;2919;3268;2570;1338;434;575;1760;3386;3743;3258;2879;2875;1191;1511;3428;2754;820;1632;1996;3062;446;3352;1248;733;3355;778;451;1395;713;3347;1594;3739;727;954;3429;1256;3338;1697;3065;1227;1371;1625","1809;873;120;440;2485;2477;3563;2123;2614;4062;448;451;4400;2483;1204;4402;3455;1529;3558;3361;4307;612;3452;2802;2661;1962;3566;1528;4030;1816;4201;3573;1818;2094;4028;1526;1531;3178;3457;449;2076;122;1862;4304;2664;1532;2486;3930;116;4080;121;117;413;119;3937;3938;441;3939;735;3010;2078;177;2092;268;884;3570;3300;742;1644;4068;1533;4119;1806;3769;3461;4120;4024;2994;510;2176;1648;32;3000;3181;4360;1293;123;2406;3571;3113;1812;889;1914;939;124;937;2843;3366;118;447;2334;878;850;1967;1146;4401;537;1385;1046;1636;2235;1219;932;2126;933;879;2141;3115;90;3095;3460;3097;3772;1302;2072;2268;1634;676;1955;1761;3934;3406;4016;854;1815;2309;3511;3935;3092;1611;520;690;2121;4073;4504;3923;3463;3458;1433;1819;4124;3312;987;1966;2405;3684;534;4034;1503;882;4037;935;540;1682;858;4027;1920;4499;874;1148;4126;1512;4017;2043;3687;1477;1652;1957",3757,-0.0545286056850021,-0.0447698951296316,0.0447698951296316,4.58768552214035,TRUE,TRUE,
"07_SwSIiUS","table2_treated_signup_neighbor_high","neighbor_high",179,0.047644397125366,"Increase",-0.00975871055537053,-0.0547376285702215,-0.0449789180148509,0.0449789180148509,4.60910463115412,TRUE,,TRUE,"1503;726;99;368;2063;2057;2962;1762;2171;3375;374;377;3655;2061;1000;3657;2873;1270;2957;2794;3578;511;2870;2330;2212;1629;2964;1269;3350;1508;3492;2969;1510;1739;3348;1267;1272;2643;2874;375;101;1723;1547;3576;2214;1273;2064;3265;95;3391;100;96;345;98;3270;3271;369;3272;612;2500;1725;147;1737;223;735;2967;2743;617;1365;3381;1274;3423;1501;3133;2878;3424;3344;2487;426;1806;1367;26;2493;2646;3622;1074;102;1997;2968;1505;2587;740;1589;781;103;780;2363;2798;97;373;1936;730;707;1633;952;3656;448;1151;869;1357;1854;1013;775;1765;776;731;1777;2589;75;2572;2877;2574;3136;1081;1720;1882;1355;563;1623;1462;3267;2832;3337;709;1507;1916;2919;3268;2570;434;1338;575;1760;3386;3743;3258;2879;2875;1191;1511;3428;2754;820;1632;1996;3062;446;3352;1248;733;3355;778;451;1395;713;3347;1594;727;3739;954;3429;1256;3338;1697;3065;1227;1625;1626;1371","1809;873;120;440;2485;2477;3563;2123;2614;4062;448;451;4400;2483;1204;4402;3455;1529;3558;3361;4307;612;3452;2802;2661;1962;3566;1528;4030;1816;4201;3573;1818;2094;4028;1526;1531;3178;3457;449;122;2076;1862;4304;2664;1532;2486;3930;116;4080;121;117;413;119;3937;3938;441;3939;735;3010;2078;177;2092;268;884;3570;3300;742;1644;4068;1533;4119;1806;3769;3461;4120;4024;2994;510;2176;1648;32;3000;3181;4360;1293;123;2406;3571;1812;3113;889;1914;939;124;937;2843;3366;118;447;2334;878;850;1967;1146;4401;537;1385;1046;1636;2235;1219;932;2126;933;879;2141;3115;90;3095;3460;3097;3772;1302;2072;2268;1634;676;1955;1761;3934;3406;4016;854;1815;2309;3511;3935;3092;520;1611;690;2121;4073;4504;3923;3463;3458;1433;1819;4124;3312;987;1966;2405;3684;534;4034;1503;882;4037;935;540;1682;858;4027;1920;874;4499;1148;4126;1512;4017;2043;3687;1477;1957;1958;1652",3757,-0.0547376285702215,-0.0449789180148509,0.0449789180148509,4.60910463115412,TRUE,TRUE,
"07_SwSIiUS","table2_treated_signup_neighbor_high","neighbor_high",180,0.0479105669417088,"Increase",-0.00975871055537053,-0.0549479147054212,-0.0451892041500507,0.0451892041500507,4.63065318862046,TRUE,,TRUE,"1503;726;99;368;2063;2057;2962;1762;2171;3375;374;377;3655;2061;1000;3657;2873;1270;2957;2794;3578;2870;511;2330;1629;2212;2964;1269;1508;3350;3492;2969;1510;1739;3348;1267;1272;2643;2874;375;101;1723;1547;3576;2214;1273;2064;3265;95;3391;100;96;345;98;3270;3271;369;3272;612;2500;1725;147;1737;223;735;2967;2743;617;1365;3381;1274;3423;1501;3133;2878;3424;3344;2487;426;1806;1367;26;2493;2646;3622;1074;102;2968;1997;1505;2587;740;1589;781;103;780;2363;2798;97;373;1936;730;707;1633;952;3656;448;1151;869;1357;1854;1013;775;1765;776;731;1777;2589;75;2572;2877;2574;3136;1081;1720;1882;1355;563;1623;1462;3267;2832;3337;709;1507;1916;2919;3268;2570;434;1338;575;1760;3386;3743;2879;3258;2875;1191;1511;2754;3428;820;1632;1996;3062;446;1248;3352;733;778;3355;451;1395;713;3347;727;1594;3739;954;3429;1256;3338;1697;3065;1227;1625;1626;1371;1660","1809;873;120;440;2485;2477;3563;2123;2614;4062;448;451;4400;2483;1204;4402;3455;1529;3558;3361;4307;3452;612;2802;1962;2661;3566;1528;1816;4030;4201;3573;1818;2094;4028;1526;1531;3178;3457;449;122;2076;1862;4304;2664;1532;2486;3930;116;4080;121;117;413;119;3937;3938;441;3939;735;3010;2078;177;2092;268;884;3570;3300;742;1644;4068;1533;4119;1806;3769;3461;4120;4024;2994;510;2176;1648;32;3000;3181;4360;1293;123;3571;2406;1812;3113;889;1914;939;124;937;2843;3366;118;447;2334;878;850;1967;1146;4401;537;1385;1046;1636;2235;1219;932;2126;933;879;2141;3115;90;3095;3460;3097;3772;1302;2072;2268;1634;676;1955;1761;3934;3406;4016;854;1815;2309;3511;3935;3092;520;1611;690;2121;4073;4504;3463;3923;3458;1433;1819;3312;4124;987;1966;2405;3684;534;1503;4034;882;935;4037;540;1682;858;4027;874;1920;4499;1148;4126;1512;4017;2043;3687;1477;1957;1958;1652;1999",3757,-0.0549479147054212,-0.0451892041500507,0.0451892041500507,4.63065318862046,TRUE,TRUE,
"07_SwSIiUS","table2_treated_signup_neighbor_high","neighbor_high",181,0.0481767367580516,"Increase",-0.00975871055537053,-0.0551739424574154,-0.0454152319020448,0.0454152319020448,4.65381482977291,TRUE,,TRUE,"1503;726;99;368;2063;2057;2962;1762;2171;3375;374;377;3655;2061;1000;3657;2873;1270;2957;2794;3578;2870;511;2330;1629;2212;2964;1269;1508;3350;3492;2969;1510;1739;3348;1267;1272;2643;2874;375;101;1723;1547;3576;2214;1273;2064;3265;95;3391;100;96;345;98;3270;3271;369;3272;612;2500;1725;147;1737;223;735;2967;617;2743;1365;1274;3381;3423;1501;3133;2878;3424;3344;2487;426;1806;1367;2493;26;2646;3622;1074;102;2968;1997;1505;2587;740;1589;103;781;780;2363;2798;97;373;1936;730;707;1633;952;3656;448;1151;869;1357;1854;1013;775;1765;776;731;1777;2589;75;2572;2877;2574;3136;1081;1720;1355;1882;563;1623;1462;3267;3337;2832;709;1507;1916;2919;3268;2570;434;1338;575;1760;3386;3743;2879;3258;2875;1511;1191;2754;3428;820;1632;1996;3062;446;1248;3352;733;778;3355;451;1395;713;727;3347;1594;3739;954;3429;1256;3338;1697;3065;1625;1626;1227;1371;1660;1811","1809;873;120;440;2485;2477;3563;2123;2614;4062;448;451;4400;2483;1204;4402;3455;1529;3558;3361;4307;3452;612;2802;1962;2661;3566;1528;1816;4030;4201;3573;1818;2094;4028;1526;1531;3178;3457;449;122;2076;1862;4304;2664;1532;2486;3930;116;4080;121;117;413;119;3937;3938;441;3939;735;3010;2078;177;2092;268;884;3570;742;3300;1644;1533;4068;4119;1806;3769;3461;4120;4024;2994;510;2176;1648;3000;32;3181;4360;1293;123;3571;2406;1812;3113;889;1914;124;939;937;2843;3366;118;447;2334;878;850;1967;1146;4401;537;1385;1046;1636;2235;1219;932;2126;933;879;2141;3115;90;3095;3460;3097;3772;1302;2072;1634;2268;676;1955;1761;3934;4016;3406;854;1815;2309;3511;3935;3092;520;1611;690;2121;4073;4504;3463;3923;3458;1819;1433;3312;4124;987;1966;2405;3684;534;1503;4034;882;935;4037;540;1682;858;874;4027;1920;4499;1148;4126;1512;4017;2043;3687;1957;1958;1477;1652;1999;2182",3757,-0.0551739424574154,-0.0454152319020448,0.0454152319020448,4.65381482977291,TRUE,TRUE,
"07_SwSIiUS","table2_treated_signup_neighbor_high","neighbor_high",182,0.0484429065743945,"Increase",-0.00975871055537053,-0.055387256571521,-0.0456285460161505,0.0456285460161505,4.67567367197295,TRUE,,TRUE,"1503;726;99;368;2063;2057;2962;1762;3375;2171;374;377;3655;2061;1000;3657;2873;1270;2957;2794;3578;2870;2330;511;1629;2212;2964;1269;1508;3350;3492;2969;1510;1739;3348;1267;1272;2643;2874;375;101;1723;1547;3576;2214;1273;2064;95;3265;3391;100;96;345;98;3270;3271;369;3272;612;2500;1725;147;1737;223;735;2967;617;2743;1365;1274;3381;3423;1501;3133;2878;3424;3344;2487;426;1806;1367;2493;26;2646;3622;1074;102;2968;1997;1505;2587;740;1589;103;781;780;2363;2798;97;373;1936;730;707;1633;952;3656;448;1151;869;1357;1854;1013;775;1765;776;731;1777;2589;75;2572;2877;2574;3136;1081;1720;1355;1623;1882;563;3267;1462;3337;2832;1507;709;1916;3268;2919;2570;434;1338;575;1760;3386;3743;2879;2875;3258;1511;1191;2754;3428;1632;820;1996;3062;446;733;1248;3352;778;3355;451;1395;713;727;3347;1594;3739;954;3429;1256;3338;3065;1697;1625;1626;1227;1371;1660;1811;751","1809;873;120;440;2485;2477;3563;2123;4062;2614;448;451;4400;2483;1204;4402;3455;1529;3558;3361;4307;3452;2802;612;1962;2661;3566;1528;1816;4030;4201;3573;1818;2094;4028;1526;1531;3178;3457;449;122;2076;1862;4304;2664;1532;2486;116;3930;4080;121;117;413;119;3937;3938;441;3939;735;3010;2078;177;2092;268;884;3570;742;3300;1644;1533;4068;4119;1806;3769;3461;4120;4024;2994;510;2176;1648;3000;32;3181;4360;1293;123;3571;2406;1812;3113;889;1914;124;939;937;2843;3366;118;447;2334;878;850;1967;1146;4401;537;1385;1046;1636;2235;1219;932;2126;933;879;2141;3115;90;3095;3460;3097;3772;1302;2072;1634;1955;2268;676;3934;1761;4016;3406;1815;854;2309;3935;3511;3092;520;1611;690;2121;4073;4504;3463;3458;3923;1819;1433;3312;4124;1966;987;2405;3684;534;882;1503;4034;935;4037;540;1682;858;874;4027;1920;4499;1148;4126;1512;4017;3687;2043;1957;1958;1477;1652;1999;2182;904",3757,-0.055387256571521,-0.0456285460161505,0.0456285460161505,4.67567367197295,TRUE,TRUE,
"07_SwSIiUS","table2_treated_signup_neighbor_high","neighbor_high",183,0.0487090763907373,"Increase",-0.00975871055537053,-0.055600430564916,-0.0458417200095455,0.0458417200095455,4.69751815564581,TRUE,,TRUE,"1503;726;99;368;2063;2057;2962;1762;3375;2171;374;377;2061;3655;1000;3657;2873;1270;2957;2794;3578;2870;2330;511;1629;2212;2964;1269;1508;3350;3492;2969;1510;1739;3348;1267;1272;2643;2874;375;101;1723;1547;3576;2214;1273;2064;95;3265;3391;100;96;345;98;3270;3271;369;3272;612;2500;1725;147;1737;223;735;2967;617;2743;1365;1274;3381;3423;1501;3133;2878;3424;3344;2487;426;1806;1367;2493;26;2646;3622;1074;102;2968;1505;1997;2587;740;1589;103;781;780;2363;97;2798;373;730;1936;707;1633;3656;952;448;1151;869;1357;1854;1013;775;1765;776;731;1777;2589;75;2572;2877;2574;3136;1081;1720;1623;1355;1882;563;3267;1462;3337;1507;2832;709;1916;3268;2919;2570;434;1338;575;1760;3386;3743;2879;2875;1511;3258;1191;2754;3428;1632;820;1996;3062;446;733;1248;3352;778;3355;451;1395;713;727;3347;1594;3739;954;3429;1256;3338;1625;1626;3065;1697;1227;1660;1371;1811;751;615","1809;873;120;440;2485;2477;3563;2123;4062;2614;448;451;2483;4400;1204;4402;3455;1529;3558;3361;4307;3452;2802;612;1962;2661;3566;1528;1816;4030;4201;3573;1818;2094;4028;1526;1531;3178;3457;449;122;2076;1862;4304;2664;1532;2486;116;3930;4080;121;117;413;119;3937;3938;441;3939;735;3010;2078;177;2092;268;884;3570;742;3300;1644;1533;4068;4119;1806;3769;3461;4120;4024;2994;510;2176;1648;3000;32;3181;4360;1293;123;3571;1812;2406;3113;889;1914;124;939;937;2843;118;3366;447;878;2334;850;1967;4401;1146;537;1385;1046;1636;2235;1219;932;2126;933;879;2141;3115;90;3095;3460;3097;3772;1302;2072;1955;1634;2268;676;3934;1761;4016;1815;3406;854;2309;3935;3511;3092;520;1611;690;2121;4073;4504;3463;3458;1819;3923;1433;3312;4124;1966;987;2405;3684;534;882;1503;4034;935;4037;540;1682;858;874;4027;1920;4499;1148;4126;1512;4017;1957;1958;3687;2043;1477;1999;1652;2182;904;738",3757,-0.055600430564916,-0.0458417200095455,0.0458417200095455,4.69751815564581,TRUE,TRUE,
"07_SwSIiUS","table2_treated_signup_neighbor_high","neighbor_high",184,0.0489752462070801,"Increase",-0.00975871055537053,-0.0558254963216676,-0.0460667857662971,0.0460667857662971,4.72058121868827,TRUE,,TRUE,"1503;726;99;368;2063;2057;2962;1762;3375;2171;374;377;2061;3655;1000;3657;2873;1270;2957;2794;3578;2870;2330;511;1629;2212;2964;1269;1508;3350;2969;3492;1510;1739;3348;1267;1272;2643;2874;375;101;1723;1547;3576;2214;1273;2064;95;3265;3391;100;96;345;98;3270;3271;369;3272;612;2500;1725;147;1737;223;735;2967;617;2743;1365;1274;3381;3423;1501;3133;2878;3424;3344;2487;426;1806;1367;2493;26;2646;3622;1074;102;2968;1505;1997;2587;740;1589;103;781;780;2363;97;2798;373;730;1936;707;1633;3656;952;448;1151;869;1357;1854;1013;775;1765;731;776;1777;75;2589;2572;2877;2574;3136;1081;1720;1623;1355;1882;563;3267;1462;3337;1507;2832;709;1916;3268;2919;2570;434;1338;575;1760;3386;3743;2879;2875;1511;3258;1191;2754;3428;1632;820;1996;3062;446;733;1248;3352;778;3355;451;1395;713;727;1594;3347;3739;954;3338;3429;1256;1625;1626;3065;1697;1227;1660;1371;1811;751;615;3631","1809;873;120;440;2485;2477;3563;2123;4062;2614;448;451;2483;4400;1204;4402;3455;1529;3558;3361;4307;3452;2802;612;1962;2661;3566;1528;1816;4030;3573;4201;1818;2094;4028;1526;1531;3178;3457;449;122;2076;1862;4304;2664;1532;2486;116;3930;4080;121;117;413;119;3937;3938;441;3939;735;3010;2078;177;2092;268;884;3570;742;3300;1644;1533;4068;4119;1806;3769;3461;4120;4024;2994;510;2176;1648;3000;32;3181;4360;1293;123;3571;1812;2406;3113;889;1914;124;939;937;2843;118;3366;447;878;2334;850;1967;4401;1146;537;1385;1046;1636;2235;1219;932;2126;879;933;2141;90;3115;3095;3460;3097;3772;1302;2072;1955;1634;2268;676;3934;1761;4016;1815;3406;854;2309;3935;3511;3092;520;1611;690;2121;4073;4504;3463;3458;1819;3923;1433;3312;4124;1966;987;2405;3684;534;882;1503;4034;935;4037;540;1682;858;874;1920;4027;4499;1148;4017;4126;1512;1957;1958;3687;2043;1477;1999;1652;2182;904;738;4371",3757,-0.0558254963216676,-0.0460667857662971,0.0460667857662971,4.72058121868827,TRUE,TRUE,
"07_SwSIiUS","table2_treated_signup_neighbor_high","neighbor_high",185,0.0492414160234229,"Increase",-0.00975871055537053,-0.056039230343525,-0.0462805197881544,0.0462805197881544,4.74248308990831,TRUE,,TRUE,"1503;726;99;368;2063;2057;2962;1762;3375;2171;374;377;2061;3655;1000;3657;2873;1270;2957;2794;3578;2870;2330;511;1629;2212;2964;1269;1508;3350;2969;3492;1510;1739;3348;1267;1272;2643;2874;375;101;1723;1547;3576;1273;2214;2064;95;3265;3391;100;96;345;98;3270;3271;369;3272;612;2500;1725;147;1737;223;735;2967;617;2743;1365;1274;3381;3423;1501;2878;3133;3424;3344;2487;426;1806;1367;2493;26;2646;3622;1074;102;2968;1505;1997;2587;740;1589;103;781;780;2363;97;2798;373;730;1936;707;1633;3656;952;448;1151;869;1357;1854;1013;775;731;1765;776;1777;75;2589;2572;2877;2574;3136;1081;1720;1623;1355;1882;563;3267;1462;3337;1507;2832;709;1916;3268;2919;2570;434;1338;575;1760;3386;2879;3743;2875;1511;3258;1191;2754;1632;3428;820;1996;3062;446;733;1248;3352;778;3355;451;727;713;1395;1594;3347;3739;954;3338;3429;1256;1625;1626;3065;1697;1660;1371;1227;1811;615;751;3631;45","1809;873;120;440;2485;2477;3563;2123;4062;2614;448;451;2483;4400;1204;4402;3455;1529;3558;3361;4307;3452;2802;612;1962;2661;3566;1528;1816;4030;3573;4201;1818;2094;4028;1526;1531;3178;3457;449;122;2076;1862;4304;1532;2664;2486;116;3930;4080;121;117;413;119;3937;3938;441;3939;735;3010;2078;177;2092;268;884;3570;742;3300;1644;1533;4068;4119;1806;3461;3769;4120;4024;2994;510;2176;1648;3000;32;3181;4360;1293;123;3571;1812;2406;3113;889;1914;124;939;937;2843;118;3366;447;878;2334;850;1967;4401;1146;537;1385;1046;1636;2235;1219;932;879;2126;933;2141;90;3115;3095;3460;3097;3772;1302;2072;1955;1634;2268;676;3934;1761;4016;1815;3406;854;2309;3935;3511;3092;520;1611;690;2121;4073;3463;4504;3458;1819;3923;1433;3312;1966;4124;987;2405;3684;534;882;1503;4034;935;4037;540;874;858;1682;1920;4027;4499;1148;4017;4126;1512;1957;1958;3687;2043;1999;1652;1477;2182;738;904;4371;53",3757,-0.056039230343525,-0.0462805197881544,0.0462805197881544,4.74248308990831,TRUE,TRUE,
"07_SwSIiUS","table2_treated_signup_neighbor_high","neighbor_high",186,0.0495075858397658,"Increase",-0.00975871055537053,-0.0562711231828995,-0.0465124126275289,0.0465124126275289,4.76624574154745,TRUE,,TRUE,"1503;726;99;368;2063;2057;2962;1762;3375;2171;374;377;2061;3655;1000;3657;2873;1270;2957;2794;3578;2870;2330;1629;511;2212;2964;1269;1508;3350;2969;3492;1510;1739;3348;1267;1272;2643;2874;375;101;1723;1547;3576;1273;2214;2064;95;3265;3391;100;96;345;98;3271;3270;369;3272;612;2500;1725;147;1737;223;2967;735;617;2743;1365;1274;3381;3423;1501;2878;3133;3424;3344;2487;426;1806;1367;2493;26;3622;2646;1074;102;2968;1505;1997;740;2587;1589;103;781;780;2363;97;373;2798;730;1936;707;1633;3656;952;448;1151;869;1357;1854;1013;775;731;1765;776;1777;75;2589;2572;2877;2574;3136;1081;1623;1720;1355;1882;3267;563;3337;1462;1507;2832;709;3268;1916;2919;2570;434;1338;575;1760;2879;3386;2875;3743;1511;3258;1191;2754;1632;3428;820;1996;3062;733;446;1248;3352;778;3355;451;727;713;1395;1594;3347;3739;954;3338;3429;1256;1625;1626;3065;1697;1660;1371;1227;615;1811;751;3631;45;1763","1809;873;120;440;2485;2477;3563;2123;4062;2614;448;451;2483;4400;1204;4402;3455;1529;3558;3361;4307;3452;2802;1962;612;2661;3566;1528;1816;4030;3573;4201;1818;2094;4028;1526;1531;3178;3457;449;122;2076;1862;4304;1532;2664;2486;116;3930;4080;121;117;413;119;3938;3937;441;3939;735;3010;2078;177;2092;268;3570;884;742;3300;1644;1533;4068;4119;1806;3461;3769;4120;4024;2994;510;2176;1648;3000;32;4360;3181;1293;123;3571;1812;2406;889;3113;1914;124;939;937;2843;118;447;3366;878;2334;850;1967;4401;1146;537;1385;1046;1636;2235;1219;932;879;2126;933;2141;90;3115;3095;3460;3097;3772;1302;1955;2072;1634;2268;3934;676;4016;1761;1815;3406;854;3935;2309;3511;3092;520;1611;690;2121;3463;4073;3458;4504;1819;3923;1433;3312;1966;4124;987;2405;3684;882;534;1503;4034;935;4037;540;874;858;1682;1920;4027;4499;1148;4017;4126;1512;1957;1958;3687;2043;1999;1652;1477;738;2182;904;4371;53;2124",3757,-0.0562711231828995,-0.0465124126275289,0.0465124126275289,4.76624574154745,TRUE,TRUE,
"07_SwSIiUS","table2_treated_signup_neighbor_high","neighbor_high",187,0.0497737556561086,"Increase",-0.00975871055537053,-0.0564738489261272,-0.0467151383707566,0.0467151383707566,4.7870195663348,TRUE,,TRUE,"1503;726;99;368;2063;2057;2962;1762;3375;2171;374;377;2061;3655;1000;3657;2873;1270;2957;2794;3578;2870;2330;1629;511;2212;2964;1269;1508;3350;2969;3492;1510;1739;3348;1267;1272;2874;2643;375;101;1723;1547;3576;1273;2214;2064;95;3265;100;3391;96;345;98;3271;3270;369;3272;612;2500;1725;147;1737;223;2967;735;617;2743;1365;1274;3381;3423;1501;2878;3133;3424;3344;2487;426;1806;1367;2493;26;3622;2646;102;1074;2968;1505;1997;740;2587;103;1589;781;780;2363;97;373;2798;730;1936;707;1633;3656;952;448;1151;869;1357;1854;1013;775;731;1765;776;1777;75;2589;2572;2877;2574;3136;1081;1623;1720;1355;1882;3267;563;3337;1462;1507;709;2832;3268;1916;2919;2570;434;1338;575;1760;2879;2875;3386;1511;3743;3258;1191;1632;2754;3428;820;1996;3062;733;446;1248;3352;778;3355;451;727;713;1395;1594;3739;3347;954;3338;1625;1626;3429;1256;3065;1697;1660;615;1371;1227;1811;751;3631;45;1763;2789","1809;873;120;440;2485;2477;3563;2123;4062;2614;448;451;2483;4400;1204;4402;3455;1529;3558;3361;4307;3452;2802;1962;612;2661;3566;1528;1816;4030;3573;4201;1818;2094;4028;1526;1531;3457;3178;449;122;2076;1862;4304;1532;2664;2486;116;3930;121;4080;117;413;119;3938;3937;441;3939;735;3010;2078;177;2092;268;3570;884;742;3300;1644;1533;4068;4119;1806;3461;3769;4120;4024;2994;510;2176;1648;3000;32;4360;3181;123;1293;3571;1812;2406;889;3113;124;1914;939;937;2843;118;447;3366;878;2334;850;1967;4401;1146;537;1385;1046;1636;2235;1219;932;879;2126;933;2141;90;3115;3095;3460;3097;3772;1302;1955;2072;1634;2268;3934;676;4016;1761;1815;854;3406;3935;2309;3511;3092;520;1611;690;2121;3463;3458;4073;1819;4504;3923;1433;1966;3312;4124;987;2405;3684;882;534;1503;4034;935;4037;540;874;858;1682;1920;4499;4027;1148;4017;1957;1958;4126;1512;3687;2043;1999;738;1652;1477;2182;904;4371;53;2124;3355",3757,-0.0564738489261272,-0.0467151383707566,0.0467151383707566,4.7870195663348,TRUE,TRUE,
"07_SwSIiUS","table2_treated_signup_neighbor_high","neighbor_high",1,0.000266169816342827,"Decrease",-0.00975871055537053,-0.0094148881884715,0.000343822366899038,0.000343822366899038,0.0352323562573358,TRUE,,,"734","883",3757,-0.0094148881884715,0.000343822366899038,0.000343822366899038,0.0352323562573358,,TRUE,
"07_SwSIiUS","table2_treated_signup_neighbor_high","neighbor_high",2,0.000532339632685653,"Decrease",-0.00975871055537053,-0.00906983598438322,0.000688874570987317,0.000688874570987317,0.0705907370731687,TRUE,,TRUE,"734;3340","883;4019",3757,-0.00906983598438322,0.000688874570987317,0.000688874570987317,0.0705907370731687,TRUE,TRUE,
"07_SwSIiUS","table2_treated_signup_neighbor_high","neighbor_high",3,0.00079850944902848,"Decrease",-0.00975871055537053,-0.00872553512840183,0.00103317542696871,0.00103317542696871,0.105872125329111,TRUE,,TRUE,"734;3340;613","883;4019;736",3757,-0.00872553512840183,0.00103317542696871,0.00103317542696871,0.105872125329111,TRUE,TRUE,
"07_SwSIiUS","table2_treated_signup_neighbor_high","neighbor_high",4,0.00106467926537131,"Decrease",-0.00975871055537053,-0.00838095095723271,0.00137775959813782,0.00137775959813782,0.14118254561609,TRUE,,TRUE,"734;3340;613;729","883;4019;736;876",3757,-0.00838095095723271,0.00137775959813782,0.00137775959813782,0.14118254561609,TRUE,TRUE,
"07_SwSIiUS","table2_treated_signup_neighbor_high","neighbor_high",5,0.00133084908171413,"Decrease",-0.00975871055537053,-0.00803696925296141,0.00172174130240912,0.00172174130240912,0.176431229581001,TRUE,,TRUE,"734;3340;613;729;3341","883;4019;736;876;4020",3757,-0.00803696925296141,0.00172174130240912,0.00172174130240912,0.176431229581001,TRUE,TRUE,
"07_SwSIiUS","table2_treated_signup_neighbor_high","neighbor_high",6,0.00159701889805696,"Decrease",-0.00975871055537053,-0.007695465651835,0.00206324490353553,0.00206324490353553,0.211425975986147,TRUE,,TRUE,"734;3340;613;729;3341;3342","883;4019;736;876;4020;4021",3757,-0.007695465651835,0.00206324490353553,0.00206324490353553,0.211425975986147,TRUE,TRUE,
"07_SwSIiUS","table2_treated_signup_neighbor_high","neighbor_high",7,0.00186318871439979,"Decrease",-0.00975871055537053,-0.0073807657157936,0.00237794483957693,0.00237794483957693,0.243674082357968,TRUE,,TRUE,"734;3340;613;729;3341;3342;1630","883;4019;736;876;4020;4021;1963",3757,-0.0073807657157936,0.00237794483957693,0.00237794483957693,0.243674082357968,TRUE,TRUE,
"07_SwSIiUS","table2_treated_signup_neighbor_high","neighbor_high",8,0.00212935853074261,"Decrease",-0.00975871055537053,-0.00706764312169617,0.00269106743367436,0.00269106743367436,0.275760554471347,TRUE,,TRUE,"734;3340;613;729;3341;3342;1630;342","883;4019;736;876;4020;4021;1963;409",3757,-0.00706764312169617,0.00269106743367436,0.00269106743367436,0.275760554471347,TRUE,TRUE,
"07_SwSIiUS","table2_treated_signup_neighbor_high","neighbor_high",9,0.00239552834708544,"Decrease",-0.00975871055537053,-0.00676240001186736,0.00299631054350318,0.00299631054350318,0.30703959570296,TRUE,,TRUE,"734;3340;613;729;3341;3342;1630;342;3343","883;4019;736;876;4020;4021;1963;409;4022",3757,-0.00676240001186736,0.00299631054350318,0.00299631054350318,0.30703959570296,TRUE,TRUE,
"07_SwSIiUS","table2_treated_signup_neighbor_high","neighbor_high",10,0.00266169816342827,"Decrease",-0.00975871055537053,-0.00645465542786311,0.00330405512750742,0.00330405512750742,0.338574969383542,TRUE,,TRUE,"734;3340;613;729;3341;3342;1630;342;3343;655","883;4019;736;876;4020;4021;1963;409;4022;788",3757,-0.00645465542786311,0.00330405512750742,0.00330405512750742,0.338574969383542,TRUE,TRUE,
"07_SwSIiUS","table2_treated_signup_neighbor_high","neighbor_high",11,0.00292786797977109,"Decrease",-0.00975871055537053,-0.0061514793106855,0.00360723124468503,0.00360723124468503,0.369642200597891,TRUE,,TRUE,"734;3340;613;729;3341;3342;1630;342;3343;655;2795","883;4019;736;876;4020;4021;1963;409;4022;788;3362",3757,-0.0061514793106855,0.00360723124468503,0.00360723124468503,0.369642200597891,TRUE,TRUE,
"07_SwSIiUS","table2_treated_signup_neighbor_high","neighbor_high",12,0.00319403779611392,"Decrease",-0.00975871055537053,-0.00584916647368898,0.00390954408168155,0.00390954408168155,0.400620969286768,TRUE,,TRUE,"734;3340;613;729;3341;3342;1630;342;3343;655;2795;1631","883;4019;736;876;4020;4021;1963;409;4022;788;3362;1964",3757,-0.00584916647368898,0.00390954408168155,0.00390954408168155,0.400620969286768,TRUE,TRUE,
"07_SwSIiUS","table2_treated_signup_neighbor_high","neighbor_high",13,0.00346020761245675,"Decrease",-0.00975871055537053,-0.0055497751148779,0.00420893544049264,0.00420893544049264,0.431300366642837,TRUE,,TRUE,"734;3340;613;729;3341;3342;1630;342;3343;655;2795;1631;1001","883;4019;736;876;4020;4021;1963;409;4022;788;3362;1964;1205",3757,-0.0055497751148779,0.00420893544049264,0.00420893544049264,0.431300366642837,TRUE,TRUE,
"07_SwSIiUS","table2_treated_signup_neighbor_high","neighbor_high",14,0.00372637742879957,"Decrease",-0.00975871055537053,-0.00525956708604548,0.00449914346932506,0.00449914346932506,0.461038724716457,TRUE,,TRUE,"734;3340;613;729;3341;3342;1630;342;3343;655;2795;1631;1001;998","883;4019;736;876;4020;4021;1963;409;4022;788;3362;1964;1205;1201",3757,-0.00525956708604548,0.00449914346932506,0.00449914346932506,0.461038724716457,TRUE,TRUE,
"07_SwSIiUS","table2_treated_signup_neighbor_high","neighbor_high",15,0.0039925472451424,"Decrease",-0.00975871055537053,-0.00496706880716189,0.00479164174820865,0.00479164174820865,0.491011770563443,TRUE,,TRUE,"734;3340;613;729;3341;3342;1630;342;3343;655;2795;1631;1001;998;2792","883;4019;736;876;4020;4021;1963;409;4022;788;3362;1964;1205;1201;3359",3757,-0.00496706880716189,0.00479164174820865,0.00479164174820865,0.491011770563443,TRUE,TRUE,
"07_SwSIiUS","table2_treated_signup_neighbor_high","neighbor_high",16,0.00425871706148523,"Decrease",-0.00975871055537053,-0.00467401771869686,0.00508469283667367,0.00508469283667367,0.521041464220434,TRUE,,TRUE,"734;3340;613;729;3341;3342;1630;342;3343;655;2795;1631;1001;998;2792;649","883;4019;736;876;4020;4021;1963;409;4022;788;3362;1964;1205;1201;3359;780",3757,-0.00467401771869686,0.00508469283667367,0.00508469283667367,0.521041464220434,TRUE,TRUE,
"07_SwSIiUS","table2_treated_signup_neighbor_high","neighbor_high",17,0.00452488687782805,"Decrease",-0.00975871055537053,-0.00438102899193425,0.00537768156343629,0.00537768156343629,0.551064767514472,TRUE,,TRUE,"734;3340;613;729;3341;3342;1630;342;3343;655;2795;1631;1001;2792;998;649;2788","883;4019;736;876;4020;4021;1963;409;4022;788;3362;1964;1205;3359;1201;780;3354",3757,-0.00438102899193425,0.00537768156343629,0.00537768156343629,0.551064767514472,TRUE,TRUE,
"07_SwSIiUS","table2_treated_signup_neighbor_high","neighbor_high",18,0.00479105669417088,"Decrease",-0.00975871055537053,-0.0040984319991059,0.00566027855626463,0.00566027855626463,0.580023203285766,TRUE,,TRUE,"734;3340;613;729;3341;3342;1630;342;3343;655;2795;1631;1001;2792;998;649;2788;3273","883;4019;736;876;4020;4021;1963;409;4022;788;3362;1964;1205;3359;1201;780;3354;3940",3757,-0.0040984319991059,0.00566027855626463,0.00566027855626463,0.580023203285766,TRUE,TRUE,
"07_SwSIiUS","table2_treated_signup_neighbor_high","neighbor_high",19,0.00505722651051371,"Decrease",-0.00975871055537053,-0.00381258788228991,0.00594612267308062,0.00594612267308062,0.609314380147106,TRUE,,TRUE,"734;3340;613;729;3341;3342;1630;342;3343;655;2795;1631;1001;2792;998;649;2788;3273;3269","883;4019;736;876;4020;4021;1963;409;4022;788;3362;1964;1205;3359;1201;780;3354;3940;3936",3757,-0.00381258788228991,0.00594612267308062,0.00594612267308062,0.609314380147106,TRUE,TRUE,
"07_SwSIiUS","table2_treated_signup_neighbor_high","neighbor_high",20,0.00532339632685653,"Decrease",-0.00975871055537053,-0.00353028063837251,0.00622842991699802,0.00622842991699802,0.638243124607309,TRUE,,TRUE,"734;3340;613;729;3341;3342;1630;342;3343;655;2795;1631;1001;2792;998;649;2788;3273;3269;1509","883;4019;736;876;4020;4021;1963;409;4022;788;3362;1964;1205;3359;1201;780;3354;3940;3936;1817",3757,-0.00353028063837251,0.00622842991699802,0.00622842991699802,0.638243124607309,TRUE,TRUE,
"07_SwSIiUS","table2_treated_signup_neighbor_high","neighbor_high",21,0.00558956614319936,"Decrease",-0.00975871055537053,-0.00325461191035527,0.00650409864501526,0.00650409864501526,0.666491603384614,TRUE,,TRUE,"734;3340;613;729;3342;3341;1630;342;3343;655;2795;1631;1001;2792;998;649;2788;3273;3269;1509;653","883;4019;736;876;4021;4020;1963;409;4022;788;3362;1964;1205;3359;1201;780;3354;3940;3936;1817;786",3757,-0.00325461191035527,0.00650409864501526,0.00650409864501526,0.666491603384614,TRUE,TRUE,
"07_SwSIiUS","table2_treated_signup_neighbor_high","neighbor_high",22,0.00585573595954219,"Decrease",-0.00975871055537053,-0.00297527936613781,0.00678343118923272,0.00678343118923272,0.695115522767461,TRUE,,TRUE,"734;3340;613;729;3342;3341;1630;342;3343;655;2795;1631;1001;2792;998;2788;649;3273;3269;1509;653;614","883;4019;736;876;4021;4020;1963;409;4022;788;3362;1964;1205;3359;1201;3354;780;3940;3936;1817;786;737",3757,-0.00297527936613781,0.00678343118923272,0.00678343118923272,0.695115522767461,TRUE,TRUE,
"07_SwSIiUS","table2_treated_signup_neighbor_high","neighbor_high",23,0.00612190577588501,"Decrease",-0.00975871055537053,-0.00269618051281427,0.00706253004255626,0.00706253004255626,0.723715495247425,TRUE,,TRUE,"734;3340;613;729;3342;3341;1630;342;3343;655;2795;1631;1001;2792;998;2788;649;3273;3269;1509;653;614;2065","883;4019;736;876;4021;4020;1963;409;4022;788;3362;1964;1205;3359;1201;3354;780;3940;3936;1817;786;737;2487",3757,-0.00269618051281427,0.00706253004255626,0.00706253004255626,0.723715495247425,TRUE,TRUE,
"07_SwSIiUS","table2_treated_signup_neighbor_high","neighbor_high",24,0.00638807559222784,"Decrease",-0.00975871055537053,-0.00242218363934742,0.00733652691602311,0.00733652691602311,0.751792654818068,TRUE,,TRUE,"734;3340;613;729;3342;3341;1630;342;3343;655;2795;1631;1001;2792;998;2788;649;3273;3269;1509;653;614;2065;2876","883;4019;736;876;4021;4020;1963;409;4022;788;3362;1964;1205;3359;1201;3354;780;3940;3936;1817;786;737;2487;3459",3757,-0.00242218363934742,0.00733652691602311,0.00733652691602311,0.751792654818068,TRUE,TRUE,
"07_SwSIiUS","table2_treated_signup_neighbor_high","neighbor_high",25,0.00665424540857067,"Decrease",-0.00975871055537053,-0.00214324307690493,0.0076154674784656,0.0076154674784656,0.780376406827085,TRUE,,TRUE,"734;3340;613;729;3342;3341;1630;342;3343;655;2795;1631;1001;2792;998;2788;649;3273;3269;1509;614;653;2065;2876;2791","883;4019;736;876;4021;4020;1963;409;4022;788;3362;1964;1205;3359;1201;3354;780;3940;3936;1817;737;786;2487;3459;3358",3757,-0.00214324307690493,0.0076154674784656,0.0076154674784656,0.780376406827085,TRUE,TRUE,
"07_SwSIiUS","table2_treated_signup_neighbor_high","neighbor_high",26,0.0069204152249135,"Decrease",-0.00975871055537053,-0.00187216851183592,0.00788654204353461,0.00788654204353461,0.808154109990934,TRUE,,TRUE,"734;3340;613;729;3342;3341;1630;342;3343;655;2795;1631;1001;2792;998;2788;649;3273;3269;1509;614;653;2065;2876;2791;376","883;4019;736;876;4021;4020;1963;409;4022;788;3362;1964;1205;3359;1201;3354;780;3940;3936;1817;737;786;2487;3459;3358;450",3757,-0.00187216851183592,0.00788654204353461,0.00788654204353461,0.808154109990934,TRUE,TRUE,
"07_SwSIiUS","table2_treated_signup_neighbor_high","neighbor_high",27,0.00718658504125632,"Decrease",-0.00975871055537053,-0.00160144070332461,0.00815726985204592,0.00815726985204592,0.8358962801245,TRUE,,TRUE,"734;3340;613;729;3342;3341;1630;342;3343;655;2795;1631;1001;2792;998;2788;649;3273;3269;1509;614;653;2065;2791;2876;376;1628","883;4019;736;876;4021;4020;1963;409;4022;788;3362;1964;1205;3359;1201;3354;780;3940;3936;1817;737;786;2487;3358;3459;450;1960",3757,-0.00160144070332461,0.00815726985204592,0.00815726985204592,0.8358962801245,TRUE,TRUE,
"07_SwSIiUS","table2_treated_signup_neighbor_high","neighbor_high",28,0.00745275485759915,"Decrease",-0.00975871055537053,-0.00132942697230905,0.00842928358306148,0.00842928358306148,0.863770222022066,TRUE,,TRUE,"734;3340;613;729;3342;3341;1630;342;3343;655;2795;1631;1001;2792;998;2788;649;3273;3269;1509;614;653;2065;2791;2876;376;1628;344","883;4019;736;876;4021;4020;1963;409;4022;788;3362;1964;1205;3359;1201;3354;780;3940;3936;1817;737;786;2487;3358;3459;450;1960;412",3757,-0.00132942697230905,0.00842928358306148,0.00842928358306148,0.863770222022066,TRUE,TRUE,
"07_SwSIiUS","table2_treated_signup_neighbor_high","neighbor_high",29,0.00771892467394197,"Decrease",-0.00975871055537053,-0.00105541864853573,0.0087032919068348,0.0087032919068348,0.891848554934863,TRUE,,TRUE,"734;3340;613;729;3342;3341;1630;342;3343;655;2795;1631;1001;2792;998;2788;649;3273;3269;1509;614;653;2065;2791;2876;376;1628;344;2965","883;4019;736;876;4021;4020;1963;409;4022;788;3362;1964;1205;3359;1201;3354;780;3940;3936;1817;737;786;2487;3358;3459;450;1960;412;3568",3757,-0.00105541864853573,0.0087032919068348,0.0087032919068348,0.891848554934863,TRUE,TRUE,
"07_SwSIiUS","table2_treated_signup_neighbor_high","neighbor_high",30,0.0079850944902848,"Decrease",-0.00975871055537053,-0.000780382884034819,0.00897832767133571,0.00897832767133571,0.920032172323694,TRUE,,TRUE,"734;3340;613;729;3342;3341;1630;342;3343;655;2795;1631;1001;2792;998;2788;649;3273;3269;1509;614;653;2065;2791;2876;376;1628;344;2965;656","883;4019;736;876;4021;4020;1963;409;4022;788;3362;1964;1205;3359;1201;3354;780;3940;3936;1817;737;786;2487;3358;3459;450;1960;412;3568;789",3757,-0.000780382884034819,0.00897832767133571,0.00897832767133571,0.920032172323694,TRUE,TRUE,
"07_SwSIiUS","table2_treated_signup_neighbor_high","neighbor_high",31,0.00825126430662763,"Decrease",-0.00975871055537053,-0.000507370503962422,0.00925134005140811,0.00925134005140811,0.948008448341241,TRUE,,TRUE,"734;3340;613;729;3342;3341;1630;342;3343;655;2795;1631;1001;2792;998;2788;649;3273;3269;1509;614;653;2065;2791;2876;376;1628;344;2965;656;2490","883;4019;736;876;4021;4020;1963;409;4022;788;3362;1964;1205;3359;1201;3354;780;3940;3936;1817;737;786;2487;3358;3459;450;1960;412;3568;789;2997",3757,-0.000507370503962422,0.00925134005140811,0.00925134005140811,0.948008448341241,TRUE,TRUE,
"07_SwSIiUS","table2_treated_signup_neighbor_high","neighbor_high",32,0.00851743412297046,"Decrease",-0.00975871055537053,-0.000234620583920367,0.00952408997145017,0.00952408997145017,0.975957829409005,TRUE,,TRUE,"734;3340;613;729;3342;3341;1630;342;3343;655;2795;1631;1001;2792;998;2788;649;3273;3269;1509;614;653;2065;2791;2876;376;1628;344;2965;656;1002;2490","883;4019;736;876;4021;4020;1963;409;4022;788;3362;1964;1205;3359;1201;3354;780;3940;3936;1817;737;786;2487;3358;3459;450;1960;412;3568;789;1206;2997",3757,-0.000234620583920367,0.00952408997145017,0.00952408997145017,0.975957829409005,TRUE,TRUE,
"07_SwSIiUS","table2_treated_signup_neighbor_high","neighbor_high",33,0.00878360393931328,"Decrease",-0.00975871055537053,0.0000346859389996413,0.00979339649437017,0.00979339649437017,1.00355435677724,TRUE,,TRUE,"734;3340;613;729;3342;3341;1630;342;3343;655;2795;1631;1001;2792;998;2788;649;3273;3269;1509;614;653;2065;2791;2876;376;1628;344;2965;1002;656;2490;732","883;4019;736;876;4021;4020;1963;409;4022;788;3362;1964;1205;3359;1201;3354;780;3940;3936;1817;737;786;2487;3358;3459;450;1960;412;3568;1206;789;2997;880",3757,0.0000346859389996413,0.00979339649437017,0.00979339649437017,1.00355435677724,TRUE,TRUE,
"07_SwSIiUS","table2_treated_signup_neighbor_high","neighbor_high",34,0.00904977375565611,"Decrease",-0.00975871055537053,0.000302084075894343,0.0100607946312649,0.0100607946312649,1.03095532695435,TRUE,,TRUE,"734;613;3340;729;3342;3341;1630;342;3343;655;2795;1631;1001;2792;998;2788;649;3273;3269;1509;614;653;2065;2791;2876;376;1628;344;2965;1002;656;2490;732;2793","883;736;4019;876;4021;4020;1963;409;4022;788;3362;1964;1205;3359;1201;3354;780;3940;3936;1817;737;786;2487;3358;3459;450;1960;412;3568;1206;789;2997;880;3360",3757,0.000302084075894343,0.0100607946312649,0.0100607946312649,1.03095532695435,TRUE,TRUE,
"07_SwSIiUS","table2_treated_signup_neighbor_high","neighbor_high",35,0.00931594357199893,"Decrease",-0.00975871055537053,0.00056427804238999,0.0103229885977605,0.0103229885977605,1.0578230124962,TRUE,,TRUE,"734;613;3340;729;3342;3341;1630;342;3343;655;2795;1631;1001;2792;998;2788;649;3273;3269;1509;614;653;2065;2791;2876;376;1628;344;2965;1002;656;2490;732;2793;2961","883;736;4019;876;4021;4020;1963;409;4022;788;3362;1964;1205;3359;1201;3354;780;3940;3936;1817;737;786;2487;3358;3459;450;1960;412;3568;1206;789;2997;880;3360;3562",3757,0.00056427804238999,0.0103229885977605,0.0103229885977605,1.0578230124962,TRUE,TRUE,
"07_SwSIiUS","table2_treated_signup_neighbor_high","neighbor_high",36,0.00958211338834176,"Decrease",-0.00975871055537053,0.000833576565245527,0.0105922871206161,0.0105922871206161,1.0854187200774,TRUE,,TRUE,"734;613;3340;729;3342;3341;1630;342;3343;655;2795;1631;1001;2792;998;2788;649;3273;3269;1509;614;653;2065;2791;2876;1628;376;2965;344;1002;656;2490;732;2793;2961;652","883;736;4019;876;4021;4020;1963;409;4022;788;3362;1964;1205;3359;1201;3354;780;3940;3936;1817;737;786;2487;3358;3459;1960;450;3568;412;1206;789;2997;880;3360;3562;785",3757,0.000833576565245527,0.0105922871206161,0.0105922871206161,1.0854187200774,TRUE,TRUE,
"07_SwSIiUS","table2_treated_signup_neighbor_high","neighbor_high",37,0.00984828320468459,"Decrease",-0.00975871055537053,0.00109871097240813,0.0108574215277787,0.0108574215277787,1.11258772008598,TRUE,,TRUE,"734;613;3340;729;3342;3341;1630;342;3343;655;2795;1631;1001;2792;998;2788;649;3273;3269;1509;614;653;2065;2791;2876;1628;376;2965;344;1002;656;2490;732;2793;2961;652;999","883;736;4019;876;4021;4020;1963;409;4022;788;3362;1964;1205;3359;1201;3354;780;3940;3936;1817;737;786;2487;3358;3459;1960;450;3568;412;1206;789;2997;880;3360;3562;785;1203",3757,0.00109871097240813,0.0108574215277787,0.0108574215277787,1.11258772008598,TRUE,TRUE,
"07_SwSIiUS","table2_treated_signup_neighbor_high","neighbor_high",38,0.0101144530210274,"Decrease",-0.00975871055537053,0.00136275812100077,0.0111214686763713,0.0111214686763713,1.13964530593141,TRUE,,TRUE,"734;613;3340;729;3342;3341;1630;342;3343;655;2795;1631;1001;2792;998;2788;649;3273;3269;614;1509;653;2065;2791;2876;1628;376;2965;344;1002;656;2490;732;2793;2961;652;999;94","883;736;4019;876;4021;4020;1963;409;4022;788;3362;1964;1205;3359;1201;3354;780;3940;3936;737;1817;786;2487;3358;3459;1960;450;3568;412;1206;789;2997;880;3360;3562;785;1203;114",3757,0.00136275812100077,0.0111214686763713,0.0111214686763713,1.13964530593141,TRUE,TRUE,
"07_SwSIiUS","table2_treated_signup_neighbor_high","neighbor_high",39,0.0103806228373702,"Decrease",-0.00975871055537053,0.0016239697124276,0.0113826802677981,0.0113826802677981,1.1664123249904,TRUE,,TRUE,"734;613;3340;729;3342;3341;1630;342;3343;655;2795;1631;1001;2792;998;2788;649;3273;3269;614;1509;653;2791;2065;2876;1628;376;2965;344;1002;656;2490;732;2793;2961;652;999;94;343","883;736;4019;876;4021;4020;1963;409;4022;788;3362;1964;1205;3359;1201;3354;780;3940;3936;737;1817;786;3358;2487;3459;1960;450;3568;412;1206;789;2997;880;3360;3562;785;1203;114;410",3757,0.0016239697124276,0.0113826802677981,0.0113826802677981,1.1664123249904,TRUE,TRUE,
"07_SwSIiUS","table2_treated_signup_neighbor_high","neighbor_high",40,0.0106467926537131,"Decrease",-0.00975871055537053,0.00188745150455211,0.0116461620599226,0.0116461620599226,1.1934119773143,TRUE,,TRUE,"734;613;3340;729;3342;3341;1630;342;3343;2795;655;1631;1001;2792;998;2788;649;3273;3269;614;1509;653;2791;2065;2876;1628;376;2965;344;1002;656;2490;732;2793;2961;652;999;94;343;3706","883;736;4019;876;4021;4020;1963;409;4022;3362;788;1964;1205;3359;1201;3354;780;3940;3936;737;1817;786;3358;2487;3459;1960;450;3568;412;1206;789;2997;880;3360;3562;785;1203;114;410;4460",3757,0.00188745150455211,0.0116461620599226,0.0116461620599226,1.1934119773143,TRUE,TRUE,
"07_SwSIiUS","table2_treated_signup_neighbor_high","neighbor_high",41,0.0109129624700559,"Decrease",-0.00975871055537053,0.00214651815673594,0.0119052287121065,0.0119052287121065,1.21995919896965,TRUE,,TRUE,"734;613;3340;729;3342;3341;1630;342;3343;2795;655;1631;1001;2792;998;2788;649;3273;3269;614;1509;653;2791;2065;2876;1628;376;2965;344;1002;656;2490;732;2793;2961;652;999;94;343;3706;346","883;736;4019;876;4021;4020;1963;409;4022;3362;788;1964;1205;3359;1201;3354;780;3940;3936;737;1817;786;3358;2487;3459;1960;450;3568;412;1206;789;2997;880;3360;3562;785;1203;114;410;4460;414",3757,0.00214651815673594,0.0119052287121065,0.0119052287121065,1.21995919896965,TRUE,TRUE,
"07_SwSIiUS","table2_treated_signup_neighbor_high","neighbor_high",42,0.0111791322863987,"Decrease",-0.00975871055537053,0.00241389793857082,0.0121726084939414,0.0121726084939414,1.24735828825688,TRUE,,TRUE,"734;613;3340;729;3342;3341;1630;342;3343;2795;655;1631;1001;2792;998;2788;649;3273;3269;614;1509;653;2791;2065;2876;1628;376;2965;344;1002;656;2490;732;2793;2961;652;999;94;343;3706;346;3378","883;736;4019;876;4021;4020;1963;409;4022;3362;788;1964;1205;3359;1201;3354;780;3940;3936;737;1817;786;3358;2487;3459;1960;450;3568;412;1206;789;2997;880;3360;3562;785;1203;114;410;4460;414;4065",3757,0.00241389793857082,0.0121726084939414,0.0121726084939414,1.24735828825688,TRUE,TRUE,
"07_SwSIiUS","table2_treated_signup_neighbor_high","neighbor_high",43,0.0114453021027415,"Decrease",-0.00975871055537053,0.00267654474597225,0.0124352553013428,0.0124352553013428,1.27427237756317,TRUE,,TRUE,"734;613;3340;729;3342;3341;1630;342;3343;2795;655;1631;1001;2792;998;2788;649;3273;3269;614;1509;653;2791;2065;2876;1628;376;2965;344;1002;656;2490;732;2793;2961;652;999;94;343;3706;346;3378;2062","883;736;4019;876;4021;4020;1963;409;4022;3362;788;1964;1205;3359;1201;3354;780;3940;3936;737;1817;786;3358;2487;3459;1960;450;3568;412;1206;789;2997;880;3360;3562;785;1203;114;410;4460;414;4065;2484",3757,0.00267654474597225,0.0124352553013428,0.0124352553013428,1.27427237756317,TRUE,TRUE,
"07_SwSIiUS","table2_treated_signup_neighbor_high","neighbor_high",44,0.0117114719190844,"Decrease",-0.00975871055537053,0.00294074778581272,0.0126994583411833,0.0126994583411833,1.301345937983,TRUE,,TRUE,"734;613;3340;729;3342;3341;1630;342;3343;2795;655;1631;1001;2792;998;2788;649;3273;614;3269;1509;653;2791;2065;2876;1628;376;2965;344;1002;656;2490;732;2793;2961;652;999;94;343;3706;346;3378;2062;2328","883;736;4019;876;4021;4020;1963;409;4022;3362;788;1964;1205;3359;1201;3354;780;3940;737;3936;1817;786;3358;2487;3459;1960;450;3568;412;1206;789;2997;880;3360;3562;785;1203;114;410;4460;414;4065;2484;2800",3757,0.00294074778581272,0.0126994583411833,0.0126994583411833,1.301345937983,TRUE,TRUE,
"07_SwSIiUS","table2_treated_signup_neighbor_high","neighbor_high",45,0.0119776417354272,"Decrease",-0.00975871055537053,0.00319730912644408,0.0129560196818146,0.0129560196818146,1.32763643396355,TRUE,,TRUE,"734;613;3340;729;3342;3341;1630;342;3343;2795;655;1631;1001;2792;998;2788;649;3273;614;3269;1509;653;2791;2065;1628;2876;376;2965;344;1002;656;2490;732;2793;2961;999;652;94;343;346;3706;3378;2062;2328;1271","883;736;4019;876;4021;4020;1963;409;4022;3362;788;1964;1205;3359;1201;3354;780;3940;737;3936;1817;786;3358;2487;1960;3459;450;3568;412;1206;789;2997;880;3360;3562;1203;785;114;410;414;4460;4065;2484;2800;1530",3757,0.00319730912644408,0.0129560196818146,0.0129560196818146,1.32763643396355,TRUE,TRUE,
"07_SwSIiUS","table2_treated_signup_neighbor_high","neighbor_high",46,0.01224381155177,"Decrease",-0.00975871055537053,0.00345226124893535,0.0132109718043059,0.0132109718043059,1.35376202925042,TRUE,,TRUE,"734;613;3340;729;3342;3341;1630;342;3343;2795;655;1631;1001;2792;998;2788;649;3273;614;3269;1509;653;2791;2065;1628;2876;376;2965;344;1002;656;2490;732;2793;2961;999;652;94;343;346;3706;3378;2062;2328;1271;2914","883;736;4019;876;4021;4020;1963;409;4022;3362;788;1964;1205;3359;1201;3354;780;3940;737;3936;1817;786;3358;2487;1960;3459;450;3568;412;1206;789;2997;880;3360;3562;1203;785;114;410;414;4460;4065;2484;2800;1530;3505",3757,0.00345226124893535,0.0132109718043059,0.0132109718043059,1.35376202925042,TRUE,TRUE,
"07_SwSIiUS","table2_treated_signup_neighbor_high","neighbor_high",47,0.0125099813681129,"Decrease",-0.00975871055537053,0.00371079446558425,0.0134695050209548,0.0134695050209548,1.3802545884038,TRUE,,TRUE,"734;613;3340;729;3342;3341;1630;342;3343;2795;655;1631;1001;2792;998;2788;649;3273;614;3269;1509;653;2791;2065;1628;2876;376;2965;344;1002;656;2490;732;2793;2961;999;652;94;343;346;3706;3378;2062;2328;1271;2914;1268","883;736;4019;876;4021;4020;1963;409;4022;3362;788;1964;1205;3359;1201;3354;780;3940;737;3936;1817;786;3358;2487;1960;3459;450;3568;412;1206;789;2997;880;3360;3562;1203;785;114;410;414;4460;4065;2484;2800;1530;3505;1527",3757,0.00371079446558425,0.0134695050209548,0.0134695050209548,1.3802545884038,TRUE,TRUE,
"07_SwSIiUS","table2_treated_signup_neighbor_high","neighbor_high",48,0.0127761511844557,"Decrease",-0.00975871055537053,0.00396701630168138,0.0137257268570519,0.0137257268570519,1.40651029448744,TRUE,,TRUE,"734;613;3340;729;3342;3341;1630;342;3343;2795;655;1631;1001;2792;998;2788;649;3273;614;3269;1509;653;2791;1628;2065;2876;376;2965;344;1002;656;2490;732;2793;2961;999;652;94;343;346;3706;3378;2062;2328;1271;1268;2914;2960","883;736;4019;876;4021;4020;1963;409;4022;3362;788;1964;1205;3359;1201;3354;780;3940;737;3936;1817;786;3358;1960;2487;3459;450;3568;412;1206;789;2997;880;3360;3562;1203;785;114;410;414;4460;4065;2484;2800;1530;1527;3505;3561",3757,0.00396701630168138,0.0137257268570519,0.0137257268570519,1.40651029448744,TRUE,TRUE,
"07_SwSIiUS","table2_treated_signup_neighbor_high","neighbor_high",49,0.0130423210007985,"Decrease",-0.00975871055537053,0.00423125842243725,0.0139899689778078,0.0139899689778078,1.43358785962851,TRUE,,TRUE,"734;613;3340;729;3342;3341;1630;342;3343;2795;655;1631;1001;2792;998;2788;649;3273;614;3269;1509;653;1628;2791;2065;2876;376;2965;344;1002;656;2490;732;2793;2961;999;652;94;343;346;3706;2062;3378;2328;1271;1268;2960;2914;2060","883;736;4019;876;4021;4020;1963;409;4022;3362;788;1964;1205;3359;1201;3354;780;3940;737;3936;1817;786;1960;3358;2487;3459;450;3568;412;1206;789;2997;880;3360;3562;1203;785;114;410;414;4460;2484;4065;2800;1530;1527;3561;3505;2481",3757,0.00423125842243725,0.0139899689778078,0.0139899689778078,1.43358785962851,TRUE,TRUE,
"07_SwSIiUS","table2_treated_signup_neighbor_high","neighbor_high",50,0.0133084908171413,"Decrease",-0.00975871055537053,0.00449675008810626,0.0142554606434768,0.0142554606434768,1.46079346882889,TRUE,,TRUE,"734;613;3340;729;3342;3341;1630;342;3343;2795;655;1631;1001;2792;998;2788;649;3273;614;3269;1509;653;1628;2791;2065;2876;376;2965;344;1002;656;2490;732;2793;2961;999;652;94;343;346;3706;2062;3378;2328;1271;1268;2960;2914;2060;3266","883;736;4019;876;4021;4020;1963;409;4022;3362;788;1964;1205;3359;1201;3354;780;3940;737;3936;1817;786;1960;3358;2487;3459;450;3568;412;1206;789;2997;880;3360;3562;1203;785;114;410;414;4460;2484;4065;2800;1530;1527;3561;3505;2481;3931",3757,0.00449675008810626,0.0142554606434768,0.0142554606434768,1.46079346882889,TRUE,TRUE,
"07_SwSIiUS","table2_treated_signup_neighbor_high","neighbor_high",51,0.0135746606334842,"Decrease",-0.00975871055537053,0.00475008420789779,0.0145087947632683,0.0145087947632683,1.48675326324579,TRUE,,TRUE,"734;613;3340;729;3342;3341;1630;342;3343;2795;655;1631;1001;2792;998;2788;3273;649;614;3269;1509;653;1628;2791;2065;2876;376;2965;344;1002;656;2490;732;2793;2961;999;652;94;343;346;3706;2062;3378;2328;1271;1268;2960;2914;2060;3266;2956","883;736;4019;876;4021;4020;1963;409;4022;3362;788;1964;1205;3359;1201;3354;3940;780;737;3936;1817;786;1960;3358;2487;3459;450;3568;412;1206;789;2997;880;3360;3562;1203;785;114;410;414;4460;2484;4065;2800;1530;1527;3561;3505;2481;3931;3556",3757,0.00475008420789779,0.0145087947632683,0.0145087947632683,1.48675326324579,TRUE,TRUE,
"07_SwSIiUS","table2_treated_signup_neighbor_high","neighbor_high",52,0.013840830449827,"Decrease",-0.00975871055537053,0.00501061376646618,0.0147693243218367,0.0147693243218367,1.51345039265548,TRUE,,TRUE,"734;613;3340;729;3342;3341;1630;342;3343;2795;655;1631;1001;2792;998;2788;3273;649;614;3269;1509;653;1628;2791;2065;2876;376;2965;344;1002;656;2490;732;2793;2961;999;652;94;343;346;3706;2062;3378;2328;1271;1268;2960;2914;2060;3266;2956;1761","883;736;4019;876;4021;4020;1963;409;4022;3362;788;1964;1205;3359;1201;3354;3940;780;737;3936;1817;786;1960;3358;2487;3459;450;3568;412;1206;789;2997;880;3360;3562;1203;785;114;410;414;4460;2484;4065;2800;1530;1527;3561;3505;2481;3931;3556;2122",3757,0.00501061376646618,0.0147693243218367,0.0147693243218367,1.51345039265548,TRUE,TRUE,
"07_SwSIiUS","table2_treated_signup_neighbor_high","neighbor_high",53,0.0141070002661698,"Decrease",-0.00975871055537053,0.00526988240909958,0.0150285929644701,0.0150285929644701,1.5400183127882,TRUE,,TRUE,"734;613;3340;729;3342;3341;1630;342;3343;2795;655;1631;1001;2792;998;2788;3273;649;614;3269;1509;653;1628;2791;2065;2876;376;2965;344;1002;656;2490;732;2793;2961;999;652;94;343;346;3706;2062;3378;2328;1271;1268;2960;2914;2060;3266;2956;1761;715","883;736;4019;876;4021;4020;1963;409;4022;3362;788;1964;1205;3359;1201;3354;3940;780;737;3936;1817;786;1960;3358;2487;3459;450;3568;412;1206;789;2997;880;3360;3562;1203;785;114;410;414;4460;2484;4065;2800;1530;1527;3561;3505;2481;3931;3556;2122;860",3757,0.00526988240909958,0.0150285929644701,0.0150285929644701,1.5400183127882,TRUE,TRUE,
"07_SwSIiUS","table2_treated_signup_neighbor_high","neighbor_high",54,0.0143731700825126,"Decrease",-0.00975871055537053,0.00552500244660747,0.015283713001978,0.015283713001978,1.56616111475577,TRUE,,TRUE,"734;613;3340;729;3342;3341;1630;342;3343;2795;655;1631;1001;2792;998;2788;3273;649;614;3269;1509;653;1628;2791;2065;2876;376;2965;344;1002;656;2490;732;2793;2961;999;652;94;343;346;2062;3706;3378;2328;1271;1268;2960;2914;2060;3266;2956;1761;715;2959","883;736;4019;876;4021;4020;1963;409;4022;3362;788;1964;1205;3359;1201;3354;3940;780;737;3936;1817;786;1960;3358;2487;3459;450;3568;412;1206;789;2997;880;3360;3562;1203;785;114;410;414;2484;4460;4065;2800;1530;1527;3561;3505;2481;3931;3556;2122;860;3560",3757,0.00552500244660747,0.015283713001978,0.015283713001978,1.56616111475577,TRUE,TRUE,
"07_SwSIiUS","table2_treated_signup_neighbor_high","neighbor_high",55,0.0146393398988555,"Decrease",-0.00975871055537053,0.00577823837657155,0.0155369489319421,0.0155369489319421,1.59211084741023,TRUE,,TRUE,"734;613;3340;729;3342;3341;1630;342;3343;2795;655;1631;1001;2792;998;2788;3273;649;614;3269;1509;653;1628;2791;2065;2876;376;2965;344;1002;656;2490;732;2793;2961;999;94;652;343;346;2062;3706;3378;2328;1271;1268;2960;2914;2060;3266;2956;1761;715;2959;2276","883;736;4019;876;4021;4020;1963;409;4022;3362;788;1964;1205;3359;1201;3354;3940;780;737;3936;1817;786;1960;3358;2487;3459;450;3568;412;1206;789;2997;880;3360;3562;1203;114;785;410;414;2484;4460;4065;2800;1530;1527;3561;3505;2481;3931;3556;2122;860;3560;2737",3757,0.00577823837657155,0.0155369489319421,0.0155369489319421,1.59211084741023,TRUE,TRUE,
"07_SwSIiUS","table2_treated_signup_neighbor_high","neighbor_high",56,0.0149055097151983,"Decrease",-0.00975871055537053,0.0060333523232738,0.0157920628786443,0.0157920628786443,1.61825302523738,TRUE,,TRUE,"734;613;3340;729;3342;3341;1630;342;3343;2795;655;1631;1001;2792;998;2788;3273;649;614;3269;1509;653;1628;2791;2065;2876;376;2965;344;1002;656;2490;732;2793;2961;999;94;652;343;346;2062;3706;3378;2328;1271;1268;2960;2914;2060;3266;2956;1761;715;2959;2276;1767","883;736;4019;876;4021;4020;1963;409;4022;3362;788;1964;1205;3359;1201;3354;3940;780;737;3936;1817;786;1960;3358;2487;3459;450;3568;412;1206;789;2997;880;3360;3562;1203;114;785;410;414;2484;4460;4065;2800;1530;1527;3561;3505;2481;3931;3556;2122;860;3560;2737;2129",3757,0.0060333523232738,0.0157920628786443,0.0157920628786443,1.61825302523738,TRUE,TRUE,
"07_SwSIiUS","table2_treated_signup_neighbor_high","neighbor_high",57,0.0151716795315411,"Decrease",-0.00975871055537053,0.00628768944766595,0.0160464000030365,0.0160464000030365,1.64431560009797,TRUE,,TRUE,"734;613;3340;729;3342;3341;1630;342;3343;2795;655;1631;1001;2792;998;2788;3273;649;614;3269;1509;653;1628;2791;2065;2876;376;2965;344;1002;656;732;2490;2793;2961;999;94;652;343;346;2062;3706;3378;2328;1271;1268;2960;2914;2060;3266;2956;1761;715;2959;2276;1767;2494","883;736;4019;876;4021;4020;1963;409;4022;3362;788;1964;1205;3359;1201;3354;3940;780;737;3936;1817;786;1960;3358;2487;3459;450;3568;412;1206;789;880;2997;3360;3562;1203;114;785;410;414;2484;4460;4065;2800;1530;1527;3561;3505;2481;3931;3556;2122;860;3560;2737;2129;3001",3757,0.00628768944766595,0.0160464000030365,0.0160464000030365,1.64431560009797,TRUE,TRUE,
"07_SwSIiUS","table2_treated_signup_neighbor_high","neighbor_high",58,0.0154378493478839,"Decrease",-0.00975871055537053,0.00653904560777088,0.0162977561631414,0.0162977561631414,1.67007270793294,TRUE,,TRUE,"734;613;3340;729;3342;3341;1630;342;3343;2795;655;1631;1001;2792;998;2788;3273;649;614;3269;1509;653;1628;2791;2065;2876;376;2965;344;1002;732;656;2490;2793;2961;999;94;652;343;346;2062;3706;3378;2328;1271;1268;2960;2914;2060;3266;2956;1761;715;2959;2276;1767;2494;348","883;736;4019;876;4021;4020;1963;409;4022;3362;788;1964;1205;3359;1201;3354;3940;780;737;3936;1817;786;1960;3358;2487;3459;450;3568;412;1206;880;789;2997;3360;3562;1203;114;785;410;414;2484;4460;4065;2800;1530;1527;3561;3505;2481;3931;3556;2122;860;3560;2737;2129;3001;417",3757,0.00653904560777088,0.0162977561631414,0.0162977561631414,1.67007270793294,TRUE,TRUE,
"07_SwSIiUS","table2_treated_signup_neighbor_high","neighbor_high",59,0.0157040191642268,"Decrease",-0.00975871055537053,0.00677964468464316,0.0165383552400137,0.0165383552400137,1.69472750996925,TRUE,,TRUE,"734;613;3340;729;3342;3341;1630;342;3343;2795;655;1631;1001;2792;998;2788;3273;649;614;3269;1509;653;1628;2791;2065;2876;376;2965;344;1002;732;656;2490;2793;2961;999;94;652;343;346;2062;3706;3378;2328;1271;1268;2960;2060;2914;3266;2956;1761;715;2959;2276;1767;2494;348;2486","883;736;4019;876;4021;4020;1963;409;4022;3362;788;1964;1205;3359;1201;3354;3940;780;737;3936;1817;786;1960;3358;2487;3459;450;3568;412;1206;880;789;2997;3360;3562;1203;114;785;410;414;2484;4460;4065;2800;1530;1527;3561;2481;3505;3931;3556;2122;860;3560;2737;2129;3001;417;2992",3757,0.00677964468464316,0.0165383552400137,0.0165383552400137,1.69472750996925,TRUE,TRUE,
"07_SwSIiUS","table2_treated_signup_neighbor_high","neighbor_high",60,0.0159701889805696,"Decrease",-0.00975871055537053,0.00703484258375543,0.016793553139126,0.016793553139126,1.72087829061432,TRUE,,TRUE,"734;613;3340;729;3342;3341;1630;342;3343;2795;1631;655;1001;2792;998;2788;3273;649;614;3269;1509;653;1628;2791;2065;2876;376;2965;344;1002;732;656;2490;2793;2961;999;94;652;343;346;2062;3706;3378;2328;1271;1268;2960;2060;2914;3266;2956;1761;715;2959;2276;1767;348;2494;2486;2058","883;736;4019;876;4021;4020;1963;409;4022;3362;1964;788;1205;3359;1201;3354;3940;780;737;3936;1817;786;1960;3358;2487;3459;450;3568;412;1206;880;789;2997;3360;3562;1203;114;785;410;414;2484;4460;4065;2800;1530;1527;3561;2481;3505;3931;3556;2122;860;3560;2737;2129;417;3001;2992;2478",3757,0.00703484258375543,0.016793553139126,0.016793553139126,1.72087829061432,TRUE,TRUE,
"07_SwSIiUS","table2_treated_signup_neighbor_high","neighbor_high",61,0.0162363587969124,"Decrease",-0.00975871055537053,0.00728287106107671,0.0170415816164472,0.0170415816164472,1.74629440229362,TRUE,,TRUE,"734;613;3340;729;3342;3341;1630;342;3343;2795;1631;655;1001;2792;998;2788;3273;649;614;3269;1509;653;1628;2791;2065;2876;376;2965;344;1002;732;656;2490;2793;2961;999;94;652;343;346;2062;3706;3378;1271;2328;1268;2960;2060;2914;3266;2956;1761;715;2959;2276;1767;348;2486;2494;2058;996","883;736;4019;876;4021;4020;1963;409;4022;3362;1964;788;1205;3359;1201;3354;3940;780;737;3936;1817;786;1960;3358;2487;3459;450;3568;412;1206;880;789;2997;3360;3562;1203;114;785;410;414;2484;4460;4065;1530;2800;1527;3561;2481;3505;3931;3556;2122;860;3560;2737;2129;417;2992;3001;2478;1199",3757,0.00728287106107671,0.0170415816164472,0.0170415816164472,1.74629440229362,TRUE,TRUE,
"07_SwSIiUS","table2_treated_signup_neighbor_high","neighbor_high",62,0.0165025286132553,"Decrease",-0.00975871055537053,0.00753988091267816,0.0172985914680487,0.0172985914680487,1.77263085833904,TRUE,,TRUE,"734;613;3340;729;3342;3341;1630;342;3343;2795;1631;655;1001;2792;998;2788;3273;649;614;3269;1509;653;1628;2791;2065;2876;376;2965;344;1002;732;656;2490;2793;2961;999;94;652;343;346;2062;3706;3378;1271;2328;1268;2960;2060;2914;3266;2956;1761;2959;715;2276;1767;348;2486;2494;2058;996;2332","883;736;4019;876;4021;4020;1963;409;4022;3362;1964;788;1205;3359;1201;3354;3940;780;737;3936;1817;786;1960;3358;2487;3459;450;3568;412;1206;880;789;2997;3360;3562;1203;114;785;410;414;2484;4460;4065;1530;2800;1527;3561;2481;3505;3931;3556;2122;3560;860;2737;2129;417;2992;3001;2478;1199;2804",3757,0.00753988091267816,0.0172985914680487,0.0172985914680487,1.77263085833904,TRUE,TRUE,
"07_SwSIiUS","table2_treated_signup_neighbor_high","neighbor_high",63,0.0167686984295981,"Decrease",-0.00975871055537053,0.00779796068944756,0.0175566712448181,0.0175566712448181,1.79907695234962,TRUE,,TRUE,"734;613;3340;729;3342;3341;1630;342;3343;2795;1631;655;1001;2792;998;2788;3273;649;614;3269;1509;1628;653;2791;2065;2876;376;2965;344;1002;732;656;2490;2793;2961;999;94;652;343;346;2062;3706;1271;3378;2328;1268;2960;2060;2914;3266;2956;1761;2959;715;2276;1767;2486;348;2494;2058;996;2332;714","883;736;4019;876;4021;4020;1963;409;4022;3362;1964;788;1205;3359;1201;3354;3940;780;737;3936;1817;1960;786;3358;2487;3459;450;3568;412;1206;880;789;2997;3360;3562;1203;114;785;410;414;2484;4460;1530;4065;2800;1527;3561;2481;3505;3931;3556;2122;3560;860;2737;2129;2992;417;3001;2478;1199;2804;859",3757,0.00779796068944756,0.0175566712448181,0.0175566712448181,1.79907695234962,TRUE,TRUE,
"07_SwSIiUS","table2_treated_signup_neighbor_high","neighbor_high",64,0.0170348682459409,"Decrease",-0.00975871055537053,0.00804229588707507,0.0178010064424456,0.0178010064424456,1.82411460422393,TRUE,,TRUE,"734;613;3340;729;3342;3341;1630;342;3343;2795;1631;655;1001;2792;998;2788;3273;614;649;3269;1509;1628;653;2791;2065;2876;376;2965;344;1002;732;656;2490;2793;2961;999;94;652;343;346;2062;3706;1271;3378;2328;1268;2960;2060;2914;3266;2956;1761;2959;715;2276;1767;2486;348;2058;2494;996;2332;714;1266","883;736;4019;876;4021;4020;1963;409;4022;3362;1964;788;1205;3359;1201;3354;3940;737;780;3936;1817;1960;786;3358;2487;3459;450;3568;412;1206;880;789;2997;3360;3562;1203;114;785;410;414;2484;4460;1530;4065;2800;1527;3561;2481;3505;3931;3556;2122;3560;860;2737;2129;2992;417;2478;3001;1199;2804;859;1525",3757,0.00804229588707507,0.0178010064424456,0.0178010064424456,1.82411460422393,TRUE,TRUE,
"07_SwSIiUS","table2_treated_signup_neighbor_high","neighbor_high",65,0.0173010380622837,"Decrease",-0.00975871055537053,0.00829355152258859,0.0180522620779591,0.0180522620779591,1.84986141104722,TRUE,,TRUE,"734;613;3340;729;3342;3341;1630;342;3343;2795;1631;655;1001;2792;998;2788;3273;614;649;3269;1509;1628;653;2791;2065;2876;376;2965;344;1002;732;656;2490;2793;2961;999;94;652;343;346;2062;3706;1271;3378;2328;1268;2960;2060;2914;3266;2956;1761;2959;715;2276;1767;2486;348;2058;2494;996;2332;714;1266;994","883;736;4019;876;4021;4020;1963;409;4022;3362;1964;788;1205;3359;1201;3354;3940;737;780;3936;1817;1960;786;3358;2487;3459;450;3568;412;1206;880;789;2997;3360;3562;1203;114;785;410;414;2484;4460;1530;4065;2800;1527;3561;2481;3505;3931;3556;2122;3560;860;2737;2129;2992;417;2478;3001;1199;2804;859;1525;1196",3757,0.00829355152258859,0.0180522620779591,0.0180522620779591,1.84986141104722,TRUE,TRUE,
"07_SwSIiUS","table2_treated_signup_neighbor_high","neighbor_high",66,0.0175672078786266,"Decrease",-0.00975871055537053,0.008543020836707,0.0183017313920775,0.0183017313920775,1.87542516895385,TRUE,,TRUE,"734;613;3340;729;3342;3341;1630;342;3343;2795;1631;655;1001;2792;998;2788;3273;614;649;3269;1509;1628;653;2791;2065;2876;376;2965;344;1002;732;656;2490;2793;2961;999;94;652;343;346;2062;1271;3706;3378;2328;1268;2960;2060;3266;2914;2956;1761;2959;715;2276;1767;2486;348;2058;2494;996;2332;714;1266;994;1624","883;736;4019;876;4021;4020;1963;409;4022;3362;1964;788;1205;3359;1201;3354;3940;737;780;3936;1817;1960;786;3358;2487;3459;450;3568;412;1206;880;789;2997;3360;3562;1203;114;785;410;414;2484;1530;4460;4065;2800;1527;3561;2481;3931;3505;3556;2122;3560;860;2737;2129;2992;417;2478;3001;1199;2804;859;1525;1196;1956",3757,0.008543020836707,0.0183017313920775,0.0183017313920775,1.87542516895385,TRUE,TRUE,
"07_SwSIiUS","table2_treated_signup_neighbor_high","neighbor_high",67,0.0178333776949694,"Decrease",-0.00975871055537053,0.00878856204587214,0.0185472726012427,0.0185472726012427,1.90058640391127,TRUE,,TRUE,"734;613;3340;729;3342;3341;1630;342;3343;2795;1631;655;1001;2792;998;2788;3273;614;649;3269;1509;1628;653;2791;2065;2876;376;2965;344;1002;732;656;2490;2793;2961;999;94;652;343;346;2062;1271;3706;2328;3378;1268;2960;2060;3266;2914;2956;1761;2959;715;2276;1767;2486;348;2058;2494;996;2332;714;1266;994;1624;341","883;736;4019;876;4021;4020;1963;409;4022;3362;1964;788;1205;3359;1201;3354;3940;737;780;3936;1817;1960;786;3358;2487;3459;450;3568;412;1206;880;789;2997;3360;3562;1203;114;785;410;414;2484;1530;4460;2800;4065;1527;3561;2481;3931;3505;3556;2122;3560;860;2737;2129;2992;417;2478;3001;1199;2804;859;1525;1196;1956;408",3757,0.00878856204587214,0.0185472726012427,0.0185472726012427,1.90058640391127,TRUE,TRUE,
"07_SwSIiUS","table2_treated_signup_neighbor_high","neighbor_high",68,0.0180995475113122,"Decrease",-0.00975871055537053,0.00904883845011998,0.0188075490054905,0.0188075490054905,1.92725759195103,TRUE,,TRUE,"734;613;3340;729;3342;3341;1630;342;3343;2795;1631;655;1001;2792;998;2788;3273;614;649;3269;1509;1628;653;2791;2065;2876;376;2965;344;1002;732;656;2490;2793;2961;999;94;652;343;346;2062;1271;3706;2328;3378;1268;2960;2060;3266;2914;2956;1761;2959;715;2276;1767;2486;348;2058;2494;996;2332;714;1266;994;1624;341;3373","883;736;4019;876;4021;4020;1963;409;4022;3362;1964;788;1205;3359;1201;3354;3940;737;780;3936;1817;1960;786;3358;2487;3459;450;3568;412;1206;880;789;2997;3360;3562;1203;114;785;410;414;2484;1530;4460;2800;4065;1527;3561;2481;3931;3505;3556;2122;3560;860;2737;2129;2992;417;2478;3001;1199;2804;859;1525;1196;1956;408;4058",3757,0.00904883845011998,0.0188075490054905,0.0188075490054905,1.92725759195103,TRUE,TRUE,
"07_SwSIiUS","table2_treated_signup_neighbor_high","neighbor_high",69,0.018365717327655,"Decrease",-0.00975871055537053,0.00929325053381132,0.0190519610891819,0.0190519610891819,1.95230312253671,TRUE,,TRUE,"734;613;3340;729;3342;3341;1630;342;3343;2795;1631;655;1001;2792;998;2788;3273;614;649;3269;1509;1628;653;2791;2065;2876;376;2965;344;1002;732;656;2490;2793;2961;999;94;652;343;346;2062;1271;3706;2328;1268;3378;2960;2060;3266;2914;2956;1761;2959;715;2276;1767;2486;348;2058;2494;996;2332;1266;714;994;1624;341;3373;1504","883;736;4019;876;4021;4020;1963;409;4022;3362;1964;788;1205;3359;1201;3354;3940;737;780;3936;1817;1960;786;3358;2487;3459;450;3568;412;1206;880;789;2997;3360;3562;1203;114;785;410;414;2484;1530;4460;2800;1527;4065;3561;2481;3931;3505;3556;2122;3560;860;2737;2129;2992;417;2478;3001;1199;2804;1525;859;1196;1956;408;4058;1811",3757,0.00929325053381132,0.0190519610891819,0.0190519610891819,1.95230312253671,TRUE,TRUE,
"07_SwSIiUS","table2_treated_signup_neighbor_high","neighbor_high",70,0.0186318871439979,"Decrease",-0.00975871055537053,0.00953610680572878,0.0192948173610993,0.0192948173610993,1.97718922511548,TRUE,,TRUE,"734;613;3340;729;3342;3341;1630;3343;342;2795;1631;655;1001;2792;998;2788;3273;614;649;3269;1509;1628;653;2791;2065;2876;376;2965;344;1002;732;656;2490;2793;2961;999;94;652;343;346;2062;1271;3706;1268;2328;3378;2960;2060;3266;2914;2956;1761;2959;715;2276;1767;2486;348;2058;2494;996;1266;2332;714;994;1624;341;3373;1504;580","883;736;4019;876;4021;4020;1963;4022;409;3362;1964;788;1205;3359;1201;3354;3940;737;780;3936;1817;1960;786;3358;2487;3459;450;3568;412;1206;880;789;2997;3360;3562;1203;114;785;410;414;2484;1530;4460;1527;2800;4065;3561;2481;3931;3505;3556;2122;3560;860;2737;2129;2992;417;2478;3001;1199;1525;2804;859;1196;1956;408;4058;1811;696",3757,0.00953610680572878,0.0192948173610993,0.0192948173610993,1.97718922511548,TRUE,TRUE,
"07_SwSIiUS","table2_treated_signup_neighbor_high","neighbor_high",71,0.0188980569603407,"Decrease",-0.00975871055537053,0.00978796378207956,0.0195466743374501,0.0195466743374501,2.00299765287054,TRUE,,TRUE,"734;613;3340;729;3342;3341;1630;3343;342;2795;1631;655;1001;2792;998;2788;3273;614;649;3269;1509;1628;653;2791;2065;2876;376;2965;344;1002;732;656;2490;2793;2961;999;94;652;343;346;2062;1271;1268;3706;2328;3378;2960;2060;3266;2914;2956;1761;2959;715;2276;1767;2486;348;2058;2494;996;1266;2332;714;994;341;1624;3373;1504;580;3705","883;736;4019;876;4021;4020;1963;4022;409;3362;1964;788;1205;3359;1201;3354;3940;737;780;3936;1817;1960;786;3358;2487;3459;450;3568;412;1206;880;789;2997;3360;3562;1203;114;785;410;414;2484;1530;1527;4460;2800;4065;3561;2481;3931;3505;3556;2122;3560;860;2737;2129;2992;417;2478;3001;1199;1525;2804;859;1196;408;1956;4058;1811;696;4459",3757,0.00978796378207956,0.0195466743374501,0.0195466743374501,2.00299765287054,TRUE,TRUE,
"07_SwSIiUS","table2_treated_signup_neighbor_high","neighbor_high",72,0.0191642267766835,"Decrease",-0.00975871055537053,0.0100424234867062,0.0198011340420767,0.0198011340420767,2.02907278884089,TRUE,,TRUE,"734;613;3340;729;3342;3341;1630;3343;342;2795;1631;655;1001;2792;998;2788;3273;614;649;3269;1509;1628;653;2791;2065;2876;376;2965;344;1002;732;656;2490;2793;2961;999;94;652;343;346;2062;1271;1268;2328;3706;3378;2960;2060;3266;2914;2956;1761;2959;715;2276;1767;2486;348;2058;2494;996;1266;2332;714;994;341;1624;1504;3373;580;3705;2491","883;736;4019;876;4021;4020;1963;4022;409;3362;1964;788;1205;3359;1201;3354;3940;737;780;3936;1817;1960;786;3358;2487;3459;450;3568;412;1206;880;789;2997;3360;3562;1203;114;785;410;414;2484;1530;1527;2800;4460;4065;3561;2481;3931;3505;3556;2122;3560;860;2737;2129;2992;417;2478;3001;1199;1525;2804;859;1196;408;1956;1811;4058;696;4459;2998",3757,0.0100424234867062,0.0198011340420767,0.0198011340420767,2.02907278884089,TRUE,TRUE,
"07_SwSIiUS","table2_treated_signup_neighbor_high","neighbor_high",73,0.0194303965930263,"Decrease",-0.00975871055537053,0.0102931680279539,0.0200518785833244,0.0200518785833244,2.05476722252913,TRUE,,TRUE,"734;613;3340;729;3342;3341;1630;3343;342;2795;1631;655;1001;2792;998;2788;3273;614;649;3269;1509;1628;653;2791;2065;2876;376;2965;344;1002;732;656;2490;2793;2961;999;94;343;652;346;2062;1271;1268;2328;3706;3378;2960;2060;3266;2914;2956;1761;2959;715;2276;1767;2486;348;2058;2494;996;1266;2332;714;994;341;1624;1504;3373;580;3705;2491;710","883;736;4019;876;4021;4020;1963;4022;409;3362;1964;788;1205;3359;1201;3354;3940;737;780;3936;1817;1960;786;3358;2487;3459;450;3568;412;1206;880;789;2997;3360;3562;1203;114;410;785;414;2484;1530;1527;2800;4460;4065;3561;2481;3931;3505;3556;2122;3560;860;2737;2129;2992;417;2478;3001;1199;1525;2804;859;1196;408;1956;1811;4058;696;4459;2998;855",3757,0.0102931680279539,0.0200518785833244,0.0200518785833244,2.05476722252913,TRUE,TRUE,
"07_SwSIiUS","table2_treated_signup_neighbor_high","neighbor_high",74,0.0196965664093692,"Decrease",-0.00975871055537053,0.0105372379345721,0.0202959484899426,0.0202959484899426,2.07977768935601,TRUE,,TRUE,"734;613;3340;729;3342;3341;1630;3343;342;2795;1631;655;1001;2792;998;2788;3273;614;649;1628;3269;1509;653;2791;2065;2876;376;2965;344;1002;732;656;2490;2793;2961;999;94;343;652;346;2062;1271;1268;2328;3706;3378;2960;2060;3266;2914;2956;1761;2959;715;2276;1767;2486;348;2058;996;2494;1266;2332;994;714;341;1624;1504;3373;580;3705;2491;710;1311","883;736;4019;876;4021;4020;1963;4022;409;3362;1964;788;1205;3359;1201;3354;3940;737;780;1960;3936;1817;786;3358;2487;3459;450;3568;412;1206;880;789;2997;3360;3562;1203;114;410;785;414;2484;1530;1527;2800;4460;4065;3561;2481;3931;3505;3556;2122;3560;860;2737;2129;2992;417;2478;1199;3001;1525;2804;1196;859;408;1956;1811;4058;696;4459;2998;855;1578",3757,0.0105372379345721,0.0202959484899426,0.0202959484899426,2.07977768935601,TRUE,TRUE,
"07_SwSIiUS","table2_treated_signup_neighbor_high","neighbor_high",75,0.019962736225712,"Decrease",-0.00975871055537053,0.0107878632749807,0.0205465738303512,0.0205465738303512,2.10545990822976,TRUE,,TRUE,"734;613;3340;729;3342;3341;1630;3343;342;2795;1631;655;1001;2792;998;2788;3273;614;649;1628;3269;1509;653;2791;2065;2876;376;2965;344;1002;732;2793;656;2490;2961;999;94;343;652;346;2062;1271;1268;2328;3706;2960;3378;2060;3266;2914;2956;1761;2959;715;2276;1767;2486;348;2058;996;2494;1266;994;2332;341;714;1624;1504;3373;580;3705;2491;710;1311;2329","883;736;4019;876;4021;4020;1963;4022;409;3362;1964;788;1205;3359;1201;3354;3940;737;780;1960;3936;1817;786;3358;2487;3459;450;3568;412;1206;880;3360;789;2997;3562;1203;114;410;785;414;2484;1530;1527;2800;4460;3561;4065;2481;3931;3505;3556;2122;3560;860;2737;2129;2992;417;2478;1199;3001;1525;1196;2804;408;859;1956;1811;4058;696;4459;2998;855;1578;2801",3757,0.0107878632749807,0.0205465738303512,0.0205465738303512,2.10545990822976,TRUE,TRUE,
"07_SwSIiUS","table2_treated_signup_neighbor_high","neighbor_high",76,0.0202289060420548,"Decrease",-0.00975871055537053,0.0110418772773918,0.0208005878327623,0.0208005878327623,2.13148937195551,TRUE,,TRUE,"734;613;3340;729;3342;3341;1630;3343;342;2795;1631;655;1001;2792;998;2788;3273;614;649;1628;3269;1509;653;2791;2065;2876;376;2965;344;1002;732;2793;656;2490;2961;999;94;343;652;346;2062;1271;1268;2328;2960;3706;2060;3378;3266;2914;2956;1761;2959;715;2276;1767;2486;348;2058;996;1266;2494;994;341;2332;714;1624;1504;3373;580;3705;2491;710;1311;2329;1308","883;736;4019;876;4021;4020;1963;4022;409;3362;1964;788;1205;3359;1201;3354;3940;737;780;1960;3936;1817;786;3358;2487;3459;450;3568;412;1206;880;3360;789;2997;3562;1203;114;410;785;414;2484;1530;1527;2800;3561;4460;2481;4065;3931;3505;3556;2122;3560;860;2737;2129;2992;417;2478;1199;1525;3001;1196;408;2804;859;1956;1811;4058;696;4459;2998;855;1578;2801;1574",3757,0.0110418772773918,0.0208005878327623,0.0208005878327623,2.13148937195551,TRUE,TRUE,
"07_SwSIiUS","table2_treated_signup_neighbor_high","neighbor_high",77,0.0204950758583977,"Decrease",-0.00975871055537053,0.0112779310057385,0.021036641561109,0.021036641561109,2.15567840051695,TRUE,,TRUE,"734;613;3340;729;3342;3341;1630;3343;342;2795;1631;655;1001;2792;998;2788;3273;614;649;1628;1509;3269;653;2791;2065;2876;376;2965;344;1002;732;2793;656;2490;2961;999;94;343;652;346;2062;1271;1268;2328;2960;2060;3706;3378;3266;2914;2956;1761;2959;715;2276;2486;1767;348;2058;996;1266;2494;994;341;2332;714;1624;1504;3373;580;3705;2491;710;1311;2329;1308;2958","883;736;4019;876;4021;4020;1963;4022;409;3362;1964;788;1205;3359;1201;3354;3940;737;780;1960;1817;3936;786;3358;2487;3459;450;3568;412;1206;880;3360;789;2997;3562;1203;114;410;785;414;2484;1530;1527;2800;3561;2481;4460;4065;3931;3505;3556;2122;3560;860;2737;2992;2129;417;2478;1199;1525;3001;1196;408;2804;859;1956;1811;4058;696;4459;2998;855;1578;2801;1574;3559",3757,0.0112779310057385,0.021036641561109,0.021036641561109,2.15567840051695,TRUE,TRUE,
"07_SwSIiUS","table2_treated_signup_neighbor_high","neighbor_high",78,0.0207612456747405,"Decrease",-0.00975871055537053,0.0115140284886871,0.0212727390440576,0.0212727390440576,2.17987191272422,TRUE,,TRUE,"734;613;3340;729;3342;3341;1630;3343;342;2795;1631;655;1001;2792;998;2788;3273;614;649;1628;1509;3269;653;2791;2065;2876;376;2965;344;1002;732;2793;656;2490;2961;999;94;343;652;346;2062;1271;1268;2328;2960;2060;3706;3378;3266;2914;2956;2959;1761;715;2276;2486;348;1767;2058;1266;996;2494;994;341;2332;714;1624;1504;3373;580;3705;2491;710;1311;2329;1308;2958;997","883;736;4019;876;4021;4020;1963;4022;409;3362;1964;788;1205;3359;1201;3354;3940;737;780;1960;1817;3936;786;3358;2487;3459;450;3568;412;1206;880;3360;789;2997;3562;1203;114;410;785;414;2484;1530;1527;2800;3561;2481;4460;4065;3931;3505;3556;3560;2122;860;2737;2992;417;2129;2478;1525;1199;3001;1196;408;2804;859;1956;1811;4058;696;4459;2998;855;1578;2801;1574;3559;1200",3757,0.0115140284886871,0.0212727390440576,0.0212727390440576,2.17987191272422,TRUE,TRUE,
"07_SwSIiUS","table2_treated_signup_neighbor_high","neighbor_high",79,0.0210274154910833,"Decrease",-0.00975871055537053,0.0117663992346341,0.0215251097900046,0.0215251097900046,2.20573298776227,TRUE,,TRUE,"734;613;3340;729;3342;3341;1630;3343;342;2795;1631;655;1001;2792;998;2788;3273;614;649;1628;1509;3269;653;2791;2065;2876;376;2965;344;1002;732;2793;656;2490;2961;999;94;343;652;346;2062;1271;1268;2328;2060;2960;3706;3378;3266;2914;2956;2959;1761;715;2276;2486;348;2058;1767;1266;996;2494;341;994;2332;714;1624;1504;3373;580;2491;3705;710;1311;2329;1308;2958;997;450","883;736;4019;876;4021;4020;1963;4022;409;3362;1964;788;1205;3359;1201;3354;3940;737;780;1960;1817;3936;786;3358;2487;3459;450;3568;412;1206;880;3360;789;2997;3562;1203;114;410;785;414;2484;1530;1527;2800;2481;3561;4460;4065;3931;3505;3556;3560;2122;860;2737;2992;417;2478;2129;1525;1199;3001;408;1196;2804;859;1956;1811;4058;696;2998;4459;855;1578;2801;1574;3559;1200;539",3757,0.0117663992346341,0.0215251097900046,0.0215251097900046,2.20573298776227,TRUE,TRUE,
"07_SwSIiUS","table2_treated_signup_neighbor_high","neighbor_high",80,0.0212935853074261,"Decrease",-0.00975871055537053,0.0120078184797607,0.0217665290351313,0.0217665290351313,2.23047183453478,TRUE,,TRUE,"734;613;3340;729;3342;3341;1630;3343;342;2795;1631;655;1001;2792;998;2788;3273;614;649;1628;1509;3269;653;2791;2065;2876;376;2965;344;1002;732;2793;656;2490;2961;999;94;343;652;346;2062;1271;1268;2060;2328;2960;3706;3378;3266;2914;2956;2959;1761;715;2276;2486;348;2058;1767;1266;996;2494;341;994;2332;1624;714;1504;3373;580;2491;3705;710;1311;2329;1308;2958;997;450;712","883;736;4019;876;4021;4020;1963;4022;409;3362;1964;788;1205;3359;1201;3354;3940;737;780;1960;1817;3936;786;3358;2487;3459;450;3568;412;1206;880;3360;789;2997;3562;1203;114;410;785;414;2484;1530;1527;2481;2800;3561;4460;4065;3931;3505;3556;3560;2122;860;2737;2992;417;2478;2129;1525;1199;3001;408;1196;2804;1956;859;1811;4058;696;2998;4459;855;1578;2801;1574;3559;1200;539;857",3757,0.0120078184797607,0.0217665290351313,0.0217665290351313,2.23047183453478,TRUE,TRUE,
"07_SwSIiUS","table2_treated_signup_neighbor_high","neighbor_high",81,0.021559755123769,"Decrease",-0.00975871055537053,0.0122359481877028,0.0219946587430733,0.0219946587430733,2.25384886848283,TRUE,,TRUE,"734;613;3340;729;3342;3341;1630;3343;342;2795;1631;655;1001;2792;998;2788;3273;614;1628;649;1509;3269;653;2791;2065;2876;376;2965;344;1002;732;2793;656;2490;2961;999;94;343;652;346;2062;1271;1268;2060;2960;2328;3378;3706;3266;2914;2956;2959;1761;715;2276;2486;348;2058;1767;1266;996;2494;341;994;2332;1624;714;1504;3373;580;2491;3705;710;1311;2329;1308;2958;997;450;712;876","883;736;4019;876;4021;4020;1963;4022;409;3362;1964;788;1205;3359;1201;3354;3940;737;1960;780;1817;3936;786;3358;2487;3459;450;3568;412;1206;880;3360;789;2997;3562;1203;114;410;785;414;2484;1530;1527;2481;3561;2800;4065;4460;3931;3505;3556;3560;2122;860;2737;2992;417;2478;2129;1525;1199;3001;408;1196;2804;1956;859;1811;4058;696;2998;4459;855;1578;2801;1574;3559;1200;539;857;1055",3757,0.0122359481877028,0.0219946587430733,0.0219946587430733,2.25384886848283,TRUE,TRUE,
"07_SwSIiUS","table2_treated_signup_neighbor_high","neighbor_high",82,0.0218259249401118,"Decrease",-0.00975871055537053,0.0124705766142796,0.0222292871696501,0.0222292871696501,2.27789184273086,TRUE,,TRUE,"734;613;3340;729;3342;3341;1630;3343;342;2795;1631;655;1001;2792;998;2788;3273;614;1628;649;1509;3269;653;2791;2065;2876;376;2965;344;1002;732;2793;656;2490;2961;999;94;343;652;346;2062;1271;1268;2060;2960;2328;3378;3706;3266;2914;2956;2959;1761;715;2276;2486;348;2058;1266;1767;996;2494;341;994;2332;1624;714;1504;3373;580;2491;3705;1311;710;2329;1308;2958;997;450;712;876;2790","883;736;4019;876;4021;4020;1963;4022;409;3362;1964;788;1205;3359;1201;3354;3940;737;1960;780;1817;3936;786;3358;2487;3459;450;3568;412;1206;880;3360;789;2997;3562;1203;114;410;785;414;2484;1530;1527;2481;3561;2800;4065;4460;3931;3505;3556;3560;2122;860;2737;2992;417;2478;1525;2129;1199;3001;408;1196;2804;1956;859;1811;4058;696;2998;4459;1578;855;2801;1574;3559;1200;539;857;1055;3357",3757,0.0124705766142796,0.0222292871696501,0.0222292871696501,2.27789184273086,TRUE,TRUE,
"07_SwSIiUS","table2_treated_signup_neighbor_high","neighbor_high",83,0.0220920947564546,"Decrease",-0.00975871055537053,0.0127065896765068,0.0224653002318773,0.0224653002318773,2.30207670413116,TRUE,,TRUE,"734;613;3340;729;3342;3341;1630;3343;342;2795;1631;655;1001;2792;998;2788;3273;614;1628;649;1509;3269;653;2791;2065;2876;376;2965;344;1002;732;2793;656;2490;2961;999;94;343;652;346;2062;1271;1268;2060;2960;2328;3378;3706;3266;2914;2956;2959;1761;715;2276;2486;348;2058;1266;1767;996;341;2494;994;1624;2332;714;1504;3373;580;2491;3705;1311;710;2329;1308;2958;997;450;712;2790;876;1179","883;736;4019;876;4021;4020;1963;4022;409;3362;1964;788;1205;3359;1201;3354;3940;737;1960;780;1817;3936;786;3358;2487;3459;450;3568;412;1206;880;3360;789;2997;3562;1203;114;410;785;414;2484;1530;1527;2481;3561;2800;4065;4460;3931;3505;3556;3560;2122;860;2737;2992;417;2478;1525;2129;1199;408;3001;1196;1956;2804;859;1811;4058;696;2998;4459;1578;855;2801;1574;3559;1200;539;857;3357;1055;1417",3757,0.0127065896765068,0.0224653002318773,0.0224653002318773,2.30207670413116,TRUE,TRUE,
"07_SwSIiUS","table2_treated_signup_neighbor_high","neighbor_high",84,0.0223582645727974,"Decrease",-0.00975871055537053,0.0129526210984341,0.0227113316538046,0.0227113316538046,2.3272881724426,TRUE,,TRUE,"734;613;3340;729;3342;3341;1630;3343;342;2795;1631;655;1001;2792;998;2788;3273;614;1628;649;1509;3269;653;2791;2065;2876;376;2965;344;1002;732;2793;656;2490;2961;999;94;343;652;346;2062;1271;1268;2060;2960;2328;3378;3706;3266;2914;2956;2959;1761;715;2276;2486;2058;348;1266;1767;996;341;2494;994;1624;2332;714;1504;3373;580;2491;3705;1311;710;2329;1308;2958;997;712;450;2790;876;1179;2066","883;736;4019;876;4021;4020;1963;4022;409;3362;1964;788;1205;3359;1201;3354;3940;737;1960;780;1817;3936;786;3358;2487;3459;450;3568;412;1206;880;3360;789;2997;3562;1203;114;410;785;414;2484;1530;1527;2481;3561;2800;4065;4460;3931;3505;3556;3560;2122;860;2737;2992;2478;417;1525;2129;1199;408;3001;1196;1956;2804;859;1811;4058;696;2998;4459;1578;855;2801;1574;3559;1200;857;539;3357;1055;1417;2488",3757,0.0129526210984341,0.0227113316538046,0.0227113316538046,2.3272881724426,TRUE,TRUE,
"07_SwSIiUS","table2_treated_signup_neighbor_high","neighbor_high",85,0.0226244343891403,"Decrease",-0.00975871055537053,0.0132110820081856,0.0229697925635561,0.0229697925635561,2.3537733221235,TRUE,,TRUE,"734;613;3340;729;3342;3341;1630;3343;342;2795;1631;655;1001;2792;998;2788;3273;614;1628;649;1509;3269;653;2791;2065;2876;376;2965;344;1002;732;2793;656;2490;2961;999;94;343;652;346;2062;1271;1268;2060;2960;2328;3378;3706;3266;2914;2956;2959;1761;715;2276;2486;2058;348;1266;1767;996;341;2494;994;1624;2332;714;1504;3373;580;2491;3705;1311;710;2329;1308;997;2958;712;2790;450;876;1179;2066;3380","883;736;4019;876;4021;4020;1963;4022;409;3362;1964;788;1205;3359;1201;3354;3940;737;1960;780;1817;3936;786;3358;2487;3459;450;3568;412;1206;880;3360;789;2997;3562;1203;114;410;785;414;2484;1530;1527;2481;3561;2800;4065;4460;3931;3505;3556;3560;2122;860;2737;2992;2478;417;1525;2129;1199;408;3001;1196;1956;2804;859;1811;4058;696;2998;4459;1578;855;2801;1574;1200;3559;857;3357;539;1055;1417;2488;4067",3757,0.0132110820081856,0.0229697925635561,0.0229697925635561,2.3537733221235,TRUE,TRUE,
"07_SwSIiUS","table2_treated_signup_neighbor_high","neighbor_high",86,0.0228906042054831,"Decrease",-0.00975871055537053,0.013459939918592,0.0232186504739626,0.0232186504739626,2.37927442792989,TRUE,,TRUE,"734;613;3340;729;3342;3341;3343;1630;342;2795;1631;655;1001;2792;998;2788;3273;614;1628;649;1509;3269;653;2791;2065;2876;376;2965;344;1002;732;2793;656;2490;2961;999;94;343;652;346;2062;1271;1268;2060;2960;2328;3378;3266;3706;2956;2914;2959;1761;715;2276;2486;1266;2058;348;996;1767;341;994;2494;1624;2332;714;1504;3373;580;2491;1311;3705;710;2329;997;1308;2958;2790;712;450;876;1179;2066;3380;2331","883;736;4019;876;4021;4020;4022;1963;409;3362;1964;788;1205;3359;1201;3354;3940;737;1960;780;1817;3936;786;3358;2487;3459;450;3568;412;1206;880;3360;789;2997;3562;1203;114;410;785;414;2484;1530;1527;2481;3561;2800;4065;3931;4460;3556;3505;3560;2122;860;2737;2992;1525;2478;417;1199;2129;408;1196;3001;1956;2804;859;1811;4058;696;2998;1578;4459;855;2801;1200;1574;3559;3357;857;539;1055;1417;2488;4067;2803",3757,0.013459939918592,0.0232186504739626,0.0232186504739626,2.37927442792989,TRUE,TRUE,
"07_SwSIiUS","table2_treated_signup_neighbor_high","neighbor_high",87,0.0231567740218259,"Decrease",-0.00975871055537053,0.0136956065862065,0.023454317141577,0.023454317141577,2.40342379338932,TRUE,,TRUE,"734;613;3340;729;3342;3341;3343;1630;342;2795;1631;655;1001;2792;998;2788;3273;614;1628;649;1509;3269;653;2791;2065;2876;376;2965;344;1002;732;2793;656;2490;2961;999;94;343;652;346;2062;1271;1268;2060;2960;2328;3266;3378;3706;2956;2914;2959;1761;715;2486;1266;2276;2058;348;996;1767;341;994;2494;1624;2332;714;1504;3373;580;2491;1311;3705;710;2329;997;2958;1308;2790;712;450;876;1179;2066;3380;2331;372","883;736;4019;876;4021;4020;4022;1963;409;3362;1964;788;1205;3359;1201;3354;3940;737;1960;780;1817;3936;786;3358;2487;3459;450;3568;412;1206;880;3360;789;2997;3562;1203;114;410;785;414;2484;1530;1527;2481;3561;2800;3931;4065;4460;3556;3505;3560;2122;860;2992;1525;2737;2478;417;1199;2129;408;1196;3001;1956;2804;859;1811;4058;696;2998;1578;4459;855;2801;1200;3559;1574;3357;857;539;1055;1417;2488;4067;2803;446",3757,0.0136956065862065,0.023454317141577,0.023454317141577,2.40342379338932,TRUE,TRUE,
"07_SwSIiUS","table2_treated_signup_neighbor_high","neighbor_high",88,0.0234229438381688,"Decrease",-0.00975871055537053,0.0139218891356985,0.023680599691069,0.023680599691069,2.42661154429227,TRUE,,TRUE,"734;613;3340;729;3342;3341;3343;1630;342;2795;1631;655;1001;2792;998;2788;3273;614;1628;649;1509;3269;653;2791;2065;2876;376;2965;344;1002;732;2793;656;2490;2961;999;94;343;652;346;2062;1271;1268;2060;2960;2328;3266;3378;3706;2956;2914;2959;1761;715;1266;2486;2276;2058;348;996;341;1767;994;2494;1624;2332;714;1504;3373;580;1311;2491;3705;710;2329;997;2958;1308;2790;712;450;876;1179;2066;2331;3380;372;1942","883;736;4019;876;4021;4020;4022;1963;409;3362;1964;788;1205;3359;1201;3354;3940;737;1960;780;1817;3936;786;3358;2487;3459;450;3568;412;1206;880;3360;789;2997;3562;1203;114;410;785;414;2484;1530;1527;2481;3561;2800;3931;4065;4460;3556;3505;3560;2122;860;1525;2992;2737;2478;417;1199;408;2129;1196;3001;1956;2804;859;1811;4058;696;1578;2998;4459;855;2801;1200;3559;1574;3357;857;539;1055;1417;2488;2803;4067;446;2341",3757,0.0139218891356985,0.023680599691069,0.023680599691069,2.42661154429227,TRUE,TRUE,
"07_SwSIiUS","table2_treated_signup_neighbor_high","neighbor_high",89,0.0236891136545116,"Decrease",-0.00975871055537053,0.0141767906196446,0.0239355011750151,0.0239355011750151,2.45273195051806,TRUE,,TRUE,"734;613;3340;729;3342;3341;3343;1630;342;2795;1631;655;1001;2792;998;2788;3273;614;1628;649;1509;3269;653;2791;2065;2876;376;2965;344;1002;732;2793;656;2490;2961;999;94;343;346;652;2062;1271;1268;2060;2960;2328;3266;3378;3706;2956;2914;2959;1761;715;1266;2486;2058;2276;348;996;341;1767;994;2494;1624;2332;714;1504;3373;580;1311;2491;3705;710;2329;997;2958;1308;2790;712;450;876;1179;2066;372;2331;3380;1942;3377","883;736;4019;876;4021;4020;4022;1963;409;3362;1964;788;1205;3359;1201;3354;3940;737;1960;780;1817;3936;786;3358;2487;3459;450;3568;412;1206;880;3360;789;2997;3562;1203;114;410;414;785;2484;1530;1527;2481;3561;2800;3931;4065;4460;3556;3505;3560;2122;860;1525;2992;2478;2737;417;1199;408;2129;1196;3001;1956;2804;859;1811;4058;696;1578;2998;4459;855;2801;1200;3559;1574;3357;857;539;1055;1417;2488;446;2803;4067;2341;4064",3757,0.0141767906196446,0.0239355011750151,0.0239355011750151,2.45273195051806,TRUE,TRUE,
"07_SwSIiUS","table2_treated_signup_neighbor_high","neighbor_high",90,0.0239552834708544,"Decrease",-0.00975871055537053,0.0144395980248721,0.0241983085802426,0.0241983085802426,2.47966249669384,TRUE,,TRUE,"734;613;3340;729;3342;3341;3343;1630;342;2795;1631;655;1001;2792;998;2788;3273;614;1628;1509;649;3269;653;2791;2065;2876;376;2965;344;1002;732;2793;656;2490;2961;999;94;343;346;652;2062;1271;1268;2060;2960;2328;3266;3378;3706;2956;2914;2959;1761;715;1266;2486;2058;348;2276;996;341;1767;994;2494;1624;2332;714;1504;3373;580;1311;2491;3705;710;997;2329;2958;1308;2790;712;876;450;1179;2066;372;2331;3380;1942;3377;2910","883;736;4019;876;4021;4020;4022;1963;409;3362;1964;788;1205;3359;1201;3354;3940;737;1960;1817;780;3936;786;3358;2487;3459;450;3568;412;1206;880;3360;789;2997;3562;1203;114;410;414;785;2484;1530;1527;2481;3561;2800;3931;4065;4460;3556;3505;3560;2122;860;1525;2992;2478;417;2737;1199;408;2129;1196;3001;1956;2804;859;1811;4058;696;1578;2998;4459;855;1200;2801;3559;1574;3357;857;1055;539;1417;2488;446;2803;4067;2341;4064;3500",3757,0.0144395980248721,0.0241983085802426,0.0241983085802426,2.47966249669384,TRUE,TRUE,
"07_SwSIiUS","table2_treated_signup_neighbor_high","neighbor_high",91,0.0242214532871972,"Decrease",-0.00975871055537053,0.0146812260646056,0.0244399366199761,0.0244399366199761,2.5044227391831,TRUE,,TRUE,"734;613;3340;729;3342;3341;3343;1630;342;2795;1631;655;1001;2792;998;2788;3273;614;1628;1509;649;3269;653;2791;2065;2876;376;2965;344;1002;732;2793;656;2490;2961;999;94;343;346;652;2062;1271;1268;2060;2960;2328;3266;3378;3706;2956;2914;2959;1761;715;1266;2486;2058;348;2276;341;996;1767;994;2494;1624;2332;714;1504;3373;1311;580;2491;3705;710;997;2329;2958;2790;1308;712;876;450;1179;2066;372;2331;3380;1942;3377;2910;711","883;736;4019;876;4021;4020;4022;1963;409;3362;1964;788;1205;3359;1201;3354;3940;737;1960;1817;780;3936;786;3358;2487;3459;450;3568;412;1206;880;3360;789;2997;3562;1203;114;410;414;785;2484;1530;1527;2481;3561;2800;3931;4065;4460;3556;3505;3560;2122;860;1525;2992;2478;417;2737;408;1199;2129;1196;3001;1956;2804;859;1811;4058;1578;696;2998;4459;855;1200;2801;3559;3357;1574;857;1055;539;1417;2488;446;2803;4067;2341;4064;3500;856",3757,0.0146812260646056,0.0244399366199761,0.0244399366199761,2.5044227391831,TRUE,TRUE,
"07_SwSIiUS","table2_treated_signup_neighbor_high","neighbor_high",92,0.0244876231035401,"Decrease",-0.00975871055537053,0.0149296536904435,0.024688364245814,0.024688364245814,2.52987975263056,TRUE,,TRUE,"734;613;3340;729;3342;3341;3343;1630;342;2795;1631;655;1001;2792;998;2788;3273;614;1628;1509;649;3269;653;2791;2065;2876;376;2965;344;1002;732;2793;656;2490;2961;999;94;343;346;652;2062;1271;1268;2060;2960;2328;3266;3378;3706;2956;2914;2959;1761;1266;715;2486;2058;348;2276;341;996;994;1767;2494;1624;2332;714;1504;3373;1311;580;2491;3705;710;997;2329;2958;2790;1308;712;876;450;2066;1179;372;2331;3380;1942;3377;2910;711;449","883;736;4019;876;4021;4020;4022;1963;409;3362;1964;788;1205;3359;1201;3354;3940;737;1960;1817;780;3936;786;3358;2487;3459;450;3568;412;1206;880;3360;789;2997;3562;1203;114;410;414;785;2484;1530;1527;2481;3561;2800;3931;4065;4460;3556;3505;3560;2122;1525;860;2992;2478;417;2737;408;1199;1196;2129;3001;1956;2804;859;1811;4058;1578;696;2998;4459;855;1200;2801;3559;3357;1574;857;1055;539;2488;1417;446;2803;4067;2341;4064;3500;856;538",3757,0.0149296536904435,0.024688364245814,0.024688364245814,2.52987975263056,TRUE,TRUE,
"07_SwSIiUS","table2_treated_signup_neighbor_high","neighbor_high",93,0.0247537929198829,"Decrease",-0.00975871055537053,0.0151503981952651,0.0249091087506357,0.0249091087506357,2.55250000594878,TRUE,,TRUE,"734;613;3340;729;3342;3341;3343;1630;342;2795;1631;655;1001;2792;998;2788;3273;614;1628;1509;3269;649;653;2791;2065;2876;376;2965;344;1002;732;2793;656;2490;2961;999;94;343;346;652;2062;1271;1268;2060;2960;2328;3266;3378;3706;2956;2914;2959;1761;1266;715;2486;2058;348;2276;341;996;994;1767;2494;1624;2332;714;1504;3373;1311;580;2491;3705;710;997;2329;2790;2958;1308;712;876;450;2066;1179;372;2331;3380;1942;3377;2910;711;449;316","883;736;4019;876;4021;4020;4022;1963;409;3362;1964;788;1205;3359;1201;3354;3940;737;1960;1817;3936;780;786;3358;2487;3459;450;3568;412;1206;880;3360;789;2997;3562;1203;114;410;414;785;2484;1530;1527;2481;3561;2800;3931;4065;4460;3556;3505;3560;2122;1525;860;2992;2478;417;2737;408;1199;1196;2129;3001;1956;2804;859;1811;4058;1578;696;2998;4459;855;1200;2801;3357;3559;1574;857;1055;539;2488;1417;446;2803;4067;2341;4064;3500;856;538;377",3757,0.0151503981952651,0.0249091087506357,0.0249091087506357,2.55250000594878,TRUE,TRUE,
"07_SwSIiUS","table2_treated_signup_neighbor_high","neighbor_high",94,0.0250199627362257,"Decrease",-0.00975871055537053,0.0153907953272842,0.0251495058826548,0.0251495058826548,2.57713411418009,TRUE,,TRUE,"734;613;3340;729;3342;3341;3343;1630;342;2795;1631;655;1001;2792;998;2788;3273;614;1628;1509;3269;649;653;2791;2065;376;2876;2965;344;1002;732;2793;656;2490;2961;999;94;343;346;652;2062;1271;1268;2060;2960;2328;3266;3378;3706;2956;2914;2959;1761;1266;715;2486;2058;348;341;2276;996;994;1767;2494;1624;2332;1504;714;3373;1311;580;2491;3705;710;997;2329;2790;2958;1308;712;876;450;2066;1179;372;2331;3380;1942;3377;2910;711;449;316;1759","883;736;4019;876;4021;4020;4022;1963;409;3362;1964;788;1205;3359;1201;3354;3940;737;1960;1817;3936;780;786;3358;2487;450;3459;3568;412;1206;880;3360;789;2997;3562;1203;114;410;414;785;2484;1530;1527;2481;3561;2800;3931;4065;4460;3556;3505;3560;2122;1525;860;2992;2478;417;408;2737;1199;1196;2129;3001;1956;2804;1811;859;4058;1578;696;2998;4459;855;1200;2801;3357;3559;1574;857;1055;539;2488;1417;446;2803;4067;2341;4064;3500;856;538;377;2120",3757,0.0153907953272842,0.0251495058826548,0.0251495058826548,2.57713411418009,TRUE,TRUE,
"07_SwSIiUS","table2_treated_signup_neighbor_high","neighbor_high",95,0.0252861325525685,"Decrease",-0.00975871055537053,0.0156234686612234,0.025382179216594,0.025382179216594,2.60097674509112,TRUE,,TRUE,"734;613;3340;729;3342;3341;3343;1630;342;2795;1631;655;1001;2792;998;2788;3273;614;1628;1509;3269;649;653;2791;2065;376;2876;2965;344;1002;732;2793;656;2490;2961;999;94;343;346;652;2062;1271;1268;2060;2960;2328;3266;3378;3706;2956;2914;2959;1761;1266;715;2486;2058;348;341;2276;996;994;1767;2494;1624;2332;1504;714;3373;1311;580;2491;3705;710;997;2790;2329;2958;1308;712;876;450;2066;372;1179;2331;3380;1942;3377;2910;711;449;316;1759;2059","883;736;4019;876;4021;4020;4022;1963;409;3362;1964;788;1205;3359;1201;3354;3940;737;1960;1817;3936;780;786;3358;2487;450;3459;3568;412;1206;880;3360;789;2997;3562;1203;114;410;414;785;2484;1530;1527;2481;3561;2800;3931;4065;4460;3556;3505;3560;2122;1525;860;2992;2478;417;408;2737;1199;1196;2129;3001;1956;2804;1811;859;4058;1578;696;2998;4459;855;1200;3357;2801;3559;1574;857;1055;539;2488;446;1417;2803;4067;2341;4064;3500;856;538;377;2120;2479",3757,0.0156234686612234,0.025382179216594,0.025382179216594,2.60097674509112,TRUE,TRUE,
"07_SwSIiUS","table2_treated_signup_neighbor_high","neighbor_high",96,0.0255523023689114,"Decrease",-0.00975871055537053,0.0158537777576811,0.0256124883130517,0.0256124883130517,2.62457710654778,TRUE,,TRUE,"734;613;3340;729;3342;3341;3343;1630;342;2795;1631;655;1001;2792;998;2788;3273;614;1628;1509;3269;649;653;2791;2065;376;2876;2965;344;1002;732;2793;656;2490;2961;999;94;343;346;652;2062;1271;1268;2060;2960;2328;3266;3378;3706;2956;2914;2959;1761;1266;715;2486;2058;348;341;2276;996;994;1767;2494;1624;2332;1504;714;3373;1311;580;2491;3705;710;997;2790;2329;2958;1308;712;876;450;2066;372;1179;2331;3380;1942;3377;2910;711;449;316;2059;1759;2327","883;736;4019;876;4021;4020;4022;1963;409;3362;1964;788;1205;3359;1201;3354;3940;737;1960;1817;3936;780;786;3358;2487;450;3459;3568;412;1206;880;3360;789;2997;3562;1203;114;410;414;785;2484;1530;1527;2481;3561;2800;3931;4065;4460;3556;3505;3560;2122;1525;860;2992;2478;417;408;2737;1199;1196;2129;3001;1956;2804;1811;859;4058;1578;696;2998;4459;855;1200;3357;2801;3559;1574;857;1055;539;2488;446;1417;2803;4067;2341;4064;3500;856;538;377;2479;2120;2799",3757,0.0158537777576811,0.0256124883130517,0.0256124883130517,2.62457710654778,TRUE,TRUE,
"07_SwSIiUS","table2_treated_signup_neighbor_high","neighbor_high",97,0.0258184721852542,"Decrease",-0.00975871055537053,0.0160887578709992,0.0258474684263697,0.0258474684263697,2.6486561190346,TRUE,,TRUE,"734;613;729;3340;3342;3341;3343;1630;342;2795;1631;655;1001;2792;998;2788;3273;614;1628;1509;3269;649;653;2791;2065;376;2876;2965;344;1002;732;2793;656;2490;2961;999;94;343;346;2062;652;1271;1268;2060;2960;2328;3266;3378;3706;2956;2914;2959;1761;1266;2486;715;2058;341;348;996;2276;994;1767;2494;1624;2332;1504;714;3373;1311;580;2491;3705;997;710;2790;2329;2958;1308;712;876;450;2066;372;1179;2331;3380;1942;3377;2910;711;449;316;2059;2327;1759;1590","883;736;876;4019;4021;4020;4022;1963;409;3362;1964;788;1205;3359;1201;3354;3940;737;1960;1817;3936;780;786;3358;2487;450;3459;3568;412;1206;880;3360;789;2997;3562;1203;114;410;414;2484;785;1530;1527;2481;3561;2800;3931;4065;4460;3556;3505;3560;2122;1525;2992;860;2478;408;417;1199;2737;1196;2129;3001;1956;2804;1811;859;4058;1578;696;2998;4459;1200;855;3357;2801;3559;1574;857;1055;539;2488;446;1417;2803;4067;2341;4064;3500;856;538;377;2479;2799;2120;1916",3757,0.0160887578709992,0.0258474684263697,0.0258474684263697,2.6486561190346,TRUE,TRUE,
"07_SwSIiUS","table2_treated_signup_neighbor_high","neighbor_high",98,0.026084642001597,"Decrease",-0.00975871055537053,0.0163270022970537,0.0260857128524242,0.0260857128524242,2.67306963398647,TRUE,,TRUE,"734;613;729;3340;3342;3341;3343;1630;342;2795;1631;655;1001;2792;998;2788;3273;614;1628;1509;3269;649;653;2791;2065;376;2876;2965;344;1002;732;2793;656;2490;2961;999;94;343;346;2062;652;1271;1268;2060;2960;2328;3266;3378;3706;2956;2914;2959;1266;1761;2486;715;2058;341;348;996;2276;994;1767;2494;1624;2332;1504;714;3373;1311;580;2491;997;3705;710;2790;2329;2958;1308;712;876;450;2066;372;1179;2331;3380;1942;3377;2910;711;449;316;2059;2327;1759;1590;1082","883;736;876;4019;4021;4020;4022;1963;409;3362;1964;788;1205;3359;1201;3354;3940;737;1960;1817;3936;780;786;3358;2487;450;3459;3568;412;1206;880;3360;789;2997;3562;1203;114;410;414;2484;785;1530;1527;2481;3561;2800;3931;4065;4460;3556;3505;3560;1525;2122;2992;860;2478;408;417;1199;2737;1196;2129;3001;1956;2804;1811;859;4058;1578;696;2998;1200;4459;855;3357;2801;3559;1574;857;1055;539;2488;446;1417;2803;4067;2341;4064;3500;856;538;377;2479;2799;2120;1916;1303",3757,0.0163270022970537,0.0260857128524242,0.0260857128524242,2.67306963398647,TRUE,TRUE,
"07_SwSIiUS","table2_treated_signup_neighbor_high","neighbor_high",99,0.0263508118179398,"Decrease",-0.00975871055537053,0.0165755223873409,0.0263342329427115,0.0263342329427115,2.69853612250226,TRUE,,TRUE,"734;613;729;3340;3342;3341;3343;1630;342;2795;1631;655;1001;2792;998;2788;3273;614;1628;1509;3269;649;653;2791;2065;376;2876;2965;344;1002;732;2793;656;2490;2961;999;94;343;346;2062;652;1271;1268;2060;2960;2328;3266;3378;3706;2956;2914;2959;1266;1761;2486;341;2058;715;348;996;2276;994;1767;2494;1624;2332;1504;714;1311;3373;580;2491;997;3705;710;2790;2329;2958;1308;712;876;450;372;2066;1179;2331;3380;1942;3377;2910;711;449;316;2059;2327;1759;1590;1082;447","883;736;876;4019;4021;4020;4022;1963;409;3362;1964;788;1205;3359;1201;3354;3940;737;1960;1817;3936;780;786;3358;2487;450;3459;3568;412;1206;880;3360;789;2997;3562;1203;114;410;414;2484;785;1530;1527;2481;3561;2800;3931;4065;4460;3556;3505;3560;1525;2122;2992;408;2478;860;417;1199;2737;1196;2129;3001;1956;2804;1811;859;1578;4058;696;2998;1200;4459;855;3357;2801;3559;1574;857;1055;539;446;2488;1417;2803;4067;2341;4064;3500;856;538;377;2479;2799;2120;1916;1303;535",3757,0.0165755223873409,0.0263342329427115,0.0263342329427115,2.69853612250226,TRUE,TRUE,
"07_SwSIiUS","table2_treated_signup_neighbor_high","neighbor_high",100,0.0266169816342827,"Decrease",-0.00975871055537053,0.0168053150118672,0.0265640255672377,0.0265640255672377,2.72208355976074,TRUE,,TRUE,"734;613;729;3340;3342;3341;3343;1630;342;2795;1631;655;1001;2792;998;2788;3273;614;1628;1509;3269;649;653;2791;2065;376;2876;2965;344;1002;732;2793;656;2490;2961;999;94;343;346;2062;652;1271;1268;2060;2960;2328;3266;3378;3706;2956;2914;2959;1266;1761;341;2486;2058;715;348;996;2276;994;1767;2494;1624;2332;1504;714;1311;3373;580;2491;997;3705;710;2790;2329;2958;1308;712;876;450;372;2066;1179;2331;3380;1942;3377;2910;711;449;316;2059;2327;1759;1590;1082;447;2755","883;736;876;4019;4021;4020;4022;1963;409;3362;1964;788;1205;3359;1201;3354;3940;737;1960;1817;3936;780;786;3358;2487;450;3459;3568;412;1206;880;3360;789;2997;3562;1203;114;410;414;2484;785;1530;1527;2481;3561;2800;3931;4065;4460;3556;3505;3560;1525;2122;408;2992;2478;860;417;1199;2737;1196;2129;3001;1956;2804;1811;859;1578;4058;696;2998;1200;4459;855;3357;2801;3559;1574;857;1055;539;446;2488;1417;2803;4067;2341;4064;3500;856;538;377;2479;2799;2120;1916;1303;535;3313",3757,0.0168053150118672,0.0265640255672377,0.0265640255672377,2.72208355976074,TRUE,TRUE,
"07_SwSIiUS","table2_treated_signup_neighbor_high","neighbor_high",101,0.0268831514506255,"Decrease",-0.00975871055537053,0.0170264871434427,0.0267851976988133,0.0267851976988133,2.74474763308484,TRUE,,TRUE,"734;613;729;3340;3342;3341;3343;1630;342;2795;1631;655;1001;2792;998;3273;2788;614;1628;1509;3269;649;653;2791;2065;376;2876;2965;344;1002;732;2793;656;2961;2490;999;94;343;346;2062;652;1271;1268;2060;2960;3266;2328;3378;2956;3706;2914;2959;1266;1761;341;2486;2058;348;715;996;994;2276;1767;2494;1624;1504;2332;714;1311;3373;997;580;2491;2790;3705;710;2329;2958;712;1308;876;450;372;2066;1179;2331;3380;1942;3377;2910;711;449;2059;316;2327;1759;1590;1082;447;2755;3652","883;736;876;4019;4021;4020;4022;1963;409;3362;1964;788;1205;3359;1201;3940;3354;737;1960;1817;3936;780;786;3358;2487;450;3459;3568;412;1206;880;3360;789;3562;2997;1203;114;410;414;2484;785;1530;1527;2481;3561;3931;2800;4065;3556;4460;3505;3560;1525;2122;408;2992;2478;417;860;1199;1196;2737;2129;3001;1956;1811;2804;859;1578;4058;1200;696;2998;3357;4459;855;2801;3559;857;1574;1055;539;446;2488;1417;2803;4067;2341;4064;3500;856;538;2479;377;2799;2120;1916;1303;535;3313;4396",3757,0.0170264871434427,0.0267851976988133,0.0267851976988133,2.74474763308484,TRUE,TRUE,
"07_SwSIiUS","table2_treated_signup_neighbor_high","neighbor_high",102,0.0271493212669683,"Decrease",-0.00975871055537053,0.0172526766010312,0.0270113871564018,0.0270113871564018,2.76792584462263,TRUE,,TRUE,"734;613;729;3340;3342;3341;3343;1630;342;2795;1631;655;1001;2792;998;3273;2788;614;1628;1509;3269;649;653;2791;2065;376;2876;2965;344;1002;732;2793;2961;656;2490;999;94;343;346;2062;652;1271;1268;2060;2960;3266;2328;3378;2956;3706;2914;2959;1266;1761;341;2486;2058;348;715;996;994;2276;1767;2494;1624;1504;2332;714;1311;3373;997;2491;580;2790;3705;710;2329;2958;712;1308;876;372;450;2066;1179;2331;3380;1942;3377;2910;711;449;2059;316;2327;1759;1590;1082;447;2755;3652;1506","883;736;876;4019;4021;4020;4022;1963;409;3362;1964;788;1205;3359;1201;3940;3354;737;1960;1817;3936;780;786;3358;2487;450;3459;3568;412;1206;880;3360;3562;789;2997;1203;114;410;414;2484;785;1530;1527;2481;3561;3931;2800;4065;3556;4460;3505;3560;1525;2122;408;2992;2478;417;860;1199;1196;2737;2129;3001;1956;1811;2804;859;1578;4058;1200;2998;696;3357;4459;855;2801;3559;857;1574;1055;446;539;2488;1417;2803;4067;2341;4064;3500;856;538;2479;377;2799;2120;1916;1303;535;3313;4396;1813",3757,0.0172526766010312,0.0270113871564018,0.0270113871564018,2.76792584462263,TRUE,TRUE,
"07_SwSIiUS","table2_treated_signup_neighbor_high","neighbor_high",103,0.0274154910833112,"Decrease",-0.00975871055537053,0.0174666919319653,0.0272254024873358,0.0272254024873358,2.78985654230238,TRUE,,TRUE,"734;613;729;3340;3342;3341;3343;1630;342;2795;1631;655;1001;2792;998;3273;2788;614;1628;1509;3269;649;653;2791;2065;376;2876;2965;344;1002;732;2793;2961;656;2490;999;94;343;346;2062;652;1271;1268;2060;2960;3266;2328;3378;2956;3706;2914;2959;1266;1761;341;2486;2058;348;715;996;994;2276;1767;1624;2494;1504;2332;714;1311;3373;997;2491;580;2790;3705;710;2958;2329;712;1308;876;372;450;2066;1179;2331;3380;1942;3377;2910;711;2059;449;316;2327;1759;1590;1082;447;2755;3652;1506;1465","883;736;876;4019;4021;4020;4022;1963;409;3362;1964;788;1205;3359;1201;3940;3354;737;1960;1817;3936;780;786;3358;2487;450;3459;3568;412;1206;880;3360;3562;789;2997;1203;114;410;414;2484;785;1530;1527;2481;3561;3931;2800;4065;3556;4460;3505;3560;1525;2122;408;2992;2478;417;860;1199;1196;2737;2129;1956;3001;1811;2804;859;1578;4058;1200;2998;696;3357;4459;855;3559;2801;857;1574;1055;446;539;2488;1417;2803;4067;2341;4064;3500;856;2479;538;377;2799;2120;1916;1303;535;3313;4396;1813;1765",3757,0.0174666919319653,0.0272254024873358,0.0272254024873358,2.78985654230238,TRUE,TRUE,
"07_SwSIiUS","table2_treated_signup_neighbor_high","neighbor_high",104,0.027681660899654,"Decrease",-0.00975871055537053,0.0176750310785121,0.0274337416338827,0.0274337416338827,2.81120558686772,TRUE,,TRUE,"734;613;729;3340;3342;3341;3343;1630;342;2795;1631;655;1001;2792;998;3273;2788;614;1628;1509;3269;649;653;2791;2065;376;2876;2965;344;1002;732;2793;2961;656;999;2490;94;343;346;2062;652;1271;1268;2060;2960;3266;2328;3378;2956;3706;2914;2959;1266;341;1761;2486;2058;348;715;996;994;2276;1767;1624;2494;1504;2332;714;1311;3373;997;2790;2491;580;3705;710;2958;2329;712;1308;876;372;2066;450;1179;2331;3380;1942;3377;2910;2059;711;449;316;2327;1759;1590;1082;447;2755;1506;3652;1465;2160","883;736;876;4019;4021;4020;4022;1963;409;3362;1964;788;1205;3359;1201;3940;3354;737;1960;1817;3936;780;786;3358;2487;450;3459;3568;412;1206;880;3360;3562;789;1203;2997;114;410;414;2484;785;1530;1527;2481;3561;3931;2800;4065;3556;4460;3505;3560;1525;408;2122;2992;2478;417;860;1199;1196;2737;2129;1956;3001;1811;2804;859;1578;4058;1200;3357;2998;696;4459;855;3559;2801;857;1574;1055;446;2488;539;1417;2803;4067;2341;4064;3500;2479;856;538;377;2799;2120;1916;1303;535;3313;1813;4396;1765;2601",3757,0.0176750310785121,0.0274337416338827,0.0274337416338827,2.81120558686772,TRUE,TRUE,
"07_SwSIiUS","table2_treated_signup_neighbor_high","neighbor_high",105,0.0279478307159968,"Decrease",-0.00975871055537053,0.0178976734719519,0.0276563840273225,0.0276563840273225,2.83402032168095,TRUE,,TRUE,"734;613;729;3340;3342;3341;3343;1630;342;2795;1631;655;1001;2792;998;3273;2788;614;1628;1509;3269;653;649;2791;2065;376;2876;2965;344;1002;732;2793;2961;999;656;94;2490;343;346;2062;652;1271;1268;2060;2960;3266;2328;3378;2956;3706;2914;2959;1266;341;1761;2486;2058;348;715;996;994;2276;1767;1624;2494;1504;2332;714;1311;3373;997;2790;2491;580;3705;710;2958;2329;712;1308;876;372;2066;450;1179;2331;3380;1942;3377;2910;2059;711;449;316;2327;1759;1590;1082;447;2755;1506;3652;2160;1465;808","883;736;876;4019;4021;4020;4022;1963;409;3362;1964;788;1205;3359;1201;3940;3354;737;1960;1817;3936;786;780;3358;2487;450;3459;3568;412;1206;880;3360;3562;1203;789;114;2997;410;414;2484;785;1530;1527;2481;3561;3931;2800;4065;3556;4460;3505;3560;1525;408;2122;2992;2478;417;860;1199;1196;2737;2129;1956;3001;1811;2804;859;1578;4058;1200;3357;2998;696;4459;855;3559;2801;857;1574;1055;446;2488;539;1417;2803;4067;2341;4064;3500;2479;856;538;377;2799;2120;1916;1303;535;3313;1813;4396;2601;1765;973",3757,0.0178976734719519,0.0276563840273225,0.0276563840273225,2.83402032168095,TRUE,TRUE,
"07_SwSIiUS","table2_treated_signup_neighbor_high","neighbor_high",106,0.0282140005323396,"Decrease",-0.00975871055537053,0.0181327943266145,0.027891504881985,0.027891504881985,2.85811375629288,TRUE,,TRUE,"734;613;729;3340;3342;3341;3343;1630;342;2795;1631;655;1001;2792;998;3273;2788;614;1628;1509;3269;653;649;2791;2065;376;2876;2965;344;1002;732;2793;2961;999;94;656;2490;343;346;2062;652;1271;1268;2060;2960;3266;2328;3378;2956;3706;2914;2959;1266;341;1761;2486;2058;348;715;996;994;2276;1624;1767;2494;1504;2332;714;1311;997;3373;2790;2491;580;3705;710;2958;2329;712;1308;876;372;2066;450;1179;2331;3380;1942;3377;2910;2059;711;449;316;2327;1759;1590;1082;447;2755;1506;3652;2160;1465;808;3301","883;736;876;4019;4021;4020;4022;1963;409;3362;1964;788;1205;3359;1201;3940;3354;737;1960;1817;3936;786;780;3358;2487;450;3459;3568;412;1206;880;3360;3562;1203;114;789;2997;410;414;2484;785;1530;1527;2481;3561;3931;2800;4065;3556;4460;3505;3560;1525;408;2122;2992;2478;417;860;1199;1196;2737;1956;2129;3001;1811;2804;859;1578;1200;4058;3357;2998;696;4459;855;3559;2801;857;1574;1055;446;2488;539;1417;2803;4067;2341;4064;3500;2479;856;538;377;2799;2120;1916;1303;535;3313;1813;4396;2601;1765;973;3974",3757,0.0181327943266145,0.027891504881985,0.027891504881985,2.85811375629288,TRUE,TRUE,
"07_SwSIiUS","table2_treated_signup_neighbor_high","neighbor_high",107,0.0284801703486825,"Decrease",-0.00975871055537053,0.0183765552177256,0.0281352657730961,0.0281352657730961,2.88309255751134,TRUE,,TRUE,"734;613;729;3340;3342;3341;3343;1630;342;2795;1631;655;1001;2792;998;3273;2788;614;1628;1509;3269;653;649;2791;2065;376;2876;2965;344;1002;732;2793;2961;999;94;656;2490;343;346;2062;652;1271;1268;2060;2960;3266;2328;3378;2956;3706;2914;2959;1266;341;1761;2486;2058;348;996;715;994;2276;1624;1767;2494;1504;2332;714;1311;997;3373;2790;2491;580;3705;710;2958;2329;712;876;1308;372;2066;450;1179;2331;3380;1942;3377;2910;2059;711;449;316;2327;1759;1590;1082;447;2755;1506;3652;2160;1465;808;3301;1312","883;736;876;4019;4021;4020;4022;1963;409;3362;1964;788;1205;3359;1201;3940;3354;737;1960;1817;3936;786;780;3358;2487;450;3459;3568;412;1206;880;3360;3562;1203;114;789;2997;410;414;2484;785;1530;1527;2481;3561;3931;2800;4065;3556;4460;3505;3560;1525;408;2122;2992;2478;417;1199;860;1196;2737;1956;2129;3001;1811;2804;859;1578;1200;4058;3357;2998;696;4459;855;3559;2801;857;1055;1574;446;2488;539;1417;2803;4067;2341;4064;3500;2479;856;538;377;2799;2120;1916;1303;535;3313;1813;4396;2601;1765;973;3974;1579",3757,0.0183765552177256,0.0281352657730961,0.0281352657730961,2.88309255751134,TRUE,TRUE,
"07_SwSIiUS","table2_treated_signup_neighbor_high","neighbor_high",108,0.0287463401650253,"Decrease",-0.00975871055537053,0.0186211729592557,0.0283798835146263,0.0283798835146263,2.90815916238113,TRUE,,TRUE,"734;613;729;3340;3342;3341;3343;1630;342;2795;1631;655;1001;2792;998;3273;2788;614;1628;1509;3269;653;649;2791;2065;376;2876;2965;344;1002;732;2793;2961;999;94;656;2490;343;346;2062;652;1271;1268;2060;2960;3266;2328;2956;3378;3706;2914;2959;1266;341;1761;2486;2058;348;996;715;994;2276;1624;1767;2494;1504;2332;714;1311;997;2790;3373;2491;580;3705;710;2958;2329;712;876;1308;372;2066;450;1179;2331;3380;1942;3377;2910;2059;711;449;2327;316;1759;1590;1082;447;2755;1506;3652;2160;1465;808;3301;1312;3309","883;736;876;4019;4021;4020;4022;1963;409;3362;1964;788;1205;3359;1201;3940;3354;737;1960;1817;3936;786;780;3358;2487;450;3459;3568;412;1206;880;3360;3562;1203;114;789;2997;410;414;2484;785;1530;1527;2481;3561;3931;2800;3556;4065;4460;3505;3560;1525;408;2122;2992;2478;417;1199;860;1196;2737;1956;2129;3001;1811;2804;859;1578;1200;3357;4058;2998;696;4459;855;3559;2801;857;1055;1574;446;2488;539;1417;2803;4067;2341;4064;3500;2479;856;538;2799;377;2120;1916;1303;535;3313;1813;4396;2601;1765;973;3974;1579;3984",3757,0.0186211729592557,0.0283798835146263,0.0283798835146263,2.90815916238113,TRUE,TRUE,
"07_SwSIiUS","table2_treated_signup_neighbor_high","neighbor_high",109,0.0290125099813681,"Decrease",-0.00975871055537053,0.0188312559257192,0.0285899664810897,0.0285899664810897,2.92968690062805,TRUE,,TRUE,"734;613;729;3340;3342;3341;3343;1630;342;2795;1631;655;1001;2792;998;3273;2788;614;1628;1509;3269;653;649;2791;2065;376;2965;2876;344;1002;732;2793;2961;999;94;656;2490;343;346;2062;652;1271;1268;2060;2960;3266;2328;2956;3378;3706;2914;2959;1266;341;2486;1761;2058;348;996;994;715;2276;1624;1767;2494;1504;2332;714;1311;997;2790;3373;2491;580;3705;710;2958;2329;712;876;372;1308;2066;450;1179;2331;3380;1942;3377;2910;2059;711;449;2327;316;1759;1590;1082;447;1506;2755;3652;2160;1465;808;3301;1312;3309;593","883;736;876;4019;4021;4020;4022;1963;409;3362;1964;788;1205;3359;1201;3940;3354;737;1960;1817;3936;786;780;3358;2487;450;3568;3459;412;1206;880;3360;3562;1203;114;789;2997;410;414;2484;785;1530;1527;2481;3561;3931;2800;3556;4065;4460;3505;3560;1525;408;2992;2122;2478;417;1199;1196;860;2737;1956;2129;3001;1811;2804;859;1578;1200;3357;4058;2998;696;4459;855;3559;2801;857;1055;446;1574;2488;539;1417;2803;4067;2341;4064;3500;2479;856;538;2799;377;2120;1916;1303;535;1813;3313;4396;2601;1765;973;3974;1579;3984;713",3757,0.0188312559257192,0.0285899664810897,0.0285899664810897,2.92968690062805,TRUE,TRUE,
"07_SwSIiUS","table2_treated_signup_neighbor_high","neighbor_high",110,0.0292786797977109,"Decrease",-0.00975871055537053,0.0190465307198206,0.0288052412751911,0.0288052412751911,2.95174665871596,TRUE,,TRUE,"734;613;729;3340;3342;3341;3343;1630;342;2795;1631;1001;655;2792;998;3273;2788;614;1628;1509;3269;653;649;2791;2065;376;2965;2876;344;1002;732;2793;2961;94;999;656;2490;343;346;2062;652;1271;1268;2060;2960;3266;2328;2956;3378;3706;2914;1266;2959;341;2486;2058;1761;348;996;994;715;2276;1624;1767;2494;1504;2332;714;1311;997;2790;3373;2491;580;710;3705;2958;2329;712;372;876;1308;2066;450;1179;2331;3380;1942;3377;2059;2910;711;449;2327;316;1759;1590;1082;1506;447;2755;3652;2160;1465;808;3301;1312;3309;593;1251","883;736;876;4019;4021;4020;4022;1963;409;3362;1964;1205;788;3359;1201;3940;3354;737;1960;1817;3936;786;780;3358;2487;450;3568;3459;412;1206;880;3360;3562;114;1203;789;2997;410;414;2484;785;1530;1527;2481;3561;3931;2800;3556;4065;4460;3505;1525;3560;408;2992;2478;2122;417;1199;1196;860;2737;1956;2129;3001;1811;2804;859;1578;1200;3357;4058;2998;696;855;4459;3559;2801;857;446;1055;1574;2488;539;1417;2803;4067;2341;4064;2479;3500;856;538;2799;377;2120;1916;1303;1813;535;3313;4396;2601;1765;973;3974;1579;3984;713;1506",3757,0.0190465307198206,0.0288052412751911,0.0288052412751911,2.95174665871596,TRUE,TRUE,
"07_SwSIiUS","table2_treated_signup_neighbor_high","neighbor_high",111,0.0295448496140538,"Decrease",-0.00975871055537053,0.0192619403261604,0.029020650881531,0.029020650881531,2.97382023135833,TRUE,,TRUE,"734;613;729;3340;3342;3341;3343;1630;342;2795;1631;1001;655;2792;998;3273;2788;614;1628;1509;3269;653;649;2791;2065;376;2965;2876;344;1002;732;2793;2961;94;999;656;2490;343;346;2062;652;1271;1268;2060;2960;3266;2328;2956;3378;3706;2914;1266;2959;341;2486;2058;1761;348;996;994;715;2276;1624;1767;2494;1504;2332;714;1311;997;2790;3373;2491;580;710;3705;2958;2329;712;372;876;1308;2066;450;1179;2331;3380;1942;3377;2059;2910;711;449;2327;316;1759;1590;1082;1506;447;2755;3652;2160;1465;808;3301;1312;3309;1251;593;43","883;736;876;4019;4021;4020;4022;1963;409;3362;1964;1205;788;3359;1201;3940;3354;737;1960;1817;3936;786;780;3358;2487;450;3568;3459;412;1206;880;3360;3562;114;1203;789;2997;410;414;2484;785;1530;1527;2481;3561;3931;2800;3556;4065;4460;3505;1525;3560;408;2992;2478;2122;417;1199;1196;860;2737;1956;2129;3001;1811;2804;859;1578;1200;3357;4058;2998;696;855;4459;3559;2801;857;446;1055;1574;2488;539;1417;2803;4067;2341;4064;2479;3500;856;538;2799;377;2120;1916;1303;1813;535;3313;4396;2601;1765;973;3974;1579;3984;1506;713;51",3757,0.0192619403261604,0.029020650881531,0.029020650881531,2.97382023135833,TRUE,TRUE,
"07_SwSIiUS","table2_treated_signup_neighbor_high","neighbor_high",112,0.0298110194303966,"Decrease",-0.00975871055537053,0.0194861931525673,0.0292449037079379,0.0292449037079379,2.99679999135167,TRUE,,TRUE,"734;613;729;3340;3342;3341;3343;1630;342;2795;1631;1001;655;2792;998;3273;2788;614;1628;1509;3269;653;649;2791;2065;376;2965;2876;344;1002;732;2793;2961;94;999;656;2490;343;346;2062;652;1271;1268;2060;2960;3266;2328;2956;3378;3706;1266;2914;2959;341;2486;2058;1761;348;996;994;715;2276;1624;1767;2494;1504;2332;714;1311;997;2790;3373;2491;580;710;3705;2958;2329;712;372;876;1308;2066;450;1179;2331;3380;1942;3377;2059;2910;711;2327;449;316;1759;1590;1082;1506;447;2755;3652;2160;1465;808;3301;1312;3309;1251;593;43;507","883;736;876;4019;4021;4020;4022;1963;409;3362;1964;1205;788;3359;1201;3940;3354;737;1960;1817;3936;786;780;3358;2487;450;3568;3459;412;1206;880;3360;3562;114;1203;789;2997;410;414;2484;785;1530;1527;2481;3561;3931;2800;3556;4065;4460;1525;3505;3560;408;2992;2478;2122;417;1199;1196;860;2737;1956;2129;3001;1811;2804;859;1578;1200;3357;4058;2998;696;855;4459;3559;2801;857;446;1055;1574;2488;539;1417;2803;4067;2341;4064;2479;3500;856;2799;538;377;2120;1916;1303;1813;535;3313;4396;2601;1765;973;3974;1579;3984;1506;713;51;608",3757,0.0194861931525673,0.0292449037079379,0.0292449037079379,2.99679999135167,TRUE,TRUE,
"07_SwSIiUS","table2_treated_signup_neighbor_high","neighbor_high",113,0.0300771892467394,"Decrease",-0.00975871055537053,0.0197205692024414,0.0294792797578119,0.0294792797578119,3.02081710391426,TRUE,,TRUE,"734;613;729;3340;3342;3341;3343;1630;342;2795;1631;1001;655;2792;998;3273;2788;614;1628;1509;3269;653;649;2791;2065;376;2965;2876;344;1002;732;2793;2961;94;999;656;2490;343;346;2062;652;1271;1268;2060;2960;3266;2328;2956;3378;3706;1266;2914;2959;341;2486;2058;1761;348;996;994;715;2276;1624;1767;2494;1504;2332;714;1311;997;2790;3373;2491;580;710;3705;2958;2329;712;372;876;1308;2066;450;1179;2331;3380;1942;3377;2059;2910;711;2327;449;316;1759;1590;1082;1506;447;2755;3652;2160;1465;808;3301;1312;3309;1251;593;43;507;1199","883;736;876;4019;4021;4020;4022;1963;409;3362;1964;1205;788;3359;1201;3940;3354;737;1960;1817;3936;786;780;3358;2487;450;3568;3459;412;1206;880;3360;3562;114;1203;789;2997;410;414;2484;785;1530;1527;2481;3561;3931;2800;3556;4065;4460;1525;3505;3560;408;2992;2478;2122;417;1199;1196;860;2737;1956;2129;3001;1811;2804;859;1578;1200;3357;4058;2998;696;855;4459;3559;2801;857;446;1055;1574;2488;539;1417;2803;4067;2341;4064;2479;3500;856;2799;538;377;2120;1916;1303;1813;535;3313;4396;2601;1765;973;3974;1579;3984;1506;713;51;608;1443",3757,0.0197205692024414,0.0294792797578119,0.0294792797578119,3.02081710391426,TRUE,TRUE,
"07_SwSIiUS","table2_treated_signup_neighbor_high","neighbor_high",114,0.0303433590630822,"Decrease",-0.00975871055537053,0.0199336679639448,0.0296923785193153,0.0296923785193153,3.042653878383,TRUE,,TRUE,"734;613;729;3340;3342;3341;3343;1630;342;2795;1631;1001;655;2792;998;3273;2788;614;1628;1509;3269;653;649;2791;2065;376;2965;2876;344;1002;732;2793;2961;94;999;656;2490;343;346;2062;652;1271;1268;2060;2960;3266;2328;2956;3378;1266;3706;2914;2959;341;2486;2058;348;1761;996;994;715;2276;1624;2494;1767;1504;2332;714;997;1311;2790;3373;2491;580;710;3705;2958;2329;712;372;876;1308;2066;450;1179;2331;3380;1942;3377;2059;2910;711;2327;449;316;1759;1590;1082;1506;447;2755;3652;2160;1465;808;3301;1312;3309;1251;593;43;507;1199;1173","883;736;876;4019;4021;4020;4022;1963;409;3362;1964;1205;788;3359;1201;3940;3354;737;1960;1817;3936;786;780;3358;2487;450;3568;3459;412;1206;880;3360;3562;114;1203;789;2997;410;414;2484;785;1530;1527;2481;3561;3931;2800;3556;4065;1525;4460;3505;3560;408;2992;2478;417;2122;1199;1196;860;2737;1956;3001;2129;1811;2804;859;1200;1578;3357;4058;2998;696;855;4459;3559;2801;857;446;1055;1574;2488;539;1417;2803;4067;2341;4064;2479;3500;856;2799;538;377;2120;1916;1303;1813;535;3313;4396;2601;1765;973;3974;1579;3984;1506;713;51;608;1443;1411",3757,0.0199336679639448,0.0296923785193153,0.0296923785193153,3.042653878383,TRUE,TRUE,
"07_SwSIiUS","table2_treated_signup_neighbor_high","neighbor_high",115,0.0306095288794251,"Decrease",-0.00975871055537053,0.0201440919248475,0.029902802480218,0.029902802480218,3.06421655920121,TRUE,,TRUE,"734;613;729;3340;3342;3341;3343;1630;342;2795;1631;1001;655;2792;998;3273;2788;614;1628;1509;3269;653;649;2791;2065;376;2965;2876;344;1002;732;2793;94;2961;999;656;2490;343;346;2062;652;1271;1268;2060;2960;3266;2328;2956;3378;1266;3706;2914;2959;341;2486;2058;348;1761;994;996;715;2276;1624;2494;1767;1504;2332;714;2790;997;1311;3373;2491;580;710;3705;2958;372;712;2329;876;1308;2066;450;1179;2331;3380;1942;3377;2059;2910;2327;711;449;316;1759;1590;1082;1506;447;2755;3652;2160;1465;808;3301;1312;3309;1251;593;43;507;1199;2569;1173","883;736;876;4019;4021;4020;4022;1963;409;3362;1964;1205;788;3359;1201;3940;3354;737;1960;1817;3936;786;780;3358;2487;450;3568;3459;412;1206;880;3360;114;3562;1203;789;2997;410;414;2484;785;1530;1527;2481;3561;3931;2800;3556;4065;1525;4460;3505;3560;408;2992;2478;417;2122;1196;1199;860;2737;1956;3001;2129;1811;2804;859;3357;1200;1578;4058;2998;696;855;4459;3559;446;857;2801;1055;1574;2488;539;1417;2803;4067;2341;4064;2479;3500;2799;856;538;377;2120;1916;1303;1813;535;3313;4396;2601;1765;973;3974;1579;3984;1506;713;51;608;1443;3090;1411",3757,0.0201440919248475,0.029902802480218,0.029902802480218,3.06421655920121,TRUE,TRUE,
"07_SwSIiUS","table2_treated_signup_neighbor_high","neighbor_high",116,0.0308756986957679,"Decrease",-0.00975871055537053,0.0203784627001633,0.0301371732555338,0.0301371732555338,3.08823313126634,TRUE,,TRUE,"734;613;729;3340;3342;3341;3343;1630;342;2795;1631;1001;655;2792;998;3273;2788;614;1628;1509;3269;653;649;2791;2065;376;2965;2876;344;1002;732;2793;94;2961;999;656;2490;343;346;2062;652;1271;1268;2060;2960;3266;2328;2956;3378;1266;3706;2914;2959;341;2486;2058;348;1761;994;996;715;2276;1624;2494;1767;1504;2332;714;2790;997;1311;3373;2491;580;710;3705;2958;372;712;2329;876;1308;2066;450;1179;2331;1942;3380;3377;2059;2910;2327;711;449;316;1759;1590;1506;1082;2755;447;3652;2160;1465;808;3301;1312;3309;1251;593;43;507;1199;2569;1173;1083","883;736;876;4019;4021;4020;4022;1963;409;3362;1964;1205;788;3359;1201;3940;3354;737;1960;1817;3936;786;780;3358;2487;450;3568;3459;412;1206;880;3360;114;3562;1203;789;2997;410;414;2484;785;1530;1527;2481;3561;3931;2800;3556;4065;1525;4460;3505;3560;408;2992;2478;417;2122;1196;1199;860;2737;1956;3001;2129;1811;2804;859;3357;1200;1578;4058;2998;696;855;4459;3559;446;857;2801;1055;1574;2488;539;1417;2803;2341;4067;4064;2479;3500;2799;856;538;377;2120;1916;1813;1303;3313;535;4396;2601;1765;973;3974;1579;3984;1506;713;51;608;1443;3090;1411;1304",3757,0.0203784627001633,0.0301371732555338,0.0301371732555338,3.08823313126634,TRUE,TRUE,
"07_SwSIiUS","table2_treated_signup_neighbor_high","neighbor_high",117,0.0311418685121107,"Decrease",-0.00975871055537053,0.0205969093628889,0.0303556199182594,0.0303556199182594,3.11061791883496,TRUE,,TRUE,"734;613;729;3340;3342;3341;3343;1630;342;2795;1631;1001;655;2792;998;3273;2788;614;1628;1509;3269;653;649;2791;2065;376;2965;2876;344;1002;732;2793;94;2961;999;656;2490;343;346;2062;652;1271;1268;2060;2960;3266;2328;2956;3378;1266;3706;2959;2914;341;2486;2058;348;994;1761;996;715;2276;1624;2494;1767;1504;2332;714;2790;997;1311;3373;2491;580;710;3705;2958;372;712;2329;876;1308;2066;450;1179;2331;1942;3380;3377;2059;2910;2327;711;449;316;1759;1590;1506;1082;2755;447;3652;2160;1465;808;3301;1312;3309;1251;593;43;507;1199;2569;1173;1083;1769","883;736;876;4019;4021;4020;4022;1963;409;3362;1964;1205;788;3359;1201;3940;3354;737;1960;1817;3936;786;780;3358;2487;450;3568;3459;412;1206;880;3360;114;3562;1203;789;2997;410;414;2484;785;1530;1527;2481;3561;3931;2800;3556;4065;1525;4460;3560;3505;408;2992;2478;417;1196;2122;1199;860;2737;1956;3001;2129;1811;2804;859;3357;1200;1578;4058;2998;696;855;4459;3559;446;857;2801;1055;1574;2488;539;1417;2803;2341;4067;4064;2479;3500;2799;856;538;377;2120;1916;1813;1303;3313;535;4396;2601;1765;973;3974;1579;3984;1506;713;51;608;1443;3090;1411;1304;2131",3757,0.0205969093628889,0.0303556199182594,0.0303556199182594,3.11061791883496,TRUE,TRUE,
"07_SwSIiUS","table2_treated_signup_neighbor_high","neighbor_high",118,0.0314080383284536,"Decrease",-0.00975871055537053,0.0208402107385845,0.030598921293955,0.030598921293955,3.13554963233493,TRUE,,TRUE,"734;613;729;3340;3342;3341;3343;1630;342;2795;1631;1001;655;2792;3273;998;2788;614;1628;1509;3269;653;649;2791;2065;376;2965;2876;344;1002;732;2793;94;2961;999;656;2490;343;346;2062;652;1271;1268;2060;2960;3266;2328;2956;1266;3378;3706;2959;2914;341;2486;2058;348;994;996;1761;715;2276;1624;2494;1767;1504;2332;2790;714;997;1311;3373;2491;580;710;3705;2958;372;712;2329;876;1308;2066;450;1179;2331;1942;3380;3377;2059;2910;2327;711;449;316;1759;1590;1506;1082;2755;447;3652;2160;1465;808;3301;1312;3309;1251;593;43;507;1199;2569;1173;1083;1769;1345","883;736;876;4019;4021;4020;4022;1963;409;3362;1964;1205;788;3359;3940;1201;3354;737;1960;1817;3936;786;780;3358;2487;450;3568;3459;412;1206;880;3360;114;3562;1203;789;2997;410;414;2484;785;1530;1527;2481;3561;3931;2800;3556;1525;4065;4460;3560;3505;408;2992;2478;417;1196;1199;2122;860;2737;1956;3001;2129;1811;2804;3357;859;1200;1578;4058;2998;696;855;4459;3559;446;857;2801;1055;1574;2488;539;1417;2803;2341;4067;4064;2479;3500;2799;856;538;377;2120;1916;1813;1303;3313;535;4396;2601;1765;973;3974;1579;3984;1506;713;51;608;1443;3090;1411;1304;2131;1620",3757,0.0208402107385845,0.030598921293955,0.030598921293955,3.13554963233493,TRUE,TRUE,
"07_SwSIiUS","table2_treated_signup_neighbor_high","neighbor_high",119,0.0316742081447964,"Decrease",-0.00975871055537053,0.021083712182762,0.0308424227381326,0.0308424227381326,3.16050184736333,TRUE,,TRUE,"734;613;729;3340;3342;3341;3343;1630;342;2795;1631;1001;655;2792;3273;998;2788;614;1628;1509;3269;653;2791;649;2065;376;2965;2876;344;1002;732;2793;94;2961;999;656;2490;343;346;2062;652;1271;1268;2060;2960;3266;2328;2956;1266;3378;3706;2959;2914;341;2486;2058;348;994;996;1761;715;2276;1624;2494;1767;1504;2332;2790;997;714;1311;3373;2491;580;710;3705;372;2958;712;2329;876;2066;1308;450;1179;2331;1942;3380;2059;3377;2910;2327;711;449;316;1759;1590;1506;1082;2755;447;3652;2160;1465;808;3301;1312;3309;1251;593;43;507;1199;2569;1173;1083;1769;1345;1499","883;736;876;4019;4021;4020;4022;1963;409;3362;1964;1205;788;3359;3940;1201;3354;737;1960;1817;3936;786;3358;780;2487;450;3568;3459;412;1206;880;3360;114;3562;1203;789;2997;410;414;2484;785;1530;1527;2481;3561;3931;2800;3556;1525;4065;4460;3560;3505;408;2992;2478;417;1196;1199;2122;860;2737;1956;3001;2129;1811;2804;3357;1200;859;1578;4058;2998;696;855;4459;446;3559;857;2801;1055;2488;1574;539;1417;2803;2341;4067;2479;4064;3500;2799;856;538;377;2120;1916;1813;1303;3313;535;4396;2601;1765;973;3974;1579;3984;1506;713;51;608;1443;3090;1411;1304;2131;1620;1804",3757,0.021083712182762,0.0308424227381326,0.0308424227381326,3.16050184736333,TRUE,TRUE,
"07_SwSIiUS","table2_treated_signup_neighbor_high","neighbor_high",120,0.0319403779611392,"Decrease",-0.00975871055537053,0.0213114361800167,0.0310701467353872,0.0310701467353872,3.18383730710081,TRUE,,TRUE,"734;613;729;3340;3342;3341;3343;1630;342;2795;1631;1001;655;2792;3273;998;614;2788;1628;1509;3269;653;2791;649;2065;376;2965;2876;344;1002;732;2793;94;2961;999;656;2490;343;346;2062;652;1271;1268;2060;2960;3266;2328;2956;1266;3378;2959;341;3706;2914;2486;2058;348;994;996;1761;715;1624;2276;2494;1767;1504;2332;2790;997;714;1311;3373;2491;580;710;372;3705;2958;712;2329;876;2066;1308;450;1179;2331;2059;1942;3380;3377;2910;2327;711;449;316;1759;1590;1506;1082;2755;447;3652;2160;1465;808;3301;1312;3309;1251;593;43;507;1199;2569;1173;1083;1769;1345;1499;1543","883;736;876;4019;4021;4020;4022;1963;409;3362;1964;1205;788;3359;3940;1201;737;3354;1960;1817;3936;786;3358;780;2487;450;3568;3459;412;1206;880;3360;114;3562;1203;789;2997;410;414;2484;785;1530;1527;2481;3561;3931;2800;3556;1525;4065;3560;408;4460;3505;2992;2478;417;1196;1199;2122;860;1956;2737;3001;2129;1811;2804;3357;1200;859;1578;4058;2998;696;855;446;4459;3559;857;2801;1055;2488;1574;539;1417;2803;2479;2341;4067;4064;3500;2799;856;538;377;2120;1916;1813;1303;3313;535;4396;2601;1765;973;3974;1579;3984;1506;713;51;608;1443;3090;1411;1304;2131;1620;1804;1856",3757,0.0213114361800167,0.0310701467353872,0.0310701467353872,3.18383730710081,TRUE,TRUE,
"07_SwSIiUS","table2_treated_signup_neighbor_high","neighbor_high",121,0.032206547777482,"Decrease",-0.00975871055537053,0.0215103819742045,0.031269092529575,0.031269092529575,3.20422379085386,TRUE,,TRUE,"734;613;729;3340;3342;3341;3343;1630;342;2795;1631;1001;655;2792;3273;998;614;2788;1628;1509;3269;653;2791;649;2065;376;2965;2876;344;1002;732;2793;94;2961;999;656;2490;343;346;2062;652;1271;1268;2060;2960;3266;2328;2956;1266;3378;341;2959;3706;2914;2486;2058;348;994;996;1761;715;1624;2276;2494;1504;1767;2332;2790;997;714;1311;3373;2491;580;372;710;3705;2958;712;2329;876;2066;1308;450;1179;2331;2059;1942;3380;3377;2327;2910;711;449;316;1759;1590;1506;1082;2755;447;3652;2160;1465;808;3301;1312;3309;1251;593;43;1199;507;2569;1173;1083;1769;1345;1499;2871;1543","883;736;876;4019;4021;4020;4022;1963;409;3362;1964;1205;788;3359;3940;1201;737;3354;1960;1817;3936;786;3358;780;2487;450;3568;3459;412;1206;880;3360;114;3562;1203;789;2997;410;414;2484;785;1530;1527;2481;3561;3931;2800;3556;1525;4065;408;3560;4460;3505;2992;2478;417;1196;1199;2122;860;1956;2737;3001;1811;2129;2804;3357;1200;859;1578;4058;2998;696;446;855;4459;3559;857;2801;1055;2488;1574;539;1417;2803;2479;2341;4067;4064;2799;3500;856;538;377;2120;1916;1813;1303;3313;535;4396;2601;1765;973;3974;1579;3984;1506;713;51;1443;608;3090;1411;1304;2131;1620;1804;3453;1856",3757,0.0215103819742045,0.031269092529575,0.031269092529575,3.20422379085386,TRUE,TRUE,
"07_SwSIiUS","table2_treated_signup_neighbor_high","neighbor_high",122,0.0324727175938249,"Decrease",-0.00975871055537053,0.0217292748768731,0.0314879854322436,0.0314879854322436,3.2266543057694,TRUE,,TRUE,"734;613;729;3340;3342;3341;3343;1630;342;2795;1631;1001;655;2792;3273;998;614;2788;1628;1509;3269;653;2791;649;2065;376;2965;2876;344;1002;732;2793;94;999;2961;656;2490;343;346;2062;652;1271;1268;2060;2960;3266;2328;2956;1266;3378;341;2959;3706;2914;2486;2058;348;994;996;1761;715;1624;2276;2494;1504;1767;2332;2790;997;714;1311;3373;2491;580;372;710;2958;3705;712;876;2329;2066;1308;450;1179;2331;2059;1942;3380;3377;2327;2910;711;449;316;1759;1590;1506;1082;2755;447;3652;2160;1465;808;3301;1312;3309;1251;593;43;2569;1199;507;1173;1083;1769;1345;1499;2871;1543;995","883;736;876;4019;4021;4020;4022;1963;409;3362;1964;1205;788;3359;3940;1201;737;3354;1960;1817;3936;786;3358;780;2487;450;3568;3459;412;1206;880;3360;114;1203;3562;789;2997;410;414;2484;785;1530;1527;2481;3561;3931;2800;3556;1525;4065;408;3560;4460;3505;2992;2478;417;1196;1199;2122;860;1956;2737;3001;1811;2129;2804;3357;1200;859;1578;4058;2998;696;446;855;3559;4459;857;1055;2801;2488;1574;539;1417;2803;2479;2341;4067;4064;2799;3500;856;538;377;2120;1916;1813;1303;3313;535;4396;2601;1765;973;3974;1579;3984;1506;713;51;3090;1443;608;1411;1304;2131;1620;1804;3453;1856;1198",3757,0.0217292748768731,0.0314879854322436,0.0314879854322436,3.2266543057694,TRUE,TRUE,
"07_SwSIiUS","table2_treated_signup_neighbor_high","neighbor_high",123,0.0327388874101677,"Decrease",-0.00975871055537053,0.0219310593486417,0.0316897699040122,0.0316897699040122,3.24733167606578,TRUE,,TRUE,"734;613;729;3340;3342;3341;3343;1630;342;2795;1631;1001;655;2792;3273;998;614;2788;1628;1509;3269;653;2791;649;2065;376;2965;2876;344;1002;732;2793;94;999;2961;656;2490;343;346;2062;652;1271;1268;2060;2960;3266;2328;2956;1266;3378;341;2959;2914;3706;2486;2058;348;994;996;1761;715;1624;2276;2494;1504;1767;2790;2332;997;714;1311;3373;2491;372;580;710;2958;3705;712;876;2329;2066;1308;450;1179;2331;2059;1942;3380;3377;2327;2910;711;449;316;1759;1590;1506;1082;2755;447;3652;2160;1465;808;3301;1312;3309;1251;593;43;2569;1199;507;1173;1083;1769;1345;1499;2871;1543;995;1658","883;736;876;4019;4021;4020;4022;1963;409;3362;1964;1205;788;3359;3940;1201;737;3354;1960;1817;3936;786;3358;780;2487;450;3568;3459;412;1206;880;3360;114;1203;3562;789;2997;410;414;2484;785;1530;1527;2481;3561;3931;2800;3556;1525;4065;408;3560;3505;4460;2992;2478;417;1196;1199;2122;860;1956;2737;3001;1811;2129;3357;2804;1200;859;1578;4058;2998;446;696;855;3559;4459;857;1055;2801;2488;1574;539;1417;2803;2479;2341;4067;4064;2799;3500;856;538;377;2120;1916;1813;1303;3313;535;4396;2601;1765;973;3974;1579;3984;1506;713;51;3090;1443;608;1411;1304;2131;1620;1804;3453;1856;1198;1997",3757,0.0219310593486417,0.0316897699040122,0.0316897699040122,3.24733167606578,TRUE,TRUE,
"07_SwSIiUS","table2_treated_signup_neighbor_high","neighbor_high",124,0.0330050572265105,"Decrease",-0.00975871055537053,0.022153020675184,0.0319117312305545,0.0319117312305545,3.27007662021418,TRUE,,TRUE,"734;613;729;3340;3342;3341;3343;1630;342;2795;1631;1001;655;2792;3273;998;614;2788;1628;1509;3269;653;2791;649;2065;376;2965;2876;344;1002;732;2793;94;999;2961;656;2490;343;346;2062;652;1271;1268;2060;2960;3266;2328;1266;2956;3378;341;2959;2914;3706;2486;2058;348;994;996;1761;715;1624;2276;1504;2494;1767;2790;2332;997;1311;714;3373;2491;372;580;710;2958;3705;712;876;2329;2066;1308;450;1179;2331;2059;1942;3380;3377;2327;2910;711;449;316;1759;1506;1590;1082;2755;447;2160;3652;1465;808;1312;3301;3309;1251;593;43;2569;1199;507;1173;1083;1769;1345;1499;2871;1543;995;1658;504","883;736;876;4019;4021;4020;4022;1963;409;3362;1964;1205;788;3359;3940;1201;737;3354;1960;1817;3936;786;3358;780;2487;450;3568;3459;412;1206;880;3360;114;1203;3562;789;2997;410;414;2484;785;1530;1527;2481;3561;3931;2800;1525;3556;4065;408;3560;3505;4460;2992;2478;417;1196;1199;2122;860;1956;2737;1811;3001;2129;3357;2804;1200;1578;859;4058;2998;446;696;855;3559;4459;857;1055;2801;2488;1574;539;1417;2803;2479;2341;4067;4064;2799;3500;856;538;377;2120;1813;1916;1303;3313;535;2601;4396;1765;973;1579;3974;3984;1506;713;51;3090;1443;608;1411;1304;2131;1620;1804;3453;1856;1198;1997;605",3757,0.022153020675184,0.0319117312305545,0.0319117312305545,3.27007662021418,TRUE,TRUE,
"07_SwSIiUS","table2_treated_signup_neighbor_high","neighbor_high",125,0.0332712270428533,"Decrease",-0.00975871055537053,0.0223569190326142,0.0321156295879847,0.0321156295879847,3.29097060577439,TRUE,,TRUE,"734;613;729;3340;3342;3341;3343;1630;342;2795;1631;1001;655;2792;3273;998;614;2788;1628;1509;3269;653;2791;649;2065;376;2965;2876;344;1002;732;2793;94;999;2961;656;2490;343;346;2062;652;1271;1268;2060;2960;3266;2328;1266;2956;341;3378;2959;2914;3706;2486;2058;994;348;996;1761;715;1624;2276;1504;2494;1767;2790;997;2332;1311;714;3373;372;2491;580;710;2958;3705;712;876;2329;2066;1308;450;1179;2059;2331;1942;3380;3377;2327;2910;711;449;316;1759;1506;1590;1082;2755;447;2160;3652;1465;808;1312;3301;3309;1251;593;43;2569;1199;507;1173;1083;1769;1345;2871;1499;995;1543;1658;504;181","883;736;876;4019;4021;4020;4022;1963;409;3362;1964;1205;788;3359;3940;1201;737;3354;1960;1817;3936;786;3358;780;2487;450;3568;3459;412;1206;880;3360;114;1203;3562;789;2997;410;414;2484;785;1530;1527;2481;3561;3931;2800;1525;3556;408;4065;3560;3505;4460;2992;2478;1196;417;1199;2122;860;1956;2737;1811;3001;2129;3357;1200;2804;1578;859;4058;446;2998;696;855;3559;4459;857;1055;2801;2488;1574;539;1417;2479;2803;2341;4067;4064;2799;3500;856;538;377;2120;1813;1916;1303;3313;535;2601;4396;1765;973;1579;3974;3984;1506;713;51;3090;1443;608;1411;1304;2131;1620;3453;1804;1198;1856;1997;605;218",3757,0.0223569190326142,0.0321156295879847,0.0321156295879847,3.29097060577439,TRUE,TRUE,
"07_SwSIiUS","table2_treated_signup_neighbor_high","neighbor_high",126,0.0335373968591962,"Decrease",-0.00975871055537053,0.02256747054575,0.0323261811011205,0.0323261811011205,3.31254635719576,TRUE,,TRUE,"734;613;729;3340;3342;3341;3343;1630;342;2795;1631;1001;655;2792;3273;998;614;2788;1628;1509;3269;653;2791;649;2065;376;2965;2876;344;1002;732;2793;94;999;2961;656;2490;343;346;2062;652;1271;1268;2060;2960;3266;2328;1266;2956;341;3378;2959;2914;3706;2486;2058;994;348;996;1761;715;1624;2276;1504;2494;1767;2790;997;2332;1311;714;3373;372;2491;580;2958;710;712;3705;876;2329;2066;1308;450;1179;2059;2331;1942;3380;3377;2327;2910;711;449;316;1759;1506;1590;1082;2755;447;2160;3652;1465;808;1312;3301;3309;1251;593;43;2569;1199;507;1173;1083;1769;1345;2871;1499;995;1543;1658;504;181;3658","883;736;876;4019;4021;4020;4022;1963;409;3362;1964;1205;788;3359;3940;1201;737;3354;1960;1817;3936;786;3358;780;2487;450;3568;3459;412;1206;880;3360;114;1203;3562;789;2997;410;414;2484;785;1530;1527;2481;3561;3931;2800;1525;3556;408;4065;3560;3505;4460;2992;2478;1196;417;1199;2122;860;1956;2737;1811;3001;2129;3357;1200;2804;1578;859;4058;446;2998;696;3559;855;857;4459;1055;2801;2488;1574;539;1417;2479;2803;2341;4067;4064;2799;3500;856;538;377;2120;1813;1916;1303;3313;535;2601;4396;1765;973;1579;3974;3984;1506;713;51;3090;1443;608;1411;1304;2131;1620;3453;1804;1198;1856;1997;605;218;4403",3757,0.02256747054575,0.0323261811011205,0.0323261811011205,3.31254635719576,TRUE,TRUE,
"07_SwSIiUS","table2_treated_signup_neighbor_high","neighbor_high",127,0.033803566675539,"Decrease",-0.00975871055537053,0.0227901448018201,0.0325488553571906,0.0325488553571906,3.33536435705412,TRUE,,TRUE,"734;613;729;3340;3342;3341;3343;1630;342;2795;1631;1001;655;2792;3273;998;614;2788;1628;1509;3269;653;2791;649;2065;376;2965;2876;344;1002;732;2793;94;999;2961;656;2490;343;346;2062;652;1271;1268;2060;2960;3266;2328;1266;2956;341;3378;2959;2914;3706;2486;2058;994;348;996;1761;715;1624;2276;1504;2494;1767;2790;997;2332;1311;714;3373;372;2491;580;2958;710;712;3705;876;2329;2066;1308;450;1179;2059;2331;1942;3380;3377;2327;2910;711;449;316;1759;1506;1590;1082;2755;447;2160;3652;1465;808;1312;3301;3309;1251;593;43;2569;1199;507;1173;1083;1769;1345;2871;1499;995;1543;1658;504;181;3658;3303","883;736;876;4019;4021;4020;4022;1963;409;3362;1964;1205;788;3359;3940;1201;737;3354;1960;1817;3936;786;3358;780;2487;450;3568;3459;412;1206;880;3360;114;1203;3562;789;2997;410;414;2484;785;1530;1527;2481;3561;3931;2800;1525;3556;408;4065;3560;3505;4460;2992;2478;1196;417;1199;2122;860;1956;2737;1811;3001;2129;3357;1200;2804;1578;859;4058;446;2998;696;3559;855;857;4459;1055;2801;2488;1574;539;1417;2479;2803;2341;4067;4064;2799;3500;856;538;377;2120;1813;1916;1303;3313;535;2601;4396;1765;973;1579;3974;3984;1506;713;51;3090;1443;608;1411;1304;2131;1620;3453;1804;1198;1856;1997;605;218;4403;3977",3757,0.0227901448018201,0.0325488553571906,0.0325488553571906,3.33536435705412,TRUE,TRUE,
"07_SwSIiUS","table2_treated_signup_neighbor_high","neighbor_high",128,0.0340697364918818,"Decrease",-0.00975871055537053,0.0229948723377756,0.0327535828931461,0.0327535828931461,3.35634331065601,TRUE,,TRUE,"734;613;729;3340;3342;3341;3343;1630;342;2795;1631;1001;655;2792;3273;998;614;2788;1628;1509;3269;653;2791;649;2065;376;2965;2876;344;1002;732;2793;94;999;2961;656;2490;343;346;2062;1271;652;1268;2060;2960;3266;2328;1266;2956;341;3378;2959;2914;3706;2486;2058;994;348;996;1761;715;1624;2276;1504;2494;1767;2790;997;2332;1311;714;3373;372;2491;580;2958;710;712;3705;876;2329;2066;1308;450;1179;2059;2331;1942;3380;3377;2327;2910;711;449;316;1759;1506;1590;1082;2755;2160;447;3652;1465;808;1312;3301;3309;1251;593;43;2569;1199;507;1173;1083;1769;2871;1345;1499;995;1543;1658;504;181;3658;3303;1752","883;736;876;4019;4021;4020;4022;1963;409;3362;1964;1205;788;3359;3940;1201;737;3354;1960;1817;3936;786;3358;780;2487;450;3568;3459;412;1206;880;3360;114;1203;3562;789;2997;410;414;2484;1530;785;1527;2481;3561;3931;2800;1525;3556;408;4065;3560;3505;4460;2992;2478;1196;417;1199;2122;860;1956;2737;1811;3001;2129;3357;1200;2804;1578;859;4058;446;2998;696;3559;855;857;4459;1055;2801;2488;1574;539;1417;2479;2803;2341;4067;4064;2799;3500;856;538;377;2120;1813;1916;1303;3313;2601;535;4396;1765;973;1579;3974;3984;1506;713;51;3090;1443;608;1411;1304;2131;3453;1620;1804;1198;1856;1997;605;218;4403;3977;2110",3757,0.0229948723377756,0.0327535828931461,0.0327535828931461,3.35634331065601,TRUE,TRUE,
"07_SwSIiUS","table2_treated_signup_neighbor_high","neighbor_high",129,0.0343359063082246,"Decrease",-0.00975871055537053,0.0232107491084254,0.032969459663796,0.032969459663796,3.37846475481864,TRUE,,TRUE,"734;613;729;3340;3342;3341;3343;1630;342;2795;1631;1001;655;2792;3273;998;614;2788;1628;1509;3269;653;2791;649;2065;2965;376;2876;344;1002;732;2793;94;999;2961;656;2490;343;346;2062;1271;652;1268;2060;2960;3266;1266;2328;2956;341;3378;2959;2914;3706;2486;2058;994;348;996;1761;715;1624;2276;1504;2494;2790;1767;997;2332;1311;714;372;3373;2491;580;2958;710;712;3705;876;2329;2066;1308;450;1179;2059;2331;1942;3380;3377;2327;2910;711;449;316;1506;1759;1590;1082;2160;2755;447;3652;1465;808;1312;3301;3309;1251;593;2569;43;1199;507;1173;1083;1769;2871;1345;995;1499;1543;1658;504;181;3303;3658;1752;2966","883;736;876;4019;4021;4020;4022;1963;409;3362;1964;1205;788;3359;3940;1201;737;3354;1960;1817;3936;786;3358;780;2487;3568;450;3459;412;1206;880;3360;114;1203;3562;789;2997;410;414;2484;1530;785;1527;2481;3561;3931;1525;2800;3556;408;4065;3560;3505;4460;2992;2478;1196;417;1199;2122;860;1956;2737;1811;3001;3357;2129;1200;2804;1578;859;446;4058;2998;696;3559;855;857;4459;1055;2801;2488;1574;539;1417;2479;2803;2341;4067;4064;2799;3500;856;538;377;1813;2120;1916;1303;2601;3313;535;4396;1765;973;1579;3974;3984;1506;713;3090;51;1443;608;1411;1304;2131;3453;1620;1198;1804;1856;1997;605;218;3977;4403;2110;3569",3757,0.0232107491084254,0.032969459663796,0.032969459663796,3.37846475481864,TRUE,TRUE,
"07_SwSIiUS","table2_treated_signup_neighbor_high","neighbor_high",130,0.0346020761245675,"Decrease",-0.00975871055537053,0.0234104341709578,0.0331691447263283,0.0331691447263283,3.39892699328748,TRUE,,TRUE,"734;613;729;3340;3342;3341;3343;1630;342;2795;1631;1001;655;2792;3273;998;614;2788;1628;1509;3269;653;2791;649;2065;2965;376;2876;344;1002;732;2793;94;999;2961;656;2490;343;346;2062;1271;652;1268;2060;2960;3266;1266;2328;2956;341;2959;3378;2914;3706;2486;2058;994;348;996;1761;715;1624;2276;1504;2494;2790;1767;997;2332;1311;714;372;3373;2491;580;2958;712;710;3705;876;2329;2066;1308;450;2059;1179;2331;1942;3380;3377;2327;2910;711;449;316;1506;1759;1590;1082;2160;2755;447;3652;1465;808;1312;3301;3309;1251;593;2569;43;1199;507;1173;1083;1769;2871;1345;995;1499;1543;1658;504;181;3303;3658;1752;2966;3653","883;736;876;4019;4021;4020;4022;1963;409;3362;1964;1205;788;3359;3940;1201;737;3354;1960;1817;3936;786;3358;780;2487;3568;450;3459;412;1206;880;3360;114;1203;3562;789;2997;410;414;2484;1530;785;1527;2481;3561;3931;1525;2800;3556;408;3560;4065;3505;4460;2992;2478;1196;417;1199;2122;860;1956;2737;1811;3001;3357;2129;1200;2804;1578;859;446;4058;2998;696;3559;857;855;4459;1055;2801;2488;1574;539;2479;1417;2803;2341;4067;4064;2799;3500;856;538;377;1813;2120;1916;1303;2601;3313;535;4396;1765;973;1579;3974;3984;1506;713;3090;51;1443;608;1411;1304;2131;3453;1620;1198;1804;1856;1997;605;218;3977;4403;2110;3569;4397",3757,0.0234104341709578,0.0331691447263283,0.0331691447263283,3.39892699328748,TRUE,TRUE,
"07_SwSIiUS","table2_treated_signup_neighbor_high","neighbor_high",131,0.0348682459409103,"Decrease",-0.00975871055537053,0.0236407220627004,0.0333994326180709,0.0333994326180709,3.42252518184282,TRUE,,TRUE,"734;613;729;3340;3342;3341;3343;1630;342;2795;1631;1001;655;2792;3273;998;614;2788;1628;1509;3269;653;2791;649;2065;2965;376;2876;344;1002;732;2793;94;999;2961;656;2490;343;346;2062;1271;1268;652;2060;2960;3266;1266;2328;2956;341;2959;3378;2914;3706;2486;2058;994;348;996;1761;715;1624;2276;1504;2790;2494;1767;997;2332;1311;714;372;3373;2491;580;2958;712;710;876;3705;2329;2066;1308;450;2059;1179;2331;1942;3380;3377;2327;711;2910;449;316;1506;1759;1590;1082;2160;2755;447;3652;1465;808;1312;3301;3309;1251;593;2569;43;1199;507;1173;1083;2871;1769;1345;995;1499;1543;1658;504;181;3303;3658;1752;2966;3653;805","883;736;876;4019;4021;4020;4022;1963;409;3362;1964;1205;788;3359;3940;1201;737;3354;1960;1817;3936;786;3358;780;2487;3568;450;3459;412;1206;880;3360;114;1203;3562;789;2997;410;414;2484;1530;1527;785;2481;3561;3931;1525;2800;3556;408;3560;4065;3505;4460;2992;2478;1196;417;1199;2122;860;1956;2737;1811;3357;3001;2129;1200;2804;1578;859;446;4058;2998;696;3559;857;855;1055;4459;2801;2488;1574;539;2479;1417;2803;2341;4067;4064;2799;856;3500;538;377;1813;2120;1916;1303;2601;3313;535;4396;1765;973;1579;3974;3984;1506;713;3090;51;1443;608;1411;1304;3453;2131;1620;1198;1804;1856;1997;605;218;3977;4403;2110;3569;4397;970",3757,0.0236407220627004,0.0333994326180709,0.0333994326180709,3.42252518184282,TRUE,TRUE,
"07_SwSIiUS","table2_treated_signup_neighbor_high","neighbor_high",132,0.0351344157572531,"Decrease",-0.00975871055537053,0.0238635555256412,0.0336222660810118,0.0336222660810118,3.44535949603591,TRUE,,TRUE,"734;613;729;3340;3342;3341;3343;1630;342;2795;1631;1001;655;2792;3273;998;614;2788;1628;1509;3269;653;2791;2065;649;2965;376;2876;344;1002;732;2793;94;999;2961;656;2490;343;346;2062;1271;1268;652;2060;2960;3266;1266;2328;2956;341;2959;3378;2914;3706;2486;2058;994;348;996;1761;715;1624;2276;1504;2790;2494;997;1767;2332;1311;714;372;3373;2491;580;2958;712;710;876;3705;2329;2066;1308;450;2059;1179;2331;1942;3380;3377;2327;711;2910;449;316;1506;1759;1590;1082;2160;2755;447;3652;808;1465;1312;3301;3309;1251;593;2569;43;1199;507;1173;1083;2871;1769;1345;995;1499;1543;1658;504;181;3303;3658;1752;2966;3653;805;3702","883;736;876;4019;4021;4020;4022;1963;409;3362;1964;1205;788;3359;3940;1201;737;3354;1960;1817;3936;786;3358;2487;780;3568;450;3459;412;1206;880;3360;114;1203;3562;789;2997;410;414;2484;1530;1527;785;2481;3561;3931;1525;2800;3556;408;3560;4065;3505;4460;2992;2478;1196;417;1199;2122;860;1956;2737;1811;3357;3001;1200;2129;2804;1578;859;446;4058;2998;696;3559;857;855;1055;4459;2801;2488;1574;539;2479;1417;2803;2341;4067;4064;2799;856;3500;538;377;1813;2120;1916;1303;2601;3313;535;4396;973;1765;1579;3974;3984;1506;713;3090;51;1443;608;1411;1304;3453;2131;1620;1198;1804;1856;1997;605;218;3977;4403;2110;3569;4397;970;4455",3757,0.0238635555256412,0.0336222660810118,0.0336222660810118,3.44535949603591,TRUE,TRUE,
"07_SwSIiUS","table2_treated_signup_neighbor_high","neighbor_high",133,0.035400585573596,"Decrease",-0.00975871055537053,0.0240980474476987,0.0338567580030693,0.0338567580030693,3.46938848231714,TRUE,,TRUE,"734;613;729;3340;3342;3341;3343;1630;342;2795;1631;1001;655;2792;3273;614;998;2788;1628;1509;3269;653;2791;2065;649;2965;376;2876;344;1002;732;2793;94;999;2961;656;2490;343;346;2062;1271;1268;2060;652;2960;3266;1266;2328;2956;341;2959;3378;2914;3706;2486;2058;994;348;996;1761;1624;715;2276;1504;2790;2494;997;1767;2332;1311;714;372;3373;2491;2958;580;712;710;876;3705;2066;2329;1308;450;2059;1179;2331;1942;3377;3380;2327;711;2910;449;316;1506;1759;1590;2160;1082;2755;447;3652;808;1465;1312;3309;3301;1251;2569;593;43;1199;507;1173;1083;2871;1769;995;1345;1499;1543;1658;504;181;3303;3658;1752;2966;3653;805;3702;3307","883;736;876;4019;4021;4020;4022;1963;409;3362;1964;1205;788;3359;3940;737;1201;3354;1960;1817;3936;786;3358;2487;780;3568;450;3459;412;1206;880;3360;114;1203;3562;789;2997;410;414;2484;1530;1527;2481;785;3561;3931;1525;2800;3556;408;3560;4065;3505;4460;2992;2478;1196;417;1199;2122;1956;860;2737;1811;3357;3001;1200;2129;2804;1578;859;446;4058;2998;3559;696;857;855;1055;4459;2488;2801;1574;539;2479;1417;2803;2341;4064;4067;2799;856;3500;538;377;1813;2120;1916;2601;1303;3313;535;4396;973;1765;1579;3984;3974;1506;3090;713;51;1443;608;1411;1304;3453;2131;1198;1620;1804;1856;1997;605;218;3977;4403;2110;3569;4397;970;4455;3981",3757,0.0240980474476987,0.0338567580030693,0.0338567580030693,3.46938848231714,TRUE,TRUE,
"07_SwSIiUS","table2_treated_signup_neighbor_high","neighbor_high",134,0.0356667553899388,"Decrease",-0.00975871055537053,0.0243242504284301,0.0340829609838006,0.0340829609838006,3.49256807960593,TRUE,,TRUE,"734;613;729;3340;3342;3341;3343;1630;342;2795;1631;1001;655;2792;3273;614;998;2788;1628;1509;3269;653;2791;2065;649;2965;376;2876;344;1002;732;2793;94;999;2961;656;2490;343;346;2062;1271;1268;2060;652;2960;3266;1266;2328;341;2956;2959;3378;2914;3706;2486;2058;994;348;996;1761;1624;715;2276;1504;2790;2494;997;1767;2332;1311;714;372;3373;2491;2958;580;712;710;876;3705;2066;2329;1308;450;2059;1179;2331;1942;3377;3380;2327;711;2910;449;316;1506;1759;1590;2160;1082;2755;447;3652;808;1465;1312;3309;3301;1251;2569;593;43;1199;507;1173;1083;2871;1769;995;1345;1499;1543;1658;504;181;3303;3658;1752;2966;3653;805;3702;3307;1310","883;736;876;4019;4021;4020;4022;1963;409;3362;1964;1205;788;3359;3940;737;1201;3354;1960;1817;3936;786;3358;2487;780;3568;450;3459;412;1206;880;3360;114;1203;3562;789;2997;410;414;2484;1530;1527;2481;785;3561;3931;1525;2800;408;3556;3560;4065;3505;4460;2992;2478;1196;417;1199;2122;1956;860;2737;1811;3357;3001;1200;2129;2804;1578;859;446;4058;2998;3559;696;857;855;1055;4459;2488;2801;1574;539;2479;1417;2803;2341;4064;4067;2799;856;3500;538;377;1813;2120;1916;2601;1303;3313;535;4396;973;1765;1579;3984;3974;1506;3090;713;51;1443;608;1411;1304;3453;2131;1198;1620;1804;1856;1997;605;218;3977;4403;2110;3569;4397;970;4455;3981;1577",3757,0.0243242504284301,0.0340829609838006,0.0340829609838006,3.49256807960593,TRUE,TRUE,
"07_SwSIiUS","table2_treated_signup_neighbor_high","neighbor_high",135,0.0359329252062816,"Decrease",-0.00975871055537053,0.0245528464284001,0.0343115569837706,0.0343115569837706,3.51599289568926,TRUE,,TRUE,"734;613;729;3340;3342;3341;3343;1630;342;2795;1631;1001;655;2792;3273;614;998;2788;1628;1509;3269;653;2791;2065;649;2965;376;2876;344;1002;732;2793;94;999;2961;656;2490;343;346;2062;1271;1268;2060;652;2960;3266;1266;2328;341;2956;2959;3378;2914;3706;2486;2058;994;348;996;1761;1624;715;2790;2276;1504;2494;997;1767;2332;1311;714;372;3373;2491;2958;712;580;710;876;3705;2066;2329;1308;2059;450;1179;2331;1942;3377;3380;2327;711;2910;449;316;1506;1759;1590;2160;1082;2755;447;3652;808;1465;1312;3309;3301;2569;1251;593;43;1199;507;1173;1083;2871;1769;995;1345;1499;1543;1658;504;3303;181;3658;2966;1752;3653;805;3702;3307;1310;2364","883;736;876;4019;4021;4020;4022;1963;409;3362;1964;1205;788;3359;3940;737;1201;3354;1960;1817;3936;786;3358;2487;780;3568;450;3459;412;1206;880;3360;114;1203;3562;789;2997;410;414;2484;1530;1527;2481;785;3561;3931;1525;2800;408;3556;3560;4065;3505;4460;2992;2478;1196;417;1199;2122;1956;860;3357;2737;1811;3001;1200;2129;2804;1578;859;446;4058;2998;3559;857;696;855;1055;4459;2488;2801;1574;2479;539;1417;2803;2341;4064;4067;2799;856;3500;538;377;1813;2120;1916;2601;1303;3313;535;4396;973;1765;1579;3984;3974;3090;1506;713;51;1443;608;1411;1304;3453;2131;1198;1620;1804;1856;1997;605;3977;218;4403;3569;2110;4397;970;4455;3981;1577;2844",3757,0.0245528464284001,0.0343115569837706,0.0343115569837706,3.51599289568926,TRUE,TRUE,
"07_SwSIiUS","table2_treated_signup_neighbor_high","neighbor_high",136,0.0361990950226244,"Decrease",-0.00975871055537053,0.024775227022773,0.0345339375781435,0.0345339375781435,3.53878080328332,TRUE,,TRUE,"734;613;729;3340;3342;3341;3343;1630;342;2795;1631;1001;655;2792;3273;614;998;2788;1628;1509;3269;653;2791;2065;649;2965;376;2876;344;1002;732;2793;94;999;2961;656;2490;343;346;2062;1271;1268;2060;652;2960;3266;1266;2328;341;2956;2959;3378;2914;3706;2486;2058;994;348;996;1761;1624;715;2790;2276;1504;997;2494;1767;1311;2332;714;372;3373;2491;2958;712;580;876;710;3705;2066;2329;1308;2059;450;1179;2331;1942;3377;3380;2327;711;2910;449;316;1506;1759;1590;2160;1082;2755;447;3652;808;1465;1312;3309;3301;2569;1251;593;43;1199;507;1173;2871;1083;1769;995;1345;1499;1543;1658;504;3303;181;3658;2966;1752;3653;805;3702;3307;1310;2916;2364","883;736;876;4019;4021;4020;4022;1963;409;3362;1964;1205;788;3359;3940;737;1201;3354;1960;1817;3936;786;3358;2487;780;3568;450;3459;412;1206;880;3360;114;1203;3562;789;2997;410;414;2484;1530;1527;2481;785;3561;3931;1525;2800;408;3556;3560;4065;3505;4460;2992;2478;1196;417;1199;2122;1956;860;3357;2737;1811;1200;3001;2129;1578;2804;859;446;4058;2998;3559;857;696;1055;855;4459;2488;2801;1574;2479;539;1417;2803;2341;4064;4067;2799;856;3500;538;377;1813;2120;1916;2601;1303;3313;535;4396;973;1765;1579;3984;3974;3090;1506;713;51;1443;608;1411;3453;1304;2131;1198;1620;1804;1856;1997;605;3977;218;4403;3569;2110;4397;970;4455;3981;1577;3507;2844",3757,0.024775227022773,0.0345339375781435,0.0345339375781435,3.53878080328332,TRUE,TRUE,
"07_SwSIiUS","table2_treated_signup_neighbor_high","neighbor_high",137,0.0364652648389673,"Decrease",-0.00975871055537053,0.0250072782848249,0.0347659888401954,0.0347659888401954,3.56255968889892,TRUE,,TRUE,"734;613;729;3340;3342;3341;3343;1630;342;2795;1631;1001;655;2792;3273;614;998;2788;1628;1509;3269;653;2791;2065;649;2965;376;2876;344;1002;732;2793;94;999;2961;656;2490;343;346;2062;1271;1268;2060;652;2960;3266;1266;2328;341;2956;2959;3378;2914;2486;2058;3706;994;348;996;1761;1624;715;2790;1504;2276;997;2494;1767;1311;2332;714;372;3373;2491;2958;712;580;876;710;3705;2066;2329;1308;2059;450;1179;2331;1942;3377;3380;2327;711;2910;449;316;1506;1759;1590;2160;1082;2755;447;3652;808;1465;1312;3309;3301;2569;1251;593;43;1199;507;1173;2871;1083;1769;995;1345;1499;1543;1658;3303;504;181;3658;2966;1752;3653;805;3702;3307;1310;2916;2364;806","883;736;876;4019;4021;4020;4022;1963;409;3362;1964;1205;788;3359;3940;737;1201;3354;1960;1817;3936;786;3358;2487;780;3568;450;3459;412;1206;880;3360;114;1203;3562;789;2997;410;414;2484;1530;1527;2481;785;3561;3931;1525;2800;408;3556;3560;4065;3505;2992;2478;4460;1196;417;1199;2122;1956;860;3357;1811;2737;1200;3001;2129;1578;2804;859;446;4058;2998;3559;857;696;1055;855;4459;2488;2801;1574;2479;539;1417;2803;2341;4064;4067;2799;856;3500;538;377;1813;2120;1916;2601;1303;3313;535;4396;973;1765;1579;3984;3974;3090;1506;713;51;1443;608;1411;3453;1304;2131;1198;1620;1804;1856;1997;3977;605;218;4403;3569;2110;4397;970;4455;3981;1577;3507;2844;971",3757,0.0250072782848249,0.0347659888401954,0.0347659888401954,3.56255968889892,TRUE,TRUE,
"07_SwSIiUS","table2_treated_signup_neighbor_high","neighbor_high",138,0.0367314346553101,"Decrease",-0.00975871055537053,0.0252078772974758,0.0349665878528463,0.0349665878528463,3.58311558217116,TRUE,,TRUE,"734;613;729;3340;3342;3341;3343;1630;342;2795;1631;1001;655;2792;3273;614;998;1628;2788;1509;3269;653;2791;2065;649;2965;376;2876;344;1002;732;2793;94;999;2961;656;2490;343;346;2062;1271;1268;2060;652;2960;3266;1266;341;2328;2956;2959;3378;2914;2486;2058;994;3706;348;996;1761;1624;715;2790;1504;2276;997;2494;1767;1311;2332;714;372;3373;2491;2958;712;580;876;710;2066;3705;2329;1308;2059;450;1179;2331;1942;3377;3380;2327;711;2910;449;316;1506;1759;1590;2160;1082;2755;447;3652;808;1465;1312;3309;3301;2569;1251;593;43;1199;507;1173;2871;1083;1769;995;1345;1499;1543;1658;3303;504;181;3658;2966;3653;1752;805;3702;3307;1310;2916;2364;806;185","883;736;876;4019;4021;4020;4022;1963;409;3362;1964;1205;788;3359;3940;737;1201;1960;3354;1817;3936;786;3358;2487;780;3568;450;3459;412;1206;880;3360;114;1203;3562;789;2997;410;414;2484;1530;1527;2481;785;3561;3931;1525;408;2800;3556;3560;4065;3505;2992;2478;1196;4460;417;1199;2122;1956;860;3357;1811;2737;1200;3001;2129;1578;2804;859;446;4058;2998;3559;857;696;1055;855;2488;4459;2801;1574;2479;539;1417;2803;2341;4064;4067;2799;856;3500;538;377;1813;2120;1916;2601;1303;3313;535;4396;973;1765;1579;3984;3974;3090;1506;713;51;1443;608;1411;3453;1304;2131;1198;1620;1804;1856;1997;3977;605;218;4403;3569;4397;2110;970;4455;3981;1577;3507;2844;971;223",3757,0.0252078772974758,0.0349665878528463,0.0349665878528463,3.58311558217116,TRUE,TRUE,
"07_SwSIiUS","table2_treated_signup_neighbor_high","neighbor_high",139,0.0369976044716529,"Decrease",-0.00975871055537053,0.0254114335561255,0.035170144111496,0.035170144111496,3.60397451199542,TRUE,,TRUE,"734;613;729;3340;3342;3341;3343;1630;342;2795;1631;1001;655;2792;3273;614;998;1628;2788;1509;3269;653;2791;2065;649;2965;376;2876;344;1002;732;2793;94;999;2961;656;2490;343;346;2062;1271;1268;2060;652;2960;3266;1266;341;2328;2956;2959;3378;2914;2486;2058;994;3706;348;996;1761;1624;715;2790;1504;2276;997;2494;1767;1311;2332;714;372;3373;2491;2958;712;580;876;710;2066;3705;2329;1308;2059;450;1179;2331;1942;3377;3380;2327;711;2910;449;316;1506;1759;1590;2160;1082;2755;447;3652;808;1465;1312;3309;3301;2569;1251;593;43;1199;507;1173;2871;1083;1769;995;1345;1543;1499;1658;3303;504;181;2966;3658;3653;1752;805;3702;3307;1310;2916;2364;806;185;1995","883;736;876;4019;4021;4020;4022;1963;409;3362;1964;1205;788;3359;3940;737;1201;1960;3354;1817;3936;786;3358;2487;780;3568;450;3459;412;1206;880;3360;114;1203;3562;789;2997;410;414;2484;1530;1527;2481;785;3561;3931;1525;408;2800;3556;3560;4065;3505;2992;2478;1196;4460;417;1199;2122;1956;860;3357;1811;2737;1200;3001;2129;1578;2804;859;446;4058;2998;3559;857;696;1055;855;2488;4459;2801;1574;2479;539;1417;2803;2341;4064;4067;2799;856;3500;538;377;1813;2120;1916;2601;1303;3313;535;4396;973;1765;1579;3984;3974;3090;1506;713;51;1443;608;1411;3453;1304;2131;1198;1620;1856;1804;1997;3977;605;218;3569;4403;4397;2110;970;4455;3981;1577;3507;2844;971;223;2403",3757,0.0254114335561255,0.035170144111496,0.035170144111496,3.60397451199542,TRUE,TRUE,
"07_SwSIiUS","table2_treated_signup_neighbor_high","neighbor_high",140,0.0372637742879957,"Decrease",-0.00975871055537053,0.0256327870729672,0.0353914976283377,0.0353914976283377,3.6266571723311,TRUE,,TRUE,"734;613;729;3340;3342;3341;3343;1630;342;2795;1631;1001;655;2792;3273;614;998;1628;2788;1509;3269;653;2791;2065;2965;649;376;2876;344;1002;732;2793;94;999;2961;656;2490;343;346;2062;1271;1268;2060;652;2960;3266;1266;341;2328;2956;2959;3378;2914;2486;2058;994;3706;348;996;1761;1624;715;2790;1504;2276;997;2494;1767;1311;2332;714;372;3373;2491;2958;712;876;580;710;2066;3705;2329;1308;2059;450;1179;2331;1942;3377;3380;2327;711;449;2910;316;1506;1759;1590;2160;1082;2755;447;3652;808;1465;1312;3309;3301;2569;1251;593;43;1199;507;1173;2871;1083;995;1769;1345;1543;1499;1658;3303;504;181;2966;3658;3653;1752;805;3702;3307;1310;2916;2364;185;806;1995;318","883;736;876;4019;4021;4020;4022;1963;409;3362;1964;1205;788;3359;3940;737;1201;1960;3354;1817;3936;786;3358;2487;3568;780;450;3459;412;1206;880;3360;114;1203;3562;789;2997;410;414;2484;1530;1527;2481;785;3561;3931;1525;408;2800;3556;3560;4065;3505;2992;2478;1196;4460;417;1199;2122;1956;860;3357;1811;2737;1200;3001;2129;1578;2804;859;446;4058;2998;3559;857;1055;696;855;2488;4459;2801;1574;2479;539;1417;2803;2341;4064;4067;2799;856;538;3500;377;1813;2120;1916;2601;1303;3313;535;4396;973;1765;1579;3984;3974;3090;1506;713;51;1443;608;1411;3453;1304;1198;2131;1620;1856;1804;1997;3977;605;218;3569;4403;4397;2110;970;4455;3981;1577;3507;2844;223;971;2403;380",3757,0.0256327870729672,0.0353914976283377,0.0353914976283377,3.6266571723311,TRUE,TRUE,
"07_SwSIiUS","table2_treated_signup_neighbor_high","neighbor_high",141,0.0375299441043386,"Decrease",-0.00975871055537053,0.0258647265484035,0.0356234371037741,0.0356234371037741,3.65042460288663,TRUE,,TRUE,"734;613;729;3340;3342;3341;3343;1630;342;2795;1631;1001;655;2792;3273;614;998;1628;2788;1509;3269;653;2791;2065;2965;649;376;2876;344;1002;732;2793;94;999;2961;656;2490;343;346;2062;1271;1268;2060;652;2960;3266;1266;341;2328;2956;2959;3378;2914;994;2486;2058;3706;348;996;1761;1624;2790;715;1504;997;2276;2494;1767;1311;2332;714;372;3373;2491;2958;712;876;580;710;2066;3705;2329;1308;2059;450;1179;2331;1942;3377;3380;2327;711;449;2910;1506;316;1759;1590;2160;1082;2755;447;3652;808;1465;1312;3309;3301;2569;1251;593;43;1199;507;1173;2871;1083;995;1769;1345;1543;1499;3303;1658;504;181;2966;3658;3653;1752;805;3702;3307;1310;2916;2364;185;806;1995;318;802","883;736;876;4019;4021;4020;4022;1963;409;3362;1964;1205;788;3359;3940;737;1201;1960;3354;1817;3936;786;3358;2487;3568;780;450;3459;412;1206;880;3360;114;1203;3562;789;2997;410;414;2484;1530;1527;2481;785;3561;3931;1525;408;2800;3556;3560;4065;3505;1196;2992;2478;4460;417;1199;2122;1956;3357;860;1811;1200;2737;3001;2129;1578;2804;859;446;4058;2998;3559;857;1055;696;855;2488;4459;2801;1574;2479;539;1417;2803;2341;4064;4067;2799;856;538;3500;1813;377;2120;1916;2601;1303;3313;535;4396;973;1765;1579;3984;3974;3090;1506;713;51;1443;608;1411;3453;1304;1198;2131;1620;1856;1804;3977;1997;605;218;3569;4403;4397;2110;970;4455;3981;1577;3507;2844;223;971;2403;380;966",3757,0.0258647265484035,0.0356234371037741,0.0356234371037741,3.65042460288663,TRUE,TRUE,
"07_SwSIiUS","table2_treated_signup_neighbor_high","neighbor_high",142,0.0377961139206814,"Decrease",-0.00975871055537053,0.0260939264876218,0.0358526370429924,0.0358526370429924,3.67391130616755,TRUE,,TRUE,"734;613;729;3340;3342;3341;3343;1630;342;2795;1631;1001;655;2792;3273;614;998;1628;2788;1509;3269;653;2791;2065;2965;376;649;2876;344;1002;732;2793;94;999;2961;656;2490;343;346;2062;1271;1268;2060;652;2960;1266;3266;341;2328;2956;2959;3378;994;2486;2914;2058;348;3706;996;1761;1624;2790;715;1504;997;2276;2494;1767;1311;2332;714;372;3373;2491;712;2958;876;580;710;2066;3705;2329;1308;2059;450;1179;2331;1942;3377;3380;2327;711;449;1506;2910;316;1759;1590;2160;1082;2755;447;3652;808;1465;1312;3309;3301;2569;1251;593;43;1199;507;1173;2871;1083;995;1769;1345;1543;1499;3303;1658;504;181;2966;3658;3653;1752;805;3702;3307;2916;1310;2364;185;806;1995;318;802;2750","883;736;876;4019;4021;4020;4022;1963;409;3362;1964;1205;788;3359;3940;737;1201;1960;3354;1817;3936;786;3358;2487;3568;450;780;3459;412;1206;880;3360;114;1203;3562;789;2997;410;414;2484;1530;1527;2481;785;3561;1525;3931;408;2800;3556;3560;4065;1196;2992;3505;2478;417;4460;1199;2122;1956;3357;860;1811;1200;2737;3001;2129;1578;2804;859;446;4058;2998;857;3559;1055;696;855;2488;4459;2801;1574;2479;539;1417;2803;2341;4064;4067;2799;856;538;1813;3500;377;2120;1916;2601;1303;3313;535;4396;973;1765;1579;3984;3974;3090;1506;713;51;1443;608;1411;3453;1304;1198;2131;1620;1856;1804;3977;1997;605;218;3569;4403;4397;2110;970;4455;3981;3507;1577;2844;223;971;2403;380;966;3308",3757,0.0260939264876218,0.0358526370429924,0.0358526370429924,3.67391130616755,TRUE,TRUE,
"07_SwSIiUS","table2_treated_signup_neighbor_high","neighbor_high",143,0.0380622837370242,"Decrease",-0.00975871055537053,0.0263156106082009,0.0360743211635715,0.0360743211635715,3.69662784431275,TRUE,,TRUE,"734;613;729;3340;3342;3341;3343;1630;342;2795;1631;1001;655;2792;3273;614;998;1628;2788;1509;3269;653;2791;2065;2965;376;649;2876;344;1002;732;2793;94;999;2961;656;2490;343;346;2062;1271;1268;2060;652;2960;1266;3266;341;2328;2956;2959;3378;994;2486;2058;2914;348;996;3706;1761;1624;2790;715;1504;997;2276;2494;1767;1311;2332;372;714;3373;712;2958;2491;876;580;710;2066;3705;2329;2059;1308;450;1179;2331;1942;3377;2327;3380;711;449;1506;2910;316;1759;2160;1590;1082;2755;447;3652;808;1465;1312;3309;3301;2569;1251;593;43;1199;507;2871;1173;1083;995;1769;1345;1543;1499;3303;1658;504;2966;181;3653;3658;1752;805;3702;3307;2916;1310;2364;185;806;1995;318;802;2750;1666","883;736;876;4019;4021;4020;4022;1963;409;3362;1964;1205;788;3359;3940;737;1201;1960;3354;1817;3936;786;3358;2487;3568;450;780;3459;412;1206;880;3360;114;1203;3562;789;2997;410;414;2484;1530;1527;2481;785;3561;1525;3931;408;2800;3556;3560;4065;1196;2992;2478;3505;417;1199;4460;2122;1956;3357;860;1811;1200;2737;3001;2129;1578;2804;446;859;4058;857;3559;2998;1055;696;855;2488;4459;2801;2479;1574;539;1417;2803;2341;4064;2799;4067;856;538;1813;3500;377;2120;2601;1916;1303;3313;535;4396;973;1765;1579;3984;3974;3090;1506;713;51;1443;608;3453;1411;1304;1198;2131;1620;1856;1804;3977;1997;605;3569;218;4397;4403;2110;970;4455;3981;3507;1577;2844;223;971;2403;380;966;3308;2005",3757,0.0263156106082009,0.0360743211635715,0.0360743211635715,3.69662784431275,TRUE,TRUE,
"07_SwSIiUS","table2_treated_signup_neighbor_high","neighbor_high",144,0.038328453553367,"Decrease",-0.00975871055537053,0.0265306501431243,0.0362893606984948,0.0362893606984948,3.7186634947917,TRUE,,TRUE,"734;613;729;3340;3342;3341;3343;1630;342;2795;1631;1001;655;3273;2792;614;998;1628;2788;1509;3269;653;2791;2065;2965;376;649;2876;344;1002;732;2793;94;999;2961;656;2490;343;346;2062;1271;1268;2060;652;2960;1266;3266;341;2328;2956;2959;3378;994;2486;2058;2914;348;996;3706;1761;1624;2790;715;997;1504;2276;2494;1767;1311;2332;372;714;3373;712;2958;2491;876;580;2066;710;3705;2329;2059;1308;450;1179;2331;1942;2327;3377;3380;711;1506;449;2910;316;1759;2160;1590;1082;2755;447;3652;808;1465;1312;3309;3301;2569;1251;593;43;1199;507;2871;1173;1083;995;1769;1345;1543;1499;3303;1658;2966;504;181;3653;3658;1752;805;3702;3307;2916;1310;2364;185;806;1995;318;802;2750;1666;1307","883;736;876;4019;4021;4020;4022;1963;409;3362;1964;1205;788;3940;3359;737;1201;1960;3354;1817;3936;786;3358;2487;3568;450;780;3459;412;1206;880;3360;114;1203;3562;789;2997;410;414;2484;1530;1527;2481;785;3561;1525;3931;408;2800;3556;3560;4065;1196;2992;2478;3505;417;1199;4460;2122;1956;3357;860;1200;1811;2737;3001;2129;1578;2804;446;859;4058;857;3559;2998;1055;696;2488;855;4459;2801;2479;1574;539;1417;2803;2341;2799;4064;4067;856;1813;538;3500;377;2120;2601;1916;1303;3313;535;4396;973;1765;1579;3984;3974;3090;1506;713;51;1443;608;3453;1411;1304;1198;2131;1620;1856;1804;3977;1997;3569;605;218;4397;4403;2110;970;4455;3981;3507;1577;2844;223;971;2403;380;966;3308;2005;1573",3757,0.0265306501431243,0.0362893606984948,0.0362893606984948,3.7186634947917,TRUE,TRUE,
"07_SwSIiUS","table2_treated_signup_neighbor_high","neighbor_high",145,0.0385946233697099,"Decrease",-0.00975871055537053,0.0267523046990862,0.0365110152544568,0.0365110152544568,3.74137700337506,TRUE,,TRUE,"734;613;729;3340;3342;3341;3343;1630;342;2795;1631;1001;655;3273;2792;614;998;1628;2788;1509;3269;653;2791;2065;2965;376;649;2876;344;1002;732;2793;94;999;2961;656;2490;343;346;2062;1271;1268;2060;652;2960;1266;3266;341;2328;2956;2959;3378;994;2486;2058;2914;348;996;3706;2790;1624;1761;715;997;1504;2276;2494;1767;1311;2332;372;714;3373;712;2958;2491;876;580;2066;710;3705;2329;2059;1308;450;1179;2331;1942;2327;3377;3380;711;1506;449;316;2910;1759;2160;1590;1082;2755;447;3652;808;1465;1312;3309;3301;2569;1251;593;43;1199;2871;507;1173;1083;995;1769;1345;1543;3303;1499;1658;2966;504;181;3653;3658;1752;3702;805;3307;2916;1310;2364;185;1995;806;318;802;2750;1666;1307;1766","883;736;876;4019;4021;4020;4022;1963;409;3362;1964;1205;788;3940;3359;737;1201;1960;3354;1817;3936;786;3358;2487;3568;450;780;3459;412;1206;880;3360;114;1203;3562;789;2997;410;414;2484;1530;1527;2481;785;3561;1525;3931;408;2800;3556;3560;4065;1196;2992;2478;3505;417;1199;4460;3357;1956;2122;860;1200;1811;2737;3001;2129;1578;2804;446;859;4058;857;3559;2998;1055;696;2488;855;4459;2801;2479;1574;539;1417;2803;2341;2799;4064;4067;856;1813;538;377;3500;2120;2601;1916;1303;3313;535;4396;973;1765;1579;3984;3974;3090;1506;713;51;1443;3453;608;1411;1304;1198;2131;1620;1856;3977;1804;1997;3569;605;218;4397;4403;2110;4455;970;3981;3507;1577;2844;223;2403;971;380;966;3308;2005;1573;2128",3757,0.0267523046990862,0.0365110152544568,0.0365110152544568,3.74137700337506,TRUE,TRUE,
"07_SwSIiUS","table2_treated_signup_neighbor_high","neighbor_high",146,0.0388607931860527,"Decrease",-0.00975871055537053,0.0269639562138911,0.0367226667692617,0.0367226667692617,3.7630654747775,TRUE,,TRUE,"734;613;729;3340;3342;3341;3343;1630;342;2795;1631;1001;655;3273;2792;614;998;1628;2788;1509;3269;653;2791;2065;2965;376;649;2876;344;1002;732;2793;94;999;2961;656;2490;343;346;2062;1271;1268;2060;652;2960;1266;3266;341;2328;2956;2959;3378;994;2486;2058;2914;348;996;3706;2790;1624;1761;715;997;1504;2276;2494;1767;1311;2332;372;714;3373;712;2958;2491;876;2066;580;710;3705;2329;2059;1308;450;1179;2331;1942;2327;3377;3380;711;1506;449;316;2910;1759;2160;1590;1082;2755;447;3652;808;1465;1312;3309;3301;2569;1251;593;43;2871;1199;507;1173;1083;995;1769;1345;1543;3303;1499;1658;2966;504;3653;181;3658;1752;3702;3307;805;2916;1310;2364;185;1995;806;318;802;2750;1666;1307;1309;1766","883;736;876;4019;4021;4020;4022;1963;409;3362;1964;1205;788;3940;3359;737;1201;1960;3354;1817;3936;786;3358;2487;3568;450;780;3459;412;1206;880;3360;114;1203;3562;789;2997;410;414;2484;1530;1527;2481;785;3561;1525;3931;408;2800;3556;3560;4065;1196;2992;2478;3505;417;1199;4460;3357;1956;2122;860;1200;1811;2737;3001;2129;1578;2804;446;859;4058;857;3559;2998;1055;2488;696;855;4459;2801;2479;1574;539;1417;2803;2341;2799;4064;4067;856;1813;538;377;3500;2120;2601;1916;1303;3313;535;4396;973;1765;1579;3984;3974;3090;1506;713;51;3453;1443;608;1411;1304;1198;2131;1620;1856;3977;1804;1997;3569;605;4397;218;4403;2110;4455;3981;970;3507;1577;2844;223;2403;971;380;966;3308;2005;1573;1575;2128",3757,0.0269639562138911,0.0367226667692617,0.0367226667692617,3.7630654747775,TRUE,TRUE,
"07_SwSIiUS","table2_treated_signup_neighbor_high","neighbor_high",147,0.0391269630023955,"Decrease",-0.00975871055537053,0.0271781781868647,0.0369368887422353,0.0369368887422353,3.78501734759493,TRUE,,TRUE,"734;613;729;3340;3342;3341;3343;1630;342;2795;1631;1001;655;3273;2792;614;998;1628;2788;1509;3269;653;2791;2065;2965;376;649;2876;344;1002;732;2793;94;999;2961;656;2490;346;343;2062;1271;1268;2060;652;2960;1266;3266;341;2328;2956;2959;994;3378;2486;2058;2914;348;996;3706;2790;1624;1761;997;715;1504;2276;2494;1311;1767;2332;372;714;3373;712;2958;2491;876;2066;580;710;3705;2329;2059;1308;450;1179;2331;1942;2327;3377;3380;711;1506;449;316;2910;1759;2160;1590;1082;2755;447;3652;808;1465;1312;3309;2569;3301;1251;593;43;2871;1199;507;1173;1083;995;1769;1345;1543;3303;1499;2966;1658;504;3653;181;3658;1752;3702;3307;2916;805;1310;2364;185;1995;806;318;802;2750;1666;1307;1309;1766;2268","883;736;876;4019;4021;4020;4022;1963;409;3362;1964;1205;788;3940;3359;737;1201;1960;3354;1817;3936;786;3358;2487;3568;450;780;3459;412;1206;880;3360;114;1203;3562;789;2997;414;410;2484;1530;1527;2481;785;3561;1525;3931;408;2800;3556;3560;1196;4065;2992;2478;3505;417;1199;4460;3357;1956;2122;1200;860;1811;2737;3001;1578;2129;2804;446;859;4058;857;3559;2998;1055;2488;696;855;4459;2801;2479;1574;539;1417;2803;2341;2799;4064;4067;856;1813;538;377;3500;2120;2601;1916;1303;3313;535;4396;973;1765;1579;3984;3090;3974;1506;713;51;3453;1443;608;1411;1304;1198;2131;1620;1856;3977;1804;3569;1997;605;4397;218;4403;2110;4455;3981;3507;970;1577;2844;223;2403;971;380;966;3308;2005;1573;1575;2128;2728",3757,0.0271781781868647,0.0369368887422353,0.0369368887422353,3.78501734759493,TRUE,TRUE,
"07_SwSIiUS","table2_treated_signup_neighbor_high","neighbor_high",148,0.0393931328187384,"Decrease",-0.00975871055537053,0.0274036266675419,0.0371623372229124,0.0371623372229124,3.80811962933574,TRUE,,TRUE,"734;613;729;3340;3342;3341;3343;1630;342;2795;1631;1001;655;3273;2792;614;1628;998;2788;1509;3269;653;2791;2065;2965;376;649;2876;344;1002;732;2793;94;999;2961;656;2490;346;343;2062;1271;1268;2060;652;2960;1266;3266;341;2328;2956;2959;994;3378;2486;2058;2914;348;996;3706;2790;1624;1761;997;715;1504;2276;2494;1311;1767;2332;372;714;3373;712;2958;2491;876;2066;580;710;3705;2329;2059;1308;450;1179;2331;1942;2327;3377;3380;711;1506;449;316;2910;1759;2160;1590;1082;2755;447;3652;808;1465;1312;2569;3309;3301;1251;593;2871;43;1199;507;1173;1083;995;1769;1345;1543;3303;1499;2966;1658;3653;504;181;3658;1752;3307;3702;2916;1310;805;2364;185;1995;806;318;802;2750;1309;1307;1666;1766;2268;3308","883;736;876;4019;4021;4020;4022;1963;409;3362;1964;1205;788;3940;3359;737;1960;1201;3354;1817;3936;786;3358;2487;3568;450;780;3459;412;1206;880;3360;114;1203;3562;789;2997;414;410;2484;1530;1527;2481;785;3561;1525;3931;408;2800;3556;3560;1196;4065;2992;2478;3505;417;1199;4460;3357;1956;2122;1200;860;1811;2737;3001;1578;2129;2804;446;859;4058;857;3559;2998;1055;2488;696;855;4459;2801;2479;1574;539;1417;2803;2341;2799;4064;4067;856;1813;538;377;3500;2120;2601;1916;1303;3313;535;4396;973;1765;1579;3090;3984;3974;1506;713;3453;51;1443;608;1411;1304;1198;2131;1620;1856;3977;1804;3569;1997;4397;605;218;4403;2110;3981;4455;3507;1577;970;2844;223;2403;971;380;966;3308;1575;1573;2005;2128;2728;3983",3757,0.0274036266675419,0.0371623372229124,0.0371623372229124,3.80811962933574,TRUE,TRUE,
"07_SwSIiUS","table2_treated_signup_neighbor_high","neighbor_high",149,0.0396593026350812,"Decrease",-0.00975871055537053,0.0276391094273708,0.0373978199827414,0.0373978199827414,3.83225014929458,TRUE,,TRUE,"734;613;729;3340;3342;3341;3343;1630;342;2795;1631;1001;655;3273;2792;614;1628;998;2788;1509;3269;653;2791;2065;2965;376;649;2876;344;1002;732;2793;94;999;2961;656;2490;346;343;2062;1271;1268;2060;652;1266;2960;3266;341;2956;2328;2959;994;2486;2058;3378;2914;348;996;3706;2790;1624;1761;997;715;1504;2276;2494;1311;1767;2332;372;714;3373;712;2958;876;2491;2066;580;710;3705;2329;2059;1308;450;1179;2331;2327;1942;3377;3380;711;1506;449;316;2910;1759;2160;1590;1082;2755;447;3652;808;1465;1312;2569;3309;3301;1251;593;2871;43;1199;507;1173;995;1083;1769;1345;3303;1543;2966;1499;1658;3653;504;181;3658;1752;3307;3702;2916;1310;805;185;2364;1995;806;318;802;2750;1309;1307;1666;2268;1766;3308;790","883;736;876;4019;4021;4020;4022;1963;409;3362;1964;1205;788;3940;3359;737;1960;1201;3354;1817;3936;786;3358;2487;3568;450;780;3459;412;1206;880;3360;114;1203;3562;789;2997;414;410;2484;1530;1527;2481;785;1525;3561;3931;408;3556;2800;3560;1196;2992;2478;4065;3505;417;1199;4460;3357;1956;2122;1200;860;1811;2737;3001;1578;2129;2804;446;859;4058;857;3559;1055;2998;2488;696;855;4459;2801;2479;1574;539;1417;2803;2799;2341;4064;4067;856;1813;538;377;3500;2120;2601;1916;1303;3313;535;4396;973;1765;1579;3090;3984;3974;1506;713;3453;51;1443;608;1411;1198;1304;2131;1620;3977;1856;3569;1804;1997;4397;605;218;4403;2110;3981;4455;3507;1577;970;223;2844;2403;971;380;966;3308;1575;1573;2005;2728;2128;3983;950",3757,0.0276391094273708,0.0373978199827414,0.0373978199827414,3.83225014929458,TRUE,TRUE,
"07_SwSIiUS","table2_treated_signup_neighbor_high","neighbor_high",150,0.039925472451424,"Decrease",-0.00975871055537053,0.0278636837031159,0.0376223942584865,0.0376223942584865,3.85526284902278,TRUE,,TRUE,"734;613;729;3340;3342;3341;3343;1630;342;2795;1631;1001;655;3273;2792;614;1628;998;2788;1509;3269;653;2791;2065;2965;376;649;2876;344;1002;732;2793;94;999;2961;656;2490;346;343;2062;1271;2060;1268;652;1266;2960;3266;341;2956;2328;2959;994;2486;2058;3378;2914;348;996;3706;2790;1624;1761;997;1504;715;2276;2494;1311;1767;372;2332;714;712;3373;2958;876;2491;2066;580;710;3705;2329;2059;1308;450;1179;2331;2327;1942;3377;3380;711;1506;449;316;2910;1759;2160;1590;1082;2755;447;3652;808;1465;1312;2569;3309;3301;1251;2871;593;43;1199;507;1173;995;1083;1769;3303;1345;1543;2966;1499;1658;3653;504;181;3658;1752;3307;2916;3702;1310;805;185;2364;1995;806;318;802;2750;1309;1307;1666;2268;1766;3308;790;445","883;736;876;4019;4021;4020;4022;1963;409;3362;1964;1205;788;3940;3359;737;1960;1201;3354;1817;3936;786;3358;2487;3568;450;780;3459;412;1206;880;3360;114;1203;3562;789;2997;414;410;2484;1530;2481;1527;785;1525;3561;3931;408;3556;2800;3560;1196;2992;2478;4065;3505;417;1199;4460;3357;1956;2122;1200;1811;860;2737;3001;1578;2129;446;2804;859;857;4058;3559;1055;2998;2488;696;855;4459;2801;2479;1574;539;1417;2803;2799;2341;4064;4067;856;1813;538;377;3500;2120;2601;1916;1303;3313;535;4396;973;1765;1579;3090;3984;3974;1506;3453;713;51;1443;608;1411;1198;1304;2131;3977;1620;1856;3569;1804;1997;4397;605;218;4403;2110;3981;3507;4455;1577;970;223;2844;2403;971;380;966;3308;1575;1573;2005;2728;2128;3983;950;533",3757,0.0278636837031159,0.0376223942584865,0.0376223942584865,3.85526284902278,TRUE,TRUE,
"07_SwSIiUS","table2_treated_signup_neighbor_high","neighbor_high",151,0.0401916422677668,"Decrease",-0.00975871055537053,0.0280846064057338,0.0378433169611044,0.0378433169611044,3.8779013627244,TRUE,,TRUE,"734;613;729;3340;3342;3341;3343;1630;342;2795;1631;1001;655;3273;2792;614;1628;998;2788;1509;3269;653;2791;2065;2965;376;649;2876;344;1002;732;2793;94;999;2961;656;2490;346;343;2062;1271;2060;1268;652;1266;2960;3266;341;2956;2328;2959;994;2058;2486;3378;2914;348;996;3706;2790;1624;1761;997;1504;715;2276;2494;1311;1767;372;2332;714;712;3373;2958;876;2491;2066;580;710;3705;2329;2059;1308;450;1179;2331;2327;1942;3377;3380;1506;711;449;316;2910;2160;1759;1590;1082;2755;3652;447;808;1465;2569;1312;3309;3301;2871;1251;593;43;1199;507;1173;995;1083;1769;3303;1345;1543;2966;3653;1499;1658;504;181;3658;1752;3307;2916;3702;1310;805;185;2364;1995;806;318;802;2750;1309;1307;2268;1766;1666;3308;445;3625;790","883;736;876;4019;4021;4020;4022;1963;409;3362;1964;1205;788;3940;3359;737;1960;1201;3354;1817;3936;786;3358;2487;3568;450;780;3459;412;1206;880;3360;114;1203;3562;789;2997;414;410;2484;1530;2481;1527;785;1525;3561;3931;408;3556;2800;3560;1196;2478;2992;4065;3505;417;1199;4460;3357;1956;2122;1200;1811;860;2737;3001;1578;2129;446;2804;859;857;4058;3559;1055;2998;2488;696;855;4459;2801;2479;1574;539;1417;2803;2799;2341;4064;4067;1813;856;538;377;3500;2601;2120;1916;1303;3313;4396;535;973;1765;3090;1579;3984;3974;3453;1506;713;51;1443;608;1411;1198;1304;2131;3977;1620;1856;3569;4397;1804;1997;605;218;4403;2110;3981;3507;4455;1577;970;223;2844;2403;971;380;966;3308;1575;1573;2728;2128;2005;3983;533;4363;950",3757,0.0280846064057338,0.0378433169611044,0.0378433169611044,3.8779013627244,TRUE,TRUE,
"07_SwSIiUS","table2_treated_signup_neighbor_high","neighbor_high",152,0.0404578120841097,"Decrease",-0.00975871055537053,0.0282965162386516,0.0380552267940221,0.0380552267940221,3.89961630464376,TRUE,,TRUE,"734;613;729;3340;3342;3341;3343;1630;342;2795;1631;1001;655;3273;2792;614;1628;998;2788;1509;3269;653;2791;2065;2965;376;649;2876;344;1002;732;2793;94;999;2961;656;2490;346;343;2062;1271;2060;1268;1266;652;2960;3266;341;2956;2328;2959;994;2058;2486;3378;996;348;2914;3706;2790;1624;1761;997;1504;715;2276;2494;1311;1767;372;2332;714;712;3373;2958;876;2491;2066;580;710;2059;3705;2329;1308;450;1179;2331;2327;1942;3377;3380;1506;711;449;316;2910;2160;1759;1590;1082;2755;3652;447;808;1465;2569;1312;3309;3301;2871;1251;593;43;1199;507;1173;995;1083;1769;3303;1543;1345;2966;3653;1658;1499;504;181;3658;1752;3307;2916;3702;1310;805;185;2364;1995;806;318;802;2750;1309;1307;2268;1766;1666;3308;3625;445;790;1339","883;736;876;4019;4021;4020;4022;1963;409;3362;1964;1205;788;3940;3359;737;1960;1201;3354;1817;3936;786;3358;2487;3568;450;780;3459;412;1206;880;3360;114;1203;3562;789;2997;414;410;2484;1530;2481;1527;1525;785;3561;3931;408;3556;2800;3560;1196;2478;2992;4065;1199;417;3505;4460;3357;1956;2122;1200;1811;860;2737;3001;1578;2129;446;2804;859;857;4058;3559;1055;2998;2488;696;855;2479;4459;2801;1574;539;1417;2803;2799;2341;4064;4067;1813;856;538;377;3500;2601;2120;1916;1303;3313;4396;535;973;1765;3090;1579;3984;3974;3453;1506;713;51;1443;608;1411;1198;1304;2131;3977;1856;1620;3569;4397;1997;1804;605;218;4403;2110;3981;3507;4455;1577;970;223;2844;2403;971;380;966;3308;1575;1573;2728;2128;2005;3983;4363;533;950;1612",3757,0.0282965162386516,0.0380552267940221,0.0380552267940221,3.89961630464376,TRUE,TRUE,
"07_SwSIiUS","table2_treated_signup_neighbor_high","neighbor_high",153,0.0407239819004525,"Decrease",-0.00975871055537053,0.028521933947538,0.0382806445029085,0.0382806445029085,3.92271543312056,TRUE,,TRUE,"734;613;729;3340;3342;3341;3343;1630;342;2795;1631;1001;655;3273;2792;614;1628;998;2788;1509;3269;653;2791;2065;2965;376;649;2876;344;1002;732;2793;94;999;2961;656;2490;346;343;2062;1271;2060;1268;1266;652;2960;3266;341;2956;2328;2959;994;2058;2486;3378;996;348;2914;3706;2790;1624;997;1761;1504;715;2276;2494;1311;1767;372;2332;714;712;2958;3373;876;2491;2066;580;710;2059;2329;3705;1308;450;1179;2331;2327;1942;3377;3380;1506;711;449;316;2910;2160;1759;1590;1082;2755;3652;447;808;1465;2569;1312;3309;3301;2871;1251;593;43;1199;507;1173;995;1083;1769;3303;2966;1543;1345;3653;1658;1499;504;181;3658;1752;3307;2916;3702;1310;805;185;2364;1995;806;318;802;1309;2750;1307;2268;1766;1666;3308;3625;445;790;1339;783","883;736;876;4019;4021;4020;4022;1963;409;3362;1964;1205;788;3940;3359;737;1960;1201;3354;1817;3936;786;3358;2487;3568;450;780;3459;412;1206;880;3360;114;1203;3562;789;2997;414;410;2484;1530;2481;1527;1525;785;3561;3931;408;3556;2800;3560;1196;2478;2992;4065;1199;417;3505;4460;3357;1956;1200;2122;1811;860;2737;3001;1578;2129;446;2804;859;857;3559;4058;1055;2998;2488;696;855;2479;2801;4459;1574;539;1417;2803;2799;2341;4064;4067;1813;856;538;377;3500;2601;2120;1916;1303;3313;4396;535;973;1765;3090;1579;3984;3974;3453;1506;713;51;1443;608;1411;1198;1304;2131;3977;3569;1856;1620;4397;1997;1804;605;218;4403;2110;3981;3507;4455;1577;970;223;2844;2403;971;380;966;1575;3308;1573;2728;2128;2005;3983;4363;533;950;1612;942",3757,0.028521933947538,0.0382806445029085,0.0382806445029085,3.92271543312056,TRUE,TRUE,
"07_SwSIiUS","table2_treated_signup_neighbor_high","neighbor_high",154,0.0409901517167953,"Decrease",-0.00975871055537053,0.028735459514187,0.0384941700695576,0.0384941700695576,3.94459594340289,TRUE,,TRUE,"734;613;729;3340;3342;3341;3343;1630;342;2795;1631;1001;655;3273;2792;614;1628;998;2788;1509;3269;653;2791;2065;2965;376;649;2876;344;1002;732;2793;94;999;2961;656;2490;346;2062;343;1271;2060;1268;1266;652;2960;3266;341;2956;2328;2959;994;2058;2486;3378;996;348;2914;2790;3706;1624;997;1761;1504;715;2276;2494;1311;1767;372;2332;714;712;2958;876;3373;2491;2066;580;710;2059;2329;3705;1308;450;1179;2331;2327;1942;3377;3380;1506;711;449;316;2910;2160;1759;1590;1082;2755;3652;447;808;1465;2569;1312;3309;2871;3301;1251;593;43;1199;507;1173;995;1083;1769;3303;2966;1543;1345;3653;1658;1499;504;181;3658;1752;3307;2916;3702;1310;805;185;2364;1995;806;318;802;1309;2750;1307;2268;1766;1666;3308;3625;445;790;1339;2567;783","883;736;876;4019;4021;4020;4022;1963;409;3362;1964;1205;788;3940;3359;737;1960;1201;3354;1817;3936;786;3358;2487;3568;450;780;3459;412;1206;880;3360;114;1203;3562;789;2997;414;2484;410;1530;2481;1527;1525;785;3561;3931;408;3556;2800;3560;1196;2478;2992;4065;1199;417;3505;3357;4460;1956;1200;2122;1811;860;2737;3001;1578;2129;446;2804;859;857;3559;1055;4058;2998;2488;696;855;2479;2801;4459;1574;539;1417;2803;2799;2341;4064;4067;1813;856;538;377;3500;2601;2120;1916;1303;3313;4396;535;973;1765;3090;1579;3984;3453;3974;1506;713;51;1443;608;1411;1198;1304;2131;3977;3569;1856;1620;4397;1997;1804;605;218;4403;2110;3981;3507;4455;1577;970;223;2844;2403;971;380;966;1575;3308;1573;2728;2128;2005;3983;4363;533;950;1612;3088;942",3757,0.028735459514187,0.0384941700695576,0.0384941700695576,3.94459594340289,TRUE,TRUE,
"07_SwSIiUS","table2_treated_signup_neighbor_high","neighbor_high",155,0.0412563215331381,"Decrease",-0.00975871055537053,0.0289572337278141,0.0387159442831847,0.0387159442831847,3.96732171361287,TRUE,,TRUE,"734;613;729;3340;3342;3341;3343;1630;342;2795;1631;1001;655;3273;614;2792;1628;998;2788;1509;3269;653;2791;2065;2965;376;649;2876;344;1002;732;2793;94;999;2961;656;346;2490;2062;343;2060;1271;1268;1266;652;2960;341;3266;2956;2328;2959;994;2058;2486;3378;996;348;2914;2790;3706;1624;997;1761;1504;715;2276;2494;1311;372;1767;2332;714;712;2958;876;3373;2066;2491;580;710;2059;2329;3705;1308;450;1179;2331;2327;1942;3377;3380;1506;711;449;316;2160;2910;1759;1590;1082;2755;3652;447;808;1465;2569;1312;2871;3309;3301;1251;593;43;1199;507;1173;995;1083;1769;3303;2966;1543;1345;3653;1658;1499;504;181;3658;1752;3307;2916;3702;1310;805;185;2364;1995;806;318;802;1309;2750;1307;2268;1766;1666;3308;3625;445;1339;790;2567;370;783","883;736;876;4019;4021;4020;4022;1963;409;3362;1964;1205;788;3940;737;3359;1960;1201;3354;1817;3936;786;3358;2487;3568;450;780;3459;412;1206;880;3360;114;1203;3562;789;414;2997;2484;410;2481;1530;1527;1525;785;3561;408;3931;3556;2800;3560;1196;2478;2992;4065;1199;417;3505;3357;4460;1956;1200;2122;1811;860;2737;3001;1578;446;2129;2804;859;857;3559;1055;4058;2488;2998;696;855;2479;2801;4459;1574;539;1417;2803;2799;2341;4064;4067;1813;856;538;377;2601;3500;2120;1916;1303;3313;4396;535;973;1765;3090;1579;3453;3984;3974;1506;713;51;1443;608;1411;1198;1304;2131;3977;3569;1856;1620;4397;1997;1804;605;218;4403;2110;3981;3507;4455;1577;970;223;2844;2403;971;380;966;1575;3308;1573;2728;2128;2005;3983;4363;533;1612;950;3088;442;942",3757,0.0289572337278141,0.0387159442831847,0.0387159442831847,3.96732171361287,TRUE,TRUE,
"07_SwSIiUS","table2_treated_signup_neighbor_high","neighbor_high",156,0.041522491349481,"Decrease",-0.00975871055537053,0.0291804437263381,0.0389391542817086,0.0389391542817086,3.99019461236906,TRUE,,TRUE,"734;613;729;3340;3342;3341;3343;1630;342;2795;1631;1001;655;3273;614;2792;1628;998;2788;1509;3269;653;2791;2065;2965;376;649;2876;344;1002;732;2793;94;999;2961;346;656;2062;2490;343;2060;1271;1268;1266;652;2960;341;3266;2956;2328;2959;994;2058;2486;996;3378;348;2914;2790;3706;1624;997;1761;1504;715;2276;2494;1311;372;1767;2332;714;712;2958;876;3373;2066;2491;580;2059;710;2329;3705;1308;450;1179;2331;2327;1942;3377;3380;1506;711;449;316;2160;2910;1759;1590;1082;2755;3652;447;808;1465;2569;2871;1312;3309;3301;1251;593;43;1199;507;1173;995;1083;1769;3303;2966;1543;3653;1345;1658;1499;504;181;3658;1752;3307;2916;1310;3702;805;185;1995;2364;806;318;1309;802;2750;1307;2268;1766;3625;1666;3308;445;1339;790;2567;370;783;38","883;736;876;4019;4021;4020;4022;1963;409;3362;1964;1205;788;3940;737;3359;1960;1201;3354;1817;3936;786;3358;2487;3568;450;780;3459;412;1206;880;3360;114;1203;3562;414;789;2484;2997;410;2481;1530;1527;1525;785;3561;408;3931;3556;2800;3560;1196;2478;2992;1199;4065;417;3505;3357;4460;1956;1200;2122;1811;860;2737;3001;1578;446;2129;2804;859;857;3559;1055;4058;2488;2998;696;2479;855;2801;4459;1574;539;1417;2803;2799;2341;4064;4067;1813;856;538;377;2601;3500;2120;1916;1303;3313;4396;535;973;1765;3090;3453;1579;3984;3974;1506;713;51;1443;608;1411;1198;1304;2131;3977;3569;1856;4397;1620;1997;1804;605;218;4403;2110;3981;3507;1577;4455;970;223;2403;2844;971;380;1575;966;3308;1573;2728;2128;4363;2005;3983;533;1612;950;3088;442;942;45",3757,0.0291804437263381,0.0389391542817086,0.0389391542817086,3.99019461236906,TRUE,TRUE,
"07_SwSIiUS","table2_treated_signup_neighbor_high","neighbor_high",157,0.0417886611658238,"Decrease",-0.00975871055537053,0.0293880940322486,0.0391468045876191,0.0391468045876191,4.0114730696747,TRUE,,TRUE,"734;613;729;3340;3342;3341;3343;1630;342;2795;1631;1001;655;3273;614;2792;1628;998;2788;1509;3269;653;2791;2065;2965;376;2876;649;344;1002;732;2793;94;999;2961;346;2062;656;343;2490;2060;1271;1268;1266;652;2960;341;3266;2956;2328;2959;994;2058;2486;996;348;3378;2914;2790;3706;1624;997;1761;1504;715;2276;2494;1311;372;1767;2332;714;712;2958;876;3373;2066;2491;2059;580;710;2329;3705;1308;450;1179;2331;2327;1942;3377;3380;1506;711;449;316;2160;2910;1759;1590;1082;2755;3652;447;808;1465;2569;2871;1312;3309;3301;1251;593;43;1199;507;1173;995;1083;1769;3303;2966;1543;3653;1345;1658;1499;504;181;3658;1752;2916;3307;1310;3702;185;805;1995;2364;806;318;1309;802;2750;1307;2268;1766;3625;3308;1666;445;1339;370;790;2567;783;38;350","883;736;876;4019;4021;4020;4022;1963;409;3362;1964;1205;788;3940;737;3359;1960;1201;3354;1817;3936;786;3358;2487;3568;450;3459;780;412;1206;880;3360;114;1203;3562;414;2484;789;410;2997;2481;1530;1527;1525;785;3561;408;3931;3556;2800;3560;1196;2478;2992;1199;417;4065;3505;3357;4460;1956;1200;2122;1811;860;2737;3001;1578;446;2129;2804;859;857;3559;1055;4058;2488;2998;2479;696;855;2801;4459;1574;539;1417;2803;2799;2341;4064;4067;1813;856;538;377;2601;3500;2120;1916;1303;3313;4396;535;973;1765;3090;3453;1579;3984;3974;1506;713;51;1443;608;1411;1198;1304;2131;3977;3569;1856;4397;1620;1997;1804;605;218;4403;2110;3507;3981;1577;4455;223;970;2403;2844;971;380;1575;966;3308;1573;2728;2128;4363;3983;2005;533;1612;442;950;3088;942;45;420",3757,0.0293880940322486,0.0391468045876191,0.0391468045876191,4.0114730696747,TRUE,TRUE,
"07_SwSIiUS","table2_treated_signup_neighbor_high","neighbor_high",158,0.0420548309821666,"Decrease",-0.00975871055537053,0.0296066709442027,0.0393653814995733,0.0393653814995733,4.0338712042145,TRUE,,TRUE,"734;613;729;3340;3342;3341;3343;1630;342;2795;1631;1001;3273;655;614;2792;1628;998;2788;1509;3269;653;2791;2065;2965;376;2876;649;344;1002;732;2793;94;999;2961;346;2062;656;343;2490;2060;1271;1268;1266;2960;652;341;3266;2956;2328;2959;994;2058;2486;996;348;3378;2914;2790;3706;1624;997;1761;1504;715;2276;2494;1311;372;1767;2332;714;712;2958;876;3373;2066;2491;2059;580;710;2329;3705;1308;450;1179;2331;2327;1942;3377;3380;1506;711;449;316;2160;2910;1759;1590;1082;2755;3652;447;808;1465;2569;2871;1312;3309;3301;1251;593;43;1199;507;1173;995;1083;1769;3303;2966;3653;1543;1345;1658;504;1499;181;3658;1752;2916;3307;1310;3702;185;805;1995;2364;806;318;1309;802;2750;1307;2268;1766;3625;3308;1666;445;1339;370;790;2567;783;350;3256;38","883;736;876;4019;4021;4020;4022;1963;409;3362;1964;1205;3940;788;737;3359;1960;1201;3354;1817;3936;786;3358;2487;3568;450;3459;780;412;1206;880;3360;114;1203;3562;414;2484;789;410;2997;2481;1530;1527;1525;3561;785;408;3931;3556;2800;3560;1196;2478;2992;1199;417;4065;3505;3357;4460;1956;1200;2122;1811;860;2737;3001;1578;446;2129;2804;859;857;3559;1055;4058;2488;2998;2479;696;855;2801;4459;1574;539;1417;2803;2799;2341;4064;4067;1813;856;538;377;2601;3500;2120;1916;1303;3313;4396;535;973;1765;3090;3453;1579;3984;3974;1506;713;51;1443;608;1411;1198;1304;2131;3977;3569;4397;1856;1620;1997;605;1804;218;4403;2110;3507;3981;1577;4455;223;970;2403;2844;971;380;1575;966;3308;1573;2728;2128;4363;3983;2005;533;1612;442;950;3088;942;420;3920;45",3757,0.0296066709442027,0.0393653814995733,0.0393653814995733,4.0338712042145,TRUE,TRUE,
"07_SwSIiUS","table2_treated_signup_neighbor_high","neighbor_high",159,0.0423210007985095,"Decrease",-0.00975871055537053,0.0298119331149778,0.0395706436703484,0.0395706436703484,4.05490494321213,TRUE,,TRUE,"734;613;729;3340;3342;3341;3343;1630;342;2795;1631;1001;3273;655;614;2792;1628;998;2788;1509;3269;653;2791;2065;2965;376;2876;649;344;1002;732;2793;94;999;2961;346;2062;343;656;2490;2060;1271;1268;1266;2960;652;341;3266;2956;2328;2959;994;2058;2486;996;348;3378;2914;2790;3706;1624;997;1761;1504;715;2276;2494;1311;372;1767;2332;714;712;876;2958;2066;3373;2491;2059;580;710;2329;3705;1308;450;1179;2331;2327;1942;3377;3380;1506;711;449;316;2160;2910;1759;1590;1082;2755;3652;447;808;1465;2569;2871;1312;3309;3301;1251;593;43;1199;507;1173;995;1083;1769;3303;2966;3653;1543;1345;1658;504;1499;181;3658;1752;2916;3307;1310;3702;185;805;1995;2364;806;318;1309;802;2750;1307;2268;1766;3625;3308;1666;445;370;1339;2567;790;783;350;3256;38;2573","883;736;876;4019;4021;4020;4022;1963;409;3362;1964;1205;3940;788;737;3359;1960;1201;3354;1817;3936;786;3358;2487;3568;450;3459;780;412;1206;880;3360;114;1203;3562;414;2484;410;789;2997;2481;1530;1527;1525;3561;785;408;3931;3556;2800;3560;1196;2478;2992;1199;417;4065;3505;3357;4460;1956;1200;2122;1811;860;2737;3001;1578;446;2129;2804;859;857;1055;3559;2488;4058;2998;2479;696;855;2801;4459;1574;539;1417;2803;2799;2341;4064;4067;1813;856;538;377;2601;3500;2120;1916;1303;3313;4396;535;973;1765;3090;3453;1579;3984;3974;1506;713;51;1443;608;1411;1198;1304;2131;3977;3569;4397;1856;1620;1997;605;1804;218;4403;2110;3507;3981;1577;4455;223;970;2403;2844;971;380;1575;966;3308;1573;2728;2128;4363;3983;2005;533;442;1612;3088;950;942;420;3920;45;3096",3757,0.0298119331149778,0.0395706436703484,0.0395706436703484,4.05490494321213,TRUE,TRUE,
"07_SwSIiUS","table2_treated_signup_neighbor_high","neighbor_high",160,0.0425871706148523,"Decrease",-0.00975871055537053,0.0300472008940995,0.03980591144947,0.03980591144947,4.07901343354871,TRUE,,TRUE,"734;613;729;3340;3342;3341;3343;1630;342;2795;1631;1001;3273;655;614;2792;1628;998;2788;1509;3269;653;2791;2065;2965;376;2876;649;344;1002;732;2793;94;999;2961;346;2062;343;656;2490;2060;1271;1268;1266;2960;341;652;3266;2956;2328;2959;994;2058;2486;996;348;3378;2790;2914;3706;1624;997;1761;1504;715;2276;2494;1311;372;1767;2332;714;712;876;2958;2066;3373;2491;2059;580;710;2329;3705;1308;450;1179;2327;2331;1942;3377;3380;1506;711;449;316;2160;1759;2910;1590;1082;2755;3652;447;808;2871;2569;1465;1312;3309;3301;1251;593;43;1199;507;995;1173;1083;1769;3303;2966;3653;1543;1345;1658;504;1499;181;3658;1752;2916;3307;1310;3702;185;805;1995;2364;806;318;1309;802;2750;1307;2268;1766;3625;3308;1666;445;370;1339;2567;790;350;3256;783;2573;38;3663","883;736;876;4019;4021;4020;4022;1963;409;3362;1964;1205;3940;788;737;3359;1960;1201;3354;1817;3936;786;3358;2487;3568;450;3459;780;412;1206;880;3360;114;1203;3562;414;2484;410;789;2997;2481;1530;1527;1525;3561;408;785;3931;3556;2800;3560;1196;2478;2992;1199;417;4065;3357;3505;4460;1956;1200;2122;1811;860;2737;3001;1578;446;2129;2804;859;857;1055;3559;2488;4058;2998;2479;696;855;2801;4459;1574;539;1417;2799;2803;2341;4064;4067;1813;856;538;377;2601;2120;3500;1916;1303;3313;4396;535;973;3453;3090;1765;1579;3984;3974;1506;713;51;1443;608;1198;1411;1304;2131;3977;3569;4397;1856;1620;1997;605;1804;218;4403;2110;3507;3981;1577;4455;223;970;2403;2844;971;380;1575;966;3308;1573;2728;2128;4363;3983;2005;533;442;1612;3088;950;420;3920;942;3096;45;4408",3757,0.0300472008940995,0.03980591144947,0.03980591144947,4.07901343354871,TRUE,TRUE,
"07_SwSIiUS","table2_treated_signup_neighbor_high","neighbor_high",161,0.0428533404311951,"Decrease",-0.00975871055537053,0.0302507093258467,0.0400094198812173,0.0400094198812173,4.0998674624281,TRUE,,TRUE,"734;613;729;3340;3342;3341;3343;1630;342;2795;1631;1001;3273;655;614;2792;1628;998;2788;1509;3269;653;2791;2065;2965;376;2876;649;344;1002;2793;732;94;999;2961;346;2062;343;656;2490;2060;1271;1268;1266;341;2960;652;3266;2956;2328;2959;994;2058;2486;996;348;2790;3378;2914;3706;997;1624;1761;1504;715;2276;2494;1311;372;1767;2332;714;712;876;2958;2066;3373;2491;2059;580;710;2329;3705;1308;450;1179;2327;2331;1942;3377;3380;1506;711;449;316;2160;1759;2910;1590;1082;2755;3652;447;2871;808;2569;1465;1312;3309;3301;1251;593;43;1199;507;995;1173;1083;1769;3303;2966;3653;1543;1345;1658;504;181;1499;3658;1752;2916;3307;1310;3702;185;805;1995;2364;806;1309;318;802;1307;2750;2268;3625;1766;3308;370;445;1666;1339;2567;790;350;3256;2573;783;38;3663;2242","883;736;876;4019;4021;4020;4022;1963;409;3362;1964;1205;3940;788;737;3359;1960;1201;3354;1817;3936;786;3358;2487;3568;450;3459;780;412;1206;3360;880;114;1203;3562;414;2484;410;789;2997;2481;1530;1527;1525;408;3561;785;3931;3556;2800;3560;1196;2478;2992;1199;417;3357;4065;3505;4460;1200;1956;2122;1811;860;2737;3001;1578;446;2129;2804;859;857;1055;3559;2488;4058;2998;2479;696;855;2801;4459;1574;539;1417;2799;2803;2341;4064;4067;1813;856;538;377;2601;2120;3500;1916;1303;3313;4396;535;3453;973;3090;1765;1579;3984;3974;1506;713;51;1443;608;1198;1411;1304;2131;3977;3569;4397;1856;1620;1997;605;218;1804;4403;2110;3507;3981;1577;4455;223;970;2403;2844;971;1575;380;966;1573;3308;2728;4363;2128;3983;442;533;2005;1612;3088;950;420;3920;3096;942;45;4408;2697",3757,0.0302507093258467,0.0400094198812173,0.0400094198812173,4.0998674624281,TRUE,TRUE,
"07_SwSIiUS","table2_treated_signup_neighbor_high","neighbor_high",162,0.0431195102475379,"Decrease",-0.00975871055537053,0.0304475706380417,0.0402062811934122,0.0402062811934122,4.12004034398637,TRUE,,TRUE,"734;613;729;3340;3342;3341;3343;1630;342;2795;1631;1001;3273;655;614;2792;1628;998;2788;1509;3269;653;2791;2065;2965;376;2876;649;344;1002;2793;732;94;999;2961;346;2062;343;656;2490;2060;1268;1271;1266;341;2960;652;3266;2956;2328;2959;994;2058;2486;996;348;2790;3378;2914;3706;997;1624;1504;1761;715;2276;2494;372;1311;1767;2332;714;712;876;2958;2066;3373;2059;2491;580;710;2329;3705;1308;450;1179;2327;2331;1942;3377;3380;1506;711;449;2160;316;1759;2910;1590;1082;2755;3652;447;2871;808;2569;1465;1312;3309;3301;1251;593;43;1199;507;995;1173;1083;1769;3303;2966;3653;1543;1345;1658;504;181;1499;3658;1752;2916;3307;1310;3702;185;805;1995;2364;806;1309;318;802;1307;3625;2268;2750;1766;3308;370;445;1666;1339;2567;790;350;3256;2573;783;38;3663;2242;315","883;736;876;4019;4021;4020;4022;1963;409;3362;1964;1205;3940;788;737;3359;1960;1201;3354;1817;3936;786;3358;2487;3568;450;3459;780;412;1206;3360;880;114;1203;3562;414;2484;410;789;2997;2481;1527;1530;1525;408;3561;785;3931;3556;2800;3560;1196;2478;2992;1199;417;3357;4065;3505;4460;1200;1956;1811;2122;860;2737;3001;446;1578;2129;2804;859;857;1055;3559;2488;4058;2479;2998;696;855;2801;4459;1574;539;1417;2799;2803;2341;4064;4067;1813;856;538;2601;377;2120;3500;1916;1303;3313;4396;535;3453;973;3090;1765;1579;3984;3974;1506;713;51;1443;608;1198;1411;1304;2131;3977;3569;4397;1856;1620;1997;605;218;1804;4403;2110;3507;3981;1577;4455;223;970;2403;2844;971;1575;380;966;1573;4363;2728;3308;2128;3983;442;533;2005;1612;3088;950;420;3920;3096;942;45;4408;2697;376",3757,0.0304475706380417,0.0402062811934122,0.0402062811934122,4.12004034398637,TRUE,TRUE,
"07_SwSIiUS","table2_treated_signup_neighbor_high","neighbor_high",163,0.0433856800638808,"Decrease",-0.00975871055537053,0.0306767300377344,0.0404354405931049,0.0404354405931049,4.14352289307853,TRUE,,TRUE,"734;613;729;3340;3342;3341;3343;1630;342;2795;1631;1001;3273;614;655;2792;1628;998;2788;1509;3269;653;2791;2065;2965;376;2876;649;344;1002;2793;732;94;999;2961;346;2062;343;656;2490;2060;1268;1271;1266;341;2960;652;3266;2956;2328;2959;994;2058;2486;996;348;2790;3378;2914;997;3706;1624;1504;1761;715;372;2276;1311;2494;1767;2332;714;712;876;2958;2066;2059;3373;2491;580;710;2329;3705;1308;450;1179;2327;2331;1942;3377;3380;1506;711;449;2160;316;1759;2910;1590;1082;2755;3652;447;2871;2569;808;1465;1312;3309;3301;1251;593;43;1199;995;507;1173;1083;1769;2966;3303;3653;1543;1345;1658;504;181;1499;3658;1752;2916;3307;1310;3702;185;805;1995;2364;1309;806;318;802;3625;1307;2268;1766;2750;370;3308;445;1666;1339;2567;790;350;3256;2573;783;38;3663;2242;315;603","883;736;876;4019;4021;4020;4022;1963;409;3362;1964;1205;3940;737;788;3359;1960;1201;3354;1817;3936;786;3358;2487;3568;450;3459;780;412;1206;3360;880;114;1203;3562;414;2484;410;789;2997;2481;1527;1530;1525;408;3561;785;3931;3556;2800;3560;1196;2478;2992;1199;417;3357;4065;3505;1200;4460;1956;1811;2122;860;446;2737;1578;3001;2129;2804;859;857;1055;3559;2488;2479;4058;2998;696;855;2801;4459;1574;539;1417;2799;2803;2341;4064;4067;1813;856;538;2601;377;2120;3500;1916;1303;3313;4396;535;3453;3090;973;1765;1579;3984;3974;1506;713;51;1443;1198;608;1411;1304;2131;3569;3977;4397;1856;1620;1997;605;218;1804;4403;2110;3507;3981;1577;4455;223;970;2403;2844;1575;971;380;966;4363;1573;2728;2128;3308;442;3983;533;2005;1612;3088;950;420;3920;3096;942;45;4408;2697;376;724",3757,0.0306767300377344,0.0404354405931049,0.0404354405931049,4.14352289307853,TRUE,TRUE,
"07_SwSIiUS","table2_treated_signup_neighbor_high","neighbor_high",164,0.0436518498802236,"Decrease",-0.00975871055537053,0.0308738025289409,0.0406325130843114,0.0406325130843114,4.16371741468959,TRUE,,TRUE,"734;613;729;3340;3342;3341;3343;1630;342;2795;1631;1001;3273;614;655;2792;1628;998;2788;1509;3269;653;2791;2065;2965;376;2876;649;344;1002;2793;732;94;999;2961;346;2062;343;656;2490;2060;1268;1271;1266;341;2960;652;3266;2956;2328;2959;994;2058;2486;996;348;2790;3378;2914;997;3706;1624;1504;1761;715;372;2276;1311;2494;1767;2332;714;712;876;2958;2066;2059;3373;2491;580;710;2329;3705;1308;450;1179;2327;2331;1942;3377;3380;1506;711;2160;449;316;1759;2910;1590;2755;1082;3652;447;2871;2569;808;1465;1312;3309;3301;1251;593;43;1199;995;507;1173;1083;1769;2966;3303;3653;1543;1345;1658;504;181;3658;1499;1752;2916;3307;1310;3702;185;1995;805;2364;1309;806;318;802;3625;1307;2268;1766;2750;370;3308;445;1666;1339;2567;790;350;2573;3256;783;38;3663;2242;315;603;3121","883;736;876;4019;4021;4020;4022;1963;409;3362;1964;1205;3940;737;788;3359;1960;1201;3354;1817;3936;786;3358;2487;3568;450;3459;780;412;1206;3360;880;114;1203;3562;414;2484;410;789;2997;2481;1527;1530;1525;408;3561;785;3931;3556;2800;3560;1196;2478;2992;1199;417;3357;4065;3505;1200;4460;1956;1811;2122;860;446;2737;1578;3001;2129;2804;859;857;1055;3559;2488;2479;4058;2998;696;855;2801;4459;1574;539;1417;2799;2803;2341;4064;4067;1813;856;2601;538;377;2120;3500;1916;3313;1303;4396;535;3453;3090;973;1765;1579;3984;3974;1506;713;51;1443;1198;608;1411;1304;2131;3569;3977;4397;1856;1620;1997;605;218;4403;1804;2110;3507;3981;1577;4455;223;2403;970;2844;1575;971;380;966;4363;1573;2728;2128;3308;442;3983;533;2005;1612;3088;950;420;3096;3920;942;45;4408;2697;376;724;3753",3757,0.0308738025289409,0.0406325130843114,0.0406325130843114,4.16371741468959,TRUE,TRUE,
"07_SwSIiUS","table2_treated_signup_neighbor_high","neighbor_high",165,0.0439180196965664,"Decrease",-0.00975871055537053,0.0310999660490825,0.0408586766044531,0.0408586766044531,4.18689296835095,TRUE,,TRUE,"734;613;729;3340;3342;3341;3343;1630;342;2795;1631;1001;3273;614;655;1628;2792;998;2788;1509;3269;653;2791;2065;2965;376;2876;649;344;1002;2793;732;94;999;2961;346;2062;343;656;2490;2060;1268;1271;1266;341;2960;652;3266;2956;2328;2959;994;2058;2486;996;2790;348;3378;2914;997;1624;3706;1504;1761;715;372;1311;2276;2494;1767;2332;714;712;876;2958;2066;2059;3373;2491;710;580;2329;3705;1308;450;1179;2327;2331;1942;3377;3380;1506;711;2160;449;316;1759;2910;1590;2755;1082;3652;447;2871;2569;808;1465;1312;3309;3301;1251;593;43;1199;995;507;1173;1083;1769;2966;3303;3653;1543;1658;1345;504;181;3658;1499;1752;2916;3307;1310;3702;185;1995;805;2364;1309;806;318;3625;802;1307;2268;1766;2750;370;3308;445;1666;1339;2567;350;2573;790;3256;783;38;2242;3663;315;603;3121;789","883;736;876;4019;4021;4020;4022;1963;409;3362;1964;1205;3940;737;788;1960;3359;1201;3354;1817;3936;786;3358;2487;3568;450;3459;780;412;1206;3360;880;114;1203;3562;414;2484;410;789;2997;2481;1527;1530;1525;408;3561;785;3931;3556;2800;3560;1196;2478;2992;1199;3357;417;4065;3505;1200;1956;4460;1811;2122;860;446;1578;2737;3001;2129;2804;859;857;1055;3559;2488;2479;4058;2998;855;696;2801;4459;1574;539;1417;2799;2803;2341;4064;4067;1813;856;2601;538;377;2120;3500;1916;3313;1303;4396;535;3453;3090;973;1765;1579;3984;3974;1506;713;51;1443;1198;608;1411;1304;2131;3569;3977;4397;1856;1997;1620;605;218;4403;1804;2110;3507;3981;1577;4455;223;2403;970;2844;1575;971;380;4363;966;1573;2728;2128;3308;442;3983;533;2005;1612;3088;420;3096;950;3920;942;45;2697;4408;376;724;3753;949",3757,0.0310999660490825,0.0408586766044531,0.0408586766044531,4.18689296835095,TRUE,TRUE,
"07_SwSIiUS","table2_treated_signup_neighbor_high","neighbor_high",166,0.0441841895129092,"Decrease",-0.00975871055537053,0.0313126347534741,0.0410713453088447,0.0410713453088447,4.20868567376883,TRUE,,TRUE,"734;613;729;3340;3342;3341;3343;1630;342;2795;1631;1001;3273;614;655;1628;2792;998;2788;1509;3269;653;2791;2065;2965;376;2876;649;344;1002;2793;732;94;999;2961;346;2062;343;656;2490;2060;1268;1271;1266;341;2960;652;3266;2956;2328;2959;994;2058;2486;2790;996;348;3378;2914;997;1624;3706;1504;1761;715;372;1311;2276;2494;1767;2332;714;712;876;2958;2066;2059;3373;2491;710;580;2329;3705;1308;450;2327;1179;2331;1942;3377;3380;1506;711;2160;449;316;1759;2910;1590;2755;1082;3652;447;2871;2569;808;1465;1312;3309;3301;1251;593;43;995;1199;507;1173;1083;1769;2966;3303;3653;1543;1658;1345;504;181;3658;1499;1752;2916;3307;1310;3702;185;1995;805;2364;1309;806;318;3625;802;1307;2268;1766;370;2750;3308;445;1339;1666;2567;2573;350;3256;790;783;38;2242;3663;315;603;3121;789;784","883;736;876;4019;4021;4020;4022;1963;409;3362;1964;1205;3940;737;788;1960;3359;1201;3354;1817;3936;786;3358;2487;3568;450;3459;780;412;1206;3360;880;114;1203;3562;414;2484;410;789;2997;2481;1527;1530;1525;408;3561;785;3931;3556;2800;3560;1196;2478;2992;3357;1199;417;4065;3505;1200;1956;4460;1811;2122;860;446;1578;2737;3001;2129;2804;859;857;1055;3559;2488;2479;4058;2998;855;696;2801;4459;1574;539;2799;1417;2803;2341;4064;4067;1813;856;2601;538;377;2120;3500;1916;3313;1303;4396;535;3453;3090;973;1765;1579;3984;3974;1506;713;51;1198;1443;608;1411;1304;2131;3569;3977;4397;1856;1997;1620;605;218;4403;1804;2110;3507;3981;1577;4455;223;2403;970;2844;1575;971;380;4363;966;1573;2728;2128;442;3308;3983;533;1612;2005;3088;3096;420;3920;950;942;45;2697;4408;376;724;3753;949;943",3757,0.0313126347534741,0.0410713453088447,0.0410713453088447,4.20868567376883,TRUE,TRUE,
"07_SwSIiUS","table2_treated_signup_neighbor_high","neighbor_high",167,0.0444503593292521,"Decrease",-0.00975871055537053,0.0315216818952358,0.0412803924506064,0.0412803924506064,4.23010726841247,TRUE,,TRUE,"734;613;729;3340;3342;3341;3343;1630;342;2795;1631;1001;3273;614;1628;655;2792;998;2788;1509;653;3269;2791;2965;2065;376;2876;649;344;1002;2793;732;94;999;2961;2062;346;343;656;2490;2060;1268;1271;1266;341;2960;652;3266;2956;2328;2959;994;2058;2486;2790;996;348;3378;2914;997;1624;3706;1504;1761;715;372;1311;2276;2494;1767;2332;714;712;876;2958;2066;2059;3373;2491;710;580;2329;3705;1308;450;2327;1179;2331;1942;3377;3380;1506;711;2160;449;316;1759;2910;1590;2755;1082;3652;447;2871;2569;808;1465;1312;3309;3301;1251;593;43;995;1199;507;1173;1083;1769;2966;3303;3653;1543;1658;1345;504;181;3658;1499;1752;2916;3307;1310;3702;185;1995;805;2364;1309;806;318;3625;2268;1307;802;370;1766;2750;3308;445;1339;1666;2567;2573;350;3256;790;2242;38;783;3663;315;603;3121;789;784;371","883;736;876;4019;4021;4020;4022;1963;409;3362;1964;1205;3940;737;1960;788;3359;1201;3354;1817;786;3936;3358;3568;2487;450;3459;780;412;1206;3360;880;114;1203;3562;2484;414;410;789;2997;2481;1527;1530;1525;408;3561;785;3931;3556;2800;3560;1196;2478;2992;3357;1199;417;4065;3505;1200;1956;4460;1811;2122;860;446;1578;2737;3001;2129;2804;859;857;1055;3559;2488;2479;4058;2998;855;696;2801;4459;1574;539;2799;1417;2803;2341;4064;4067;1813;856;2601;538;377;2120;3500;1916;3313;1303;4396;535;3453;3090;973;1765;1579;3984;3974;1506;713;51;1198;1443;608;1411;1304;2131;3569;3977;4397;1856;1997;1620;605;218;4403;1804;2110;3507;3981;1577;4455;223;2403;970;2844;1575;971;380;4363;2728;1573;966;442;2128;3308;3983;533;1612;2005;3088;3096;420;3920;950;2697;45;942;4408;376;724;3753;949;943;443",3757,0.0315216818952358,0.0412803924506064,0.0412803924506064,4.23010726841247,TRUE,TRUE,
"07_SwSIiUS","table2_treated_signup_neighbor_high","neighbor_high",168,0.0447165291455949,"Decrease",-0.00975871055537053,0.0317268874879627,0.0414855980433332,0.0414855980433332,4.25113520971296,TRUE,,TRUE,"734;613;729;3340;3342;3341;3343;1630;342;2795;1631;1001;3273;614;1628;655;2792;998;2788;1509;653;3269;2791;2965;2065;376;2876;649;344;1002;2793;732;94;999;2961;2062;346;343;656;2490;2060;1268;1271;1266;341;2960;3266;652;2956;2328;2959;994;2058;2486;2790;996;348;3378;2914;997;1624;3706;1504;1761;715;372;1311;2276;2494;1767;2332;714;712;876;2059;2958;2066;3373;2491;710;580;2329;3705;1308;450;2327;1179;2331;1942;3377;3380;1506;711;2160;449;316;1759;2910;1590;2755;1082;3652;447;2871;2569;808;1465;1312;3309;3301;1251;593;43;995;1199;507;1173;1083;2966;1769;3303;3653;1543;1658;1345;504;181;3658;1499;1752;2916;3307;1310;3702;185;1995;805;2364;1309;806;318;3625;370;2268;1307;1766;802;2750;3308;445;1339;2567;1666;2573;350;3256;790;2242;38;783;3663;315;603;3121;789;371;784;320","883;736;876;4019;4021;4020;4022;1963;409;3362;1964;1205;3940;737;1960;788;3359;1201;3354;1817;786;3936;3358;3568;2487;450;3459;780;412;1206;3360;880;114;1203;3562;2484;414;410;789;2997;2481;1527;1530;1525;408;3561;3931;785;3556;2800;3560;1196;2478;2992;3357;1199;417;4065;3505;1200;1956;4460;1811;2122;860;446;1578;2737;3001;2129;2804;859;857;1055;2479;3559;2488;4058;2998;855;696;2801;4459;1574;539;2799;1417;2803;2341;4064;4067;1813;856;2601;538;377;2120;3500;1916;3313;1303;4396;535;3453;3090;973;1765;1579;3984;3974;1506;713;51;1198;1443;608;1411;1304;3569;2131;3977;4397;1856;1997;1620;605;218;4403;1804;2110;3507;3981;1577;4455;223;2403;970;2844;1575;971;380;4363;442;2728;1573;2128;966;3308;3983;533;1612;3088;2005;3096;420;3920;950;2697;45;942;4408;376;724;3753;949;443;943;383",3757,0.0317268874879627,0.0414855980433332,0.0414855980433332,4.25113520971296,TRUE,TRUE,
"07_SwSIiUS","table2_treated_signup_neighbor_high","neighbor_high",169,0.0449826989619377,"Decrease",-0.00975871055537053,0.03193930383053,0.0416980143859005,0.0416980143859005,4.27290205497003,TRUE,,TRUE,"734;613;729;3340;3342;3341;3343;1630;342;2795;1631;1001;3273;614;1628;655;2792;998;2788;1509;653;3269;2791;2965;2065;376;2876;649;344;2793;1002;732;94;999;2961;2062;346;343;656;2490;2060;1268;1266;1271;341;2960;3266;652;2956;2328;2959;994;2058;2486;2790;996;348;3378;2914;997;1624;3706;1504;1761;715;372;1311;2494;2276;1767;2332;714;712;876;2059;2066;2958;3373;2491;710;580;2329;3705;1308;450;2327;1179;2331;1942;3377;3380;1506;711;2160;449;316;1759;2910;1590;2755;1082;3652;447;2871;2569;808;1465;1312;3309;3301;1251;593;43;995;1199;507;1173;1083;2966;1769;3303;3653;1543;1658;1345;504;181;3658;1499;1752;2916;3307;1310;3702;185;1995;805;1309;2364;806;318;3625;370;2268;1307;1766;802;2750;3308;445;1339;2567;1666;2573;350;3256;790;2242;38;783;3663;315;603;3121;371;789;784;320;1180","883;736;876;4019;4021;4020;4022;1963;409;3362;1964;1205;3940;737;1960;788;3359;1201;3354;1817;786;3936;3358;3568;2487;450;3459;780;412;3360;1206;880;114;1203;3562;2484;414;410;789;2997;2481;1527;1525;1530;408;3561;3931;785;3556;2800;3560;1196;2478;2992;3357;1199;417;4065;3505;1200;1956;4460;1811;2122;860;446;1578;3001;2737;2129;2804;859;857;1055;2479;2488;3559;4058;2998;855;696;2801;4459;1574;539;2799;1417;2803;2341;4064;4067;1813;856;2601;538;377;2120;3500;1916;3313;1303;4396;535;3453;3090;973;1765;1579;3984;3974;1506;713;51;1198;1443;608;1411;1304;3569;2131;3977;4397;1856;1997;1620;605;218;4403;1804;2110;3507;3981;1577;4455;223;2403;970;1575;2844;971;380;4363;442;2728;1573;2128;966;3308;3983;533;1612;3088;2005;3096;420;3920;950;2697;45;942;4408;376;724;3753;443;949;943;383;1418",3757,0.03193930383053,0.0416980143859005,0.0416980143859005,4.27290205497003,TRUE,TRUE,
"07_SwSIiUS","table2_treated_signup_neighbor_high","neighbor_high",170,0.0452488687782805,"Decrease",-0.00975871055537053,0.032152844745859,0.0419115553012296,0.0419115553012296,4.29478413807081,TRUE,,TRUE,"734;613;729;3340;3342;3341;3343;1630;342;2795;1631;1001;3273;614;1628;655;2792;998;2788;1509;653;3269;2791;2965;2065;376;2876;649;344;2793;1002;732;94;999;2961;2062;346;343;656;2490;2060;1266;1268;1271;341;2960;3266;652;2956;2328;2959;994;2058;2486;2790;996;348;3378;2914;997;1624;3706;1504;1761;372;715;1311;2494;2276;1767;2332;714;712;2059;876;2066;2958;3373;2491;710;580;2329;3705;1308;450;2327;1179;2331;1942;3377;3380;1506;711;2160;449;316;1759;2910;1590;2755;1082;3652;447;2871;2569;808;1465;1312;3309;3301;1251;593;995;43;1199;507;1173;1083;2966;3303;1769;3653;1543;1658;1345;504;181;3658;1499;1752;2916;3307;1310;3702;185;1995;1309;805;2364;806;3625;318;370;2268;1307;1766;802;2750;3308;445;1339;2567;1666;2573;350;3256;790;2242;315;38;3663;783;603;3121;371;784;789;320;1180;1174","883;736;876;4019;4021;4020;4022;1963;409;3362;1964;1205;3940;737;1960;788;3359;1201;3354;1817;786;3936;3358;3568;2487;450;3459;780;412;3360;1206;880;114;1203;3562;2484;414;410;789;2997;2481;1525;1527;1530;408;3561;3931;785;3556;2800;3560;1196;2478;2992;3357;1199;417;4065;3505;1200;1956;4460;1811;2122;446;860;1578;3001;2737;2129;2804;859;857;2479;1055;2488;3559;4058;2998;855;696;2801;4459;1574;539;2799;1417;2803;2341;4064;4067;1813;856;2601;538;377;2120;3500;1916;3313;1303;4396;535;3453;3090;973;1765;1579;3984;3974;1506;713;1198;51;1443;608;1411;1304;3569;3977;2131;4397;1856;1997;1620;605;218;4403;1804;2110;3507;3981;1577;4455;223;2403;1575;970;2844;971;4363;380;442;2728;1573;2128;966;3308;3983;533;1612;3088;2005;3096;420;3920;950;2697;376;45;4408;942;724;3753;443;943;949;383;1418;1412",3757,0.032152844745859,0.0419115553012296,0.0419115553012296,4.29478413807081,TRUE,TRUE,
"07_SwSIiUS","table2_treated_signup_neighbor_high","neighbor_high",171,0.0455150385946234,"Decrease",-0.00975871055537053,0.0323592731924245,0.0421179837477951,0.0421179837477951,4.31593738832803,TRUE,,TRUE,"734;613;729;3340;3342;3341;3343;1630;342;2795;1631;1001;3273;614;1628;655;2792;998;2788;1509;653;3269;2791;2965;2065;376;2876;649;344;2793;1002;732;94;999;2961;2062;346;343;656;2490;2060;1266;1268;1271;341;2960;3266;652;2956;2328;994;2959;2058;2790;2486;996;348;3378;2914;997;1624;3706;1504;1761;372;715;1311;2494;2276;1767;2332;714;712;2059;876;2066;2958;3373;2491;710;580;2329;3705;1308;450;2327;1179;2331;1942;3377;3380;1506;711;2160;449;316;1759;2910;1590;2755;1082;3652;447;2871;2569;808;1465;1312;3309;3301;1251;593;995;43;1199;507;1173;1083;2966;3303;1769;3653;1543;1658;1345;504;181;3658;1752;1499;2916;3307;1310;3702;185;1995;1309;805;2364;806;3625;318;370;2268;1307;1766;802;2750;3308;445;1339;2567;1666;2573;350;3256;790;2242;315;38;3663;783;603;3121;371;784;789;320;1329;1180;1174","883;736;876;4019;4021;4020;4022;1963;409;3362;1964;1205;3940;737;1960;788;3359;1201;3354;1817;786;3936;3358;3568;2487;450;3459;780;412;3360;1206;880;114;1203;3562;2484;414;410;789;2997;2481;1525;1527;1530;408;3561;3931;785;3556;2800;1196;3560;2478;3357;2992;1199;417;4065;3505;1200;1956;4460;1811;2122;446;860;1578;3001;2737;2129;2804;859;857;2479;1055;2488;3559;4058;2998;855;696;2801;4459;1574;539;2799;1417;2803;2341;4064;4067;1813;856;2601;538;377;2120;3500;1916;3313;1303;4396;535;3453;3090;973;1765;1579;3984;3974;1506;713;1198;51;1443;608;1411;1304;3569;3977;2131;4397;1856;1997;1620;605;218;4403;2110;1804;3507;3981;1577;4455;223;2403;1575;970;2844;971;4363;380;442;2728;1573;2128;966;3308;3983;533;1612;3088;2005;3096;420;3920;950;2697;376;45;4408;942;724;3753;443;943;949;383;1600;1418;1412",3757,0.0323592731924245,0.0421179837477951,0.0421179837477951,4.31593738832803,TRUE,TRUE,
"07_SwSIiUS","table2_treated_signup_neighbor_high","neighbor_high",172,0.0457812084109662,"Decrease",-0.00975871055537053,0.0325721304579433,0.0423308410133138,0.0423308410133138,4.33774941608631,TRUE,,TRUE,"734;613;729;3340;3342;3341;3343;1630;342;2795;1631;1001;3273;614;1628;655;2792;998;2788;1509;653;3269;2791;2965;2065;376;2876;649;344;2793;1002;732;94;999;2961;2062;346;343;656;2490;1266;2060;1268;1271;341;2960;3266;652;2956;2328;994;2959;2790;2058;2486;996;348;3378;997;2914;1624;3706;1504;1761;372;715;1311;2494;2276;1767;2332;714;712;2059;876;2066;2958;3373;2491;710;580;2329;3705;1308;450;2327;1179;2331;1942;3377;3380;1506;711;2160;449;316;1759;2910;1590;2755;1082;3652;2871;447;2569;808;1465;1312;3309;1251;3301;593;995;43;1199;507;1173;1083;2966;3303;1769;3653;1543;1658;504;1345;181;3658;1752;1499;2916;3307;1310;3702;185;1995;1309;805;2364;3625;806;370;318;2268;1307;1766;802;2750;3308;445;1339;2567;1666;2573;350;3256;790;2242;315;38;3663;783;603;3121;371;784;789;320;1329;1180;1174;1140","883;736;876;4019;4021;4020;4022;1963;409;3362;1964;1205;3940;737;1960;788;3359;1201;3354;1817;786;3936;3358;3568;2487;450;3459;780;412;3360;1206;880;114;1203;3562;2484;414;410;789;2997;1525;2481;1527;1530;408;3561;3931;785;3556;2800;1196;3560;3357;2478;2992;1199;417;4065;1200;3505;1956;4460;1811;2122;446;860;1578;3001;2737;2129;2804;859;857;2479;1055;2488;3559;4058;2998;855;696;2801;4459;1574;539;2799;1417;2803;2341;4064;4067;1813;856;2601;538;377;2120;3500;1916;3313;1303;4396;3453;535;3090;973;1765;1579;3984;1506;3974;713;1198;51;1443;608;1411;1304;3569;3977;2131;4397;1856;1997;605;1620;218;4403;2110;1804;3507;3981;1577;4455;223;2403;1575;970;2844;4363;971;442;380;2728;1573;2128;966;3308;3983;533;1612;3088;2005;3096;420;3920;950;2697;376;45;4408;942;724;3753;443;943;949;383;1600;1418;1412;1372",3757,0.0325721304579433,0.0423308410133138,0.0423308410133138,4.33774941608631,TRUE,TRUE,
"07_SwSIiUS","table2_treated_signup_neighbor_high","neighbor_high",173,0.046047378227309,"Decrease",-0.00975871055537053,0.0327906658144807,0.0425493763698512,0.0425493763698512,4.36014329233639,TRUE,,TRUE,"734;613;729;3340;3342;3341;3343;1630;342;2795;1631;1001;3273;614;1628;2792;655;998;2788;1509;653;3269;2791;2965;2065;376;2876;649;344;2793;1002;732;94;999;2961;2062;346;343;656;2490;1266;2060;1268;1271;341;2960;3266;652;2956;2328;994;2959;2790;2058;2486;996;348;997;3378;2914;1624;3706;1504;1761;372;715;1311;2494;2276;1767;2332;714;2059;712;876;2066;2958;3373;2491;710;580;2329;3705;1308;450;2327;1179;2331;1942;3377;3380;1506;711;2160;449;316;1759;2910;1590;2755;1082;3652;2871;447;2569;808;1465;1312;3309;1251;3301;593;995;43;1199;507;1173;1083;2966;3303;1769;3653;1543;1658;504;1345;181;3658;1752;1499;2916;3307;1310;3702;185;1995;1309;805;2364;3625;370;806;318;2268;1307;1766;802;2750;3308;445;1339;2567;1666;2573;350;3256;2242;790;315;3663;38;783;371;603;3121;784;789;320;1329;1140;1180;1174;2277","883;736;876;4019;4021;4020;4022;1963;409;3362;1964;1205;3940;737;1960;3359;788;1201;3354;1817;786;3936;3358;3568;2487;450;3459;780;412;3360;1206;880;114;1203;3562;2484;414;410;789;2997;1525;2481;1527;1530;408;3561;3931;785;3556;2800;1196;3560;3357;2478;2992;1199;417;1200;4065;3505;1956;4460;1811;2122;446;860;1578;3001;2737;2129;2804;859;2479;857;1055;2488;3559;4058;2998;855;696;2801;4459;1574;539;2799;1417;2803;2341;4064;4067;1813;856;2601;538;377;2120;3500;1916;3313;1303;4396;3453;535;3090;973;1765;1579;3984;1506;3974;713;1198;51;1443;608;1411;1304;3569;3977;2131;4397;1856;1997;605;1620;218;4403;2110;1804;3507;3981;1577;4455;223;2403;1575;970;2844;4363;442;971;380;2728;1573;2128;966;3308;3983;533;1612;3088;2005;3096;420;3920;2697;950;376;4408;45;942;443;724;3753;943;949;383;1600;1372;1418;1412;2738",3757,0.0327906658144807,0.0425493763698512,0.0425493763698512,4.36014329233639,TRUE,TRUE,
"07_SwSIiUS","table2_treated_signup_neighbor_high","neighbor_high",174,0.0463135480436518,"Decrease",-0.00975871055537053,0.0329857753677999,0.0427444859231704,0.0427444859231704,4.38013666668767,TRUE,,TRUE,"734;613;729;3340;3342;3341;3343;1630;342;2795;1631;1001;3273;614;1628;2792;655;998;2788;1509;653;3269;2791;2965;2065;376;2876;649;344;2793;1002;732;94;999;2961;2062;346;343;656;2490;1266;2060;1268;1271;341;2960;3266;652;2956;2328;994;2959;2790;2058;2486;996;348;997;3378;2914;1624;3706;1504;1761;372;715;1311;2494;2276;1767;2332;714;2059;712;876;2066;2958;3373;2491;710;580;2329;3705;1308;450;2327;1179;2331;1942;3377;1506;3380;2160;711;449;316;1759;2910;1590;2755;1082;2871;3652;447;2569;808;1465;1312;3309;1251;3301;995;593;43;1199;507;1173;1083;2966;3303;3653;1769;1543;1658;504;1345;181;3658;1752;1499;2916;3307;1310;3702;185;1995;1309;805;2364;3625;370;806;318;2268;1307;1766;802;2750;3308;445;1339;2567;1666;2573;350;3256;2242;315;790;3663;38;783;371;603;3121;784;789;320;1329;1140;1180;1174;2277;2241","883;736;876;4019;4021;4020;4022;1963;409;3362;1964;1205;3940;737;1960;3359;788;1201;3354;1817;786;3936;3358;3568;2487;450;3459;780;412;3360;1206;880;114;1203;3562;2484;414;410;789;2997;1525;2481;1527;1530;408;3561;3931;785;3556;2800;1196;3560;3357;2478;2992;1199;417;1200;4065;3505;1956;4460;1811;2122;446;860;1578;3001;2737;2129;2804;859;2479;857;1055;2488;3559;4058;2998;855;696;2801;4459;1574;539;2799;1417;2803;2341;4064;1813;4067;2601;856;538;377;2120;3500;1916;3313;1303;3453;4396;535;3090;973;1765;1579;3984;1506;3974;1198;713;51;1443;608;1411;1304;3569;3977;4397;2131;1856;1997;605;1620;218;4403;2110;1804;3507;3981;1577;4455;223;2403;1575;970;2844;4363;442;971;380;2728;1573;2128;966;3308;3983;533;1612;3088;2005;3096;420;3920;2697;376;950;4408;45;942;443;724;3753;943;949;383;1600;1372;1418;1412;2738;2696",3757,0.0329857753677999,0.0427444859231704,0.0427444859231704,4.38013666668767,TRUE,TRUE,
"07_SwSIiUS","table2_treated_signup_neighbor_high","neighbor_high",175,0.0465797178599947,"Decrease",-0.00975871055537053,0.0332005606734608,0.0429592712288314,0.0429592712288314,4.40214626564465,TRUE,,TRUE,"734;613;729;3340;3342;3341;3343;1630;342;2795;1631;1001;3273;614;1628;2792;655;998;2788;1509;653;3269;2791;2965;2065;376;2876;649;344;2793;1002;732;94;999;2961;2062;346;343;656;2490;1266;2060;1268;1271;341;2960;3266;652;2956;994;2328;2959;2790;2058;2486;996;348;997;3378;2914;1624;3706;1504;372;1761;715;1311;2494;2276;1767;2332;714;2059;712;876;2066;2958;3373;2491;710;580;2329;3705;1308;450;2327;1179;2331;1942;3377;1506;3380;2160;711;449;316;1759;1590;2910;2871;2755;1082;3652;447;2569;808;1465;1312;3309;1251;3301;995;593;43;1199;507;1173;1083;2966;3303;3653;1769;1543;1658;504;181;3658;1345;1752;1499;2916;3307;1310;3702;185;1309;1995;805;2364;3625;370;806;318;2268;1307;1766;802;2750;3308;445;1339;2567;2573;1666;350;3256;2242;315;790;3663;38;783;371;3121;603;784;789;320;1329;1140;1180;1174;2277;2241;313","883;736;876;4019;4021;4020;4022;1963;409;3362;1964;1205;3940;737;1960;3359;788;1201;3354;1817;786;3936;3358;3568;2487;450;3459;780;412;3360;1206;880;114;1203;3562;2484;414;410;789;2997;1525;2481;1527;1530;408;3561;3931;785;3556;1196;2800;3560;3357;2478;2992;1199;417;1200;4065;3505;1956;4460;1811;446;2122;860;1578;3001;2737;2129;2804;859;2479;857;1055;2488;3559;4058;2998;855;696;2801;4459;1574;539;2799;1417;2803;2341;4064;1813;4067;2601;856;538;377;2120;1916;3500;3453;3313;1303;4396;535;3090;973;1765;1579;3984;1506;3974;1198;713;51;1443;608;1411;1304;3569;3977;4397;2131;1856;1997;605;218;4403;1620;2110;1804;3507;3981;1577;4455;223;1575;2403;970;2844;4363;442;971;380;2728;1573;2128;966;3308;3983;533;1612;3088;3096;2005;420;3920;2697;376;950;4408;45;942;443;3753;724;943;949;383;1600;1372;1418;1412;2738;2696;374",3757,0.0332005606734608,0.0429592712288314,0.0429592712288314,4.40214626564465,TRUE,TRUE,
"07_SwSIiUS","table2_treated_signup_neighbor_high","neighbor_high",176,0.0468458876763375,"Decrease",-0.00975871055537053,0.0334429227284714,0.043201633283842,0.043201633283842,4.42698172455445,TRUE,,TRUE,"734;613;729;3340;3342;3341;3343;1630;342;2795;1631;1001;3273;614;1628;2792;655;998;2788;1509;653;3269;2791;2965;2065;376;2876;649;344;2793;1002;732;94;999;2961;2062;346;343;656;2490;1266;2060;1268;1271;341;2960;3266;652;2956;994;2328;2959;2790;2058;2486;996;348;997;3378;2914;1624;3706;1504;372;1761;715;1311;2494;2276;1767;2332;714;2059;712;876;2066;2958;3373;2491;710;580;2329;3705;1308;450;2327;1179;2331;1942;3377;1506;3380;2160;711;449;316;1759;1590;2910;2871;2755;1082;3652;447;2569;808;1465;1312;3309;1251;995;3301;593;43;1199;507;1173;1083;2966;3303;3653;1769;1543;1658;504;181;3658;1345;1752;1499;2916;3307;1310;3702;185;1309;1995;805;2364;3625;370;806;318;2268;1307;1766;802;3308;445;2750;1339;2567;2573;1666;350;3256;2242;315;790;3663;38;783;371;3121;603;784;789;320;1329;1140;1180;1174;2277;2241;313;3703","883;736;876;4019;4021;4020;4022;1963;409;3362;1964;1205;3940;737;1960;3359;788;1201;3354;1817;786;3936;3358;3568;2487;450;3459;780;412;3360;1206;880;114;1203;3562;2484;414;410;789;2997;1525;2481;1527;1530;408;3561;3931;785;3556;1196;2800;3560;3357;2478;2992;1199;417;1200;4065;3505;1956;4460;1811;446;2122;860;1578;3001;2737;2129;2804;859;2479;857;1055;2488;3559;4058;2998;855;696;2801;4459;1574;539;2799;1417;2803;2341;4064;1813;4067;2601;856;538;377;2120;1916;3500;3453;3313;1303;4396;535;3090;973;1765;1579;3984;1506;1198;3974;713;51;1443;608;1411;1304;3569;3977;4397;2131;1856;1997;605;218;4403;1620;2110;1804;3507;3981;1577;4455;223;1575;2403;970;2844;4363;442;971;380;2728;1573;2128;966;3983;533;3308;1612;3088;3096;2005;420;3920;2697;376;950;4408;45;942;443;3753;724;943;949;383;1600;1372;1418;1412;2738;2696;374;4456",3757,0.0334429227284714,0.043201633283842,0.043201633283842,4.42698172455445,TRUE,TRUE,
"07_SwSIiUS","table2_treated_signup_neighbor_high","neighbor_high",177,0.0471120574926803,"Decrease",-0.00975871055537053,0.0336567775382645,0.043415488093635,0.043415488093635,4.44889597322282,TRUE,,TRUE,"734;613;729;3340;3342;3343;3341;1630;342;2795;1631;1001;3273;614;1628;2792;655;998;2788;1509;653;3269;2791;2965;2065;376;2876;649;344;2793;1002;732;94;999;2961;2062;346;343;656;2490;1266;2060;1268;1271;341;2960;3266;652;2956;994;2328;2959;2790;2058;2486;996;348;997;3378;2914;1624;1504;3706;372;1761;715;1311;2494;2276;1767;2332;714;2059;712;876;2066;2958;3373;2491;710;580;2329;3705;1308;2327;450;1179;2331;1942;3377;1506;3380;2160;711;449;316;1759;1590;2910;2871;2755;1082;3652;447;2569;808;1465;1312;3309;995;1251;3301;593;43;1199;507;1173;1083;2966;3303;3653;1769;1543;1658;504;181;3658;1345;1752;1499;2916;3307;1310;3702;185;1309;1995;805;2364;370;3625;806;318;2268;1307;1766;3308;445;802;2750;1339;2567;2573;1666;350;3256;2242;315;790;3663;371;38;783;3121;603;784;789;320;1329;1140;1180;1174;2241;2277;313;608;3703","883;736;876;4019;4021;4022;4020;1963;409;3362;1964;1205;3940;737;1960;3359;788;1201;3354;1817;786;3936;3358;3568;2487;450;3459;780;412;3360;1206;880;114;1203;3562;2484;414;410;789;2997;1525;2481;1527;1530;408;3561;3931;785;3556;1196;2800;3560;3357;2478;2992;1199;417;1200;4065;3505;1956;1811;4460;446;2122;860;1578;3001;2737;2129;2804;859;2479;857;1055;2488;3559;4058;2998;855;696;2801;4459;1574;2799;539;1417;2803;2341;4064;1813;4067;2601;856;538;377;2120;1916;3500;3453;3313;1303;4396;535;3090;973;1765;1579;3984;1198;1506;3974;713;51;1443;608;1411;1304;3569;3977;4397;2131;1856;1997;605;218;4403;1620;2110;1804;3507;3981;1577;4455;223;1575;2403;970;2844;442;4363;971;380;2728;1573;2128;3983;533;966;3308;1612;3088;3096;2005;420;3920;2697;376;950;4408;443;45;942;3753;724;943;949;383;1600;1372;1418;1412;2696;2738;374;730;4456",3757,0.0336567775382645,0.043415488093635,0.043415488093635,4.44889597322282,TRUE,TRUE,
"07_SwSIiUS","table2_treated_signup_neighbor_high","neighbor_high",178,0.0473782273090232,"Decrease",-0.00975871055537053,0.0338533458648018,0.0436120564201723,0.0436120564201723,4.4690388317923,TRUE,,TRUE,"734;613;729;3340;3342;3343;3341;1630;342;2795;1631;1001;3273;614;1628;2792;655;998;2788;1509;653;3269;2791;2965;2065;376;2876;649;344;2793;732;1002;94;999;2961;2062;346;343;656;2490;1266;2060;1268;1271;341;2960;3266;652;2956;994;2328;2790;2959;2058;2486;996;348;997;3378;2914;1624;1504;3706;372;1761;1311;715;2494;2276;1767;2332;2059;714;712;876;2066;2958;3373;2491;710;580;2329;3705;1308;2327;450;1179;2331;1942;3377;1506;3380;2160;711;449;316;1759;1590;2871;2910;2755;1082;3652;447;2569;808;1465;1312;3309;995;1251;3301;593;43;1199;507;1173;1083;2966;3303;3653;1769;1543;1658;504;3658;181;1345;1752;1499;2916;3307;1310;3702;185;1309;1995;805;2364;370;3625;806;2268;318;1307;1766;3308;445;802;2750;1339;2567;2573;350;1666;3256;2242;315;790;371;3663;38;783;3121;603;784;789;320;1329;1140;1180;1174;2241;2277;313;608;3703;1080","883;736;876;4019;4021;4022;4020;1963;409;3362;1964;1205;3940;737;1960;3359;788;1201;3354;1817;786;3936;3358;3568;2487;450;3459;780;412;3360;880;1206;114;1203;3562;2484;414;410;789;2997;1525;2481;1527;1530;408;3561;3931;785;3556;1196;2800;3357;3560;2478;2992;1199;417;1200;4065;3505;1956;1811;4460;446;2122;1578;860;3001;2737;2129;2804;2479;859;857;1055;2488;3559;4058;2998;855;696;2801;4459;1574;2799;539;1417;2803;2341;4064;1813;4067;2601;856;538;377;2120;1916;3453;3500;3313;1303;4396;535;3090;973;1765;1579;3984;1198;1506;3974;713;51;1443;608;1411;1304;3569;3977;4397;2131;1856;1997;605;4403;218;1620;2110;1804;3507;3981;1577;4455;223;1575;2403;970;2844;442;4363;971;2728;380;1573;2128;3983;533;966;3308;1612;3088;3096;420;2005;3920;2697;376;950;443;4408;45;942;3753;724;943;949;383;1600;1372;1418;1412;2696;2738;374;730;4456;1301",3757,0.0338533458648018,0.0436120564201723,0.0436120564201723,4.4690388317923,TRUE,TRUE,
"07_SwSIiUS","table2_treated_signup_neighbor_high","neighbor_high",179,0.047644397125366,"Decrease",-0.00975871055537053,0.0340741816329739,0.0438328921883444,0.0438328921883444,4.49166843709918,TRUE,,TRUE,"734;613;729;3340;3342;3343;3341;1630;342;2795;1631;1001;3273;614;1628;2792;655;998;2788;1509;653;3269;2791;2965;2065;376;2876;649;344;2793;732;1002;94;999;2961;2062;346;343;656;2490;1266;2060;1268;1271;341;2960;3266;652;2956;994;2790;2328;2959;2058;2486;996;348;997;3378;2914;1624;1504;3706;372;1761;1311;715;2494;2276;1767;2332;2059;714;712;876;2066;2958;3373;2491;710;580;2329;3705;1308;2327;450;1179;2331;1942;3377;1506;3380;2160;711;449;316;1759;2871;1590;2910;2755;1082;3652;447;2569;808;1465;1312;3309;995;1251;3301;593;43;1199;507;1173;1083;2966;3303;3653;1769;1543;1658;504;3658;181;1345;1752;1499;2916;3307;1310;3702;185;1309;1995;805;370;2364;3625;806;2268;318;1307;1766;445;3308;802;2750;2567;1339;2573;350;3256;1666;2242;315;371;790;3663;38;783;3121;603;784;789;320;1329;1140;1180;1174;2241;2277;313;608;3703;1080;3264","883;736;876;4019;4021;4022;4020;1963;409;3362;1964;1205;3940;737;1960;3359;788;1201;3354;1817;786;3936;3358;3568;2487;450;3459;780;412;3360;880;1206;114;1203;3562;2484;414;410;789;2997;1525;2481;1527;1530;408;3561;3931;785;3556;1196;3357;2800;3560;2478;2992;1199;417;1200;4065;3505;1956;1811;4460;446;2122;1578;860;3001;2737;2129;2804;2479;859;857;1055;2488;3559;4058;2998;855;696;2801;4459;1574;2799;539;1417;2803;2341;4064;1813;4067;2601;856;538;377;2120;3453;1916;3500;3313;1303;4396;535;3090;973;1765;1579;3984;1198;1506;3974;713;51;1443;608;1411;1304;3569;3977;4397;2131;1856;1997;605;4403;218;1620;2110;1804;3507;3981;1577;4455;223;1575;2403;970;442;2844;4363;971;2728;380;1573;2128;533;3983;966;3308;3088;1612;3096;420;3920;2005;2697;376;443;950;4408;45;942;3753;724;943;949;383;1600;1372;1418;1412;2696;2738;374;730;4456;1301;3929",3757,0.0340741816329739,0.0438328921883444,0.0438328921883444,4.49166843709918,TRUE,TRUE,
"07_SwSIiUS","table2_treated_signup_neighbor_high","neighbor_high",180,0.0479105669417088,"Decrease",-0.00975871055537053,0.0342919645411428,0.0440506750965134,0.0440506750965134,4.51398520804276,TRUE,,TRUE,"734;613;729;3340;3342;3343;3341;1630;342;2795;1631;3273;1001;614;1628;2792;655;998;2788;1509;653;3269;2791;2965;2065;376;2876;649;344;2793;732;1002;94;999;2961;2062;346;343;656;2490;1266;2060;1268;1271;341;2960;3266;652;2956;994;2790;2959;2328;2058;2486;996;348;997;2914;3378;1624;1504;3706;372;1761;1311;715;2494;2276;1767;2332;2059;714;712;876;2066;2958;3373;2491;710;580;2329;3705;1308;2327;450;1179;2331;1942;1506;3377;3380;2160;711;449;316;1759;2871;1590;2910;2755;1082;3652;447;2569;808;1465;1312;995;3309;1251;3301;593;43;1199;507;1173;2966;1083;3303;3653;1769;1543;1658;504;3658;181;1345;1752;1499;2916;3307;1310;3702;185;1309;1995;370;3625;805;2364;806;2268;318;1307;1766;445;3308;2750;802;2567;1339;2573;350;3256;1666;2242;315;371;790;3663;38;783;3121;603;784;789;320;1329;1140;1180;1174;2241;2277;313;1080;608;3703;3264;1015","883;736;876;4019;4021;4022;4020;1963;409;3362;1964;3940;1205;737;1960;3359;788;1201;3354;1817;786;3936;3358;3568;2487;450;3459;780;412;3360;880;1206;114;1203;3562;2484;414;410;789;2997;1525;2481;1527;1530;408;3561;3931;785;3556;1196;3357;3560;2800;2478;2992;1199;417;1200;3505;4065;1956;1811;4460;446;2122;1578;860;3001;2737;2129;2804;2479;859;857;1055;2488;3559;4058;2998;855;696;2801;4459;1574;2799;539;1417;2803;2341;1813;4064;4067;2601;856;538;377;2120;3453;1916;3500;3313;1303;4396;535;3090;973;1765;1579;1198;3984;1506;3974;713;51;1443;608;1411;3569;1304;3977;4397;2131;1856;1997;605;4403;218;1620;2110;1804;3507;3981;1577;4455;223;1575;2403;442;4363;970;2844;971;2728;380;1573;2128;533;3983;3308;966;3088;1612;3096;420;3920;2005;2697;376;443;950;4408;45;942;3753;724;943;949;383;1600;1372;1418;1412;2696;2738;374;1301;730;4456;3929;1221",3757,0.0342919645411428,0.0440506750965134,0.0440506750965134,4.51398520804276,TRUE,TRUE,
"07_SwSIiUS","table2_treated_signup_neighbor_high","neighbor_high",181,0.0481767367580516,"Decrease",-0.00975871055537053,0.0345206851171401,0.0442793956725107,0.0442793956725107,4.53742278974985,TRUE,,TRUE,"734;613;729;3340;3342;3343;3341;1630;342;2795;1631;3273;1001;614;1628;2792;655;998;2788;1509;653;3269;2791;2965;2065;376;2876;649;344;2793;732;1002;94;999;2961;2062;346;343;656;2490;1266;2060;1268;1271;341;2960;3266;652;2956;994;2790;2959;2328;2058;2486;996;348;997;2914;3378;1624;1504;3706;372;1761;1311;715;2494;2276;1767;2332;2059;714;712;876;2066;2958;3373;2491;710;580;2329;3705;1308;2327;450;1179;2331;1942;1506;3377;3380;2160;711;449;316;1759;2871;1590;2910;2755;1082;3652;447;2569;808;1465;1312;995;3309;1251;3301;593;43;1199;507;1173;2966;1083;3303;3653;1769;1543;1658;504;3658;181;1345;1752;1499;2916;3307;1310;3702;1309;185;1995;370;3625;805;2364;2268;806;1307;1766;318;445;3308;2750;802;2567;1339;2573;350;3256;1666;2242;315;371;790;3663;38;783;3121;603;784;789;320;1329;1140;1180;1174;2241;2277;313;1080;608;3703;3264;1015;3299","883;736;876;4019;4021;4022;4020;1963;409;3362;1964;3940;1205;737;1960;3359;788;1201;3354;1817;786;3936;3358;3568;2487;450;3459;780;412;3360;880;1206;114;1203;3562;2484;414;410;789;2997;1525;2481;1527;1530;408;3561;3931;785;3556;1196;3357;3560;2800;2478;2992;1199;417;1200;3505;4065;1956;1811;4460;446;2122;1578;860;3001;2737;2129;2804;2479;859;857;1055;2488;3559;4058;2998;855;696;2801;4459;1574;2799;539;1417;2803;2341;1813;4064;4067;2601;856;538;377;2120;3453;1916;3500;3313;1303;4396;535;3090;973;1765;1579;1198;3984;1506;3974;713;51;1443;608;1411;3569;1304;3977;4397;2131;1856;1997;605;4403;218;1620;2110;1804;3507;3981;1577;4455;1575;223;2403;442;4363;970;2844;2728;971;1573;2128;380;533;3983;3308;966;3088;1612;3096;420;3920;2005;2697;376;443;950;4408;45;942;3753;724;943;949;383;1600;1372;1418;1412;2696;2738;374;1301;730;4456;3929;1221;3972",3757,0.0345206851171401,0.0442793956725107,0.0442793956725107,4.53742278974985,TRUE,TRUE,
"07_SwSIiUS","table2_treated_signup_neighbor_high","neighbor_high",182,0.0484429065743945,"Decrease",-0.00975871055537053,0.0347347512965905,0.044493461851961,0.044493461851961,4.55935869800697,TRUE,,TRUE,"734;613;729;3340;3342;3343;3341;1630;342;2795;1631;3273;614;1001;1628;2792;655;998;2788;1509;653;3269;2791;2965;2065;376;2876;649;344;2793;732;1002;94;999;2961;2062;346;343;656;2490;1266;2060;1268;1271;341;2960;3266;652;2956;2790;994;2959;2328;2058;2486;996;348;997;2914;3378;1624;1504;372;3706;1761;1311;715;2494;2276;1767;2332;2059;714;712;876;2066;2958;3373;2491;710;580;2329;3705;1308;2327;450;1179;2331;1942;1506;3377;3380;2160;711;449;316;1759;2871;1590;2910;2755;1082;3652;447;2569;808;1465;995;1312;3309;1251;3301;593;43;1199;507;1173;2966;1083;3303;3653;1769;1543;1658;504;3658;181;1345;1752;1499;2916;3307;1310;1309;3702;185;1995;370;3625;805;2364;2268;806;1766;1307;318;445;3308;2750;2567;802;1339;2573;350;3256;1666;371;315;2242;790;3663;38;783;3121;603;784;789;320;1329;1140;1180;1174;2241;2277;313;1080;608;3703;3264;1015;3299;1076","883;736;876;4019;4021;4022;4020;1963;409;3362;1964;3940;737;1205;1960;3359;788;1201;3354;1817;786;3936;3358;3568;2487;450;3459;780;412;3360;880;1206;114;1203;3562;2484;414;410;789;2997;1525;2481;1527;1530;408;3561;3931;785;3556;3357;1196;3560;2800;2478;2992;1199;417;1200;3505;4065;1956;1811;446;4460;2122;1578;860;3001;2737;2129;2804;2479;859;857;1055;2488;3559;4058;2998;855;696;2801;4459;1574;2799;539;1417;2803;2341;1813;4064;4067;2601;856;538;377;2120;3453;1916;3500;3313;1303;4396;535;3090;973;1765;1198;1579;3984;1506;3974;713;51;1443;608;1411;3569;1304;3977;4397;2131;1856;1997;605;4403;218;1620;2110;1804;3507;3981;1577;1575;4455;223;2403;442;4363;970;2844;2728;971;2128;1573;380;533;3983;3308;3088;966;1612;3096;420;3920;2005;443;376;2697;950;4408;45;942;3753;724;943;949;383;1600;1372;1418;1412;2696;2738;374;1301;730;4456;3929;1221;3972;1295",3757,0.0347347512965905,0.044493461851961,0.044493461851961,4.55935869800697,TRUE,TRUE,
"07_SwSIiUS","table2_treated_signup_neighbor_high","neighbor_high",183,0.0487090763907373,"Decrease",-0.00975871055537053,0.034950062311766,0.0447087728671366,0.0447087728671366,4.58142216776087,TRUE,,TRUE,"734;613;729;3340;3342;3343;3341;1630;342;2795;1631;3273;614;1628;1001;2792;655;998;2788;1509;653;3269;2791;2965;2065;376;2876;649;344;2793;732;1002;94;999;2961;2062;346;343;656;2490;1266;2060;1268;1271;341;2960;3266;652;2956;2790;994;2959;2328;2058;2486;996;348;997;2914;3378;1624;1504;372;3706;1761;1311;715;2494;2276;1767;2332;2059;714;712;876;2066;2958;3373;2491;710;580;2329;3705;1308;2327;450;1179;2331;1942;1506;3377;3380;2160;711;449;316;1759;2871;1590;2910;2755;1082;3652;447;2569;808;1465;995;1312;3309;1251;3301;593;43;1199;507;1173;2966;1083;3303;3653;1769;1543;1658;504;3658;181;1752;1345;1499;2916;3307;1310;1309;3702;185;1995;370;3625;805;2364;2268;806;1766;1307;318;445;3308;2567;2750;1339;802;2573;350;3256;371;1666;315;2242;790;3663;38;783;3121;603;784;789;320;1329;1140;1180;1174;2241;2277;313;1080;608;3703;3264;1015;3299;1076;1370","883;736;876;4019;4021;4022;4020;1963;409;3362;1964;3940;737;1960;1205;3359;788;1201;3354;1817;786;3936;3358;3568;2487;450;3459;780;412;3360;880;1206;114;1203;3562;2484;414;410;789;2997;1525;2481;1527;1530;408;3561;3931;785;3556;3357;1196;3560;2800;2478;2992;1199;417;1200;3505;4065;1956;1811;446;4460;2122;1578;860;3001;2737;2129;2804;2479;859;857;1055;2488;3559;4058;2998;855;696;2801;4459;1574;2799;539;1417;2803;2341;1813;4064;4067;2601;856;538;377;2120;3453;1916;3500;3313;1303;4396;535;3090;973;1765;1198;1579;3984;1506;3974;713;51;1443;608;1411;3569;1304;3977;4397;2131;1856;1997;605;4403;218;2110;1620;1804;3507;3981;1577;1575;4455;223;2403;442;4363;970;2844;2728;971;2128;1573;380;533;3983;3088;3308;1612;966;3096;420;3920;443;2005;376;2697;950;4408;45;942;3753;724;943;949;383;1600;1372;1418;1412;2696;2738;374;1301;730;4456;3929;1221;3972;1295;1651",3757,0.034950062311766,0.0447087728671366,0.0447087728671366,4.58142216776087,TRUE,TRUE,
"07_SwSIiUS","table2_treated_signup_neighbor_high","neighbor_high",184,0.0489752462070801,"Decrease",-0.00975871055537053,0.0351504226015606,0.0449091331569311,0.0449091331569311,4.60195359849218,TRUE,,TRUE,"734;613;729;3340;3342;3343;3341;1630;342;2795;1631;3273;614;1628;1001;2792;655;998;2788;1509;653;3269;2791;2965;2065;376;2876;649;344;2793;732;1002;94;999;2961;2062;346;343;656;2490;1266;2060;1268;341;1271;2960;3266;652;2956;2790;994;2959;2328;2058;2486;996;348;997;2914;1624;3378;1504;372;3706;1761;1311;715;2494;2276;1767;2332;2059;714;712;2066;876;2958;3373;2491;710;580;2329;3705;1308;2327;450;1179;2331;1942;1506;3377;3380;2160;711;449;316;2871;1759;1590;2910;2755;1082;3652;447;2569;808;1465;995;1312;3309;1251;3301;593;43;1199;507;1173;2966;1083;3303;3653;1769;1543;1658;504;3658;181;1752;1345;1499;2916;3307;1310;1309;3702;185;1995;370;3625;805;2364;2268;1766;1307;806;318;445;3308;2567;1339;2750;802;2573;350;3256;371;1666;315;2242;3663;790;38;783;3121;603;784;789;320;1329;1140;1180;1174;2241;2277;313;1080;608;3264;3703;1015;3299;1076;1370;1714","883;736;876;4019;4021;4022;4020;1963;409;3362;1964;3940;737;1960;1205;3359;788;1201;3354;1817;786;3936;3358;3568;2487;450;3459;780;412;3360;880;1206;114;1203;3562;2484;414;410;789;2997;1525;2481;1527;408;1530;3561;3931;785;3556;3357;1196;3560;2800;2478;2992;1199;417;1200;3505;1956;4065;1811;446;4460;2122;1578;860;3001;2737;2129;2804;2479;859;857;2488;1055;3559;4058;2998;855;696;2801;4459;1574;2799;539;1417;2803;2341;1813;4064;4067;2601;856;538;377;3453;2120;1916;3500;3313;1303;4396;535;3090;973;1765;1198;1579;3984;1506;3974;713;51;1443;608;1411;3569;1304;3977;4397;2131;1856;1997;605;4403;218;2110;1620;1804;3507;3981;1577;1575;4455;223;2403;442;4363;970;2844;2728;2128;1573;971;380;533;3983;3088;1612;3308;966;3096;420;3920;443;2005;376;2697;4408;950;45;942;3753;724;943;949;383;1600;1372;1418;1412;2696;2738;374;1301;730;3929;4456;1221;3972;1295;1651;2064",3757,0.0351504226015606,0.0449091331569311,0.0449091331569311,4.60195359849218,TRUE,TRUE,
"07_SwSIiUS","table2_treated_signup_neighbor_high","neighbor_high",185,0.0492414160234229,"Decrease",-0.00975871055537053,0.0353649440999052,0.0451236546552757,0.0451236546552757,4.62393616443955,TRUE,,TRUE,"734;613;729;3340;3342;3343;3341;1630;342;2795;1631;3273;1628;614;1001;2792;655;998;2788;1509;653;3269;2791;2965;2065;376;2876;649;344;2793;732;1002;94;999;2961;2062;346;343;656;1266;2490;2060;341;1268;1271;2960;3266;652;2790;2956;994;2959;2328;2058;2486;996;348;997;1624;2914;3378;1504;372;3706;1761;1311;715;2494;2276;1767;2332;2059;714;712;2066;876;2958;3373;2491;710;580;2329;3705;1308;2327;450;1179;2331;1942;1506;3377;3380;2160;711;449;316;2871;1759;1590;2910;2755;3652;1082;447;2569;808;1465;995;1312;3309;1251;3301;593;43;1199;507;1173;2966;1083;3303;3653;1769;1543;1658;504;3658;181;1752;1345;1499;2916;3307;1310;1309;3702;185;1995;370;3625;805;2364;2268;1766;1307;806;318;445;3308;2567;1339;2750;802;2573;350;371;3256;1666;315;2242;3663;790;38;783;3121;603;784;789;320;1329;1140;1180;1174;2241;2277;313;1080;608;3264;3703;1015;3299;1076;1370;1714;779","883;736;876;4019;4021;4022;4020;1963;409;3362;1964;3940;1960;737;1205;3359;788;1201;3354;1817;786;3936;3358;3568;2487;450;3459;780;412;3360;880;1206;114;1203;3562;2484;414;410;789;1525;2997;2481;408;1527;1530;3561;3931;785;3357;3556;1196;3560;2800;2478;2992;1199;417;1200;1956;3505;4065;1811;446;4460;2122;1578;860;3001;2737;2129;2804;2479;859;857;2488;1055;3559;4058;2998;855;696;2801;4459;1574;2799;539;1417;2803;2341;1813;4064;4067;2601;856;538;377;3453;2120;1916;3500;3313;4396;1303;535;3090;973;1765;1198;1579;3984;1506;3974;713;51;1443;608;1411;3569;1304;3977;4397;2131;1856;1997;605;4403;218;2110;1620;1804;3507;3981;1577;1575;4455;223;2403;442;4363;970;2844;2728;2128;1573;971;380;533;3983;3088;1612;3308;966;3096;420;443;3920;2005;376;2697;4408;950;45;942;3753;724;943;949;383;1600;1372;1418;1412;2696;2738;374;1301;730;3929;4456;1221;3972;1295;1651;2064;936",3757,0.0353649440999052,0.0451236546552757,0.0451236546552757,4.62393616443955,TRUE,TRUE,
"07_SwSIiUS","table2_treated_signup_neighbor_high","neighbor_high",186,0.0495075858397658,"Decrease",-0.00975871055537053,0.0355753571989453,0.0453340677543158,0.0453340677543158,4.64549773221494,TRUE,,TRUE,"734;613;729;3342;3340;3343;3341;1630;342;2795;1631;3273;1628;614;1001;2792;655;998;2788;1509;653;3269;2791;2965;2065;376;2876;649;344;2793;732;1002;94;999;2961;2062;346;343;1266;656;2490;2060;341;1268;1271;2960;3266;652;2790;2956;994;2959;2328;2058;2486;996;348;997;1624;2914;3378;1504;372;3706;1761;1311;715;2494;2276;1767;2332;2059;712;714;2066;876;2958;3373;2491;710;580;2329;3705;1308;2327;450;1179;2331;1942;1506;3377;3380;2160;711;449;316;2871;1759;1590;2910;2755;3652;1082;447;2569;808;1465;995;1312;3309;1251;3301;593;43;1199;507;1173;2966;3303;1083;3653;1769;1543;1658;504;3658;181;1752;1345;1499;2916;3307;1309;1310;185;3702;1995;370;3625;2364;805;2268;1766;1307;806;318;445;3308;2567;1339;2750;802;2573;371;350;3256;315;1666;2242;3663;790;38;783;3121;603;784;320;789;1329;1140;1180;1174;2241;2277;1080;313;608;3264;3703;1015;3299;1076;1370;1714;779;1917","883;736;876;4021;4019;4022;4020;1963;409;3362;1964;3940;1960;737;1205;3359;788;1201;3354;1817;786;3936;3358;3568;2487;450;3459;780;412;3360;880;1206;114;1203;3562;2484;414;410;1525;789;2997;2481;408;1527;1530;3561;3931;785;3357;3556;1196;3560;2800;2478;2992;1199;417;1200;1956;3505;4065;1811;446;4460;2122;1578;860;3001;2737;2129;2804;2479;857;859;2488;1055;3559;4058;2998;855;696;2801;4459;1574;2799;539;1417;2803;2341;1813;4064;4067;2601;856;538;377;3453;2120;1916;3500;3313;4396;1303;535;3090;973;1765;1198;1579;3984;1506;3974;713;51;1443;608;1411;3569;3977;1304;4397;2131;1856;1997;605;4403;218;2110;1620;1804;3507;3981;1575;1577;223;4455;2403;442;4363;2844;970;2728;2128;1573;971;380;533;3983;3088;1612;3308;966;3096;443;420;3920;376;2005;2697;4408;950;45;942;3753;724;943;383;949;1600;1372;1418;1412;2696;2738;1301;374;730;3929;4456;1221;3972;1295;1651;2064;936;2310",3757,0.0355753571989453,0.0453340677543158,0.0453340677543158,4.64549773221494,TRUE,TRUE,
"07_SwSIiUS","table2_treated_signup_neighbor_high","neighbor_high",187,0.0497737556561086,"Decrease",-0.00975871055537053,0.035784420387697,0.0455431309430676,0.0455431309430676,4.66692097123464,TRUE,,TRUE,"734;613;729;3342;3340;3343;3341;1630;342;2795;1631;1628;3273;614;1001;2792;655;998;2788;1509;653;3269;2791;2965;2065;376;2876;649;344;2793;732;1002;94;999;2961;2062;346;343;1266;656;2490;2060;341;1268;1271;2960;3266;652;2790;2956;994;2959;2328;2058;2486;996;348;997;1624;2914;3378;372;1504;3706;1761;1311;715;2494;2276;1767;2332;2059;712;714;2066;876;2958;3373;2491;710;580;2329;3705;1308;2327;450;1179;2331;1942;1506;3377;3380;2160;711;449;316;2871;1759;1590;2910;2755;3652;1082;447;2569;808;995;1465;1312;3309;1251;593;3301;43;1199;507;1173;2966;3303;1083;3653;1769;1543;1658;504;3658;181;1752;1345;1499;2916;3307;1309;1310;185;3702;370;1995;3625;2364;805;2268;1766;1307;806;318;445;3308;2567;1339;2750;802;2573;371;350;3256;315;2242;1666;3663;790;38;783;3121;603;784;320;789;1140;1329;1180;1174;2241;1080;2277;313;608;3264;3703;1015;3299;1076;1370;1714;779;1917;2377","883;736;876;4021;4019;4022;4020;1963;409;3362;1964;1960;3940;737;1205;3359;788;1201;3354;1817;786;3936;3358;3568;2487;450;3459;780;412;3360;880;1206;114;1203;3562;2484;414;410;1525;789;2997;2481;408;1527;1530;3561;3931;785;3357;3556;1196;3560;2800;2478;2992;1199;417;1200;1956;3505;4065;446;1811;4460;2122;1578;860;3001;2737;2129;2804;2479;857;859;2488;1055;3559;4058;2998;855;696;2801;4459;1574;2799;539;1417;2803;2341;1813;4064;4067;2601;856;538;377;3453;2120;1916;3500;3313;4396;1303;535;3090;973;1198;1765;1579;3984;1506;713;3974;51;1443;608;1411;3569;3977;1304;4397;2131;1856;1997;605;4403;218;2110;1620;1804;3507;3981;1575;1577;223;4455;442;2403;4363;2844;970;2728;2128;1573;971;380;533;3983;3088;1612;3308;966;3096;443;420;3920;376;2697;2005;4408;950;45;942;3753;724;943;383;949;1372;1600;1418;1412;2696;1301;2738;374;730;3929;4456;1221;3972;1295;1651;2064;936;2310;2861",3757,0.035784420387697,0.0455431309430676,0.0455431309430676,4.66692097123464,TRUE,TRUE,
