"row_id","estimated_effect","SE_effect","quart"
1,73.9804202830013,65.5803890360331,4
2,24.0125311285807,28.2864156096814,2
3,23.7293416571825,33.5289750652747,2
4,415.15237309887,188.564876122433,4
5,76.215196478222,48.8433563083321,4
6,19.3888824220548,80.9967343254648,2
7,47.2117332396964,56.7201383158308,3
8,22.2186082633409,42.6861204913512,2
9,294.874294666812,94.1343379473951,4
10,72.4607416794833,46.9072763738846,4
11,2.28760628974628,48.7213777295266,2
12,111.270655611966,115.5844900898,4
13,-39.5336489704695,47.5759487657287,1
14,3.53960254240251,49.3169975135693,2
15,-27.1104370325185,25.4384942003095,1
16,67.5409417729014,54.623797218754,3
17,40.0919457189694,88.7150742417603,3
18,23.7033524527731,53.3929706728265,2
19,-42.3474152589626,34.700917798934,1
20,57.3439509872478,39.9133326620548,3
21,59.2210564625784,21.3061707361967,3
22,43.2142117709071,54.6696462626855,3
23,9.54523103121598,31.3427565608743,2
24,65.3124394346584,59.952477584609,3
25,59.2459108064233,96.3155260977328,3
26,30.8163942179261,40.5683208900004,2
27,15.3534558875287,21.2986011493864,2
28,23.6539443714531,37.2404379950402,2
29,-3.56292372292969,24.1704402944999,1
30,9.5849407337742,15.3939217862132,2
31,6.32114237628682,18.6734565852706,2
32,673.139153182279,229.55255979595,4
33,-55.6189128208697,66.3660070306215,1
35,61.7045140097424,47.8111284559607,3
36,14.7838707882653,21.2113934105757,2
38,-23.8863778177067,40.4862463020661,1
39,107.962695171312,62.3965311495174,4
40,83.1283082414318,58.7539794267953,4
41,135.981820194068,48.8448457069464,4
42,-73.7051266105587,53.6558020736941,1
43,585.058993967074,231.351966286049,4
44,51.1082720024251,56.2627332097634,3
45,7.69044951039777,36.4478651362981,2
46,94.3685563841514,50.4584781818437,4
47,-2.24051963101413,24.9604989709754,1
48,-32.6639966761381,36.1042960003985,1
49,-0.451557567113719,66.038587401659,1
50,3.28995370715076,66.2573236394789,2
51,-7.17142194977417,30.4746378759721,1
52,35.0388151282829,30.5149791966775,3
53,-13.3900654428938,21.3152738141806,1
54,72.3224686352436,49.6246882989841,4
55,83.7947044998258,49.1765636780479,4
56,38.9249595897967,24.3203984495326,3
57,108.216680190597,94.830126768339,4
58,-21.3218334746866,38.3317776529308,1
59,106.599852440507,46.0960115714166,4
60,605.034661168688,232.931130245666,4
61,18.0776631355562,40.7913577861291,2
62,39.6565631713406,27.2590603700066,3
63,-5.65856065709007,44.9664930179399,1
64,10.2003451666514,28.9750966938374,2
65,16.0671088561061,16.9107176910941,2
66,54.3835835718316,58.2256897463413,3
67,32.8389333995852,39.8121352093222,3
68,47.1055383427648,44.158216263709,3
69,11.8900280418652,53.2449769872573,2
70,17.932196199641,17.3530273190326,2
71,27.3687177486276,47.9604975042712,2
73,-23.4649995079361,67.0716145891641,1
74,2.21799467741922,58.9679889650312,2
77,-11.4598152030487,21.5854721677676,1
78,263.217058640667,121.332823731475,4
79,35.062172885756,51.5733544072731,3
80,60.7619507030034,30.6013707142101,3
81,48.1770643096369,105.150503222685,3
82,105.929705860394,38.9157764634683,4
83,86.7429576969645,50.9484625245444,4
84,113.432652359978,49.8541787566599,4
85,9.84169277333029,15.9739359771266,2
86,48.3894946645511,115.399446251372,3
87,216.794323499928,42.4108991187782,4
88,55.6450518406404,37.4742953525252,3
89,47.3223048253335,48.8865021438635,3
90,-30.2681794102374,34.3652289359911,1
91,-13.3863809050247,61.0097222539861,1
92,-19.4385618259978,42.1688467160763,1
93,-42.6501251226897,36.7635899757026,1
94,69.9451788568644,35.11097053199,3
95,-24.0251980878661,41.1303402848757,1
96,-36.1537717719146,35.4411454890131,1
97,23.6686733712681,66.3196933889201,2
98,54.2199469537234,33.7151675458802,3
99,33.6710754412177,61.7477808119685,3
100,47.3803717522405,27.9684218565624,3
101,72.8184065687551,73.9217796495883,4
103,319.858852047546,111.986600224735,4
105,85.3381643485826,42.3791869791219,4
106,-43.5441766214531,47.3294265035184,1
107,102.483510679361,24.5301866898744,4
108,50.1900281560924,23.2540244603235,3
109,27.6160507359536,48.0996823996855,2
110,18.1826362306605,30.7869076757199,2
111,5.48008371968269,19.4193880636821,2
112,96.2297058659425,94.3645550825116,4
113,230.363187770027,127.806166613092,4
114,-56.0939829487506,24.321244182621,1
115,27.130967297947,30.1712565311358,2
116,7.78126569386912,21.4828538461687,2
117,-3.82030763381315,58.1355095541404,1
118,-33.9273210835433,20.8613269601222,1
119,32.159170610027,73.5989485382712,3
120,24.6547700858514,50.3863953548534,2
121,80.4766512284949,64.064716530189,4
122,51.0509490157919,60.3972433775902,3
124,82.029790033201,59.0292799731796,4
125,11.6212429631665,23.9757025982104,2
126,-57.1411479683047,37.9592771766903,1
127,60.1340371138858,43.5092705332171,3
128,83.4372765244422,27.1004142604024,4
129,8.64146320670431,60.8982376114291,2
130,48.4636208979423,25.2606027562779,3
131,29.824934336523,31.0680450909402,2
132,1.57528446174575,41.6968211530638,2
133,20.001645161655,20.7851178029487,2
134,22.344727940111,24.6076072521701,2
135,632.410088693006,243.939048607616,4
136,52.9203931779709,45.5768082155723,3
138,19.0459924376921,61.7325394453244,2
139,90.571739091088,49.2251198974367,4
140,38.0693767190369,79.5939235746957,3
142,-0.734915226087496,25.1184981003846,1
143,41.8548266485063,23.3032423460694,3
144,27.5698791933872,60.7989404203151,2
145,46.9121244965607,53.2685390285338,3
146,8.11452015973108,36.9111381969957,2
147,55.0136675467158,27.2002849954787,3
148,92.437467775723,97.4063270821214,4
149,80.7005544131521,77.1948820723937,4
150,0.968106919183779,38.9960064712562,1
151,116.549391024979,51.5845451318513,4
152,-4.25518262776706,36.2029545378633,1
153,-28.8234600350733,37.958560744285,1
154,-26.8520769996127,34.0135405686399,1
156,21.6271551844881,53.718095914812,2
157,59.8443018242486,49.2677633458209,3
158,77.1408005903164,46.1209863281784,4
159,142.273110322379,81.6977308252437,4
160,10.1617783339259,21.6687148844686,2
161,8.70527995542373,60.5442311458549,2
162,2.48471611209115,26.9195311050364,2
163,19.8348744635918,36.4446778063046,2
164,5.16331481396382,35.5668681820851,2
165,-1.72711193503775,26.3162353553409,1
166,41.4573298472982,70.371366350013,3
167,96.045127031234,40.5482236016829,4
168,-21.2565570252784,39.1327377570694,1
169,62.2190377895254,44.0058358772062,3
170,-9.94404305347149,44.0437898463173,1
171,18.7229706878014,46.6709818445147,2
172,73.0497678595094,49.1469009654111,4
173,35.0466261696724,71.6862605769312,3
174,118.054851927705,39.4886837069079,4
175,-12.2233872415081,59.8742990413368,1
176,623.317928583453,234.273409478198,4
177,22.0241192468874,43.1899359940785,2
178,-59.582217123659,41.1561877335716,1
179,25.4405913608911,39.6595909615189,2
180,15.7283520614618,68.1441696265589,2
181,-27.0419388007585,30.4250410846072,1
182,6.5414370118345,31.37851166523,2
183,79.9618695566003,33.638753752956,4
184,-33.3178252644119,35.6984280021231,1
185,-0.395053547591326,29.6114930166191,1
186,-32.8364010621073,28.5227023103503,1
187,55.5808462359492,50.486471413302,3
188,-54.8035086991018,46.9458855407926,1
189,21.9334726697527,36.6080976608087,2
190,25.1073530371004,34.2280190552798,2
191,31.7100195718477,25.8482740080221,2
192,130.0050202131,53.4741311662087,4
193,144.037378226756,89.0962223570723,4
194,30.368372846189,55.4556293253946,2
195,160.487868346713,116.198843607752,4
196,173.473440089085,99.7657870003336,4
197,-32.0653269356157,38.6696837188514,1
198,-29.1951810866738,26.2535067860309,1
199,40.6423454497336,15.7910242266037,3
200,52.4630793144756,61.6733653202471,3
201,22.879606152785,37.0179222940483,2
202,42.7434845603238,34.9765613422057,3
203,-11.6444437857914,33.49564928504,1
204,26.316010291101,31.9739456437522,2
205,23.3904029827425,61.5448847836091,2
206,31.4304440736852,56.1179263023429,2
207,-34.2680489474093,31.7934018170621,1
208,32.8162678966859,46.4694692143899,3
209,61.8065991984436,36.803183251017,3
210,-49.7326881116388,38.1706523912674,1
211,234.606940924968,57.9907375331863,4
212,27.4348815514514,15.8089977824136,2
213,-4.90308156925939,40.8492669187419,1
214,22.1496817540789,29.1061590493292,2
215,-44.2713981141916,50.7255020936341,1
216,-8.76565810232874,49.7058401552466,1
217,32.741404110255,30.8899607416484,3
218,49.0626409428612,40.3001388926382,3
220,126.514396758755,82.3629314081271,4
221,41.4502589719138,34.2357999262074,3
222,-67.8447871096864,26.1598236342621,1
223,5.08166729410675,68.046347727391,2
224,47.4902018578718,44.6168076336027,3
225,17.4474134042103,29.7291427876624,2
226,49.511613499082,27.180091416931,3
227,-3.93569034614682,21.771966296692,1
228,5.73232317864181,55.2549163444128,2
229,34.5950945093143,54.7220748869573,3
230,66.5960367881457,52.2889542445486,3
231,17.0745877866218,21.3643505062651,2
232,-54.5611147296843,32.4280407356826,1
233,-19.6875033146673,18.7279616662523,1
234,-23.3772227204221,50.8749075462395,1
235,-41.988785578315,42.6760404689444,1
236,9.7026135607024,46.3341932441335,2
237,4.25447298345203,35.5988419642802,2
238,-69.3357217270784,48.8782815077779,1
239,10.1108167159461,21.2894350373689,2
240,-17.5856482104595,44.3681903336499,1
241,-0.983704495351106,39.9988855787592,1
242,34.9586602558988,29.6707982712352,3
243,-0.388707800822368,42.7742913446385,1
244,-9.31021683873143,29.4566154845467,1
245,-36.4400142058164,61.9617529527161,1
246,5.56851265302257,44.9193931981885,2
247,17.8287965651358,51.1437899414657,2
248,51.1799081375103,37.1581379545284,3
249,18.6541043985024,45.8734990261151,2
250,-17.2331477534079,43.5687670820159,1
251,-38.0906041427353,23.6194871470327,1
252,22.7130172206623,32.3681661554918,2
253,-50.077274488572,46.5251511845297,1
254,18.8195805090743,30.1000812588277,2
255,61.1825462268926,43.3280334427418,3
256,-7.78451739842839,29.6937254089198,1
257,36.4898194325272,54.0674325873837,3
258,128.771944258585,121.713646158977,4
259,45.0847006959527,64.5174826542483,3
260,10.3277745053132,43.0698641269295,2
261,-1.92727222253481,28.1301711721868,1
262,42.1774807955337,68.7709884288601,3
263,26.8495569920558,51.8092690700751,2
264,-19.9348048101501,50.6227859175146,1
265,-63.7111033049593,32.5121933403689,1
266,-31.7669294581439,72.0885622155554,1
267,-1.61735277721239,30.5769065210114,1
268,76.3748069143231,30.4781747910239,4
269,-0.407350714983098,57.2109654687231,1
270,21.5244028377217,41.0588868661219,2
271,58.4898936779059,43.2093863835363,3
272,104.079121952358,79.7460125177902,4
273,-33.1132985403677,35.6723934611954,1
274,10.4038885367514,27.039889564395,2
275,93.3181624615725,62.0411348255933,4
276,8.41935260494566,43.599353106415,2
277,16.3428222137853,16.3016128397081,2
278,-29.4127927973002,24.4539902943145,1
279,49.8538308338069,28.234201696423,3
280,658.126185086158,248.456781490805,4
281,19.7715253242076,25.0470242789998,2
282,-40.3094771078001,19.9390676136552,1
283,6.60910222889692,37.8919424671372,2
284,87.2592694467206,43.155543041344,4
285,19.728105145356,37.7546096642922,2
286,18.2407905695753,27.4199086216415,2
287,-6.3239242894358,43.1457888367334,1
288,631.351144856138,179.299614541348,4
289,100.159845733806,53.0791517034222,4
291,-0.595930608814598,44.5448589177453,1
292,70.673683874199,56.7576805029893,4
293,73.4878162609555,49.8506287851404,4
294,54.908592675463,56.1074004404774,3
295,-55.4791672488325,38.3281347458987,1
296,48.8426972028909,40.8906776630814,3
297,37.797056471923,61.519932682599,3
299,93.8521654969011,54.5285104213589,4
300,-23.3224879770273,22.2755378981813,1
301,18.6332148921094,50.2563667299137,2
302,95.2082925181087,54.8336730842018,4
303,-54.1329122239949,33.8305329705685,1
304,142.505736835053,53.1698797943711,4
305,24.7471272477198,27.1102730492161,2
306,80.6593166504405,54.7632038286652,4
307,-46.9839087584528,24.2860596663364,1
308,67.7466421623934,80.8520703490864,3
309,46.8400185221144,103.850329707081,3
310,77.1322874732961,50.4799239269723,4
311,29.5598728231907,26.5365643436249,2
312,-1.7869115986856,68.9113754804215,1
313,-88.6980432059839,51.8893607368498,1
314,72.6345618343985,35.1897360221139,4
315,10.2104829794202,38.6663908658261,2
316,-63.7488618150922,37.6220160356175,1
317,143.248151717364,106.034098599889,4
318,73.4705751123327,59.1182077511945,4
319,-34.5104361338845,51.4385299431412,1
320,67.6892550654484,53.6229133943886,3
321,71.7942618296922,58.1372778618238,4
322,10.2601121472255,43.9666879069274,2
323,58.7684426904274,32.6950735467618,3
324,-0.564260366956157,42.799031721344,1
325,-72.9064588308324,34.2712475012692,1
326,-38.513511870685,21.9152693800063,1
327,12.9574438622147,65.7632988863564,2
328,-4.09990282926031,21.6698755550512,1
329,9.3671808257807,52.8815972013585,2
330,-27.3222379675283,53.6087020327844,1
331,-34.8755105274142,63.0948890203657,1
332,-13.2415337988622,30.220149646424,1
333,52.3853683401165,39.6111979832285,3
334,23.8824589804109,49.9966200900183,2
335,66.566169588092,53.6068109028059,3
336,60.0083296897781,35.2711973904994,3
337,0.768766668926398,39.0811951083485,1
338,47.0180348965699,34.7215682738758,3
339,-53.4875891690768,29.2016646903253,1
340,122.877704525356,100.388285674908,4
341,-16.9093422248278,46.0658908251049,1
342,60.4811437586419,77.2512720462615,3
343,5.42286683110247,68.5064795227886,2
344,26.1954125137719,66.0467179535196,2
345,-22.3122175283424,44.9146929371247,1
346,-50.6154916384305,39.0010282596587,1
347,12.5776888955309,74.681943986832,2
348,34.7599011450522,45.4133708640734,3
349,63.9309567165926,28.0907566092615,3
350,140.122436017597,115.202806374322,4
351,-13.1327403972171,48.9318571418373,1
352,202.799423160561,93.5967324078724,4
353,88.9027675066174,129.515787603683,4
354,-25.6909229231291,36.4752456915921,1
355,-27.9950278405656,34.0032385986442,1
356,20.3286977756258,64.6822032195556,2
357,35.5708919111792,65.7529305182874,3
358,88.4948625964267,52.7203840466791,4
359,6.21402419898908,41.4600348238816,2
360,40.3187316457801,65.0960896361695,3
361,41.6645355089924,35.6192360527523,3
362,128.795145804686,53.9941400585464,4
363,13.3960360532319,52.8659357309029,2
364,36.8660563396597,22.8485427686855,3
365,3.9359309148932,69.0962093453516,2
366,10.1247213464562,25.3728194146152,2
367,-10.118096040116,22.4895251298771,1
368,-41.1939667020637,18.7766383722394,1
369,-77.7894895734357,38.3082265480178,1
370,48.5398824511525,56.6058644160488,3
371,-39.3885562096824,42.9222058673818,1
372,-22.8757123047992,36.0610010536326,1
373,9.24732718236067,22.2484163246757,2
374,72.0976652912537,101.75408045853,4
375,-15.8561079234463,60.2361716436731,1
376,-58.9097557614586,55.9527190871953,1
377,30.1293541715947,34.5084774675873,2
378,39.1212332882468,37.3644297209887,3
379,33.3407343583105,60.1991401004452,3
380,-6.88508922215341,50.0172288541312,1
381,26.6880799486292,57.3063906570344,2
382,44.1091078357961,60.5467553419756,3
383,-61.2671894001159,27.2872080388859,1
384,81.780879511557,62.5948627244311,4
385,31.1267987668223,51.1674682228993,2
386,-17.759302378072,32.5246090661503,1
387,56.3132403550529,24.945575209117,3
388,120.533175189109,110.415088294396,4
389,-9.86328639988188,69.7279136183305,1
390,36.6710093397215,67.8799651191084,3
391,-8.51712189510198,21.9860419437643,1
392,110.226287109753,81.1440026833009,4
393,66.0038310651791,42.7737238687869,3
394,76.2347168576721,112.382484273611,4
395,-9.99195360505265,51.2304570215502,1
396,16.7565509292919,20.4737202613064,2
397,-29.0534616030996,35.7994716238429,1
398,-5.61314756667393,36.1666191098071,1
399,43.4332647857164,55.2093059662689,3
400,22.0774659953021,43.3275688800794,2
401,36.7361536078955,49.7589261387487,3
402,110.306429040803,70.6680837849796,4
403,48.1085015320655,35.3087687406537,3
404,-17.1103907046967,35.8072766214368,1
405,2.62949907718492,35.7078695150432,2
406,-6.41152982227136,44.1832829600394,1
407,-1.35238326772055,37.5231460435102,1
408,56.7685778639134,79.5092422568051,3
409,21.0577677527896,31.2116949067387,2
410,-60.0039670950711,37.0631817467172,1
411,-3.02854571005876,27.2364710238895,1
412,2.88932459879067,26.3710612430847,2
413,106.35148345668,63.9538795304902,4
414,626.453756418833,228.616733788339,4
415,78.6360652693286,48.7044211737839,4
416,26.1999458808178,33.0324515984183,2
417,101.471239845859,93.044337397646,4
418,20.4501486852693,42.6132229205467,2
419,579.970820255148,223.452405535338,4
420,46.0382273578287,95.6352056087798,3
421,87.7763702635284,63.8883617126487,4
422,99.3989612018601,24.0708388158632,4
423,5.79561402429867,21.0379860446732,2
424,43.4534486046525,39.9308956108727,3
425,82.614281930608,133.871472897079,4
426,83.3314400953499,78.665530059763,4
427,23.7530722703485,50.5494804410798,2
428,-6.31800857833397,37.4473440262371,1
429,16.2792611380301,70.6270862445161,2
430,91.6145633885318,75.9823949966709,4
431,89.7371641982656,74.7090739538465,4
432,16.4704879543543,69.3754120166735,2
433,38.9268244021807,106.506672752135,3
434,103.931516874609,132.305706681214,4
435,-43.016861454362,29.5563966366131,1
436,80.9683755253809,65.7747933472207,4
437,49.2380877558834,91.2696177721976,3
438,118.554615266449,25.2158107316039,4
439,65.2527954294609,69.6101697310822,3
440,114.852406112798,84.2584551796054,4
441,3.01521820400443,20.9959034729631,2
442,38.2342949889834,36.7306847052661,3
443,-1.47822141307793,48.9215388453898,1
444,67.3021143721067,32.6064576626892,3
445,74.7725449353352,69.5909671575913,4
446,-23.2957808006939,35.3676971188693,1
447,135.88447766939,46.021044518853,4
448,11.007170713996,43.2692803072878,2
449,118.788697108232,35.094778717706,4
450,2.14857236149647,37.0516699241564,2
451,13.5069270030912,22.7191460346417,2
452,-21.7525898807978,44.8636182450386,1
453,-43.6817446762865,43.0360925347775,1
454,33.3822764448521,39.7306551267389,3
455,-14.9584068118872,37.0247616704995,1
456,165.411328368959,61.9698525826892,4
457,270.459955372773,57.9770619204726,4
458,43.0678876218468,66.176544054627,3
459,-25.612618069163,46.5270393538357,1
460,27.4122145876702,52.5826869406737,2
461,111.920553616386,59.6349945197105,4
462,68.5222235209598,89.6293040125125,3
463,76.9662585135063,98.3221671461618,4
464,-1.76238240929595,39.3626464257216,1
465,83.2003193739185,69.1094638417053,4
466,8.10806029249238,25.4593759442732,2
467,66.8911192895677,37.9806603234382,3
468,59.5327423280885,32.1392662767234,3
469,63.3566727769308,63.7818776463498,3
470,219.670160168292,120.231681109744,4
472,662.346499201243,244.577801492042,4
473,27.0533880344582,57.6676164843157,2
474,86.9222678562823,26.2188449144396,4
477,-9.36467883767937,42.887211160234,1
478,114.965930355075,132.276226443116,4
479,62.688570601026,37.4474266931802,3
480,95.6901957088834,113.653109790532,4
481,188.16451407168,96.9414000887072,4
482,69.0734429575946,75.0907394240367,3
483,14.6381468824164,40.9417727367794,2
484,85.9956233808249,60.8976357422344,4
485,48.9085764413484,22.491636090153,3
486,62.5896760610982,109.905599823662,3
488,-11.3448799362199,65.3619451071619,1
489,29.4673539342403,45.5384907435999,2
490,95.5224816934454,61.1737129102644,4
491,89.1142127112191,27.9990079425278,4
492,7.80389681732607,57.7847720771909,2
493,20.5739648131447,30.6967980024384,2
494,254.379593609849,87.4985999467465,4
495,112.406918843078,72.232044376261,4
496,50.4831478937236,38.1013129582035,3
497,-47.7803783809605,40.5729992308933,1
498,45.9678544471665,37.3984889047054,3
500,46.0354133891538,28.3531735725902,3
501,44.1881675811912,37.1887463903831,3
502,50.770091842152,72.8740784944074,3
503,118.660965473262,33.5125796055976,4
504,128.484209479702,41.2227622786476,4
505,89.8841946819066,33.7590694470423,4
506,90.461167417271,49.9706536575672,4
507,67.6804714488803,27.2673854610481,3
508,-19.0395607451055,48.6356349367899,1
509,73.9676724228047,37.1218545560356,4
510,-24.1740921417106,30.341730838084,1
511,33.0115106721802,24.9567417813403,3
512,439.400721178056,176.26308871854,4
513,36.8524719192803,63.9084536341801,3
514,24.1615346459154,32.9191655260643,2
515,17.7442657289562,26.9613303844844,2
516,-30.5325054176138,26.6746525618999,1
517,11.1942277132216,27.8540492691548,2
518,28.634490378775,40.1557833028616,2
519,46.8794037277574,49.3343684979911,3
520,22.6163422778174,35.0349224405914,2
521,27.1472189246158,37.3165636462998,2
522,75.7041483878039,41.4706722462924,4
523,9.0317788008113,41.1802873651548,2
524,20.0065223021894,31.6298411322249,2
525,39.2090326700908,33.0952527560615,3
526,15.7181753999554,46.9793551658193,2
527,-31.2653081377136,41.327681034161,1
528,-49.7091168348012,33.6350398857576,1
529,3.9754187559383,35.6534970768049,2
530,255.879843405889,117.289943475003,4
531,-0.764386902618161,27.8855155363623,1
532,63.6655744376894,65.3334503601418,3
533,47.1408884114076,31.7756345614517,3
534,100.316798716346,93.355277765591,4
535,27.8903680803636,62.0192520974784,2
536,10.4115876683461,63.6471464576136,2
537,-11.7834991236156,40.2696949409925,1
538,9.24955950451068,42.4137993668841,2
539,5.81935121292563,17.5104873060525,2
540,34.8045699949761,48.3299981450128,3
541,96.5429308490599,42.6698821537478,4
542,29.9453271916079,20.1574262866117,2
543,21.1557490599028,34.0832320360555,2
544,89.4828584273027,74.7391494081809,4
545,139.774124535586,39.7571311086769,4
546,116.47833919822,68.1730560605703,4
547,85.932720324537,55.6815856563292,4
548,34.959357749759,38.234228169184,3
549,29.1142554302344,45.735435776405,2
550,-41.4708381657291,20.8362527419675,1
551,54.1094890461466,37.0977504582069,3
552,118.24294228842,55.2097893554794,4
553,138.693811002847,46.3606934491788,4
554,-13.7245580565617,45.802684528346,1
555,63.2575263245115,97.996329453795,3
556,-53.0508465140857,52.5874414736868,1
558,19.7746107854843,32.5932549903966,2
559,65.7712449070553,70.1152302252858,3
561,48.0576600402764,26.0640887771983,3
562,-4.85724709858826,28.5098304211127,1
563,56.6210871243602,27.8516416052561,3
564,12.2650853983747,51.9973316930966,2
565,19.7430573474745,65.8531735246417,2
566,2.65389534712384,22.1109085641736,2
567,24.2653408912372,48.6669880279807,2
568,118.912478716191,97.2748952586021,4
569,-11.3114241720735,49.6308424971725,1
570,70.3934568800326,45.4746055790384,4
571,-30.9706509656803,36.6485522532243,1
572,3.96994333218786,41.8213343611237,2
573,84.2660425034171,34.1499654923415,4
574,-37.2983965002314,27.2450781854034,1
575,41.7040331214768,62.5189267270107,3
576,-7.0160289952743,24.1976682770862,1
577,33.9274951438837,38.3939821367067,3
578,73.0344328326861,46.4449576125974,4
579,0.544823997719432,22.6029751170129,1
580,-33.2288496847165,48.9145390523596,1
581,1.3305256789294,34.2171415906416,2
582,23.0337745352507,62.9776114516197,2
583,67.8989987495391,59.2455055429386,3
585,-40.8453600447126,26.810413792557,1
586,75.5539041425695,43.2329833919439,4
587,-60.0894781322182,54.1452582953018,1
588,107.66327850906,45.9147368371083,4
589,73.5144013486595,68.9723900699415,4
590,20.43443536725,20.5085901536113,2
591,52.085803930594,61.7044257054077,3
592,56.4761069672062,26.2653160752001,3
593,143.466214641864,40.9259834987028,4
594,-3.39043225690586,32.8195876096172,1
595,-9.7851279224877,33.6475159963895,1
596,119.405793355388,115.707711180651,4
597,36.7583647709922,67.455698677421,3
598,35.9071616695178,30.5615206340867,3
599,117.524313045826,111.258409359302,4
601,13.823529044071,16.3734829860568,2
602,18.5632095866116,41.6598484899686,2
603,-5.22868791832241,28.6586949865522,1
604,-8.51698530113368,36.3224122849674,1
605,16.7061751242943,38.5719321404993,2
606,-47.3277619283376,39.5705627743732,1
607,21.0654213782803,58.1982103449031,2
608,0.388957543916667,39.6824635484084,1
609,-18.4999517798745,36.5133549328445,1
610,11.1456029309769,57.0232670796533,2
611,30.1830828826282,43.7533955813803,2
612,69.8588351647731,81.2470123359693,3
613,44.1013651480702,25.6758156321154,3
614,25.3421747433458,33.3334439375751,2
615,65.7206036315335,37.5838032274073,3
616,58.6061519061732,35.8679954295457,3
617,121.906897154425,37.8387333241567,4
618,3.41007679358327,19.9171667667863,2
619,35.6206170534373,39.8892502939189,3
620,43.1593946799161,60.3704080736336,3
621,10.667646385818,26.8543845464848,2
622,42.8055409326046,41.0567138370155,3
623,50.9358764014602,54.038105847343,3
624,-13.5521117565352,41.1904559085076,1
625,137.342157720258,53.0534609512547,4
626,649.009917647434,233.398846848378,4
627,8.92822683893031,60.9541197179656,2
628,8.41520651965275,22.89108249543,2
629,-32.5991705384377,21.5210751628308,1
630,-31.4179313967823,20.3352982420557,1
631,127.604590681987,71.2366807159137,4
632,-22.5379924457422,21.0350988378969,1
633,8.5512838894474,41.2780584848484,2
634,202.583238624495,94.4347565618849,4
635,10.0176466771803,28.5734232521232,2
636,27.5591883393339,25.3263041112328,2
637,37.0518493245384,53.1250975827395,3
638,55.3138992715242,45.9109490982659,3
639,106.794492184199,122.16814137479,4
640,35.3128444138256,41.4450610224777,3
641,55.4035712664075,54.2704465248481,3
642,-33.4588708141529,22.1909600462839,1
643,45.1247752958329,18.8962084431696,3
644,60.1490083015104,50.3576528706188,3
645,-31.6403679771617,17.4451016615899,1
646,-55.7254659854594,39.3625007022384,1
647,8.68396879640418,59.2054968854643,2
648,14.8170186236604,54.2537308120485,2
649,-21.6860534184595,29.8428094571838,1
651,122.003873217202,53.6744672300296,4
652,8.64606101191647,31.0050107440412,2
653,315.853456308818,143.452631277089,4
654,60.1118655244514,17.3205582390819,3
655,245.943834783597,99.0248711431675,4
656,77.3819373124759,45.3461172316239,4
657,86.388468110612,67.6578241094764,4
658,36.2569317274426,46.2849557653381,3
659,43.9959723986482,50.5282427640856,3
660,78.9194513785253,119.101627135742,4
661,90.4598929668423,103.317221143895,4
662,-58.4146265050465,29.180770535245,1
663,11.7139575127186,38.5597169097416,2
664,29.0852174070262,58.3958650929226,2
665,77.8846462985631,41.6539123347645,4
666,26.3617669388268,50.1522665379809,2
668,-4.80446499017631,51.30135625302,1
670,70.152578532223,35.0218408459201,4
671,-33.4647583897993,52.936466865968,1
672,26.1225024828758,40.9056447693152,2
673,60.4207122750926,19.5970338106302,3
674,13.3627503091464,48.5184296125116,2
675,-34.3909174347465,24.1800641044723,1
676,54.6309987066513,57.1337120385246,3
677,103.417330125071,60.047596512838,4
678,159.323027114465,59.9223334013528,4
679,68.2957796920666,31.1803305582606,3
680,18.3228682348539,18.3817446261253,2
681,613.729231539025,226.108665464699,4
682,65.8216061821795,31.7843461600233,3
683,65.3596776979358,39.7818079734985,3
684,126.827975330036,111.296152593085,4
685,61.6629774566122,43.1212011646958,3
686,-7.44797127242981,46.2194442704061,1
687,22.9851407398917,35.8549999838411,2
688,-45.1528726439264,47.7113693402031,1
689,73.9230797778124,35.6883168668995,4
690,14.5961772453603,64.0955508494731,2
691,34.2392708259127,28.6511665853934,3
692,71.1039019211373,48.4424815470655,4
693,-36.6090216761047,27.9468480238238,1
694,-53.8019440486925,19.2663595943436,1
695,20.0236923679397,37.4092034202574,2
696,12.5296378194158,25.9925577774646,2
698,90.2113124953765,36.8464685439098,4
699,707.145957265802,202.763374946298,4
700,-16.5665785544051,39.2994493574599,1
701,0.544323783483674,27.3219061223223,1
702,663.305869999099,238.447845990447,4
703,14.3089036001676,34.418471655989,2
704,112.714118749738,55.8552133917553,4
705,-2.17514283954535,72.578130791979,1
706,117.607432128333,78.1936803297938,4
707,26.5133053494715,46.5223376498226,2
708,22.5023197702576,42.6236923235353,2
709,670.475541101366,235.045640551052,4
710,44.3815954009491,77.8446178592586,3
711,74.1441165897284,86.6006063406435,4
712,66.0971996276941,110.443757983483,3
713,559.933872367019,248.340054625583,4
714,-18.3937207358298,31.0815613894321,1
715,49.6384815151602,39.4982859244627,3
716,164.523283030132,88.7087915374128,4
718,-3.13191879770652,35.6324998757921,1
719,-41.7934180678991,37.6163507555296,1
720,101.410968114628,38.3113972046296,4
721,49.1156638119343,48.0001701964799,3
722,-20.1077498397832,34.1544811940381,1
723,70.6744134019884,35.0477130585256,4
724,59.2269963345986,26.3839550634164,3
725,38.8478319724774,59.1695090394251,3
726,67.0423457453868,44.7660245419777,3
727,23.8349959401699,32.0399999280407,2
729,663.13289588845,208.582888284569,4
730,168.413713036387,112.914448855305,4
731,89.7044442359569,85.4576138811278,4
732,22.6232714482894,22.8887973634973,2
733,75.6600690893097,27.8880431678386,4
734,73.1606461079411,63.844855720464,4
735,112.562296225696,49.9718338995411,4
736,71.7870436341504,34.963989210593,4
737,85.7704537985337,25.8484608224936,4
738,117.332619852716,38.5460879598904,4
739,132.249834898584,98.7236007644374,4
740,-25.4895763917762,20.7807776523312,1
741,15.1574432530351,77.1181584328329,2
742,59.4853928728968,41.3301496408096,3
743,34.3757977941387,39.7062943933875,3
744,98.7463853239306,43.9422917193076,4
745,20.3545040748672,23.5766069195614,2
746,147.959439624277,119.674973102577,4
747,67.1032384119179,45.7269560402615,3
748,128.591227933413,36.6602724026086,4
749,37.6097839645586,57.3617942748807,3
750,122.349671679611,83.0134513587274,4
751,-20.4016971718771,61.3236499897715,1
752,26.4200445503064,93.1991516478159,2
753,47.0375118895915,28.5309095309972,3
754,91.2436263344413,51.9977766191112,4
755,-31.9812850098812,21.2845582902704,1
756,32.8451336046921,27.4469360285029,3
757,52.8336718878065,37.5034946504155,3
758,-9.29845713017613,30.7964816532194,1
759,75.3073808097704,53.9410535831897,4
760,63.7426233512076,23.6057484665421,3
761,-3.90022019338006,22.7301006099461,1
762,48.8580460385174,39.1465164422262,3
763,7.2250925939024,42.9179074500908,2
764,4.64377535893115,75.9831399311991,2
765,82.6707319439651,62.7123701561321,4
766,109.25622986351,61.3765190883677,4
767,23.575979391914,45.511810455467,2
768,44.5840096340369,61.4117650050314,3
769,75.8531598776367,49.2687656481246,4
770,228.980761485983,81.761684079736,4
771,36.2231259746687,49.2844916253039,3
772,7.31761244521007,42.1215327495035,2
773,60.9860508469442,46.5302253010756,3
774,39.6173932113504,36.8236075186445,3
775,73.4271315896547,57.8887044326121,4
776,622.299989658892,245.611240202185,4
777,-9.69541906101708,29.3828814247367,1
778,89.0026474251495,35.5183052280428,4
779,59.6639117552632,26.495369956197,3
780,63.5715251459552,58.7563995462665,3
781,104.233967223178,36.8736907217947,4
782,109.373729533714,69.988294673652,4
783,83.3584645753419,67.7272246785943,4
784,61.3323056066816,41.8672129419352,3
785,-35.4996752744771,46.3990153821981,1
786,-4.56002190699607,55.6824630513876,1
787,65.5365821906316,21.0982016853854,3
788,6.34537260733532,33.1663573475115,2
789,76.4101512417585,61.1915947535705,4
790,10.4101916137004,27.8415743484995,2
791,101.229677483867,60.5149978044632,4
792,50.908916195241,80.4969863006105,3
793,21.6530695240666,60.1778133760078,2
794,19.7044953356215,22.0405089886322,2
795,16.4663935724399,48.3809663914306,2
796,73.7313425042303,25.825635891528,4
797,122.592019052809,43.7975291580785,4
798,89.0325277395162,59.4320505345828,4
799,58.3830421123344,32.4375084802077,3
800,2.8552158875828,37.5815634950736,2
801,35.4311981457129,45.618551002008,3
802,0.141705311875726,39.9864391583388,1
803,87.0139298777957,35.463531005175,4
804,-27.8697760106599,22.5311218915892,1
805,4.27973690777488,85.7284713876139,2
806,173.526864406869,67.6647256809388,4
807,-39.8039035057665,25.5874775460013,1
808,-24.8178166918484,45.3051042946397,1
809,98.7765135573003,117.24288944347,4
810,133.355042995145,75.6903859366387,4
811,-26.721419657606,36.8767803888241,1
812,108.679417887259,94.6781505446874,4
813,23.6863793630672,52.8178059800252,2
814,47.5584174133652,22.4828768119196,3
815,11.7135950116207,42.2003714701323,2
816,-38.5444155838877,15.2797523818588,1
817,39.5471139262149,23.1295486776438,3
818,42.1263284672667,25.6254855308677,3
819,24.4310710832907,26.0744877235284,2
820,19.5185162068172,53.5637617464824,2
821,51.4466706668368,23.809891888695,3
822,16.9971539948626,32.0382757357635,2
823,40.532268118514,20.7620067393358,3
824,-60.5990077105281,54.5134062451894,1
825,15.4713391246854,35.7891929923319,2
826,113.774499371725,71.6229183005094,4
827,-3.73397273097826,30.940927350194,1
828,56.5935433834788,29.0047889526874,3
829,81.9628580984067,27.8747479254176,4
830,94.5470992348225,61.0788675063571,4
831,45.9012203984927,29.558501475891,3
832,9.96265438337787,21.9892431287719,2
833,12.2330188577041,33.805421581847,2
834,31.6026896302827,28.7192370030247,2
835,57.5957038053441,30.4822823334413,3
836,-23.3122156569504,24.5867513002021,1
837,50.3253644000838,28.6639740884303,3
838,138.256618899108,27.9401801176389,4
839,65.1192808308527,70.5762600403838,3
840,218.622617012928,82.1196127858853,4
841,76.9833799419371,47.9037738288341,4
842,477.168538788879,177.363548641629,4
843,1.66508699258881,39.6971865257598,2
844,51.6220729191653,42.7797875101002,3
845,102.454653294561,29.7657694657784,4
846,89.214155841939,49.4512555897228,4
847,6.54689290482101,28.9343186036202,2
848,71.2328633309026,66.4704126994152,4
849,56.8679746198336,76.9022707626117,3
850,46.5879743759607,26.3423535592891,3
851,-24.3739159696809,21.7750748187275,1
852,21.4529092408894,23.6484240936485,2
853,87.1860693471183,78.3402856564811,4
854,134.810970410225,64.9098795870875,4
855,55.0912800739659,34.0321943197685,3
856,77.2665913037417,81.8040248426919,4
857,-2.57133679775639,35.7797318250852,1
858,134.074109343336,83.8736577436532,4
859,-24.4000358128315,36.7700175468291,1
860,21.6579597472786,34.6038385699166,2
861,84.7812818874929,48.5896243247291,4
862,48.1381044970833,27.6848214537621,3
863,-65.7374627682373,37.6622805655293,1
864,-6.13740237871701,46.5825985679052,1
865,22.9862758272676,20.5901112514003,2
866,-44.7897328728261,53.0009848382489,1
867,41.8259827932484,36.3752432084203,3
868,37.973128017145,47.4444241537297,3
869,15.7625457028467,35.7370252438079,2
870,5.6791597373543,31.3597911300267,2
871,66.5425693451251,39.404005999481,3
872,22.4286096422746,39.5276812262988,2
873,24.1628207480781,29.4885291318317,2
874,125.086250843964,29.9003790457838,4
875,29.9897999083248,46.3562402402191,2
876,45.8560844186533,39.1564873284198,3
877,75.9168387516921,30.416875547326,4
878,19.5397414668592,39.7324106034295,2
879,19.7832815568334,56.5343275433381,2
880,77.0954214253151,42.2911262765217,4
881,404.334988885087,164.827532444436,4
882,62.9630574212756,48.9019675804855,3
883,27.803228026612,40.8924511268286,2
884,90.3042832769272,67.3367259834459,4
885,93.7446008272524,36.4595927145223,4
886,26.9838222738863,36.3936234081221,2
887,51.6142080997079,118.000206914711,3
888,105.571636789731,37.6993594069589,4
889,6.33651044529111,23.3381489018495,2
890,83.2305217374883,20.9270641990367,4
891,11.4164891652289,14.9190093277541,2
892,75.126438030868,61.5910817651055,4
893,-5.18467855220918,45.8410059130083,1
894,-18.835022443652,20.6628213460129,1
895,-23.2813898021672,27.9656363300336,1
896,-39.502842942103,56.0358846472558,1
897,71.4599554397019,61.9259629295488,4
898,-9.4326930742732,49.7162046070972,1
899,56.0990790633976,48.2808479076345,3
900,-29.6486839467209,34.0983281590161,1
901,97.9199836087264,54.9634254892373,4
902,28.1966928268239,36.2133502968213,2
903,-2.38358770210475,48.2941752862638,1
904,56.562784158674,44.8073510694172,3
905,10.6180955023878,17.3771671001104,2
906,-45.5319483394327,46.3064955455066,1
907,78.2142394733593,40.8326399597763,4
908,38.2400757898431,43.0485130342015,3
909,99.2763101898403,60.7364311053934,4
910,-32.0315238800094,27.8047154236633,1
911,10.0966714439301,18.8265962625556,2
912,31.3721713834367,56.588901916111,2
913,60.291498748096,54.9156350889573,3
914,-18.750058794672,20.6622558968396,1
915,22.6224587969614,31.6177832367387,2
916,74.6098935356979,52.6171458582641,4
917,86.3457833170932,43.4783002398592,4
918,130.152202230246,125.229272763944,4
919,113.563904800108,57.2621142875569,4
920,29.9241011632213,46.7989410371701,2
921,24.9731883343271,28.1902751249236,2
922,28.8801289891567,46.7895393570435,2
923,49.0274177324797,31.2122396587841,3
924,-64.6585197703754,44.2288978035044,1
925,73.7578246928937,55.1595645971593,4
926,20.5047173231074,27.4891045598,2
927,23.6095282679475,69.9151439320563,2
928,59.9284689102108,28.9887562498567,3
929,92.0030653666147,66.9572906500457,4
930,27.6795678499048,24.1288670010484,2
931,44.189486919489,29.2460797249842,3
932,31.968033931508,40.5273179466074,3
933,9.68430689349041,38.6376733914927,2
934,-1.3991763044969,51.2620424175528,1
935,19.3668012449128,60.9567594949527,2
936,10.2905436460455,27.943123878617,2
937,-54.9398712419233,24.7331265676596,1
938,86.676192727402,76.5202695257196,4
939,47.1570350600309,53.6525456723407,3
940,45.6539961501003,35.7177189469257,3
941,-0.812227755841453,23.2927369775491,1
942,55.5381073436639,80.0478712203991,3
943,16.6860330545962,33.9376769126798,2
944,3.09430325458431,96.825633378386,2
945,60.4408965616886,55.1939119170278,3
946,87.1742296656577,58.2235821289162,4
947,121.949096231371,67.4557203003721,4
948,68.4040349345067,43.6588385924105,3
949,139.661928976945,44.4469605655165,4
950,23.137580745318,43.6726414929119,2
951,6.79007962742183,39.3116941315874,2
952,-21.0501292451016,54.6441216888452,1
953,38.861138826242,60.4509510564439,3
954,72.5546322347318,41.8203657143789,4
955,85.6790732790192,57.0280349067072,4
956,28.212916313076,29.3426259406287,2
957,21.3523792058991,44.6946154454567,2
958,-53.5893048935599,35.9495406932489,1
959,-2.56023526616171,28.592747950465,1
960,-5.63448375380764,34.6769830119419,1
961,96.1128892485655,91.0630517332771,4
962,23.2045887154749,48.482782539922,2
963,26.5718497107996,30.5135621362912,2
964,-15.8119601329066,35.7709021107834,1
965,81.1449904802552,37.8908542811733,4
966,50.5029466344794,48.7233298573224,3
967,1.4643603879799,25.4553923325056,2
968,25.1365505261257,32.7280631897376,2
969,24.202733550187,27.6527516964791,2
970,9.08724177779361,46.713838801938,2
971,-16.6252457971791,16.3892982364818,1
972,14.4147132696278,29.9309170648491,2
973,57.2794509462386,60.578081790467,3
974,52.0975801641197,56.4964825030971,3
975,8.2999498298598,34.0535395604434,2
976,-30.7687034358408,42.3046859165338,1
977,33.4681938399455,49.6323874317952,3
978,44.8679706329724,28.9654451606765,3
979,28.4180099706792,48.324700656102,2
980,98.317319278835,53.825154306203,4
981,92.0905187251796,37.6834870527474,4
982,33.0714654076993,29.6041049291265,3
983,-21.2351240704414,44.244453196651,1
984,11.6511553957377,35.066728943044,2
985,23.672336174932,27.1399853071033,2
986,31.4498155368291,19.0840650331811,2
987,-39.6048871636678,31.2571746598368,1
988,-22.6806450061795,24.7522749336101,1
989,5.19572039320432,24.0238252615183,2
991,20.2629456024718,20.7782395823054,2
992,22.1357558658369,28.8297360811214,2
993,17.7850728813395,35.7804111420027,2
994,28.8790634905122,49.7708020156072,2
995,56.310633163225,32.9234613287638,3
996,24.2259385952647,34.2589260166499,2
997,-35.4368821492235,20.1186750617258,1
998,35.3994375667206,25.16041100417,3
1000,730.119936074921,216.730587008673,4
1001,-4.0560578723112,47.2602009380948,1
1002,61.2069905659981,58.454709595224,3
1003,50.79157839008,36.4169134475932,3
1004,120.71872109139,71.1918049067965,4
1005,116.447961145618,26.4579642047156,4
1007,-27.7406599448729,37.2864602957561,1
1008,376.198495191064,164.052439832353,4
1009,231.965165531831,106.458375722776,4
1010,-11.7067837835429,54.8154175482011,1
1011,-47.63196358034,36.152469815276,1
1012,26.4140794147222,25.2859281327947,2
1013,58.3949189270053,25.4226948293926,3
1014,-4.6861945771092,24.2603976746814,1
1015,15.1678054711031,41.6141261843615,2
1016,31.8177045128281,34.2075209184252,2
1017,60.0659422556713,71.8780533500732,3
1018,34.1164767187975,41.2210443221834,3
1019,14.2001245287046,54.8471560511827,2
1020,-14.7631731498181,28.2829855720362,1
1021,43.2994695581264,31.3255827902862,3
1022,24.6626163048559,67.699996688762,2
1023,704.77485044451,221.526707330165,4
1024,72.3745711354967,54.2784247936838,4
1025,-23.4488899851486,29.4467859940261,1
1026,11.1850709277241,44.8638106834178,2
1027,144.137247641564,31.8271789417283,4
1028,81.6503342234479,45.8451311750986,4
1029,72.558834703145,52.6230887022699,4
1030,62.6669811794288,22.003546769834,3
1031,16.3556800792224,32.1226767203174,2
1032,76.142999063426,40.940631789778,4
1033,59.320079664714,42.5502703278486,3
1034,-62.9108794700611,29.6619631369298,1
1035,99.461942193114,102.169103956948,4
1036,515.083234308556,194.391203923034,4
1037,9.80198250467839,49.0468044753941,2
1038,94.841778934376,35.9620082968253,4
1039,31.3236375348788,54.3035103642378,2
1040,19.0106846501807,23.2473351982953,2
1041,51.5899035128957,51.2578352216764,3
1042,1.99078066263062,31.3367311411531,2
1043,-9.25031480495429,42.9034074569948,1
1044,16.7130565013357,21.4140089754877,2
1045,103.933050453615,50.0194720606604,4
1046,-54.5945321430124,33.332495583917,1
1047,-43.9698479235852,30.4168060135647,1
1048,44.3159301466025,17.9917021324832,3
1049,111.614902182831,107.752057836349,4
1050,17.4709169090753,36.2469956193656,2
1051,48.9508030871628,39.4659477206719,3
1053,218.366595410085,93.4864922713989,4
1054,109.125595593896,77.7124999797205,4
1055,77.6687211471641,36.0880339835747,4
1056,58.5840570280218,67.448289245778,3
1057,-40.7583361127835,30.8698860214988,1
1058,104.030092284758,55.0101980366555,4
1059,162.223714545883,93.7320509038907,4
1061,649.494452205534,204.934250592261,4
1062,66.9856165701586,25.5435695088269,3
1063,69.8048536258644,47.8769556936018,3
1064,19.475564414811,70.1101190645326,2
1065,28.722212108306,53.197464532616,2
1066,87.625412813792,52.8124929383352,4
1067,14.7567186301108,44.0533863512006,2
1068,17.7764966404012,65.7337944842212,2
1069,15.1540582645206,47.0454251940218,2
1070,26.5784056386762,43.016227368833,2
1071,4.80979054321734,29.1676285312318,2
1072,10.3302491113484,52.8703601171432,2
1073,23.8069329268666,43.2439991279901,2
1074,41.9012119914819,79.5921407315059,3
1075,24.2462155802621,18.3405492253834,2
1076,4.1870389797629,31.6836586058118,2
1077,51.377422536305,49.3540459302298,3
1078,74.7397728488589,53.5466098682741,4
1079,82.3127445733838,77.5268377338409,4
1080,60.7599269080545,60.2092176796472,3
1081,125.426751480167,43.7616213509169,4
1082,72.2325380254949,43.1277188838162,4
1083,-8.30577450139026,59.1402334560265,1
1084,97.6396610326542,51.0984917187539,4
1085,82.1058055356429,40.0357528107219,4
1086,36.5791145286691,29.4358643080109,3
1087,200.735498370399,124.60279291702,4
1088,93.2851881176691,55.0636766934624,4
1089,97.166723985961,60.150093510631,4
1090,14.1949994106562,39.976837466071,2
1091,69.574496094322,119.444470342226,3
1092,73.0542122467716,69.7285231649026,4
1093,48.798588432122,38.6538105437621,3
1094,94.574900918452,60.5184569547428,4
1095,23.5006122243983,31.0218506222401,2
1096,69.85649999219,38.7655781310249,3
1097,80.661304294872,53.2185239331138,4
1098,61.765211933081,52.1269597118933,3
1099,8.6891101914341,44.9911543144311,2
1100,73.7990829063196,67.5994398362291,4
1101,36.0568372215921,28.9324199948436,3
1102,29.8754369300697,51.1891841171587,2
1103,62.9621748976338,37.9636517530368,3
1104,18.5222838596844,62.0189730533679,2
1105,24.6946732115343,29.2791764990088,2
1106,208.967372545307,96.3058415376605,4
1107,138.113543401177,70.9315426672809,4
1108,-15.8498870342023,34.5934390330229,1
1109,70.676313040329,28.7049892988984,4
1110,5.51006373522882,61.5752956610625,2
1111,65.4521638379782,69.4749875907973,3
1112,-10.5747958386015,53.8414614404056,1
1113,-21.3291415975833,71.529064447336,1
1114,63.1893402854412,49.3167052744675,3
1115,115.426258661704,71.5420921739351,4
1116,130.466535307393,63.2189325793843,4
1117,-29.965753581873,28.1455178295646,1
1118,73.6321741061666,28.8691438512051,4
1119,49.031559896419,23.025656533557,3
1120,62.2929950163072,33.7593511865305,3
1121,-42.386655120016,40.1472764760599,1
1122,-8.88815803631575,24.0569646233638,1
1123,2.76976498872037,32.5101454207393,2
1124,30.4555849316318,57.184059320011,2
1125,128.681117715518,118.668942415988,4
1126,113.674350116539,106.551431979747,4
1127,-57.9117418373661,39.6706323886328,1
1128,124.103333717739,51.2838273843875,4
1129,32.2132119416882,22.9240464337494,3
1130,-3.04192759463064,32.9175922028433,1
1131,3.88607791027666,38.2707549846315,2
1132,41.6723451933646,56.0435270406937,3
1133,100.81786838662,132.139906678503,4
1134,-19.1498879513017,52.0083194571791,1
1135,21.3515295216169,20.0077301785273,2
1136,10.5281768669224,37.863157834103,2
1137,27.2293396353109,29.0778289396837,2
1138,-20.9571318353248,33.4629813612059,1
1139,103.067958733042,105.231288097897,4
1140,97.0294224365719,95.4281869839483,4
1141,87.1313002334303,29.1432266765915,4
1142,86.5318203184072,62.0356623118525,4
1143,41.9356998778402,25.1752861361561,3
1144,-15.3547650978409,33.3920002498231,1
1145,33.3058099261377,38.2328441215532,3
1146,36.1900581970224,44.9298792633101,3
1147,82.1286418194344,45.3542123288118,4
1148,66.1337053428174,91.5784717469293,3
1149,53.9420870632816,23.7246300673153,3
1150,90.1687495996351,45.7733119637812,4
1151,126.784829317137,97.2366504251853,4
1152,27.8846090518374,39.4690759870515,2
1153,12.1225416272075,29.1036873478833,2
1154,86.2342017970957,43.0842238331083,4
1155,15.4515582332972,66.564046617893,2
1156,4.53123356435027,27.8605408736783,2
1157,126.957741373612,32.2429173838248,4
1158,22.8269730535727,21.4864311621997,2
1159,1.49275810057067,48.2486453894545,2
1160,75.0560429788588,33.798180289173,4
1161,30.5938812715297,37.0038562916938,2
1162,76.853490856694,57.4029600519464,4
1163,44.0501879475982,31.6615365201265,3
1164,29.8289259662318,34.6766757024385,2
1165,-8.81088335683946,26.7452042910212,1
1166,4.29231277243943,35.0483959092758,2
1167,-28.7803325314272,26.3581191848966,1
1168,65.7442721341999,52.9485885718963,3
1169,2.03504362816856,42.1607024136184,2
1170,37.2369504903524,42.5726236302511,3
1171,11.2825321026359,34.287589046934,2
1172,-53.4525178027252,50.8668939819995,1
1173,-4.30520087398918,27.1962464173873,1
1174,-12.7936434531352,26.6697874633372,1
1175,64.6600960716249,51.7950303993216,3
1176,1.59752417596524,26.8087012060328,2
1177,-30.9994255621747,32.792301767071,1
1178,-78.4208311337251,32.4102398383176,1
1179,36.0696799849611,38.7176613134262,3
1180,57.919167126298,45.1637699969939,3
1181,-30.6348748301873,33.603050691747,1
1182,25.727958906251,45.4050753891048,2
1183,-36.4204783270654,25.2341517591736,1
1184,109.353062327308,46.8053771748472,4
1185,143.061948522861,93.8590588250445,4
1186,67.2655212306758,44.5785209735016,3
1187,72.0848399776758,34.3926483932145,4
1188,-13.4874788579467,62.2437297921778,1
1189,-11.5794804126819,35.0166072484312,1
1190,10.7766080169652,36.6767764642976,2
1191,62.4294220194571,41.4252935822324,3
1192,-0.248155106429247,49.9411032679592,1
1193,29.5149041318862,20.5148529890364,2
1194,-41.8115928919471,23.1138128395737,1
1195,119.17573284074,65.1639907783279,4
1196,129.909800102765,59.7062969216655,4
1197,72.7155861480891,73.3920551923755,4
1198,18.5971307379612,23.3416585479883,2
1199,94.7104223899145,117.313393083417,4
1200,37.6658136035978,53.2325320663605,3
1201,-41.5303596813476,39.8925242883009,1
1202,21.2844954472353,55.1231250913481,2
1203,-8.32465571103798,71.5019973243864,1
1204,712.250311069201,191.357833039605,4
1205,25.2747171299204,40.8209620842383,2
1206,28.045968653016,35.1463758053695,2
1207,599.959763707257,209.400201955101,4
1208,59.7056016372682,34.1632540983903,3
1209,-42.22795829209,27.0457054362464,1
1210,60.1857281448435,25.5853494488759,3
1211,62.2708518217706,54.5503439692203,3
1212,130.81078571675,115.449725863506,4
1213,32.6339093028943,58.6829679329773,3
1214,128.592907100616,135.268339363336,4
1215,7.75951937083537,20.19869107025,2
1216,33.5639798040572,24.8843230771132,3
1217,59.1754666179152,37.0938394404644,3
1218,45.0967961685636,21.9533403716271,3
1219,-11.6564116714862,63.6610976933596,1
1220,67.7173688202786,37.528146818745,3
1221,43.2061855962799,66.0276647365791,3
1222,39.3654716636671,24.8996476383286,3
1223,78.1501301170052,32.2764338178861,4
1224,161.798671600201,107.924465476128,4
1225,89.2125481895249,62.7098682846274,4
1226,85.8752554199896,24.5728618901257,4
1227,204.947276015605,111.824614646936,4
1228,47.211094757203,25.0822051034452,3
1229,13.1226036000143,40.1690376458128,2
1230,11.1376154852435,67.9651134566626,2
1231,64.3387549261237,53.8362159936882,3
1232,32.5780988322731,64.9693385308797,3
1233,72.4802669047857,39.8141975425734,4
1234,-37.0230207508001,21.2170757432563,1
1235,46.681303097776,24.6753900107113,3
1236,-35.1439656611663,23.0772710425786,1
1237,51.3503259677464,29.5499932235424,3
1238,37.5896564238992,24.9435708648359,3
1239,88.012465612879,28.9028801373595,4
1240,-59.2491747649828,21.9352540310241,1
1241,33.8966692145404,40.150475666063,3
1242,-17.2253148882861,33.3261411135238,1
1243,564.221633087481,220.56141296268,4
1244,28.04861169146,54.0671058400632,2
1245,60.299349917308,39.718540163952,3
1246,30.2356578569188,35.4186072008167,2
1247,41.1507090446281,32.3647967334815,3
1248,-13.6582588748139,31.3107694133156,1
1249,28.8067462410605,16.9791802183736,2
1250,-40.9100177748382,25.6328284705385,1
1251,-16.40964357744,63.7544806320698,1
1252,-9.53668333915204,32.5094268693687,1
1253,42.3070898820318,52.8379864483886,3
1254,28.3141787169704,65.6321229626543,2
1255,79.0666730363521,39.0989085365333,4
1256,-30.2075097054313,48.7914932259645,1
1257,45.1407045262075,22.2165847795094,3
1258,76.9215577920976,64.1699610327694,4
1259,31.7429878500003,13.9828818611174,2
1260,12.0372291024791,42.1990594300585,2
1261,95.9209908965281,63.9957999751284,4
1262,-20.6911531752278,26.5842910816222,1
1263,73.0480025569373,19.3116403343108,4
1264,-17.5908192997338,32.2735050012659,1
1265,61.46816723182,22.0532208461854,3
1266,42.450496396011,67.9881501605275,3
1267,31.7567830466345,28.0462169674351,2
1268,-6.90978306127495,61.4213301511526,1
1269,66.9962706922831,28.1152134567984,3
1270,59.337053357941,32.7004751329513,3
1271,33.7102956511265,20.2746723849553,3
1272,31.7110749245046,56.6866180446454,2
1273,-21.9403732501799,21.5451451327233,1
1274,98.3287585212792,34.5857288778775,4
1275,31.2509581727174,21.2936127944334,2
1276,-39.9401608144404,26.468223195041,1
1277,36.938001503501,47.6743627907838,3
1278,18.8033890082302,57.5857090136864,2
1279,107.098366072881,40.559531222598,4
1280,16.8325539596246,40.4227500916599,2
1281,6.08237117187058,56.4329050295697,2
1282,127.244553343272,54.4153848578283,4
1283,-44.5214560531355,29.3017880670033,1
1284,649.08631785947,239.247884302689,4
1285,89.3128223307304,40.1768895918034,4
1286,169.956673917565,82.664642468901,4
1287,34.9008248249427,33.2871192993191,3
1288,29.1207255699987,26.3013361073025,2
1289,64.3259281632703,48.1232685312887,3
1291,5.64065308375072,24.7054924195292,2
1292,-44.4519298429925,44.3847642741777,1
1293,19.9108474574751,35.229192036331,2
1295,620.144407759791,236.326805740829,4
1296,95.322169435185,36.1534686063552,4
1297,8.00205763875721,49.488041447214,2
1298,45.0491121709707,44.5963626983476,3
1300,58.0641425529449,42.872849976074,3
1301,21.1434684069225,66.290741474029,2
1302,-16.8026481367971,61.6792209676668,1
1303,-36.7074155040009,39.4432406594798,1
1304,-10.8269711073579,48.6280919099219,1
1305,117.132795317212,47.9801277028521,4
1306,-8.71365654604203,49.2444450129724,1
1307,-26.5602864143966,41.053758532247,1
1308,2.01760619027138,36.5592771382736,2
1309,12.6694772413119,18.4700811366948,2
1311,24.308493571845,47.8681603018873,2
1312,612.162355212407,243.984689860783,4
1313,17.2064572612687,41.1671062128787,2
1314,-36.3480832541501,34.8911774929435,1
1315,31.5071375223367,38.1307640906648,2
1316,50.7203315770244,20.9913807018287,3
1317,-5.10624524019541,42.3892093998939,1
1318,-1.30782492609979,68.1332377409048,1
1319,64.4450137327948,24.7504204254614,3
1321,61.8136069693477,23.4557512104856,3
1322,-5.80515616091989,49.8283947176216,1
1323,-31.9190197353167,18.9566031566841,1
1324,145.051654344632,65.3905475580012,4
1325,124.511504475691,19.7147163837568,4
1326,23.404261405918,19.9645166979024,2
1327,47.4992164738465,35.3134845282268,3
1328,0.474437706789182,56.6967708035272,1
1330,-10.8168388269492,59.6789516172936,1
1331,14.9882458852167,44.0874197519933,2
1332,44.1604730140631,26.2170460503954,3
1333,54.7514572353635,39.5444704476804,3
1334,105.939790952525,70.8612541957735,4
1335,49.633554212272,23.7046972749718,3
1336,47.397478133398,35.4844627721248,3
1337,65.7999336470459,51.1877459085467,3
1338,-58.4430244515156,60.2855464722886,1
1339,58.9254824351748,64.2579457289387,3
1341,-37.9879834934267,53.9704666821817,1
1342,-10.6098307887133,58.0435410979556,1
1343,-21.6488737444395,28.1719648591386,1
1344,45.5566347740033,31.4453760101607,3
1345,77.0280804580447,32.4817359611002,4
1346,25.4159359567114,25.700565386879,2
1347,137.183446771631,100.061803676152,4
1348,48.0184683416838,73.8719789148222,3
1349,56.9363955332594,33.7647145231842,3
1350,0.693577844779472,34.0755065051503,1
1351,4.82560161324432,57.6299230480689,2
1352,13.4051278178971,47.9017966415629,2
1353,506.158150310436,207.740589269058,4
1354,71.7253230086522,87.6828049867664,4
1355,40.5152829369686,24.2945143270663,3
1356,8.51185671977845,24.229243900183,2
1357,-20.3562977862475,50.9662867018839,1
1358,-16.5675383190013,68.3199235563516,1
1359,19.6809795713265,42.1992003748314,2
1360,13.638772528032,31.234756447549,2
1361,39.3884807278903,49.8161172142212,3
1362,13.3915035982595,47.2331271517428,2
1363,78.08642322906,45.3053378790855,4
1364,29.0515341913479,23.0125883724628,2
1365,43.6353223883512,47.2831578891057,3
1366,40.4987906946131,26.8901764028932,3
1367,-7.68415549018277,40.3062252070757,1
1368,-15.3639515522268,32.0559439202794,1
1369,57.1899546195134,39.9737271503028,3
1370,25.7018659869198,42.1254909475255,2
1371,35.8191648240236,50.9330341216258,3
1372,62.092753768366,76.4759049166092,3
1373,15.6108080181136,36.5732382507157,2
1374,28.7962346519083,23.8291979431304,2
1375,14.3226504410372,44.2181457118044,2
1376,402.871843414018,189.580213897689,4
1377,17.129872072068,37.8911011396778,2
1378,36.1969916588116,37.6582220063044,3
1379,-6.50403287388655,47.9832995364113,1
1380,32.6594236878507,28.2547446679458,3
1382,19.1495355314454,16.8142764225012,2
1383,66.9336565255921,41.4653398528896,3
1384,14.1764595019269,53.3680980193768,2
1385,72.3296252840942,45.7398521983071,4
1386,47.7051654559182,51.9584394946448,3
1387,44.9957169021819,40.7099451387208,3
1388,70.1079893312263,83.2078858163436,3
1389,-21.3072080934932,35.7381813961137,1
1390,-41.4316140312891,54.1187258281717,1
1391,22.574722188013,46.8246276978594,2
1392,-70.2243304278778,50.1472352007167,1
1393,85.4839864042043,92.5127341171774,4
1394,42.5882536666454,25.3501278273398,3
1395,79.5853428740836,38.4555397481368,4
1396,163.331934545124,98.9272048961271,4
1397,30.8168965298912,46.2431986709766,2
1398,22.4250305380843,26.2343565967048,2
1399,0.261380416587264,32.9657310321833,1
1400,142.62189504617,66.0203949415831,4
1401,42.8117873366221,39.7982398394113,3
1402,13.107135589965,43.7293036574347,2
1403,0.86203124458173,52.4023096104851,1
1404,137.498259257426,103.449999020054,4
1405,-9.92954263117565,22.2523843028823,1
1407,26.2551866984125,37.9274277394584,2
1408,63.5100667673466,60.54388784296,3
1409,40.2985960380515,39.0357192653136,3
1410,28.1705516335594,34.4203095723131,2
1411,44.0617294991874,81.2558037141877,3
1412,-5.69738363160753,38.6243233811575,1
1413,-39.6892909434874,53.2684488665298,1
1414,24.8133677902541,26.1991985250981,2
1415,7.85766817353363,48.041291327869,2
1416,10.4323271503455,43.1764016051389,2
1417,88.5197925997482,54.5459190839993,4
1418,-11.879478661168,63.8668426729157,1
1419,147.432037806959,108.462731307968,4
1420,31.4272058536919,62.2341180874379,2
1421,35.858457070457,71.8018584643556,3
1422,4.46126529248842,42.7858344846546,2
1423,29.7196246940041,61.9625042997777,2
1424,-66.0138257500271,49.0298488865862,1
1425,28.0114374013886,50.0659747061047,2
1426,13.3100198561599,28.914404177572,2
1427,5.47830879606962,16.0352993731948,2
1428,35.1633996200752,47.4956802708632,3
1429,23.5484299818748,65.0488143669527,2
1430,-65.9631442514296,51.4708433451034,1
1431,-49.9698042332141,34.9860181615464,1
1432,109.201299476966,63.413488065314,4
1433,100.756150759654,59.1604121994912,4
1434,-26.2930860719792,23.346618010512,1
1435,-42.4996297002596,63.5430144697132,1
1436,17.4469849759027,38.113818122858,2
1438,17.6934238857153,42.9665642540968,2
1439,36.1137501026496,48.310109752543,3
1440,3.72761649383806,38.342638616428,2
1441,-16.620685872474,26.5227922025258,1
1442,-26.9047178830016,66.5522671399645,1
1444,2.50372786702611,29.703858066409,2
1445,-18.5444937117217,21.2910799239512,1
1446,72.2218318563522,25.216216901456,4
1447,-21.0437900368712,45.677527189948,1
1448,-36.6951463089617,36.0600619590591,1
1449,-12.5973476051025,38.1587633428924,1
1450,9.1732931544894,38.262936721717,2
1451,24.6478959482991,30.7304956870753,2
1452,35.9639782802541,24.5143760223225,3
1453,-13.5951592450728,35.5799484295747,1
1454,25.2001957060472,18.7176318088041,2
1455,-11.5038083809073,19.0353194051476,1
1456,13.8127592846331,26.1976794342451,2
1457,37.4744253859743,23.5578935739465,3
1458,64.084440072753,27.3409645158993,3
1459,-8.08456638192883,36.0206021232029,1
1460,50.5446198463416,39.2560937933084,3
1461,41.8306838927872,42.2569318474055,3
1463,65.0001049094465,88.1132760897754,3
1464,-3.11887323693078,62.590688502764,1
1465,14.9923850993006,63.2245507011814,2
1466,102.039353832481,53.7808413460407,4
1467,194.119999449253,131.647918420803,4
1468,55.9731684516086,129.190477952782,3
1470,160.262142747489,115.883244387389,4
1471,12.1622804292311,44.6464828343668,2
1472,-15.8811710374508,41.7474640531828,1
1473,62.4612095144084,64.3869388753258,3
1474,17.983828926596,16.2281286152277,2
1475,88.2970936655987,54.3163397551729,4
1476,116.704163191536,110.778141422011,4
1477,91.9909890909702,83.8096915854555,4
1478,52.3532517097406,20.5122437504768,3
1479,58.804160850938,30.9377614014607,3
1480,18.1666736657071,29.1996652651048,2
1481,40.0314239580161,33.399840134726,3
1482,33.7736965868378,30.0046407293661,3
1483,9.32248449855986,49.0795167953777,2
1484,-14.4554874326436,25.3379293351846,1
1485,4.80645675987575,40.7446056357592,2
1486,3.31696136354582,49.7891071924129,2
1487,407.716782671354,210.654826810638,4
1488,59.3803465674934,51.2278604437783,3
1489,12.7722403423008,25.9433277367195,2
1491,22.7687665418868,34.2147062691117,2
1492,88.8657403966521,77.7109843693779,4
1494,74.3784027667065,42.9458419715953,4
1495,91.3197779165222,80.7854933358123,4
1496,278.761949782353,118.770581147869,4
1497,95.0681368946352,47.1714710885107,4
1498,128.05057467754,87.9007391785827,4
1499,67.3408136703738,35.8347587430414,3
1501,91.9131414489226,93.4768697075721,4
1502,57.7116372816251,24.6681060129325,3
1503,72.240152222608,34.0539045743602,4
1505,-48.6332059132899,55.7566380252183,1
1506,23.511271103666,52.2710720866239,2
1508,-41.6810282793908,61.7937100848951,1
1509,-18.3457879364834,52.0166511418522,1
1510,23.7993020911005,29.798231978004,2
1511,65.0167953442905,89.0978519324179,3
1512,-3.84391193825442,46.7396496437214,1
1513,11.6302498097658,52.8470109348511,2
1514,133.172876328992,107.449890468739,4
1515,90.8000526600273,67.286130159197,4
1516,67.445178622961,79.7244728235973,3
1517,123.230260555122,53.2294945269983,4
1518,34.3813224803164,19.684966811776,3
1519,154.092336088437,85.2809545269167,4
1520,-15.1020230668819,39.0607861258858,1
1521,35.5765764738555,23.7562177566919,3
1522,-8.5301165786953,37.7427750542023,1
1523,65.2518071284416,113.552050824494,3
1524,620.555553549591,239.855734527784,4
1525,58.0065259374513,65.66053324898,3
1526,37.1614620703386,56.3241908615162,3
1527,43.9109771040628,48.698275266607,3
1528,64.9528997556654,26.0379587340845,3
1529,-33.8255627230544,41.3267689568457,1
1530,128.834135260001,98.6401906013303,4
1531,631.933271907898,234.881797136092,4
1532,17.7326253631279,62.1796821678221,2
1533,22.1202520657625,56.7014973862411,2
1534,113.81771137551,63.8214113723929,4
1536,37.2823588126052,33.7190959086906,3
1537,23.0171145213166,31.9577942767009,2
1538,-58.3725558342269,26.9069815994821,1
1540,25.7912154331561,46.3864531127913,2
1541,-35.0155588169106,56.1827750493118,1
1542,56.9632451088284,40.8018497784596,3
1543,514.984693822565,138.873237597265,4
1544,35.9747726492825,38.325560437388,3
1545,4.54470781267193,74.7315980755863,2
1547,77.1790542451995,51.8684654075372,4
1548,-52.9621775974134,49.0071863811929,1
1549,24.4206477262408,76.141478963358,2
1550,77.9439198904564,81.8117854497989,4
1551,57.8710320449871,29.3226503872057,3
1552,27.8168823789277,40.5465351319453,2
1553,60.21817290895,37.379416682981,3
1554,-27.1661392836115,51.8536606529287,1
1555,27.6416015272422,30.4066065995918,2
1556,18.9763456806129,31.4903425348647,2
1557,-36.3526640362635,33.9465040889207,1
1559,47.4092441925505,32.704372004288,3
1560,4.3344068298145,42.0567839559442,2
1561,14.4711324162487,43.7301540023244,2
1562,-0.355694563561564,42.7669111241964,1
1563,-18.5408163138903,38.0405788746621,1
1564,-8.57674377845709,25.7706655876044,1
1566,-44.2170421093355,40.7416753667387,1
1567,52.4262044639689,38.699187024449,3
1568,125.398143793663,106.72597197006,4
1569,90.4715475688464,37.860954276144,4
1570,100.712823445855,91.256754986275,4
1571,50.3204423208541,36.0975633297164,3
1572,17.0893724401296,56.2935472340392,2
1573,-22.1503496353875,36.8132977920613,1
1574,73.564463008634,26.7891964100608,4
1575,-14.846421174853,16.9749108316766,1
1576,61.1268921691867,57.1644760659612,3
1577,21.1650987784596,35.1584047337286,2
1578,-21.8199814760231,73.1138359736411,1
1579,25.3841306112332,40.0633014177305,2
1580,14.9066580672429,58.711460719597,2
1581,27.6020495080238,55.6539090389712,2
1582,-58.6425668257252,36.134125092042,1
1583,-45.6392204889286,61.981120739966,1
1584,24.853195764585,22.3296599761263,2
1585,17.6338025517469,45.8891702767205,2
1586,8.3353787167174,64.2238872575174,2
1587,77.2017888759111,76.6389244846743,4
1588,40.8066321894216,51.1428988917733,3
1589,-66.8967073684787,70.5952711572039,1
1590,119.298497139871,73.6877230922446,4
1591,13.0673839335231,51.293631932858,2
1592,15.5923068203793,58.1987401998023,2
1593,-19.6611776811186,48.4627199862044,1
1594,37.8627590306257,56.7938258592981,3
1596,88.1379258771084,110.535847818273,4
1597,219.137294656486,111.75476199933,4
1598,-41.4975266728703,24.1281135013702,1
1600,50.0925889329362,25.0923818674603,3
1601,148.75952026291,103.228204685619,4
1602,6.54869426598812,37.9358916241833,2
1603,81.5641969336687,31.7288152167359,4
1604,-4.17687363805052,49.7586046975163,1
1605,435.189822919253,193.939276802115,4
1606,11.0383005417987,42.2358645115733,2
1607,374.783319307259,187.679606512368,4
1609,47.8026944894221,51.3595819130463,3
1610,24.9873737791843,20.7356683447896,2
1611,-0.345275378940032,31.9767898663052,1
1612,-17.5853150679661,26.0838158560082,1
1613,66.0115367943436,44.0511990134839,3
1614,173.245151550621,97.0193707848488,4
1615,82.9008575288292,33.1716293681524,4
1616,63.9690682559975,36.121980839808,3
1617,-5.44720612184983,50.3640028577142,1
1618,25.2768016658547,36.5046737100049,2
1619,8.74821790920833,45.0418314319519,2
1620,-18.3367291756747,28.9921254709751,1
1621,-17.8833662155712,40.7895246819951,1
1622,457.754208058753,185.126164534203,4
1623,44.1011398638182,23.1132216911321,3
1624,75.9615023734452,34.1180213611842,4
1625,-45.1604051143355,35.5578254197265,1
1626,32.2106488644857,63.7641959224108,3
1627,-17.2717937393295,19.40197796306,1
1628,57.0685212818058,31.1792796882395,3
1629,-12.1147151415559,52.2549494264907,1
1630,221.069518924362,109.198839468593,4
1631,12.3962443585584,25.6055568424638,2
1632,-34.7999824629953,55.0823290643607,1
1633,2.85143170862397,34.4808174923695,2
1634,12.7410237691396,39.0760077220099,2
1635,-6.64646531966888,48.8637563144273,1
1636,727.084153536894,199.945201809353,4
1637,77.4380483962378,70.3094924800467,4
1638,39.1815344326667,67.7310789013074,3
1639,-53.069759761685,21.6956386235524,1
1640,73.0613876061212,46.618755114368,4
1641,-34.7505187758261,27.3816642972853,1
1642,37.8663829741682,20.2470500809909,3
1643,33.8940987550979,28.2007862209474,3
1644,4.99638631177351,58.77077666219,2
1645,14.1529258626988,85.4488703830573,2
1646,-31.7635788534262,30.6291534789835,1
1647,120.601786670624,136.919841385567,4
1648,173.804850363182,66.5005775389207,4
1649,692.479545301678,208.404220288512,4
1650,18.6051669834454,59.6320926746153,2
1651,15.6226363249756,30.2551554637747,2
1652,99.6154563081894,121.085958540762,4
1653,13.5224375859,53.0105299172454,2
1654,4.38081328566569,44.1522267038263,2
1655,24.7902780335883,39.9565456584618,2
1656,97.9136604938664,31.2113935437611,4
1657,-32.3918373282894,31.3991684538263,1
1658,39.3499447502521,80.4676930369344,3
1659,112.443138452647,85.6287706843691,4
1660,38.9356927665316,81.1951432229974,3
1661,16.910735503471,42.3446193155148,2
1662,95.7702981248717,31.3632360207944,4
1663,67.0491605986276,48.4882818878684,3
1664,72.9365845797541,112.995488835038,4
1665,-42.8218398705008,32.4236056157861,1
1666,-36.6815489418683,42.5553122143892,1
1667,87.0466061080369,31.262976395812,4
1668,32.3304203376132,50.2141767740424,3
1669,152.879139993217,102.390437772263,4
1670,126.385851833442,96.8327617606731,4
1671,32.6421938708953,24.2331870634363,3
1672,104.956544244954,68.4478919010606,4
1673,7.58856618353391,33.717959056833,2
1674,-38.7216299385389,53.8322721262708,1
1675,35.7624593271515,57.1824933770685,3
1677,31.1381343710412,58.2364564758078,2
1678,-33.5357913815397,26.6497223176697,1
1679,-41.359320994157,57.769459305585,1
1680,83.2098333035565,54.6892814579767,4
1681,27.6128468444661,42.8191477587591,2
1682,55.5306423116163,81.941275577688,3
1683,-57.6804614555607,37.6012062219843,1
1684,110.893491498149,68.331908134713,4
1685,-4.5162983045366,42.0574283518133,1
1686,47.6824343495802,68.3581051115687,3
1687,-54.8699745434153,42.3094318409612,1
1688,-6.35356713238837,67.3507594669885,1
1689,-3.44204796279358,46.6054925738283,1
1690,-7.71045579689413,66.5673253038005,1
1691,45.9710181942623,23.1736942053196,3
1692,81.9599222119906,49.1386282405576,4
1693,-24.7276696559631,38.2808713096725,1
1694,-3.04160428034233,57.098439343285,1
1695,-28.5139597354363,39.3101701606735,1
1696,-41.9204470316561,30.7138888368132,1
1697,211.125084774098,63.7359003601156,4
1698,101.770961638837,47.7109673985539,4
1699,-59.8465138576567,36.778040783445,1
1700,26.9892904501928,43.5070131501288,2
1701,-44.9399428366063,28.1957252902983,1
1702,-10.1411370011332,37.3073998676828,1
1704,42.7881078209252,57.251324534494,3
1705,-45.947097398071,17.7451490312735,1
1706,33.7458418277504,27.4702623187992,3
1707,66.5634864291575,69.5532460418279,3
1708,0.954074342163718,41.5758839435188,1
1709,37.1795648309623,25.4644692524092,3
1710,646.90331203101,242.577066980857,4
1711,86.4823940503299,17.3584465454272,4
1712,26.9468779124833,42.0193716680793,2
1713,40.6957016813604,112.249452624777,3
1714,43.6640336012387,21.9315321398594,3
1715,603.073347615122,245.712365601367,4
1716,-3.42481472251227,63.3733585691959,1
1717,52.9167726326344,32.3420541532547,3
1718,3.15410241744382,48.0121242962209,2
1719,-20.8987413980706,40.9720784279232,1
1720,21.9683809029765,32.6211733688033,2
1721,90.0414015727882,60.7605188412165,4
1722,528.532458363498,240.747595235643,4
1723,17.042366123713,19.6455614869839,2
1724,75.6336490075754,48.4951418706495,4
1725,4.66424959468857,17.3891006607179,2
1726,23.6774459807015,35.5092533221784,2
1727,20.7069581897447,68.7026777740887,2
1728,46.7421734442998,57.2505123667497,3
1729,29.299040644235,16.6708115451033,2
1730,70.0593417523062,68.7608282636806,3
1731,-25.7794871640212,60.4097752845098,1
1732,73.2106547470219,39.2632809235966,4
1733,22.6821218676445,45.8603449442028,2
1734,-24.8003240356348,30.087823599834,1
1735,136.597098203559,105.175230777551,4
1736,-23.191445805903,26.4582616477571,1
1737,6.90372050419789,73.0958001162839,2
1739,57.6660068986176,35.6375468153605,3
1740,26.1528527181272,52.4802257793759,2
1741,50.6541663010822,44.7682782813278,3
1742,-5.92676626705378,29.1059914918076,1
1743,-16.0708379106001,45.4990178405719,1
1744,-3.99922823212122,39.7062954198514,1
1745,10.8993861725115,28.8387823562213,2
1746,5.75391131035144,39.639627684857,2
1747,-14.2875173298319,28.6232852218338,1
1748,16.8270350645614,57.632554459877,2
1749,55.1618447312318,30.885812119772,3
1750,69.0705177407811,112.320676963755,3
1751,30.828778182994,59.6546632208227,2
1752,24.4188505979874,56.4212943795458,2
1754,-23.9883933505185,50.7993502469432,1
1755,118.104896455378,40.8086748933292,4
1756,-4.49228717214738,52.8553892529931,1
1757,175.655448029477,94.1111146520047,4
1758,34.6440441716937,28.2824683285715,3
1759,140.773350615834,66.0540156257991,4
1760,8.30170897096746,21.3881802845377,2
1761,68.4623207059284,32.1466330902885,3
1762,-35.4188569164014,24.1212978805561,1
1763,1.86342170600045,27.0221894268248,2
1765,0.12125773813,38.5763746789817,1
1766,53.0125813026056,33.5123556180575,3
1767,43.2032711646358,35.1900104939427,3
1768,46.41348483963,65.9975875744268,3
1769,93.0645618695028,59.0082383746718,4
1770,30.1028789203079,30.8327320803456,2
1771,88.7625638886727,63.7374561458032,4
1772,739.871357405669,220.478297425449,4
1773,-5.3493537100698,75.8996450138403,1
1774,94.4754600307513,79.2197860728983,4
1775,48.9603036060549,40.9699043507197,3
1776,16.0499801069395,32.4573872192487,2
1777,68.5946370768198,52.5316616858651,3
1778,84.1335233633462,31.8311788830648,4
1779,28.1196624495862,74.6004044303923,2
1780,2.70134903865339,59.322774724168,2
1781,72.2708748626373,79.1294331699741,4
1782,-69.6629762039604,55.0752468344192,1
1783,-42.8838191357403,24.558795236064,1
1784,-40.0044740574797,34.104716118286,1
1786,-32.7352430458029,38.1672131590118,1
1787,33.7485944659107,34.8827365450945,3
1788,23.5877178152507,67.3663437358734,2
1789,16.4648590724593,52.5499689376375,2
1790,-9.07588328229901,34.8441915431994,1
1791,51.8784804659784,40.6816763322326,3
1792,104.213465405634,86.8884699535872,4
1793,63.887304306665,61.6999683230254,3
1794,42.7174235228861,58.1243207196988,3
1795,59.7551828232138,51.133939513191,3
1796,70.8897728337475,81.4573333688119,4
1797,22.9782715256861,40.7407456243053,2
1798,59.2641601246498,46.5470820160071,3
1799,-35.7915453413241,72.3756244832435,1
1801,104.143679096996,41.9919560205158,4
1802,-16.0578982664938,28.8542411417028,1
1803,22.456567940323,19.9583524945046,2
1804,32.6214305082797,48.3011146932737,3
1805,-34.4815074959067,36.4668909942808,1
1806,24.9928115632337,61.0368169639196,2
1807,98.8914745955284,52.0483428032798,4
1808,35.8301288186925,41.6511531044821,3
1809,51.1334494877645,41.8259156683922,3
1810,93.9615818744648,37.2482198011067,4
1811,-60.1693498049841,29.9646637846754,1
1812,134.955623710479,78.8662449082064,4
1813,-9.78290416369128,28.0260511305138,1
1814,-4.95009209555758,56.4046385405182,1
1815,46.8267374526866,49.0615805385392,3
1817,61.2274376139479,49.9279992264685,3
1818,193.59103728368,62.5785043007078,4
1819,-54.5120063179918,21.0019245894275,1
1820,-27.8302744694575,29.6065267044755,1
1821,-80.3987573241474,46.8022088699465,1
1822,12.1717252514338,32.6876055162584,2
1823,9.80222219419392,45.471869293325,2
1824,-19.3108126212196,53.7525436133749,1
1825,264.235729216105,159.1574561978,4
1826,-31.0061226056909,76.3179212532362,1
1827,43.3793783123429,30.7930991583184,3
1828,-49.8131833716495,28.9852147641427,1
1829,61.6625125022745,53.0598214811477,3
1830,-59.2705682854582,25.3273376632892,1
1831,24.5790281910344,62.5987438045676,2
1832,36.8201400657082,97.7549921168249,3
1833,65.8051329899495,46.3962518216724,3
1834,-36.9412427160864,42.520592231221,1
1835,16.3937121661835,62.373069683625,2
1836,-34.7667802149537,41.1228434021998,1
1837,110.798304399024,62.8665002493951,4
1838,66.8035666101552,41.4940103650083,3
1839,22.085489023286,35.5408633730209,2
1840,34.0498879187975,53.4426832366915,3
1841,25.9280673456737,63.559268389641,2
1842,-1.24335016913927,52.7206489489532,1
1843,20.9402922247795,80.4842077907461,2
1844,-64.5877960462429,66.4117864226439,1
1845,106.983635359073,130.483986103091,4
1846,127.143496664897,124.220749137428,4
1847,17.1436805141486,33.978047613551,2
1848,-30.7919435257708,22.5788471223609,1
1849,6.04726019545766,27.1320047452529,2
1850,28.8761674931153,49.6273779823719,2
1851,43.1560914601431,51.451349460179,3
1852,95.3238864998086,26.6336330991425,4
1853,-67.7208523302532,54.387062260029,1
1854,577.69370910358,254.736075662021,4
1855,-50.9631579281355,40.7677823660941,1
1856,-28.1330460432968,29.9245130335109,1
1857,-21.6795356427794,29.39814309803,1
1858,-33.9073224496849,48.8300140512056,1
1859,51.3423523713064,44.6852646101884,3
1860,60.8714877366174,46.2420204712507,3
1861,54.7474895643472,49.0240198660132,3
1862,57.1440187009121,47.5272383622406,3
1863,-42.9772551949537,42.9801914476591,1
1864,-18.055037980576,54.3389026067836,1
1865,-13.4927276767548,65.6300528564538,1
1866,-37.3137343076312,22.6193140520734,1
1867,-24.1583830492601,35.800914001935,1
1868,283.023459769873,118.364585283851,4
1869,-45.8067291881597,34.0517792423425,1
1871,-32.3729105819297,52.0649966151247,1
1872,-45.1507207388207,42.5145029986592,1
1873,-1.66871253679865,69.6570847108143,1
1874,-46.2230540388165,38.5957899770221,1
1875,-43.4837118673051,34.7568047352255,1
1876,52.0183333422195,48.174391462931,3
1877,-55.9912772705728,46.3637404726544,1
1878,9.94603461731215,47.1043499977663,2
1879,43.4139279757728,23.36611623561,3
1880,31.2591711937813,33.4266045521019,2
1881,103.006223295383,49.2662405722401,4
1882,16.1908991184035,36.1408468294386,2
1883,-17.1773184367437,42.741373786624,1
1884,39.6469912852008,83.7409886983078,3
1885,69.296090130554,73.5204334954347,3
1886,-23.7658885874948,38.0363991393474,1
1887,151.226982284699,77.0538686842552,4
1888,33.4276579521483,27.2254159841302,3
1889,38.8765512593485,49.9404224141773,3
1890,-8.6774874729269,34.4311138103262,1
1891,32.0469368002823,95.6801018294382,3
1892,5.61577203776256,34.9273318548234,2
1893,104.310805517469,116.879366270787,4
1894,37.6832664252455,25.2058595406084,3
1895,21.7277793461098,75.1956840719398,2
1896,-42.2780100918312,31.4928914144865,1
1898,38.1105224709182,42.6451225335953,3
1899,65.0512829870542,41.8725044855447,3
1900,-20.2876764795043,36.3577503551079,1
1901,17.5387492803121,20.6400938542122,2
1902,34.8410708109403,24.1552446046025,3
1903,18.4127942844732,56.1147278980492,2
1904,7.69085355884192,44.8353303282065,2
1905,565.988911047742,248.404566036456,4
1906,22.913965579908,48.2279814481743,2
1907,24.3896354733026,25.4406099656589,2
1908,133.228346641638,26.9405404841312,4
1909,68.2022350797807,18.4427321998662,3
1910,28.1355005408578,43.1738992576039,2
1911,-31.3883852999625,36.3653931538325,1
1912,72.173050492657,63.5583131151604,4
1914,-32.1835200871871,56.7336604496768,1
1915,54.2860150060272,35.3877912484282,3
1916,-36.1940815650632,48.6588391222584,1
1917,8.14534862716998,49.4190153191216,2
1918,1.74042645981944,19.0789644366891,2
1919,-43.0579304267145,59.2417134033644,1
1920,68.5521597896734,50.825987295086,3
1921,118.809077058974,70.7689385367684,4
1922,126.619140200703,56.5085571614713,4
1923,-25.1940079496309,32.4485916794572,1
1924,-47.0929525945334,48.8992478954499,1
1925,40.3509756071718,41.1490530657824,3
1926,3.83405519616495,34.241244406303,2
1927,-12.0300145212964,53.3295851840865,1
1928,6.05146831267333,36.5661621904995,2
1929,-45.8368547868375,35.8273581963151,1
1930,-4.30023156234325,50.550104062084,1
1931,-1.92439900043547,32.6727345635972,1
1932,107.1261629172,51.7461017671739,4
1934,636.75530464175,231.302401629627,4
1935,30.2239801112185,28.9156579399991,2
1936,91.9630900088831,45.8824695842711,4
1937,30.6143222150567,25.082626161012,2
1938,20.8980252671854,56.3213895930632,2
1939,44.8793536799182,47.0480606738787,3
1940,-19.9042618666101,55.4501513516242,1
1941,53.4539165728235,76.4505428317186,3
1942,45.5330312102779,52.3623496516649,3
1943,64.2355044795536,99.6280386099395,3
1944,141.98445785656,111.883693129925,4
1945,63.5642325751133,88.341744607206,3
1946,29.6748078112228,64.1870037719738,2
1948,27.4534830134058,49.3323384364472,2
1949,61.2561141668901,42.80389503249,3
1950,-15.4563327063006,49.1404726551901,1
1951,36.2386854665363,40.3581103896313,3
1952,-22.8650044503763,51.4970675124426,1
1953,86.0811915755603,71.5761858931211,4
1954,80.5761587963005,23.2063503357893,4
1955,-9.03226891738282,29.2223869854623,1
1956,75.2815239470709,28.9974879381389,4
1957,128.195530874639,98.6018919051141,4
1958,-40.6093104668654,39.2983380155415,1
1959,76.9905757699348,74.9654310230701,4
1960,624.395186985427,250.988827814887,4
1961,172.108930344277,124.430044631545,4
1962,-4.00510067769868,43.7430345386941,1
1963,33.5432305899587,40.133548230106,3
1964,50.4526899952422,76.3717859228945,3
1965,95.2714617007286,57.5659054574941,4
1966,60.1792769682568,37.3780947481204,3
1967,27.3351119484758,50.6680114258744,2
1968,148.620319310812,77.1416488506243,4
1969,25.6338430786667,31.6442592530006,2
1970,79.4366226515077,49.4814198463097,4
1971,18.6404881904075,25.4249854919487,2
1972,602.586317374368,233.276334478142,4
1973,44.9522331068572,32.7438345997328,3
1974,289.329761317987,80.5391033040376,4
1975,48.4587448057264,58.5038312780918,3
1976,91.1713328019204,38.6479125022384,4
1977,94.4580644680312,29.3199277364127,4
1978,69.7331654724818,32.6983590188762,3
1979,98.1416334873377,58.2310721344324,4
1980,74.945349361522,60.7989528811515,4
1981,116.516432678888,115.093715546719,4
1982,83.2743461548871,45.4214129658209,4
1983,11.3290270558907,26.2897156648118,2
1984,21.4944264880987,42.873020108165,2
1985,44.0437787290631,42.7110704086333,3
1986,0.189669294274454,28.183152605934,1
1987,-4.19457397177751,43.9654479570373,1
1988,93.8649087182608,33.9018125409062,4
1989,105.401769269221,86.8400143455131,4
1990,42.4753700553577,85.7404253412843,3
1991,114.029693841957,114.017845969994,4
1992,53.4714496865297,39.7557363415657,3
1993,-10.6776994679282,55.1030560552005,1
1994,66.2258526145827,44.0482459340452,3
1995,-1.99926468089661,43.0500647907198,1
1996,20.8753148490478,43.3165912787864,2
1997,43.8726015477975,36.8089048003277,3
1998,-21.2761783147751,44.2681649017596,1
1999,170.741927439327,101.1138830289,4
2000,53.524033012011,52.3117409724289,3
2001,-32.9833390961855,40.7365734910138,1
2002,-21.7093544681785,29.5496793644344,1
2003,34.7912435695078,35.1695180194823,3
2004,34.2695097245681,38.4533383075316,3
2005,40.2770137027772,44.10194739191,3
2006,24.0387366822561,71.7763676580854,2
2007,75.6748020188142,27.2197060426583,4
2008,-13.1102900443031,32.5402316509048,1
2009,-21.1552229937848,16.8105891951567,1
2011,55.3053117589096,28.7819491162065,3
2012,72.2505921404854,84.9306639539828,4
2013,595.343399316466,223.259252740865,4
2014,-23.3120679509366,50.2742432103521,1
2015,-41.676212573593,31.532530179265,1
2016,54.6443079602344,64.4931454661597,3
2017,10.2633107291019,67.1902386885134,2
2018,623.710154548593,231.673506373441,4
2019,82.98437364904,52.9543299991167,4
2020,632.218383404971,236.154886874122,4
2021,76.3190207828104,64.1779939505978,4
2022,191.325103948854,95.3872531998802,4
2023,46.8832723027798,46.1166233718198,3
2024,33.5068185741246,58.2732748861304,3
2025,-27.8975814214736,24.2436174503335,1
2026,27.8114439354469,51.2445131644838,2
2027,87.2462607133806,57.5422598810605,4
2028,26.5657327701104,45.0383224353994,2
2029,57.8977153918633,53.4597987023875,3
2030,-1.68830652552899,47.6366142111282,1
2031,40.8177856928292,37.1804426515335,3
2032,62.8286583623994,35.6623776121639,3
2033,38.9838878073526,47.9055660572581,3
2034,4.42720634891675,23.9037964910932,2
2035,-35.4300179850703,31.6155580229158,1
2036,-45.032853981564,26.0340056113453,1
2037,23.3449403331675,21.0116082644636,2
2038,108.672940468947,91.6342788468142,4
2039,-25.4182562013386,38.874388669291,1
2040,94.4553770930101,112.762542921169,4
2041,39.4662041336725,22.8474523932734,3
2042,139.378185505958,112.967365385809,4
2043,61.6780530002176,46.2823772142829,3
2044,-7.74959885583105,33.3727442758832,1
2045,-18.918898712948,45.4661444957443,1
2046,710.575809411691,208.521591522063,4
2047,71.1686986613557,19.718052468755,4
2048,40.5264206799741,50.5269355603191,3
2049,33.5275886672182,32.5503309524877,3
2050,61.0672327293916,37.0580624387259,3
2051,61.5341707600309,48.1794518963109,3
2052,80.5670165876187,60.6850995617401,4
2053,-19.0901774709985,59.3747493385292,1
2054,-2.9864978158558,31.7160250149973,1
2055,11.2766066204138,29.364691431022,2
2056,55.9147727645771,57.3285248229086,3
2057,123.423470402597,90.0149429707065,4
2058,-32.1896221414707,41.4677319482361,1
2059,512.974883817996,211.533155991745,4
2060,60.3491202954144,58.2040803291827,3
2061,122.949959684856,80.4660981609262,4
2062,-49.4726170551073,33.0368333634003,1
2063,2.42880285822902,37.3532878165204,2
2064,629.691944495268,238.313098100245,4
2065,6.36924787147051,19.5418938188156,2
2066,62.5174959357673,59.6534763426508,3
2067,3.8263054553086,71.3845330033984,2
2068,18.1999856869991,41.4251408047615,2
2069,36.1195739392028,24.9601730831403,3
2070,9.494349627028,36.8973366795704,2
2071,5.19845574230859,39.0228875927883,2
2072,23.0267197817707,53.1884024954752,2
2073,86.9555557493623,30.7827974971176,4
2074,19.9848464370682,61.3635194672566,2
2075,-36.6517525734267,38.0236829363179,1
2076,64.3533392754075,19.8996869990884,3
2077,166.635473038966,51.7094929235868,4
2078,66.1932878902837,53.3212607575923,3
2079,38.5617420721137,42.9392193116661,3
2080,87.623079496624,62.9713918067459,4
2081,211.060890135572,47.1625862742994,4
2082,50.1075901615009,68.4080520278338,3
2083,-23.7328121525072,18.2957488724696,1
2084,-1.83832482131703,47.1109423461282,1
2085,43.1150512199159,58.0884295078629,3
2086,193.947263242635,32.3567029929215,4
2087,-7.2917727041878,21.9979819707723,1
2088,480.859461457834,166.516222592045,4
2089,113.209412312628,45.9396352354076,4
2090,-2.33380933380133,28.2831014509105,1
2091,80.9358449143802,41.4771378579357,4
2092,674.001967509897,230.131981967717,4
2093,32.085955943269,50.9816782327284,3
2094,64.0398690480278,19.5074173677717,3
2095,-37.1339725719786,20.3822817778383,1
2096,76.251285694171,28.2076007600592,4
2097,-13.4711852943528,31.9750076772317,1
2098,-45.8426363609802,30.3244941360584,1
2099,-27.3294220146618,39.712859026152,1
2100,-1.88617556631045,46.7764454031393,1
2101,-15.5789882243399,25.529436934541,1
2102,103.94204588372,66.8283359595483,4
2103,45.5663847231911,53.439021051034,3
2104,8.63879227810392,32.6002593417069,2
2105,9.37417679140802,28.0084809623252,2
2106,72.44742755541,39.6029795148374,4
2107,64.4273412158754,71.7942735364718,3
2108,591.150260388788,235.716000754574,4
2109,103.239915647627,122.495051207337,4
2110,-38.5229132718216,31.2560838581937,1
2111,-9.83120330924012,54.3101218699989,1
2112,74.1630484848015,55.8832395143222,4
2113,9.92701663490648,49.8302121878818,2
2114,-18.1116758773223,47.4125113028526,1
2115,124.603547577568,87.9874974740563,4
2116,101.767193060162,67.0485526688618,4
2117,-34.287259435583,22.8725323924928,1
2118,-50.8256568442002,46.3995450364425,1
2119,104.421078970274,124.291160205012,4
2120,61.0547284543473,104.033699231229,3
2121,8.85160967263284,63.9988873493746,2
2122,576.058790764186,226.21150876613,4
2123,90.5656554441617,36.0052674757082,4
2124,14.1900247331401,46.3556359391228,2
2125,-61.6780602642931,27.8163760640274,1
2126,42.3694350275574,44.5156390848447,3
2127,-25.4567942239747,22.8269821696493,1
2128,34.6803794105038,15.2153745205845,3
2129,52.2547327557724,19.7195947236252,3
2130,47.8462736008459,36.1629821721643,3
2131,6.66323309966236,52.3374426377767,2
2132,633.096757546237,218.447986349747,4
2133,55.5915243498628,45.2253609325843,3
2134,85.9409145941091,51.682920800963,4
2135,121.025685118989,51.8750579893277,4
2136,76.0988615001419,69.9696353079912,4
2137,-9.33755257435551,28.4651958126452,1
2138,43.7341869575585,58.9033085305806,3
2139,34.2899489002924,26.2274028250196,3
2140,110.18774835228,87.4928080142929,4
2141,48.1778905895456,40.3909469956458,3
2142,36.8027007930109,36.1475682510688,3
2143,119.384445200627,53.9688183345657,4
2144,102.856366395507,58.5694740853715,4
2145,58.3283231627566,52.5961808187651,3
2146,-33.0593671093133,19.7963623724901,1
2147,-7.25672640811202,27.3846417404213,1
2148,31.4645147707194,42.1824666787143,2
2149,21.1109756843113,50.5623416020663,2
2150,39.5780329083809,24.8289136821152,3
2151,-21.8666059025795,33.8941056145753,1
2152,-31.6753243541529,24.8024657783362,1
2153,25.724972267954,56.0119196650412,2
2154,105.856819883063,115.636757101851,4
2155,42.3121028064886,40.4061472024319,3
2156,95.086189530292,70.7724410305496,4
2157,36.9587450292532,40.8313369666087,3
2158,43.9983659632066,53.4488797551988,3
2159,60.5159316278112,31.5568759004549,3
2160,43.6240484251077,45.1212861277549,3
2161,28.8024732718995,24.6424922808688,2
2162,94.2168939788547,39.7712504126403,4
2163,28.6433271564772,43.7821414020957,2
2164,54.1969625632487,36.3931232307314,3
2165,26.7102823168141,84.8026716723511,2
2166,23.953755147617,65.2471037389018,2
2167,64.9298358823288,39.4117215612966,3
2168,-41.2892917962827,34.5323730386644,1
2169,-45.0669302676303,30.9259337940696,1
2170,520.305196230995,188.41298568458,4
2171,21.8712231382732,23.8530539253532,2
2172,35.1540712609076,22.0121976052208,3
2173,37.0277057587347,27.2386936107374,3
2174,-22.6034448982128,30.3856138723964,1
2175,30.7796200281596,13.5365121573135,2
2176,-15.3197578430003,39.5904142726259,1
2177,75.3863546003582,38.1616717358528,4
2178,-14.479010423016,16.9468921959885,1
2179,322.267690572229,169.51586955015,4
2180,278.98343915871,109.725436798482,4
2181,71.4280995914469,23.7489721551306,4
2182,-9.56729461982287,36.0001849155309,1
2183,29.5470665428841,36.6862498728815,2
2184,15.0484591202452,41.3729045916914,2
2185,-33.7443927574601,21.8406498854418,1
2186,38.0405052530372,18.1820582334554,3
2187,-42.5113071453301,26.1748054105717,1
2188,75.7083995199767,44.6420695123167,4
2189,100.186200632483,29.528038986694,4
2190,76.4428992616131,59.026577830712,4
2191,80.567404968535,36.0986697754383,4
2192,42.4235486108951,19.908104351643,3
2193,148.979921887378,30.8394030525656,4
2194,27.6177928280561,28.4351068686967,2
2195,53.3917340209547,36.4388087590295,3
2196,636.46907709944,257.330987834059,4
2197,-0.892622049268675,34.5817235508976,1
2198,20.1463907714186,94.2567047723268,2
2199,66.2944284979936,74.0954210444178,3
2200,-30.4873603954392,27.3768568097869,1
2201,55.4752056705145,23.3489933350555,3
2202,-46.7345158576558,20.3417362839475,1
2203,4.59385788501377,60.1721826488818,2
2204,-23.9174345168503,59.5076758845594,1
2205,-19.2317166425285,57.534588844205,1
2206,-11.3841725230199,33.6277718255608,1
2207,23.5001847743503,36.6557768630442,2
2208,57.3496721953468,21.6977109919573,3
2209,63.2681441980707,65.3382983331867,3
2210,-28.4227671085271,34.5315796102126,1
2211,84.7334982658827,39.5362239530683,4
2212,66.3584352605173,22.6085273243997,3
2213,38.9987542122988,19.2819134417689,3
2214,68.3652882561885,50.3163596689802,3
2215,-5.09018663285692,29.0018756431745,1
2216,51.6488497346267,38.7593273123272,3
2217,177.528645764762,76.5807312025686,4
2218,43.8485820853484,32.4177189331135,3
2219,-11.584177661551,21.8127406871698,1
2220,67.5450072145154,59.8825271479414,3
2221,-27.1745686886601,33.019423179773,1
2222,38.6231378629725,25.2939361401828,3
2223,136.928212231756,77.6277556076179,4
2224,-37.7691004751995,37.1336254665018,1
2225,31.0487288856287,21.3470062131597,2
2226,-8.49843615517876,37.5704258631898,1
2227,47.6021925785991,23.3425911632488,3
2228,8.14382043698869,33.5759785428945,2
2229,26.257318666154,32.9048901495519,2
2230,-37.8078335065655,61.7606981407199,1
2231,-38.5629633615219,40.4488153239593,1
2232,-32.5262890373585,74.6367518216556,1
2234,-41.8185863759051,45.9844146429843,1
2235,33.8474683727398,31.5076004353951,3
2236,7.68373653097878,38.2089739749456,2
2237,608.225624634476,214.176152300362,4
2238,65.350097174763,37.7457722401809,3
2240,113.455389942912,46.533809102777,4
2241,139.771710058342,93.5474385384948,4
2242,80.9906945585736,86.4549597390337,4
2243,123.667085134451,26.2835948827562,4
2244,-5.96688429012117,34.8260967849531,1
2245,17.7988121507237,48.2091741226038,2
2246,5.84035786647064,29.5587885302006,2
2247,210.336224340951,108.478140726099,4
2248,535.223540657231,226.849392538859,4
2249,58.5476569071444,41.5326179445888,3
2250,5.41199317485333,54.4780216988576,2
2251,76.1062729983486,50.8558154532238,4
2253,91.5328561856199,93.2996965690049,4
2254,44.3646042486664,46.585883039703,3
2255,643.848940598472,238.173224955061,4
2256,69.4729038740373,56.0182118453054,3
2257,-3.74628072959875,58.1060659916346,1
2258,-19.5983935514147,28.847046993205,1
2259,9.11513421244201,79.8684558984412,2
2260,2.16715432495501,41.6321142276837,2
2261,37.7439472737685,56.4474373831344,3
2262,40.6472738045036,49.2883484485177,3
2263,24.4751431300713,19.945247429598,2
2264,-3.96487741558117,47.9232820465188,1
2265,27.2814834313684,26.1603334717555,2
2266,-38.3859515652783,37.1159336367718,1
2267,41.4991667594665,39.0880764457623,3
2268,-28.8625266275697,43.5815505626004,1
2269,7.00336474839231,53.7988022683757,2
2270,20.1206996336429,22.5655106095797,2
2272,189.311734213702,132.053244470773,4
2274,187.817599272037,48.7097998754448,4
2275,22.6231339118032,33.0182090282761,2
2276,79.6079431570539,23.6210241317133,4
2277,6.58284215278178,43.9541852708069,2
2278,57.6896529192619,31.9529221099955,3
2279,47.9028738369298,56.0920668999892,3
2280,49.0875392928324,26.4661596871103,3
2281,-46.0321990224003,46.1987511830359,1
2282,-27.4076353328037,48.6341902818789,1
2283,-17.3683297154534,52.5270546129795,1
2284,44.3033617500616,58.5613673385103,3
2285,-38.0883002483179,31.9559113604772,1
2286,-21.5859964925657,29.4182694469312,1
2287,71.0672609138566,26.9369228288067,4
2288,80.3397787721856,68.8263942366795,4
2289,-25.0557660154341,48.8538001556603,1
2290,95.8013772842286,28.4549411895463,4
2291,38.1601900396526,69.4951072339681,3
2292,78.6116193370479,40.3817155944591,4
2293,13.2961449273321,37.3796083185629,2
2294,57.3190816397764,72.7835379143649,3
2295,-22.1197167601604,51.1956161155826,1
2296,22.8474129658273,44.8150373985699,2
2297,75.4467053341647,34.8102580475442,4
2298,45.2687481698493,82.8438424630465,3
2299,50.837689273417,42.0246064741772,3
2300,-27.4353744498201,57.4617058266484,1
2301,109.227995727935,41.9236695948405,4
2302,17.2663420235639,34.1688472910879,2
2303,53.9166625935679,30.0243640132432,3
2304,628.700040956528,208.158594341753,4
2305,28.8036171574154,28.3191838388312,2
2306,-1.96444689415739,47.3393787795925,1
2307,544.83084380228,198.576715507076,4
2308,21.2289382963102,29.058143723705,2
2309,54.4880197470621,39.525423737313,3
2310,60.4476244807024,61.7325677560904,3
2311,63.1776724710171,55.4592820858846,3
2312,62.3643014098288,45.5527862822808,3
2313,-10.340560431592,45.505421538329,1
2314,48.9070124378961,37.1256206184266,3
2315,700.388727498374,221.998090667468,4
2317,28.6811032983108,49.29797176201,2
2318,59.5978244231839,45.6257460071499,3
2319,77.0453189110675,43.6575850144762,4
2320,10.3238059433621,23.8135953076141,2
2321,-2.88207733779347,45.751842816564,1
2322,-48.3263289362623,31.4289223538648,1
2323,614.473986123086,220.858742352405,4
2324,26.7765651324089,27.3492551898337,2
2325,1.31005608820906,70.2333395492646,2
2326,64.0517146708142,32.6419451586996,3
2327,110.071830346265,109.032318186155,4
2328,104.678288800472,42.7612609601181,4
2329,37.9371632311958,54.9206976390781,3
2330,20.2614206737129,37.9765208946589,2
2331,55.4098335955562,41.3031204570486,3
2332,21.1245099915545,69.7860663417256,2
2333,23.2276549788377,28.1220336457085,2
2335,27.5301016964898,60.1957624252189,2
2336,52.4495554947113,20.6551796295471,3
2337,144.678005050744,70.6771856880749,4
2338,55.8777983391925,52.3828299097712,3
2339,118.565417414022,98.0295772523648,4
2340,459.676341729538,191.164254408827,4
2341,49.7856596846536,27.864241704794,3
2342,53.7852214900781,44.5845102485008,3
2343,670.416501540804,243.441642358429,4
2344,43.2563121723232,52.797217904847,3
2345,55.7954201438644,25.5620908851859,3
2346,104.547358120558,58.3877941438076,4
2347,-37.2481169720911,23.4300361166806,1
2348,19.5538076649098,32.9513364653144,2
2349,601.767898317304,160.198233642549,4
2350,403.093854658285,179.258789824432,4
2351,-45.5422997624207,36.7689214496349,1
2352,-4.27342562667355,24.4193621668496,1
2353,38.7995479395675,19.541917378482,3
2354,39.0179931673023,40.8714279013185,3
2355,29.3857846309081,42.9968508227214,2
2356,715.05156960753,220.476858844794,4
2358,8.73137744677613,37.0584646382001,2
2359,19.3059435541186,62.5978933698808,2
2360,-28.1160508840373,54.6035432446663,1
2362,126.364748879398,126.666209608462,4
2363,20.9672670823292,76.6300175500538,2
2364,129.359931337472,75.2900189891542,4
2365,61.2427495745011,53.461633253874,3
2366,29.5788594371403,39.1850637043032,2
2367,29.3242069768135,40.4173491464952,2
2368,16.493695538639,53.1446179668478,2
2369,-27.571220166317,28.9909227239778,1
2370,-53.6864151852927,26.8072558418964,1
2371,-34.944432729048,37.0162606793584,1
2372,39.6067973609656,45.461715346278,3
2373,-47.9125400046764,52.6077841931957,1
2374,65.1878593658656,84.1404121585389,3
2375,20.1896346916213,55.5407067732498,2
2376,28.6642059423744,21.0107899765673,2
2377,-26.0725562079785,41.9937556404942,1
2378,-53.0429180029236,35.8622808091628,1
2379,-37.9258102348851,29.2131828708461,1
2380,-36.1205768126161,49.5280972274871,1
2382,58.2538507388027,60.2040510754728,3
2383,46.8096462572575,64.6861133795145,3
2384,54.4244747342902,51.4450030224382,3
2385,16.0221696607815,32.5137619652663,2
2386,-38.2075553171429,45.9401559529668,1
2387,87.5124360929462,110.425473978108,4
2388,55.9730894015812,43.360061215752,3
2389,26.2740619862697,40.200726083077,2
2390,5.85155853739387,62.6446076479585,2
2391,11.5883897919212,45.2722047484677,2
2392,7.56928908840113,25.9757601566488,2
2393,506.86125082425,199.621900072138,4
2394,48.7613751775785,37.6931346964596,3
2395,40.0629719275078,50.4180365136805,3
2396,18.7510253090548,30.1187571492756,2
2397,209.17342112989,58.2785956960853,4
2398,638.610034893807,237.533093702825,4
2400,43.7986485308083,29.5458565234217,3
2401,-62.7953946363589,46.4304278986602,1
2402,-10.9879110779288,19.7074619598492,1
2403,65.3596644399142,61.4886941070291,3
2404,33.1085333345635,34.2541977337014,3
2405,-16.5613551599263,61.6154912218113,1
2406,10.9267507015703,36.2435104236363,2
2407,45.9976310057469,26.9299304789503,3
2408,678.830685307147,227.244763327825,4
2409,-32.1350577413514,41.9705874885703,1
2410,51.8701592755907,50.9097198894952,3
2411,38.0730608450359,39.4227599206913,3
2412,-29.8643754988577,25.8528377772746,1
2413,-0.875170968990516,31.5357089571074,1
2414,69.3485680836517,54.2332096300323,3
2415,-40.0368701441874,22.7322116531174,1
2417,22.6056282227216,63.8392122643935,2
2418,20.5419946296957,30.1058227094498,2
2419,141.994717851287,63.5372439489384,4
2420,52.7864006210988,64.9055651672931,3
2421,6.31606633706779,35.2132926869805,2
2422,9.16090449019344,49.6635373252316,2
2424,-32.9295439667649,58.5539605473177,1
2425,24.3291607055036,29.9066816097807,2
2426,32.374363399717,23.151200659321,3
2427,-11.2512781122534,30.2193650494883,1
2428,-36.7590847480124,23.2797114473616,1
2429,10.4372839672108,37.5890884507621,2
2430,61.3752359078355,71.3511430911693,3
2431,-18.2497499765514,32.8131762041968,1
2432,8.35742926359394,45.5016395738394,2
2433,-4.98618094747768,38.7175864403729,1
2434,120.962534801629,32.2449160530389,4
2435,46.6477629736566,67.5699407295006,3
2436,187.043251120302,134.216026491369,4
2437,-51.5571514362008,28.837756510754,1
2438,-33.6568206211717,26.4420746914824,1
2439,26.0049222925441,44.3037879240414,2
2440,683.066189878593,208.453308157334,4
2441,41.3355931467772,46.9380766402307,3
2442,-26.9705333706026,41.4870649731623,1
2443,-2.60310864405623,57.0187239539051,1
2444,25.228514858548,61.6581847158091,2
2445,3.23649731180985,37.1799873504034,2
2446,39.4192037408845,33.0497998629032,3
2447,-12.3478594983568,18.10263475442,1
2448,161.297564387459,88.6290398739934,4
2449,-15.4966504863423,40.6162804637711,1
2450,36.5029114728614,53.3686672760184,3
2451,65.1510004476489,26.6178000664722,3
2452,78.1396197092125,58.1957855956354,4
2453,210.508539575235,84.7071279602687,4
2455,528.607744116545,212.32381750352,4
2456,72.6320685135439,73.3993818144905,4
2457,78.6511144335948,64.3182580756002,4
2458,-1.62463504939649,43.9129749188066,1
2459,64.3049296226404,93.8893834255002,3
2460,87.6900757888364,31.7731741579653,4
2461,36.3896203762962,29.448234447531,3
2462,-16.1960757893406,49.1020004885886,1
2463,102.219393550227,68.232050068859,4
2464,4.01579650609269,61.3394644052613,2
2466,48.0693163711696,51.6473529999692,3
2468,-9.35790874769618,40.5806754628674,1
2469,-33.2449552496265,58.9105442759355,1
2470,11.7115098706944,66.9477055186008,2
2471,15.9901379113415,35.3169012562238,2
2472,32.7992899368303,55.0823619989019,3
2473,65.4355123799524,63.5234883505167,3
2474,34.379903357531,34.4760663457194,3
2475,419.558108132948,169.076276485732,4
2476,11.6371820573757,58.2964227859903,2
2477,70.9098287912322,36.6961668588253,4
2478,-4.70658011123718,40.4768168732458,1
2479,-20.2631174186074,51.0603949151432,1
2480,125.995487072413,46.3497529098094,4
2481,651.248451717258,231.913033515562,4
2482,13.2315859125516,68.0130259532655,2
2483,30.9299016320916,38.5290093662329,2
2484,68.3765089135223,39.773341938802,3
2485,10.8006727187192,36.2596689047618,2
2486,-10.1604922336679,46.5304696856494,1
2487,46.6255512724517,41.6659552506457,3
2488,131.454442229046,57.7613256886237,4
2489,32.680228914966,63.6353288069047,3
2490,36.8964088269598,42.1007072536289,3
2491,5.5817145660857,68.1671345596127,2
2492,48.8668036094829,34.6992986640818,3
2493,50.4099566736947,79.3150871092613,3
2494,33.4510574971751,69.080968265782,3
2495,129.952975048331,101.631521364359,4
2496,129.714152172705,48.0022920476008,4
2497,-18.2655892728735,64.2478272681845,1
2498,20.1915552737836,35.0474588605682,2
2499,-3.17343591674976,37.9581237868468,1
2500,22.9016692046749,47.3322552875939,2
2501,-41.6286243192157,42.7245794524977,1
2502,22.8775290463254,30.9737194812926,2
2503,51.3002438355004,24.1957756445265,3
2504,-43.6006175142964,30.2254627555532,1
2505,17.910625286158,37.7532669588816,2
2506,22.9259256959746,35.1680290473585,2
2507,51.0319169736487,40.4828773425023,3
2508,-0.255777828297966,57.1434480421728,1
2509,28.7447663997343,39.6676159972246,2
2510,-4.82337085878391,34.7202610217097,1
2512,72.3624027109666,70.0223860790143,4
2513,-7.6220062987027,34.0891200141589,1
2514,28.2723195981586,40.8919003851057,2
2515,-12.1157222928619,53.4314030544094,1
2516,141.713157364756,46.6435925606828,4
2517,-21.509432076921,51.5639714041199,1
2518,102.566984692667,61.5935245803639,4
2519,53.5560597714125,39.912627618497,3
2520,93.9339749798669,59.2477067929647,4
2521,11.5654193342404,21.1035296029531,2
2522,38.6882655604128,51.4336025237844,3
2523,23.3814455407681,20.8186954516214,2
2524,1.99246774534354,43.9293675547154,2
2525,3.53163658982179,16.4444198021612,2
2526,112.137438375322,47.0907533045766,4
2527,-11.905813634638,43.3538055051899,1
2528,-44.8055114303709,42.3285637752782,1
2529,18.6544417819466,28.0527484667072,2
2530,74.9016583368874,38.2496161493728,4
2531,21.8131120468011,27.198373015137,2
2532,-53.4162098382411,46.7334703342222,1
2533,-28.4575236636011,57.3902809095178,1
2534,42.1058242386264,58.8755118126468,3
2535,107.764473427079,52.8053483000611,4
2536,579.33520348627,223.044810331155,4
2537,-35.6377082123477,33.8338204322764,1
2538,52.1952544152319,27.7569483002102,3
2539,11.8395529329099,43.4395472491805,2
2540,38.0765676472251,33.7875041559445,3
2541,12.5681625603272,31.0489753584182,2
2542,-11.9138052553078,36.5224942089862,1
2543,61.3083792284308,52.3252314601274,3
2544,35.422654441887,31.1021095307698,3
2545,0.573217212467543,25.2130330063128,1
2546,0.0695287561902264,38.5792062769594,1
2547,12.5141539888794,23.0968241143466,2
2548,3.6682723649959,35.9641069882154,2
2549,18.1248788333135,46.8433780920899,2
2550,13.3900677226066,33.3190786688833,2
2551,106.966781833777,37.8085458704124,4
2552,13.9312930590017,16.2850552965279,2
2553,42.2332221498939,30.6554186197921,3
2554,14.7585028152462,29.0801723759877,2
2555,-21.9956978293246,49.6689370209487,1
2556,37.2554385104334,35.0369108571923,3
2557,54.1973755818459,30.1751146639553,3
2558,-31.7696701732115,20.2764170223893,1
2559,179.426997207891,66.4909350689702,4
2560,-21.3521448814851,55.7740761213037,1
2561,37.3510522409869,24.7809903995043,3
2562,67.8926375755422,51.4464565829735,3
2563,80.5240582957481,40.8891598432265,4
2564,15.2817437927603,38.6350236720958,2
2565,68.9882460340375,63.197919693571,3
2566,30.172023518853,52.8691954127137,2
2567,-14.0597069734989,34.9308411514898,1
2568,44.6045292255317,42.7047453984235,3
2569,64.9417723371289,40.9382873951675,3
2570,-42.8561249440763,34.4253264654422,1
2571,20.4217010418576,50.6994748841626,2
2572,-21.2852974420613,29.0162627414807,1
2573,-46.5795494697551,21.2437963421302,1
2574,143.49304431634,81.1337501478316,4
2575,10.4822396723862,40.5892580679365,2
2576,-2.6355639727056,70.9417261149046,1
2577,8.52566213274285,38.5295741921117,2
2578,-6.35881992955049,61.5841937054511,1
2579,-36.5432467063244,34.7146695898061,1
2580,57.1410524913419,92.2615175803375,3
2581,41.9702093484471,35.6620818044128,3
2582,81.7564641842019,47.7188287765731,4
2583,51.7123747825822,47.2529974845775,3
2584,3.0804118483202,32.939624197149,2
2585,11.2926883869914,42.5589632414312,2
2586,41.8731542325747,26.4834167936581,3
2587,92.1084611364402,34.8713676109519,4
2588,-52.9748311238838,33.3921607820631,1
2589,46.7946007731017,23.865979013888,3
2590,1.2976301789103,74.640466912606,2
2591,-60.3355598497908,44.0231791723588,1
2592,39.0031371431634,25.0312914426318,3
2593,-24.3269756731643,54.2218158590813,1
2594,71.552830194129,47.415344932261,4
2595,36.2172729410131,20.1930903424798,3
2596,60.6408948760548,36.967806441496,3
2597,-13.5302703741948,37.0455340866495,1
2598,70.1600901261995,34.402079015403,4
2599,103.508485343312,80.0331612289148,4
2600,-35.0679800684307,32.4046303300064,1
2601,125.165122980298,45.7865570873468,4
2602,14.3498815944346,39.8420404570879,2
2603,-20.2693383164303,22.3097227475742,1
2604,15.673806526992,40.2390545406387,2
2605,-25.8271706844399,37.3899352347456,1
2606,31.7609732258558,36.0991482868048,2
2607,-4.06209215765507,52.4513132250639,1
2608,-27.5329604095268,30.9131069372673,1
2609,52.3192609717034,35.2732778532528,3
2610,28.4730087553979,35.4658535544129,2
2611,107.432026328967,83.4597164159389,4
2612,-17.2854044155685,25.5413866555197,1
2613,117.392949017153,81.2613598698716,4
2614,58.2628452815702,23.5112258794821,3
2615,-16.0017056172003,31.6730468424429,1
2616,47.4131082126417,29.6053604162417,3
2617,29.1747449907703,43.7462195535296,2
2618,73.8733904447489,35.5032497271188,4
2619,7.04009529578112,47.9340555957406,2
2620,-20.3172989330148,49.3793325524735,1
2621,7.48433042296729,30.7663813177496,2
2622,-24.1691093810708,40.5675763608763,1
2624,-22.760656666023,26.7660875525769,1
2625,-10.1404725959404,34.1932488713058,1
2626,37.2274461763806,34.7696144550759,3
2627,58.7994235481063,27.7766326770259,3
2628,56.5793063135021,47.1852829543698,3
2629,76.6886516849087,39.1124068002179,4
2630,67.482372556128,60.7978429699271,3
2631,45.2454230561661,30.0239912828612,3
2632,-44.5021383595531,30.4594945428347,1
2633,25.7435335151268,31.7625093052539,2
2635,31.0827570542349,15.2191627090234,2
2636,66.5635857450121,20.6105509456682,3
2637,-51.6660240304052,36.6851572681411,1
2638,22.7097322836067,20.3507830517551,2
2639,79.0398786991616,37.8430696666465,4
2640,76.4439926560314,45.8072953844207,4
2641,28.5651374242667,34.8796878373579,2
2642,1.29012656229916,19.9321593909902,1
