"row_id","estimated_effect","SE_effect","quart"
1,6.55009791628885,9.54541423895368,2
2,13.5646107478443,19.3244976903115,3
3,15.7122039597024,10.6632795180988,3
4,12.6150720768521,18.248851805352,3
5,-30.7422109550952,27.6083665086815,1
6,-14.1719139226279,17.8723785196346,1
7,5.94173740459343,14.6885053808092,2
8,-29.5517802578415,34.574956087786,1
9,8.76076796363065,27.7705213785364,2
10,-58.5523555361847,36.6676015401329,1
11,35.3455447205947,36.8211292602094,4
12,-52.583258949437,44.9574617332338,1
13,-21.8546976329051,38.3095000565731,1
14,15.4212093449741,13.4213834354058,3
15,1.3655519466804,13.0708991276177,1
16,43.9824192135998,42.9561392553495,4
17,-38.7188091709958,23.5249072906222,1
18,24.6651065924646,14.419358050454,4
19,30.1030757767581,7.91233451647711,4
20,17.1888384911917,22.4844722772828,3
21,15.303423141161,20.356625182861,3
22,-39.8977917629675,29.5821475848955,1
23,-5.93004133468912,23.4121407221324,1
24,23.2660610594938,23.9268241214517,4
25,-13.7035366535324,17.1020302170337,1
26,5.28757881090435,33.1717365547748,2
27,16.7903264786347,8.02137001109554,3
28,24.7405421802203,27.1678462426135,4
29,22.3653640263346,11.4143841779638,4
30,13.0331743905997,20.3079095909384,3
31,17.6059503627298,20.0328899166779,3
32,33.4872256219396,47.1788057324234,4
33,20.8838777519625,14.2261675580031,4
35,28.9292638547519,50.6178904833213,4
36,11.6219643887915,15.2813224120736,2
38,-13.1457929926685,26.9863604700991,1
39,20.6216692663187,24.6763167139196,4
40,23.9450422928304,20.7036296684635,4
41,18.1691992550435,31.8650750476735,3
42,32.1482913186682,12.6968281847182,4
43,21.6866070580701,28.5629663128509,4
44,23.5552488250839,18.5234915158901,4
45,14.0484465796759,16.4001024398545,3
46,6.14388036711263,19.35151999524,2
47,16.5231792354377,6.08053033274094,3
48,21.3872370140301,6.98305145618001,4
49,-22.9302243060392,30.597364287635,1
50,13.6922642361052,39.5628464041203,3
51,16.8400911896034,15.6273295955004,3
52,8.11659490146351,10.6665636342247,2
53,19.4691456193875,19.9114303156029,3
54,28.1890373780129,43.120176594388,4
55,6.77434450765404,22.8752036761649,2
56,20.5407169271109,20.8398301558966,4
57,25.7763207321968,53.9564299914293,4
58,3.9085106168059,18.0239239905406,2
59,8.84268220865215,18.1402090147749,2
60,32.0066011831707,35.5417036150669,4
61,17.8310232122614,11.7762574631042,3
62,21.2224793319845,15.2706546289393,4
63,19.8778803157781,12.1664792830634,4
64,9.47656737026095,10.9597493949683,2
65,16.2774174888048,13.8000993296543,3
66,4.34873056344494,20.6276600174809,2
67,0.664494432356057,18.3634580061332,1
68,9.6261059814353,18.8533204754273,2
69,-10.6320226684328,30.9250251122223,1
70,14.9372314898545,18.4715050205547,3
71,-7.72120906712682,14.7970413336251,1
73,14.052540035409,15.8248278417284,3
74,-1.37173943368292,14.1359153779479,1
77,11.5000008054626,16.3603676345382,2
78,25.3286892761847,36.0445102588987,4
79,18.8376208572403,20.2049462516869,3
80,7.35127806791763,20.8348311446491,2
81,-58.8323870932459,29.5995496961389,1
82,5.22245800666971,30.4787136137525,2
83,29.727314176061,40.6377141242455,4
84,-3.42210835969372,12.2431180266299,1
85,16.7706068462418,18.5897223947643,3
86,-28.1333853804894,20.4583118472766,1
87,20.6943635297006,24.9133847188532,4
88,-8.77386817341514,19.0113185327246,1
89,18.1119995716732,21.4061634985184,3
90,25.9384526306777,8.80974891888509,4
91,16.6594757264531,11.7147679176188,3
92,7.57208357370287,10.6499806154823,2
93,7.35456795468741,12.078692690562,2
94,13.6663118475724,22.2438733372031,3
95,9.01766993945338,14.3897254786043,2
96,26.2972155580615,6.9615863064228,4
97,16.1516125640088,24.412978717971,3
98,10.2969750040254,23.9392663096218,2
99,14.8615455060366,9.24667599407399,3
100,21.9169076227028,16.720624665928,4
101,22.5261336537225,19.9462987755677,4
103,19.9145256748413,43.3777372649503,4
105,14.1547328522533,17.4134652589153,3
106,-15.5569520103037,23.7627524055355,1
107,16.7039697728061,14.8580383531689,3
108,17.4243722216242,23.7885927096717,3
109,-5.30059822243174,13.7692115158322,1
110,25.2563754653752,13.4251041169705,4
111,11.7582914496255,9.30869419082561,2
112,-17.6086603275044,22.9586348347895,1
113,9.28863616531472,31.203463049808,2
114,22.8427282518401,12.5179470824066,4
115,2.16596279383398,15.0927011956965,2
116,10.7424899201795,14.9534552044889,2
117,6.31956132437117,10.2871658935853,2
118,27.0451307659423,24.7297876676331,4
119,30.8363753820726,18.1885917175161,4
120,20.113898057629,19.945142546294,4
121,-17.3563977706608,14.3122330483533,1
122,-61.0718490958825,27.3601624978394,1
124,31.1540217929474,21.9112697827334,4
125,11.1298552461432,27.1047709241866,2
126,18.8757649926689,22.7591920655162,3
127,7.86733864557823,30.453212601336,2
128,4.91362785998869,14.5757318119053,2
129,14.3511061175741,27.7224209276912,3
130,13.2359594946853,17.0771144285912,3
131,29.6424764705827,52.278816142599,4
132,19.7339835633011,21.6093405451917,3
133,21.6632432677841,22.9142747358302,4
134,15.7870390201246,26.192659948985,3
135,27.1119990206742,16.6249980909779,4
136,-9.80254179385003,13.6749726152818,1
138,7.04341312282019,9.13248349547984,2
139,15.3303375356601,21.8521330436656,3
140,-7.59431392878425,17.0450042562132,1
142,19.2113727187595,15.6934253697935,3
143,18.670894849201,22.4983586301264,3
144,3.08692300957594,8.30742497437948,2
145,7.88656558811121,24.210726134184,2
146,24.595406064828,21.2071810459122,4
147,26.6980010579802,18.9445224283667,4
148,-16.2813822466877,22.016532047745,1
149,20.2444034681488,13.9758435273425,4
150,-1.83930027836079,13.5085820743486,1
151,27.9562064240212,16.6744013999251,4
152,8.14103101786036,21.0628351114667,2
153,9.61414507113547,13.6431744061944,2
154,15.4494888629725,8.92599213769749,3
156,1.12473116777135,15.1493096330125,1
157,21.2159946577949,18.60791089985,4
158,-27.936475337706,26.1921669466775,1
159,14.6181455797555,32.1964331258249,3
160,24.6683340645161,16.3806882701834,4
161,9.24453690732027,9.90029622779452,2
162,17.742414530485,11.3342082138947,3
163,21.6761798301409,17.464033054865,4
164,12.8523226043116,12.8331407301196,3
165,-18.5159668828354,21.7887955847326,1
166,-48.8752622779614,33.5579437299745,1
167,21.7212013148613,27.2268263336646,4
168,22.7110360841855,34.0478199378251,4
169,2.0649231128508,8.70436745625688,2
170,8.65343470372988,21.9704187179847,2
171,-6.22790625533511,14.9632057907161,1
172,24.8877885323231,26.1274366947274,4
173,-11.2909543500506,31.7309977472551,1
174,12.8028116856995,17.0133096685215,3
175,-16.4264556927076,18.0932595274299,1
176,31.9103610904147,45.4664149353337,4
177,-43.0521021047134,30.3768062551594,1
178,1.13954515497962,21.6697638325922,1
179,16.4191267715788,14.8329425512555,3
180,-0.849494540715922,10.8160790308734,1
181,-0.243331743856294,12.5423905901535,1
182,-3.45556105787842,26.4285078288906,1
183,16.8127603425288,36.9556056567833,3
184,12.3152198507911,13.8787643047254,3
185,16.0279824510804,21.2446977682814,3
186,19.0554411762127,8.67554190169436,3
187,25.6644597080894,21.5560527029817,4
188,19.7153659042585,22.2148230317655,3
189,12.3579944053455,12.7226688047815,3
190,19.4013034907994,7.81661555624349,3
191,15.366646277387,18.4942610908853,3
192,12.6194155413676,20.2779353037142,3
193,24.1718750662053,49.0628513978903,4
194,15.7187055649197,21.5138515092398,3
195,23.2009691532304,34.5335260029436,4
196,16.2522255945734,34.3138220509456,3
197,27.6097151354736,19.4573503698665,4
198,14.9845502320992,13.6500028859922,3
199,19.7843430202678,21.0944352378948,4
200,6.50409768004195,34.2085235698339,2
201,12.6992440622101,14.0645912391942,3
202,13.8970313205272,15.7374776372026,3
203,-3.74025274813493,18.1938907474839,1
204,16.4973853142248,14.5750220389219,3
205,34.6048667096739,41.9250589214437,4
206,-22.3090063488138,23.5114189742952,1
207,3.89724065024917,12.5324498117089,2
208,18.7769106671985,14.7259636439374,3
209,19.7379063724178,17.8956443864054,4
210,24.6912099231115,8.18350542220704,4
211,22.1430042777656,22.61504244511,4
212,13.0760822980296,17.8930600310641,3
213,20.0818047621151,9.67608972487771,4
214,5.03634802890804,18.4789562258176,2
215,4.47101008774634,15.0782039233179,2
216,14.2402407564859,14.2803697206849,3
217,33.7981801808659,47.026732438349,4
218,6.91134300193488,22.2004493370402,2
220,28.2133010001633,27.2247427082061,4
221,38.3768649614916,29.5135308850053,4
222,17.2915469902988,33.0404525362635,3
223,2.99988542542378,19.9188167280001,2
224,-1.12585292612132,9.02381236182054,1
225,6.23960468203066,11.8934322642739,2
226,11.6305633347729,12.8699898591385,2
227,20.5890596458881,23.7945078725108,4
228,18.4506302162725,22.603226777176,3
229,11.3706220799443,18.7931387117169,2
230,1.99287205807393,14.3034102290314,2
231,30.1970942618992,31.3138223556225,4
232,20.6270363698031,18.9255198521708,4
233,17.0274462529327,13.7100853708314,3
234,-9.8902841321997,24.481162083244,1
235,19.7050770077257,8.30266027900017,3
236,-10.4996591327201,17.9410812638905,1
237,15.8161429607053,12.342474753291,3
238,13.5200054841148,17.1568487293487,3
239,15.8423142167775,25.6064156332258,3
240,10.2890410910778,13.5363228384386,2
241,8.27369746382246,16.9434119399539,2
242,6.83911305265014,15.7776984911393,2
243,12.0851620582605,12.9475479506648,2
244,13.4973048415554,12.5760810562861,3
245,2.28694777727737,10.2646035410495,2
246,11.5732900929598,11.3891527504975,2
247,17.1695093156792,30.6209111577882,3
248,11.665589982667,16.2322087335317,2
249,15.5793103770343,9.63535510107793,3
250,8.46285890035854,7.72201317453187,2
251,26.3813854356089,10.2629190642747,4
252,19.6834920332066,17.5564561346632,3
253,30.267180990623,19.4611094402236,4
254,21.67766062176,15.4238001238562,4
255,20.8719237909174,33.6726240179974,4
256,16.2394196633609,8.40008112163229,3
257,6.3971977316349,13.8097658608221,2
258,-42.950812727418,48.5954330015106,1
259,6.80878172154605,15.2645383752067,2
260,2.53710957425945,23.8266843700825,2
261,17.7802740833055,14.0307140781458,3
262,-20.9704858311224,36.223825021721,1
263,-42.0523059331881,50.2637633967749,1
264,-1.1915721604589,15.1925287834563,1
265,1.01508581575999,25.0776321192444,1
266,-29.2708862279975,25.4958123581158,1
267,-13.0127694473695,14.9871030094,1
268,25.44917122977,21.5002710341082,4
269,22.8002874631724,18.0505700462619,4
270,-3.11686460296796,9.76491559373232,1
271,9.62171604224099,13.9760230457724,2
272,-29.2208322062373,18.9872918808288,1
273,5.95694438976081,16.0406385146465,2
274,10.3718253688397,17.5676626980802,2
275,35.5236418776766,19.3868732997441,4
276,13.5212922585651,10.700147045538,3
277,22.3031820832955,26.9807688409395,4
278,20.752456372532,12.6058989265186,4
279,16.6996287829826,16.8277599709768,3
280,34.236346000701,55.4122868519374,4
281,12.206190360211,11.4356299204863,2
282,17.3106520756329,19.8673450307686,3
283,17.874590812124,19.6081515918719,3
284,-14.6277451366782,11.8535968728851,1
285,11.1736150340189,22.4477812543577,2
286,34.0618474766574,18.4346072240559,4
287,17.4256663799162,12.5692450462818,3
288,25.2031942501378,31.1921199720665,4
289,21.276031502681,41.0873482942778,4
291,26.4380532744392,48.9190786947269,4
292,-62.3084019966753,37.8750381156785,1
293,-27.4486580207176,35.0430169353223,1
294,-0.167504070213084,27.639294170448,1
295,22.176420874831,12.4641924336284,4
296,24.452315051196,21.5722755556623,4
297,11.0539545451929,27.6294163627452,2
299,19.4504616682432,18.3240777795864,3
300,22.8350854441637,13.3780126160478,4
301,3.56813468634434,21.8685650589121,2
302,0.86709267519716,18.2891047732537,1
303,19.7342055845403,13.6344831794471,4
304,25.0653481915286,37.8077115345577,4
305,15.0801701232925,12.2468716751848,3
306,17.054271400996,22.0165412157159,3
307,-32.7345553625266,36.9271944361505,1
308,-32.2641675027393,49.0267823382376,1
309,15.7627080382321,18.2195374050638,3
310,-7.66622632371287,23.8839191584694,1
311,21.211352678032,13.427346873119,4
312,21.0616221904463,29.4849620918469,4
313,4.61655259164846,17.1705402593039,2
314,20.8225955763645,57.0241834985891,4
315,8.69403028978127,11.5938498552559,2
316,19.122630626397,23.2031168165644,3
317,-46.758282103969,14.3202413517349,1
318,28.9628307312011,39.8075908990042,4
319,12.9200620437581,10.264317394461,3
320,28.4666890937059,30.4821090199498,4
321,-29.9691038901335,48.0343930509178,1
322,12.2610429895948,8.84302310078599,2
323,16.0087621181253,24.9807984117471,3
324,-0.918492437233279,16.6552373405976,1
325,22.2175646961262,16.2828446337278,4
326,21.85694329209,9.10031393910498,4
327,11.2674179429442,15.0792659755807,2
328,-18.3490256361008,22.6660284264312,1
329,17.2500984936281,20.8308826515693,3
330,-52.9656832750264,28.883366455729,1
331,15.9689829050252,23.3324463234667,3
332,3.58671796556843,24.6917542322322,2
333,25.4142414668669,18.133560354629,4
334,17.8292011775915,12.6505842845513,3
335,40.6029319509387,38.725121584046,4
336,22.0883321585224,15.1796191710713,4
337,19.9252070028866,15.820984687966,4
338,24.7224527150909,65.5802699157028,4
339,21.3934641551432,14.2217031359626,4
340,36.6018192256799,34.8439284937547,4
341,9.0039890496691,18.5892731961206,2
342,20.0600733338047,18.2787834976855,4
343,-2.30484804496767,27.726770923307,1
344,3.85397019477334,11.2893640915165,2
345,-3.21970186247201,25.5156608833561,1
346,5.62004194582598,22.495479264229,2
347,46.6081950833425,45.186026435453,4
348,12.4134455602045,21.9887691624787,3
349,9.76449827006788,11.2953045132503,2
350,17.8855024539224,33.6173468118071,3
351,7.43950279604231,12.3513565194332,2
352,30.3797482365349,50.4701378092873,4
353,-64.1008878349525,40.113849176016,1
354,21.3537807350825,16.9287171757508,4
355,1.79200835851599,15.0310650451959,2
356,20.128093260235,15.3916127642671,4
357,10.2439904133586,18.7169824423203,2
358,24.4450451276098,15.8651387349144,4
359,15.2472863902901,22.2967479306875,3
360,8.14152295695652,21.8289374642675,2
361,-3.31457331045994,18.1689185257313,1
362,21.3074379987222,45.5135535195178,4
363,-52.6202505978015,42.8428909811471,1
364,7.88202140351613,15.3957487114468,2
365,8.15412033494603,10.4754395795927,2
366,15.3216778349835,11.6701070972906,3
367,16.9763157300978,22.7522309412124,3
368,28.1884143543176,14.199061464914,4
369,11.4915010607446,23.4605763199293,2
370,9.86278053185531,20.9060598358494,2
371,16.9871606157223,11.9137782418704,3
372,27.0979154661203,8.51589226664886,4
373,9.04308418680605,29.8640001391949,2
374,-10.5756671244792,23.548244446097,1
375,18.0380301190387,24.8370305874452,3
376,-39.7413465035535,30.9352573876723,1
377,13.094314289023,24.6820176706418,3
378,12.5611153347168,16.7840825536867,3
379,-44.8085632412454,43.0386753409486,1
380,14.1997171719413,20.2994290117086,3
381,-39.2416004112379,33.6947143624503,1
382,6.65586105733898,8.96324390887611,2
383,31.5173323311991,19.537448117291,4
384,24.6786766880879,12.4121925006526,4
385,4.01578083872095,16.4311344866402,2
386,17.8567416935239,7.80298687452714,3
387,2.81174636363114,25.2781894945015,2
388,-34.1145103117001,28.158592698109,1
389,5.32364525816008,18.3090876141748,2
390,10.6277883487968,18.1056203402105,2
391,9.03710244305037,18.1014647825409,2
392,-0.0156631292066241,21.3359696592856,1
393,12.0112034174834,18.6265663889043,2
394,1.08362363925678,22.5305005375853,1
395,3.52072782484248,20.0350839326794,2
396,10.7356214955156,34.5720026620657,2
397,16.2825635982621,12.7252125030255,3
398,2.58114148186284,7.41904631169967,2
399,-2.46030845370533,18.1248382074605,1
400,22.5664247700896,17.1866216893331,4
401,-5.78130175371764,20.4356314528522,1
402,3.70106149217992,15.9182176283927,2
403,-20.0597064274391,12.1416528649978,1
404,21.0519168472083,9.06961654258258,4
405,23.8779807680018,46.7060775739194,4
406,18.8101648670399,16.3831861558358,3
407,-9.60920446045435,19.8015378192952,1
408,-13.1386652715062,33.3955086128228,1
409,10.862535020033,17.0536872771778,2
410,27.5435384100958,26.1587956163334,4
411,14.3716232734354,8.37841114615652,3
412,17.0084119411312,13.8030460192025,3
413,-39.5749700220879,21.5355483955677,1
414,34.6121868165559,40.4636339319386,4
415,21.3194036058234,18.5888800833179,4
416,18.2402290776388,13.6152811527719,3
417,15.2762845238873,12.7738705913402,3
418,17.1683134402026,11.9256421967741,3
419,25.6410988460846,25.0225230908636,4
420,41.5087468876134,27.2269923338797,4
421,3.53081726529275,15.5962599267763,2
422,8.00851650694048,33.6232900561046,2
423,-45.5027663704214,36.3046458389258,1
424,-1.65069232608403,13.8653221923032,1
425,15.8548342265088,26.2280747820893,3
426,-68.8387470736669,32.581530508988,1
427,2.96955251826053,16.8057946459688,2
428,2.25867294488004,17.4929669566089,2
429,-1.42638607910316,18.1719579584245,1
430,-4.12281627686067,29.0824695814105,1
431,-27.4053508595244,46.753679145882,1
432,-54.7877834509579,41.1260613060609,1
433,-48.7692001313674,43.9045028359965,1
434,-12.977652663235,14.4162463975745,1
435,32.75699181853,14.0153012234355,4
436,7.47749157701944,21.7599950737229,2
437,-66.2916732590001,35.5045449979653,1
438,16.5047633206081,19.1849643662114,3
439,31.8358511968344,33.1551793793784,4
440,-14.8853695669584,13.7556683576781,1
441,8.09506368641103,11.9745098060781,2
442,7.50899926905126,17.8771179037357,2
443,7.28314683003811,17.2555017596331,2
444,21.0177953958445,14.3978783902142,4
445,-3.58661985614994,21.0273034724006,1
446,14.9036699816577,28.8589954037636,3
447,17.8705011540561,28.2301471769033,3
448,-26.790522640355,25.676727811107,1
449,12.7430063170142,15.3271497878298,3
450,11.2249551945529,19.9754591613179,2
451,20.2106346745271,20.4486688672856,4
452,20.6809353942468,10.1785578171812,4
453,7.02159798975458,33.4412417903108,2
454,1.88108760091063,30.3739554167294,2
455,18.9932460125149,20.8493351172979,3
456,5.76579508351195,26.1038041106575,2
457,27.8837310743523,35.5913766830695,4
458,3.14405124782719,38.3230481585197,2
459,-3.08364425809802,17.4349875524615,1
460,20.9647675365648,22.9032584962639,4
461,15.4526633414916,25.0722306441409,3
462,-0.391901457712851,8.83261764754645,1
463,-19.4343654242852,11.0662024201677,1
464,18.7706048835561,11.8793264212086,3
465,0.564163338989119,18.5151304651431,1
466,33.5795067890778,53.9425998699046,4
467,3.84826570358893,16.5711045788119,2
468,12.1272934016493,9.60025968287453,2
469,13.6932597250796,19.7256284257281,3
470,5.73934319455773,35.0136506950269,2
472,17.6993032306003,24.6903919248218,3
473,12.6854882204053,20.0327727391864,3
474,-28.588477234661,35.7051936523643,1
477,9.64044652953175,20.972892471136,2
478,-29.3518550442139,23.5931922023043,1
479,22.5617070959187,19.1343537766338,4
480,1.82999074049909,25.33692053225,2
481,27.9379584431686,34.9653241165935,4
482,-18.1369061287945,22.6893684911079,1
483,-47.3633258740904,38.6297758497685,1
484,9.56082424149432,21.8456117546652,2
485,31.1010054749242,19.5996787596703,4
486,-19.2455590447965,21.3564268688839,1
488,-4.0624445548425,12.8104732138187,1
489,-12.1018883987809,17.0325724315246,1
490,23.9416975145554,20.9749076963622,4
491,6.4357701960738,27.8173364091974,2
492,25.5220764025616,21.3468301366022,4
493,14.0709215376627,16.8635554386181,3
494,16.2184576133092,26.5997604035354,3
495,24.6434501072725,17.5958529636296,4
496,6.83111805364588,14.4120098975818,2
497,20.800736375768,15.6377496194889,4
498,21.6621123175703,28.7068433481331,4
500,8.70203412287061,20.9932554029621,2
501,-5.08155402223348,36.1757508502344,1
502,32.9732774578939,42.0239651675294,4
503,-20.4413134198925,11.9622050783947,1
504,-53.5610034563578,50.5244252922324,1
505,14.7622584056166,23.4396373803271,3
506,-31.9175362132119,20.9587202502436,1
507,16.8947514521054,10.1884702817287,3
508,-40.7109203359624,35.0038605171614,1
509,16.6689123954009,12.3268938163361,3
510,22.2643926585546,14.0737502219397,4
511,15.5095212048872,18.6887840206133,3
512,31.440569886228,40.3823495792316,4
513,6.05884546071276,11.0311055357107,2
514,16.83985006969,22.8134446800786,3
515,29.3611247548255,22.3930600908439,4
516,22.3562972953955,7.84774449758678,4
517,24.1859052920334,26.2795945434729,4
518,10.0149339444685,19.2834878205651,2
519,-7.00921513732914,21.2082069832848,1
520,10.6992003972983,14.7860870542353,2
521,11.3577128872437,11.9755676231683,2
522,10.2985958566061,17.5934988118374,2
523,19.0512413550748,10.996006806156,3
524,3.26364926686542,11.844960174404,2
525,16.5393147040719,18.2687858560208,3
526,17.9674619514627,15.4256567340781,3
527,20.3475588811704,14.0168603162438,4
528,10.6001761970467,22.8070349241431,2
529,-27.3316742142295,28.4002808148106,1
530,9.00625463202882,20.8813340102767,2
531,18.3757028656668,27.9334810950785,3
532,-57.0252207548752,24.5833541119951,1
533,33.4412410140242,26.0816669304507,4
534,-18.0125613380191,18.8100860273762,1
535,-21.6093187618318,22.7437985100949,1
536,13.6870326308654,12.0103538935514,3
537,19.5596917162122,8.31575037238899,3
538,-35.4564527937281,24.6607191568277,1
539,11.9554086278565,8.38885536671723,2
540,11.048336239806,21.7999377224448,2
541,13.0942801298961,23.9907261373897,3
542,12.9108713518141,13.0016064046909,3
543,16.6259862957005,15.8450712875854,3
544,-51.0845004620374,41.8076306515822,1
545,12.4380084711278,26.0852199114686,3
546,29.9053138518195,55.3704693742385,4
547,15.216478634121,22.9557832307004,3
548,-25.4999407180802,19.0924299162273,1
549,15.3069389418623,26.5096949628602,3
550,22.9562482932221,15.9883225362615,4
551,-55.6891175687222,41.8603747599918,1
552,15.5700694576584,27.3353288829952,3
553,18.8314367793394,21.8643903938944,3
554,24.2730521970643,9.74534318275167,4
555,-13.2968873071969,12.126714267105,1
556,27.4858813787856,15.304128487927,4
558,31.8531169455612,26.1642531736139,4
559,29.3380595290128,38.1623529224819,4
561,18.5066290568486,24.7271112293935,3
562,6.59278830435894,18.3579547438576,2
563,23.6196579758851,23.125792562942,4
564,13.5157151542052,14.1140903862018,3
565,30.6271562591095,17.584479932268,4
566,21.7921580418702,17.6771263968484,4
567,7.78855338939914,13.4250328384079,2
568,-15.2753266637656,23.0612729926477,1
569,5.71450681603433,16.8416775849053,2
570,-41.4565461520882,42.8504213623779,1
571,19.6648554292043,16.6239088219756,3
572,21.6437299578745,14.9436423035131,4
573,-9.09303872966991,30.5090923694924,1
574,17.5402588265396,22.2425819230888,3
575,7.21954529209512,22.8682915181161,2
576,17.3909873038337,28.4645898876502,3
577,-31.9992037488476,29.4628614577682,1
578,12.2698088139335,24.8359071868005,2
579,11.3447447522767,11.5750961998459,2
580,19.3839905024063,8.07061644292943,3
581,18.9612481087225,16.3713232403081,3
582,-49.1576151851039,36.6513248382835,1
583,-35.5702994068461,34.8862349983204,1
585,9.02466987230627,16.1474493006936,2
586,12.1429858601664,31.0061033575434,2
587,12.3915328678704,22.053170741544,3
588,-62.8313678535497,41.3400318277303,1
589,-42.3237655025633,13.9841819579182,1
590,15.30867266432,23.7662532510638,3
591,-6.83912655257211,30.7045808368033,1
592,3.04757798811556,11.9567861062649,2
593,11.8522999477672,18.2734900127447,2
594,14.8175172594381,20.0688863835429,3
595,-33.2648015177139,34.6673587756942,1
596,-44.547446932384,37.9201561584799,1
597,17.046513682872,7.8426843819101,3
598,15.1123283701252,14.5654562080904,3
599,-30.8263617261037,11.3493937435531,1
601,12.2818509826249,13.5134783451288,2
602,14.995099913114,10.3036063089831,3
603,23.3652710213806,17.253703956253,4
604,-12.9259629892257,21.439937654449,1
605,3.44329083075999,19.8109563223092,2
606,31.9517132578891,18.8642114993911,4
607,2.55499644070578,27.3175315621334,2
608,6.40109979868243,18.7556982851047,2
609,-38.5078569745824,35.0123798276299,1
610,-12.525154881517,27.3767986795817,1
611,-6.19383987375405,8.16678400619673,1
612,-22.2116527052448,16.7722429950705,1
613,14.8019972046107,16.9689175752416,3
614,-21.1444767769983,20.9199208994761,1
615,4.47947062865543,8.76666236921966,2
616,13.6989836599327,38.2181344841542,3
617,22.529651651409,16.0938769175393,4
618,31.7474195522068,16.7133221532354,4
619,9.86953043099737,13.9083356500996,2
620,-2.13902856570777,27.8765370187133,1
621,-10.2722715083034,26.3775391866016,1
622,17.0514153704448,13.5557662664137,3
623,9.30177175660652,17.7087373874603,2
624,23.2675044897526,12.8360579967701,4
625,17.1337629438103,32.6924910143997,3
626,24.0000110258441,26.0812539823127,4
627,5.11166322280562,21.7457005514177,2
628,12.8982869570944,11.3887762509398,3
629,19.8329651061324,8.32582997147945,4
630,5.72994185177945,15.3325866713428,2
631,16.3891549035803,25.5455816017212,3
632,18.6409119978385,9.97416619578795,3
633,-42.6617704266565,36.9690204309605,1
634,14.6728714205097,26.8387560388718,3
635,20.1273617928038,24.9928470527713,4
636,5.93424272131416,23.3422556723594,2
637,12.477112558379,9.3086435909663,3
638,9.19747505656528,14.1157434938713,2
639,29.0695111608935,15.3382491613761,4
640,3.7127403384212,20.7468411221069,2
641,-1.1280155134965,23.0790297118195,1
642,-14.0112792895664,26.1146823255443,1
643,16.1925721175697,17.0532134083717,3
644,0.908264773653417,14.210097525243,1
645,23.4001865609713,7.53179725446954,4
646,16.3447042553127,21.062868103304,3
647,-27.0124589658968,30.8674176544488,1
648,6.79297748897248,17.1882552454025,2
649,16.571778264623,8.23796134101077,3
651,18.8216966277962,36.5716773489442,3
652,16.3701857755542,43.7506162514913,3
653,13.983127448018,62.434815167446,3
654,22.489099176603,27.4534837407717,4
655,21.4215220774485,56.3707356685737,4
656,-21.3758525377542,37.5649281978194,1
657,-19.2276776426239,37.403311293353,1
658,-0.492248250147312,21.3779143278503,1
659,9.99261766328571,13.9191660529787,2
660,-19.1043972135285,29.3381517329085,1
661,2.87637656479931,16.8660540826684,2
662,26.6718102240928,11.7120217495212,4
663,12.6177344809713,14.1422183853759,3
664,0.478068863724184,14.3429786591352,1
665,13.8502746306913,20.6488798158182,3
666,6.98254134776535,16.4097557730065,2
668,9.18060614175676,16.5452060451622,2
670,15.3464846763659,21.9703304121038,3
671,13.3743657802395,16.5974383985562,3
672,15.1022135009906,13.4605582482086,3
673,10.7004046026438,26.46097963198,2
674,15.5382991339725,12.2394272397631,3
675,29.1600183464609,8.6648560272994,4
676,15.9339525701237,32.8190930062368,3
677,14.5525116976402,37.6851280791134,3
678,13.9595313032736,15.7172166629684,3
679,-2.26969317798642,26.4845116358696,1
680,-0.521533993112338,17.3377386392951,1
681,33.7395563878501,20.1240344526718,4
682,-42.5087400068456,33.1247234720769,1
683,-42.6961788769791,19.7209843022419,1
684,-62.670096704237,33.9056225588563,1
685,10.9653095889184,11.6989340545384,2
686,7.70079827462696,16.3714119775846,2
687,8.42350984302434,13.2364384062913,2
688,17.7294961340109,10.0722654727259,3
689,12.0083177579749,13.0651119824308,2
690,-3.242806578408,10.3458951079246,1
691,13.2632200971336,9.76221700599917,3
692,14.1093311676692,14.4247458587739,3
693,17.9528203603142,10.9565458500608,3
694,22.9719777348693,12.5718506717207,4
695,14.3156982904974,15.7361830333966,3
696,27.4049102358246,31.5993074291333,4
698,9.17198205767102,20.6606657334516,2
699,31.4796570727056,41.7841450010174,4
700,7.52173248864761,11.8733538620699,2
701,20.6588970990294,14.545037398999,4
702,33.0711957377883,26.8069214307191,4
703,25.1895930065973,24.6963056467524,4
704,-2.8368321036085,15.0896607556015,1
705,-4.18685222676833,11.914901789189,1
706,25.776575797343,8.2529808672918,4
707,20.2797942519008,15.6542201498944,4
708,-17.8433888381455,17.7362886289353,1
709,12.5355835631496,27.0826037732081,3
710,-23.9744863579132,17.3453854225352,1
711,-3.96899598259098,26.1803370475315,1
712,-31.8519994807606,26.9855125004063,1
713,16.1929601682481,32.9629132925759,3
714,11.6864293983536,14.6278755304304,2
715,22.5443717165202,30.6429815121585,4
716,-38.6483720518597,41.0679333461872,1
718,3.42773111705145,15.1742186347491,2
719,18.7290520294034,7.04701273321011,3
720,6.53029259833197,20.2451612394118,2
721,-0.760572840080381,13.0982260101246,1
722,-15.2205449440824,20.1025766663971,1
723,18.5498215333599,14.9321169996861,3
724,12.4930731369528,27.4598633026708,3
725,-17.6284926161235,36.404122775655,1
726,5.34507479441388,11.6290492895631,2
727,11.0218601569934,17.1220394363068,2
729,36.237417188315,65.7248997867611,4
730,8.5343382919742,45.5507094624421,2
731,10.3886026755851,19.4942668708261,2
732,34.9237937492672,44.1409299343268,4
733,3.21428974963403,25.508564619002,2
734,-0.662396823818789,23.2803101297486,1
735,18.9002411073667,9.64336411641009,3
736,6.73706876758756,27.1518366847123,2
737,12.1102153070038,19.2834269065683,2
738,15.8490520787584,37.1210846952134,3
739,20.5011919267436,13.3502993592354,4
740,20.8886281050289,12.2044981173115,4
741,8.54733366992001,22.3974113489945,2
742,-6.1145755772402,25.1172847055088,1
743,12.7912693285024,18.132076238313,3
744,-3.2746363201287,21.7704083510104,1
745,20.0206895843579,12.4052143491679,4
746,-37.8789859084753,10.7134168667967,1
747,2.57500070674269,17.2825377077971,2
748,-54.446038191144,30.1671636255485,1
749,-25.3131146848392,29.8472336913678,1
750,19.5889559438843,11.4197383044588,3
751,-0.411280386576136,19.3158603876202,1
752,-10.4717045212875,22.9943868068253,1
753,18.3439109092282,30.8084905742973,3
754,4.35570012423517,22.5790015974362,2
755,20.8280678056256,23.3268723225762,4
756,6.54299803209079,8.99146020440635,2
757,11.5468124337006,32.5956393540922,2
758,19.2566090701833,12.8560514577704,3
759,18.7719535245486,14.406778159653,3
760,15.3784466670669,23.896721806505,3
761,15.3642521619036,25.8638130927573,3
762,-14.2339358075545,14.4508715266071,1
763,10.1330689320535,18.1248229045408,2
764,11.2484380249252,25.807147796008,2
765,13.6209662573686,17.8793171039637,3
766,-17.4157828527864,13.9387490197443,1
767,5.60025102828373,23.4038457910044,2
768,7.69041275837261,11.8142431878771,2
769,15.3843941206746,14.7557226813824,3
770,7.58052871197271,14.1441106718368,2
771,16.1732649611806,19.4730876269533,3
772,20.1104166003655,13.7216374531732,4
773,6.04282834207873,13.3988342836021,2
774,13.242920466156,22.0010916691859,3
775,16.2487030273083,20.8840012669584,3
776,10.2266868172264,31.6964094919257,2
777,-5.40377802477902,21.6011968698669,1
778,2.60778477713372,19.3719291771017,2
779,13.9975892564082,19.6673064007821,3
780,9.11313525943224,21.5884275210617,2
781,11.4552519085433,18.9165934582068,2
782,12.6332702558648,24.0338439588616,3
783,13.3462857161497,15.5381118325635,3
784,0.85105776837336,24.3624001664699,1
785,20.8972856167929,12.5637040581767,4
786,3.12969722801636,11.7402862927658,2
787,12.3929781261832,17.7529768872408,3
788,14.6672075527203,13.6741538826559,3
789,25.1434164137584,16.5475881883754,4
790,-3.94886187008316,13.8599255838024,1
791,-14.6439968219047,13.2710257650866,1
792,-70.0563396711695,40.4336930154582,1
793,-36.1297311823865,29.4772958743356,1
794,14.0766749043202,9.10221618392577,3
795,13.5635677576545,8.63886155743679,3
796,1.43629305031773,18.7298644582059,1
797,14.0873574095308,23.6112468468685,3
798,8.37637119174744,19.9333576165266,2
799,19.0069559890436,29.4234938536935,3
800,15.744153866194,14.3012860537819,3
801,6.33088264213915,9.25627271273735,2
802,14.8436750396167,10.8184502745318,3
803,12.1251729522184,25.2993333743402,2
804,25.3811181670802,22.3916704386755,4
805,-26.6487069065297,25.1310583166146,1
806,13.6138785202088,14.6987332893863,3
807,27.387191147913,11.721424344933,4
808,9.59434857646179,15.5868706641515,2
809,-63.4884205422655,34.4750286632956,1
810,-23.4635724256906,10.7939123026444,1
811,18.0413879377906,7.74427960678628,3
812,15.0657986133467,18.2244033484427,3
813,16.7956030165927,19.6007481335765,3
814,8.1061441982284,16.7674650508094,2
815,11.6631285194465,13.6205344900771,2
816,21.6113149475182,13.7464636305597,4
817,10.1872651605598,17.7721815103656,2
818,16.3989060927652,26.5115849569153,3
819,10.748316290828,20.7053293055121,2
820,16.7643188336702,17.0085629330303,3
821,29.0778702500066,18.3449273138116,4
822,11.8374062235349,23.0342678106898,2
823,27.0355827530183,27.0733241134886,4
824,9.70060804500882,17.6977795010874,2
825,10.3989152693396,9.09415092742016,2
826,-11.7187022782684,20.0565736422318,1
827,-52.6242155206881,36.4441412542528,1
828,-10.681216080595,23.9041496936494,1
829,-0.407500034889048,11.6777192780839,1
830,2.8771560800252,27.1544746075642,2
831,13.2588187440779,17.0763114771512,3
832,24.2938796698529,31.5108604974236,4
833,3.85338759141555,19.4155399671854,2
834,5.41978146838431,17.7630199621108,2
835,7.27700093926594,23.3552114174,2
836,21.4028459048309,6.98637007264836,4
837,19.424932513009,21.5363579803506,3
838,9.08799833081727,16.6263689922364,2
839,-25.169944789328,21.8587677946277,1
840,-0.0213987000662327,29.366903752061,1
841,3.86471834776352,12.754899110142,2
842,7.34499602773214,19.9570053417424,2
843,7.11345758757469,14.4327200317906,2
844,-1.42671880981888,16.0529265396936,1
845,-23.2039988805393,15.5517724783902,1
846,-45.2310135043097,33.4188766691623,1
847,16.932410275599,12.6026674711695,3
848,-31.3731058225264,23.7562652663582,1
849,5.92489337208899,29.3288873688558,2
850,20.7956989607543,31.7439988875272,4
851,9.6072245573254,25.4103292760835,2
852,3.6867100841319,19.7001705894418,2
853,19.1808822806317,19.3569663038229,3
854,20.6114964965883,28.4060255536881,4
855,-9.65058513123335,13.8273385456046,1
856,-18.3554871651071,22.5079919914532,1
857,12.3426980090395,9.7062780554663,3
858,19.1638615445642,24.5703303847598,3
859,16.0909810833279,21.113660698491,3
860,22.174058487051,12.9035990644271,4
861,-0.59656251958436,13.8588931256761,1
862,20.3365048041428,11.4463611987119,4
863,12.1940541615375,19.8460491163641,2
864,14.1576628952458,13.2818350309921,3
865,21.6155961858642,23.7989643124307,4
866,16.3981468275418,13.0105072591381,3
867,9.65456723727346,10.6042132447671,2
868,21.5011675832919,8.94219497839289,4
869,37.0969106988757,18.7025666144182,4
870,18.6495829558112,14.9900367196299,3
871,10.0182051508898,10.8114069119543,2
872,20.2288827576154,26.3423222241069,4
873,24.6420191743785,28.2625413067997,4
874,21.9110432398351,37.2144726582517,4
875,3.36472272844641,17.3971122995959,2
876,3.4325833840894,15.0805701983818,2
877,4.90817986224913,14.6340855496178,2
878,18.4217671277026,7.11216405386594,3
879,6.57999124912808,8.59338936251437,2
880,12.9630972299749,10.7051397166423,3
881,10.4352977651129,24.2421331050385,2
882,4.90356963265913,21.2845417697392,2
883,-20.3622049195795,24.6562415287435,1
884,18.2107162616064,40.3092174976473,3
885,18.6024076518523,16.7679438521813,3
886,11.527134823291,14.173779604044,2
887,-59.183174174676,43.2524758084269,1
888,-5.6787705046336,33.0903707660042,1
889,3.9595557842512,16.3239512251628,2
890,19.3206797114269,23.2636206137522,3
891,17.0282242397949,17.8620206175098,3
892,-3.72041980323369,19.1545045748406,1
893,5.89854718046972,20.1120465319009,2
894,13.0970946881889,17.1879251130968,3
895,19.8096339038936,11.9050550422998,4
896,20.1387022267833,9.26680744721799,4
897,3.1499782503897,14.3445322362049,2
898,13.081347596497,20.5064367011829,3
899,9.80891860987206,14.7841140187644,2
900,6.248362281226,14.5788401635314,2
901,-13.3313021612743,10.2415688959141,1
902,-0.203814937784444,14.1797684340834,1
903,-9.04398219623558,25.5097573779735,1
904,4.15965854387377,22.5074125146707,2
905,12.847867360134,15.5525975342341,3
906,19.234757970283,20.3435106467108,3
907,6.35543189864037,23.4101433505928,2
908,1.35704201009057,18.9059680736411,1
909,11.0862466550208,31.1320188535541,2
910,22.2146562442588,13.0102005643982,4
911,24.972577778175,10.3678839780261,4
912,-2.16333427682654,14.7474703033464,1
913,-11.8153635796378,9.98314387516829,1
914,16.4088613820176,14.4464082981911,3
915,11.1412116983485,10.9011006150889,2
916,24.6050933843899,10.3850914990946,4
917,17.7563866753038,22.6587719114406,3
918,-65.4372365673829,46.3648358970817,1
919,13.2964137838227,19.9303392038396,3
920,14.6873585372796,21.4751578626921,3
921,13.1632841008601,14.3077750219936,3
922,-8.56653929950851,26.5400931163278,1
923,9.35766331388521,16.3328397767074,2
924,28.3801321199006,15.1191543299814,4
925,-12.597951892035,19.333084231108,1
926,9.52373414977851,13.1534554255211,2
927,-7.68529626568676,26.8152678619771,1
928,13.535903854108,15.7055776754953,3
929,16.0792109294165,42.0241062461143,3
930,21.0821576577112,11.7430415276726,4
931,14.7207517645364,11.1928716353976,3
932,19.3003680479197,25.6536388452768,3
933,14.8306943811461,11.3762157447454,3
934,-37.1136586675678,29.779317721598,1
935,14.5855669921088,15.0285742686468,3
936,11.0974982825,25.1783187924502,2
937,21.7001759935189,24.4496222290174,4
938,11.1890756852187,21.6315124532485,2
939,-2.50099068620937,22.3796604452424,1
940,9.39695523080158,24.9544763160289,2
941,25.1198036999835,15.6280845548886,4
942,-1.00188993288003,10.3537633185647,1
943,25.753727304988,19.1877761252854,4
944,-6.13903448048142,14.6715531203362,1
945,8.5013814184499,19.8159791337556,2
946,10.9641282568318,30.2749027710853,2
947,23.8221459085177,14.5292558788033,4
948,11.3675947229801,22.1945668330866,2
949,-59.0420694921741,30.4323030603363,1
950,9.7897937176109,19.1445926144306,2
951,20.6088900175463,9.84505442746213,4
952,19.0827590484396,16.6043141721761,3
953,11.9517400774321,16.1696592847558,2
954,18.8501679176333,31.2736714801364,3
955,-10.1571895121758,19.511762690928,1
956,21.5999632570843,28.1679134059677,4
957,14.520626467482,14.8621149721511,3
958,-7.56610461358802,26.117108981695,1
959,-1.15237488577336,10.3969079072879,1
960,23.6144693612509,9.89410271851572,4
961,-65.8952182564585,32.2526817988205,1
962,4.57656805878235,13.0065676946291,2
963,28.0564442093076,22.807289712697,4
964,19.8967797205011,8.56931955896585,4
965,23.9083802928404,15.9676679853783,4
966,-10.7980956619653,19.3347565754552,1
967,11.9743439434686,15.0062085597877,2
968,14.2560367806278,23.7454111471083,3
969,16.0639476237434,12.2666000896488,3
970,9.59935876693567,12.8596307348526,2
971,22.3734975922337,10.3087771747093,4
972,14.1070560420091,10.9807080423517,3
973,-6.56490464061619,8.09393302464431,1
974,9.07787273189917,22.2303119203103,2
975,10.3179534830301,11.5516021477871,2
976,19.4644741022289,12.4865098944337,3
977,17.1281212453558,15.7534631586834,3
978,13.7180975523438,24.1632181808128,3
979,10.7474144787652,19.108939295226,2
980,18.7636514094792,34.505785897028,3
981,12.0868343810439,14.958364820588,2
982,13.2460532083395,17.3719737469003,3
983,18.9162761277266,8.97942101116514,3
984,-30.5268409512988,40.472827409845,1
985,16.5392967521231,19.407903785811,3
986,13.61420692908,24.7098399931136,3
987,14.5016553360069,17.6480856655895,3
988,16.7393400201927,18.6215624277352,3
989,19.4465655245324,12.1486835335739,3
991,17.0657847559004,19.5568978842397,3
992,18.2771293212036,10.2341430713014,3
993,14.2832839241487,11.6046576853496,3
994,8.71401403871646,14.4763441381465,2
995,8.22062642343347,23.2657927056482,2
996,14.0718678137657,18.7735919192794,3
997,27.7724159126163,13.16410682058,4
998,19.812390907613,14.6574272300776,4
1000,34.6498305306996,56.6639875525118,4
1001,-11.5039557296474,28.2885743841945,1
1002,6.26722531224334,18.8972472294296,2
1003,8.01507727689652,13.6222297401934,2
1004,14.7594216293981,26.1627452181083,3
1005,7.25350106539189,19.0598659745446,2
1007,0.163488953325823,11.3204876996388,1
1008,9.1928614003745,13.0292204063223,2
1009,12.6474958968883,20.3018483603835,3
1010,15.6469396502314,9.86949455225171,3
1011,-18.0540939294354,29.936403724988,1
1012,14.6756921895304,18.7336073773746,3
1013,5.1911255075559,13.810052218031,2
1014,27.5118515184269,11.2243509411134,4
1015,5.88740880955935,12.9246574468566,2
1016,11.1752450547188,16.4747323414656,2
1017,-21.4098784666452,21.6148833046695,1
1018,0.616740570187475,24.2374476555932,1
1019,-20.2017618304114,14.1647644574146,1
1020,12.9323393363001,15.6985835520573,3
1021,11.5018178868146,22.3410448441038,2
1022,-18.5070823039754,29.6757850446891,1
1023,37.1276597126582,37.1704353103935,4
1024,11.4319190010879,26.3989097841105,2
1025,19.0025215278914,9.37228074604494,3
1026,10.43210473966,24.2690248180142,2
1027,23.6700146845247,14.9498655906151,4
1028,16.1297443039235,17.5070414508698,3
1029,5.56647556020087,17.418416590243,2
1030,15.5094157510195,32.3984101499152,3
1031,3.52296626975788,19.5606849901464,2
1032,-0.788616540918321,17.6564442594293,1
1033,10.8047015407395,11.7086045243131,2
1034,17.9264586725726,18.1191347825174,3
1035,-10.7917529037859,14.9980858195101,1
1036,21.8940135063876,31.320579523569,4
1037,19.1300521575621,23.8194768266464,3
1038,18.4489957690485,30.9980044206798,3
1039,-11.0206598484533,11.2456514088785,1
1040,4.55694621278658,12.5953528394275,2
1041,0.00914417529660163,11.8464368446841,1
1042,-25.1712608689636,19.893044349913,1
1043,3.12917249113434,19.4238086296081,2
1044,19.0023808378637,9.99502750540788,3
1045,9.01974892763706,27.0652733387162,2
1046,13.4994856560314,18.4655488007951,3
1047,21.7149172372296,24.1925307663001,4
1048,19.8118038973682,23.5549723705553,4
1049,-30.026394979414,28.664100445987,1
1050,15.1447452885113,13.0621327326381,3
1051,9.83807292018315,35.8121367223974,2
1053,27.2553818940056,49.1887884617934,4
1054,-63.7865357178782,39.3140882015847,1
1055,-46.1488586222189,33.5634273319017,1
1056,6.45997757820466,20.2497628332733,2
1057,25.3597153470321,8.31125271849649,4
1058,-33.178468616315,14.9859546955505,1
1059,10.2451914991933,25.0729387375345,2
1061,44.2766685556604,42.224264837425,4
1062,5.06634344395,17.1505011272794,2
1063,-2.62116905989506,24.3207383320412,1
1064,-25.018404843691,30.9291769887605,1
1065,11.2724624228401,13.0105581810946,2
1066,17.9125152291976,33.9339589764314,3
1067,11.5698177121067,13.1707810916208,2
1068,7.09825877171117,13.3376348263147,2
1069,4.09233459102458,8.50073320100413,2
1070,12.704275347721,15.2991263858752,3
1071,-8.01910500754953,22.9126412154567,1
1072,7.95112274622441,23.6282869957009,2
1073,15.7468630129335,15.5466068954951,3
1074,3.61414219761501,12.7819551520263,2
1075,9.59351479766296,13.6936163562636,2
1076,-19.5120588138666,25.6573995228208,1
1077,-37.516076353658,47.1393196502033,1
1078,-39.6347401726297,17.67030994183,1
1079,27.1715560220364,19.6938980934803,4
1080,16.5755034092788,46.4773722583531,3
1081,16.2219910940837,27.5951251229778,3
1082,-18.5274733235949,25.0920744738018,1
1083,13.8390768546944,25.4340362793102,3
1084,-8.48266803803205,15.1973999155527,1
1085,-52.5235545177156,30.0882606616075,1
1086,16.2955519309323,28.1054819149556,3
1087,23.1556723221353,19.3028749864358,4
1088,6.72865688904353,26.0416653274451,2
1089,-13.2154888344912,13.6823454415268,1
1090,19.0223550245729,13.0982776522949,3
1091,-0.468309940000085,19.7705058197056,1
1092,28.4931953235637,45.0112114937728,4
1093,-54.1586620674417,32.768225977934,1
1094,11.9481513704583,18.3981069071178,2
1095,12.1619551067032,18.5660541419796,2
1096,-33.7235417883313,38.2460792646693,1
1097,-28.4128779998159,19.4360522791241,1
1098,-32.8233641597215,22.0162410942786,1
1099,-27.106461331006,15.1538393171858,1
1100,-32.947986815097,29.488126319796,1
1101,18.6101941270346,19.4741408727561,3
1102,-26.7657865473652,19.4072282056144,1
1103,-11.6419785652729,12.8089880581608,1
1104,5.0100317701511,19.5324662587111,2
1105,9.05101516954983,16.5463432894529,2
1106,36.173800317313,32.6943286756354,4
1107,28.4405159495862,36.662997317045,4
1108,21.7539569645472,9.55018425391526,4
1109,2.39779935360909,27.7346338551007,2
1110,11.727780747178,16.0058749664468,2
1111,3.03893943684641,30.1437660134134,2
1112,14.108773289991,17.1273231599456,3
1113,-6.67584146844068,15.5234903254089,1
1114,9.19478544928799,12.5648156718699,2
1115,6.73261199435734,34.4263300481234,2
1116,15.7900611205969,19.5051105549526,3
1117,17.0640729829873,15.7648500855395,3
1118,18.2074904422328,20.5700184519933,3
1119,17.6102776452185,13.0854991731417,3
1120,1.71161199685846,30.2503173850185,2
1121,8.64937402103838,22.6972304509728,2
1122,-3.29467414981159,24.8511594888489,1
1123,21.6127041898296,24.1940147303475,4
1124,19.2258306029004,17.5785692852312,3
1125,-16.9650216257957,14.0494309111093,1
1126,28.8640391664235,28.191351565242,4
1127,22.243067371054,24.7039959336194,4
1128,20.5996892344459,20.6801177685611,4
1129,35.0304950104474,27.4121436559808,4
1130,10.7603438950948,12.9661740250978,2
1131,17.5594158072606,10.9780364390941,3
1132,1.90718081047087,15.0915487347208,2
1133,-25.3674652652906,16.5403759060836,1
1134,-4.07287228535646,17.5080060079493,1
1135,12.0252423425761,22.2348800053556,2
1136,-3.48103763377888,16.136992701362,1
1137,20.7541995718043,10.2247247498767,4
1138,27.4712727049739,26.3580510701181,4
1139,33.913363061003,26.6316460204224,4
1140,10.6396802950174,14.0187580849328,2
1141,12.2114924603564,18.8091111123848,2
1142,2.95295099404538,11.6052769568342,2
1143,16.5023287200344,12.473552430321,3
1144,19.9872477754757,20.7895586780023,4
1145,-7.27315000438003,24.4181911109745,1
1146,16.6167840033507,14.8157887608244,3
1147,-0.766107512828976,18.7056743124271,1
1148,-22.4418697031393,28.4893534288255,1
1149,16.4007739187124,11.9347856395952,3
1150,9.29360502193967,17.6216712996132,2
1151,-26.2778498457753,18.1702988396193,1
1152,2.13556072111679,9.92304413816319,2
1153,15.0417608885783,10.8174581915453,3
1154,21.4271545447626,12.4298724737936,4
1155,-14.0199896526029,23.5759187693194,1
1156,20.6069959022402,19.2739367432207,4
1157,15.0802754217669,28.6051822303979,3
1158,8.48452227806136,11.2693819527861,2
1159,-26.6675667443702,24.0609258209594,1
1160,9.34201745950523,17.6875299711771,2
1161,10.3638858045702,28.602560591806,2
1162,19.584504546519,48.0704292373429,3
1163,22.0546278474115,20.5142010178745,4
1164,8.86307011383466,22.014709484282,2
1165,19.9749224170923,18.1965591621127,4
1166,27.8028067195267,30.8183465310939,4
1167,13.9743610587965,24.5153734735223,3
1168,15.3081699290881,14.011476416194,3
1169,12.3825699047901,10.6641104266362,3
1170,4.31347922935861,13.7277327838472,2
1171,27.9278419065713,19.7932213761681,4
1172,21.9696642431477,8.35170386658887,4
1173,26.7539075501632,18.6580410498908,4
1174,17.5597297832304,12.4229577385304,3
1175,15.0139995997945,18.4172669851569,3
1176,12.0445061132597,11.7944134528718,2
1177,22.6081464480492,16.3728287935458,4
1178,25.393366422627,25.3166352654063,4
1179,12.134157215198,15.3240620656987,2
1180,28.3984546902335,21.9132047552516,4
1181,27.0709416212076,12.6808132769785,4
1182,27.3830435399066,21.0657746034806,4
1183,22.79170822575,17.6826206411922,4
1184,-32.1715017857068,29.7984468951833,1
1185,-14.9736881754949,22.4520368613237,1
1186,-3.3990339165496,26.5708591933635,1
1187,7.26730760115548,17.6986061171867,2
1188,5.62881243348237,9.09630907484371,2
1189,19.418900105146,8.81417877785909,3
1190,13.2427406340128,30.1619622791183,3
1191,7.6308327143926,25.8274337977186,2
1192,-4.72506897435338,10.3604036491388,1
1193,16.5903632834597,25.6930176560859,3
1194,14.4066469544831,15.9093512036512,3
1195,15.8115583267216,17.6095993636296,3
1196,14.0493369072104,23.6386679045862,3
1197,22.0432260230494,29.4681012601313,4
1198,17.0914330828707,12.2650273244615,3
1199,-67.0394812180861,34.580964224262,1
1200,2.84204365637524,9.18018443129519,2
1201,-16.201085874041,29.4819358998298,1
1202,9.64831271588282,27.5994796336069,2
1203,-43.6968837700292,31.4276923418021,1
1204,16.565168640716,27.7355110016907,3
1205,19.9377329959013,20.6851961968603,4
1206,8.54246569684167,11.4972030921198,2
1207,30.2886583539092,19.974642798959,4
1208,1.54988778683403,9.0438923525923,1
1209,24.0445784218274,19.6164205401641,4
1210,14.3235423144789,19.1052691256985,3
1211,42.1398283399138,43.9024022439485,4
1212,-9.91674850899414,20.3532728612699,1
1213,-64.1252935636796,39.6164543197811,1
1214,-27.8898015134251,16.1445982572958,1
1215,21.7526055586289,15.4430942076062,4
1216,17.9399089032495,16.1827019948323,3
1217,0.187842832650349,16.4202597210372,1
1218,10.816586849383,19.3188962637891,2
1219,9.70620765788014,20.3565649563019,2
1220,11.0772824749403,26.0646003140821,2
1221,8.18880143814484,14.5792830758661,2
1222,11.8813367823505,16.4305181223902,2
1223,15.1974510164943,23.544774190657,3
1224,-32.7742590866946,13.0208798855604,1
1225,13.4481835027021,18.6235953058693,3
1226,8.50874989201836,29.8231298871288,2
1227,11.1509516982615,42.5890598091529,2
1228,21.4025528010074,21.0415333452088,4
1229,15.0344876189874,12.1689171459722,3
1230,-57.562904426164,47.6690937850423,1
1231,11.7643666651576,32.8996546346475,2
1232,11.6365852887667,10.6633257558324,2
1233,-6.37821514713531,11.0514185847493,1
1234,17.642985531578,12.1585576290118,3
1235,26.2643434831597,24.5485297869489,4
1236,22.6452498574465,8.48657175074699,4
1237,12.5643341547818,22.3250789494039,3
1238,18.4822892181123,19.6976372656894,3
1239,8.39909377201818,25.8345901914113,2
1240,-10.4692467550834,20.3351810160929,1
1241,15.8483232468288,13.3092721530864,3
1242,21.7286977518233,16.5051459781643,4
1243,26.0909006443502,12.9845819954959,4
1244,6.97880535976832,13.6742152801246,2
1245,15.9945614867723,29.6227388933102,3
1246,-14.6320842639988,21.0002433809926,1
1247,4.71864911854961,10.9684351292342,2
1248,17.7672495078699,12.832474379487,3
1249,17.9042273275703,16.2599264903727,3
1250,13.0640205349984,18.1819012534072,3
1251,8.44489891009546,15.6774121886476,2
1252,5.42448123035806,12.1268792084347,2
1253,14.2776009577337,25.2415755454311,3
1254,-16.734334180039,18.6593772422671,1
1255,11.2430235458441,26.8694164461045,2
1256,15.7158327260582,14.1075858436819,3
1257,40.7625786051333,26.8396322424829,4
1258,19.1479632680954,41.0462234025499,3
1259,37.9254378775306,24.6066884930045,4
1260,21.6107787146031,14.6392253338402,4
1261,8.51905032214748,24.9349871839888,2
1262,23.9199636832895,16.3863646342959,4
1263,15.3949586824282,36.8030218876112,3
1264,17.0840362730607,13.286887939635,3
1265,14.0813488669744,32.4450133973188,3
1266,24.5081556378581,46.5713550848247,4
1267,13.1800009306223,6.4650488700464,3
1268,9.09596717951887,19.662977904403,2
1269,20.471805605231,13.081693912525,4
1270,22.5080936757893,22.0622113041353,4
1271,22.0000982037287,14.4658544662661,4
1272,0.645141338269606,14.7231302523465,1
1273,19.7391521072513,12.2489196600424,4
1274,21.3231962870481,12.4380167211801,4
1275,26.9487168573588,19.3040638314119,4
1276,23.4702942036934,8.47453196857468,4
1277,21.2336847524439,10.6288192623576,4
1278,15.25661118175,22.4195496250527,3
1279,24.271581912299,24.9708914439448,4
1280,16.4603809159256,13.4878702686788,3
1281,-25.9448061237922,20.7260590897596,1
1282,-2.62864053588156,31.2467878925984,1
1283,26.5696109804846,17.9889936406251,4
1284,47.8421030797592,56.334405232381,4
1285,4.81041071048568,21.2542951436063,2
1286,12.4177767270519,22.9199090299219,3
1287,1.50113483527358,17.1077998094167,1
1288,19.3961744429049,17.787961517918,3
1289,15.1141685631614,21.4440492068678,3
1291,12.6212134860241,20.2777146290145,3
1292,21.202840929418,8.30817440005577,4
1293,16.8055022363584,22.5793735270102,3
1295,30.8682769140535,39.2522027303828,4
1296,-19.2694163302752,17.8129596967139,1
1297,14.8711839508404,11.4540652871379,3
1298,-8.39989625539769,17.8568107813374,1
1300,-8.54655542212103,10.4410196648707,1
1301,8.86782424141381,12.988918041132,2
1302,16.1664149369535,12.4492800512798,3
1303,23.1264751091117,9.51516951861782,4
1304,20.5475907854173,13.4869596243701,4
1305,0.830129530930099,19.9401478149991,1
1306,9.13243982672858,9.46602887435007,2
1307,27.4225158376908,7.19717916931775,4
1308,22.728825264942,20.7263227247554,4
1309,32.0875416235326,27.0950821795901,4
1311,9.75809605471127,11.9603763928948,2
1312,30.7807037036758,41.6102150258607,4
1313,3.62420447670694,14.3706506064396,2
1314,26.8868129322004,14.0339121568226,4
1315,35.8527629587615,30.0281775664705,4
1316,37.6989848295395,27.8590208771448,4
1317,-0.703624137795241,12.1440313420786,1
1318,7.48071809813884,11.1252726778329,2
1319,13.5153069202372,15.9474889231192,3
1321,-12.1124116983933,15.1709374224796,1
1322,2.79182834812639,21.2383241632627,2
1323,21.2484180641713,6.90329688458502,4
1324,-3.07017668424634,25.578542335233,1
1325,12.6899198871389,20.0525079436574,3
1326,10.4831270048463,14.4906487300719,2
1327,20.927827362537,15.6138969903934,4
1328,2.9325576791413,18.299276876931,2
1330,13.8099241405357,7.98964313077617,3
1331,25.4074914200933,18.8028805872048,4
1332,14.3541950111032,19.3604153317782,3
1333,-20.414105799175,22.4481683226134,1
1334,3.11024897821398,15.1460863084973,2
1335,18.3152096998013,24.2808478737898,3
1336,11.7803595447465,13.082964919838,2
1337,-0.989494308693139,24.0704355179856,1
1338,20.4065832029542,17.2959645438693,4
1339,17.8488424608479,11.5960825656718,3
1341,3.61286191791587,8.48600858751597,2
1342,-14.3948085789163,30.2267824530458,1
1343,19.1602597304698,13.2821095382281,3
1344,-0.0534675600407275,23.3966410352817,1
1345,4.85747107616892,21.3756554768669,2
1346,-12.5550349680518,25.3998105317545,1
1347,-14.7862305359046,10.8425255931326,1
1348,-8.89618090796555,12.2515820142594,1
1349,1.20848423278545,22.3145102961698,1
1350,7.962140165429,17.8673838647746,2
1351,12.4565731464965,19.0475942003708,3
1352,14.8785984828168,29.7325428374378,3
1353,24.4864043660823,31.056825844531,4
1354,-25.3147176429295,21.7656528285223,1
1355,-64.5608847647811,48.2764542727578,1
1356,13.6013926649527,23.0662067648437,3
1357,13.3179526590742,10.2985035478968,3
1358,-0.82904615705005,16.1247930922606,1
1359,2.41246312567627,13.1133687159322,2
1360,19.0290449546748,28.2275685388764,3
1361,22.5097775117929,16.4044630560947,4
1362,10.2057178468432,25.5617488952853,2
1363,0.350349995944239,10.4758368444265,1
1364,25.4388059432227,10.4970719725289,4
1365,14.5776116049466,10.8093593271014,3
1366,-43.4673430095227,45.3774548116022,1
1367,-1.96551669240671,29.2617813000243,1
1368,15.6688054282081,31.064588971484,3
1369,9.89190544814126,20.2766715233872,2
1370,12.0584198676345,26.2342580333626,2
1371,27.2695059418131,23.8311455555971,4
1372,-6.58181863029113,22.9761489506212,1
1373,19.5603684918431,12.6195886286603,3
1374,7.30095085027689,22.4464935851827,2
1375,-4.15017899096815,21.0799042985182,1
1376,15.2130594303967,14.3381321919069,3
1377,26.5704622189144,21.8037785078609,4
1378,12.2973917478404,15.7413115218155,2
1379,-0.00391769838640923,19.1804815282654,1
1380,9.0169235769469,17.1073003038919,2
1382,22.8972857954647,12.8728178461147,4
1383,-2.11825363748787,17.2896918121153,1
1384,22.0549022697402,21.7838768518776,4
1385,-49.1674888820066,40.6994052231146,1
1386,-22.375370962521,25.7502752313334,1
1387,8.01209520849932,24.7372447767082,2
1388,4.70395796841254,13.361989735065,2
1389,-7.48649247939146,36.6741907010964,1
1390,2.2530326131052,12.8682505993926,2
1391,7.96636475908328,15.7885432796089,2
1392,26.9489737998572,14.7124563071893,4
1393,4.33391086902854,27.4841141118282,2
1394,17.8812959991225,28.9617176679123,3
1395,0.250949381448035,20.7704119326602,1
1396,-43.0790648017449,40.9689338424837,1
1397,-20.0300476774485,26.249343313028,1
1398,5.26365303016155,21.3973990759063,2
1399,22.6419497800164,17.9361255271093,4
1400,16.6679104292477,18.1621201927369,3
1401,14.1865292081775,12.1587596579734,3
1402,11.5789689221986,23.6688575711458,2
1403,23.2188944928735,19.9539377305752,4
1404,10.2434267016367,21.4967048279934,2
1405,23.8985875502305,9.30431427378986,4
1407,17.1274552763183,16.5311904369179,3
1408,16.2560178560549,12.7082693082975,3
1409,26.7376750190304,24.8064872587367,4
1410,7.57747572276193,14.6583639229787,2
1411,4.64219888153088,14.7881856370264,2
1412,26.2532720940904,24.1977172820555,4
1413,10.1924493385339,15.075599424882,2
1414,26.4058256372489,12.9607170423271,4
1415,25.4222916026951,24.9580412519216,4
1416,0.353592022187297,16.4740858244594,1
1417,-32.7922721145181,22.2494741051507,1
1418,-27.1147086858523,37.3620811657223,1
1419,-64.6736773500287,41.7017325701,1
1420,4.25460880017424,24.0009759166976,2
1421,-2.17569565880864,21.7901622712326,1
1422,24.0357800729222,13.0470642731187,4
1423,7.23934221660671,14.7743398583917,2
1424,13.8751700972908,9.32677346227239,3
1425,7.08048881262049,12.0450454624242,2
1426,0.467645318710883,16.0535401855264,1
1427,11.6964721069454,12.4954357058695,2
1428,-9.52058894122039,29.3520629627589,1
1429,-48.7304272573253,37.8328291571533,1
1430,12.916250951451,25.8479074228684,3
1431,1.50309762068031,25.2089701215285,1
1432,7.43223541576273,20.6760867235314,2
1433,18.8588948526398,12.559595111736,3
1434,-3.79211961891158,17.7642278161483,1
1435,0.855210640502959,19.1373373009333,1
1436,14.0246929496831,25.8706723375393,3
1438,7.97579769196289,11.9683999640775,2
1439,8.70768223759756,16.7110793339282,2
1440,13.824236859791,8.3153323046249,3
1441,21.4115508721969,10.0883075917476,4
1442,12.8987165033982,21.2063676986617,3
1444,16.5241362626443,19.2783435517842,3
1445,27.5468082774514,18.2173193701169,4
1446,-1.38655602119037,22.0679190692359,1
1447,15.2401791779216,13.1195407361371,3
1448,22.3501550106565,6.93981225712043,4
1449,13.1767521885331,16.9434201134039,3
1450,0.825973117016025,15.6252217256993,1
1451,6.63267823369241,15.0264888432623,2
1452,20.9446900445767,26.0420987122873,4
1453,4.17376005449758,23.574761659147,2
1454,29.6508737264506,12.9760231154654,4
1455,29.0363162730024,10.7771775572133,4
1456,20.327789081447,27.683938700673,4
1457,11.6309491710033,23.4000534238668,2
1458,29.596163583008,18.2082663658099,4
1459,10.4777373340209,13.1323751438054,2
1460,35.1002743924471,33.9761423906602,4
1461,43.0131735655816,54.551230846731,4
1463,-1.17719955358466,17.7022565938998,1
1464,14.3249906582849,23.8559731901316,3
1465,2.56770497943866,10.9745016520772,2
1466,2.92498440284369,11.6511192269095,2
1467,20.2224336988999,23.4592207164186,4
1468,-45.4876762167087,21.8460108117875,1
1470,10.0089725560434,23.273148576363,2
1471,17.9149319738661,26.0741247355455,3
1472,15.3585026442677,14.9600882488475,3
1473,5.10150700815235,14.397197609294,2
1474,21.125654029864,18.9635101990644,4
1475,2.76409365064924,16.3381299523481,2
1476,2.0031080549659,19.5590811942939,2
1477,-1.66861266429984,23.3487950327499,1
1478,23.1379886994065,20.6749842705072,4
1479,0.954987159480687,26.8321292469241,1
1480,14.7499261755016,12.3254270895364,3
1481,15.5837366084465,22.474430660312,3
1482,-1.4999930486121,20.2454524349224,1
1483,14.355206918724,13.7055672388793,3
1484,16.1388268408013,11.4155201528173,3
1485,13.3049869268796,7.8442203803743,3
1486,9.14873543789458,21.93350586597,2
1487,22.9116937030056,11.8455997384414,4
1488,20.622303604976,26.4488061658876,4
1489,8.27317402528528,10.579879690411,2
1491,32.0888669198516,19.8135532022561,4
1492,8.70425192891416,36.5870542999359,2
1494,3.34650988371636,18.0697128935593,2
1495,6.11628573563254,9.26288026626738,2
1496,6.56324246434837,18.7891414838534,2
1497,13.3832183428647,18.7199767004616,3
1498,11.716752892771,22.9080742356525,2
1499,5.51330954519393,17.327771646206,2
1501,-2.57994569734878,28.8272751673271,1
1502,17.7596305844702,14.6830697233858,3
1503,16.3891373555073,15.3464491488135,3
1505,12.1187016302544,17.8183152947671,2
1506,7.07879373163178,15.8617027553107,2
1508,19.8817620909207,13.8471112729289,4
1509,-0.329917616707138,23.7009705124123,1
1510,-3.51591524836454,25.1843673701885,1
1511,-9.09352935646594,25.7839051256984,1
1512,17.0864566901089,8.59511982600473,3
1513,22.3105644214322,11.3865626198151,4
1514,-22.2720733647393,17.503995419631,1
1515,1.18079688864093,8.71947989645516,1
1516,2.67773681916656,9.9180227091197,2
1517,-38.1531978360707,37.0955168245169,1
1518,6.606309306524,25.0607930188535,2
1519,24.0347402512133,46.7978800107136,4
1520,19.5687456764024,8.63801579403337,3
1521,13.6324961785436,15.1483608384845,3
1522,11.1599122402687,20.0251886095925,2
1523,-38.1451634088812,29.9108742127588,1
1524,21.7612708877998,23.4577019351738,4
1525,-2.07724057944964,22.7335976945928,1
1526,3.08982191309553,21.4728575574304,2
1527,5.23638505881623,14.1084068187624,2
1528,5.83263923617543,29.9622530072157,2
1529,26.2426608543666,14.0104681397401,4
1530,-13.1048003904935,12.6841498181123,1
1531,31.7317570762833,41.0620777672229,4
1532,-5.25186578810662,20.9132016453283,1
1533,9.05385477469969,24.1848295115325,2
1534,7.60482658127672,25.7595070958939,2
1536,29.6190627642438,30.9785621833112,4
1537,17.95443888906,17.3078912896021,3
1538,23.8237639349887,27.7894023151165,4
1540,14.595496123138,12.8231021406119,3
1541,-2.89398536007872,19.6794363409289,1
1542,29.4000179323345,39.4973659804867,4
1543,34.1982935691311,19.2108664146176,4
1544,8.24564619734243,25.1257720040512,2
1545,5.22083283003739,17.799285425534,2
1547,17.8577905157452,36.3944561666778,3
1548,13.2816103335765,19.4273145344838,3
1549,-4.77533373530863,11.1233379557439,1
1550,-19.422363109868,21.5770090982435,1
1551,5.69811197164366,13.9531336744587,2
1552,9.58585675365977,26.8018026154012,2
1553,8.13794342443975,13.9936028260847,2
1554,-43.4304843706271,38.3989423069575,1
1555,2.20348761805195,16.8069311537218,2
1556,-4.00567241945236,10.4701972139728,1
1557,28.8376415264554,9.12704689627222,4
1559,6.23492996009409,13.5594475608308,2
1560,-2.19716978226239,13.345319255833,1
1561,10.2004535582261,21.239372209431,2
1562,6.40729226458273,16.5893340905104,2
1563,20.7375600680701,11.6095357376184,4
1564,18.1720907223967,6.73040803063559,3
1566,20.7809230248737,9.08845390385388,4
1567,24.3637914636676,57.229436535945,4
1568,-52.6581819219684,24.6875482152672,1
1569,26.8605973234967,34.1132180166322,4
1570,20.7754218523342,18.5764407906642,4
1571,2.45853585276001,10.0971359388934,2
1572,14.8915803668993,17.2603557537382,3
1573,13.8903318122234,30.0314130588984,3
1574,-4.94106558399691,14.2245351959257,1
1575,25.8511922107343,11.4115514708916,4
1576,-1.40845199018972,25.9047463721484,1
1577,-10.6274063538051,17.997809617457,1
1578,10.8180614095238,8.81464506527197,2
1579,20.2876240230209,18.6440810094252,4
1580,19.2058740599887,19.4660431328508,3
1581,19.8322074562545,16.4599495456991,4
1582,22.058744073158,9.66974524378741,4
1583,-0.102849870811574,19.7553111602324,1
1584,27.3987962820755,10.1480103679131,4
1585,9.13154134892656,11.6434558435775,2
1586,13.7599678904504,16.7051342506037,3
1587,-2.19975427759213,15.1198644165558,1
1588,6.87940438138277,7.49933416856774,2
1589,12.8252566075852,17.4735263673345,3
1590,-4.22282552970685,19.3657146854339,1
1591,14.1038660524741,15.8694044569544,3
1592,6.64477325405399,14.0062330968906,2
1593,19.1550126817728,15.9001430091161,3
1594,20.9631781793587,23.8680112458273,4
1596,15.7662651259983,17.5841912934427,3
1597,10.2548712215563,30.6063690369685,2
1598,16.3711609004331,11.6955513661469,3
1600,19.6823967270828,18.8447934517774,3
1601,-31.9517289527899,29.3183316185705,1
1602,12.3481782612829,14.4468189082928,3
1603,12.3995998660892,24.4989631653694,3
1604,20.8097420968078,16.8730000808157,4
1605,11.4581420008802,37.8050815598398,2
1606,-1.87328617154287,13.3940486604477,1
1607,28.1013369332913,34.4158156281863,4
1609,1.46533889597884,17.8266104090935,1
1610,11.5120043443611,15.7469991008124,2
1611,-3.67338196091588,31.0669262874771,1
1612,17.4024320181614,16.058917644087,3
1613,-0.694394824847753,23.3632543874518,1
1614,14.0077065958786,46.9493231036614,3
1615,9.57497710985472,38.625911427801,2
1616,3.88235321622846,18.2913902031837,2
1617,14.4883273927706,11.0893042842456,3
1618,12.7482192674876,24.3775242987671,3
1619,2.25543519090681,18.5290031155607,2
1620,16.4296451383271,9.02381993165551,3
1621,19.4421331260017,15.2404417065092,3
1622,13.9421652820881,15.2181764928479,3
1623,24.662018595476,16.925803238908,4
1624,7.74936160386325,21.2861011522948,2
1625,10.1476224262211,11.10054620448,2
1626,0.65381288693508,8.250976937005,1
1627,25.2135322651937,8.65407924353889,4
1628,9.45837560990938,24.5106615186263,2
1629,16.2574091297869,27.7735622913373,3
1630,29.2784140301878,20.3376727896806,4
1631,28.001777592961,36.1841959554251,4
1632,1.89047113921122,13.2329050160634,2
1633,15.8382013156742,18.9096691474748,3
1634,15.4920466185115,14.8413631163031,3
1635,11.791536304275,13.0616271554695,2
1636,25.5934577772092,32.8474552287214,4
1637,-2.10006648837192,25.5122414088254,1
1638,17.7585927851946,27.6431399944279,3
1639,28.3037328946641,17.6418590743387,4
1640,8.17745874539825,19.9729540069,2
1641,23.8530069376278,6.05076393828871,4
1642,21.306443904261,14.6502881187426,4
1643,7.94379154813635,16.9257841707916,2
1644,12.8993269018593,23.2128748515778,3
1645,9.0167549274187,19.2592659508716,2
1646,17.9062945005521,27.0762033595132,3
1647,-36.469202157326,49.9568706010736,1
1648,18.8482515753825,39.8895690046437,3
1649,21.4926695894431,29.176630061396,4
1650,13.6747747108559,16.17390295927,3
1651,33.1579278951908,37.0585164038094,4
1652,6.25537627334851,15.3763652155553,2
1653,-10.2312282083618,20.3481675631729,1
1654,11.3066063347654,14.6747063372759,2
1655,26.3502573206062,10.0714198983336,4
1656,24.0423717814135,38.997852705601,4
1657,11.5857664410372,7.78733491892942,2
1658,4.68109739706064,14.4018172168831,2
1659,24.8186672840274,51.8195200264381,4
1660,-14.5599689834722,19.5191567125883,1
1661,-34.5835558726357,25.2076417294066,1
1662,5.97318459920275,17.2522628869062,2
1663,10.0758492563861,15.4810511294601,2
1664,-33.4140629256621,25.520692202591,1
1665,22.6865833271332,21.3811494497032,4
1666,-4.14756647214225,16.0126145613359,1
1667,-1.1102993172767,18.1849724428212,1
1668,25.7879936249909,26.7887068223308,4
1669,5.19579085811493,19.7489936587067,2
1670,34.1110310359852,29.1417812739788,4
1671,28.1638410409317,23.4189826608489,4
1672,3.33163664883004,22.3824273227415,2
1673,9.77994054792035,14.2771161607794,2
1674,9.24419931727033,16.7354030659829,2
1675,4.20295048718395,16.3695257785794,2
1677,-47.4729111521529,44.21976862251,1
1678,26.9967388865201,6.79038866032925,4
1679,20.960191157835,11.7272252825622,4
1680,-28.2852168870287,30.9663983907199,1
1681,-19.0248898215504,19.7791482291494,1
1682,-9.88470168682673,33.0203993629701,1
1683,18.0445834725609,8.17845546443197,3
1684,10.4965649252087,30.0482939862372,2
1685,-17.5865243953766,23.2946975393433,1
1686,3.66962077437448,11.2259469870319,2
1687,14.076207912867,15.7115035353294,3
1688,3.97368269118304,14.8501459024581,2
1689,13.9952397762629,10.3150315929612,3
1690,19.6814064167486,20.3082741002361,3
1691,13.7477407793729,8.82791420440233,3
1692,8.41068970252612,12.6235874863896,2
1693,-3.65832205910614,25.4208329794087,1
1694,2.82740311595613,14.3689928085764,2
1695,15.5267721732404,20.688514604024,3
1696,27.2620470384622,7.48793857845324,4
1697,23.2111643622632,29.6067060035013,4
1698,22.5530221058704,38.0696075636264,4
1699,-8.67655894469704,26.2509043617822,1
1700,21.841381476298,20.2546863041698,4
1701,30.8849563633844,11.2120797089671,4
1702,5.43033864820794,11.2294575527329,2
1704,4.06584911907399,16.1490076784995,2
1705,19.9070632653452,16.3919296651823,4
1706,24.0446386703016,19.2658642019761,4
1707,-36.0912245556417,26.5036948816936,1
1708,2.78492051610087,10.6988315819929,2
1709,23.1883638383562,22.8221979217495,4
1710,38.611949697117,30.4104710211282,4
1711,9.14738586798747,24.0730421773572,2
1712,16.7630170471935,14.6383337232476,3
1713,-38.1889903992394,42.6101303296548,1
1714,-0.249200379958814,15.7643208721893,1
1715,44.0911618293294,28.8681269391137,4
1716,-3.5704673353913,23.533742977088,1
1717,-14.8011496925679,22.3860455380408,1
1718,0.541679059522913,24.4424949947762,1
1719,16.9158893793546,21.1833813214486,3
1720,4.57781589785874,10.2169666753238,2
1721,15.6346251838785,22.8584948006044,3
1722,24.6392213442833,17.4068952507244,4
1723,24.4601907460426,24.2720066501794,4
1724,18.6092574625554,27.7632139639512,3
1725,16.8841894009316,19.377975586783,3
1726,3.94744439332823,15.6018257463261,2
1727,-0.325663295282268,9.9254007940414,1
1728,10.0673817786228,18.2260817846038,2
1729,27.1129047489554,25.1736392440295,4
1730,6.48055800854149,25.4108922424099,2
1731,-8.64398115492951,15.0667582482828,1
1732,-14.0417993351792,17.1916327115005,1
1733,-18.6121062398169,15.2243529810434,1
1734,22.7044436956786,15.1528560433051,4
1735,-47.0329018178066,37.1703274015821,1
1736,7.5861388850223,11.9674511664379,2
1737,1.37792543298767,11.3328894262832,1
1739,-60.2106847879679,36.8233822460112,1
1740,2.73453718468915,11.3459233740502,2
1741,27.3720369798828,20.4810364637343,4
1742,-1.59600743893975,8.31875276267855,1
1743,-16.9973636543353,16.3405042130603,1
1744,3.63431687959869,14.4744347911271,2
1745,11.6113869982969,21.5231124148493,2
1746,4.66719471189455,17.3083525055679,2
1747,27.0902965423311,13.566746668693,4
1748,11.2989911422791,10.6158181102536,2
1749,-20.5795932852352,15.7413115744553,1
1750,-71.2735893349127,42.3998086674827,1
1751,-13.568794955172,16.5199302709695,1
1752,-10.2799841476965,15.1623304830745,1
1754,10.228187839082,13.614445175726,2
1755,20.1905492709213,20.7540771261392,4
1756,14.8492753474857,24.1069060155036,3
1757,9.95936454491314,37.0144542076656,2
1758,20.522856669577,12.7022936924157,4
1759,19.0923798681455,13.2135128549403,3
1760,22.4009231069878,6.18416530449575,4
1761,16.1091149684733,42.4195363864376,3
1762,-22.0778037535633,18.2746381842626,1
1763,21.9978378454263,36.4025191592598,4
1765,-18.8323168793414,28.2230154492148,1
1766,10.7752230886717,14.7423649052687,2
1767,6.45928450253862,19.4564640703991,2
1768,3.47586522167473,30.0359859840968,2
1769,5.92539321823409,20.9672780518246,2
1770,-23.662413764944,39.5013219193286,1
1771,-25.7256231875975,33.1007656234924,1
1772,30.0606708517808,29.8682930484375,4
1773,-1.67802868627006,16.5722883379884,1
1774,-14.9827616722804,15.3058810766512,1
1775,-10.9366073187521,16.6071748875241,1
1776,14.4331434804363,16.6771901747215,3
1777,-10.202586067775,26.1176973727345,1
1778,18.2705888397469,12.8715808492868,3
1779,-22.7538662214225,14.6045006228512,1
1780,-48.0789164388938,39.6190474628611,1
1781,-11.5816386166843,12.9582088977027,1
1782,4.84935388025581,13.5406499208046,2
1783,26.5743937928266,23.5248541044141,4
1784,12.8307889844725,8.6722721698976,3
1786,22.6866846536402,14.9377593298738,4
1787,12.0734023987418,11.205920161582,2
1788,-47.3380834605169,41.0736573766628,1
1789,3.20521385128656,22.2220511608939,2
1790,15.7672892997522,11.0105099848175,3
1791,-27.4792326245763,38.0843920182039,1
1792,20.3298806145762,43.3408497022279,4
1793,-6.02007260492356,11.8372619308527,1
1794,-2.06589420269452,18.8735877797237,1
1795,12.3871336187598,21.2103529842799,3
1796,-32.8607540440561,32.8616871258884,1
1797,23.6702297028936,14.2406494711962,4
1798,2.56858951595987,18.816063302045,2
1799,12.7177356403296,9.61863700167803,3
1801,5.60306042209294,17.7521910554296,2
1802,7.66433873355434,15.5650648137577,2
1803,15.2019569680639,19.5278437358834,3
1804,8.09571234443804,19.7090337066369,2
1805,13.2808910024041,10.1998455175157,3
1806,-3.95960802607713,11.5578608022977,1
1807,-34.4039825460421,9.18428702389794,1
1808,4.47846735665694,12.6675985528567,2
1809,-18.6877140718819,19.2098144137292,1
1810,8.73826570444965,19.4139895655891,2
1811,17.3014970454019,27.6015655554465,3
1812,26.5456432810701,13.0713468056833,4
1813,14.6238396797061,14.1438392902643,3
1814,21.3508754284707,17.4828782574993,4
1815,7.35878532815057,16.8493416684392,2
1817,0.60288542568606,13.3371196651629,1
1818,27.0894351096458,28.2928477593408,4
1819,14.3758755716504,13.6107464446606,3
1820,19.1899758519608,16.8177956515751,3
1821,10.6401520242383,15.5100256699022,2
1822,23.3301875881935,15.2584266511788,4
1823,6.37986699978774,25.944020258064,2
1824,5.57691321351808,13.077571360559,2
1825,20.7919395233525,26.8867624601026,4
1826,6.33431282023721,20.8027650130933,2
1827,-1.88215648685519,25.1944572912279,1
1828,18.2092709752458,17.7189175589313,3
1829,6.78424003030785,39.6352486862781,2
1830,22.0962781699879,12.3722771645437,4
1831,12.0001013164924,8.46514888434925,2
1832,12.3938921805077,10.1973250578546,3
1833,-5.40842381902923,28.7762958182665,1
1834,19.0999851670391,14.9795597014731,3
1835,-4.38480678676709,20.3161124450965,1
1836,-32.4756083912586,27.3013631253931,1
1837,-57.7496483464064,29.1867693850516,1
1838,9.68458177258756,11.0124338139716,2
1839,21.9420030087356,10.1334278525871,4
1840,3.81339976809816,15.3626882424533,2
1841,14.485202364066,18.8922565503691,3
1842,-9.65098595087951,23.2723509817369,1
1843,0.744336367912898,10.4249548731528,1
1844,14.2770848632769,11.6597996011233,3
1845,-31.5892916502681,21.6678910870128,1
1846,13.9538218663171,18.5308173881479,3
1847,8.21450574390324,10.9520883040781,2
1848,22.53504425548,25.470730919201,4
1849,14.4581867571328,25.1914995246133,3
1850,24.8109996313495,19.8558895569683,4
1851,15.0481084205613,18.7395815243699,3
1852,13.268533653193,30.2593351302764,3
1853,25.3866665464457,19.8757288531586,4
1854,29.0879307996464,36.2026503414855,4
1855,1.20974711781619,16.1113752315783,1
1856,25.9058157955151,12.0070947410665,4
1857,-8.08434712468495,24.7533406093998,1
1858,24.7384187992907,10.9124096858606,4
1859,29.621489702105,27.1022281599717,4
1860,-0.815762759231717,21.2574684393044,1
1861,7.99601794211616,14.8705454962945,2
1862,-19.0169681523078,37.1464512676972,1
1863,27.2601709556881,9.3067271943348,4
1864,24.8550350226123,14.6616202101009,4
1865,8.75907955141089,24.2773775797905,2
1866,9.33222014013427,19.4315451793811,2
1867,-9.65487353650673,21.0430541894028,1
1868,9.2410324099567,50.2002475774622,2
1869,13.1246701062667,11.4907932138501,3
1871,11.9484121283182,9.03934488924848,2
1872,21.2737114629047,9.99420066544764,4
1873,-35.6056749802456,29.8799323199721,1
1874,17.6145951907947,7.98111957315393,3
1875,21.0343270612762,15.2782331714497,4
1876,19.0268146364268,36.2580167004428,3
1877,-10.6851368465685,18.5633335742952,1
1878,-6.0015351092784,22.598243161562,1
1879,28.3053025651226,25.5426497717381,4
1880,17.8966165944023,31.4445752890987,3
1881,20.3277669955615,25.5491037016202,4
1882,-27.3976240643094,30.9527424487177,1
1883,25.0775285713082,12.4418550288954,4
1884,3.47488061839726,18.9999533490652,2
1885,3.54904487584305,15.7989287125284,2
1886,0.361517040855337,17.4543307771387,1
1887,23.6961496814217,28.2269442906756,4
1888,19.9512375509889,22.4013592116287,4
1889,38.357743633383,49.4545718256468,4
1890,20.5461293962687,36.9338692664212,4
1891,-61.0049351743366,24.2565402902418,1
1892,14.4803876369548,17.5792577817349,3
1893,29.2072694065451,29.4153071380564,4
1894,29.2076589163999,21.418281182621,4
1895,17.0498626840971,8.96911462695864,3
1896,17.2973852344764,10.6644768683596,3
1898,23.1640497800341,28.83567284161,4
1899,15.6570404289856,26.2611578062624,3
1900,20.4216061647362,19.4504357884248,4
1901,20.1974704811214,18.7421120011662,4
1902,36.9721345307844,28.2923704999212,4
1903,5.04150459435204,20.6228509200119,2
1904,-7.37609206601428,12.785606492296,1
1905,34.4368953133549,26.3634054317732,4
1906,7.91295568446791,14.6647845336508,2
1907,10.62072825553,21.5813666442981,2
1908,24.600796380685,26.422764878212,4
1909,17.9410715642976,18.0020111603419,3
1910,15.3174982309857,8.39490421248229,3
1911,17.8141345422323,8.85134616784633,3
1912,4.72546243224545,15.5801316648537,2
1914,17.3522565893995,12.344386154858,3
1915,11.4795981436106,8.98516477139899,2
1916,21.4592344945914,13.5091345627674,4
1917,13.9484702761151,8.44379212108331,3
1918,18.6465849467235,11.9810243948274,3
1919,21.4962097169083,16.9353578455081,4
1920,28.6233480581999,22.2538343092528,4
1921,13.9892906961977,27.4021113620703,3
1922,14.6817775440285,16.3012686984718,3
1923,21.9281560942765,6.71505159973821,4
1924,20.0561097828361,9.9845093894515,4
1925,16.5652228811207,12.1230087948183,3
1926,15.3208686628029,14.1687608683534,3
1927,10.9648661756708,14.5623533298681,2
1928,18.1312662584062,20.7816234281154,3
1929,22.3238893827438,13.1794817518818,4
1930,17.7584082676448,10.060719462248,3
1931,17.0163476127745,16.8817213066391,3
1932,-33.1370646716229,28.5088293059195,1
1934,32.6515224337945,59.0880987916357,4
1935,16.5871562599961,27.5457933272992,3
1936,-7.94280764144086,23.2133688244106,1
1937,18.2865667901565,24.3899913146434,3
1938,15.2400734755418,11.7154714734423,3
1939,13.0110754948613,24.9886869417796,3
1940,21.7550483060418,8.06327840969055,4
1941,-49.9533426924439,44.0496663191574,1
1942,-8.35928185286105,21.1270629530827,1
1943,6.74938687464285,25.1307122707349,2
1944,-65.8197854399723,51.2618092733257,1
1945,-28.4166139424204,17.2470703318014,1
1946,5.35237261876335,10.0168660061676,2
1948,9.21790306900164,25.4677560635253,2
1949,19.2728611001255,16.1467422457515,3
1950,12.5359648801374,21.5906910548917,3
1951,-23.605029563153,39.1101099624984,1
1952,-10.4731837110357,23.4402865595154,1
1953,41.5124791298864,36.8024363060145,4
1954,24.5180904494202,54.2535260540847,4
1955,16.3720871724188,17.8318583113103,3
1956,30.3793690436108,48.2421920638509,4
1957,13.5404029868921,22.9711084591946,3
1958,11.2237476638533,11.5383725226709,2
1959,31.3606286787722,20.841978503242,4
1960,26.477761947874,39.9118771889322,4
1961,48.3838314162017,35.6439417603081,4
1962,31.5642131006219,38.6960320255693,4
1963,17.2414230650069,29.7778771653581,3
1964,-64.3183643798547,31.0188232930582,1
1965,-21.6739471985184,16.3555011573516,1
1966,27.4658299585986,54.6617499378166,4
1967,17.912314163931,14.3931460308436,3
1968,32.167872671554,66.5763402982652,4
1969,21.3565663356098,18.8849186779328,4
1970,34.4593015291034,52.7283240047598,4
1971,6.51920809263301,20.1188975264082,2
1972,28.3719218440168,27.1984691597707,4
1973,17.6591303620756,26.5708232221133,3
1974,13.5401080009393,35.7208934445661,3
1975,7.47357365876498,24.4023401769009,2
1976,8.05250909363428,17.3511462022022,2
1977,-12.736001583708,15.8322292340885,1
1978,16.3979850108076,19.656729412275,3
1979,24.7983496655193,26.2999244333001,4
1980,-19.4947235753296,27.6513627062758,1
1981,-37.4670638748285,48.4746345892853,1
1982,22.6746981458211,24.4024112546406,4
1983,16.9731953856192,20.9117260508499,3
1984,-0.778085648652019,11.9587150227157,1
1985,12.0049144168727,15.418093716993,2
1986,-19.6329130263037,18.3288295906135,1
1987,-12.932037212876,28.7353994502361,1
1988,-27.9577223937401,24.4958067454153,1
1989,-36.5785970915265,32.68101424595,1
1990,-4.47659863148483,21.5003077753267,1
1991,-10.2256436464172,20.8625426780255,1
1992,9.3604334380784,22.8023216372579,2
1993,-35.1338552309587,44.5032267755841,1
1994,13.1502037890354,10.2792799750935,3
1995,-15.6043496293156,34.2905389329944,1
1996,1.87994867195389,26.1096902303692,2
1997,13.3394694222651,33.2120545442172,3
1998,10.6644059064636,28.5781883520242,2
1999,39.2154234806679,53.7539455650077,4
2000,-18.4265905499428,25.6190587485951,1
2001,30.6850360816235,22.6404042371291,4
2002,12.3072818758608,16.7136624207565,2
2003,10.0248783951948,14.0134808842676,2
2004,-57.2607700796301,45.1438739754321,1
2005,-17.8910679253477,39.4165392408909,1
2006,-57.8825691750743,43.5702068291105,1
2007,8.33563683878681,19.6781218616906,2
2008,1.48330908940619,16.5130919223353,1
2009,18.4097534808745,19.6593019148685,3
2011,-10.451230572978,12.0676537605443,1
2012,-47.3401991601371,35.550337498635,1
2013,31.703586681519,18.3865748731866,4
2014,4.56652462517116,18.9779413018006,2
2015,22.1993395177882,11.4912172951612,4
2016,29.9805202143472,59.6435878165529,4
2017,46.2729601197699,53.7225147820984,4
2018,28.8246903014015,22.0067446252589,4
2019,46.1577809081164,53.5072621692742,4
2020,37.8024691656127,56.1074124763921,4
2021,1.93935144490216,14.1677309208228,2
2022,25.3710014819586,55.9146252659851,4
2023,-25.3790364728766,31.8049637348385,1
2024,-0.761889926841872,10.5363575630088,1
2025,22.3191378437227,14.9717233484491,4
2026,22.5960335938715,20.8142677706883,4
2027,4.79432266469334,32.5359524415135,2
2028,-26.2810501589517,19.3784704855569,1
2029,3.94682621808653,20.9523729611135,2
2030,7.7549180339531,7.55883115094426,2
2031,3.91585483374875,12.4887411453791,2
2032,20.0534397843423,16.4678288908165,4
2033,-38.3726899566023,24.6342394792037,1
2034,14.961645548482,12.4992625883397,3
2035,20.2043581206644,13.5985178370111,4
2036,25.4948868110807,14.1976887576488,4
2037,21.1479973673466,23.8054495235544,4
2038,-63.8212512969316,29.1714725744344,1
2039,-9.24352156064676,26.2597638309747,1
2040,-21.8192474617102,18.4155589332004,1
2041,22.5558609893028,11.8827716177405,4
2042,-3.16935440409307,17.7781199325077,1
2043,-2.12432451594496,22.1137040659929,1
2044,22.8723790909426,12.8276902214377,4
2045,-0.482579289380122,13.8614538024282,1
2046,29.7139000859515,47.3759119447311,4
2047,35.8861673200965,34.3198055552484,4
2048,2.38197938532311,15.6597316313002,2
2049,-17.258380433287,32.418322168409,1
2050,1.77219261834755,23.6648515116391,2
2051,15.2217555861838,29.1109176460076,3
2052,-57.8043503899132,47.6742542180265,1
2053,0.550964213776608,22.4252745071156,1
2054,17.6469622568262,18.0877907339449,3
2055,31.9492221519937,26.9570259339628,4
2056,-19.6978819283328,13.2033293966799,1
2057,-5.47386071999728,15.3091129134828,1
2058,20.1352120009906,11.489879197467,4
2059,49.6402664422776,53.2052220654339,4
2060,25.9972259413149,48.2311980869325,4
2061,33.2152178060685,10.6707450680517,4
2062,-17.0374495704009,17.9792220973253,1
2063,46.4328494289196,59.2748540469349,4
2064,48.5518818689975,57.6397951817493,4
2065,28.816977221243,15.2940451731886,4
2066,-22.1979918757577,41.1040941297834,1
2067,-53.3073664948964,41.4811517350488,1
2068,-18.8817315883439,35.4130250522227,1
2069,11.0655788906992,19.3476778037824,2
2070,39.2961321877799,56.1424240815908,4
2071,17.1687855088393,14.4404583921624,3
2072,-32.8997892462468,40.9651443218964,1
2073,11.3986100802997,33.5535135997472,2
2074,-29.9765142747681,28.9535468929831,1
2075,18.7674593905253,16.5248489559689,3
2076,5.10445206701662,22.9718583858465,2
2077,20.8734705962351,21.8263358710262,4
2078,-20.7799547329674,35.9172328026319,1
2079,0.616574721981793,16.1041590012226,1
2080,-40.4667399391773,48.6952716041078,1
2081,37.4811083288126,36.0027270835713,4
2082,-29.1619852780304,42.6237905177896,1
2083,2.79018650635097,15.2287686837883,2
2084,30.151493738205,31.1071430733829,4
2085,-12.2055326267219,23.3981183750812,1
2086,26.9953199145664,46.0545375529965,4
2087,17.0191944193091,9.57841515111163,3
2088,37.8835432077525,54.3425357890046,4
2089,23.0942386401565,51.240330702307,4
2090,30.6118081679618,25.4449574743198,4
2091,13.6240965191477,28.2903316736873,3
2092,23.1921509624697,49.5661445396677,4
2093,6.64522060025331,13.0605275778164,2
2094,13.1859800393599,25.1826777230088,3
2095,20.2633694451884,11.6458899413692,4
2096,2.58564547252292,13.7215801295873,2
2097,-36.4951144230788,41.1606102061704,1
2098,21.3614326985406,8.59894708289541,4
2099,22.9539693748412,10.1945042554587,4
2100,22.598061360064,12.2751685707672,4
2101,23.705130821447,31.3253033905069,4
2102,28.130024509255,15.7459975936496,4
2103,37.9055860347319,59.7642243359854,4
2104,22.2211874618184,24.9030569037996,4
2105,22.7164052055088,21.3305872787673,4
2106,25.5656020399105,45.278655640587,4
2107,-35.150323922141,38.4388333695194,1
2108,47.9077007111197,52.8096651644306,4
2109,-31.5378826423755,20.0586774197139,1
2110,-1.64779743547812,32.9540483754308,1
2111,15.9865215202577,9.11496340877387,3
2112,11.6154433085775,26.2985014792395,2
2113,7.46389661234252,8.8242952088363,2
2114,26.375254154306,8.10229065651367,4
2115,-28.3282375038973,35.4497120254015,1
2116,-1.21731262951733,33.8792458506045,1
2117,25.4431484568996,11.8893075337264,4
2118,14.3113911271457,24.0252675730146,3
2119,-64.9369986272849,44.0933979501676,1
2120,3.59067525351762,22.3342209662704,2
2121,10.3069900587804,16.7581712423009,2
2122,28.12785716707,21.8355357990935,4
2123,10.1078761385269,18.2822952715918,2
2124,17.4919684095887,17.741377645526,3
2125,23.4858195019511,16.6878522300529,4
2126,6.34882226840053,13.2849539789605,2
2127,24.3885470439374,19.8279930035647,4
2128,22.0635484663931,19.8133808104896,4
2129,12.4722756719467,18.1192193176331,3
2130,10.249564183775,13.2714243056984,2
2131,9.67441291916612,8.56032391864828,2
2132,22.3756107243952,31.8339083255233,4
2133,-3.9831191174488,23.0014632904855,1
2134,-21.2146891897,29.4669641737012,1
2135,-17.7759906378147,22.4348235322163,1
2136,-16.6274428735371,19.079999714791,1
2137,22.6542929582205,14.188221429147,4
2138,-49.0723533205882,42.1331630948492,1
2139,16.4429760797834,22.6627559076745,3
2140,-67.3697964251465,35.1737581981495,1
2141,22.4085365489744,13.3019822040765,4
2142,-6.85622810735207,18.3886557479297,1
2143,5.85138061028381,9.56007591329255,2
2144,1.59388524503253,11.3253254131014,1
2145,-9.59370920693641,16.0052300341549,1
2146,14.3243534534238,21.904231889742,3
2147,23.4240518550311,22.7689755551232,4
2148,8.92855188644949,15.8359680500448,2
2149,4.56378562060379,15.7374398142981,2
2150,15.3442966881854,20.3429133965258,3
2151,14.9931120790693,9.89683537289288,3
2152,15.1728321650732,23.895202250817,3
2153,27.5892260214619,50.4021372410712,4
2154,-8.19860186008443,22.5006180929228,1
2155,10.8381815483924,29.6528158791495,2
2156,-11.0705522670961,16.8561875529147,1
2157,-31.6851061562936,37.0466107769806,1
2158,-8.02467163164556,43.6585365966956,1
2159,4.32836125703599,21.3574568527437,2
2160,15.4817012957232,11.4494191378752,3
2161,10.8876772794792,11.7794806687138,2
2162,-46.8343814920533,41.91247098802,1
2163,38.7220465066561,36.2899783338743,4
2164,-3.12790662471206,7.3461585627388,1
2165,-21.2188668564276,35.1261626724049,1
2166,-27.3531742209387,38.322632512446,1
2167,-22.2629250829054,37.7401387291449,1
2168,23.1224433435758,16.5051337445446,4
2169,27.8927682251162,15.99214185356,4
2170,11.7184355549207,24.2905336419747,2
2171,10.9187082435503,12.1038090510814,2
2172,18.5745145189766,15.7510110159907,3
2173,17.7873910583586,13.7518930664442,3
2174,21.4872456680174,9.90555588243627,4
2175,18.9185094210696,18.3694844639872,3
2176,23.3844281639584,12.8329471616812,4
2177,-2.8646875849385,14.0043042964451,1
2178,10.9193330239929,13.1638380482223,2
2179,21.5049743685273,19.136607585285,4
2180,29.0792009907808,50.38857335709,4
2181,5.84056740593621,22.262071622341,2
2182,-14.9153222353071,27.6641663260247,1
2183,21.684747807488,15.5051192212792,4
2184,7.43235197547819,13.2803792551582,2
2185,22.7522794407858,16.0792968330321,4
2186,21.7946208734884,21.0822374354622,4
2187,20.3439841736576,18.0914369631483,4
2188,-0.730072624345544,16.116604832276,1
2189,14.9952180934078,24.973711994654,3
2190,-1.9575343565573,9.92021753488013,1
2191,5.44791725002699,13.2613972924994,2
2192,9.80370651323681,18.2139980258309,2
2193,13.6972656088731,20.8216017405762,3
2194,15.5204762581765,13.9928876638246,3
2195,16.2100772382475,19.300518246491,3
2196,10.3573887216212,42.0775615666522,2
2197,23.5041181380352,14.8654642735668,4
2198,-50.1153691031346,25.365252342068,1
2199,-19.0470753182379,18.8816228716371,1
2200,25.0156182683581,9.16042090827006,4
2201,13.1773000090926,15.0919426133416,3
2202,22.9182671994211,19.59090643786,4
2203,-11.552940356514,16.8078371773222,1
2204,-53.7900485397227,28.3465811695271,1
2205,-7.37865126326042,24.5983734958519,1
2206,21.6431807955582,29.6694161025733,4
2207,9.15966539375294,18.2648138971691,2
2208,24.6536836296811,26.9242841317822,4
2209,2.85758100667775,13.4607801094839,2
2210,20.8426836705376,15.4635145138769,4
2211,3.17328895722504,32.5335765247914,2
2212,22.3521897165985,38.0608460684695,4
2213,16.305937064614,19.5783043261641,3
2214,16.8962067890824,14.0472582937442,3
2215,8.7149579540301,12.1107652189448,2
2216,0.388118932801556,22.0812669674654,1
2217,22.7691471728632,27.2716439100032,4
2218,14.2514816628882,25.3782612936204,3
2219,12.8214916870945,10.6359050225628,3
2220,20.7878413890197,15.7291594043733,4
2221,17.8361943346889,9.40488145760352,3
2222,15.7056711463915,11.9137017159144,3
2223,12.5484999713093,24.2880624475662,3
2224,23.77414214603,15.0254057926668,4
2225,9.95057248852543,19.8122260135218,2
2226,10.9169071367334,18.2868783091259,2
2227,14.4575040241507,23.6161455028816,3
2228,9.83803203253003,18.4821946597205,2
2229,15.1246466494989,21.7423731953407,3
2230,-23.5980702300934,27.3517292879422,1
2231,16.900448744387,13.2278244882104,3
2232,-50.8100038250363,28.6403391880726,1
2234,-9.36351288175229,20.2174571584629,1
2235,16.7114285365194,30.8368182798852,3
2236,29.6569960527718,16.1814405698048,4
2237,-2.22251505540037,27.1580732932402,1
2238,20.1426150476841,18.672610220727,4
2240,21.0982003411396,28.7482947619788,4
2241,9.0837407039972,17.1086233805873,2
2242,-58.2944018387545,28.3640535965373,1
2243,-39.2208861415814,46.0651234837467,1
2244,14.9804491963641,13.6394840066453,3
2245,-4.76652035069026,19.7216996115977,1
2246,-59.8335055715092,37.6771122060045,1
2247,26.9410149150154,13.8900897112739,4
2248,22.8779276219146,27.433923989913,4
2249,-33.6876982524514,33.1047502271328,1
2250,8.0715769283825,14.2080143953043,2
2251,-26.881231914457,48.2583736965974,1
2253,-44.5725107507539,27.9957167090759,1
2254,27.2977322753146,25.795430971243,4
2255,16.1631926931182,31.6866286397903,3
2256,20.0386950721796,9.75421946813398,4
2257,5.63953391886077,20.7580910510365,2
2258,10.0583700279161,10.6039674889354,2
2259,-2.12073155992986,14.4719932936043,1
2260,-39.4549223610837,37.3903830132681,1
2261,-6.37198195164188,12.3350345176813,1
2262,35.7091035169814,66.4221767307022,4
2263,26.6286547509132,29.7667220560557,4
2264,4.56309538314852,18.6229702019965,2
2265,20.5000935776783,29.7515997343013,4
2266,27.2206614968836,15.4946160706873,4
2267,-2.07362552980682,11.3737978804697,1
2268,14.3672566413646,13.1105089497896,3
2269,-29.459761421732,26.6493442614032,1
2270,24.2376243139687,20.7016903564339,4
2272,34.3877100769129,50.3641755803945,4
2274,30.5365898273134,36.3989500209228,4
2275,0.146184438246207,26.9451066323829,1
2276,-63.846948332768,35.7390347433762,1
2277,10.6261579296752,12.7505730672917,2
2278,26.3111624592686,22.6174523812781,4
2279,6.88199106629238,13.2921156313599,2
2280,16.7192317951997,30.0362177338298,3
2281,14.8789076387003,24.5057452387529,3
2282,7.79436114614286,14.4301713690915,2
2283,12.3172502152256,10.3957260461128,3
2284,24.5220153644726,19.8533144449823,4
2285,26.133742560611,10.9082605704764,4
2286,17.087945899288,9.27250543111552,3
2287,18.4165607435293,23.5948980797371,3
2288,34.1605771162721,37.296480153885,4
2289,0.676515222565064,19.4609851834901,1
2290,-8.33877277982615,26.035968090631,1
2291,-20.8796642912052,14.778379572968,1
2292,4.22785640731413,27.1046698179764,2
2293,28.4695204067753,26.9071926710462,4
2294,-12.4188537988783,14.4723955838593,1
2295,-5.86326555472329,23.8333533993555,1
2296,19.7044476442835,21.2078433431243,3
2297,-0.961475014865346,18.5139639068259,1
2298,24.5276353246007,37.6505381512691,4
2299,32.7932317026499,17.1504283084912,4
2300,-6.31224904994431,21.4971041713236,1
2301,11.001687644843,17.7872049877113,2
2302,11.4408709943,8.92265314250024,2
2303,2.50319901339853,15.0061679906225,2
2304,15.4997459082742,17.4889426719066,3
2305,21.8599703610487,15.1207550975742,4
2306,-63.540295992044,38.5394250461611,1
2307,14.6694976927603,26.6193838700794,3
2308,14.203824901486,18.5649580758526,3
2309,23.0912987462058,26.1714379524717,4
2310,19.7368259323712,45.9137794693483,4
2311,-20.6312657278584,15.9512367896896,1
2312,-20.2155168270074,12.6248644445636,1
2313,-0.274581460768789,14.6301105635942,1
2314,35.2833368705752,22.1336714378595,4
2315,13.4843248197764,33.4321289162168,3
2317,19.3306044117069,16.9602940449668,3
2318,15.5682156631198,26.3055336164471,3
2319,-14.1903218467012,13.1799627334528,1
2320,2.25718347297211,10.6117942030966,2
2321,12.1043488395889,23.5373301326415,2
2322,7.59359758638983,14.0969453069123,2
2323,21.6840482330179,26.7136671020042,4
2324,17.8109981546151,18.624042342421,3
2325,-40.1974712059268,37.6551461741977,1
2326,11.0672064898144,13.6706395574926,2
2327,-24.0639211953633,26.4988521948666,1
2328,7.82398805469945,24.4926208666664,2
2329,4.93690680458931,9.76617247192251,2
2330,22.9191148118051,20.8775815251687,4
2331,3.92413896861326,8.86345808439698,2
2332,-1.45716029678602,10.1256162139831,1
2333,12.8498200025122,18.9668310489346,3
2335,1.61269410636412,8.44527004902921,1
2336,17.4144988739237,19.0785406400857,3
2337,3.28040210261926,34.4766542820743,2
2338,23.8257735986887,28.3959134945045,4
2339,31.623980995126,29.0414700496098,4
2340,12.3724577429603,22.0914744741382,3
2341,6.64097749427539,23.3642889219239,2
2342,22.5063351160285,24.8234004733145,4
2343,17.7522544175274,29.0521033662831,3
2344,8.81465235503906,16.377957492909,2
2345,13.5503718768724,9.79704298970294,3
2346,15.15999815308,43.9654579746328,3
2347,22.3818849267831,8.28584142712655,4
2348,17.4294886189241,23.5189488069481,3
2349,32.973284254856,41.7355831618595,4
2350,21.5434040144743,13.9669119470276,4
2351,34.4243846443063,17.2894119373388,4
2352,18.8950297488981,9.12304867595501,3
2353,18.1240525440725,25.2232956003534,3
2354,13.9405538418267,18.8826776101478,3
2355,23.9684973877243,14.5754860595472,4
2356,13.9136351906834,34.3389299432,3
2358,23.3063805285297,30.9790052823911,4
2359,-42.6108941535132,38.5118357890434,1
2360,5.98283744205275,20.7500740431299,2
2362,23.7002538170226,16.1707915287006,4
2363,13.1797964402735,21.3011964639977,3
2364,-12.1565415911689,19.2768905277999,1
2365,1.64477369015472,19.1784335114938,2
2366,5.84310411198937,25.3993303240828,2
2367,19.800562892153,14.9621017329316,4
2368,20.4910231493916,25.5548166909051,4
2369,27.9497755120263,14.0936302867979,4
2370,26.4931086218547,13.56376381965,4
2371,21.2436292936964,11.1555815077503,4
2372,8.57409674472985,9.44003234397478,2
2373,7.81086937373697,25.3516648117532,2
2374,-66.5870106410929,32.0307684717548,1
2375,16.9337122402556,42.5867722036346,3
2376,29.6093784634603,17.3373996654246,4
2377,27.8093311830774,24.2193865788085,4
2378,29.9379002133748,15.0477067524308,4
2379,5.89233134413235,14.6656125530934,2
2380,-27.1951106329979,19.5992052141336,1
2382,-1.89065280549789,15.7776127053351,1
2383,-3.37629531240854,18.8415595155949,1
2384,-11.9973592647341,28.7482610212418,1
2385,28.3987089285046,23.1751298535693,4
2386,25.9077225891401,8.41079250090108,4
2387,-50.2903002777746,29.9790768135953,1
2388,-24.3227005519963,19.6993045741562,1
2389,16.4928482411043,26.6221211387237,3
2390,-22.1292932087168,27.5016197795681,1
2391,4.07550221655166,10.3816823585622,2
2392,9.50669549858456,13.0855377498333,2
2393,21.7049928247975,19.5629477130154,4
2394,13.0193474732647,15.2523659176525,3
2395,22.8189177842068,21.8523556089176,4
2396,13.375025762008,11.9623179902096,3
2397,-2.69623207335836,24.0785980045596,1
2398,40.5271523496765,23.7613596216757,4
2400,13.6502173509097,15.7002782357391,3
2401,9.04233651877665,10.9334143723482,2
2402,18.9594486817095,11.3842194277606,3
2403,-19.0348234536764,19.288687699219,1
2404,14.7485085466571,15.5405200722451,3
2405,-2.35120263190219,13.6206928098588,1
2406,-1.64428919227129,13.1309831998777,1
2407,-3.81756710414065,15.4688583626517,1
2408,36.910556645928,51.3446382291619,4
2409,-39.7130009190934,18.2275323496447,1
2410,9.06274035025232,24.3442339856692,2
2411,5.22172103949119,16.9255028108767,2
2412,8.11902049106887,17.4980214615102,2
2413,15.3477053309205,24.3442783652491,3
2414,2.48847401911003,21.4810610686523,2
2415,-13.4441949838614,36.8787717942801,1
2417,18.5947416316831,21.423108214685,3
2418,9.73200496626051,13.3832811960915,2
2419,1.42742801623494,11.0633355357715,1
2420,6.64934266876235,14.595548225194,2
2421,10.3511196197696,16.555527414729,2
2422,14.4658999727227,26.1671839854418,3
2424,12.934739547945,13.5440207446814,3
2425,9.44789960477396,13.2742251855358,2
2426,34.1549426290443,38.6904130093255,4
2427,21.0784112909929,22.1860328999526,4
2428,9.52738409303477,15.2065700212438,2
2429,3.97878657189694,15.0781030662994,2
2430,-66.1162474620341,32.7527365085806,1
2431,-2.50208097548154,24.1325923266262,1
2432,-5.93021592126113,16.2458590524357,1
2433,15.5158754697488,15.3241351840679,3
2434,-34.5330828476815,17.8992736997301,1
2435,10.0354038529229,26.1529245347822,2
2436,14.6543566681771,28.4519571576958,3
2437,14.750969663387,28.5461103791127,3
2438,13.1677217199747,30.6719643921903,3
2439,0.75834997537242,13.6545770219539,1
2440,37.0843110298172,35.7763452792113,4
2441,-1.27168471699148,17.7396408203354,1
2442,6.3412258859704,11.2331858057788,2
2443,7.13678491046357,15.0948782359531,2
2444,-16.8255906495328,14.950191506683,1
2445,12.2636489085022,20.0932416333639,2
2446,17.1763557204004,11.5078217437094,3
2447,19.128494113215,9.20357587542659,3
2448,25.5892470713226,29.9405084447698,4
2449,20.2350163086285,27.6893276260241,4
2450,19.3481366397506,19.7723353297611,3
2451,8.63506283704523,28.2784985132651,2
2452,-7.36677838717306,19.885524169311,1
2453,32.2792183003597,36.1621059591737,4
2455,21.931765554796,38.1257155133205,4
2456,4.644684471309,22.7801699553513,2
2457,-51.6615638322929,32.395952317462,1
2458,24.3602755807579,22.1215416340623,4
2459,-46.3299661790904,27.2131170627629,1
2460,5.18756506412867,32.729639135069,2
2461,16.3236210518484,11.8777469755791,3
2462,13.0626793057414,26.3824890726509,3
2463,19.0896282087683,9.2208402614773,3
2464,-27.0062996815885,25.6670739384459,1
2466,0.477764762318662,24.299771451073,1
2468,-5.18447071974049,21.0642755459883,1
2469,8.40422227105994,17.0932612718111,2
2470,-28.9386060226191,25.4355059586987,1
2471,-44.6414433509316,43.1268678057433,1
2472,8.91556830085245,14.2246241073414,2
2473,13.5680354292213,21.838433730044,3
2474,29.8615345569543,32.299276763353,4
2475,18.2792213490525,19.3009870122504,3
2476,-14.5444724519876,28.9629452469602,1
2477,17.3899761196213,29.3514108408623,3
2478,4.05895289860356,16.3870510518285,2
2479,14.1713609151397,19.3825958680037,3
2480,22.0058924929828,24.9525640108854,4
2481,10.3872780093511,29.9772855115183,2
2482,21.723118050365,27.9361705905201,4
2483,25.2032998784786,15.1328707323903,4
2484,-7.51227481300911,23.3801398240246,1
2485,27.865608385263,38.1165877599147,4
2486,6.60400701908254,8.25747386964125,2
2487,18.72412122983,10.6487545520895,3
2488,7.60153762970663,20.8372632711802,2
2489,15.3911732771005,40.7303196223049,3
2490,4.17030332311216,22.4366574711684,2
2491,-44.3743747178318,25.5164802699678,1
2492,21.473959597834,18.0900145418842,4
2493,24.0137417584059,13.0754164605471,4
2494,12.2978466300342,13.3147431735171,2
2495,-2.07070554455882,27.9592262839358,1
2496,-4.98295003180512,25.1742682344633,1
2497,-51.3614798643024,30.5985307612948,1
2498,19.1500250141417,12.8776541401954,3
2499,19.0371107216328,18.5984613042932,3
2500,-9.68530754254359,20.5284542800776,1
2501,25.285598005961,20.1573457887142,4
2502,18.711882021243,13.8691105275942,3
2503,10.6287079215711,20.1217606859952,2
2504,8.32288117788006,14.6175592569849,2
2505,14.1180468154888,14.2267529577956,3
2506,8.58913234007826,17.7362513888619,2
2507,-23.9382985442571,36.6149986475161,1
2508,11.4952327228294,10.2929293442425,2
2509,-4.41696014262718,13.8461343265044,1
2510,16.0582397364837,10.7880180841293,3
2512,3.82245162245749,23.9858406216542,2
2513,6.44301740062084,12.8430108974593,2
2514,36.0517516879103,42.956258495276,4
2515,15.5634687200648,9.53443839545871,3
2516,12.9846507499806,33.4362907923009,3
2517,1.82485830325596,11.7084141218624,2
2518,22.4603731437012,33.1519814096036,4
2519,15.0121199249074,18.8742917683385,3
2520,-9.84552561606416,13.3875912392317,1
2521,19.7080963305441,16.4427287235584,3
2522,14.5768453283164,25.4791649275454,3
2523,26.6053450505313,22.6411615543979,4
2524,9.4864646933433,12.8165866918591,2
2525,16.1466530794852,15.0296767271191,3
2526,28.3411734501183,48.7801739317485,4
2527,3.72005917101231,24.6707894487836,2
2528,-14.2966353409924,26.2120934808041,1
2529,12.0037041041201,8.35939305115445,2
2530,2.22300295996799,32.9938512095524,2
2531,12.531423379596,24.7242528295228,3
2532,-19.0115544715489,40.4899162340116,1
2533,18.4759087024027,8.65943999067065,3
2534,7.30248093935962,20.0408373119287,2
2535,13.8187264849276,31.8799506888103,3
2536,13.7862559767754,33.4302997789064,3
2537,19.8469612002754,17.5107327077793,4
2538,0.125855661320358,9.58145098415987,1
2539,5.17275325619917,14.6183064498384,2
2540,9.66852981396166,31.7688098860836,2
2541,28.7840239985322,19.9974005071171,4
2542,-16.5331067727639,30.9414839579597,1
2543,-8.26016915443773,13.1127495029322,1
2544,17.8966239200253,12.9010029520469,3
2545,5.50641025163613,15.2609380451763,2
2546,-4.68703087415586,20.0021907608098,1
2547,15.2959747853965,36.599301003913,3
2548,21.013472707459,18.7579065562041,4
2549,16.6925976283808,8.52231957685343,3
2550,8.05388077729316,13.7441315461637,2
2551,6.14673250199674,20.6818424283314,2
2552,14.6295203171037,19.2788462853603,3
2553,2.52986206837552,15.9539582684091,2
2554,21.7421980547764,13.4829899324881,4
2555,10.7613467279206,11.9482754199075,2
2556,21.7997726128728,16.3241763683745,4
2557,21.5861226549926,25.8485817221681,4
2558,16.5459291258359,11.8160864432641,3
2559,28.2497474743214,28.8620175193871,4
2560,-14.286299467288,23.7815185601228,1
2561,8.14895691764241,12.8237390825887,2
2562,22.5130014419243,34.2503010650916,4
2563,15.8977698826203,29.220666288894,3
2564,4.66158531719437,14.0474739063677,2
2565,-0.227871198223775,10.5414571729537,1
2566,-21.0761644814896,12.8965005783415,1
2567,5.51763512763465,16.2460724824112,2
2568,27.8243890637695,14.4156046602749,4
2569,17.3926075640635,16.3947580127855,3
2570,25.034285305161,18.3504907105811,4
2571,22.0386361968554,13.9822581335729,4
2572,9.20518397970591,7.77488616533996,2
2573,22.2496037590112,14.401886302468,4
2574,23.3280100749732,26.2010570035357,4
2575,19.347544500631,19.2782125994035,3
2576,-0.296399558532547,10.8183234841032,1
2577,15.7031286003635,26.2797007488748,3
2578,10.2702109289795,14.3061952048147,2
2579,15.0768648258298,14.7118235223686,3
2580,18.6307402008333,23.9242089828496,3
2581,11.4592903759769,8.32304602068148,2
2582,-52.9338932975384,42.6142823383635,1
2583,11.4457337131277,26.170411565835,2
2584,16.6407678617582,20.3756683811771,3
2585,9.18578260965037,13.5994351920856,2
2586,14.9089218437616,28.4458489459491,3
2587,12.4368199780784,25.3182860612191,3
2588,25.5940187822809,22.8482016798905,4
2589,33.7568772321095,26.2807872631068,4
2590,12.9208889694372,23.8461866617728,3
2591,24.8702157435055,17.393670523595,4
2592,28.9483300477851,21.634125715275,4
2593,12.5952815763382,19.7417431739131,3
2594,3.80209364556608,20.4351921319239,2
2595,12.9456495694634,15.7416379595717,3
2596,22.8154757274343,27.0262682458195,4
2597,25.7339728980658,15.7972620297598,4
2598,16.3006601788037,20.9726349520251,3
2599,-2.45248822438585,24.3556773870103,1
2600,23.5320870240939,9.07897930490515,4
2601,17.5862073576925,32.092945405448,3
2602,17.6858014511514,14.9734583642719,3
2603,23.9361719474573,15.2130575235011,4
2604,-14.2720404892384,25.5557546096788,1
2605,15.5752225555874,10.6306453686448,3
2606,7.77114623376071,7.93788442331375,2
2607,12.5456832940529,10.6019691742021,3
2608,16.8459398190551,6.97894707410827,3
2609,18.033187540954,19.430018629747,3
2610,16.2351841488406,22.4974771339824,3
2611,6.31143451052981,21.430994956168,2
2612,22.2508909080517,9.31810598097537,4
2613,-2.22635817904962,20.5954234141325,1
2614,-14.8383521792684,19.0431856890204,1
2615,25.4307615727661,19.1913022189487,4
2616,16.8723322386862,33.9941747228474,3
2617,15.4601473370985,30.8348826494607,3
2618,12.2515629357197,9.11784493467998,2
2619,19.7136144512261,14.6014036001188,3
2620,-24.5151758107895,32.037590308141,1
2621,13.7370970264581,14.4034809716144,3
2622,22.416989814438,16.7270016624178,4
2624,5.26322485999484,15.1127256089089,2
2625,6.41985641296252,14.2286061152168,2
2626,32.9650667091599,25.8643381608954,4
2627,8.42715457352507,12.0833936123886,2
2628,1.33700546495543,20.5365715102605,1
2629,7.76632409092402,17.2812793724086,2
2630,18.4734204594369,21.9638753609839,3
2631,19.1966531326081,22.2182250116982,3
2632,17.7632011318005,9.46408833294036,3
2633,7.90655469646123,24.4269649968597,2
2635,36.0047124625627,23.9689026830576,4
2636,19.0072675240884,26.9292412538172,3
2637,26.5964263909835,24.0817616493284,4
2638,8.36222707928134,11.0362207503201,2
2639,28.9673538420313,32.0101830710536,4
2640,-5.47029462016914,20.7784402432052,1
2641,10.9390683256478,8.3567156962137,2
2642,16.8442442836276,14.7148093646387,3
