"row_id","estimated_effect","SE_effect","quart"
1,14.2756718881381,12.3886605141726,4
2,9.07017674257526,7.81414738717183,3
3,1.7884508470309,6.01699943895876,1
4,9.72684071225176,9.04957186159317,3
5,2.0668541268122,8.23841989854989,1
6,2.91383542144648,5.90263503988405,1
7,8.15153228601033,4.4509208561315,3
8,3.15908347978715,4.62274041317755,1
9,63.0531008465512,15.7894635542579,4
10,19.8510384951153,18.4076425302559,4
11,9.43473788018484,6.78190700629717,3
12,5.45705829574286,7.59583929047235,2
13,6.98559473723446,5.4682846827094,2
14,8.9761020103233,4.12311276033449,3
15,4.72562758137573,8.46879048687082,1
16,1.70931017896783,7.82703155601104,1
17,83.5350024663234,31.3538296729248,4
18,7.64021499479245,4.12449874690065,2
19,5.51279197369543,2.80344691552785,2
20,20.1453538083556,11.8848110056042,4
21,5.74467141994461,7.5050948675159,2
22,8.13296782080742,14.0998393929714,3
23,4.09731844902634,3.31480679206771,1
24,1.2341261183426,6.87755686363018,1
25,8.23330942979316,4.23574915268629,3
26,7.12911476558287,4.07441307983926,2
27,4.94962954676204,5.37377618032454,1
28,16.4393706207339,7.88402949801012,4
29,7.48022870407765,5.99422801556789,2
30,4.93978865270568,6.86146555900704,1
31,4.64750606894449,2.96055797909786,1
32,19.02516781912,22.4568902460124,4
33,4.88458441420052,11.0069128172196,1
35,5.82796637258432,8.85804567272439,2
36,0.743500434415289,6.95987641865623,1
38,4.79867796738338,4.42104490594591,1
39,8.74114210916598,3.41358463462242,3
40,-1.56080843165072,8.44021300098588,1
41,13.8405952438677,9.47707930179545,4
42,8.67278873861547,4.33699560246504,3
43,9.86315431671496,15.8610979593762,3
44,7.25992692987384,5.85603786166082,2
45,7.19712636441031,7.22642570088106,2
46,11.6957417296104,3.83032213995352,3
47,7.65957460586062,5.37922873200771,3
48,6.79236520601927,7.23528704778729,2
49,80.7822730534107,30.3883115794908,4
50,15.4024140291602,6.32535188285604,4
51,8.6888455272514,3.54449684785517,3
52,13.0949902518764,10.2335253128635,4
53,7.0677459187045,6.62397589961621,2
54,66.0155691970496,25.965170423634,4
55,19.8838301454331,13.0587291559352,4
56,5.02749619268453,6.25585123346801,1
57,16.1553291494376,6.56026490410802,4
58,7.09799498833557,4.58064020342316,2
59,2.27939366047242,8.92107829098339,1
60,141.703422597295,42.7461807161718,4
61,8.78054993008613,5.51853710068366,3
62,8.81810517372539,6.34659857214411,3
63,8.07547665262474,5.43849595213567,3
64,9.46726359765857,4.60420887959219,3
65,6.49052629500323,3.6473968776656,2
66,97.1648227067529,29.5024895655118,4
67,8.75823644138135,8.84276220807634,3
68,7.81371664023314,6.12185482467356,3
69,0.430017525082523,8.33592244830529,1
70,2.13996731928512,4.2158489353539,1
71,6.16444032958616,5.21338330622243,2
73,9.05416416769456,7.14745778026272,3
74,4.28480768111281,8.62730338826786,1
77,7.77203500511805,3.5562055435724,3
78,4.9077628584674,12.8572788580852,1
79,9.22751776126791,4.26737276745709,3
80,5.81332208412486,5.21713430966539,2
81,87.2915574507806,32.1802348597808,4
82,149.224345965027,40.2867613650816,4
83,5.83562196840249,6.88301656534036,2
84,11.9758602797054,8.86837856842108,3
85,11.6341129182514,6.22565587200517,3
86,86.6845292534577,32.5754856278032,4
87,17.4043138712574,8.49216737417196,4
88,7.45946183075826,6.97389889703811,2
89,8.80825657381242,3.46407087197727,3
90,7.69075992119461,4.79214109038617,3
91,5.2507298710058,3.26852076165753,1
92,5.91721588390469,6.42179990966866,2
93,16.1578547960006,12.8003774069799,4
94,13.6206571305485,9.61111212529511,4
95,4.50050210403708,7.26804540628869,1
96,6.31720430064869,2.6932420788113,2
97,53.8659446370286,27.1905958259512,4
98,65.5425815056669,25.3626237574075,4
99,1.77186471005124,7.54281976706832,1
100,11.6255461536472,3.67279888605072,3
101,5.29500035372601,3.77903099230669,1
103,60.3562933836364,24.9317526076462,4
105,-1.35988433298273,6.4842916050283,1
106,3.93311663781106,4.36539698621578,1
107,17.8083471483496,7.57401472943625,4
108,15.5131468923346,8.65079436166374,4
109,24.7077265684871,15.1728829057117,4
110,6.60180865810972,6.83709055211902,2
111,1.75513923971203,6.40149736253646,1
112,28.7609975304833,17.811692232333,4
113,10.9532013180716,4.29159657674094,3
114,6.32200194674493,7.72170652653383,2
115,7.4783190181715,4.81269094228199,2
116,35.5440584173278,12.7453044626138,4
117,9.2358266746585,6.02130247111728,3
118,7.2489245054121,3.49163796545709,2
119,-0.0902138112279478,8.20471684995499,1
120,8.49585529648301,4.29154081182806,3
121,2.28752960746285,6.38209631028012,1
122,86.1534861686909,29.6776082923184,4
124,137.970623167297,48.3374818970681,4
125,3.38377150490193,6.58730420486652,1
126,8.07990076643727,7.17767122739515,3
127,7.64847266930121,5.05177064166875,2
128,18.7129430632601,6.4715487702697,4
129,2.14524808818084,8.64091625993174,1
130,9.11796278062426,5.08009035037487,3
131,13.0520059173084,5.50883570857978,4
132,6.39763589540967,3.13962269232632,2
133,3.38642450148114,3.5885378725222,1
134,7.61140279892489,6.46882709523113,2
135,22.5591360231608,19.0880297587212,4
136,89.2352225729933,30.3798523939773,4
138,4.21955692660483,7.03863281278444,1
139,64.3942606735067,25.0889586489933,4
140,4.64463961776449,4.24593679285249,1
142,9.27115440318025,3.63843639620897,3
143,12.3657804479683,11.7499160801045,3
144,6.85203681222697,5.67025831116076,2
145,14.648803644148,9.4854464969758,4
146,47.8898671219895,25.1729544969786,4
147,3.03080919448452,5.66575747707267,1
148,88.6945410297447,32.6148240749816,4
149,6.49915346303543,10.6560274257119,2
150,8.14638627775643,8.86728694506608,3
151,3.36294728730693,5.7179474498849,1
152,6.60407396822628,9.41810695582719,2
153,4.22193810045294,8.25542315138681,1
154,3.50047873871289,6.36211211352609,1
156,24.0388788877105,15.8087814107776,4
157,9.80586447112385,5.26843961970456,3
158,5.49437282013142,4.84865883533733,2
159,-0.671232120316949,10.5846329730793,1
160,8.75160521231394,6.45781439029231,3
161,7.50780018242685,3.36357983849096,2
162,51.9265591993538,22.2863478868823,4
163,4.97433869786032,8.21702077615427,1
164,3.26129707858763,4.1412573338866,1
165,4.3930972393667,7.87407607007783,1
166,4.56273496948777,8.50324304210835,1
167,2.61285284883233,7.92446185784981,1
168,9.7533667243377,6.70862417984027,3
169,14.3059703066233,6.88773265767328,4
170,7.77641051144663,4.2496768019088,3
171,87.7369641914863,33.2409539985148,4
172,1.48828882624818,8.07427077633632,1
173,5.60237705469639,9.09727566781629,2
174,17.0740786596593,10.0501568419463,4
175,5.32970114006725,6.86356726390981,2
176,19.8825794586477,17.1337114255791,4
177,4.42285430315143,8.93941272145605,1
178,4.70615551120865,6.03278570038723,1
179,3.93744968843099,5.87532246384121,1
180,5.36931778697512,7.10833195336736,2
181,5.78716960851223,9.66046084896769,2
182,7.06908014983012,6.55695494210286,2
183,7.403756701919,5.37841302043682,2
184,4.16708250902877,5.25362147680129,1
185,6.79737046610341,8.16364253885232,2
186,5.69673379663939,7.8532211286885,2
187,89.6831989185822,35.9816112093924,4
188,8.5239482956742,4.57383257861271,3
189,5.29851689947258,6.61798703542132,1
190,4.329464545786,7.63168173020484,1
191,5.16163374694328,7.04267655402852,1
192,4.79741296783673,8.856664606912,1
193,8.56767766907669,5.40280058758653,3
194,11.2092799911491,4.96243175358212,3
195,18.9905076525394,11.2203702578212,4
196,5.44670172900749,13.8268129860433,2
197,3.32578100076722,6.81638045853688,1
198,4.78473793443955,5.66082759035121,1
199,11.234169179724,6.272496302121,3
200,13.0732854320876,9.02157133694217,4
201,4.27298853170192,4.77657677025383,1
202,9.74557661902189,4.53202538232052,3
203,5.88062667908925,7.55350156229919,2
204,9.94569082453114,6.6486693721367,3
205,37.3848445462651,21.5841091583533,4
206,2.13726963621467,8.33271028469001,1
207,8.06784186340111,2.90510143040302,3
208,75.0261161193846,28.9866358449493,4
209,0.591055447028012,7.40668830851626,1
210,6.75231373896442,4.84696724079264,2
211,11.0004838728003,8.34482853398563,3
212,8.97024246347018,4.12024098469197,3
213,7.39370589252713,6.27574886467084,2
214,4.1323090775074,7.77842609651747,1
215,7.59567985780968,4.31004254039502,2
216,3.73143985930203,5.67403458884927,1
217,8.91541730506409,5.21175265093044,3
218,5.52667884318696,8.42053164095415,2
220,14.164120038564,8.1532301763481,4
221,10.7732451596146,3.94280230026463,3
222,6.35080119801823,6.63127944721485,2
223,5.08907509543568,7.69526266279341,1
224,6.38613229536149,8.91135112406923,2
225,4.78047770653197,8.10700417420444,1
226,4.32282451633718,6.2427107452748,1
227,10.0679650974975,8.32421146812789,3
228,4.73472951826276,3.86282948469453,1
229,3.34480581792971,5.28985997970455,1
230,82.7539666532045,29.9910540500703,4
231,4.79547974048474,8.70958711272695,1
232,5.90663030030549,9.93228924501927,2
233,7.88859956916908,4.40166340176238,3
234,80.3892116296449,31.3895863834027,4
235,2.58463513731608,8.54295429688248,1
236,3.24313576404759,4.08523053792716,1
237,9.20379261519587,6.50348580188939,3
238,4.47432481090944,5.92052219761108,1
239,5.83289811707486,4.32510919666854,2
240,6.97688299817555,3.73109929978057,2
241,8.25366612000425,10.1008402300033,3
242,7.04148592190548,7.85500616241022,2
243,7.97962164438626,6.98731471686749,3
244,7.62508931442569,5.35434803861996,2
245,2.15056215919251,7.28118064868157,1
246,6.54868664984802,8.33614299251517,2
247,4.38889803783468,8.48503140671291,1
248,8.05395917833632,3.40530453750312,3
249,5.27831883581956,2.93818642435175,1
250,6.3259259565183,3.48521166280097,2
251,5.95042015769061,3.93550961783169,2
252,6.56117131060937,7.51178020258137,2
253,8.95161961845277,5.60869014396782,3
254,6.12592799484413,4.1527762655069,2
255,8.3535049920716,5.51220762683725,3
256,7.70022081935181,5.09756760003579,3
257,92.0231527984079,31.4823589435196,4
258,17.1980628196742,12.8943154274362,4
259,21.2429098077686,12.5443982427767,4
260,3.43519872213706,6.30574224032603,1
261,4.19281706141037,3.32719189996942,1
262,86.634076805504,30.6247351150703,4
263,2.72785152922884,7.70921365597317,1
264,5.61232111099465,5.60087113361308,2
265,6.61587952377868,6.86807348943656,2
266,11.3141215880709,8.06083808855843,3
267,74.7295798141834,29.7074305395451,4
268,36.7401688665829,19.2628191404723,4
269,4.57343486077295,7.75124982541894,1
270,5.01826291625141,7.26211458544561,1
271,3.40184782110602,5.38639297402179,1
272,6.61403303144294,11.0043678581956,2
273,2.86345997133749,4.17640505538174,1
274,8.58305010033744,2.93717909481194,3
275,9.84807924784208,12.2812321116196,3
276,7.45354567358129,5.12884505339188,2
277,7.83176476060034,5.55573500690642,3
278,13.3878361796272,9.61199508099604,4
279,5.6417364311901,6.09114339948248,2
280,146.132517024523,43.7409412833811,4
281,3.32688206321471,6.32993514017598,1
282,5.70758987850155,7.29071634540266,2
283,91.2495146456467,33.9320168836415,4
284,4.00001212609975,9.35296563575767,1
285,39.2956694830554,15.7232102543564,4
286,8.04995429039069,5.25061073284213,3
287,9.92413424203146,4.25963240330811,3
288,142.977889242165,44.3251036020083,4
289,52.6144244278137,17.7851756973315,4
291,4.45599512726676,11.0338254071031,1
292,14.2123975645647,12.7011579400831,4
293,86.9255534584112,30.1498978794623,4
294,9.16025069282509,8.24270040166782,3
295,1.90846533728425,5.34658532396679,1
296,7.49779206460544,6.58678792195105,2
297,10.3866480546605,3.87670383436344,3
299,5.43708933003501,5.10398281996682,2
300,5.00569519704559,5.0809547412723,1
301,85.6911418608651,31.1559553086504,4
302,8.73249942609427,2.78958795368597,3
303,5.37033784955801,4.23826234952652,2
304,5.29590853423945,4.90303302282667,1
305,3.24284009171573,7.3584013105517,1
306,133.343816435409,50.4339830267307,4
307,4.13777379103425,3.35575152485045,1
308,4.22513247769827,5.78312469416796,1
309,60.4651692914417,26.0627039787121,4
310,4.22169452287311,5.54131901649911,1
311,1.33792878911567,4.65651794234708,1
312,2.19722038488401,9.15618187254004,1
313,8.52252378101594,3.91593855544481,3
314,20.4678989668291,13.4064080883495,4
315,8.75000269899892,9.21203661340695,3
316,7.99911661313052,8.09210025660836,3
317,3.98223465029617,4.22007247971887,1
318,17.0358827857109,10.238162089827,4
319,8.99521869414505,5.02825900706506,3
320,11.0575412836077,6.6211833164763,3
321,0.0536679912397785,6.38431885153705,1
322,1.45507590411331,6.08438040701265,1
323,3.37909156678578,4.34509306721992,1
324,3.87171726032838,4.94815624835207,1
325,8.59642571333752,3.03239984524093,3
326,6.00930588606854,5.96643658015051,2
327,1.40632206208074,9.76184432770755,1
328,4.67507844103329,5.95254777971525,1
329,7.6316763281819,6.53518221912736,2
330,81.1011001341193,31.0784166796504,4
331,6.63565961069679,5.93886860517391,2
332,3.67945111148818,7.43147950565867,1
333,5.30727446268736,5.77669839682573,1
334,4.25934373486706,6.01305799912838,1
335,9.63634220233194,5.17183274670828,3
336,4.02185977961901,7.07187108685619,1
337,6.30382492389404,7.39195068884086,2
338,9.20152583219087,7.64759446813677,3
339,6.3730106788033,3.52685940936332,2
340,2.982814261638,8.91648959264455,1
341,2.54143457845472,5.23188244705437,1
342,5.52195900660733,11.3724521849426,2
343,4.6741658417786,7.69939868076647,1
344,4.51026581147112,6.06577153353461,1
345,22.7824173844751,11.9677950840282,4
346,5.02777333223116,3.89099786046503,1
347,10.4388883425691,9.39379889026593,3
348,11.060919754711,4.25394793976751,3
349,4.96214469150866,6.78430350323305,1
350,138.78880690492,44.4790868480496,4
351,4.60058289858889,9.34140395232508,1
352,78.8597314713032,24.7069142793213,4
353,16.0185914712125,11.3642669621939,4
354,4.59114652569885,4.617336099849,1
355,2.58797435014992,3.63758317346374,1
356,0.402271497327524,4.99872175094212,1
357,4.21420403546788,5.43824841321647,1
358,57.3701482427563,26.1816109886219,4
359,4.12842801361048,7.98982154625206,1
360,91.4382877074336,32.9626617863084,4
361,14.3119071365786,9.60467898168958,4
362,10.3701780916116,9.41616575100725,3
363,4.20534002539553,6.17648697481182,1
364,4.97310379426592,3.99089699242888,1
365,7.14443907038921,6.61326340673216,2
366,6.64850995515957,6.22759218588367,2
367,2.66350912733093,4.80355011268418,1
368,7.16992576276796,3.66056279579057,2
369,8.04327463457253,3.68364918734612,3
370,6.21802364070945,4.44075533922527,2
371,6.44099146640569,3.54822200070258,2
372,5.26912604256996,4.14087672146738,1
373,5.08562826455275,8.36970287252586,1
374,4.97824223837999,8.379549286352,1
375,7.2111097016902,6.91318431836113,2
376,6.29574556084175,5.065575618619,2
377,6.27177722509976,5.8530204291509,2
378,7.2004728019283,3.60093294795391,2
379,78.4005257618861,28.35820608099,4
380,8.16971063154673,7.44936216068865,3
381,22.4629780061385,15.8889989628881,4
382,6.93992226718854,4.8522322443424,2
383,4.68263695813197,6.47009683343406,1
384,5.80377944576781,4.73544166920053,2
385,5.25587985097363,6.63651918625979,1
386,21.3384798189656,13.5493947111316,4
387,101.800727950385,31.1993466592342,4
388,84.006876252875,36.1885273872413,4
389,4.75646285605489,2.87442322506176,1
390,8.54916723069823,8.74086576425,3
391,29.1060811636523,15.0698021582118,4
392,9.37369769612628,9.3651931577037,3
393,13.4782243492594,10.1404397889041,4
394,7.89063501613126,5.06617031772157,3
395,5.17928243942885,5.66482142918469,1
396,5.16287046384273,5.42164014797127,1
397,3.86842490452532,8.25215766906732,1
398,2.78628696689776,9.77181289306838,1
399,7.4888258613329,5.90794268704715,2
400,6.09782304944073,5.12136611965927,2
401,3.07582682620719,10.0599964600903,1
402,19.9007708438745,10.0128407824325,4
403,2.00283458228557,7.84135767994695,1
404,6.33197558660634,6.59871156196388,2
405,4.67887488137221,4.28070742241125,1
406,2.98036653752363,5.42681995666684,1
407,7.18986180735791,4.68410924870135,2
408,29.2397766671758,14.4555532874994,4
409,4.60250502555526,5.89792004268679,1
410,8.04807758238834,4.37452764503432,3
411,5.76777825898635,6.66789542756124,2
412,5.8931732421098,4.25601903308474,2
413,4.96214774859981,5.36863709542301,1
414,18.0092039205034,18.3022478340527,4
415,10.3264912845013,3.54108127350781,3
416,2.09487676041129,3.69602954955034,1
417,11.5274291385825,11.8341865175362,3
418,9.47316317254753,8.99210726969599,3
419,10.1732998847293,19.2160674634924,3
420,134.309501275249,49.0806869831222,4
421,137.143585448939,48.4289711720333,4
422,18.3723294127943,8.85804751074468,4
423,15.6517382111648,10.5401415501114,4
424,8.10081217854105,6.2263115264232,3
425,62.1476423799625,25.8122905230386,4
426,25.8401346728862,15.3026062598322,4
427,5.63396651039318,7.17220074369783,2
428,5.63048734416278,8.69328742306695,2
429,78.1457634400735,29.8699014487373,4
430,44.751948221544,23.3796837291333,4
431,4.5666648479585,5.2311127453688,1
432,85.772850384483,32.5066632387304,4
433,84.5985100287119,31.6341048858809,4
434,10.2379112335787,10.5834669426092,3
435,6.92960285049133,4.39850857658726,2
436,5.63906937701848,11.8745141040643,2
437,6.4364082814573,9.6069824684234,2
438,6.81777665512786,7.25618320973576,2
439,95.2356979062251,33.5074550952118,4
440,7.0627391413486,10.7263470922205,2
441,5.33126287935127,7.69070608064052,2
442,6.18535950229183,5.27642027022953,2
443,3.19479308358878,8.20821337696176,1
444,6.79930429313641,7.8591069466711,2
445,7.48366881716007,9.68007016960698,2
446,9.03361262995422,5.69190197257227,3
447,5.12402451509085,6.77267726669835,1
448,6.33082370924632,8.73416059897487,2
449,8.45494097512111,9.3337878306922,3
450,3.21575537434877,7.98734529108484,1
451,2.69439089803844,5.87219964145485,1
452,8.47583225651611,7.85887139966974,3
453,5.37602975590908,6.41438756431566,2
454,3.86531303306447,4.37259392642259,1
455,3.8389234729651,5.84439894365287,1
456,12.5734058319041,12.5483190436503,3
457,12.6680005091235,7.29740198801597,3
458,6.88777177950439,8.90831072338827,2
459,4.3295159998478,7.19318055728117,1
460,5.79022409689514,6.94685250229775,2
461,8.13052530147257,13.3856011267786,3
462,11.4035817632282,6.88937466886512,3
463,89.1545781753256,32.4919697500074,4
464,6.96756453644401,8.02212038539893,2
465,10.4549917343714,8.37274096692629,3
466,4.21886681955747,6.34996188840811,1
467,33.8023696556646,11.0992763927668,4
468,98.3439343512583,33.0648303840923,4
469,66.2485051520119,27.6594166189108,4
470,22.0619840248183,14.349072032208,4
472,73.6878656595782,26.1661598941428,4
473,7.94528766262903,4.18518696138239,3
474,5.59816239717557,4.72112334427398,2
477,5.14671591286305,4.58677908098874,1
478,78.014860442093,30.9063741730734,4
479,13.1958484870893,8.66154382477662,4
480,38.2716201836175,22.105735069954,4
481,69.5047928810637,24.7081903802632,4
482,4.22018027916513,7.7662433212346,1
483,5.69926075537089,4.84124384683521,2
484,3.90238249028312,4.45284257268701,1
485,8.92453321196442,4.04459841541402,3
486,6.45888822069498,8.57400894151686,2
488,5.98363052045025,5.40784563000653,2
489,3.47832924031014,7.99744273841968,1
490,11.2056861608811,4.41895130276133,3
491,3.73911612034202,7.74440226560947,1
492,29.7330478073789,16.9285767318949,4
493,9.57416061100926,4.39743911608929,3
494,7.71820528228361,11.3057343785408,3
495,15.0858503495046,8.28524436446834,4
496,21.6199904803996,12.5700299132558,4
497,6.04488419207458,3.77009111013576,2
498,11.2030141454911,9.01526127114485,3
500,12.9098354410007,9.74969245621041,3
501,5.33719548063566,5.73269557525563,2
502,61.9589411618207,29.9903889225832,4
503,5.83945499192053,6.96972671241817,2
504,0.430603368279023,6.25659969138036,1
505,17.6352709400282,8.88020264751003,4
506,1.87159482832111,8.34868158255673,1
507,8.20491468418204,8.15447890684556,3
508,3.60982734783844,11.6152506702994,1
509,4.54259049646705,5.52387237248029,1
510,7.27565557627531,3.85589286188621,2
511,14.1810504015164,6.86301716966802,4
512,3.61808866762713,7.09864436846821,1
513,6.6760270521344,8.74984562424029,2
514,5.30118908152326,4.37920063766473,1
515,6.92063123081209,7.13773986970912,2
516,5.55824788036491,6.76442681050653,2
517,11.1457102412021,5.0826959166581,3
518,40.2723993724091,15.0890438212937,4
519,4.85195454754758,3.69019656121384,1
520,5.79639785182787,4.78464559290443,2
521,9.18581232922766,8.71004570509286,3
522,5.11384465580006,3.93958688902927,1
523,3.8142886190695,3.17937722777971,1
524,15.4401892922182,4.15224649647951,4
525,6.40207374178396,6.02931183166603,2
526,6.54739604326346,3.57283090131673,2
527,8.00123607349027,7.1872461573357,3
528,8.9991554344161,5.26874158908306,3
529,2.85477836874001,7.01094187676982,1
530,5.95466366618847,8.53533575534084,2
531,12.9964802024348,5.56963609271192,4
532,4.90608908197188,9.04468940333417,1
533,10.5037389707946,8.7869938714777,3
534,27.1884705989129,14.5668162513617,4
535,84.5645790814349,31.8019412763873,4
536,3.1386771070639,4.66106378897658,1
537,9.15469384646603,4.81915190108266,3
538,85.5251926847234,33.873937736113,4
539,9.19838599691032,3.48796901455579,3
540,8.08231986227408,3.94526978347647,3
541,5.73864252879681,7.68276478400587,2
542,4.87467634350196,8.06866257746079,1
543,5.98965695928342,3.64860483500387,2
544,4.09445215014726,11.4331365116782,1
545,36.4145298216553,13.0916582154499,4
546,9.29549904853459,7.44345766868351,3
547,7.10682862765558,6.24065201574412,2
548,8.13287730756796,7.81304780598655,3
549,12.5187185140961,7.86476224705801,3
550,16.105826071293,8.09769633599545,4
551,8.65620661847016,7.10577594741591,3
552,9.55678525958283,8.10912239687864,3
553,152.342557357702,44.5273505461101,4
554,5.8660418698852,7.74886091552721,2
555,82.0560169755997,26.9054593515466,4
556,6.45828729550583,2.82548586281525,2
558,8.62451335336241,4.46048114756428,3
559,40.5635880831792,17.5396777976025,4
561,12.5307011257467,8.25760882622629,3
562,5.09453413611603,5.24407428669891,1
563,1.85952632613314,6.267457718468,1
564,1.84411750235615,7.48791327427461,1
565,2.51581016324569,8.21867379803831,1
566,6.42460382412044,5.50227827992138,2
567,3.19987065653589,3.87403014484038,1
568,5.34016647397436,4.60056360265061,2
569,7.74204711600891,7.23670071161074,3
570,4.25717614901682,6.6591303518301,1
571,3.10853079605468,7.11148487474482,1
572,7.81053171159714,9.15723965720908,3
573,22.6826931359318,15.0213249953669,4
574,3.64292005020489,2.8151313052152,1
575,3.48373250314537,11.3723814915345,1
576,6.06341777891049,5.89441114345074,2
577,11.712313572884,12.7398985423332,3
578,8.16498305333555,8.45694700125055,3
579,6.88056807034448,8.49065394646168,2
580,8.0506882604271,4.78214411998419,3
581,5.56634810349397,6.76358497282522,2
582,5.68819941030692,8.24710497364898,2
583,23.2370750905535,10.7423565558725,4
585,11.3352291929508,5.9847332385478,3
586,146.494341445579,41.660289938098,4
587,6.39094738499901,5.93870048257687,2
588,7.02051869423098,8.78472302606136,2
589,8.75708967834193,11.6606963883594,3
590,8.47216300523635,3.04452142562515,3
591,2.50229907254622,5.45200438079904,1
592,108.96231093673,33.212541608692,4
593,21.1272376778118,12.0167170234553,4
594,4.23942712840395,3.94128341317091,1
595,4.33127334286694,5.8316091149107,1
596,7.3990541638999,6.87115694777484,2
597,7.93691277544561,2.92549779164565,3
598,3.62533715199376,2.89101289057891,1
599,26.4045477278076,18.4764708224332,4
601,5.84379808036832,4.26137386652901,2
602,6.44137815688692,8.65270845406426,2
603,21.9132366087504,16.2679765425524,4
604,9.87690333054276,14.25735748913,3
605,6.66216545485252,3.84454753584715,2
606,8.08953290142952,6.31355075347997,3
607,5.44746631385836,7.06601161026863,2
608,6.69701656956263,3.34591491771379,2
609,8.55967751541826,5.77378471447429,3
610,3.07075281046752,8.41438090294828,1
611,7.07406816660098,4.89282420572955,2
612,72.1899491234779,30.3367631735223,4
613,4.23015235218379,9.82611772240255,1
614,10.2730585062501,12.0166192314403,3
615,2.64286311167718,6.22231602841376,1
616,6.10965914932634,8.10478692426808,2
617,1.59773382715977,8.14624285718012,1
618,6.31317375398624,7.35036879693764,2
619,82.1606628141064,31.0368599023228,4
620,1.93313062522842,4.52567212990053,1
621,0.904037351476169,4.18372095064735,1
622,8.2355376874921,3.41719812711087,3
623,9.24813671768925,6.28992549402964,3
624,6.69925716490949,3.14037737386137,2
625,140.814549743686,45.502830712607,4
626,16.7861716322879,22.4837989001698,4
627,6.34327197767875,5.33799746945588,2
628,9.08857655843553,4.3113139320468,3
629,12.7005369303708,8.94554041491846,3
630,5.57968989732889,10.3176693680554,2
631,16.6118064894654,15.4243647071057,4
632,-0.346948956242035,6.57956065668518,1
633,80.3212239276326,27.5360233812767,4
634,14.8626129627375,10.6492604923371,4
635,5.84014256231608,8.82995853611209,2
636,47.3392728900936,19.5154037062016,4
637,6.5216250970621,6.64286611196317,2
638,3.13936465574247,6.42140696795415,1
639,14.9696669900473,11.9931483279502,4
640,49.1106497961421,25.129509529814,4
641,18.1638480307841,11.0491289047167,4
642,2.83782440601544,4.86664245715969,1
643,7.14691155719742,4.11370494651848,2
644,144.196606471805,48.3408893339181,4
645,5.67227544596094,3.49249063085681,2
646,7.41133295040974,5.32807905268876,2
647,4.47644174511843,6.09248720639694,1
648,-0.546577311182993,6.17972137143588,1
649,6.25997923228494,4.66652161000226,2
651,20.0624501360675,13.6607839668157,4
652,4.52685534426908,7.46748926537868,1
653,149.629291139406,43.0648045975053,4
654,7.92134164959297,5.70140423558221,3
655,45.03188637509,21.418729297598,4
656,2.9643150476668,6.03134135521541,1
657,3.75287494782375,7.58967983249334,1
658,5.10332284447377,6.84322582851007,1
659,15.6042217835757,12.999825779988,4
660,90.8488205625792,33.6435037727631,4
661,6.05909668248698,9.64608423893548,2
662,9.75447027615161,2.54767338180673,3
663,5.54779326775394,3.68698562799591,2
664,5.44395513814665,9.3371417282635,2
665,7.09800655591809,5.41968487174704,2
666,6.15059021599647,6.37565956159791,2
668,6.61285121152275,2.83681929329309,2
670,7.4478876140049,8.41249053681116,2
671,6.80752706791652,7.97114437846301,2
672,3.60456879812529,5.43378176122142,1
673,9.93826139753634,4.23898680803717,3
674,8.64882120511284,9.63029483765721,3
675,7.92069336178736,4.85806292294494,3
676,4.17802128313797,3.12202014334767,1
677,16.0195202475019,10.595477212658,4
678,9.42312065739333,7.97353030666075,3
679,16.4390098672544,8.70012761308326,4
680,3.6625034607524,5.80870675933076,1
681,15.9162268867879,13.807975257023,4
682,5.6741883730883,7.13754898536185,2
683,24.9103119123104,16.4535529374415,4
684,15.9201512085701,13.5978602704358,4
685,6.17041668248548,5.88871156899238,2
686,91.5700109790678,32.1899816354519,4
687,1.60315867994132,3.3360678266714,1
688,8.7743214289241,4.37465107709921,3
689,3.76696068081243,3.0564516883032,1
690,6.67253796401002,7.62561730738569,2
691,7.85835818451181,4.38738618159946,3
692,10.9044717773375,3.85104059124983,3
693,6.6690213746694,6.42213343868123,2
694,6.25791767510793,7.10495029325099,2
695,4.53263515791467,3.44031005546157,1
696,5.75989493196974,4.85357312453,2
698,7.17886761949589,7.05542357548328,2
699,46.4651565182204,20.9484731840051,4
700,1.77189282530087,5.40174270851497,1
701,7.32551330828264,6.77927553518125,2
702,26.3656892293046,21.7462078896021,4
703,7.46402598298954,5.11874559616231,2
704,28.012715410335,16.6134814652396,4
705,11.1303347349869,6.73465958998736,3
706,3.43169548692326,6.36465305532884,1
707,4.78986992520822,2.94440580702538,1
708,7.19985906796153,6.84443428570246,2
709,26.5788980277932,23.9209020791955,4
710,5.16934091531036,8.15853858536439,1
711,5.76096803937001,6.12194576797704,2
712,5.7093789788544,6.70898800525402,2
713,6.33782585232272,19.3064231942959,2
714,8.13190246443583,4.94838590320936,3
715,12.7695487568245,4.83356985893216,3
716,16.6414119498391,10.4421688162964,4
718,10.3782199600367,5.26520529094746,3
719,7.08503471276722,6.84232809605492,2
720,10.7342733524731,11.2040052633881,3
721,7.16239730106529,8.26103823161105,2
722,5.32186607591849,7.90576415458523,2
723,5.40537321704606,6.53932171975383,2
724,2.78992914278772,5.28029797054268,1
725,3.04472999841095,6.22215389760769,1
726,6.30278373283192,7.9112740503694,2
727,7.41762946555259,3.95372028157702,2
729,18.9079218105733,20.6838142617757,4
730,10.2257644053941,6.60396721751665,3
731,8.56804996283565,5.21460902738108,3
732,4.65704456257256,6.14539036695363,1
733,8.03435192021333,4.28621437942066,3
734,9.45301551693033,6.35372321737308,3
735,3.13571952142269,6.822478139216,1
736,3.01826907169886,7.45696610587585,1
737,8.18048348807232,5.51240821074696,3
738,18.5817943533486,12.1418474413791,4
739,18.1895391467035,10.7596926788321,4
740,8.0404129853346,4.55822394097599,3
741,4.24896456563202,5.69157137494161,1
742,8.18003974703366,12.8726203048729,3
743,2.2540171488744,5.57208203721306,1
744,12.8338173896079,10.7178931563823,3
745,11.1126044383784,10.2204576797508,3
746,16.2391228135384,14.1134323500077,4
747,9.60187298824295,5.87752873302041,3
748,5.41548992363734,9.79408660344602,2
749,25.1061556735222,18.3129909633239,4
750,2.57745685798338,4.45413986095945,1
751,12.1846711415688,11.5054900296616,3
752,24.1520521910051,14.1619532774914,4
753,6.04625498145034,8.53683416113847,2
754,2.59412302794616,7.02557773700133,1
755,4.28894242608224,6.1416755138641,1
756,5.54622768080922,6.94430058587581,2
757,11.0078517305734,7.6465989482014,3
758,8.61624712701283,4.87905131746069,3
759,1.15304454662585,6.52219109668023,1
760,8.24308092665276,4.1603955565558,3
761,3.00621713294988,10.2237408651561,1
762,6.59813792809945,4.67395892585401,2
763,4.12927035668523,7.0918694539119,1
764,6.21493803451864,4.92060054188415,2
765,1.4316806820161,7.62643728565868,1
766,11.4981370439017,6.54015702114035,3
767,3.59701249735848,6.41057506922348,1
768,7.28372980995298,6.17120159971595,2
769,5.37815324052599,6.75829753054868,2
770,16.9013962527935,11.4821794239882,4
771,6.18553251344359,4.6307492876492,2
772,4.74340384758779,3.32132205225431,1
773,10.5259886284595,12.8227321994345,3
774,5.61057146524669,9.36301665315676,2
775,6.04121984376441,3.75511840890283,2
776,22.900224850995,16.3712552862123,4
777,6.03951259086059,5.04646939288138,2
778,1.99338911896266,5.64461608045224,1
779,5.92863851159294,7.43306670471345,2
780,99.2123956824484,36.5200735584476,4
781,5.67532931596366,12.1924920816127,2
782,18.1087233176397,12.674358933037,4
783,9.53549770106647,8.46097337109996,3
784,16.7228930395467,12.4559730219066,4
785,2.67455928455472,4.92607358916644,1
786,4.22412906431214,3.42130591746479,1
787,11.2518373937152,8.69946597330721,3
788,0.685282124954759,8.2054687186486,1
789,15.5437361550959,5.75944639379033,4
790,7.83288995559444,4.15762951258698,3
791,78.1350382984692,28.1549949042635,4
792,76.3541016582324,30.7530257469748,4
793,8.60534242762306,11.29091423333,3
794,9.00455512418791,5.98919905589515,3
795,7.0364859266212,3.50791521937412,2
796,44.6713808520894,15.2933744621295,4
797,7.89486984991836,6.34206528691007,3
798,11.7353361853269,11.1492089306031,3
799,9.74890832967276,4.37048035444527,3
800,6.42484642892164,6.01314158409348,2
801,5.94387284023628,7.60420861751995,2
802,1.8217880316209,5.98123568292309,1
803,5.91014299036654,5.25700249492323,2
804,5.58791861346016,6.03630175022042,2
805,10.2565336232713,8.61505876376355,3
806,0.451753588015146,5.94287710322128,1
807,4.29389429079743,6.54149622125271,1
808,1.66194795975841,6.47890800473307,1
809,17.2397298242026,13.1492011062781,4
810,6.27644982920884,4.60324959792978,2
811,6.30681193675816,7.85116191024058,2
812,18.0979545452292,8.67234688717089,4
813,6.0537345846009,3.21233157541579,2
814,11.2511906676862,5.30568324080751,3
815,10.9340788657985,2.98368943234086,3
816,9.7526888793016,11.0604380652972,3
817,9.1623764834502,8.68388825316468,3
818,11.3235324525193,8.57733991938024,3
819,4.54894561282387,3.27618645872475,1
820,8.20361474596689,4.92652736666303,3
821,8.68821153756238,7.00002255064885,3
822,5.54943552253564,3.21213808195475,2
823,9.66636440378243,2.93307460023975,3
824,13.4527615887949,12.6014313925818,4
825,6.36003720394337,4.84294541761247,2
826,85.050666152198,31.3343336791444,4
827,16.4631399638663,10.5164524212308,4
828,2.92838578187172,8.35820077634625,1
829,16.5966589223822,8.14284132518982,4
830,13.8258629871559,8.88486915946124,4
831,5.16825658789971,2.93708776168187,1
832,8.94110945365219,5.34780585150898,3
833,16.6625878060291,9.61335104042015,4
834,1.89855989966873,8.02374660471812,1
835,12.005694755353,7.46516637541331,3
836,5.57817615196479,7.1765034712966,2
837,8.69885715247435,6.90693715601446,3
838,15.4968367860024,7.32909373911948,4
839,3.76535535505196,6.99773397133922,1
840,12.0870695447401,11.5385127127637,3
841,20.8627943077888,12.4789702514812,4
842,15.6241197591459,11.8966415610427,4
843,7.49396753217857,4.67532453157061,2
844,4.33273475034291,6.25387095001654,1
845,6.07650681929762,9.4426948749538,2
846,12.304818895014,8.65016146641705,3
847,8.25993825557662,5.054110220819,3
848,72.8579847444142,30.1446140317599,4
849,10.9451560269561,8.00520274519052,3
850,9.66238585863995,5.04660494343634,3
851,4.70914055730554,6.64268595244993,1
852,7.79898281525828,4.28829907521623,3
853,5.54115214084274,3.87784647365887,2
854,-0.76518629839801,3.90868863396513,1
855,2.78677435615303,3.91376920182639,1
856,4.74536843571607,9.63528619551298,1
857,7.40394158166836,3.94397711361513,2
858,24.5111915759821,9.65926723333689,4
859,5.98412139683446,5.55085124031036,2
860,8.98478626400787,5.58420351768164,3
861,8.34406975494807,5.69028478755913,3
862,8.23470582591256,5.28107948560273,3
863,6.72305189691528,7.14860034579744,2
864,7.33784429074471,4.10158969733996,2
865,3.25530669018161,6.19970109344964,1
866,7.70182685378518,6.48261427733665,3
867,4.8941321741318,6.31488665070595,1
868,6.88340374935508,3.85792209029382,2
869,2.96680589675492,3.84584300321535,1
870,4.42379613239439,4.5721978666049,1
871,5.55435701584948,6.07597901287398,2
872,0.958825815579273,8.26484016947669,1
873,7.21381737891542,3.89293733454048,2
874,12.1965557394518,10.2866137785996,3
875,28.9645281542666,11.081986223783,4
876,8.41440130644735,5.02482020727776,3
877,2.09014053827769,7.85701383789284,1
878,5.00693920187189,6.70747204134579,1
879,2.21803177807904,6.01246423740214,1
880,5.80822297889955,4.15564337980053,2
881,7.39851567031777,11.1507043892568,2
882,5.78933258009704,5.94048982781277,2
883,4.03350602955709,6.75972727292135,1
884,5.90810451219915,5.70848292612534,2
885,9.11025767033275,7.82418896284868,3
886,5.7028205259069,6.47721258831679,2
887,7.83524155427745,10.9274918269713,3
888,10.9062134875287,7.63559985022759,3
889,85.286689798603,32.0677924321539,4
890,5.27764250968712,3.37226639829744,1
891,4.58680994120166,5.25180131223453,1
892,10.1679558936163,14.4804161292414,3
893,8.95699913093228,3.07121182037949,3
894,7.50685318514947,8.40311076256049,2
895,5.5484093622181,4.10898662487627,2
896,8.07904703541442,4.27083044588391,3
897,13.0166870747773,10.8856461512315,4
898,8.1164519985262,8.4037663184996,3
899,9.73310138721928,4.37891438024185,3
900,8.43322952917217,3.88058032235281,3
901,5.26787840931705,3.52211916036452,1
902,78.3513698560932,30.2666334039809,4
903,6.76863860587652,6.78223874952227,2
904,4.09098389538799,9.42758067747343,1
905,4.81284153833351,6.14370969446042,1
906,6.6320658303619,6.07416031723049,2
907,13.8640297762886,9.01117151086308,4
908,8.39437470704524,6.39727873307565,3
909,-1.11586086602181,5.86638469328796,1
910,6.80518106293892,2.75166267362832,2
911,7.6239327867695,5.19642342208873,2
912,10.5147259330182,6.16864517636968,3
913,3.91198809042456,3.29700631398404,1
914,2.9854343749651,6.00289169524089,1
915,3.2253277930755,6.1218278709862,1
916,2.89908741504279,8.0710063815246,1
917,5.57497592722852,7.21613313830039,2
918,89.3477903611691,32.3289315294387,4
919,3.81388779918343,9.4953309235666,1
920,6.25725506747555,6.21024995698698,2
921,8.18968822502237,3.15807915972587,3
922,1.7125528888851,8.35594675744574,1
923,1.75085852912865,6.35989105901306,1
924,8.67393634048772,3.51344671760404,3
925,8.47235526224133,4.50568516522136,3
926,6.72169907355135,5.80556647994977,2
927,2.94105432974037,9.81792549879367,1
928,7.88715530622516,3.01818469136275,3
929,18.9274323269573,10.6002389308715,4
930,11.9713323080137,4.04601588557327,3
931,7.03031290342902,5.79321534397387,2
932,7.31500547360772,5.16354197178987,2
933,8.75554720549939,2.96278910149404,3
934,5.17456465591888,9.18471034376944,1
935,9.49816631084986,5.08969706640273,3
936,10.9020043392338,4.14609430228027,3
937,5.22884322519243,3.79910159419471,1
938,9.01555420054675,4.05890325852074,3
939,4.71663932352489,5.2888119950995,1
940,6.76484430098785,6.35229667448939,2
941,8.48373728695461,5.97576559646495,3
942,8.31912520900655,6.48012840860613,3
943,6.04561007836039,4.48627870013235,2
944,4.05763518043473,6.63725138688173,1
945,14.7993114340203,8.96966574830497,4
946,8.21169313093561,7.32845710165143,3
947,6.67774381212649,8.28663035406674,2
948,9.81981172398246,6.40774556894861,3
949,6.29417047351581,5.96073460308518,2
950,7.38958829624441,5.87399459471013,2
951,9.10218474362386,6.22189974331801,3
952,4.37026863637221,6.56529239547604,1
953,1.33676987629179,6.72046908626639,1
954,17.7601374640359,8.34589521122674,4
955,5.1073952007716,4.55189319796157,1
956,6.70085689638204,3.59740203622551,2
957,11.4458739386021,5.07246400716155,3
958,7.13308910928726,8.43833726819231,2
959,4.14505808401456,8.03663387824202,1
960,8.37506380173226,5.68186665270753,3
961,7.94724901074186,11.7299762558219,3
962,3.3480379950277,8.84256791158332,1
963,11.7838103759124,4.46330490498505,3
964,4.1715717437272,5.19359358530925,1
965,3.89166865615844,2.90974706079176,1
966,5.30989053517784,4.59203500760212,2
967,6.5752259128284,5.18076932421,2
968,7.28348368796745,5.27866343434027,2
969,11.2467556029004,4.41419075926932,3
970,3.35352469906542,6.22484634529229,1
971,22.8919113698507,17.0072932076341,4
972,11.5916049941225,4.16491221373438,3
973,96.4361150439725,30.4831512897963,4
974,6.82250559712091,3.59393889375819,2
975,4.58986150052181,8.37130803168401,1
976,8.39601957125901,3.7894858121526,3
977,7.34772605676208,5.537713588465,2
978,9.10525526488453,4.68695850277595,3
979,8.36382349692948,8.91224507132738,3
980,3.86063835649655,7.20890938325693,1
981,5.56239482012124,5.81923237034544,2
982,8.98936258612689,6.00397231664531,3
983,8.1158191207848,5.19221021232084,3
984,6.11194407261509,6.55712221158031,2
985,47.9584078242451,23.9790754234167,4
986,12.2318567315371,3.90613035785907,3
987,1.41120941710487,5.70598312014914,1
988,8.26129211651739,3.14396933877882,3
989,7.00731860205105,4.50535667096572,2
991,6.52479859808552,4.07467694915137,2
992,7.69672266276353,2.95489861761723,3
993,7.45402378578285,6.06250310171272,2
994,7.48102590134714,6.01731732468265,2
995,10.294302085524,5.00562819821826,3
996,6.02740282844147,3.86356397809855,2
997,8.81812079224195,7.44631565571078,3
998,8.14205944858436,3.93778080769391,3
1000,150.889042384105,40.0069812141453,4
1001,11.103195863713,11.0526679932665,3
1002,-2.07742039136087,11.0363433535915,1
1003,8.41403144335738,8.05780292631334,3
1004,7.50979956232891,5.96528778303677,2
1005,22.0712792797079,14.881082986619,4
1007,3.96524283376196,8.79571285052051,1
1008,9.28121234061583,8.67391458865068,3
1009,6.69679347610315,9.86124341058811,2
1010,6.29382131563311,5.2957042353469,2
1011,5.58868276468103,4.13243808769613,2
1012,11.6037756905848,7.79725025793158,3
1013,7.93610165394475,5.8334712888152,3
1014,7.75614049572646,2.90807683627262,3
1015,11.6940152334487,5.0102817012669,3
1016,7.00663665045965,4.13181216151912,2
1017,5.92224531304068,9.33506677977664,2
1018,9.43951961948271,3.70917886204916,3
1019,15.6692708578671,14.3272626166857,4
1020,4.3571611578452,5.9319550740341,1
1021,11.1679997574213,5.92063119436446,3
1022,90.7858326595006,32.3428166669368,4
1023,142.302441799325,44.5872728300263,4
1024,3.53006879274564,13.782779506421,1
1025,3.88419396559849,4.18874457550154,1
1026,5.90915445795226,4.36945761620147,2
1027,0.136868285148433,9.75853853509373,1
1028,5.13949653524802,4.68679108075852,1
1029,2.4652634480148,5.84635959891057,1
1030,18.1536795871675,8.89065498890696,4
1031,2.98853613453033,8.50928720328399,1
1032,16.2158487863693,14.6165640992019,4
1033,5.94948240831531,7.68918210584803,2
1034,5.31048657036891,7.41927488834864,2
1035,6.7734013110777,7.01659511563411,2
1036,11.7406836231281,5.89035544058908,3
1037,8.60091234844251,5.38765419608816,3
1038,16.8326062046845,7.99811733904607,4
1039,71.0432311048284,31.0634277361693,4
1040,5.11277838001781,6.78074558109627,1
1041,9.64209294981572,5.7788233777856,3
1042,3.20156731881842,8.78423103073236,1
1043,6.73896976182446,5.75617712773789,2
1044,9.20449512808249,7.33517521159258,3
1045,7.19415149868478,6.76661174091135,2
1046,3.22721296974556,8.67241574471651,1
1047,5.86052788016232,4.09287161412177,2
1048,7.37639562873347,4.4908816419924,2
1049,9.54887625807886,7.78144094560612,3
1050,8.48918900171448,3.52426475336419,3
1051,10.3905586397032,8.32088098668645,3
1053,15.5427962194804,12.501280788029,4
1054,9.98593587286116,10.5012471625729,3
1055,4.02908567886697,5.4450565967143,1
1056,6.94232646663657,6.72963955390933,2
1057,6.54423775360797,4.30417858125518,2
1058,6.30466946446596,6.18060184171888,2
1059,15.0696508181129,9.83810047469415,4
1061,13.6043618092091,14.459947150395,4
1062,9.54299911379419,6.13914322753417,3
1063,8.44599054729012,8.33693384687888,3
1064,4.46990340860449,8.52548375870739,1
1065,5.70161472829143,4.60502152064335,2
1066,17.5081343281614,8.53045248128555,4
1067,5.64592108602668,7.52359536120411,2
1068,5.69600666078338,3.18337206489469,2
1069,6.4950604815051,6.09981031378149,2
1070,6.54601649379564,4.58789764345134,2
1071,6.40707162844526,8.40375391171041,2
1072,7.19309405806465,3.94844854004377,2
1073,7.17191541714126,6.93865969107362,2
1074,4.78151765333821,4.06944694802808,1
1075,8.38147826063194,2.40226714355335,3
1076,2.80974355244013,6.71237802564014,1
1077,6.94896622311308,4.80883035995441,2
1078,89.851298607106,33.6084174245739,4
1079,1.38891644798801,5.0694662510272,1
1080,8.31809195463487,5.54312554064574,3
1081,27.3067535236212,14.3375789355131,4
1082,5.70565655927943,5.30897445706527,2
1083,6.5895997701264,5.64911570695954,2
1084,3.14280302118254,7.07497651472359,1
1085,5.00298512490277,7.80083940834347,1
1086,14.1110411166272,14.0069311867806,4
1087,8.45165952805856,11.1406960712151,3
1088,19.6531233284072,6.76982942698274,4
1089,12.9007167391311,7.01367474430604,3
1090,7.27912973262805,3.96499367779881,2
1091,9.0387030574805,11.7061480357662,3
1092,23.7927822400329,5.49621662414767,4
1093,20.9720719799311,13.0487905044223,4
1094,8.60179995878151,8.9790899981984,3
1095,9.40126375167194,7.42926519925189,3
1096,5.93351411824714,7.04494833414676,2
1097,8.81383106809347,9.30488613475007,3
1098,3.03581688582804,9.57913202829448,1
1099,3.94886651565565,3.78382595332361,1
1100,18.5219878942054,15.2882737970557,4
1101,3.44097170137468,4.12542899449684,1
1102,7.15319706522246,6.02740536385215,2
1103,10.9537662916297,9.74689520860115,3
1104,5.01172241114539,5.22079559679792,1
1105,9.06420539522713,5.34092887502731,3
1106,19.0610124758544,11.1850404115256,4
1107,64.9325057958601,26.1496862845308,4
1108,10.8304192854506,5.66164196569759,3
1109,12.0380902947957,4.65183941096198,3
1110,5.80663763798858,6.02590764682622,2
1111,5.68050912625129,9.34191068972123,2
1112,6.44040478676548,5.03962658623376,2
1113,9.21489659121953,7.90505244126209,3
1114,2.54619304079306,6.61690929593711,1
1115,56.1615239533798,21.5385985534254,4
1116,17.3401042311232,11.1314810818419,4
1117,8.43562018011492,4.52974687818955,3
1118,7.74554425816744,4.22356921883263,3
1119,8.02187325853786,5.58200005080296,3
1120,4.30940562661907,4.41428930793593,1
1121,17.1427081212326,12.7055974909182,4
1122,7.38879143322488,9.81726410508369,2
1123,4.56208375709315,4.67353883371254,1
1124,7.78621718824861,2.59909492579219,3
1125,7.17079350575117,4.92644437056968,2
1126,15.7424183915967,12.0894510525642,4
1127,5.5116780053104,5.45670532549849,2
1128,7.98717194553923,8.21664697353859,3
1129,9.78206409054307,3.25071356047787,3
1130,5.34250178809085,8.78822975508976,2
1131,9.73193517039935,4.27426749065233,3
1132,3.03843764986625,6.66772726270468,1
1133,7.74206325827267,4.00323964567504,3
1134,4.43444337308429,6.21142764254684,1
1135,4.22260443416403,6.85638401825658,1
1136,13.7589149592606,13.6387155416612,4
1137,1.02423874414416,8.69770284843585,1
1138,4.70350954876162,5.62398867623003,1
1139,11.0994467453701,9.83135253562679,3
1140,12.7206882088072,10.7361911624732,3
1141,1.86700057651677,6.80937979336097,1
1142,7.05736719292333,4.5885419904835,2
1143,4.93504786083429,3.55729731719088,1
1144,9.13126180371158,8.23340930685155,3
1145,5.82297936204456,5.05794066025227,2
1146,5.1679770145875,3.03267634797662,1
1147,2.58687119458687,5.19669367148043,1
1148,4.51046237966085,8.46938849323531,1
1149,8.6449677897898,4.4359093370689,3
1150,6.41482016010976,4.86256564878871,2
1151,3.67052974643008,7.18795838855861,1
1152,10.8840838688079,10.1123255957734,3
1153,7.37869462710086,6.41336900495613,2
1154,13.9128547854355,5.66591268593802,4
1155,6.11566009262375,6.17953481956806,2
1156,4.26000037566104,7.24749638798798,1
1157,7.59517293903841,7.89699306930762,2
1158,6.91205967370428,4.92157959509215,2
1159,8.72513127469345,8.81960190000093,3
1160,3.76142394025271,2.34995959198992,1
1161,7.08720307106425,5.41584655503374,2
1162,13.9233359939804,3.54308862026694,4
1163,6.62460634128166,3.92880155108583,2
1164,9.53657173318369,6.73787281166966,3
1165,7.47504462654664,4.45308255827721,2
1166,7.74006453229245,12.1465167320314,3
1167,1.94370437201805,7.68306603659528,1
1168,10.6142865364012,6.99492659399601,3
1169,9.01993792471697,7.51352203409434,3
1170,7.93373812802865,7.56538773980567,3
1171,6.27315434172669,8.21896034483976,2
1172,4.66683127527423,6.38662961733008,1
1173,6.15076330269766,4.99147401786834,2
1174,7.63790622413092,5.73932012701992,2
1175,5.42257344264612,9.23680938132267,2
1176,2.68731356122355,7.10000039762247,1
1177,9.60213274220255,5.55578884932115,3
1178,7.39444110964518,5.52951479980267,2
1179,4.06744722189901,8.66734784757041,1
1180,8.33200086426218,5.06976146401946,3
1181,3.91792777170417,3.12799166824631,1
1182,4.49297679739305,5.68848601952642,1
1183,8.70601516792289,3.81321586844581,3
1184,91.1983831489062,31.6955074665288,4
1185,4.96550877682725,7.3969688836068,1
1186,4.45416432595508,12.2269606198141,1
1187,2.36491082631376,6.92788383505167,1
1188,4.90826338601263,4.54880466684284,1
1189,5.88717646548216,8.81803840575229,2
1190,11.5958567485295,4.45675601728838,3
1191,5.55540454455116,5.60207264176728,2
1192,7.61719693424197,5.25714013094292,2
1193,10.8185959875395,5.51694877224918,3
1194,5.14743791903479,3.9858679096124,1
1195,2.76381811683818,4.87355577457233,1
1196,1.30065366558048,8.0554234928882,1
1197,4.90625023618129,7.90526665151638,1
1198,10.0334864278524,5.00221169997277,3
1199,7.59754415608761,9.68748088096726,2
1200,9.83005665156816,7.28060935085887,3
1201,3.69092725381974,7.00839899562438,1
1202,-0.238822764397085,5.67681290878688,1
1203,7.75833121068811,6.3084992464734,3
1204,48.2187585518526,19.2110822746315,4
1205,6.58855306811109,6.01410193511327,2
1206,8.90104971871157,8.85318438473823,3
1207,13.5789653430352,14.4162021010665,4
1208,5.66119580271045,8.6313631100529,2
1209,13.8965266834052,9.72363339458716,4
1210,14.8350964557008,8.13933813018058,4
1211,27.1558420356375,13.8919259726804,4
1212,6.99806531728239,6.02555979154697,2
1213,16.248657367124,15.8405250608005,4
1214,8.28623992507066,6.79145850601055,3
1215,7.32208146603979,4.99261560179869,2
1216,6.5215234928823,3.33436151251608,2
1217,11.453284262066,9.59231539360626,3
1218,10.0293283992569,6.87850350444382,3
1219,5.49374924617137,7.50077331449613,2
1220,4.98104068025452,10.4833264500721,1
1221,4.56897870184877,6.50013852530348,1
1222,1.01846260571459,3.87420719535935,1
1223,5.71224209943887,8.6660912133438,2
1224,6.57126054843315,6.66006083183286,2
1225,8.05719675641139,11.61583807535,3
1226,8.88087295199892,6.19563170445436,3
1227,61.7172822248241,27.5514111850343,4
1228,4.94971361094408,3.63646642977083,1
1229,8.00842411798627,5.82676701359124,3
1230,7.50381476265865,4.81344876949091,2
1231,0.795367632113776,7.70378703803355,1
1232,3.21965395183488,7.56556886897744,1
1233,1.99042074293721,5.51685865047119,1
1234,7.64874889306505,6.11515515970068,2
1235,0.425991449556359,8.19132066787987,1
1236,4.44894790159338,4.25439304468242,1
1237,3.5948724042738,4.00229829234751,1
1238,10.2697387019717,5.51061895818845,3
1239,9.82388831858781,7.05757088367991,3
1240,5.92420309690513,3.60912726012209,2
1241,8.47242726210229,3.01982090679806,3
1242,2.81856008374739,5.33822691794963,1
1243,5.38439723374088,19.8359795512876,2
1244,5.269720592062,5.27969479942981,1
1245,3.8149063892471,2.95829327169407,1
1246,3.11723536450985,7.5186540192663,1
1247,4.61979912824787,5.74155818210273,1
1248,5.08698464821979,8.08616295002435,1
1249,6.09031842474959,4.44953088136309,2
1250,5.30983082468494,3.94020971313111,1
1251,7.67703775486403,5.15735842972175,3
1252,6.15874113655234,6.01160306284189,2
1253,7.91486068843657,8.37440137194647,3
1254,6.30929327882574,4.54105515907118,2
1255,69.7268022955076,30.5558444420562,4
1256,7.25882882676354,4.41114868637842,2
1257,11.1595196872017,3.66862735270893,3
1258,11.6197334682845,15.5733039769788,3
1259,3.08986663627497,5.08904850055225,1
1260,7.5517616183501,3.01899081472696,2
1261,6.19113374975631,3.76788708921261,2
1262,4.39572273884556,8.60908696377153,1
1263,18.4060759107465,9.25172606886423,4
1264,10.819484407963,9.71110687593821,3
1265,16.2520166962973,9.91772210916487,4
1266,2.04819352527999,7.54709418271682,1
1267,7.44980224399516,4.19384416222277,2
1268,7.96283485587267,8.78641263405205,3
1269,4.37171343319697,3.93197979928199,1
1270,6.73209808830536,6.06326522613698,2
1271,8.58639875184528,6.93784342233092,3
1272,4.58173851598171,7.5440710350624,1
1273,6.16883631108894,4.52233364108171,2
1274,3.33273869485467,7.67129351499692,1
1275,3.8992068513163,6.72736709733063,1
1276,7.48360457757868,4.27552368585007,2
1277,1.75087804699149,7.08758395903852,1
1278,4.65947057257811,7.80724298319708,1
1279,3.95784576117713,4.3486472420909,1
1280,3.9089135197694,6.51963992910233,1
1281,4.99874365141954,4.98569504991922,1
1282,143.878912495299,44.7927340262293,4
1283,7.56996692874959,5.0619975610351,2
1284,26.9300632068305,16.6843398000663,4
1285,23.6792408709032,12.6304195766917,4
1286,3.70235320685571,7.42932171944138,1
1287,4.85292883667777,4.09893430900065,1
1288,9.16221916522061,5.27892136700282,3
1289,9.40638300994949,5.02808557875587,3
1291,6.06365155497813,6.21896158051743,2
1292,5.42517326098883,4.2323693716347,2
1293,14.0636250601104,4.34621763143673,4
1295,11.4372241076616,17.6572174283898,3
1296,27.2518505341326,15.8059495285554,4
1297,5.92811684905635,4.26723752748506,2
1298,27.6769548083497,14.8074127310202,4
1300,39.3378092985534,10.6083587097886,4
1301,78.1693134592207,30.0717645063777,4
1302,8.47419078278651,3.03072434743501,3
1303,7.7913337177496,4.79455305553185,3
1304,8.22437661302219,2.82922945014706,3
1305,148.694087898662,40.7999036537991,4
1306,56.1793547756152,29.7393807729512,4
1307,6.51290555795227,3.14232052544975,2
1308,9.0498438412607,3.72801011423582,3
1309,5.53179664274752,5.63105964931445,2
1311,9.42084654465345,5.27289325640302,3
1312,60.5425986117883,27.5986164485028,4
1313,7.94864566274106,9.87493337939481,3
1314,8.77451991691098,4.48788601183112,3
1315,10.3698685995254,4.29847121209772,3
1316,10.3240525872464,5.37484757532481,3
1317,10.3098057430689,7.13039265138703,3
1318,91.5198326548823,36.563409114103,4
1319,10.4169450932054,3.75393804468555,3
1321,13.7767317527165,7.11450284835,4
1322,8.7476190015003,6.89747827835687,3
1323,6.21302999702418,4.36428282248102,2
1324,151.137967283424,42.5589579443336,4
1325,14.8061657400054,11.0329607723098,4
1326,15.0378736111691,9.40537932126632,4
1327,4.67733335366621,2.94658361754401,1
1328,3.59690360698286,10.557552422083,1
1330,6.88380842500457,6.94681651451261,2
1331,9.67692499922068,5.98729678957021,3
1332,17.6320371872527,5.97641144484083,4
1333,81.0865026362094,28.8747328325937,4
1334,7.46158623639955,5.6060177007004,2
1335,11.9733618424716,6.82669079230306,3
1336,9.60152571707844,9.77052464824853,3
1337,5.81294078364462,6.31236934106839,2
1338,7.65218484419454,3.10920845751792,3
1339,136.965724129863,48.3004453587673,4
1341,7.04899782164892,6.87764412417679,2
1342,26.2174400250336,10.5436077194209,4
1343,70.3297993571928,30.0759896978783,4
1344,4.84265440703695,9.28663370887258,1
1345,10.7922531882395,5.92932183640239,3
1346,5.9872762585563,4.25201798738398,2
1347,95.8456341166958,30.7136182276469,4
1348,8.22250136048606,7.09758422237686,3
1349,25.6025692064089,13.1288673124418,4
1350,8.09805795727421,3.25283325115272,3
1351,8.56900194884139,8.92184964201492,3
1352,9.16285332357222,4.57077269867803,3
1353,10.7551646853773,11.01862864049,3
1354,27.5443167150908,17.084226589892,4
1355,91.477005420407,30.4363687336958,4
1356,7.05759533982565,9.4740944354312,2
1357,10.663927119516,9.40067359387422,3
1358,5.54834224796914,5.67460336148472,2
1359,0.751797838173598,4.18740873533919,1
1360,0.579042706209068,10.1310620493762,1
1361,7.3979078034707,4.84553406292114,2
1362,9.65343411821329,7.46669746632969,3
1363,52.8917144574262,18.5571898012872,4
1364,9.76093837647537,4.97431394114932,3
1365,15.6007934401377,9.89800735413394,4
1366,17.5810750623691,13.3319711152763,4
1367,16.6353195936785,12.1641559150547,4
1368,6.89631027573675,4.73846899251085,2
1369,94.2871555338976,29.9240054815981,4
1370,5.27782610145562,8.47390393373037,1
1371,4.88221950865038,7.7701412648823,1
1372,6.56355240623724,7.38888390123432,2
1373,6.76675803260217,7.75397434227108,2
1374,14.6282802041989,11.9849884542347,4
1375,33.1859980586969,18.2279731591724,4
1376,54.0343636472371,28.1763510212171,4
1377,3.24503732152969,6.79455014386021,1
1378,6.18106256839035,2.97018741896067,2
1379,3.98981080315664,8.10525751978876,1
1380,5.46866173511125,7.53379262241209,2
1382,6.96814124217645,5.35457914544898,2
1383,21.8044044254615,8.52977594480214,4
1384,89.9105879324245,35.7996001037436,4
1385,96.4524797998871,29.2318409975417,4
1386,3.75352906792055,7.58969832990712,1
1387,62.6958414753647,25.8859450017074,4
1388,5.52264127968084,7.80861828284894,2
1389,83.139231156967,30.426342528529,4
1390,12.4660895282722,9.11023251420178,3
1391,3.77854304308877,4.42235565209467,1
1392,8.26862186879102,3.42292049743697,3
1393,44.1562565609239,22.1387287719251,4
1394,37.3615287124881,17.0547377291269,4
1395,108.23556596851,29.5696940529846,4
1396,16.1043426542548,9.04016662615294,4
1397,6.55481578992022,4.78386315131826,2
1398,14.0198624301528,8.44954311278997,4
1399,8.41235426703787,3.13312084946531,3
1400,150.514272310188,40.5914708358673,4
1401,4.07172827662344,5.24010592479069,1
1402,12.186080745603,6.49400086223412,3
1403,5.67645117653626,4.66575244833793,2
1404,23.9014961239633,10.0761839459133,4
1405,6.23139898148092,3.31620690080779,2
1407,8.24440659167976,4.26525273625795,3
1408,3.490180542354,5.26799498847624,1
1409,17.4983559023114,8.15794903416407,4
1410,14.8083804199987,9.78220842514167,4
1411,11.9343278510778,5.31823417301159,3
1412,10.1172144354541,4.56760877034308,3
1413,18.3439887290869,13.1195776058051,4
1414,6.98621728255132,5.9363821940643,2
1415,10.5433364724154,4.39810270417722,3
1416,67.778724321793,27.2595169395913,4
1417,3.84035681335209,9.26274688572956,1
1418,4.53637329688901,7.35187724673608,1
1419,90.1616259712017,32.2688995073046,4
1420,91.6053776645636,32.8642426091142,4
1421,25.9085681478793,14.554116466772,4
1422,8.9208615721532,8.26886641427975,3
1423,104.491550042262,34.9610115626901,4
1424,26.107071993185,16.7482729051607,4
1425,73.2895749492962,28.4256000464646,4
1426,56.6764999864407,25.745246130108,4
1427,6.93523822967139,8.24264432261741,2
1428,4.96459710244268,6.85450482605768,1
1429,4.64574920499606,4.94266692098295,1
1430,5.37283349895294,8.23445982646488,2
1431,2.73784239030747,6.4809274512341,1
1432,142.623382241888,47.7057517516828,4
1433,6.97316178296396,5.1440763172003,2
1434,76.6592366288938,30.5902818853736,4
1435,4.49876676878926,3.94375572237068,1
1436,4.18531524515273,7.95405362493352,1
1438,9.00232351606595,6.10340093888248,3
1439,11.5205128548652,3.9706109735339,3
1440,17.5727437777732,8.9536529428801,4
1441,6.50418266007737,3.30765442716213,2
1442,4.3721862270082,6.80911652991996,1
1444,25.4132016750288,7.29055546501519,4
1445,85.2625900252356,31.4252253791827,4
1446,90.2398292896493,31.7328413898894,4
1447,7.25190002536115,5.63442053321159,2
1448,7.97250471826501,5.88084034649831,3
1449,2.20473388413163,11.15838851011,1
1450,56.2747752879175,20.3959835019774,4
1451,12.1029001246536,3.83375657147075,3
1452,43.8471204847032,27.0155810079898,4
1453,26.7905678334625,14.6412155616344,4
1454,5.93939230206776,6.7303770904874,2
1455,6.59356180711506,3.44693440705201,2
1456,5.35889548900119,4.35650865222435,2
1457,16.5282695476748,10.5407608885966,4
1458,10.665512957737,7.70217501417449,3
1459,3.38561609428539,7.5549840603144,1
1460,8.75260265943624,4.00844994667848,3
1461,5.5730560764864,3.56573305505401,2
1463,15.8076039570164,10.9468263108999,4
1464,1.39807069249763,10.2721441187941,1
1465,39.1987188605163,11.3736889126364,4
1466,6.05243597783801,6.98287384837379,2
1467,3.19416263687147,9.88542340646753,1
1468,4.61741009920689,8.33566874104362,1
1470,13.9919842150842,13.0363049312799,4
1471,4.79008540996968,9.99172526831787,1
1472,7.46079272968197,4.53560472946203,2
1473,17.083631545091,9.0074385657584,4
1474,2.29203302089603,6.87721630556321,1
1475,6.42925867450581,5.59137428674022,2
1476,12.0880356248344,10.4128785881946,3
1477,8.78259248584181,7.39833962706582,3
1478,10.6212947182856,7.86749820769431,3
1479,18.7632897490332,4.47115237278082,4
1480,15.3189030194312,5.68007921470262,4
1481,15.0235959064325,4.29146300355681,4
1482,83.7889294812396,25.6549343577419,4
1483,5.66341215920697,4.04203492413973,2
1484,5.330976667509,5.61554258504281,2
1485,7.94776537514538,3.74327556907181,3
1486,6.33749045637058,6.15103056376044,2
1487,5.02181202390844,14.4269742506101,1
1488,36.2471605725522,19.6573821240173,4
1489,8.41676195526434,9.7483781532439,3
1491,2.89545889034049,6.21995765649227,1
1492,16.377841388639,11.7617848553953,4
1494,13.0871036536922,11.1925854095105,4
1495,6.97287135293317,6.61434628797054,2
1496,6.41250474306602,8.51634446699295,2
1497,12.2865788259548,12.6954505982201,3
1498,19.6360023382866,10.2805993071656,4
1499,14.8758799460445,10.5159923535402,4
1501,149.264393724744,43.2142213976391,4
1502,7.23044511820919,4.29940553559114,2
1503,3.34396104939233,6.28208153965819,1
1505,6.84276902173797,8.5193394669028,2
1506,11.0147659690194,8.52255054644953,3
1508,9.20986116768536,10.2823535852271,3
1509,3.37212899306152,4.13499159655215,1
1510,23.7976153236005,7.17809301372684,4
1511,147.530749442198,42.4075331765821,4
1512,6.42954160795014,4.40412797376257,2
1513,7.69248263784723,3.80004005203176,3
1514,84.8722091938298,31.7608319682794,4
1515,17.0658687033763,7.25457908624398,4
1516,9.51920928499766,6.50017265279484,3
1517,89.732619406078,32.5023007446294,4
1518,10.1998655413983,6.58625745915887,3
1519,20.8846717246443,13.1367829462476,4
1520,7.6772118438909,3.84125463729486,3
1521,1.42333921834336,6.25550747846185,1
1522,4.45453582183808,9.13350141121675,1
1523,8.45620583268578,4.68524433885388,3
1524,11.9364662614892,19.3441034493033,3
1525,135.829251424309,48.4108747670061,4
1526,17.2719636426772,9.26486973845246,4
1527,3.60853032810852,8.35855465034171,1
1528,13.9742683143748,7.477984980761,4
1529,9.04370546880208,5.11081409653021,3
1530,89.4662090427078,30.9992987787352,4
1531,68.0242179725971,28.3427080029655,4
1532,8.07686569323427,9.33714209701625,3
1533,87.3703945897126,32.8040844333069,4
1534,148.613976717818,39.634748655423,4
1536,13.2758950813631,8.17222345293806,4
1537,14.9023901302003,8.83128140114641,4
1538,5.35487080879948,5.83233225338962,2
1540,9.34517828874416,8.12806093889343,3
1541,6.07152823126378,6.21750512658767,2
1542,7.94118470685496,5.14533205128708,3
1543,102.538008399981,28.9300751365516,4
1544,9.75276105954073,3.73734312384913,3
1545,90.3271394965146,29.2315873043121,4
1547,2.33142474208185,9.44608906676556,1
1548,6.12427000651209,4.78613549039214,2
1549,18.0401002565272,12.5405967346746,4
1550,4.34903907528326,4.79887606744429,1
1551,0.44281385991812,4.32045323099607,1
1552,6.20178372056776,5.47686773362426,2
1553,15.8773520239956,14.5455742522984,4
1554,24.5399881983029,14.6014602321012,4
1555,11.856561573487,3.27844720543285,3
1556,88.6653364200379,30.1201399127978,4
1557,7.69911345975145,3.42257531924296,3
1559,14.6729926471048,9.86498489002161,4
1560,14.4016703883055,12.7835043755336,4
1561,14.5331488998764,6.26830800985952,4
1562,28.2403092681689,8.731309588746,4
1563,7.84294908343847,4.28816373765801,3
1564,5.54053199478819,6.56285894557504,2
1566,6.06838433218465,3.29651254894755,2
1567,13.7940950630959,6.03470869764782,4
1568,83.6684350121349,32.6723792184815,4
1569,-1.13936984244033,7.27608216267708,1
1570,6.74417645357693,8.13248761353307,2
1571,19.2856128122555,11.9346081790856,4
1572,6.74092718828769,5.89500844050333,2
1573,-0.354016829254263,6.0526249907377,1
1574,21.8332735351249,10.8296094989846,4
1575,7.26091915042,5.26381917288382,2
1576,45.0762293787854,14.1440083415735,4
1577,15.6879523549742,12.4267887506899,4
1578,11.2186904049513,8.85952171044687,3
1579,8.21438940414226,2.67909487722277,3
1580,90.7847634377888,29.6096491059574,4
1581,2.7093287417521,7.45943765621361,1
1582,6.64140289782417,6.85279381087183,2
1583,69.662435408038,30.1731916337565,4
1584,6.11078810004781,4.99381105315533,2
1585,6.03626120782356,10.6532457345283,2
1586,88.245963517021,28.9809986833754,4
1587,11.7390058928208,3.76458260529457,3
1588,17.1686411100291,8.44026170840703,4
1589,13.7522285948009,8.80194418434171,4
1590,150.71078490713,40.5785741929962,4
1591,7.19927981997892,4.14834158759169,2
1592,6.13358659049334,6.08425712702545,2
1593,6.73758844494292,3.00112142422021,2
1594,11.7578729667071,4.10124516850711,3
1596,46.3991377993426,23.9939425619728,4
1597,26.4897844588939,13.3550558969879,4
1598,84.0165008680372,27.4041533448726,4
1600,7.56630793406073,4.5261953634731,2
1601,84.3350824205139,34.3522950538485,4
1602,5.42857178033845,5.11152810348108,2
1603,21.7470484619755,18.8735499955891,4
1604,6.63360898628741,7.24374858627248,2
1605,102.552732648626,28.3510176783017,4
1606,57.1818305051458,25.730236272649,4
1607,3.08797357899579,12.3405237085159,1
1609,105.476709352694,31.4149805035502,4
1610,10.0143698929227,4.1041947191269,3
1611,5.74927394990457,7.53688852740959,2
1612,11.6171674120395,9.00615150273219,3
1613,13.6950068946653,5.65905486721777,4
1614,6.3778880677975,8.25335390694093,2
1615,19.2549998492058,6.52088769430297,4
1616,22.2855662598451,4.80750700811747,4
1617,10.6966387126405,6.90974711826934,3
1618,9.32859336982517,5.26664652869768,3
1619,20.0671847399827,13.9081403654084,4
1620,5.52351306275519,3.99904078423317,2
1621,7.61495029477292,6.17229671948228,2
1622,150.006804961149,42.2688839606597,4
1623,5.9259935616167,6.12658597822894,2
1624,25.2772447080966,13.0694621187012,4
1625,8.43444051901123,4.89950961447828,3
1626,30.6397239473847,16.0249183775456,4
1627,73.7927199352211,28.8328852539094,4
1628,7.86834377575613,2.98495880773993,3
1629,8.16760479534281,6.81041498234576,3
1630,17.2469009976801,9.56825047804799,4
1631,5.61305341648073,6.33423803930902,2
1632,6.79768897941116,3.70570436420554,2
1633,8.89815930328182,7.70307738784045,3
1634,3.97206211429754,6.50037876726074,1
1635,8.30621019157929,3.93461596067866,3
1636,143.392401766881,41.6048730745952,4
1637,22.4010444019285,16.9141014429842,4
1638,18.8947579803051,11.1663731627262,4
1639,8.28441863062574,4.38006036979662,3
1640,8.6088891802716,4.08510562383004,3
1641,3.68762080597425,3.83874041329986,1
1642,10.9700796645719,2.96957646846775,3
1643,8.13748346249129,4.58383082065209,3
1644,59.4863159073404,25.1963442643651,4
1645,4.66579048985246,4.38617998295008,1
1646,5.16062566395961,8.61530641087265,1
1647,27.953726618325,16.9499302081414,4
1648,4.99909774311406,6.52709901045299,1
1649,15.7505311886187,15.2946020499705,4
1650,8.07120686484264,7.33135960505115,3
1651,41.8855845337364,19.624319494841,4
1652,63.4712646184865,25.5940637723836,4
1653,78.7542718097307,34.0046892341747,4
1654,6.69176656332123,7.74453361785999,2
1655,7.44805700219325,4.63600062746532,2
1656,8.88887913975752,3.25793885115238,3
1657,8.57793347287988,3.11973499476806,3
1658,9.45836161037757,9.68928298947925,3
1659,-0.0804927435066896,10.5707442067874,1
1660,87.2214741736567,32.5618816814617,4
1661,60.241136753767,24.8796145915425,4
1662,2.03571307481326,6.00839685686708,1
1663,13.9103915879922,6.57557845397912,4
1664,11.1210834799208,7.09401887926775,3
1665,9.32382434532402,5.45294207698239,3
1666,1.88258776025109,4.97757611771446,1
1667,4.74061288609678,5.60925258739799,1
1668,5.64783302291024,5.58044056393871,2
1669,18.7745109055641,13.1109114245125,4
1670,50.0085734965936,18.0198218186716,4
1671,0.887730620502469,2.7534022916722,1
1672,142.028275398196,44.8919758735244,4
1673,25.7920451275062,6.8820169460225,4
1674,4.89570869871545,5.97420562078608,1
1675,15.8005975265337,11.1048875533199,4
1677,3.5843242869385,6.4976888420327,1
1678,8.48762882327526,3.39980329263638,3
1679,8.00159631780421,6.04497811120524,3
1680,93.9965247248157,30.5650326384148,4
1681,24.1808928836057,16.1939948518091,4
1682,30.7080187981553,16.4561795203454,4
1683,7.67956633089501,4.25787114517678,3
1684,33.2454264594374,13.1331391105114,4
1685,2.80987411468088,7.71018407700368,1
1686,25.5262050914352,15.3489727417844,4
1687,12.7984162305131,10.4652950851102,3
1688,87.2875447134907,30.9889617858241,4
1689,3.41941400897864,7.56126705180509,1
1690,8.76555313229089,6.02315585464171,3
1691,5.92216136055914,3.41396265896024,2
1692,6.78626174612285,7.18233298881538,2
1693,6.39701727533758,6.57076676041244,2
1694,8.51156793384023,3.63541970453387,3
1695,7.53662542101993,6.08442535201911,2
1696,7.96582816056941,4.50572243764311,3
1697,141.173443917495,44.1242343453408,4
1698,134.552480321167,50.4842703890341,4
1699,6.4398398802471,9.33649419560712,2
1700,3.26509229666493,3.79119078888342,1
1701,6.65622293126461,4.47275694882613,2
1702,83.8106914125683,30.4593601803661,4
1704,7.54896670043323,6.58504497507165,2
1705,5.16626207421359,4.87403063882483,1
1706,11.1714479513226,5.72526629572513,3
1707,91.0907928990913,31.5639451979842,4
1708,9.07762611665394,3.14463638692759,3
1709,11.0980631054799,7.46455653560043,3
1710,15.9394770035075,20.4316300500957,4
1711,17.4184243565295,8.8118519763283,4
1712,9.13699093738372,7.99597076412734,3
1713,6.66665846882796,4.29820621498462,2
1714,6.07642524710257,3.45009199417303,2
1715,16.3209398454506,18.3368062089529,4
1716,23.154907142143,8.42525043871912,4
1717,7.11801436924269,9.48498433724632,2
1718,64.3002949108587,28.3443492609898,4
1719,8.30935147521207,6.67841770663452,3
1720,11.0029865780011,5.47137074503932,3
1721,0.441438949222154,3.19376108310104,1
1722,6.30896320670837,12.6982936123555,2
1723,1.32831181766549,5.42257166724409,1
1724,7.86845655916803,4.28847538831068,3
1725,4.97778836255703,7.14011259033701,1
1726,5.92018942811113,6.05724708057541,2
1727,87.7459596457669,32.1803797373061,4
1728,6.6938680828253,3.50195467031335,2
1729,11.5025741422198,2.59053403666505,3
1730,3.22074382547004,8.08443726805958,1
1731,7.13705028978552,2.9774862907532,2
1732,21.4494453021015,9.96419200334897,4
1733,89.7541248411644,29.8002323516431,4
1734,6.05063533656585,4.9094872133205,2
1735,30.9937092799588,19.3440399643262,4
1736,8.84474503087312,5.42554284594679,3
1737,17.769664965411,12.2507109543108,4
1739,72.6507347119176,29.8322323488944,4
1740,5.5064333793147,5.58536948245923,2
1741,7.52011666779174,2.95235910138099,2
1742,7.20944285909693,3.43047940877782,2
1743,5.60910367017243,7.89144057054595,2
1744,2.89582479551969,4.05498296286586,1
1745,85.7704008835577,31.3427791214288,4
1746,9.28938087440876,6.9441378988584,3
1747,7.52198436592848,5.40312638719612,2
1748,9.4485783134532,5.26848769348674,3
1749,87.855063640741,31.7752901552278,4
1750,9.78091708272885,8.16244765296644,3
1751,4.64316385427766,8.35970415565259,1
1752,88.8411310824628,31.2945731006545,4
1754,8.70937781907998,7.32278760144455,3
1755,34.3545781603693,7.27901506291944,4
1756,0.936268806731606,8.24747812230432,1
1757,11.4209331030991,9.78658043819626,3
1758,7.76986459903757,4.32406026149431,3
1759,4.22231009770841,6.93873291180597,1
1760,7.52840265178764,4.28453081791269,2
1761,4.65174638190584,7.0847064228845,1
1762,8.69623724344129,4.23954844093187,3
1763,60.1147887496545,25.969053160327,4
1765,6.03737126961482,4.70938850943606,2
1766,7.92651378786026,5.91593294393239,3
1767,8.00899840413111,4.15401694893298,3
1768,20.147291328066,5.58639605839986,4
1769,149.034526933665,41.8795025315938,4
1770,7.72270613513254,3.39435701740901,3
1771,92.026638008026,33.6169115398164,4
1772,147.299017654268,42.1762196971061,4
1773,10.289781387987,4.97582146750013,3
1774,16.4587358864541,10.1807519804714,4
1775,3.28529112378756,9.24594536593133,1
1776,8.98022433760279,3.41594684753314,3
1777,12.0450294172134,14.8185513309969,3
1778,12.8161719049151,10.3473550799398,3
1779,90.8113297917665,30.6926322215052,4
1780,12.2512434671738,8.94602213299048,3
1781,82.8133832141705,31.0257427421051,4
1782,7.50024354623521,5.37591514425829,2
1783,4.73533379932388,5.11257965748747,1
1784,5.95025427178493,5.85820714863118,2
1786,4.3393691408427,2.93896627858375,1
1787,9.47730332084974,7.62873774335922,3
1788,8.37987762677853,8.6388993563846,3
1789,5.53135230743377,7.73367609659077,2
1790,3.75697646355849,5.22782489293858,1
1791,14.8223409730555,11.33654701498,4
1792,8.10798874900115,7.43334445558997,3
1793,66.647114148346,25.1950127707949,4
1794,7.8010672353826,5.80672986777121,3
1795,13.8258095996535,3.78942006987047,4
1796,5.56330566013309,9.21676625566179,2
1797,4.54943783076855,8.9567415666248,1
1798,26.4225694109721,17.0167849623224,4
1799,9.08809413348707,4.5640787920827,3
1801,66.5367089076618,24.413470797304,4
1802,4.15663106254174,3.1091303631293,1
1803,8.22764427638668,6.51344578587603,3
1804,95.1617216565366,29.7777919499851,4
1805,84.3418768535994,31.7071523039616,4
1806,21.9707707586722,16.3799842466463,4
1807,91.4737970159954,33.8435259272571,4
1808,7.02856198819412,10.7047892976763,2
1809,17.7464013020298,14.8796961942558,4
1810,14.5917266403602,6.43110161862749,4
1811,4.96667494012367,4.89611559018262,1
1812,12.1015286245366,14.6881323165085,3
1813,15.1563524462833,8.29411241852265,4
1814,5.42731925949309,5.91703491144597,2
1815,80.9929603825374,29.7624858949964,4
1817,6.12866795718936,5.38531976893153,2
1818,13.4305862240118,7.36634921101496,4
1819,6.18355529838895,8.49353360595068,2
1820,6.1983188226376,5.51899101973121,2
1821,20.7208736962403,13.7678266233324,4
1822,9.84951248694422,3.41892541596232,3
1823,7.91738427092557,7.4767076589889,3
1824,7.22753430444418,3.67069219770868,2
1825,144.84933783774,43.5260418559674,4
1826,9.72021613778132,5.56647975060373,3
1827,0.905555568597316,4.12916432170857,1
1828,7.4078212344098,4.48464754878781,2
1829,-0.600045727576586,8.38280336552783,1
1830,7.81245213199719,4.36098181854834,3
1831,87.0233163060384,33.418524321493,4
1832,0.140279326226999,6.36366086162025,1
1833,32.9110723268583,14.2279779885858,4
1834,7.23401465793921,6.68283283705471,2
1835,19.6935234734951,13.3167969003604,4
1836,2.0770332915683,6.07883250529845,1
1837,6.39946034213358,7.88407767957362,2
1838,4.88045653889006,4.77216175339037,1
1839,5.14239420856651,3.1429548527359,1
1840,8.1686504875039,6.75904258763398,3
1841,1.7093761406632,6.37967216550392,1
1842,80.166892944494,32.2691351914717,4
1843,6.6331229446703,5.38717465384274,2
1844,9.77320235029207,10.1088207090613,3
1845,79.5690203403237,31.164243224782,4
1846,53.0351929429675,23.2234441463828,4
1847,3.28622901842345,4.43833593641747,1
1848,7.75610262289837,6.31498071244724,3
1849,46.8989020405392,24.9418748256681,4
1850,54.5993769948812,28.4211195828671,4
1851,4.71275900057222,7.24983385042859,1
1852,-1.11133465760562,3.2006711747045,1
1853,7.97666691463073,7.81581584338788,3
1854,63.8796330660023,28.6182560357399,4
1855,4.213351326677,5.93911890663585,1
1856,7.82494045705907,10.3337191510861,3
1857,6.58879967844407,9.28228687443147,2
1858,17.5454055397492,9.67536047801571,4
1859,6.22937709550497,3.45020256698737,2
1860,8.35597272109434,5.7734371830605,3
1861,6.79384749334917,5.46260489239345,2
1862,5.44032174897626,7.69911039147397,2
1863,7.41983213574116,5.08951733831839,2
1864,5.95129478321606,6.13837707848522,2
1865,3.36527530720398,8.62185534722246,1
1866,8.73232934861903,4.28320226922408,3
1867,6.85205898216767,6.40919239907166,2
1868,71.8444353905025,26.0661899767054,4
1869,8.99346441314166,5.76230848207745,3
1871,10.5354054458244,6.08277334230656,3
1872,13.6808754862599,9.42437933866113,4
1873,72.600877437018,29.8805533449381,4
1874,17.9304969301181,12.0529387271112,4
1875,6.09772006079488,6.25690190416549,2
1876,6.17175993117635,4.39410700671084,2
1877,2.40415276299721,4.39325087619689,1
1878,2.89047574452984,4.58894907622354,1
1879,6.30324372524552,5.04721555576624,2
1880,4.86659471587206,6.09871240580289,1
1881,5.69242411788617,5.50241063893267,2
1882,13.6266179400123,14.5384440128484,4
1883,8.09842110198867,5.436817200504,3
1884,7.88943433743071,6.6124582191408,3
1885,8.16818585414261,4.48119207925774,3
1886,3.81142292102957,5.33664672225971,1
1887,3.48201816457502,7.51907179427924,1
1888,3.56644461122623,3.51743655262371,1
1889,36.3019178194273,18.5924100885576,4
1890,10.4613075450908,9.03055694339616,3
1891,9.27625154768693,11.2472255345948,3
1892,9.68651101753579,5.63570390639403,3
1893,14.7192333666195,13.3967966171897,4
1894,4.95313909780157,4.14246416265519,1
1895,6.53003329114824,3.47599935556254,2
1896,5.36577180171448,8.07874251421619,2
1898,4.18379366798849,4.81732927304929,1
1899,0.774558957915249,5.08856692382511,1
1900,10.5218180645721,5.32512421260608,3
1901,4.61551413517097,7.92480803855822,1
1902,7.87957476103508,4.44237066079875,3
1903,52.9990104500745,27.2629829894114,4
1904,19.8084551647633,10.9049028318135,4
1905,10.2874270960643,18.4539039862353,3
1906,13.0415638016332,6.85693104569086,4
1907,6.1949493873381,8.1413340965331,2
1908,2.10388208634125,6.77842344337346,1
1909,7.64889191381497,3.90727462291006,3
1910,4.33861813178958,9.16181820339772,1
1911,9.10726958006057,3.66498055870981,3
1912,12.0926132627347,5.27966474299714,3
1914,25.6302668083502,13.2920217188386,4
1915,91.0493135693521,28.358008523779,4
1916,7.0137648566465,6.16913322105101,2
1917,8.45095684624441,6.37141850544674,3
1918,10.2134331196028,5.34029120362346,3
1919,7.92521291931767,4.05153916482184,3
1920,4.58318556408253,3.99240892878023,1
1921,7.65781159392341,9.48804576771929,3
1922,4.88175536484037,8.92770142168492,1
1923,9.08070868981905,3.98809811305829,3
1924,7.82718277050296,7.84872131226592,3
1925,9.14577187348702,2.91826697139484,3
1926,9.19197655443305,5.93688502383232,3
1927,81.6966851024624,28.4817079771223,4
1928,6.4774780595301,6.89182737539686,2
1929,6.99422131034029,4.85593602001772,2
1930,8.74427527410418,5.9226683540577,3
1931,10.3986649040671,4.56304064756033,3
1932,14.6790667350359,14.2238433155127,4
1934,12.8960741720735,19.2791779274364,3
1935,30.5729895220494,15.1398704149227,4
1936,2.53951356875612,6.54176074543114,1
1937,11.323303185043,8.0515810531116,3
1938,3.85015012672405,6.54113685663309,1
1939,5.77480707894108,5.27652130796192,2
1940,6.57501970260481,5.20390959544556,2
1941,6.85210979999346,5.98677461991385,2
1942,4.34482340412196,7.75175186745235,1
1943,7.00385085815875,9.98033442002821,2
1944,25.7823498813129,18.0046157862762,4
1945,7.32762646835156,8.84995707313694,2
1946,11.9577580516431,7.59517514088817,3
1948,5.09098219425048,8.44443935481917,1
1949,3.45458685906591,3.28908000789374,1
1950,4.86415397295174,5.40523895411069,1
1951,6.20074756764297,3.84420919173462,2
1952,5.22224450522931,6.4858001820508,1
1953,4.86728592533435,9.85022381339965,1
1954,10.5542359304682,6.52859759813566,3
1955,8.31398978120537,7.05637768881568,3
1956,18.91606167799,10.4860477668157,4
1957,14.4163921645801,9.34768149905402,4
1958,5.45667760111161,7.18351473098055,2
1959,1.83302197505556,4.88802421809411,1
1960,145.852524059695,43.5020843104162,4
1961,2.0958396003424,12.5616245412839,1
1962,8.36783342780359,5.0412521102641,3
1963,6.62794204245583,2.82513057919694,2
1964,10.9285317981542,8.23309240929124,3
1965,12.8143459179168,11.1179652443084,3
1966,9.46194735882317,8.10955921130821,3
1967,11.0077087786471,5.1593457597822,3
1968,11.8361606679063,6.8307509517133,3
1969,4.86076696469122,5.80539227224173,1
1970,9.38262894564929,11.3411413923629,3
1971,13.3917893753538,6.44336169767912,4
1972,44.7234522190189,23.1730299607476,4
1973,10.2326813245748,4.54004698149024,3
1974,17.8285834054054,11.3144735172797,4
1975,3.6948769631742,8.20584169228886,1
1976,6.8598925479491,7.43859598751418,2
1977,3.11903073780467,7.2521193827807,1
1978,3.65698900798903,4.57840160540637,1
1979,11.5341437085136,3.90013194887244,3
1980,6.83132343777646,3.45230636440058,2
1981,18.2584621137306,11.8128169697213,4
1982,0.306863779981581,6.01677385039767,1
1983,4.38604935985061,4.41299477851547,1
1984,4.95326013504488,6.19700630814819,1
1985,8.59135993622336,4.70026894904644,3
1986,86.7572119556311,32.8672598482319,4
1987,1.20863516698521,6.98687611517429,1
1988,94.8869415786662,29.0649539167217,4
1989,88.6270801519195,29.1262063860069,4
1990,20.8030276924777,13.8699421089106,4
1991,7.37734234372859,7.14029828022508,2
1992,6.74160358856809,8.20412005199275,2
1993,5.33658924371074,4.95772400332411,2
1994,10.8587965513452,10.2501319331937,3
1995,1.90094724925037,5.99856426624597,1
1996,3.4033818525334,4.08952533326894,1
1997,15.5917812483004,9.46558168452383,4
1998,5.7178150132977,4.56313191972867,2
1999,6.96583825159121,6.11569588151162,2
2000,6.35656629997753,7.16284105146304,2
2001,8.52325689787518,4.31404672811714,3
2002,6.6844487138735,7.44745351186932,2
2003,7.04794624429008,11.2955178635444,2
2004,18.2331077990437,11.8835833829792,4
2005,4.83482966251792,3.82721928005005,1
2006,24.0825556024994,16.4156182016204,4
2007,21.5235985454693,13.3872919712638,4
2008,3.06712099806459,7.54399255607648,1
2009,5.65384507161195,3.79952466422862,2
2011,94.9262766748592,27.7722656209261,4
2012,7.68358743522884,10.3636875923433,3
2013,19.932024993764,23.0087308233241,4
2014,2.57740919312066,9.79354732412006,1
2015,4.03362085771293,7.97036623191585,1
2016,5.62541745229733,5.787257937993,2
2017,7.51787532039747,6.10559060494708,2
2018,13.2847190001236,17.2206308502785,4
2019,4.19841713207974,6.26276188407055,1
2020,42.9564247601712,20.7851295808196,4
2021,1.02574151786709,4.73138431286274,1
2022,12.1187295403153,15.8167852219629,3
2023,6.34778404524832,6.75652994781668,2
2024,7.24395904527933,7.21807300889116,2
2025,8.51667588269399,3.12615558299657,3
2026,28.7703363462957,11.9717649798241,4
2027,136.268499240383,46.9481454900625,4
2028,4.88374805704683,4.52356471661212,1
2029,4.56311114337134,3.65090668090014,1
2030,5.69928519643019,6.04812798057128,2
2031,20.6497377824472,9.36526975943985,4
2032,2.42676646067501,6.43819681195321,1
2033,5.8932501070891,3.23901777050669,2
2034,6.64455332463008,7.26428349893588,2
2035,8.29697803459938,3.97617422130906,3
2036,5.88000133550012,3.48433816164288,2
2037,11.9931389786617,3.16172010277824,3
2038,25.8048721695858,13.9106583167177,4
2039,5.73552731129702,8.13041373931556,2
2040,7.49424703957899,6.66091259434876,2
2041,7.8340126565496,3.43642626586545,3
2042,8.26923326016796,6.40201290497872,3
2043,9.35602355499894,7.6539777139367,3
2044,84.7686796143965,30.1860308246864,4
2045,13.2011058833312,7.56327213512786,4
2046,76.0977786003941,26.2249741011371,4
2047,11.9508843337292,5.0731353693567,3
2048,84.5049235550084,29.4741848794956,4
2049,4.60037424277049,8.83423230600808,1
2050,3.22302995632044,4.92774837213418,1
2051,4.48030653478145,4.85973262100714,1
2052,18.9951080444939,11.5202993992542,4
2053,5.54175675334685,6.33831301875619,2
2054,6.71761253553149,3.6276868628679,2
2055,2.52305635815715,6.33009198177668,1
2056,20.4305223455103,10.9536273463177,4
2057,5.87042461021284,4.39481055051004,2
2058,8.13826020455707,3.64159502987098,3
2059,8.92696460867493,4.35314630689683,3
2060,13.8894240202589,8.65402845610953,4
2061,3.57816657709506,10.6696568433042,1
2062,24.4378027612239,15.8149279949285,4
2063,3.57430489814208,8.87441841218551,1
2064,31.7697901104892,21.282657270951,4
2065,3.29046694576452,6.15368280312474,1
2066,4.76411102946688,4.91545860524206,1
2067,3.79563421272884,7.77599904657842,1
2068,5.6860748093778,7.70715528853401,2
2069,5.74243927228019,6.12770069012346,2
2070,6.36396192899228,5.32252024870193,2
2071,4.76845937175952,2.94431598829192,1
2072,5.89367098651511,7.53186264345978,2
2073,15.3072969123666,9.50089117519301,4
2074,3.36456728506408,4.68295714178975,1
2075,8.02002740648937,3.30758519547221,3
2076,4.67101154808403,5.87681233234892,1
2077,9.07651896434552,8.12138001964966,3
2078,5.67638537409145,5.6730202504385,2
2079,7.2043726902568,8.75571479174419,2
2080,5.82025803610572,7.39142188571321,2
2081,156.930502544968,41.514891111086,4
2082,6.67447820681993,4.89676843849348,2
2083,3.34075830658872,3.14031021835462,1
2084,9.00570939482988,6.31289407799491,3
2085,6.55908313584656,3.49261170306005,2
2086,14.1658145842492,7.73527806938488,4
2087,4.45486332018627,6.4934078238738,1
2088,17.1207652145122,4.23138260654091,4
2089,18.7961965313153,6.84516444712167,4
2090,6.75200556051282,4.46461123276684,2
2091,5.57589059299489,6.94223292256431,2
2092,29.695766720937,17.061759691403,4
2093,15.2306903291991,12.849873896077,4
2094,9.0713862085625,3.36605277295884,3
2095,8.14572854881468,4.44696570376492,3
2096,12.4303220551456,7.67651177695699,3
2097,2.84619824324431,5.80561723685564,1
2098,6.13700647034801,3.06811877521902,2
2099,10.2955510158624,3.85075975644439,3
2100,17.5489277211688,10.0613613554696,4
2101,3.37129504947663,8.10304056065844,1
2102,140.496817867941,44.8799749326201,4
2103,2.01929296904257,7.96165070946438,1
2104,3.70585694916544,6.96926745390613,1
2105,3.4704557274882,2.9104751023892,1
2106,11.140364756693,10.2622452609721,3
2107,9.39874382655688,8.82738585195027,3
2108,11.8606508232308,17.9705149577369,3
2109,8.31030333728498,5.54083214072682,3
2110,3.92243136518099,3.25778413451167,1
2111,2.88512018563292,5.88671874401786,1
2112,4.62172367617312,7.03863872252573,1
2113,7.25751862819571,6.59224326509039,2
2114,19.036831849735,10.0921723330028,4
2115,93.2303390266318,30.5017282225399,4
2116,146.995366923259,41.3027298924528,4
2117,74.8330238284921,30.3101525434531,4
2118,85.4188676341611,30.6451528800612,4
2119,7.6231527773863,4.81355120482995,2
2120,6.86066423528523,9.93895931981129,2
2121,8.14841397742125,7.85730847669392,3
2122,4.65319746149687,19.024232938116,1
2123,7.21837643308084,3.06457594807777,2
2124,5.63564254353571,5.87935187578051,2
2125,8.04384625681176,5.09206466354666,3
2126,8.21623097264938,5.02617396543428,3
2127,10.1378358826596,5.29484864217403,3
2128,7.76403491626421,7.7700923126976,3
2129,15.2282488565043,7.68376323470003,4
2130,11.0677536225898,6.70033415498848,3
2131,11.0667747711999,8.76227147969301,3
2132,14.0704078322691,18.9860762670419,4
2133,3.97786407955783,7.1539287679003,1
2134,91.4696670345396,29.6831934212228,4
2135,95.7839868508168,31.6147646118928,4
2136,13.2163398953049,16.0467530965696,4
2137,3.66097752342071,6.73040981599392,1
2138,4.74286171731343,4.51786557444946,1
2139,6.24253380682293,5.01876819793738,2
2140,93.6354790524133,33.4494443731778,4
2141,8.75005259388569,4.23833974917643,3
2142,93.0842937109694,30.3509492790909,4
2143,7.68804961685322,8.98545491189307,3
2144,4.03048665551121,5.14271000051481,1
2145,106.906839311674,31.7899683319698,4
2146,3.2663838562666,6.94729121812671,1
2147,5.31730877710808,6.14783346802963,2
2148,4.92871743378392,7.90737548916661,1
2149,3.47059014311627,4.39904706038415,1
2150,11.2314954380403,9.22704955797832,3
2151,4.55625908180986,7.51386823576328,1
2152,6.15753628386649,4.69871578835792,2
2153,13.1572698203674,7.3223710275033,4
2154,22.7370582243676,14.2233227620407,4
2155,5.29556491707185,3.56847898628499,1
2156,5.15727095627415,3.55385421208547,1
2157,5.09644301475237,8.16373121830536,1
2158,2.57981587469351,5.67198770860134,1
2159,5.23101193571134,6.89766050968649,1
2160,16.5079435614102,11.1414446509316,4
2161,8.72697990448146,6.88429966422094,3
2162,9.80734562649977,4.49487379126517,3
2163,7.59821671598102,4.94186520472239,2
2164,4.38627895544027,5.96077809840719,1
2165,5.43352989922476,7.01949534025945,2
2166,6.55084541152897,7.27864631195987,2
2167,5.03300821137902,8.81007991267303,1
2168,8.88400164739982,5.94775510328854,3
2169,7.0366519249537,5.80210158600021,2
2170,18.9808608778956,13.7163135200704,4
2171,6.38229424795813,6.42155733881285,2
2172,10.1327056529393,5.21430207937019,3
2173,8.0261448004944,5.71824225614106,3
2174,7.78750642902427,3.77916496889942,3
2175,3.7191155036465,6.27127517081936,1
2176,7.48765500851183,4.09274052587943,2
2177,111.59064533156,30.3950582161799,4
2178,9.03706150290665,3.07941176871729,3
2179,13.6466757972953,15.4052955022567,4
2180,12.1394893168564,7.10957865552197,3
2181,1.35201016258898,6.67783814858848,1
2182,1.82083092904793,5.82912299865879,1
2183,9.2070193028344,6.15584050003477,3
2184,9.29231843174261,4.82564302875829,3
2185,7.36437985874334,4.30274112683762,2
2186,3.3395225389628,7.04121049978371,1
2187,7.58295440002408,6.47167569238027,2
2188,68.2580430514691,23.882570211097,4
2189,7.48337564187933,6.34237807802674,2
2190,3.28210326983888,6.09194062981126,1
2191,9.87987623333524,6.08178323776424,3
2192,7.59254229544915,3.10644049640048,2
2193,8.02416454072987,7.19884256833957,3
2194,7.09347526432955,7.43524409336111,2
2195,17.87673775847,8.707533215459,4
2196,114.015874169897,28.8596953274799,4
2197,3.31063002064394,4.96940247274748,1
2198,82.522190024397,32.4423761368525,4
2199,7.68750595132711,7.72547828241226,3
2200,6.95998789877136,5.62580012319953,2
2201,9.5805628229705,5.11547821047618,3
2202,6.73073101813269,3.04053183637993,2
2203,5.86514444271816,5.36699359843578,2
2204,5.56630015977847,7.15473365121119,2
2205,13.1627266059557,13.0459769584172,4
2206,9.77320792099892,5.29133976210075,3
2207,4.53506797956637,3.89203846151411,1
2208,3.96990808347915,5.15670977908841,1
2209,5.67449053152316,7.64587390497555,2
2210,9.29393140853542,3.93885731116467,3
2211,15.7079952547061,10.5046825549862,4
2212,15.7398371534444,10.5955591949461,4
2213,7.36580036781005,5.35660734301608,2
2214,7.61009162829826,4.85369155740754,2
2215,15.9615576149323,10.9556610722649,4
2216,4.18176073015862,6.76139130161351,1
2217,4.12234480014588,4.9529371759586,1
2218,4.22465107555231,5.21405718625054,1
2219,7.48832723001198,6.39036922103572,2
2220,5.62792536970857,10.061876241271,2
2221,7.41915868455781,6.59383292090429,2
2222,7.03173783713059,2.98155558712057,2
2223,21.0144014047888,10.3702559535462,4
2224,7.36915598499756,6.34687396867796,2
2225,5.59752268598643,5.28456493063821,2
2226,6.07852795328266,6.35927958941426,2
2227,3.81266274094815,5.2302252627306,1
2228,4.35052337135867,9.024228633112,1
2229,43.3366685553157,27.5173700217182,4
2230,83.8146589360944,24.3684669994991,4
2231,10.1705688045639,5.99885715120177,3
2232,77.4476798273414,30.8500346486016,4
2234,5.73674015613212,9.98618522641911,2
2235,2.22647602642008,5.5795659626399,1
2236,3.60620667461434,3.59432760939279,1
2237,21.6816627800642,18.0837736278366,4
2238,5.39952969369031,4.98317205040184,2
2240,8.53280774172876,7.45918941239812,3
2241,2.50215987013071,9.67423757267209,1
2242,83.4176555336726,30.7517603560538,4
2243,11.8784278483556,14.4605982427367,3
2244,6.32605107267817,6.48987212033788,2
2245,6.93343884853345,12.676361537636,2
2246,69.0286149831789,28.3462155243599,4
2247,63.8065919871679,28.0320142461288,4
2248,6.87675838192288,13.027429967868,2
2249,13.6590298546211,9.649220903841,4
2250,8.87391705480694,8.01568642519736,3
2251,3.92286736648576,8.33074709157174,1
2253,20.1028216780406,12.2404178133382,4
2254,2.91568424192027,7.11853908847165,1
2255,73.9438469164923,25.3547821956589,4
2256,4.92226998535905,5.89005178830075,1
2257,6.13276123198559,4.11690902149023,2
2258,6.79771632735757,5.00266221571064,2
2259,2.67614086961434,8.70307075624316,1
2260,1.91023406772227,3.74539499555005,1
2261,20.558431324169,11.1371671098023,4
2262,6.58342644081806,6.41349340498449,2
2263,9.66480831734022,6.23637096797188,3
2264,4.55729880836055,5.6285873005961,1
2265,8.13284202750148,4.61873277710288,3
2266,6.48682005280389,6.46388352475259,2
2267,81.3454087140826,29.0853790819458,4
2268,6.49468511028068,4.51678751173271,2
2269,26.4786016528535,16.633064424841,4
2270,8.45083036005452,3.77549082650161,3
2272,135.971808186959,46.8663474440461,4
2274,47.783380708267,21.0133899232812,4
2275,7.96796616537418,9.36303733631087,3
2276,13.0429684881888,15.534546317949,4
2277,5.59592960605839,9.47639178755481,2
2278,8.51668746645036,4.63734108941735,3
2279,2.92118784101132,4.76433073741451,1
2280,9.59204215156918,5.65851066579385,3
2281,7.18905859936245,6.0599565133554,2
2282,3.61142737248076,6.25356472744221,1
2283,5.64074324491257,6.04603662378998,2
2284,8.86567458150845,4.09842880447484,3
2285,7.23633361582238,3.13297422999302,2
2286,3.54927564875797,3.71650451435636,1
2287,5.24953551137642,5.99031521275994,1
2288,135.769229451034,46.8060137763872,4
2289,4.34633916825134,8.50717589201379,1
2290,16.7956574802458,10.5649495935165,4
2291,92.2782726017348,30.5406157384461,4
2292,15.2307211029441,9.61463696444027,4
2293,8.78518835492716,5.00038215242472,3
2294,7.85854208607635,8.53818302508856,3
2295,5.33217526341561,6.5290896776726,2
2296,7.10371034124514,5.90197760649437,2
2297,13.3272874634708,8.92761419907987,4
2298,9.67734208116279,5.3812755376669,3
2299,7.72722269535388,5.97677280295904,3
2300,18.7162366061987,11.2815000389035,4
2301,6.92676436368612,9.31858900556421,2
2302,6.82809629591269,3.91538364227296,2
2303,5.54541766957723,6.26991275230036,2
2304,65.9787800568561,24.9374020491054,4
2305,4.7448507251008,9.83439076143289,1
2306,16.0313198008081,13.3961955922743,4
2307,21.1782000683424,10.9369026079732,4
2308,7.69364584486724,7.00601075070256,3
2309,2.82008194427016,5.44051301830636,1
2310,0.555120844940112,4.7700946602054,1
2311,89.8603799357535,30.9176627346244,4
2312,5.12607152764484,8.89937956191256,1
2313,5.15493569465581,6.93398227798819,1
2314,2.71403233224671,8.15275007834841,1
2315,21.9515704805608,21.0606213022694,4
2317,9.51121001753732,4.49846944259545,3
2318,2.21130967999438,4.08525567282122,1
2319,1.51338184839896,8.43896041492135,1
2320,89.2790110837077,32.5212418943339,4
2321,6.95091850053268,5.38883341755188,2
2322,19.5616223934756,14.5403566223982,4
2323,22.7188064837533,22.9491333058828,4
2324,3.62694764429102,3.96390640120422,1
2325,89.300605371997,31.1835746527506,4
2326,2.54253966056734,6.70882221005688,1
2327,88.7540054611578,31.2430361887707,4
2328,14.6571250778644,11.7366546052417,4
2329,4.32394059767042,3.53417224805983,1
2330,9.14012382342341,5.56664022619637,3
2331,6.9706628584509,4.8616220214832,2
2332,16.7280307928675,14.4121082694496,4
2333,4.00964477670421,6.19726229188767,1
2335,9.215987768136,5.52498816977542,3
2336,6.75199541597298,4.44032918982988,2
2337,73.7929131954899,22.9086286297489,4
2338,1.71454250872417,5.3651672192364,1
2339,2.15829113651747,11.1700762235662,1
2340,1.335215207996,9.79874992316506,1
2341,3.4977965083877,8.03010637566391,1
2342,9.60518144701915,4.51466600332037,3
2343,142.362261400338,42.957234961312,4
2344,4.8645888802809,7.99981160941987,1
2345,3.19227967018062,9.0702230244399,1
2346,77.0517249787503,25.3001555794118,4
2347,6.57547000526956,3.39090201273992,2
2348,3.35981757785983,5.16988975951247,1
2349,74.9721358923995,22.1505775038437,4
2350,16.0654302113962,13.1895139101774,4
2351,9.40959750975876,4.10705857742605,3
2352,5.22287582835883,5.21936753288748,1
2353,12.6463965222263,10.2387709929049,3
2354,6.94855377496305,6.97018893772357,2
2355,12.1768648829367,3.46567699725448,3
2356,50.7953135925682,26.8814854217317,4
2358,6.46720836927987,4.65029433820788,2
2359,12.3946217886253,10.3882546805958,3
2360,11.8691625553788,8.24303039289902,3
2362,12.1262088151679,15.98528112965,3
2363,2.21328566252939,9.12651099239462,1
2364,90.8701896011687,32.1013310588789,4
2365,7.33355564285429,7.99872877389028,2
2366,5.88473684605425,5.59136308286754,2
2367,4.24848028993089,7.58193441300842,1
2368,5.94284928492374,10.6016818204168,2
2369,9.35631032375591,4.04950317196949,3
2370,4.35574452588066,5.50450039985652,1
2371,8.49795228673913,4.39371731791829,3
2372,7.95882515976948,3.54988723395055,3
2373,4.6635601414419,4.73941329106257,1
2374,18.3871664171839,11.0434041035287,4
2375,2.71951665772493,6.13400001621483,1
2376,8.0746246622313,3.48739657057605,3
2377,9.63124250450682,3.65029182548417,3
2378,8.67153310307392,3.09181765529191,3
2379,7.19687028754508,4.4685480137503,2
2380,17.3488627759891,11.6873900069946,4
2382,16.3855436483094,13.1622123947918,4
2383,5.61682243667692,6.43995196776958,2
2384,1.12823404621957,13.1141033009237,1
2385,4.28140274512331,6.66879694948817,1
2386,6.92921513276621,7.31694822750926,2
2387,7.57460568181081,11.3191529778255,2
2388,5.79027585300964,13.2797319508283,2
2389,7.8503165060442,3.88985845749752,3
2390,11.1322214396965,13.9812010825821,3
2391,57.6368711196615,28.1304060873974,4
2392,5.79355187148096,5.72616720597035,2
2393,139.207923296261,48.165221199543,4
2394,64.8576796243306,24.3187219333199,4
2395,5.20718022485878,10.2440207403142,1
2396,7.47697305014073,6.14872670915366,2
2397,11.7060887935231,12.185328469378,3
2398,11.9488760072247,18.3550451365347,3
2400,10.7312011731894,6.00115688330908,3
2401,5.93504321360745,5.99110406391563,2
2402,6.83598992152289,5.98652592769732,2
2403,16.3831387012359,7.54481932864245,4
2404,6.28990733855944,8.31628858688555,2
2405,4.85147709925523,4.7941187333998,1
2406,15.1883570190467,6.66301428847081,4
2407,8.19080629591106,4.91275986170741,3
2408,22.0285509001313,18.3147398090744,4
2409,25.9578747251403,18.3544936119313,4
2410,2.92834880131195,8.09057450258828,1
2411,7.65134748069534,8.30066197983107,3
2412,3.48380980552675,3.89755031118984,1
2413,6.79878753258318,5.47414207452974,2
2414,8.27046969573245,9.65702807362029,3
2415,3.24496416210404,6.2365611908414,1
2417,3.35882264233404,7.25417548692161,1
2418,6.88521462861874,4.37710122295711,2
2419,8.41112335266801,11.7403296749207,3
2420,15.6438976665547,7.06837984855819,4
2421,4.77312410219836,4.07099518437131,1
2422,17.1827372095104,10.1171574701319,4
2424,5.33723033210937,5.28860803694104,2
2425,4.65957821329035,3.69073272423976,1
2426,8.37321116208092,11.9169072224441,3
2427,9.11337410497744,6.58244521304591,3
2428,6.21797317061761,6.65003764243546,2
2429,25.5326285344027,12.823302814589,4
2430,86.4839634707793,30.075833999728,4
2431,4.95410609429212,5.58193728756143,1
2432,4.75497170289916,9.36933114069475,1
2433,4.78445729105308,4.17615238806226,1
2434,1.68350029704079,4.89732139565864,1
2435,24.1325346299181,18.2932830472654,4
2436,51.1327851613829,19.7610831442334,4
2437,7.90312173797519,7.22283650878254,3
2438,6.08403097451127,7.14354029948272,2
2439,8.61916069178496,7.52891701551715,3
2440,44.5859342914336,20.2802257688728,4
2441,4.68150961581347,8.53097100355149,1
2442,1.31742273752006,7.77795482901778,1
2443,6.39270688704528,7.89681903482438,2
2444,2.00736413838604,7.22532464991126,1
2445,3.36110739847001,6.7976852484839,1
2446,5.32939534915822,7.38220311697405,2
2447,3.46801044785731,5.16886503112412,1
2448,3.25519237239715,8.30427537689974,1
2449,6.00436755410517,8.43029617483518,2
2450,1.30051111605803,9.50167111328184,1
2451,69.3206535836743,26.8969727309909,4
2452,6.82740146584885,4.80507736251987,2
2453,25.059150186391,10.5157667256987,4
2455,11.4835680618751,10.4280444214719,3
2456,15.8190266804963,14.0538330170475,4
2457,90.1005271006495,29.8464118661172,4
2458,9.48100053027855,4.26863263341087,3
2459,6.90277449892414,9.19525365578325,2
2460,7.58359620130267,5.00022546460385,2
2461,5.84023873056417,4.23506155286939,2
2462,6.10360324681169,4.7120126390517,2
2463,5.57911167184039,5.01125194564072,2
2464,14.0972584697569,8.24736074326594,4
2466,2.39840003672786,8.42286269870985,1
2468,5.48566144928352,5.22139568648744,2
2469,5.96728275634529,5.02927343896763,2
2470,81.4382527515914,31.1006377655361,4
2471,3.28946356501026,3.35794982040891,1
2472,6.23827446967791,7.51055450103882,2
2473,18.9459675651424,12.0017790296197,4
2474,63.1138072412738,25.491614011712,4
2475,9.29050510122448,13.3136731885368,3
2476,4.94632672434702,4.02272551109681,1
2477,19.2567770290974,12.134498218498,4
2478,0.906196623068263,6.14891630524536,1
2479,7.50898034298683,2.64518301389917,2
2480,140.246526628022,45.4727746018107,4
2481,14.6208754434251,18.1672540349227,4
2482,9.67764140975174,6.0456188210692,3
2483,7.04372414156705,6.48866006228949,2
2484,5.37725184917553,8.06966367710804,2
2485,21.6393904276694,12.311704641794,4
2486,8.13543865742502,8.50762782434701,3
2487,3.62761478437128,6.99568479051748,1
2488,9.96788131705861,8.57872351437353,3
2489,3.27959595216344,6.98437492242014,1
2490,5.76355073585028,5.81154292278579,2
2491,86.8943851515407,31.3740659785396,4
2492,9.67485253186133,4.74846902178292,3
2493,10.2483314723307,9.6448991242506,3
2494,7.05553905652258,4.29422271131816,2
2495,22.7662241234641,10.4470440160699,4
2496,4.38801071622875,4.63607829552903,1
2497,10.5070989709305,10.8486700643955,3
2498,4.52122978750928,3.24617447612629,1
2499,9.47246958490336,9.82504887720356,3
2500,4.85528059269802,8.74363445528223,1
2501,7.27986988171628,4.40197689961005,2
2502,15.6124225457423,11.3324544332222,4
2503,6.73255999899201,4.4803737278476,2
2504,6.97265559199073,4.17831633852619,2
2505,4.19165259975444,5.1367413265485,1
2506,9.59759083736888,5.33826064920816,3
2507,1.4903387160252,4.3919957620465,1
2508,23.4448657915918,12.5463509548689,4
2509,23.6576792238803,14.7045656701487,4
2510,3.18931088222187,5.53052519656555,1
2512,1.78292328802922,6.71946958069456,1
2513,7.46574908232749,5.31639065468262,2
2514,3.43212822349652,6.4226030470438,1
2515,15.6910322471817,10.8360102006952,4
2516,14.9970211175099,16.7741780248425,4
2517,4.66118790047678,8.87750624224249,1
2518,-0.825152264661094,6.17522050419334,1
2519,15.9656200951144,6.58796897112301,4
2520,7.28671703236743,6.14023439878874,2
2521,3.67311285812525,6.60190370555481,1
2522,8.17380469743873,6.94517042426648,3
2523,7.42460294081195,5.06047028714494,2
2524,6.70007078458255,4.54343790374774,2
2525,6.52112898780897,6.5888477968779,2
2526,145.091718262347,46.1113311302319,4
2527,3.58484763947324,6.43283798497009,1
2528,8.00793606041722,4.63001429587692,3
2529,6.84357463755835,7.41365947484084,2
2530,12.5727838926168,9.98697746529325,3
2531,5.75940540540225,4.29214095986563,2
2532,2.86146556176823,6.55113048529411,1
2533,5.38343718441816,3.40314194874497,2
2534,82.9525746746686,30.3085212746134,4
2535,12.6522209864943,11.072650426374,3
2536,9.12552458546926,19.6510886304795,3
2537,4.26800726437786,6.68698142810682,1
2538,60.8611050786717,19.8713679720066,4
2539,2.2222259763246,4.65467404853969,1
2540,108.441528487008,33.0922072424827,4
2541,7.90393129556023,4.34253927357936,3
2542,6.98456103454635,4.87276800373732,2
2543,70.7368061657149,27.2084767454548,4
2544,50.4520410002961,24.785975512385,4
2545,2.27506343706321,8.41417367860014,1
2546,12.2901051382201,17.5024131331334,3
2547,12.3114215621165,11.1648203078374,3
2548,6.04099051421832,2.85240976511392,2
2549,9.69162313778878,6.91422548044264,3
2550,48.0689240506905,25.1573721719732,4
2551,19.332472218549,14.0534145572091,4
2552,6.10339199382973,8.10828520354551,2
2553,5.76359552389386,6.52058223853295,2
2554,6.00523656248799,4.96227503867245,2
2555,8.17692013397522,3.16880623599958,3
2556,0.181088426969368,4.2092390499025,1
2557,9.8604221290621,6.10490100204022,3
2558,5.69511690215301,4.60734811640223,2
2559,2.32505943947752,9.45807240097407,1
2560,8.82982224198894,3.0030854501255,3
2561,6.9752621819681,3.69739471355454,2
2562,18.9614273822702,14.7319073384701,4
2563,8.29091011898841,4.86019738142388,3
2564,5.70168839156262,4.70991979497245,2
2565,7.98424233113606,6.24767635907633,3
2566,6.55279841934245,8.98172084654871,2
2567,5.80298000581705,3.89921171674112,2
2568,7.57972779043034,7.36843026744021,2
2569,11.2936763619303,3.86085925475073,3
2570,4.88448196867834,7.31989461676806,1
2571,10.813668190206,3.28617116510182,3
2572,7.99187458049682,9.5934105511805,3
2573,7.26765233511845,3.0716269135444,2
2574,2.34553372902558,6.17279364016124,1
2575,8.0346297071227,4.63253848627031,3
2576,88.5186651310121,32.4551964174508,4
2577,5.54697852688745,4.63041237467218,2
2578,3.2279015257617,7.65227910364763,1
2579,2.68310361803448,8.17897952413288,1
2580,8.33802127710342,4.73559299903028,3
2581,7.18047116723952,5.32313133258854,2
2582,24.6155105898795,18.554137061919,4
2583,12.9340208616359,6.67266297097986,3
2584,6.93946207248078,4.22567286540482,2
2585,5.59001386425896,5.87317740028292,2
2586,11.6315108866717,14.1211063913386,3
2587,13.3200382251378,9.81163662634248,4
2588,7.98853146910452,4.7725501163096,3
2589,7.58154792411167,5.24621826708079,2
2590,4.38401705293176,4.58377542702348,1
2591,5.22131376921663,9.23325753803887,1
2592,7.82343834591651,4.71259096962351,3
2593,8.68741534375539,5.06118533676716,3
2594,13.4963491676168,6.99078908339403,4
2595,1.28161549082549,8.37120506049686,1
2596,95.531570251933,33.5879486052184,4
2597,8.02876475555518,4.92723693165166,3
2598,7.44237969268286,5.35291901540012,2
2599,6.15210640201512,10.8831552989234,2
2600,5.21272900007847,8.19308187291201,1
2601,5.63279130146407,10.8429622074223,2
2602,8.3120401268437,2.9370625385672,3
2603,7.24276650810833,3.0848090140606,2
2604,3.28979482824148,2.9117146185259,1
2605,7.18669389617064,5.81126916819916,2
2606,2.90530633477138,6.88883817230461,1
2607,88.312375867966,27.3182604164032,4
2608,8.23569868436608,3.23873947054472,3
2609,17.7909277289257,10.1049962032655,4
2610,5.92505705320316,5.64819704795192,2
2611,14.7642438391036,9.8126423201475,4
2612,5.74705320210592,9.8864052850208,2
2613,9.74356582290294,10.4356877829737,3
2614,22.8307357068693,15.1323934383728,4
2615,5.16212121377046,3.86363018867942,1
2616,11.812084981804,6.46405837877515,3
2617,11.5429653180867,7.89924012435771,3
2618,7.03647739133594,5.0671365166041,2
2619,8.64377073080243,5.49476577201994,3
2620,9.27519698917055,12.2139591133029,3
2621,5.95580432478691,3.97349814694504,2
2622,8.55526687461672,7.11531352881925,3
2624,3.61242136218035,3.49126411462215,1
2625,3.84852241170557,11.8592922806094,1
2626,9.48407876650378,3.69008075124188,3
2627,5.27767637898661,5.59934193099196,1
2628,5.78269152912791,8.55186840708032,2
2629,6.53173675915623,4.14928977126727,2
2630,6.81300894165314,4.86265738792094,2
2631,9.02920907506085,6.90292439031426,3
2632,5.41938571229591,6.07291545089294,2
2633,2.74964187033588,3.61894811912095,1
2635,11.239231600367,3.65348337506662,3
2636,17.0376421486665,5.92984305646803,4
2637,7.61185395070195,4.16524011314794,2
2638,6.99580791615265,4.39413160098572,2
2639,5.78264355573817,6.37473832077465,2
2640,15.1184744052473,12.3439112263406,4
2641,5.33682947300534,6.11420771089003,2
2642,7.02359365895605,6.41126388745547,2
